dataset,mean_sample_RC,lo_95,hi_95,n,significantly_positive
cic_ids2017_v2,0.19528484848484845,0.18690388888888887,0.20371489898989895,6000,True
nsl_kdd_v2,0.15677171717171715,0.14661555555555553,0.1662463636363636,6000,True
unsw_nb15_v2,0.3318444444444444,0.32363808080808076,0.34022095959595955,6000,True
