dataset,exchangeability,model,score,budget_frac,scope,n,bound_three_stage,bound_two_stage,bound_calibration_only,empirical_recall_at_k,empirical_recall_at_tau,n_selected_at_tau,k,n_attacks_dep,violation_rate_three_stage,violation_rate_two_stage,violation_rate_calibration_only
cic_ids2017_v2,exchangeable,dnn_5class_cw,calibrated_attack_prob,0.01,DoS,200,0.038662832781857365,0.0555107988241915,0.06313091408197011,0.07099383316457007,0.05245157341890792,147.855,200.0,2687.5,0.0,0.0,0.0
cic_ids2017_v2,exchangeable,dnn_5class_cw,calibrated_attack_prob,0.01,Probe,200,0.001276912928950392,0.0025947314209216715,0.0048659699156860725,0.007595280148575257,0.005693705003788757,147.855,200.0,1125.0,0.0,0.0,0.155
cic_ids2017_v2,exchangeable,dnn_5class_cw,calibrated_attack_prob,0.01,R2L,200,0.0,0.0,2.0513108727479998e-06,0.0,0.0,147.855,200.0,112.0,0.0,0.0,0.005
cic_ids2017_v2,exchangeable,dnn_5class_cw,calibrated_attack_prob,0.01,all_attacks,200,0.02785615160155717,0.03986402968322471,0.04524744675318961,0.05079728871972593,0.037560195074785266,147.855,200.0,3925.0,0.0,0.0,0.0
cic_ids2017_v2,exchangeable,dnn_5class_cw,calibrated_attack_prob,0.02,DoS,200,0.09535117762110731,0.12071550491059391,0.13134485542135554,0.14202078087506934,0.11476533592064461,323.435,400.0,2687.5,0.0,0.0,0.0
cic_ids2017_v2,exchangeable,dnn_5class_cw,calibrated_attack_prob,0.02,Probe,200,0.005286243870232537,0.007618506397899226,0.011169867619676583,0.015016542921500911,0.01229628547881352,323.435,400.0,1125.0,0.0,0.0,0.14
cic_ids2017_v2,exchangeable,dnn_5class_cw,calibrated_attack_prob,0.02,R2L,200,0.0,0.0,2.0513108727479998e-06,0.0,0.0,323.435,400.0,112.0,0.0,0.0,0.005
cic_ids2017_v2,exchangeable,dnn_5class_cw,calibrated_attack_prob,0.02,all_attacks,200,0.06833911776109593,0.0863497253926285,0.09394427815801645,0.10158188472705358,0.08213310566573767,323.435,400.0,3925.0,0.0,0.0,0.0
cic_ids2017_v2,exchangeable,dnn_5class_cw,calibrated_attack_prob,0.05,DoS,200,0.2841047862039215,0.32546420576350354,0.3404628993589999,0.35348510375994785,0.3094984213144787,872.295,1000.0,2687.5,0.0,0.0,0.005
cic_ids2017_v2,exchangeable,dnn_5class_cw,calibrated_attack_prob,0.05,Probe,200,0.02029570607700759,0.025021993844312706,0.0313361650664843,0.04132660268054951,0.03322161361978967,872.295,1000.0,1125.0,0.0,0.0,0.07
cic_ids2017_v2,exchangeable,dnn_5class_cw,calibrated_attack_prob,0.05,R2L,200,0.0,0.0,2.0513108727479998e-06,0.0,0.0,872.295,1000.0,112.0,0.0,0.0,0.005
cic_ids2017_v2,exchangeable,dnn_5class_cw,calibrated_attack_prob,0.05,all_attacks,200,0.20207503219228762,0.23180588804498245,0.2430254769377883,0.2539750703521417,0.22152777756699485,872.295,1000.0,3925.0,0.0,0.0,0.0
cic_ids2017_v2,exchangeable,dnn_5class_cw,calibrated_attack_prob,0.1,DoS,200,0.5051753243472275,0.522585159950745,0.5384078594126046,0.54358498359924,0.5298766407000288,1850.425,2000.0,2687.5,0.0,0.005,0.255
cic_ids2017_v2,exchangeable,dnn_5class_cw,calibrated_attack_prob,0.1,Probe,200,0.2721950008080684,0.3558082712122221,0.3795657577234956,0.42835760984936544,0.3498728801319422,1850.425,2000.0,1125.0,0.0,0.0,0.0
cic_ids2017_v2,exchangeable,dnn_5class_cw,calibrated_attack_prob,0.1,R2L,200,0.0,0.0,0.0001984492523563405,0.000577896332303239,0.00044513235714795996,1850.425,2000.0,112.0,0.0,0.0,0.035
cic_ids2017_v2,exchangeable,dnn_5class_cw,calibrated_attack_prob,0.1,all_attacks,200,0.4333207929829993,0.4688529951085087,0.48196391841353536,0.4950048197266891,0.4631049254036402,1850.425,2000.0,3925.0,0.0,0.0,0.005
cic_ids2017_v2,exchangeable,dnn_5class_cw,calibrated_attack_prob,0.2,DoS,200,0.6908133431653026,0.7165493712157314,0.7306629477761625,0.7386429466524049,0.7138555784304986,3774.145,4001.0,2687.5,0.0,0.005,0.2
cic_ids2017_v2,exchangeable,dnn_5class_cw,calibrated_attack_prob,0.2,Probe,200,0.9775970654556546,0.9792379889580252,0.9853488998418958,0.9939435188226317,0.9939435188226317,3774.145,4001.0,1125.0,0.0,0.0,0.0
cic_ids2017_v2,exchangeable,dnn_5class_cw,calibrated_attack_prob,0.2,R2L,200,0.373095922360291,0.46114048869811397,0.5384780611363227,0.6478337755393154,0.5782216764490414,3774.145,4001.0,112.0,0.0,0.0,0.04
cic_ids2017_v2,exchangeable,dnn_5class_cw,calibrated_attack_prob,0.2,all_attacks,200,0.7704049250598201,0.7905279805246576,0.8010461662394839,0.809086402442658,0.7900902418044042,3774.145,4001.0,3925.0,0.0,0.0,0.105
cic_ids2017_v2,exchangeable,dnn_5class_cw,rare_weighted,0.01,DoS,200,0.0,0.000652689097585061,0.00176647365579512,0.0025014435879263837,0.000974953705107897,173.975,200.0,2687.5,0.0,0.065,0.28
cic_ids2017_v2,exchangeable,dnn_5class_cw,rare_weighted,0.01,Probe,200,0.0,0.0,0.0,0.0,0.0,173.975,200.0,1125.0,0.0,0.0,0.0
cic_ids2017_v2,exchangeable,dnn_5class_cw,rare_weighted,0.01,R2L,200,0.0,0.0,0.00021988647979758702,0.004034874400531472,0.004034874400531472,173.975,200.0,112.0,0.0,0.0,0.215
cic_ids2017_v2,exchangeable,dnn_5class_cw,rare_weighted,0.01,all_attacks,200,1.2696800406295e-06,0.0007100094711320799,0.0016683370322993635,0.0026325835335257804,0.0015777578144600055,173.975,200.0,3925.0,0.0,0.045,0.19
cic_ids2017_v2,exchangeable,dnn_5class_cw,rare_weighted,0.02,DoS,200,0.004814981181932515,0.005585620587447893,0.008361384737923435,0.013995209863447964,0.013995209863447964,350.18,400.0,2687.5,0.0,0.0,0.0
cic_ids2017_v2,exchangeable,dnn_5class_cw,rare_weighted,0.02,Probe,200,0.0,0.0,0.0,0.0,0.0,350.18,400.0,1125.0,0.0,0.0,0.0
cic_ids2017_v2,exchangeable,dnn_5class_cw,rare_weighted,0.02,R2L,200,0.0,0.0,0.00021988647979758702,0.004034874400531472,0.004034874400531472,350.18,400.0,112.0,0.0,0.0,0.215
cic_ids2017_v2,exchangeable,dnn_5class_cw,rare_weighted,0.02,all_attacks,200,0.0038007702271320005,0.004371332932571076,0.006372045945871367,0.010498977038865874,0.010498977038865874,350.18,400.0,3925.0,0.0,0.0,0.005
cic_ids2017_v2,exchangeable,dnn_5class_cw,rare_weighted,0.05,DoS,200,0.007200780891133604,0.008136987754994534,0.01139157184242525,0.01936439948672465,0.01853824406273853,933.795,1000.0,2687.5,0.0,0.0,0.0
cic_ids2017_v2,exchangeable,dnn_5class_cw,rare_weighted,0.05,Probe,200,0.0,0.0,0.0002803469376838871,0.0,0.0,933.795,1000.0,1125.0,0.0,0.0,0.9
cic_ids2017_v2,exchangeable,dnn_5class_cw,rare_weighted,0.05,R2L,200,0.0,0.0,0.00021988647979758702,0.004034874400531472,0.004034874400531472,933.795,1000.0,112.0,0.0,0.0,0.215
cic_ids2017_v2,exchangeable,dnn_5class_cw,rare_weighted,0.05,all_attacks,200,0.005595055490185288,0.006452245417310788,0.008833436696399322,0.01417369703324826,0.013608526185281612,933.795,1000.0,3925.0,0.0,0.0,0.0
cic_ids2017_v2,exchangeable,dnn_5class_cw,rare_weighted,0.1,DoS,200,0.010959746339327857,0.01231978102166738,0.01620522854990428,0.025200326171187108,0.025127600865947737,1975.135,2000.0,2687.5,0.0,0.0,0.005
cic_ids2017_v2,exchangeable,dnn_5class_cw,rare_weighted,0.1,Probe,200,0.0008270782724148346,0.0012477072711296335,0.003997167546044691,0.0052200058127438295,0.0052200058127438295,1975.135,2000.0,1125.0,0.005,0.005,0.265
cic_ids2017_v2,exchangeable,dnn_5class_cw,rare_weighted,0.1,R2L,200,0.0,0.0,0.0011463325789913014,0.004034874400531472,0.004034874400531472,1975.135,2000.0,112.0,0.0,0.0,0.4
cic_ids2017_v2,exchangeable,dnn_5class_cw,rare_weighted,0.1,all_attacks,200,0.009854296622259628,0.01088200381620314,0.013869766918731359,0.01966266307023802,0.019613028654297825,1975.135,2000.0,3925.0,0.0,0.0,0.005
cic_ids2017_v2,exchangeable,dnn_5class_cw,rare_weighted,0.2,DoS,200,0.01928921870709693,0.023322728703736858,0.028484410822505534,0.036834645961627055,0.03502319777492983,3878.31,4001.0,2687.5,0.0,0.0,0.015
cic_ids2017_v2,exchangeable,dnn_5class_cw,rare_weighted,0.2,Probe,200,0.0008270782724148346,0.0012477072711296335,0.003997167546044691,0.0052200058127438295,0.0052200058127438295,3878.31,4001.0,1125.0,0.005,0.005,0.265
cic_ids2017_v2,exchangeable,dnn_5class_cw,rare_weighted,0.2,R2L,200,0.00042264416223618094,0.0018098634878241085,0.017193673502174028,0.027254314780574586,0.025983941870235075,3878.31,4001.0,112.0,0.0,0.0,0.23
cic_ids2017_v2,exchangeable,dnn_5class_cw,rare_weighted,0.2,all_attacks,200,0.016470259032959556,0.019409507203237406,0.02328308901807095,0.02828084755509372,0.027005081019812707,3878.31,4001.0,3925.0,0.0,0.0,0.03
cic_ids2017_v2,exchangeable,dnn_5class_cw,uncalibrated,0.01,DoS,200,0.040832152124877,0.05845434721030848,0.06625472939893903,0.07365855948790488,0.05831966849684224,158.765,200.0,2687.5,0.0,0.0,0.0
cic_ids2017_v2,exchangeable,dnn_5class_cw,uncalibrated,0.01,Probe,200,0.0,0.0,0.0,0.0,0.0,158.765,200.0,1125.0,0.0,0.0,0.0
cic_ids2017_v2,exchangeable,dnn_5class_cw,uncalibrated,0.01,R2L,200,0.0,0.0,0.0,0.0,0.0,158.765,200.0,112.0,0.0,0.0,0.0
cic_ids2017_v2,exchangeable,dnn_5class_cw,uncalibrated,0.01,all_attacks,200,0.027875274986165873,0.03989202403942977,0.045276339592858234,0.050670026216948924,0.04017441277377285,158.765,200.0,3925.0,0.0,0.0,0.0
cic_ids2017_v2,exchangeable,dnn_5class_cw,uncalibrated,0.02,DoS,200,0.10035846918815651,0.12679867646296616,0.13765085724061954,0.14754020162823878,0.12057018772282654,327.19,400.0,2687.5,0.0,0.0,0.0
cic_ids2017_v2,exchangeable,dnn_5class_cw,uncalibrated,0.02,Probe,200,0.0,0.0,0.0,0.0,0.0,327.19,400.0,1125.0,0.0,0.0,0.0
cic_ids2017_v2,exchangeable,dnn_5class_cw,uncalibrated,0.02,R2L,200,0.0,0.0,0.0,0.0,0.0,327.19,400.0,112.0,0.0,0.0,0.0
cic_ids2017_v2,exchangeable,dnn_5class_cw,uncalibrated,0.02,all_attacks,200,0.06838616797181502,0.08641075557234731,0.09400452471579403,0.10122903453863501,0.08277558265313266,327.19,400.0,3925.0,0.0,0.0,0.0
cic_ids2017_v2,exchangeable,dnn_5class_cw,uncalibrated,0.05,DoS,200,0.29777565826555485,0.34140298683735104,0.3565579388182272,0.370849341079489,0.3175043129598995,856.77,1000.0,2687.5,0.0,0.0,0.01
cic_ids2017_v2,exchangeable,dnn_5class_cw,uncalibrated,0.05,Probe,200,0.0,0.0,0.0,0.0,0.0,856.77,1000.0,1125.0,0.0,0.0,0.0
cic_ids2017_v2,exchangeable,dnn_5class_cw,uncalibrated,0.05,R2L,200,0.0,0.0,0.0,0.0,0.0,856.77,1000.0,112.0,0.0,0.0,0.0
cic_ids2017_v2,exchangeable,dnn_5class_cw,uncalibrated,0.05,all_attacks,200,0.20222372891485854,0.23188588091448167,0.24310812470206525,0.2540449410727031,0.2175492999940494,856.77,1000.0,3925.0,0.0,0.0,0.0
cic_ids2017_v2,exchangeable,dnn_5class_cw,uncalibrated,0.1,DoS,200,0.5018049911883172,0.5068474783034902,0.5226987280668447,0.5292155591039972,0.5282488821662841,1857.975,2000.0,2687.5,0.0,0.005,0.21
cic_ids2017_v2,exchangeable,dnn_5class_cw,uncalibrated,0.1,Probe,200,0.2718230660216829,0.36110074773341144,0.3849207859417642,0.4303965374852368,0.3506189746720183,1857.975,2000.0,1125.0,0.0,0.0,0.02
cic_ids2017_v2,exchangeable,dnn_5class_cw,uncalibrated,0.1,R2L,200,0.0,0.0,0.0,0.0,0.0,1857.975,2000.0,112.0,0.0,0.0,0.0
cic_ids2017_v2,exchangeable,dnn_5class_cw,uncalibrated,0.1,all_attacks,200,0.43089988033525445,0.4596705132532617,0.4727684624671224,0.4857004811233422,0.4621844208432395,1857.975,2000.0,3925.0,0.0,0.0,0.0
cic_ids2017_v2,exchangeable,dnn_5class_cw,uncalibrated,0.2,DoS,200,0.6519171923772004,0.6829114045580275,0.6975140183501708,0.7065970575809963,0.6741004686487071,3771.57,4001.0,2687.5,0.0,0.075,0.32
cic_ids2017_v2,exchangeable,dnn_5class_cw,uncalibrated,0.2,Probe,200,0.9775748722911709,0.9792114928675518,0.9853266449852757,0.9939349640928427,0.9939349640928427,3771.57,4001.0,1125.0,0.0,0.0,0.0
cic_ids2017_v2,exchangeable,dnn_5class_cw,uncalibrated,0.2,R2L,200,0.5740752890855225,0.7727276626084241,0.8322373840619933,0.9209619939517644,0.7476467654196302,3771.57,4001.0,112.0,0.0,0.0,0.005
cic_ids2017_v2,exchangeable,dnn_5class_cw,uncalibrated,0.2,all_attacks,200,0.7491201947634347,0.7751848240441908,0.7859840724602195,0.7947073846490071,0.7675401741394242,3771.57,4001.0,3925.0,0.0,0.02,0.245
cic_ids2017_v2,exchangeable,dnn_5class_smote,calibrated_attack_prob,0.01,DoS,200,0.034171665972866576,0.047661594727857116,0.05457968534630045,0.056944465924878854,0.04738128220890018,166.335,200.0,2687.5,0.01,0.01,0.05
cic_ids2017_v2,exchangeable,dnn_5class_smote,calibrated_attack_prob,0.01,Probe,200,0.014810313171188161,0.022338545029262354,0.030204167414701315,0.037746833161636684,0.03133309844015382,166.335,200.0,1125.0,0.01,0.015,0.08
cic_ids2017_v2,exchangeable,dnn_5class_smote,calibrated_attack_prob,0.01,R2L,200,0.0017825214094136517,0.003145161748246249,0.01682311737085848,0.03931873308167936,0.03259770874785559,166.335,200.0,112.0,0.01,0.01,0.125
cic_ids2017_v2,exchangeable,dnn_5class_smote,calibrated_attack_prob,0.01,all_attacks,200,0.031606265093682605,0.04352162875129743,0.048974617505881994,0.0509284220953453,0.042358906774030765,166.335,200.0,3925.0,0.01,0.01,0.01
cic_ids2017_v2,exchangeable,dnn_5class_smote,calibrated_attack_prob,0.02,DoS,200,0.0788518450455582,0.09908741406454231,0.1087993550587422,0.11420284324894477,0.09729770655232958,341.11,400.0,2687.5,0.01,0.01,0.035
cic_ids2017_v2,exchangeable,dnn_5class_smote,calibrated_attack_prob,0.02,Probe,200,0.03860312876497409,0.051043925115210546,0.06255184670858367,0.07498329675602328,0.06412455577591747,341.11,400.0,1125.0,0.01,0.01,0.075
cic_ids2017_v2,exchangeable,dnn_5class_smote,calibrated_attack_prob,0.02,R2L,200,0.006779545929336511,0.015088053283382608,0.042092657139206985,0.0765257782249207,0.06557806477743315,341.11,400.0,112.0,0.005,0.02,0.11
cic_ids2017_v2,exchangeable,dnn_5class_smote,calibrated_attack_prob,0.02,all_attacks,200,0.07169516972332521,0.08956135121226812,0.09720003457049094,0.10185685172294347,0.08686810315951292,341.11,400.0,3925.0,0.01,0.01,0.01
cic_ids2017_v2,exchangeable,dnn_5class_smote,calibrated_attack_prob,0.05,DoS,200,0.22722523790134244,0.2606831427552156,0.27476484726493405,0.2856866017265434,0.25338255537418736,886.895,1000.0,2687.5,0.01,0.01,0.02
cic_ids2017_v2,exchangeable,dnn_5class_smote,calibrated_attack_prob,0.05,Probe,200,0.12549389971194064,0.1476780078327385,0.16566406034495212,0.18652731712055473,0.16537777377587595,886.895,1000.0,1125.0,0.005,0.01,0.08
cic_ids2017_v2,exchangeable,dnn_5class_smote,calibrated_attack_prob,0.05,R2L,200,0.0584434206640677,0.08166454845297615,0.13215225668710612,0.19570693835678468,0.17359191170502708,886.895,1000.0,112.0,0.005,0.005,0.08
cic_ids2017_v2,exchangeable,dnn_5class_smote,calibrated_attack_prob,0.05,all_attacks,200,0.20414111615219444,0.23361348387835637,0.24484545826158352,0.25464343456648303,0.22584050203263953,886.895,1000.0,3925.0,0.01,0.01,0.01
cic_ids2017_v2,exchangeable,dnn_5class_smote,calibrated_attack_prob,0.1,DoS,200,0.49621833329075726,0.543808110000345,0.5595626345012019,0.5718761260207675,0.5216357737356949,1824.39,2000.0,2687.5,0.01,0.01,0.11
cic_ids2017_v2,exchangeable,dnn_5class_smote,calibrated_attack_prob,0.1,Probe,200,0.2881638043129565,0.3196100472022666,0.3427970143649107,0.37142832281430366,0.338921092322097,1824.39,2000.0,1125.0,0.005,0.005,0.05
cic_ids2017_v2,exchangeable,dnn_5class_smote,calibrated_attack_prob,0.1,R2L,200,0.18850309406085408,0.2266269226529764,0.2971184748345201,0.39529080928019666,0.3594825648175313,1824.39,2000.0,112.0,0.0,0.0,0.025
cic_ids2017_v2,exchangeable,dnn_5class_smote,calibrated_attack_prob,0.1,all_attacks,200,0.441901710727509,0.48336720922561,0.49648230034364127,0.5092806999430962,0.4645310550181588,1824.39,2000.0,3925.0,0.01,0.01,0.015
cic_ids2017_v2,exchangeable,dnn_5class_smote,calibrated_attack_prob,0.2,DoS,200,0.904118747539051,0.9335183744037665,0.9410748368026935,0.9503765571529245,0.9223175635543471,3768.525,4001.0,2687.5,0.0,0.005,0.115
cic_ids2017_v2,exchangeable,dnn_5class_smote,calibrated_attack_prob,0.2,Probe,200,0.8981265406268336,0.9454166108477239,0.9555554594021796,0.961008410830157,0.9133388169445169,3768.525,4001.0,1125.0,0.0,0.065,0.325
cic_ids2017_v2,exchangeable,dnn_5class_smote,calibrated_attack_prob,0.2,R2L,200,0.809264029572808,0.8319994273074536,0.88347265160463,0.96058760906956,0.96058760906956,3768.525,4001.0,112.0,0.0,0.0,0.0
cic_ids2017_v2,exchangeable,dnn_5class_smote,calibrated_attack_prob,0.2,all_attacks,200,0.9090092030422889,0.9407485280723549,0.9467058154800172,0.9532976108386318,0.9203909438040767,3768.525,4001.0,3925.0,0.0,0.045,0.195
cic_ids2017_v2,exchangeable,dnn_5class_smote,rare_weighted,0.01,DoS,200,0.0014068010994135467,0.0021752041139278485,0.004057029554060381,0.007848690839280421,0.007532323929283663,146.2,200.0,2687.5,0.0,0.0,0.005
cic_ids2017_v2,exchangeable,dnn_5class_smote,rare_weighted,0.01,Probe,200,0.0,0.0,0.0,0.0,0.0,146.2,200.0,1125.0,0.0,0.0,0.0
cic_ids2017_v2,exchangeable,dnn_5class_smote,rare_weighted,0.01,R2L,200,0.0,0.0,0.0,0.0,0.0,146.2,200.0,112.0,0.0,0.0,0.0
cic_ids2017_v2,exchangeable,dnn_5class_smote,rare_weighted,0.01,all_attacks,200,0.0011611602410078429,0.001717786451738332,0.0030802186172076557,0.00591391894309224,0.005697469842102988,146.2,200.0,3925.0,0.0,0.0,0.005
cic_ids2017_v2,exchangeable,dnn_5class_smote,rare_weighted,0.02,DoS,200,0.0026865551089711157,0.0035417906127495104,0.005831986718047982,0.01036609692697459,0.009888679967406598,305.695,400.0,2687.5,0.0,0.0,0.015
cic_ids2017_v2,exchangeable,dnn_5class_smote,rare_weighted,0.02,Probe,200,0.0,0.0,0.0,0.0,0.0,305.695,400.0,1125.0,0.0,0.0,0.0
cic_ids2017_v2,exchangeable,dnn_5class_smote,rare_weighted,0.02,R2L,200,0.03900895062639973,0.44562510842133535,0.5127535262558763,0.8134067925556802,0.09790606186116955,305.695,400.0,112.0,0.0,0.01,0.015
cic_ids2017_v2,exchangeable,dnn_5class_smote,rare_weighted,0.02,all_attacks,200,0.0038722743199727672,0.01572170408102329,0.019209444809514354,0.030601229825242274,0.010071999342377586,305.695,400.0,3925.0,0.0,0.0,0.005
cic_ids2017_v2,exchangeable,dnn_5class_smote,rare_weighted,0.05,DoS,200,0.009774066804434173,0.012727116442784443,0.01664435161665406,0.019958062639480845,0.017304147049452465,815.745,1000.0,2687.5,0.0,0.01,0.14
cic_ids2017_v2,exchangeable,dnn_5class_smote,rare_weighted,0.05,Probe,200,0.006369228544689135,0.054069327714423424,0.06395319378082123,0.13502999464760182,0.012659149300123679,815.745,1000.0,1125.0,0.0,0.0,0.0
cic_ids2017_v2,exchangeable,dnn_5class_smote,rare_weighted,0.05,R2L,200,0.8970869982342167,0.9084494482098167,0.9453837350800158,0.9875223450883772,0.9874321378555451,815.745,1000.0,112.0,0.0,0.0,0.0
cic_ids2017_v2,exchangeable,dnn_5class_smote,rare_weighted,0.05,all_attacks,200,0.033140552598911105,0.05187803889912429,0.05791001029443893,0.08081005580629295,0.04396526445060135,815.745,1000.0,3925.0,0.0,0.0,0.0
cic_ids2017_v2,exchangeable,dnn_5class_smote,rare_weighted,0.1,DoS,200,0.014715217699180747,0.015685406687240423,0.019852439289179128,0.02285970547209628,0.0227098718778601,1762.97,2000.0,2687.5,0.005,0.01,0.165
cic_ids2017_v2,exchangeable,dnn_5class_smote,rare_weighted,0.1,Probe,200,0.7030905411540855,0.822669846401033,0.8402571623099427,0.8995359361773849,0.7546769394656603,1762.97,2000.0,1125.0,0.0,0.0,0.005
cic_ids2017_v2,exchangeable,dnn_5class_smote,rare_weighted,0.1,R2L,200,0.8978569745869228,0.9093127113244059,0.9459907444238597,0.9880297313985079,0.9878415887103652,1762.97,2000.0,112.0,0.0,0.0,0.0
cic_ids2017_v2,exchangeable,dnn_5class_smote,rare_weighted,0.1,all_attacks,200,0.2349405660953963,0.267211194329502,0.2789465637107058,0.3017244504675622,0.260166817537777,1762.97,2000.0,3925.0,0.0,0.0,0.0
cic_ids2017_v2,exchangeable,dnn_5class_smote,rare_weighted,0.2,DoS,200,0.44577609391255074,0.5260884204090658,0.5419013692393637,0.5962967615590895,0.484059602418933,3699.49,4001.0,2687.5,0.0,0.0,0.0
cic_ids2017_v2,exchangeable,dnn_5class_smote,rare_weighted,0.2,Probe,200,0.9937684615676323,0.994662457303408,0.99733876715575,1.0,1.0,3699.49,4001.0,1125.0,0.0,0.0,0.0
cic_ids2017_v2,exchangeable,dnn_5class_smote,rare_weighted,0.2,R2L,200,0.9145814464291243,0.9247799441274518,0.9580345198607041,0.9919924774279781,0.9919924774279781,3699.49,4001.0,112.0,0.0,0.0,0.0
cic_ids2017_v2,exchangeable,dnn_5class_smote,rare_weighted,0.2,all_attacks,200,0.6161004806485618,0.6724205240977738,0.6846410283525519,0.7232473169532017,0.6464056965699614,3699.49,4001.0,3925.0,0.0,0.0,0.0
cic_ids2017_v2,exchangeable,dnn_5class_smote,uncalibrated,0.01,DoS,200,0.040832152124877,0.05845434721030848,0.06625472939893903,0.07405109466913215,0.05725631814215768,154.9,200.0,2687.5,0.0,0.0,0.0
cic_ids2017_v2,exchangeable,dnn_5class_smote,uncalibrated,0.01,Probe,200,0.0,0.0,0.0,0.0,0.0,154.9,200.0,1125.0,0.0,0.0,0.0
cic_ids2017_v2,exchangeable,dnn_5class_smote,uncalibrated,0.01,R2L,200,0.0,0.0,0.0,0.0,0.0,154.9,200.0,112.0,0.0,0.0,0.0
cic_ids2017_v2,exchangeable,dnn_5class_smote,uncalibrated,0.01,all_attacks,200,0.027875274986165873,0.03989202403942977,0.045276339592858234,0.050938635511355974,0.039447025186062044,154.9,200.0,3925.0,0.0,0.0,0.0
cic_ids2017_v2,exchangeable,dnn_5class_smote,uncalibrated,0.02,DoS,200,0.10017785272058752,0.12661990558639366,0.13746542704712325,0.14848747448621558,0.1203620387564186,324.46,400.0,2687.5,0.0,0.0,0.0
cic_ids2017_v2,exchangeable,dnn_5class_smote,uncalibrated,0.02,Probe,200,0.0,0.0,0.0,0.0,0.0,324.46,400.0,1125.0,0.0,0.0,0.0
cic_ids2017_v2,exchangeable,dnn_5class_smote,uncalibrated,0.02,R2L,200,0.0,0.0,0.0,0.0,0.0,324.46,400.0,112.0,0.0,0.0,0.0
cic_ids2017_v2,exchangeable,dnn_5class_smote,uncalibrated,0.02,all_attacks,200,0.06838616797181502,0.08641075557234731,0.09400452471579403,0.101877271022712,0.08263249541826687,324.46,400.0,3925.0,0.0,0.0,0.0
cic_ids2017_v2,exchangeable,dnn_5class_smote,uncalibrated,0.05,DoS,200,0.29739963603625563,0.34116086580269034,0.35631194412770745,0.37158990763313104,0.3156601526396259,849.545,1000.0,2687.5,0.0,0.0,0.01
cic_ids2017_v2,exchangeable,dnn_5class_smote,uncalibrated,0.05,Probe,200,0.0,0.0,0.0,0.0,0.0,849.545,1000.0,1125.0,0.0,0.0,0.0
cic_ids2017_v2,exchangeable,dnn_5class_smote,uncalibrated,0.05,R2L,200,0.0,0.0,0.0,0.0,0.0,849.545,1000.0,112.0,0.0,0.0,0.0
cic_ids2017_v2,exchangeable,dnn_5class_smote,uncalibrated,0.05,all_attacks,200,0.20222372891485854,0.23197616799719714,0.24319876360304069,0.2546931775567801,0.2163625126290193,849.545,1000.0,3925.0,0.0,0.0,0.0
cic_ids2017_v2,exchangeable,dnn_5class_smote,uncalibrated,0.1,DoS,200,0.5890588845650875,0.5979038415508332,0.6133792079706251,0.6179745932737675,0.6124945347997427,1824.65,2000.0,2687.5,0.0,0.01,0.265
cic_ids2017_v2,exchangeable,dnn_5class_smote,uncalibrated,0.1,Probe,200,0.10305626903608625,0.20210839205521597,0.22232905062053837,0.2654644680312471,0.14361349643473714,1824.65,2000.0,1125.0,0.0,0.0,0.03
cic_ids2017_v2,exchangeable,dnn_5class_smote,uncalibrated,0.1,R2L,200,0.025692219752500977,0.17220175594302142,0.23632057613525959,0.3537768355478119,0.14152155985992967,1824.65,2000.0,112.0,0.0,0.01,0.095
cic_ids2017_v2,exchangeable,dnn_5class_smote,uncalibrated,0.1,all_attacks,200,0.4410090545294117,0.48288261029087165,0.49599566617624646,0.5093863551135602,0.46469452523225074,1824.65,2000.0,3925.0,0.0,0.0,0.01
cic_ids2017_v2,exchangeable,dnn_5class_smote,uncalibrated,0.2,DoS,200,0.8976305159162392,0.9129722944114639,0.9215889617126513,0.9296679030972622,0.9162544167880502,3771.475,4001.0,2687.5,0.0,0.04,0.235
cic_ids2017_v2,exchangeable,dnn_5class_smote,uncalibrated,0.2,Probe,200,0.9102905121160341,0.9926253130597581,0.9958447774296342,0.9989010873464056,0.9243801062047549,3771.475,4001.0,1125.0,0.0,0.01,0.015
cic_ids2017_v2,exchangeable,dnn_5class_smote,uncalibrated,0.2,R2L,200,0.8077249277356284,0.8318076965692438,0.8834593683701704,0.96058760906956,0.96058760906956,3771.475,4001.0,112.0,0.0,0.0,0.0
cic_ids2017_v2,exchangeable,dnn_5class_smote,uncalibrated,0.2,all_attacks,200,0.9077933390874072,0.9373891183531646,0.9434966609013058,0.9500339419405939,0.9193797063955934,3771.475,4001.0,3925.0,0.0,0.035,0.18
cic_ids2017_v2,exchangeable,rf_5class_cw,calibrated_attack_prob,0.01,DoS,200,0.024863532248300988,0.036522630409268224,0.0428388130561047,0.0495443998299991,0.037546397940175405,151.285,200.0,2687.5,0.0,0.0,0.02
cic_ids2017_v2,exchangeable,rf_5class_cw,calibrated_attack_prob,0.01,Probe,200,0.024615633431835645,0.03770146573991803,0.0479287288607291,0.05908296739526243,0.04448997176802552,151.285,200.0,1125.0,0.0,0.005,0.05
cic_ids2017_v2,exchangeable,rf_5class_cw,calibrated_attack_prob,0.01,R2L,200,0.0,0.0,0.00017141779563637548,0.000532918276299679,0.0004824132257946285,151.285,200.0,112.0,0.0,0.0,0.07
cic_ids2017_v2,exchangeable,rf_5class_cw,calibrated_attack_prob,0.01,all_attacks,200,0.02782564298063327,0.03982203031124483,0.045198209948492725,0.0508457583018736,0.03845393908306301,151.285,200.0,3925.0,0.0,0.0,0.0
cic_ids2017_v2,exchangeable,rf_5class_cw,calibrated_attack_prob,0.02,DoS,200,0.06350116092732146,0.0810557753578218,0.09003796131117385,0.09911173121291561,0.08138942200160865,328.61,400.0,2687.5,0.0,0.0,0.03
cic_ids2017_v2,exchangeable,rf_5class_cw,calibrated_attack_prob,0.02,Probe,200,0.06662585011257267,0.08737116912207898,0.10202355642365502,0.11830565942221213,0.09721580316639492,328.61,400.0,1125.0,0.0,0.0,0.06
cic_ids2017_v2,exchangeable,rf_5class_cw,calibrated_attack_prob,0.02,R2L,200,0.0,0.000101010101010101,0.0004178668211061894,0.0007349384783198811,0.0007349384783198811,328.61,400.0,112.0,0.0,0.0,0.08
cic_ids2017_v2,exchangeable,rf_5class_cw,calibrated_attack_prob,0.02,all_attacks,200,0.06827545141784565,0.08627217397283556,0.09385725357622951,0.10173221600582699,0.08356439054100998,328.61,400.0,3925.0,0.0,0.0,0.0
cic_ids2017_v2,exchangeable,rf_5class_cw,calibrated_attack_prob,0.05,DoS,200,0.19195888888188978,0.22135717908121333,0.23474333033894573,0.2477565161373716,0.21894087648015442,884.18,1000.0,2687.5,0.0,0.0,0.03
cic_ids2017_v2,exchangeable,rf_5class_cw,calibrated_attack_prob,0.05,Probe,200,0.2146372057418085,0.2500039084219961,0.2716971637136422,0.2960348138040739,0.2619966640467826,884.18,1000.0,1125.0,0.0,0.005,0.06
cic_ids2017_v2,exchangeable,rf_5class_cw,calibrated_attack_prob,0.05,R2L,200,0.000245498462889767,0.00033948177426438246,0.0007947280605061541,0.0015302832301863723,0.0014362999188117565,884.18,1000.0,112.0,0.0,0.0,0.095
cic_ids2017_v2,exchangeable,rf_5class_cw,calibrated_attack_prob,0.05,all_attacks,200,0.20192198558994845,0.23163502496560276,0.24285067969541616,0.2543813218991776,0.22490544702681511,884.18,1000.0,3925.0,0.0,0.0,0.0
cic_ids2017_v2,exchangeable,rf_5class_cw,calibrated_attack_prob,0.1,DoS,200,0.423409907152508,0.465070638805128,0.4809088902528804,0.4956959808243146,0.45467505395343144,1835.29,2000.0,2687.5,0.0,0.0,0.055
cic_ids2017_v2,exchangeable,rf_5class_cw,calibrated_attack_prob,0.1,Probe,200,0.4883661894098069,0.5387670362640828,0.5631055674352777,0.5917030106418596,0.543354602680465,1835.29,2000.0,1125.0,0.0,0.005,0.06
cic_ids2017_v2,exchangeable,rf_5class_cw,calibrated_attack_prob,0.1,R2L,200,0.000924462011418533,0.0011194554238032495,0.0018698124086464793,0.0031056016315917302,0.0028671299583374484,1835.29,2000.0,112.0,0.0,0.0,0.115
cic_ids2017_v2,exchangeable,rf_5class_cw,calibrated_attack_prob,0.1,all_attacks,200,0.44033403448374303,0.4821478328357351,0.4952601358759454,0.5087777055165507,0.4668541344838262,1835.29,2000.0,3925.0,0.0,0.0,0.01
cic_ids2017_v2,exchangeable,rf_5class_cw,calibrated_attack_prob,0.2,DoS,200,0.9541717366645485,0.995906357532284,0.9975569293181549,0.9995506681395888,0.9662462460603494,3794.25,4001.0,2687.5,0.0,0.0,0.005
cic_ids2017_v2,exchangeable,rf_5class_cw,calibrated_attack_prob,0.2,Probe,200,0.9523219162241755,0.9937318456586116,0.9966613121542978,0.9999034584965649,0.9779677028435266,3794.25,4001.0,1125.0,0.0,0.0,0.015
cic_ids2017_v2,exchangeable,rf_5class_cw,calibrated_attack_prob,0.2,R2L,200,0.6250668816910858,0.8931189518613091,0.9332754036080348,0.9734024575876361,0.8254636163309965,3794.25,4001.0,112.0,0.0,0.0,0.055
cic_ids2017_v2,exchangeable,rf_5class_cw,calibrated_attack_prob,0.2,all_attacks,200,0.9517664397193526,0.9952736828165832,0.9967775205456755,0.9988409958193989,0.9649335318218268,3794.25,4001.0,3925.0,0.0,0.005,0.04
cic_ids2017_v2,exchangeable,rf_5class_cw,rare_weighted,0.01,DoS,200,0.0,0.0,5.810050949008846e-05,0.000360889130024894,0.000188057157048373,153.455,200.0,2687.5,0.0,0.0,0.215
cic_ids2017_v2,exchangeable,rf_5class_cw,rare_weighted,0.01,Probe,200,0.000134005099066875,0.01450461053137028,0.02100315275657832,0.025548310556474295,0.00118654601334098,153.455,200.0,1125.0,0.0,0.135,0.34
cic_ids2017_v2,exchangeable,rf_5class_cw,rare_weighted,0.01,R2L,200,0.8871895643636272,0.9202228399863074,0.9546052831850161,0.9827312241648416,0.9780134861191604,153.455,200.0,112.0,0.0,0.0,0.02
cic_ids2017_v2,exchangeable,rf_5class_cw,rare_weighted,0.01,all_attacks,200,0.019929171789268636,0.027907372424364377,0.03248780431189943,0.036323471210189674,0.029094024359571202,153.455,200.0,3925.0,0.0,0.0,0.015
cic_ids2017_v2,exchangeable,rf_5class_cw,rare_weighted,0.02,DoS,200,0.0,0.0,5.920970085081118e-05,0.0003702006416544395,0.0003664872923636785,333.45,400.0,2687.5,0.0,0.0,0.22
cic_ids2017_v2,exchangeable,rf_5class_cw,rare_weighted,0.02,Probe,200,0.10698772163644536,0.16694324948445322,0.185834757421612,0.20275415107373296,0.1437669723066229,333.45,400.0,1125.0,0.0,0.0,0.11
cic_ids2017_v2,exchangeable,rf_5class_cw,rare_weighted,0.02,R2L,200,0.910034696745344,0.9203121257005931,0.9546809304266229,0.9827312241648416,0.9827312241648416,333.45,400.0,112.0,0.0,0.0,0.025
cic_ids2017_v2,exchangeable,rf_5class_cw,rare_weighted,0.02,all_attacks,200,0.0559496222310819,0.07360982789178545,0.0806909537940288,0.08706479548912764,0.07018446701685116,333.45,400.0,3925.0,0.0,0.0,0.0
cic_ids2017_v2,exchangeable,rf_5class_cw,rare_weighted,0.05,DoS,200,0.0,0.0,6.458620702959813e-05,0.00038503548755974804,0.00038503548755974804,889.82,1000.0,2687.5,0.0,0.0,0.22
cic_ids2017_v2,exchangeable,rf_5class_cw,rare_weighted,0.05,Probe,200,0.5849639572981654,0.6922688726865702,0.7145168913207277,0.7346100243829388,0.6366243657615529,889.82,1000.0,1125.0,0.0,0.04,0.22
cic_ids2017_v2,exchangeable,rf_5class_cw,rare_weighted,0.05,R2L,200,0.9103694346610154,0.9206018185712195,0.9548877566579439,0.9827775204611379,0.9827312241648416,889.82,1000.0,112.0,0.0,0.0,0.03
cic_ids2017_v2,exchangeable,rf_5class_cw,rare_weighted,0.05,all_attacks,200,0.18849735208587373,0.21798859112563274,0.22897925260919536,0.2393484965417617,0.21134630374624966,889.82,1000.0,3925.0,0.0,0.0,0.0
cic_ids2017_v2,exchangeable,rf_5class_cw,rare_weighted,0.1,DoS,200,0.15920852678053835,0.21616180035355792,0.229450571624258,0.24205387163909622,0.18437989361108462,1845.01,2000.0,2687.5,0.0,0.01,0.165
cic_ids2017_v2,exchangeable,rf_5class_cw,rare_weighted,0.1,Probe,200,0.9866262581730544,0.9879271775612282,0.9923851039050424,0.997509367390396,0.997509367390396,1845.01,2000.0,1125.0,0.0,0.0,0.0
cic_ids2017_v2,exchangeable,rf_5class_cw,rare_weighted,0.1,R2L,200,0.924260123928747,0.9339557506704833,0.9648395790226904,0.9932209007412631,0.9932209007412631,1845.01,2000.0,112.0,0.0,0.0,0.0
cic_ids2017_v2,exchangeable,rf_5class_cw,rare_weighted,0.1,all_attacks,200,0.4128083692977196,0.4545215943287626,0.4676150710254994,0.48041783031784474,0.44091330081669156,1845.01,2000.0,3925.0,0.0,0.0,0.01
cic_ids2017_v2,exchangeable,rf_5class_cw,rare_weighted,0.2,DoS,200,0.8896000038027261,0.9724967387083231,0.977179641688577,0.9814819075428838,0.9057236653166136,3784.27,4001.0,2687.5,0.0,0.28,0.395
cic_ids2017_v2,exchangeable,rf_5class_cw,rare_weighted,0.2,Probe,200,0.9866573304454574,0.9904465960661709,0.9942807219324997,0.999352981458884,0.997981056660867,3784.27,4001.0,1125.0,0.0,0.0,0.0
cic_ids2017_v2,exchangeable,rf_5class_cw,rare_weighted,0.2,R2L,200,0.924260123928747,0.9339557506704833,0.9648395790226904,0.9952996345661712,0.9932651485288736,3784.27,4001.0,112.0,0.0,0.0,0.0
cic_ids2017_v2,exchangeable,rf_5class_cw,rare_weighted,0.2,all_attacks,200,0.9228723842173676,0.9801410167960501,0.9834589147495514,0.9870112421868944,0.9347119451355919,3784.27,4001.0,3925.0,0.0,0.265,0.38
cic_ids2017_v2,exchangeable,rf_5class_cw,uncalibrated,0.01,DoS,200,0.20982491214348456,0.2191199015005893,0.22793337918778137,0.049647722301654824,0.22600619118120743,909.715,200.0,2687.5,0.29,0.29,0.315
cic_ids2017_v2,exchangeable,rf_5class_cw,uncalibrated,0.01,Probe,200,0.24051284525851763,0.251145000922959,0.2640587777736493,0.05905988754418897,0.2680665108166255,909.715,200.0,1125.0,0.29,0.29,0.32
cic_ids2017_v2,exchangeable,rf_5class_cw,uncalibrated,0.01,R2L,200,0.0,0.0,0.0,0.0,0.0,909.715,200.0,112.0,0.0,0.0,0.0
cic_ids2017_v2,exchangeable,rf_5class_cw,uncalibrated,0.01,all_attacks,200,0.21759677511464548,0.226929780354752,0.23425661961901334,0.05089019084476324,0.23148767486083635,909.715,200.0,3925.0,0.29,0.29,0.29
cic_ids2017_v2,exchangeable,rf_5class_cw,uncalibrated,0.02,DoS,200,0.23724711506162705,0.250687513588215,0.2613836952442933,0.0991628743415433,0.2574522772716136,1036.615,400.0,2687.5,0.29,0.29,0.31
cic_ids2017_v2,exchangeable,rf_5class_cw,uncalibrated,0.02,Probe,200,0.27025333496544185,0.2865032622675701,0.30262929615787576,0.11840211324777193,0.3056433420708577,1036.615,400.0,1125.0,0.29,0.29,0.335
cic_ids2017_v2,exchangeable,rf_5class_cw,uncalibrated,0.02,R2L,200,0.0,0.0,0.0,0.0,0.0,1036.615,400.0,112.0,0.0,0.0,0.0
cic_ids2017_v2,exchangeable,rf_5class_cw,uncalibrated,0.02,all_attacks,200,0.24631648032749653,0.25990844154102494,0.2688035053737263,0.10177016802337502,0.26376765333483704,1036.615,400.0,3925.0,0.29,0.29,0.29
cic_ids2017_v2,exchangeable,rf_5class_cw,uncalibrated,0.05,DoS,200,0.3283319405356508,0.3501885302515587,0.3639992511315273,0.2481652931531069,0.3545760021619484,1428.175,1000.0,2687.5,0.29,0.29,0.32
cic_ids2017_v2,exchangeable,rf_5class_cw,uncalibrated,0.05,Probe,200,0.37574136135949254,0.40225642669960093,0.4234140967559564,0.2953543666606353,0.42142239960359673,1428.175,1000.0,1125.0,0.29,0.29,0.355
cic_ids2017_v2,exchangeable,rf_5class_cw,uncalibrated,0.05,R2L,200,0.0,0.0,0.0,0.0,0.0,1428.175,1000.0,112.0,0.0,0.0,0.0
cic_ids2017_v2,exchangeable,rf_5class_cw,uncalibrated,0.05,all_attacks,200,0.3411996108850893,0.36308907227229426,0.3745602637710184,0.2544167600627774,0.36337504666303927,1428.175,1000.0,3925.0,0.29,0.29,0.29
cic_ids2017_v2,exchangeable,rf_5class_cw,uncalibrated,0.1,DoS,200,0.4933291560411983,0.5240269910899683,0.5395738732782996,0.49623309801698023,0.5227155541717579,2105.165,2000.0,2687.5,0.29,0.29,0.33
cic_ids2017_v2,exchangeable,rf_5class_cw,uncalibrated,0.1,Probe,200,0.568625809135673,0.605650182987507,0.6287182068292406,0.5909097293891966,0.6209686273633346,2105.165,2000.0,1125.0,0.29,0.29,0.315
cic_ids2017_v2,exchangeable,rf_5class_cw,uncalibrated,0.1,R2L,200,0.0,0.0,0.0,0.0,0.0,2105.165,2000.0,112.0,0.0,0.0,0.0
cic_ids2017_v2,exchangeable,rf_5class_cw,uncalibrated,0.1,all_attacks,200,0.5104723891789582,0.5409915753428579,0.553803717501217,0.5088301202746297,0.5355809919977838,2105.165,2000.0,3925.0,0.29,0.29,0.3
cic_ids2017_v2,exchangeable,rf_5class_cw,uncalibrated,0.2,DoS,200,0.9543914701176293,0.9959535892009037,0.9975888264013342,0.999574614862334,0.9663537254182226,3793.11,4001.0,2687.5,0.0,0.0,0.0
cic_ids2017_v2,exchangeable,rf_5class_cw,uncalibrated,0.2,Probe,200,0.9526059713321257,0.9938655093300309,0.9967685642356495,0.9999211889352346,0.9781722152153971,3793.11,4001.0,1125.0,0.0,0.005,0.01
cic_ids2017_v2,exchangeable,rf_5class_cw,uncalibrated,0.2,R2L,200,0.6242231605101628,0.8932218574001399,0.9332518839829014,0.9736182262973316,0.8224084499430124,3793.11,4001.0,112.0,0.0,0.005,0.045
cic_ids2017_v2,exchangeable,rf_5class_cw,uncalibrated,0.2,all_attacks,200,0.9519000510767677,0.9953475030979467,0.9968450034939607,0.9988729027653556,0.9649041426577797,3793.11,4001.0,3925.0,0.0,0.0,0.05
cic_ids2017_v2,exchangeable,rf_5class_smote,calibrated_attack_prob,0.01,DoS,200,0.025155949887327073,0.03689331821129394,0.04323347590311103,0.05008346199635181,0.03771088996315085,150.365,200.0,2687.5,0.0,0.0,0.025
cic_ids2017_v2,exchangeable,rf_5class_smote,calibrated_attack_prob,0.01,Probe,200,0.02351665287223264,0.036211611636161885,0.04624370562677521,0.05703997931821672,0.04269796649856862,150.365,200.0,1125.0,0.0,0.005,0.065
cic_ids2017_v2,exchangeable,rf_5class_smote,calibrated_attack_prob,0.01,R2L,200,0.0,0.00022181279387628299,0.003010853212369195,0.008829060610196133,0.006893290130132842,150.365,200.0,112.0,0.0,0.0,0.105
cic_ids2017_v2,exchangeable,rf_5class_smote,calibrated_attack_prob,0.01,all_attacks,200,0.027808999800785363,0.039800330243077296,0.04517289290561065,0.05086871978375318,0.038234729756186005,150.365,200.0,3925.0,0.0,0.0,0.0
cic_ids2017_v2,exchangeable,rf_5class_smote,calibrated_attack_prob,0.02,DoS,200,0.06409788327661016,0.08178067767739199,0.09080244807794655,0.10012391900550612,0.081717495276437,326.93,400.0,2687.5,0.0,0.0,0.04
cic_ids2017_v2,exchangeable,rf_5class_smote,calibrated_attack_prob,0.02,Probe,200,0.06400953528832926,0.08422672225334565,0.09862492727094935,0.11431522142922314,0.09362935311404737,326.93,400.0,1125.0,0.0,0.0,0.075
cic_ids2017_v2,exchangeable,rf_5class_smote,calibrated_attack_prob,0.02,R2L,200,0.001170842840458463,0.0026783441543516244,0.007873514933135577,0.01739413079940956,0.014536402276655268,326.93,400.0,112.0,0.0,0.0,0.105
cic_ids2017_v2,exchangeable,rf_5class_smote,calibrated_attack_prob,0.02,all_attacks,200,0.06822831142393006,0.08621987201171465,0.09380558926278888,0.10176280843226904,0.08316284951270399,326.93,400.0,3925.0,0.0,0.0,0.0
cic_ids2017_v2,exchangeable,rf_5class_smote,calibrated_attack_prob,0.05,DoS,200,0.19370253076139488,0.22322019936244725,0.23663606352767177,0.2501663912560324,0.220349304328275,880.955,1000.0,2687.5,0.0,0.0,0.03
cic_ids2017_v2,exchangeable,rf_5class_smote,calibrated_attack_prob,0.05,Probe,200,0.20698071604924795,0.24153558975052383,0.26299553115700114,0.28643254523016015,0.25242497913231143,880.955,1000.0,1125.0,0.0,0.005,0.09
cic_ids2017_v2,exchangeable,rf_5class_smote,calibrated_attack_prob,0.05,R2L,200,0.011474368348607012,0.0158176822529624,0.02576064230687694,0.040662433628584724,0.035101033940779326,880.955,1000.0,112.0,0.0,0.0,0.24
cic_ids2017_v2,exchangeable,rf_5class_smote,calibrated_attack_prob,0.05,all_attacks,200,0.2018238883783835,0.2315203210084837,0.24273772043081798,0.2544335995498876,0.22412024144594003,880.955,1000.0,3925.0,0.0,0.0,0.0
cic_ids2017_v2,exchangeable,rf_5class_smote,calibrated_attack_prob,0.1,DoS,200,0.427049563039615,0.46902842092396285,0.48487837328352895,0.5002876668599429,0.4573484560579367,1828.995,2000.0,2687.5,0.0,0.0,0.05
cic_ids2017_v2,exchangeable,rf_5class_smote,calibrated_attack_prob,0.1,Probe,200,0.4718784991056156,0.5207717181544946,0.5452067829840732,0.5730068985504451,0.524278935913475,1828.995,2000.0,1125.0,0.0,0.005,0.065
cic_ids2017_v2,exchangeable,rf_5class_smote,calibrated_attack_prob,0.1,R2L,200,0.03560304373643838,0.04281305224782192,0.057411478703232294,0.08213855255631371,0.075084447094266,1828.995,2000.0,112.0,0.0,0.0,0.365
cic_ids2017_v2,exchangeable,rf_5class_smote,calibrated_attack_prob,0.1,all_attacks,200,0.44013786555882173,0.48193646439107424,0.49505131720473194,0.5088771711958693,0.46533842522050456,1828.995,2000.0,3925.0,0.0,0.0,0.01
cic_ids2017_v2,exchangeable,rf_5class_smote,calibrated_attack_prob,0.2,DoS,200,0.9488326865963329,0.9957600339619678,0.9974466713195236,0.9995416377089427,0.9597513843353499,3787.37,4001.0,2687.5,0.0,0.0,0.005
cic_ids2017_v2,exchangeable,rf_5class_smote,calibrated_attack_prob,0.2,Probe,200,0.9630834550861621,0.9938384901821401,0.9967549596866244,0.9998207281916213,0.9829543152258087,3787.37,4001.0,1125.0,0.0,0.0,0.015
cic_ids2017_v2,exchangeable,rf_5class_smote,calibrated_attack_prob,0.2,R2L,200,0.6592544799944929,0.907462661973216,0.9445361313633615,0.9866259285328753,0.8606138033094324,3787.37,4001.0,112.0,0.0,0.0,0.005
cic_ids2017_v2,exchangeable,rf_5class_smote,calibrated_attack_prob,0.2,all_attacks,200,0.9518920231126858,0.9955132641470543,0.9969884080300752,0.999170447960143,0.9630908592856163,3787.37,4001.0,3925.0,0.0,0.0,0.03
cic_ids2017_v2,exchangeable,rf_5class_smote,rare_weighted,0.01,DoS,200,0.0,0.0,8.87534497605142e-05,0.0006791520413264079,0.0001638746082382465,148.68,200.0,2687.5,0.0,0.0,0.11
cic_ids2017_v2,exchangeable,rf_5class_smote,rare_weighted,0.01,Probe,200,0.0,0.0,4.5355422990909296e-07,0.00046650781920867253,2.6573664439106997e-05,148.68,200.0,1125.0,0.0,0.0,0.005
cic_ids2017_v2,exchangeable,rf_5class_smote,rare_weighted,0.01,R2L,200,0.8783980113793781,0.9121579613447008,0.9482602717925785,0.9881189035530568,0.9749269697838794,148.68,200.0,112.0,0.0,0.0,0.0
cic_ids2017_v2,exchangeable,rf_5class_smote,rare_weighted,0.01,all_attacks,200,0.01961230556297532,0.020959976380997652,0.024984126271806444,0.029508110647390128,0.028657145356538623,148.68,200.0,3925.0,0.0,0.0,0.03
cic_ids2017_v2,exchangeable,rf_5class_smote,rare_weighted,0.02,DoS,200,0.0,0.0,0.0001878633491847733,0.0007034193751900721,0.0007034193751900721,336.01,400.0,2687.5,0.0,0.0,0.125
cic_ids2017_v2,exchangeable,rf_5class_smote,rare_weighted,0.02,Probe,200,0.033420782620801906,0.0877053981694408,0.10236737028775299,0.11221599800115493,0.0555020425289077,336.01,400.0,1125.0,0.0,0.075,0.265
cic_ids2017_v2,exchangeable,rf_5class_smote,rare_weighted,0.02,R2L,200,0.9048550667002269,0.9156410165756342,0.9510432126318308,0.9916284846088494,0.9916284846088494,336.01,400.0,112.0,0.0,0.0,0.0
cic_ids2017_v2,exchangeable,rf_5class_smote,rare_weighted,0.02,all_attacks,200,0.03397712763065759,0.050956150818316656,0.05697329594071674,0.06162975074809609,0.04539504613089009,336.01,400.0,3925.0,0.0,0.0,0.085
cic_ids2017_v2,exchangeable,rf_5class_smote,rare_weighted,0.05,DoS,200,0.0,0.0,0.0001906204565444378,0.0007034193751900721,0.0007034193751900721,889.095,1000.0,2687.5,0.0,0.0,0.125
cic_ids2017_v2,exchangeable,rf_5class_smote,rare_weighted,0.05,Probe,200,0.4953763880179195,0.6008003687793478,0.6245339461026136,0.6440887214377484,0.5455120399512066,889.095,1000.0,1125.0,0.0,0.04,0.2
cic_ids2017_v2,exchangeable,rf_5class_smote,rare_weighted,0.05,R2L,200,0.9048550667002269,0.9156410165756342,0.9510432126318308,0.9916284846088494,0.9916284846088494,889.095,1000.0,112.0,0.0,0.0,0.0
cic_ids2017_v2,exchangeable,rf_5class_smote,rare_weighted,0.05,all_attacks,200,0.1646734811066282,0.19389866813257303,0.20444053630808934,0.21390712498365425,0.18573078804649423,889.095,1000.0,3925.0,0.0,0.0,0.005
cic_ids2017_v2,exchangeable,rf_5class_smote,rare_weighted,0.1,DoS,200,0.10957791848623186,0.16531491716497268,0.1773714082682316,0.1852359772784329,0.13268249284901235,1858.745,2000.0,2687.5,0.0,0.065,0.285
cic_ids2017_v2,exchangeable,rf_5class_smote,rare_weighted,0.1,Probe,200,0.9899772562805108,0.9911265087590985,0.9948388325513013,0.9985844294759354,0.9985844294759354,1858.745,2000.0,1125.0,0.0,0.0,0.015
cic_ids2017_v2,exchangeable,rf_5class_smote,rare_weighted,0.1,R2L,200,0.9145814464291243,0.9247799441274518,0.9580345198607041,0.9916723442579722,0.9916723442579722,1858.745,2000.0,112.0,0.0,0.0,0.0
cic_ids2017_v2,exchangeable,rf_5class_smote,rare_weighted,0.1,all_attacks,200,0.37722107201910154,0.41874194151072586,0.43172977779344346,0.4417997196818442,0.4057971782623493,1858.745,2000.0,3925.0,0.0,0.0,0.05
cic_ids2017_v2,exchangeable,rf_5class_smote,rare_weighted,0.2,DoS,200,0.8318243556870719,0.9174159684701462,0.9257653779113535,0.9296080641586674,0.8566551415185285,3805.0,4001.0,2687.5,0.0,0.305,0.435
cic_ids2017_v2,exchangeable,rf_5class_smote,rare_weighted,0.2,Probe,200,0.9899950429793185,0.9912157444430814,0.9949009152763675,0.9990385235828942,0.9990385235828942,3805.0,4001.0,1125.0,0.0,0.0,0.0
cic_ids2017_v2,exchangeable,rf_5class_smote,rare_weighted,0.2,R2L,200,0.9145814464291243,0.9247799441274518,0.9580345198607041,0.9916723442579722,0.9916723442579722,3805.0,4001.0,112.0,0.0,0.0,0.0
cic_ids2017_v2,exchangeable,rf_5class_smote,rare_weighted,0.2,all_attacks,200,0.8836559387381029,0.9425690099152004,0.9484067864910354,0.9513219491952671,0.9013917326101076,3805.0,4001.0,3925.0,0.0,0.26,0.43
cic_ids2017_v2,exchangeable,rf_5class_smote,uncalibrated,0.01,DoS,200,0.19961761705834044,0.20652880723048558,0.21798617857678088,0.050627812425018785,0.22108290727603142,875.185,200.0,2687.5,0.59,0.59,0.595
cic_ids2017_v2,exchangeable,rf_5class_smote,uncalibrated,0.01,Probe,200,0.21182715194070117,0.220082019645406,0.23808593321285926,0.05670006613135601,0.24875952311911828,875.185,200.0,1125.0,0.59,0.59,0.63
cic_ids2017_v2,exchangeable,rf_5class_smote,uncalibrated,0.01,R2L,200,0.0,0.0,0.0005357910979714145,0.0,0.0,875.185,200.0,112.0,0.0,0.0,0.23
cic_ids2017_v2,exchangeable,rf_5class_smote,uncalibrated,0.01,all_attacks,200,0.20499822672539086,0.21158634469722443,0.22112802786859742,0.05089921892736733,0.222599981376276,875.185,200.0,3925.0,0.59,0.59,0.59
cic_ids2017_v2,exchangeable,rf_5class_smote,uncalibrated,0.02,DoS,200,0.2157563558305878,0.225026659297071,0.237579452506808,0.10117328587688254,0.2397495170550052,948.515,400.0,2687.5,0.59,0.59,0.595
cic_ids2017_v2,exchangeable,rf_5class_smote,uncalibrated,0.02,Probe,200,0.22821731312930413,0.23973203636006649,0.2595546938721997,0.11363900283291915,0.26935039127310384,948.515,400.0,1125.0,0.59,0.59,0.635
cic_ids2017_v2,exchangeable,rf_5class_smote,uncalibrated,0.02,R2L,200,0.0,0.0,0.0005357910979714145,0.0,0.0,948.515,400.0,112.0,0.0,0.0,0.23
cic_ids2017_v2,exchangeable,rf_5class_smote,uncalibrated,0.02,all_attacks,200,0.2215581943836623,0.23059907568224822,0.24104094638143642,0.10180214910652945,0.24127444322035407,948.515,400.0,3925.0,0.59,0.59,0.59
cic_ids2017_v2,exchangeable,rf_5class_smote,uncalibrated,0.05,DoS,200,0.269328193339677,0.28354234985666044,0.29790618104979577,0.2524266982697554,0.2964525680054311,1174.095,1000.0,2687.5,0.59,0.59,0.605
cic_ids2017_v2,exchangeable,rf_5class_smote,uncalibrated,0.05,Probe,200,0.286392358737958,0.3036087872444762,0.3263221815672629,0.28514539608472345,0.3343834184405488,1174.095,1000.0,1125.0,0.59,0.59,0.61
cic_ids2017_v2,exchangeable,rf_5class_smote,uncalibrated,0.05,R2L,200,0.0,0.0,0.0005357910979714145,0.0,0.0,1174.095,1000.0,112.0,0.0,0.0,0.23
cic_ids2017_v2,exchangeable,rf_5class_smote,uncalibrated,0.05,all_attacks,200,0.27626583445232444,0.2900912234748993,0.30202491080083205,0.25446145060348097,0.2987074839940624,1174.095,1000.0,3925.0,0.59,0.59,0.59
cic_ids2017_v2,exchangeable,rf_5class_smote,uncalibrated,0.1,DoS,200,0.5753859209739639,0.5947562408535039,0.6099211998808827,0.5052733261656018,0.6011216449175738,2379.425,2000.0,2687.5,0.59,0.59,0.595
cic_ids2017_v2,exchangeable,rf_5class_smote,uncalibrated,0.1,Probe,200,0.6301562949992751,0.6529580466312318,0.6752119160105957,0.5693022479790505,0.6768721689050193,2379.425,2000.0,1125.0,0.59,0.59,0.615
cic_ids2017_v2,exchangeable,rf_5class_smote,uncalibrated,0.1,R2L,200,0.0,0.0,0.0005357910979714145,0.0,0.0,2379.425,2000.0,112.0,0.0,0.0,0.23
cic_ids2017_v2,exchangeable,rf_5class_smote,uncalibrated,0.1,all_attacks,200,0.5839875257864381,0.602754003868863,0.6152651380953172,0.508929497861695,0.6053667673944242,2379.425,2000.0,3925.0,0.59,0.59,0.6
cic_ids2017_v2,exchangeable,rf_5class_smote,uncalibrated,0.2,DoS,200,0.9490973361445251,0.9959367125202999,0.9975922789170849,0.9995507958396462,0.9594215645480909,3787.305,4001.0,2687.5,0.0,0.0,0.0
cic_ids2017_v2,exchangeable,rf_5class_smote,uncalibrated,0.2,Probe,200,0.9646038914799849,0.9939457368481471,0.9968307847493847,0.9998117597163474,0.984480166460054,3787.305,4001.0,1125.0,0.0,0.01,0.02
cic_ids2017_v2,exchangeable,rf_5class_smote,uncalibrated,0.2,R2L,200,0.6464587194619108,0.9086989255728016,0.945486729809695,0.9881099278619138,0.8555679087923148,3787.305,4001.0,112.0,0.0,0.0,0.005
cic_ids2017_v2,exchangeable,rf_5class_smote,uncalibrated,0.2,all_attacks,200,0.9520402232595562,0.9957079382283764,0.9971395079174639,0.9992467876624773,0.9631766078434137,3787.305,4001.0,3925.0,0.0,0.005,0.035
cic_ids2017_v2,exchangeable,xgb_5class_cw,calibrated_attack_prob,0.01,DoS,200,0.027997205727775424,0.040839589903896106,0.04749291949415199,0.05410200961377828,0.04097419530274665,151.115,200.0,2687.5,0.0,0.0,0.025
cic_ids2017_v2,exchangeable,xgb_5class_cw,calibrated_attack_prob,0.01,Probe,200,0.014881380371085585,0.023766241732710428,0.032144808640845055,0.042330069738785385,0.0316941462996017,151.115,200.0,1125.0,0.0,0.0,0.085
cic_ids2017_v2,exchangeable,xgb_5class_cw,calibrated_attack_prob,0.01,R2L,200,0.001233441118789822,0.006882550192018631,0.027758011762217198,0.06006022547688479,0.04560898573103715,151.115,200.0,112.0,0.0,0.0,0.1
cic_ids2017_v2,exchangeable,xgb_5class_cw,calibrated_attack_prob,0.01,all_attacks,200,0.027829393532500107,0.039842348373729145,0.045223320300149215,0.05090675274532074,0.0384572443555238,151.115,200.0,3925.0,0.0,0.0,0.0
cic_ids2017_v2,exchangeable,xgb_5class_cw,calibrated_attack_prob,0.02,DoS,200,0.0707587626107545,0.09006313656592385,0.09945666458322673,0.10832197229047207,0.08889031558967508,328.34,400.0,2687.5,0.0,0.0,0.045
cic_ids2017_v2,exchangeable,xgb_5class_cw,calibrated_attack_prob,0.02,Probe,200,0.04263727608877782,0.057201038950850276,0.06941564945197136,0.0845910356356537,0.069464475305342,328.34,400.0,1125.0,0.0,0.0,0.075
cic_ids2017_v2,exchangeable,xgb_5class_cw,calibrated_attack_prob,0.02,R2L,200,0.01821746920463695,0.03449990201378002,0.07148454296313299,0.1194478144769402,0.09779239320162021,328.34,400.0,112.0,0.0,0.01,0.09
cic_ids2017_v2,exchangeable,xgb_5class_cw,calibrated_attack_prob,0.02,all_attacks,200,0.06832507773878231,0.08634583678184056,0.09393688451031242,0.1018377338284321,0.0835865580922486,328.34,400.0,3925.0,0.0,0.0,0.0
cic_ids2017_v2,exchangeable,xgb_5class_cw,calibrated_attack_prob,0.05,DoS,200,0.21258241547049164,0.24464042781073153,0.25847031546930316,0.27108666793320807,0.24083220088016305,888.385,1000.0,2687.5,0.0,0.0,0.035
cic_ids2017_v2,exchangeable,xgb_5class_cw,calibrated_attack_prob,0.05,Probe,200,0.14318834898647126,0.16846628989376528,0.18743968424300003,0.21045449872229227,0.187025074383589,888.385,1000.0,1125.0,0.0,0.0,0.07
cic_ids2017_v2,exchangeable,xgb_5class_cw,calibrated_attack_prob,0.05,R2L,200,0.12466039432785508,0.16362304285889734,0.22697716906050963,0.3032468238339264,0.268198706067542,888.385,1000.0,112.0,0.0,0.005,0.09
cic_ids2017_v2,exchangeable,xgb_5class_cw,calibrated_attack_prob,0.05,all_attacks,200,0.20212696841656247,0.23187046266104536,0.2430933971220036,0.2546231383926718,0.22619188982978813,888.385,1000.0,3925.0,0.0,0.0,0.0
cic_ids2017_v2,exchangeable,xgb_5class_cw,calibrated_attack_prob,0.1,DoS,200,0.46781225639124147,0.5132831791811872,0.5291360737489538,0.5425584213285723,0.49997767416284083,1843.685,2000.0,2687.5,0.0,0.0,0.135
cic_ids2017_v2,exchangeable,xgb_5class_cw,calibrated_attack_prob,0.1,Probe,200,0.33030679998806095,0.36641744202384374,0.39025004831107174,0.4194868733925088,0.3870894519958062,1843.685,2000.0,1125.0,0.0,0.0,0.08
cic_ids2017_v2,exchangeable,xgb_5class_cw,calibrated_attack_prob,0.1,R2L,200,0.37168458911241353,0.4338357191235329,0.5115522279887954,0.6120292893002504,0.5638128335256155,1843.685,2000.0,112.0,0.0,0.0,0.04
cic_ids2017_v2,exchangeable,xgb_5class_cw,calibrated_attack_prob,0.1,all_attacks,200,0.4408332614023475,0.4826941059360298,0.4958083686830026,0.5092615954732342,0.46943021837951304,1843.685,2000.0,3925.0,0.0,0.0,0.01
cic_ids2017_v2,exchangeable,xgb_5class_cw,calibrated_attack_prob,0.2,DoS,200,0.9700069205328716,0.997342644729909,0.9985654246756507,0.9997605394015033,0.9808986198580963,3798.38,4001.0,2687.5,0.0,0.0,0.0
cic_ids2017_v2,exchangeable,xgb_5class_cw,calibrated_attack_prob,0.2,Probe,200,0.8980501848485796,0.9942679547329998,0.9970126461228959,0.9999823349276084,0.9321245913488826,3798.38,4001.0,1125.0,0.0,0.0,0.0
cic_ids2017_v2,exchangeable,xgb_5class_cw,calibrated_attack_prob,0.2,R2L,200,0.829100707562622,0.9206634426474969,0.9548410302873556,0.9866096862379277,0.9493611429970806,3798.38,4001.0,112.0,0.0,0.0,0.005
cic_ids2017_v2,exchangeable,xgb_5class_cw,calibrated_attack_prob,0.2,all_attacks,200,0.9530189734816078,0.9967134563181504,0.9979541807179332,0.999447958961464,0.9659125448997112,3798.38,4001.0,3925.0,0.0,0.0,0.01
cic_ids2017_v2,exchangeable,xgb_5class_cw,rare_weighted,0.01,DoS,200,0.0,0.0,0.0,0.0,0.0,150.18,200.0,2687.5,0.0,0.0,0.0
cic_ids2017_v2,exchangeable,xgb_5class_cw,rare_weighted,0.01,Probe,200,0.00896758791514255,0.04246178027391145,0.05323580713835188,0.06317763459238009,0.019394337055721064,150.18,200.0,1125.0,0.0,0.025,0.17
cic_ids2017_v2,exchangeable,xgb_5class_cw,rare_weighted,0.01,R2L,200,0.9145814464291243,0.9247799441274518,0.9580345198607041,0.983555919074401,0.983555919074401,150.18,200.0,112.0,0.0,0.0,0.04
cic_ids2017_v2,exchangeable,xgb_5class_cw,rare_weighted,0.01,all_attacks,200,0.025140219900848682,0.03676603898202187,0.04196425310399203,0.04686477176573409,0.034337023441101094,150.18,200.0,3925.0,0.0,0.0,0.0
cic_ids2017_v2,exchangeable,xgb_5class_cw,rare_weighted,0.02,DoS,200,0.0,0.0,0.0,0.0,0.0,324.265,400.0,2687.5,0.0,0.0,0.0
cic_ids2017_v2,exchangeable,xgb_5class_cw,rare_weighted,0.02,Probe,200,0.13798776746104802,0.19873207242875224,0.21886861599531782,0.24052803042218496,0.1731613661339313,324.265,400.0,1125.0,0.0,0.0,0.05
cic_ids2017_v2,exchangeable,xgb_5class_cw,rare_weighted,0.02,R2L,200,0.9145814464291243,0.9247799441274518,0.9580345198607041,0.983555919074401,0.983555919074401,324.265,400.0,112.0,0.0,0.0,0.04
cic_ids2017_v2,exchangeable,xgb_5class_cw,rare_weighted,0.02,all_attacks,200,0.06460461978125628,0.08233366029881918,0.08977895644045089,0.09764057357193792,0.07836565370202526,324.265,400.0,3925.0,0.0,0.0,0.0
cic_ids2017_v2,exchangeable,xgb_5class_cw,rare_weighted,0.05,DoS,200,0.0,0.0,0.0,0.0,0.0,890.575,1000.0,2687.5,0.0,0.0,0.0
cic_ids2017_v2,exchangeable,xgb_5class_cw,rare_weighted,0.05,Probe,200,0.6209193387741785,0.7294786758983217,0.7507921664413828,0.7729174199316731,0.6754084400848854,890.575,1000.0,1125.0,0.0,0.035,0.19
cic_ids2017_v2,exchangeable,xgb_5class_cw,rare_weighted,0.05,R2L,200,0.9145814464291243,0.9247799441274518,0.9580345198607041,0.983555919074401,0.983555919074401,890.575,1000.0,112.0,0.0,0.0,0.04
cic_ids2017_v2,exchangeable,xgb_5class_cw,rare_weighted,0.05,all_attacks,200,0.19770610713653408,0.22741285118638335,0.23856080446104808,0.2500655442015163,0.22221307982123661,890.575,1000.0,3925.0,0.0,0.0,0.0
cic_ids2017_v2,exchangeable,xgb_5class_cw,rare_weighted,0.1,DoS,200,0.18777077688929225,0.2452431883966425,0.25910103716567723,0.2707862648637826,0.22023211086449243,1863.965,2000.0,2687.5,0.0,0.015,0.175
cic_ids2017_v2,exchangeable,xgb_5class_cw,rare_weighted,0.1,Probe,200,0.9937684615676323,0.994662457303408,0.99733876715575,1.0,1.0,1863.965,2000.0,1125.0,0.0,0.0,0.0
cic_ids2017_v2,exchangeable,xgb_5class_cw,rare_weighted,0.1,R2L,200,0.9145814464291243,0.9247799441274518,0.9580345198607041,0.9878464624172096,0.9878464624172096,1863.965,2000.0,112.0,0.0,0.0,0.01
cic_ids2017_v2,exchangeable,xgb_5class_cw,rare_weighted,0.1,all_attacks,200,0.4340302333878146,0.475824899629217,0.4889402001643735,0.5006456041744138,0.4660124838167859,1863.965,2000.0,3925.0,0.0,0.0,0.025
cic_ids2017_v2,exchangeable,xgb_5class_cw,rare_weighted,0.2,DoS,200,0.9233346378320623,0.9958242129233025,0.9973493915548741,0.9989623118266963,0.9413372293049997,3802.285,4001.0,2687.5,0.0,0.06,0.08
cic_ids2017_v2,exchangeable,xgb_5class_cw,rare_weighted,0.2,Probe,200,0.9937684615676323,0.994662457303408,0.99733876715575,1.0,1.0,3802.285,4001.0,1125.0,0.0,0.0,0.0
cic_ids2017_v2,exchangeable,xgb_5class_cw,rare_weighted,0.2,R2L,200,0.9145814464291243,0.9318228036269128,0.9632307619612045,0.9911399333712968,0.9878464624172096,3802.285,4001.0,112.0,0.0,0.0,0.0
cic_ids2017_v2,exchangeable,xgb_5class_cw,rare_weighted,0.2,all_attacks,200,0.9468055781127481,0.9962573674939215,0.9975570627188931,0.9990388724405386,0.9595137337415456,3802.285,4001.0,3925.0,0.0,0.05,0.07
cic_ids2017_v2,exchangeable,xgb_5class_cw,uncalibrated,0.01,DoS,200,0.03209239151819234,0.04790830407875478,0.05505026903222228,0.06253190041380434,0.048320283276168684,159.395,200.0,2687.5,0.0,0.0,0.0
cic_ids2017_v2,exchangeable,xgb_5class_cw,uncalibrated,0.01,Probe,200,0.01008830469951339,0.013915337517528128,0.020598117100638365,0.02836159504795938,0.026209745370891237,159.395,200.0,1125.0,0.0,0.0,0.045
cic_ids2017_v2,exchangeable,xgb_5class_cw,uncalibrated,0.01,R2L,200,0.0,0.0,0.0,4.4642857142857e-05,4.4642857142857e-05,159.395,200.0,112.0,0.0,0.0,0.0
cic_ids2017_v2,exchangeable,xgb_5class_cw,uncalibrated,0.01,all_attacks,200,0.027844729783081654,0.03986657660461548,0.04524623197203699,0.05092083599710936,0.04057952997331529,159.395,200.0,3925.0,0.0,0.0,0.0
cic_ids2017_v2,exchangeable,xgb_5class_cw,uncalibrated,0.02,DoS,200,0.0844885985941384,0.10699300122935097,0.11711588416075584,0.12314526297950167,0.10372271937101014,334.16,400.0,2687.5,0.0,0.0,0.05
cic_ids2017_v2,exchangeable,xgb_5class_cw,uncalibrated,0.02,Probe,200,0.02214858442428299,0.030990111894222676,0.04037396464584489,0.06139296797592598,0.04922484634519564,334.16,400.0,1125.0,0.0,0.0,0.0
cic_ids2017_v2,exchangeable,xgb_5class_cw,uncalibrated,0.02,R2L,200,0.0,0.0,0.0,4.4642857142857e-05,4.4642857142857e-05,334.16,400.0,112.0,0.0,0.0,0.0
cic_ids2017_v2,exchangeable,xgb_5class_cw,uncalibrated,0.02,all_attacks,200,0.06835693144442789,0.08638152911920674,0.09397380814443507,0.10185947150846537,0.08508753079050542,334.16,400.0,3925.0,0.0,0.0,0.0
cic_ids2017_v2,exchangeable,xgb_5class_cw,uncalibrated,0.05,DoS,200,0.24336290136831015,0.2740312591123646,0.2883565233372944,0.2923428508076058,0.2690223479281769,896.86,1000.0,2687.5,0.0,0.0,0.235
cic_ids2017_v2,exchangeable,xgb_5class_cw,uncalibrated,0.05,Probe,200,0.09671078674631534,0.12309180816591875,0.13990400411279647,0.18149606959763875,0.1517392793631366,896.86,1000.0,1125.0,0.0,0.0,0.0
cic_ids2017_v2,exchangeable,xgb_5class_cw,uncalibrated,0.05,R2L,200,0.000351820288709636,0.012418233397802982,0.039711227650740887,0.09273307260932656,0.02910683735503858,896.86,1000.0,112.0,0.0,0.0,0.035
cic_ids2017_v2,exchangeable,xgb_5class_cw,uncalibrated,0.05,all_attacks,200,0.20219192837659983,0.23194436745893843,0.2431674169194222,0.2546753780425335,0.22839204397713492,896.86,1000.0,3925.0,0.0,0.0,0.0
cic_ids2017_v2,exchangeable,xgb_5class_cw,uncalibrated,0.1,DoS,200,0.476462154594052,0.5230152181221281,0.538829897242118,0.5430786403800214,0.5010808524814498,1857.4,2000.0,2687.5,0.0,0.015,0.31
cic_ids2017_v2,exchangeable,xgb_5class_cw,uncalibrated,0.1,Probe,200,0.3085893585882246,0.3450573116729836,0.36865126429341155,0.41314446581881376,0.3874888338920567,1857.4,2000.0,1125.0,0.0,0.0,0.0
cic_ids2017_v2,exchangeable,xgb_5class_cw,uncalibrated,0.1,R2L,200,0.3964929638966461,0.4294108045764329,0.5072167544898468,0.6705473175615099,0.6648010980072643,1857.4,2000.0,112.0,0.0,0.0,0.0
cic_ids2017_v2,exchangeable,xgb_5class_cw,uncalibrated,0.1,all_attacks,200,0.44097725399115295,0.482850809752613,0.4959638332890479,0.5093685555993136,0.4730186119279669,1857.4,2000.0,3925.0,0.0,0.0,0.01
cic_ids2017_v2,exchangeable,xgb_5class_cw,uncalibrated,0.2,DoS,200,0.9706636211990252,0.997511957005881,0.9986856476613091,0.9997830763126124,0.9813953945502449,3799.14,4001.0,2687.5,0.0,0.0,0.01
cic_ids2017_v2,exchangeable,xgb_5class_cw,uncalibrated,0.2,Probe,200,0.8972011688233172,0.9942763614207916,0.9970167534698168,0.9999911268855368,0.9318357227977373,3799.14,4001.0,1125.0,0.0,0.0,0.0
cic_ids2017_v2,exchangeable,xgb_5class_cw,uncalibrated,0.2,R2L,200,0.8254408194774716,0.9297648085807978,0.9616822601940933,0.9906619765772675,0.9494888834498348,3799.14,4001.0,112.0,0.0,0.0,0.01
cic_ids2017_v2,exchangeable,xgb_5class_cw,uncalibrated,0.2,all_attacks,200,0.9531108337621348,0.9971338887329472,0.9982824580726488,0.9995810732922366,0.9661762872226408,3799.14,4001.0,3925.0,0.0,0.0,0.02
cic_ids2017_v2,exchangeable,xgb_5class_smote,calibrated_attack_prob,0.01,DoS,200,0.028146228720237722,0.04107492916067436,0.04773819780479336,0.054584173034303414,0.04132946857358789,151.45,200.0,2687.5,0.0,0.0,0.02
cic_ids2017_v2,exchangeable,xgb_5class_smote,calibrated_attack_prob,0.01,Probe,200,0.014843967075423714,0.023644579413461177,0.0319876349547101,0.041293620781912704,0.03132658307885692,151.45,200.0,1125.0,0.0,0.0,0.1
cic_ids2017_v2,exchangeable,xgb_5class_smote,calibrated_attack_prob,0.01,R2L,200,0.0009332271568143336,0.0054930466120512896,0.025587327298632858,0.05895971003039573,0.04402715553180674,151.45,200.0,112.0,0.0,0.0,0.07
cic_ids2017_v2,exchangeable,xgb_5class_smote,calibrated_attack_prob,0.01,all_attacks,200,0.02784976277852083,0.03986653842724985,0.04524622869819532,0.050894048845956996,0.038532491781339676,151.45,200.0,3925.0,0.0,0.0,0.0
cic_ids2017_v2,exchangeable,xgb_5class_smote,calibrated_attack_prob,0.02,DoS,200,0.07118424689768359,0.09067196008941306,0.10010556630877987,0.1091625777079034,0.08987578841158105,329.56,400.0,2687.5,0.0,0.0,0.05
cic_ids2017_v2,exchangeable,xgb_5class_smote,calibrated_attack_prob,0.02,Probe,200,0.04226118073246834,0.05642729148467587,0.06858459207924616,0.08273553832106012,0.06824468498658484,329.56,400.0,1125.0,0.0,0.0,0.09
cic_ids2017_v2,exchangeable,xgb_5class_smote,calibrated_attack_prob,0.02,R2L,200,0.016220991569744058,0.031467861662942555,0.06703477217709056,0.11829629757716226,0.09754170761269922,329.56,400.0,112.0,0.0,0.01,0.085
cic_ids2017_v2,exchangeable,xgb_5class_smote,calibrated_attack_prob,0.02,all_attacks,200,0.06835051411828681,0.08636364310030696,0.09395905490036695,0.10182125678945342,0.08388309794413107,329.56,400.0,3925.0,0.0,0.0,0.0
cic_ids2017_v2,exchangeable,xgb_5class_smote,calibrated_attack_prob,0.05,DoS,200,0.21386149773003182,0.24608542549759713,0.2599513737217036,0.27333166767737427,0.24350880854315338,890.905,1000.0,2687.5,0.0,0.0,0.015
cic_ids2017_v2,exchangeable,xgb_5class_smote,calibrated_attack_prob,0.05,Probe,200,0.14157308600092078,0.16661494179877007,0.1855171921310721,0.2059352503550839,0.18349839918586422,890.905,1000.0,1125.0,0.0,0.01,0.06
cic_ids2017_v2,exchangeable,xgb_5class_smote,calibrated_attack_prob,0.05,R2L,200,0.11556402519313397,0.1527069065871969,0.21475362681218674,0.2967156195745458,0.2631460955881784,890.905,1000.0,112.0,0.005,0.015,0.05
cic_ids2017_v2,exchangeable,xgb_5class_smote,calibrated_attack_prob,0.05,all_attacks,200,0.20214477446939977,0.23189339815935764,0.24311359117848588,0.2545938971660896,0.2268041388831925,890.905,1000.0,3925.0,0.0,0.0,0.0
cic_ids2017_v2,exchangeable,xgb_5class_smote,calibrated_attack_prob,0.1,DoS,200,0.4704395414501393,0.5163124553297483,0.5321380377079071,0.5469560151172383,0.5057902103504004,1849.525,2000.0,2687.5,0.0,0.0,0.085
cic_ids2017_v2,exchangeable,xgb_5class_smote,calibrated_attack_prob,0.1,Probe,200,0.32708914900839103,0.3622693881695448,0.38606507718597305,0.4107922761066072,0.37985824958640363,1849.525,2000.0,1125.0,0.0,0.005,0.1
cic_ids2017_v2,exchangeable,xgb_5class_smote,calibrated_attack_prob,0.1,R2L,200,0.3471820903833463,0.40855714933240833,0.48618098153951783,0.5973294775688259,0.5515430280823321,1849.525,2000.0,112.0,0.0,0.0,0.045
cic_ids2017_v2,exchangeable,xgb_5class_smote,calibrated_attack_prob,0.1,all_attacks,200,0.44084466648866183,0.48270291400102544,0.49581610708073315,0.5092195545635868,0.4708765998284105,1849.525,2000.0,3925.0,0.0,0.0,0.01
cic_ids2017_v2,exchangeable,xgb_5class_smote,calibrated_attack_prob,0.2,DoS,200,0.9723067289481808,0.9973969995798838,0.9986113939740119,0.9997513175350989,0.9842657668282522,3797.88,4001.0,2687.5,0.0,0.0,0.0
cic_ids2017_v2,exchangeable,xgb_5class_smote,calibrated_attack_prob,0.2,Probe,200,0.8902377959015401,0.9939743833219478,0.9967784555110833,0.9999299219804298,0.9214678090943991,3797.88,4001.0,1125.0,0.0,0.0,0.01
cic_ids2017_v2,exchangeable,xgb_5class_smote,calibrated_attack_prob,0.2,R2L,200,0.849171252561645,0.9181658327553569,0.9527924162071146,0.9861749197044313,0.9509427196453234,3797.88,4001.0,112.0,0.0,0.0,0.015
cic_ids2017_v2,exchangeable,xgb_5class_smote,calibrated_attack_prob,0.2,all_attacks,200,0.9526523829983234,0.9966244389475409,0.9978857314216536,0.9993254712460906,0.9651743116373348,3797.88,4001.0,3925.0,0.0,0.0,0.01
cic_ids2017_v2,exchangeable,xgb_5class_smote,rare_weighted,0.01,DoS,200,0.0,0.0,0.0,0.0,0.0,143.725,200.0,2687.5,0.0,0.0,0.0
cic_ids2017_v2,exchangeable,xgb_5class_smote,rare_weighted,0.01,Probe,200,0.01177927834188806,0.046716328489084316,0.05788687120923507,0.0695095612065916,0.019545544316281586,143.725,200.0,1125.0,0.0,0.02,0.115
cic_ids2017_v2,exchangeable,xgb_5class_smote,rare_weighted,0.01,R2L,200,0.9054220775011664,0.9163699559548885,0.9513768645375619,0.9801615600854238,0.9801615600854238,143.725,200.0,112.0,0.0,0.0,0.025
cic_ids2017_v2,exchangeable,xgb_5class_smote,rare_weighted,0.01,all_attacks,200,0.026092659045647205,0.03795135503311966,0.04321945398376398,0.04846348982561062,0.034165175500698614,143.725,200.0,3925.0,0.0,0.0,0.0
cic_ids2017_v2,exchangeable,xgb_5class_smote,rare_weighted,0.02,DoS,200,0.0,0.0,0.0,0.0,0.0,324.58,400.0,2687.5,0.0,0.0,0.0
cic_ids2017_v2,exchangeable,xgb_5class_smote,rare_weighted,0.02,Probe,200,0.14321064588943822,0.20435986769006892,0.22468995004175937,0.24652592221144207,0.1797268259655306,324.58,400.0,1125.0,0.0,0.0,0.055
cic_ids2017_v2,exchangeable,xgb_5class_smote,rare_weighted,0.02,R2L,200,0.9054220775011664,0.9163699559548885,0.9513768645375619,0.9801615600854238,0.9801615600854238,324.58,400.0,112.0,0.0,0.0,0.025
cic_ids2017_v2,exchangeable,xgb_5class_smote,rare_weighted,0.02,all_attacks,200,0.06600356695300996,0.08381548271975119,0.09131403190728134,0.09914364035936861,0.0800389462803662,324.58,400.0,3925.0,0.0,0.0,0.0
cic_ids2017_v2,exchangeable,xgb_5class_smote,rare_weighted,0.05,DoS,200,0.0,0.0,0.0,0.0,0.0,888.59,1000.0,2687.5,0.0,0.0,0.0
cic_ids2017_v2,exchangeable,xgb_5class_smote,rare_weighted,0.05,Probe,200,0.6273075133993208,0.7358720006781309,0.7570110400898669,0.7795052636339929,0.6803706042202045,888.59,1000.0,1125.0,0.0,0.025,0.215
cic_ids2017_v2,exchangeable,xgb_5class_smote,rare_weighted,0.05,R2L,200,0.9054220775011664,0.9163699559548885,0.9513768645375619,0.9801615600854238,0.9801615600854238,888.59,1000.0,112.0,0.0,0.0,0.025
cic_ids2017_v2,exchangeable,xgb_5class_smote,rare_weighted,0.05,all_attacks,200,0.19926956291783163,0.22894809994381388,0.24013552572440655,0.2517378067493713,0.22341753749802404,888.59,1000.0,3925.0,0.0,0.0,0.0
cic_ids2017_v2,exchangeable,xgb_5class_smote,rare_weighted,0.1,DoS,200,0.1903794328650211,0.2478815444572344,0.2617785100321159,0.2755705149362168,0.2278629722863778,1871.83,2000.0,2687.5,0.0,0.015,0.145
cic_ids2017_v2,exchangeable,xgb_5class_smote,rare_weighted,0.1,Probe,200,0.9937684615676323,0.994662457303408,0.99733876715575,1.0,1.0,1871.83,2000.0,1125.0,0.0,0.0,0.0
cic_ids2017_v2,exchangeable,xgb_5class_smote,rare_weighted,0.1,R2L,200,0.9054220775011664,0.9163699559548885,0.9513768645375619,0.9834198425110026,0.9834198425110026,1871.83,2000.0,112.0,0.0,0.0,0.015
cic_ids2017_v2,exchangeable,xgb_5class_smote,rare_weighted,0.1,all_attacks,200,0.43575367705993256,0.4775482017887992,0.4906751677878103,0.5037630723836649,0.47108468252654284,1871.83,2000.0,3925.0,0.0,0.0,0.015
cic_ids2017_v2,exchangeable,xgb_5class_smote,rare_weighted,0.2,DoS,200,0.9263990752593056,0.996400653773179,0.9978506918728434,0.9994335976648985,0.9481083310563214,3807.73,4001.0,2687.5,0.0,0.025,0.04
cic_ids2017_v2,exchangeable,xgb_5class_smote,rare_weighted,0.2,Probe,200,0.9937684615676323,0.994662457303408,0.99733876715575,1.0,1.0,3807.73,4001.0,1125.0,0.0,0.0,0.0
cic_ids2017_v2,exchangeable,xgb_5class_smote,rare_weighted,0.2,R2L,200,0.9054220775011664,0.9237969341808335,0.9572182006714133,0.9882812041731779,0.9834198425110026,3807.73,4001.0,112.0,0.0,0.0,0.01
cic_ids2017_v2,exchangeable,xgb_5class_smote,rare_weighted,0.2,all_attacks,200,0.9487594226051731,0.9966148775309946,0.9978709496663644,0.9992755047639587,0.9639929388061261,3807.73,4001.0,3925.0,0.0,0.015,0.055
cic_ids2017_v2,exchangeable,xgb_5class_smote,uncalibrated,0.01,DoS,200,0.026423071594933976,0.03695696990043437,0.0433194801200183,0.04845995022526666,0.03680443508230915,148.895,200.0,2687.5,0.0,0.0,0.015
cic_ids2017_v2,exchangeable,xgb_5class_smote,uncalibrated,0.01,Probe,200,0.0214703602722302,0.03696541223088425,0.04711291398860861,0.06203450712140456,0.04441786488655561,148.895,200.0,1125.0,0.0,0.0,0.0
cic_ids2017_v2,exchangeable,xgb_5class_smote,uncalibrated,0.01,R2L,200,0.0,0.0,0.0,4.4247787610619e-05,4.4247787610619e-05,148.895,200.0,112.0,0.0,0.0,0.0
cic_ids2017_v2,exchangeable,xgb_5class_smote,uncalibrated,0.01,all_attacks,200,0.027871519889647027,0.039878102956645886,0.04526074445060013,0.05092838598632298,0.037908779932762274,148.895,200.0,3925.0,0.0,0.0,0.0
cic_ids2017_v2,exchangeable,xgb_5class_smote,uncalibrated,0.02,DoS,200,0.06533265166792494,0.0876656248346227,0.09697531809737159,0.10170493716216061,0.08093950415224387,326.095,400.0,2687.5,0.0,0.0,0.07
cic_ids2017_v2,exchangeable,xgb_5class_smote,uncalibrated,0.02,Probe,200,0.0628302841891028,0.07284902959858534,0.08642712440035011,0.11265062640182409,0.09653649246389615,326.095,400.0,1125.0,0.0,0.0,0.0
cic_ids2017_v2,exchangeable,xgb_5class_smote,uncalibrated,0.02,R2L,200,0.0,0.0,0.0,4.4247787610619e-05,4.4247787610619e-05,326.095,400.0,112.0,0.0,0.0,0.0
cic_ids2017_v2,exchangeable,xgb_5class_smote,uncalibrated,0.02,all_attacks,200,0.06837093263580414,0.08640831571837453,0.09400212901233726,0.101867021497679,0.08304007416744341,326.095,400.0,3925.0,0.0,0.0,0.0
cic_ids2017_v2,exchangeable,xgb_5class_smote,uncalibrated,0.05,DoS,200,0.2174584045595362,0.24593707045826704,0.2597833260944105,0.26783385049629954,0.24463456748270765,905.775,1000.0,2687.5,0.0,0.0,0.105
cic_ids2017_v2,exchangeable,xgb_5class_smote,uncalibrated,0.05,Probe,200,0.15655778451791288,0.19321477259588576,0.21314693850229044,0.24882123958064026,0.22040859297743048,905.775,1000.0,1125.0,0.0,0.0,0.0
cic_ids2017_v2,exchangeable,xgb_5class_smote,uncalibrated,0.05,R2L,200,0.0,0.0,0.000111429610076115,4.4247787610619e-05,4.4247787610619e-05,905.775,1000.0,112.0,0.0,0.0,0.24
cic_ids2017_v2,exchangeable,xgb_5class_smote,uncalibrated,0.05,all_attacks,200,0.20220598227229217,0.23195842135463077,0.24318126097148138,0.2546829280317471,0.23066900355896383,905.775,1000.0,3925.0,0.0,0.0,0.0
cic_ids2017_v2,exchangeable,xgb_5class_smote,uncalibrated,0.1,DoS,200,0.4534779275624401,0.5017534699663357,0.5176097128550962,0.5253253757519323,0.48372630272486256,1861.095,2000.0,2687.5,0.0,0.015,0.29
cic_ids2017_v2,exchangeable,xgb_5class_smote,uncalibrated,0.1,Probe,200,0.3587801387898199,0.3858941213133607,0.41000503300157976,0.44991728748633864,0.43029913504182454,1861.095,2000.0,1125.0,0.0,0.0,0.005
cic_ids2017_v2,exchangeable,xgb_5class_smote,uncalibrated,0.1,R2L,200,0.42962702789898943,0.5215846536186628,0.5986153975542057,0.7230843984268186,0.6762667208856121,1861.095,2000.0,112.0,0.0,0.0,0.0
cic_ids2017_v2,exchangeable,xgb_5class_smote,uncalibrated,0.1,all_attacks,200,0.44099130788684543,0.4828648636483054,0.4959778927574744,0.5092513672583382,0.47384392937487896,1861.095,2000.0,3925.0,0.0,0.0,0.01
cic_ids2017_v2,exchangeable,xgb_5class_smote,uncalibrated,0.2,DoS,200,0.9719609338372471,0.9975067526210084,0.9986908638857398,0.9997793709389177,0.9843872255090834,3800.19,4001.0,2687.5,0.0,0.0,0.005
cic_ids2017_v2,exchangeable,xgb_5class_smote,uncalibrated,0.2,Probe,200,0.8918822338965774,0.9939878403427009,0.9967897397856866,0.9999297809558443,0.9233457695150562,3800.19,4001.0,1125.0,0.0,0.005,0.01
cic_ids2017_v2,exchangeable,xgb_5class_smote,uncalibrated,0.2,R2L,200,0.8481839694946117,0.9229089911932674,0.956443337757465,0.9876933904664129,0.9503129593337661,3800.19,4001.0,112.0,0.0,0.0,0.015
cic_ids2017_v2,exchangeable,xgb_5class_smote,uncalibrated,0.2,all_attacks,200,0.9528499699143171,0.9968498606277989,0.9980606010352153,0.9994048836122141,0.9657891357508668,3800.19,4001.0,3925.0,0.0,0.005,0.025
nsl_kdd_v2,non-exchangeable by construction,dnn_5class_cw,calibrated_attack_prob,0.01,DoS,200,0.014276472889685678,0.02081310250291812,0.02449683422948937,0.024857645076563708,0.014908296108176735,67.56,113.0,3723.0,0.005,0.005,0.005
nsl_kdd_v2,non-exchangeable by construction,dnn_5class_cw,calibrated_attack_prob,0.01,Probe,200,0.005030882428617397,0.008440550074694938,0.013063737377302664,0.015468317288894449,0.00911109835908128,67.56,113.0,1207.5,0.005,0.01,0.16
nsl_kdd_v2,non-exchangeable by construction,dnn_5class_cw,calibrated_attack_prob,0.01,R2L,200,3.4106412005454998e-06,3.4106412005454998e-06,4.93094475680765e-05,2.75983005943705e-05,1.73215179920965e-05,67.56,113.0,1445.0,0.005,0.005,0.065
nsl_kdd_v2,non-exchangeable by construction,dnn_5class_cw,calibrated_attack_prob,0.01,all_attacks,200,0.01381416315658403,0.01990376733763792,0.022645758313725423,0.017361898009816076,0.01036949845914108,67.56,113.0,6405.0,0.005,0.005,1.0
nsl_kdd_v2,non-exchangeable by construction,dnn_5class_cw,calibrated_attack_prob,0.02,DoS,200,0.030759877371349612,0.040786395247810345,0.046093957818749386,0.04968992598746179,0.029564893952159915,133.825,225.0,3723.0,0.005,0.005,0.005
nsl_kdd_v2,non-exchangeable by construction,dnn_5class_cw,calibrated_attack_prob,0.02,Probe,200,0.013067076918040847,0.019350419046150105,0.02639209503791249,0.030385472921555315,0.01802336562889509,133.825,225.0,1207.5,0.005,0.005,0.145
nsl_kdd_v2,non-exchangeable by construction,dnn_5class_cw,calibrated_attack_prob,0.02,R2L,200,3.4106412005454998e-06,1.71937446255725e-05,0.0001055509239452425,2.75983005943705e-05,2.75983005943705e-05,133.825,225.0,1445.0,0.005,0.015,0.12
nsl_kdd_v2,non-exchangeable by construction,dnn_5class_cw,calibrated_attack_prob,0.02,all_attacks,200,0.029388142649234516,0.03867749313398968,0.04260578436375498,0.03460132229438593,0.020566060940847262,133.825,225.0,6405.0,0.005,0.39,1.0
nsl_kdd_v2,non-exchangeable by construction,dnn_5class_cw,calibrated_attack_prob,0.05,DoS,200,0.08831704810719745,0.10541129570353913,0.11375057900278901,0.12464830480295239,0.07512220275843089,339.63,564.0,3723.0,0.005,0.005,0.005
nsl_kdd_v2,non-exchangeable by construction,dnn_5class_cw,calibrated_attack_prob,0.05,Probe,200,0.045035950024582744,0.05629662917331268,0.06776939015869297,0.07621023740645014,0.04569589553385758,339.63,564.0,1207.5,0.005,0.01,0.175
nsl_kdd_v2,non-exchangeable by construction,dnn_5class_cw,calibrated_attack_prob,0.05,R2L,200,2.0575521029664497e-05,4.4345666717306e-05,0.000259213846542382,3.8060694907224e-05,3.0988131102845e-05,339.63,564.0,1445.0,0.03,0.035,0.27
nsl_kdd_v2,non-exchangeable by construction,dnn_5class_cw,calibrated_attack_prob,0.05,all_attacks,200,0.08286534850306816,0.09840423943039445,0.10455512931311725,0.08679077977425875,0.052254741505028006,339.63,564.0,6405.0,0.005,1.0,1.0
nsl_kdd_v2,non-exchangeable by construction,dnn_5class_cw,calibrated_attack_prob,0.1,DoS,200,0.1917857552533925,0.2163211020827117,0.22748012319315783,0.24908960190623514,0.1542210864507175,697.42,1127.0,3723.0,0.005,0.005,0.005
nsl_kdd_v2,non-exchangeable by construction,dnn_5class_cw,calibrated_attack_prob,0.1,Probe,200,0.10831095135124613,0.1259509731982055,0.14218227449292736,0.15210563079138487,0.09402602025681155,697.42,1127.0,1207.5,0.005,0.045,0.245
nsl_kdd_v2,non-exchangeable by construction,dnn_5class_cw,calibrated_attack_prob,0.1,R2L,200,0.000150274556083462,0.00032263605212520146,0.00086456123643709,0.00010383279570793699,5.5310706980706004e-05,697.42,1127.0,1445.0,0.095,0.15,0.385
nsl_kdd_v2,non-exchangeable by construction,dnn_5class_cw,calibrated_attack_prob,0.1,all_attacks,200,0.17854710380035482,0.20090593722337263,0.20918341717911704,0.17340777745014985,0.10732628942166357,697.42,1127.0,6405.0,0.85,1.0,1.0
nsl_kdd_v2,non-exchangeable by construction,dnn_5class_cw,calibrated_attack_prob,0.2,DoS,200,0.4113230030882379,0.44492114335197996,0.45828902519643855,0.4982097075546536,0.31656290191624037,1432.315,2254.0,3723.0,0.005,0.005,0.005
nsl_kdd_v2,non-exchangeable by construction,dnn_5class_cw,calibrated_attack_prob,0.2,Probe,200,0.2479809980805517,0.2724371493757003,0.29373822269730154,0.3041817592257045,0.19317518834276548,1432.315,2254.0,1207.5,0.005,0.12,0.31
nsl_kdd_v2,non-exchangeable by construction,dnn_5class_cw,calibrated_attack_prob,0.2,R2L,200,0.000774867534244259,0.0012562688659629962,0.0024096661758920565,0.0002147669972448235,0.000138433955102569,1432.315,2254.0,1445.0,0.235,0.305,0.525
nsl_kdd_v2,non-exchangeable by construction,dnn_5class_cw,calibrated_attack_prob,0.2,all_attacks,200,0.380256333802933,0.41067797746089035,0.4207937553290687,0.346840639655851,0.22035772557454436,1432.315,2254.0,6405.0,1.0,1.0,1.0
nsl_kdd_v2,non-exchangeable by construction,dnn_5class_cw,rare_weighted,0.01,DoS,200,0.0,0.0,0.0,0.0,0.003097641238773888,337.905,113.0,3723.0,0.0,0.0,0.0
nsl_kdd_v2,non-exchangeable by construction,dnn_5class_cw,rare_weighted,0.01,Probe,200,0.0,0.0,9.254183922029889e-05,0.0,0.01931887129290908,337.905,113.0,1207.5,0.0,0.0,0.77
nsl_kdd_v2,non-exchangeable by construction,dnn_5class_cw,rare_weighted,0.01,R2L,200,0.012717961957271125,0.062010417447664626,0.07284577397813877,0.07064387687123684,0.18451721676749616,337.905,113.0,1445.0,0.0,0.275,0.435
nsl_kdd_v2,non-exchangeable by construction,dnn_5class_cw,rare_weighted,0.01,all_attacks,200,0.0003456282426705505,0.0011586289376759068,0.002028180616796335,0.017037349513666415,0.049730517497561015,337.905,113.0,6405.0,0.0,0.0,0.0
nsl_kdd_v2,non-exchangeable by construction,dnn_5class_cw,rare_weighted,0.02,DoS,200,0.0,0.0,0.0,0.0,0.018466502675843342,484.185,225.0,3723.0,0.0,0.0,0.0
nsl_kdd_v2,non-exchangeable by construction,dnn_5class_cw,rare_weighted,0.02,Probe,200,0.0,0.0,0.00020290166557023606,0.007332439516142898,0.028796707638928234,484.185,225.0,1207.5,0.0,0.0,0.005
nsl_kdd_v2,non-exchangeable by construction,dnn_5class_cw,rare_weighted,0.02,R2L,200,0.10544654892845445,0.2149191338128754,0.2314898759625774,0.13521232422967405,0.23326304588349855,484.185,225.0,1445.0,0.215,0.615,0.655
nsl_kdd_v2,non-exchangeable by construction,dnn_5class_cw,rare_weighted,0.02,all_attacks,200,0.0017017409628865296,0.0033933738169824854,0.004718542037990161,0.033962990888114934,0.07213086616203093,484.185,225.0,6405.0,0.0,0.0,0.0
nsl_kdd_v2,non-exchangeable by construction,dnn_5class_cw,rare_weighted,0.05,DoS,200,0.0,0.0,4.7345800548456886e-05,0.026786163192091626,0.03162008196270274,821.49,564.0,3723.0,0.0,0.0,0.0
nsl_kdd_v2,non-exchangeable by construction,dnn_5class_cw,rare_weighted,0.05,Probe,200,0.0,8.6597801849832e-05,0.001418657032479052,0.030324941294123654,0.038871433819123814,821.49,564.0,1207.5,0.0,0.0,0.0
nsl_kdd_v2,non-exchangeable by construction,dnn_5class_cw,rare_weighted,0.05,R2L,200,0.9303301788784674,0.9595578736425568,0.9673640643284651,0.2646034111809847,0.405975634606235,821.49,564.0,1445.0,1.0,1.0,1.0
nsl_kdd_v2,non-exchangeable by construction,dnn_5class_cw,rare_weighted,0.05,all_attacks,200,0.012271963454094939,0.013529866754951422,0.01607195920765385,0.08448747476782234,0.1213303807359536,821.49,564.0,6405.0,0.0,0.0,0.0
nsl_kdd_v2,non-exchangeable by construction,dnn_5class_cw,rare_weighted,0.1,DoS,200,0.0001316490555737015,0.00018665144629694452,0.0007751452986476086,0.04491305845853156,0.06475515896521951,1739.605,1127.0,3723.0,0.0,0.0,0.0
nsl_kdd_v2,non-exchangeable by construction,dnn_5class_cw,rare_weighted,0.1,Probe,200,0.2506414663959603,0.3586038104594976,0.38134113034132355,0.1299412910091534,0.43763793069379103,1739.605,1127.0,1207.5,0.99,1.0,1.0
nsl_kdd_v2,non-exchangeable by construction,dnn_5class_cw,rare_weighted,0.1,R2L,200,0.9575597834778801,0.9629313838772322,0.9704312679914123,0.4682454331879631,0.48555270431975367,1739.605,1127.0,1445.0,1.0,1.0,1.0
nsl_kdd_v2,non-exchangeable by construction,dnn_5class_cw,rare_weighted,0.1,all_attacks,200,0.06631840435568431,0.08748864215321747,0.09342508978409984,0.16031713131988026,0.23391095216463598,1739.605,1127.0,6405.0,0.0,0.0,0.0
nsl_kdd_v2,non-exchangeable by construction,dnn_5class_cw,rare_weighted,0.2,DoS,200,0.030028319871344942,0.06241249753829597,0.06912646356549358,0.06656816538522499,0.2731796875683152,3508.225,2254.0,3723.0,0.01,0.56,0.61
nsl_kdd_v2,non-exchangeable by construction,dnn_5class_cw,rare_weighted,0.2,Probe,200,0.9930384821205913,0.9939667249565213,0.9967736488959938,0.765927567227168,0.9082642690710169,3508.225,2254.0,1207.5,1.0,1.0,1.0
nsl_kdd_v2,non-exchangeable by construction,dnn_5class_cw,rare_weighted,0.2,R2L,200,0.9575597834778801,0.9629313838772322,0.9704312679914123,0.4866111649888619,0.5455826970234283,3508.225,2254.0,1445.0,1.0,1.0,1.0
nsl_kdd_v2,non-exchangeable by construction,dnn_5class_cw,rare_weighted,0.2,all_attacks,200,0.22858144320713034,0.2573313320233861,0.2663919001417379,0.29701417905154454,0.45766195247583996,3508.225,2254.0,6405.0,0.0,0.0,0.0
nsl_kdd_v2,non-exchangeable by construction,dnn_5class_cw,uncalibrated,0.01,DoS,200,0.011640142033567486,0.01921058490496048,0.023190739298182616,0.026718915717696065,0.0046839732487970265,17.455,113.0,3723.0,0.0,0.0,0.0
nsl_kdd_v2,non-exchangeable by construction,dnn_5class_cw,uncalibrated,0.01,Probe,200,0.0,0.0,0.00036135005226515436,0.0064785710100333785,8.322218594174001e-06,17.455,113.0,1207.5,0.0,0.0,0.0
nsl_kdd_v2,non-exchangeable by construction,dnn_5class_cw,uncalibrated,0.01,R2L,200,0.0,0.0,0.0,0.0,0.0,17.455,113.0,1445.0,0.0,0.0,0.0
nsl_kdd_v2,non-exchangeable by construction,dnn_5class_cw,uncalibrated,0.01,all_attacks,200,0.009625447770044706,0.015737642648434993,0.01845746102665578,0.016745372981419877,0.0027236117111503807,17.455,113.0,6405.0,0.0,0.0,1.0
nsl_kdd_v2,non-exchangeable by construction,dnn_5class_cw,uncalibrated,0.02,DoS,200,0.03118782971332929,0.04308587928528352,0.04882225215882889,0.05505774083652991,0.011911476018016908,54.665,225.0,3723.0,0.0,0.0,0.0
nsl_kdd_v2,non-exchangeable by construction,dnn_5class_cw,uncalibrated,0.02,Probe,200,0.0,0.0,0.0003734679740617247,0.006908913989668448,0.006457893959292948,54.665,225.0,1207.5,0.0,0.0,0.0
nsl_kdd_v2,non-exchangeable by construction,dnn_5class_cw,uncalibrated,0.02,R2L,200,0.0,0.0,0.0,0.0,0.0,54.665,225.0,1445.0,0.0,0.0,0.0
nsl_kdd_v2,non-exchangeable by construction,dnn_5class_cw,uncalibrated,0.02,all_attacks,200,0.025282750966296064,0.03461179073130198,0.03852410710475015,0.033292146907780325,0.008138184633164009,54.665,225.0,6405.0,0.0,0.995,1.0
nsl_kdd_v2,non-exchangeable by construction,dnn_5class_cw,uncalibrated,0.05,DoS,200,0.09928513181574906,0.1191939274677335,0.12814534514519527,0.14347555370166548,0.037401337448955616,156.325,564.0,3723.0,0.0,0.0,0.0
nsl_kdd_v2,non-exchangeable by construction,dnn_5class_cw,uncalibrated,0.05,Probe,200,0.0,4.2016806722685e-06,0.0009635845672624988,0.008048137094095398,0.0064785710100333785,156.325,564.0,1207.5,0.0,0.0,0.0
nsl_kdd_v2,non-exchangeable by construction,dnn_5class_cw,uncalibrated,0.05,R2L,200,0.0,0.0,0.0,0.0,0.0,156.325,564.0,1445.0,0.0,0.0,0.0
nsl_kdd_v2,non-exchangeable by construction,dnn_5class_cw,uncalibrated,0.05,all_attacks,200,0.07904255994597136,0.09465618624448816,0.10080244661550732,0.08488005383351385,0.022954349751914727,156.325,564.0,6405.0,0.0,1.0,1.0
nsl_kdd_v2,non-exchangeable by construction,dnn_5class_cw,uncalibrated,0.1,DoS,200,0.22079541149565396,0.24844914350483358,0.2602403962325192,0.29273106509839275,0.08497381344846638,340.385,1127.0,3723.0,0.0,0.0,0.0
nsl_kdd_v2,non-exchangeable by construction,dnn_5class_cw,uncalibrated,0.1,Probe,200,0.001117346229218865,0.004110294158937249,0.008032200399204464,0.012781778856792271,0.007273490783797898,340.385,1127.0,1207.5,0.0,0.0,0.085
nsl_kdd_v2,non-exchangeable by construction,dnn_5class_cw,uncalibrated,0.1,R2L,200,0.0,0.0,0.0,0.0,0.0,340.385,1127.0,1445.0,0.0,0.0,0.0
nsl_kdd_v2,non-exchangeable by construction,dnn_5class_cw,uncalibrated,0.1,all_attacks,200,0.1752335041665315,0.19769977659114102,0.2059841350028609,0.1724934159205901,0.05074577435044361,340.385,1127.0,6405.0,0.955,1.0,1.0
nsl_kdd_v2,non-exchangeable by construction,dnn_5class_cw,uncalibrated,0.2,DoS,200,0.46551068176059796,0.5042451478554419,0.517724139925515,0.5788467747139198,0.2922890743743443,1125.37,2254.0,3723.0,0.0,0.0,0.0
nsl_kdd_v2,non-exchangeable by construction,dnn_5class_cw,uncalibrated,0.2,Probe,200,0.04532823093382962,0.04942845133699768,0.06050544315105792,0.06221209306722996,0.012749081663822543,1125.37,2254.0,1207.5,0.015,0.04,0.4
nsl_kdd_v2,non-exchangeable by construction,dnn_5class_cw,uncalibrated,0.2,R2L,200,0.0,0.0,0.0,0.0,0.0,1125.37,2254.0,1445.0,0.0,0.0,0.0
nsl_kdd_v2,non-exchangeable by construction,dnn_5class_cw,uncalibrated,0.2,all_attacks,200,0.37800083163933157,0.40857823286262374,0.41870697633082943,0.3480525877455185,0.17224196833688069,1125.37,2254.0,6405.0,1.0,1.0,1.0
nsl_kdd_v2,non-exchangeable by construction,dnn_5class_smote,calibrated_attack_prob,0.01,DoS,200,0.008814386783230453,0.014899592028230036,0.01844722372450597,0.02366478896625356,0.010880487963377592,52.525,113.0,3723.0,0.0,0.0,0.0
nsl_kdd_v2,non-exchangeable by construction,dnn_5class_smote,calibrated_attack_prob,0.01,Probe,200,0.004234825234810077,0.009119920151352299,0.014472134315870872,0.017715706220916685,0.0083886841834995,52.525,113.0,1207.5,0.0,0.015,0.235
nsl_kdd_v2,non-exchangeable by construction,dnn_5class_smote,calibrated_attack_prob,0.01,R2L,200,0.0003160819866444265,0.000970481610164332,0.001924342800721452,0.0002978773881047715,0.00027025245369721203,52.525,113.0,1445.0,0.105,0.24,0.405
nsl_kdd_v2,non-exchangeable by construction,dnn_5class_smote,calibrated_attack_prob,0.01,all_attacks,200,0.009593494189219214,0.015704913930338734,0.018421779464618072,0.017167526013106185,0.007971460909617051,52.525,113.0,6405.0,0.0,0.0,1.0
nsl_kdd_v2,non-exchangeable by construction,dnn_5class_smote,calibrated_attack_prob,0.02,DoS,200,0.024172946758182108,0.033643418750053396,0.038771885415377086,0.04722577417953556,0.024517265538244362,117.07,225.0,3723.0,0.0,0.0,0.0
nsl_kdd_v2,non-exchangeable by construction,dnn_5class_smote,calibrated_attack_prob,0.02,Probe,200,0.01587194198560205,0.0242999657778708,0.032420340327487224,0.03543716867335092,0.018402131633008807,117.07,225.0,1207.5,0.0,0.035,0.355
nsl_kdd_v2,non-exchangeable by construction,dnn_5class_smote,calibrated_attack_prob,0.02,R2L,200,0.001682669742748296,0.003252639702468206,0.005185989805430368,0.0003569637391873545,0.00029775388886750303,117.07,225.0,1445.0,0.315,0.425,0.6
nsl_kdd_v2,non-exchangeable by construction,dnn_5class_smote,calibrated_attack_prob,0.02,all_attacks,200,0.02524534507378532,0.03457282343504381,0.03848349855313518,0.03421878549780974,0.01779115192339047,117.07,225.0,6405.0,0.0,0.735,1.0
nsl_kdd_v2,non-exchangeable by construction,dnn_5class_smote,calibrated_attack_prob,0.05,DoS,200,0.07820867613353029,0.09436703387487907,0.10247933446809764,0.1187897906817539,0.06694634455724928,317.885,564.0,3723.0,0.0,0.0,0.0
nsl_kdd_v2,non-exchangeable by construction,dnn_5class_smote,calibrated_attack_prob,0.05,Probe,200,0.0604764981539778,0.07536776349163006,0.08860968790810997,0.08836510202185362,0.049624826060643216,317.885,564.0,1207.5,0.0,0.11,0.515
nsl_kdd_v2,non-exchangeable by construction,dnn_5class_smote,calibrated_attack_prob,0.05,R2L,200,0.009428638724940012,0.013821607183222834,0.018023110315037432,0.0006135410395248356,0.00043277196549755553,317.885,564.0,1445.0,0.585,0.65,0.765
nsl_kdd_v2,non-exchangeable by construction,dnn_5class_smote,calibrated_attack_prob,0.05,all_attacks,200,0.0789942157825881,0.09460162594498771,0.1007518062507437,0.08586249531930461,0.048381600695952924,317.885,564.0,6405.0,0.0,1.0,1.0
nsl_kdd_v2,non-exchangeable by construction,dnn_5class_smote,calibrated_attack_prob,0.1,DoS,200,0.17558608868311004,0.19876441312740614,0.20969981585385966,0.23757221609937798,0.1410052364324644,669.73,1127.0,3723.0,0.0,0.0,0.0
nsl_kdd_v2,non-exchangeable by construction,dnn_5class_smote,calibrated_attack_prob,0.1,Probe,200,0.14650881179698244,0.16938783483972195,0.1877284695709266,0.17564275540166335,0.10501324815296088,669.73,1127.0,1207.5,0.015,0.37,0.74
nsl_kdd_v2,non-exchangeable by construction,dnn_5class_smote,calibrated_attack_prob,0.1,R2L,200,0.030086059339052004,0.038645284522023815,0.04565434718466917,0.0010604553615070544,0.000699988149069935,669.73,1127.0,1445.0,0.715,0.815,0.905
nsl_kdd_v2,non-exchangeable by construction,dnn_5class_smote,calibrated_attack_prob,0.1,all_attacks,200,0.17516567576692604,0.1976287963919167,0.20591189472277466,0.17146628181015322,0.10194110307874073,669.73,1127.0,6405.0,0.98,1.0,1.0
nsl_kdd_v2,non-exchangeable by construction,dnn_5class_smote,calibrated_attack_prob,0.2,DoS,200,0.38215451093585046,0.4138560219839736,0.4271795775166393,0.4752156646840752,0.29260682965049084,1389.05,2254.0,3723.0,0.0,0.0,0.0
nsl_kdd_v2,non-exchangeable by construction,dnn_5class_smote,calibrated_attack_prob,0.2,Probe,200,0.33504368970974513,0.36706187253672995,0.39009067411335946,0.35130557587956096,0.21696288750155174,1389.05,2254.0,1207.5,0.195,0.805,0.995
nsl_kdd_v2,non-exchangeable by construction,dnn_5class_smote,calibrated_attack_prob,0.2,R2L,200,0.08591951864696419,0.1001012655450349,0.11103412201377201,0.0018745428081934415,0.001244790232130983,1389.05,2254.0,1445.0,0.91,0.96,0.985
nsl_kdd_v2,non-exchangeable by construction,dnn_5class_smote,calibrated_attack_prob,0.2,all_attacks,200,0.3779018358839098,0.4084776676526707,0.4186049690748775,0.3429677783453286,0.21131769774197867,1389.05,2254.0,6405.0,1.0,1.0,1.0
nsl_kdd_v2,non-exchangeable by construction,dnn_5class_smote,rare_weighted,0.01,DoS,200,0.0,0.0,5.6465218800414285e-08,0.0011407837142571335,0.0017547826110263982,120.075,113.0,3723.0,0.0,0.0,0.0
nsl_kdd_v2,non-exchangeable by construction,dnn_5class_smote,rare_weighted,0.01,Probe,200,0.0,0.0,9.902123642480452e-05,0.005960835880537142,0.006441208500815701,120.075,113.0,1207.5,0.0,0.0,0.0
nsl_kdd_v2,non-exchangeable by construction,dnn_5class_smote,rare_weighted,0.01,R2L,200,0.47617864032130625,0.8784290782866971,0.8916819109700298,0.05354898899550445,0.05648212616861669,120.075,113.0,1445.0,1.0,1.0,1.0
nsl_kdd_v2,non-exchangeable by construction,dnn_5class_smote,rare_weighted,0.01,all_attacks,200,0.006649471963931564,0.011975671733452249,0.014371068439715877,0.01624049562621471,0.017356519102065888,120.075,113.0,6405.0,0.0,0.0,0.0
nsl_kdd_v2,non-exchangeable by construction,dnn_5class_smote,rare_weighted,0.02,DoS,200,0.0,6.6878298746575e-06,0.0003748920650831219,0.008329123222085037,0.01255609894384143,369.855,225.0,3723.0,0.0,0.0,0.0
nsl_kdd_v2,non-exchangeable by construction,dnn_5class_smote,rare_weighted,0.02,Probe,200,0.0,0.0018090520089131894,0.003939622907394248,0.015471314625574897,0.03986019371475142,369.855,225.0,1207.5,0.0,0.01,0.055
nsl_kdd_v2,non-exchangeable by construction,dnn_5class_smote,rare_weighted,0.02,R2L,200,0.9278197267313502,0.9451027117298542,0.9542315234406581,0.10246159390861674,0.16947638788396024,369.855,225.0,1445.0,1.0,1.0,1.0
nsl_kdd_v2,non-exchangeable by construction,dnn_5class_smote,rare_weighted,0.02,all_attacks,200,0.012137298862310037,0.014377318616771478,0.016984701958055636,0.03349707684450962,0.05594190989484609,369.855,225.0,6405.0,0.0,0.0,0.0
nsl_kdd_v2,non-exchangeable by construction,dnn_5class_smote,rare_weighted,0.05,DoS,200,1.3462574044155001e-06,9.367024765287001e-06,0.00041683702309757326,0.02289545142969536,0.02295865082851832,663.875,564.0,3723.0,0.0,0.0,0.0
nsl_kdd_v2,non-exchangeable by construction,dnn_5class_smote,rare_weighted,0.05,Probe,200,0.2057870561544035,0.2827394572557824,0.3044073642103361,0.13050659533323566,0.20530369630809647,663.875,564.0,1207.5,1.0,1.0,1.0
nsl_kdd_v2,non-exchangeable by construction,dnn_5class_smote,rare_weighted,0.05,R2L,200,0.9421264461204367,0.9481843310402305,0.9570365623905674,0.19634008446348836,0.19635073856440402,663.875,564.0,1445.0,1.0,1.0,1.0
nsl_kdd_v2,non-exchangeable by construction,dnn_5class_smote,rare_weighted,0.05,all_attacks,200,0.05704961171173997,0.0723098140294661,0.07777210592701037,0.08534929702175098,0.09948654013384878,663.875,564.0,6405.0,0.0,0.0,0.0
nsl_kdd_v2,non-exchangeable by construction,dnn_5class_smote,rare_weighted,0.1,DoS,200,1.3462574044155001e-06,9.367024765287001e-06,0.00041683702309757326,0.024014367790500864,0.02296536262276304,1017.0,1127.0,3723.0,0.0,0.0,0.0
nsl_kdd_v2,non-exchangeable by construction,dnn_5class_smote,rare_weighted,0.1,Probe,200,0.7123673872258709,0.8323285092524815,0.8493597824354815,0.5491190620668189,0.4808125636139006,1017.0,1127.0,1207.5,1.0,1.0,1.0
nsl_kdd_v2,non-exchangeable by construction,dnn_5class_smote,rare_weighted,0.1,R2L,200,0.9421264461204367,0.9481843310402305,0.9570365623905674,0.19635783582865798,0.19635073856440402,1017.0,1127.0,1445.0,1.0,1.0,1.0
nsl_kdd_v2,non-exchangeable by construction,dnn_5class_smote,rare_weighted,0.1,all_attacks,200,0.15243144152249216,0.1747197844312815,0.18262715495978693,0.16485031934092073,0.15139733487981114,1017.0,1127.0,6405.0,0.0,1.0,1.0
nsl_kdd_v2,non-exchangeable by construction,dnn_5class_smote,rare_weighted,0.2,DoS,200,0.16492081940597164,0.20206392257778574,0.21305511079216224,0.20614123208214089,0.10372763464406319,1845.89,2254.0,3723.0,0.0,0.34,0.765
nsl_kdd_v2,non-exchangeable by construction,dnn_5class_smote,rare_weighted,0.2,Probe,200,0.9918433346678497,0.9927417977353623,0.9959666778962655,0.7855195377322508,0.7685628202883292,1845.89,2254.0,1207.5,1.0,1.0,1.0
nsl_kdd_v2,non-exchangeable by construction,dnn_5class_smote,rare_weighted,0.2,R2L,200,0.9575597834778801,0.9629313838772322,0.9704312679914123,0.22175654572920794,0.22175654572920794,1845.89,2254.0,1445.0,1.0,1.0,1.0
nsl_kdd_v2,non-exchangeable by construction,dnn_5class_smote,rare_weighted,0.2,all_attacks,200,0.34056211729156743,0.3709920430205356,0.38095660753960436,0.32124052093497596,0.2585279543774549,1845.89,2254.0,6405.0,1.0,1.0,1.0
nsl_kdd_v2,non-exchangeable by construction,dnn_5class_smote,uncalibrated,0.01,DoS,200,0.00981382165265019,0.017053847684772312,0.02082175535764911,0.01896676429786706,0.004847255027761019,29.375,113.0,3723.0,0.0,0.04,0.95
nsl_kdd_v2,non-exchangeable by construction,dnn_5class_smote,uncalibrated,0.01,Probe,200,0.0019390164953800196,0.003401125462306627,0.007070602118274898,0.028473337126501547,0.008134643514739576,29.375,113.0,1207.5,0.0,0.0,0.0
nsl_kdd_v2,non-exchangeable by construction,dnn_5class_smote,uncalibrated,0.01,R2L,200,0.0,0.0,0.0,0.0,0.0,29.375,113.0,1445.0,0.0,0.0,0.0
nsl_kdd_v2,non-exchangeable by construction,dnn_5class_smote,uncalibrated,0.01,all_attacks,200,0.009625447770044706,0.015737642648434993,0.01845746102665578,0.016384980492797564,0.004349627062091262,29.375,113.0,6405.0,0.0,0.025,1.0
nsl_kdd_v2,non-exchangeable by construction,dnn_5class_smote,uncalibrated,0.02,DoS,200,0.027045328783597077,0.037462679603453224,0.04284288715148527,0.039751324130975846,0.008590697458189033,45.245,225.0,3723.0,0.0,0.075,0.975
nsl_kdd_v2,non-exchangeable by construction,dnn_5class_smote,uncalibrated,0.02,Probe,200,0.007976786657739973,0.012955242077418905,0.01921534798773195,0.05175298228869018,0.009032424208508022,45.245,225.0,1207.5,0.0,0.0,0.0
nsl_kdd_v2,non-exchangeable by construction,dnn_5class_smote,uncalibrated,0.02,R2L,200,0.0,0.0,0.0,0.0001039013874395165,0.0,45.245,225.0,1445.0,0.0,0.0,0.0
nsl_kdd_v2,non-exchangeable by construction,dnn_5class_smote,uncalibrated,0.02,all_attacks,200,0.025282750966296064,0.03461179073130198,0.03852410710475015,0.032869803172453395,0.00669428748676926,45.245,225.0,6405.0,0.0,1.0,1.0
nsl_kdd_v2,non-exchangeable by construction,dnn_5class_smote,uncalibrated,0.05,DoS,200,0.08622477942361732,0.1004575608303996,0.10878540445740505,0.09319912972608545,0.02519938647759991,143.125,564.0,3723.0,0.0,1.0,1.0
nsl_kdd_v2,non-exchangeable by construction,dnn_5class_smote,uncalibrated,0.05,Probe,200,0.035239307700663185,0.05672470033239112,0.0684879956092222,0.1532702082613597,0.03237971924734564,143.125,564.0,1207.5,0.0,0.0,0.0
nsl_kdd_v2,non-exchangeable by construction,dnn_5class_smote,uncalibrated,0.05,R2L,200,0.0,0.0,0.0,0.0003500634952316445,0.0,143.125,564.0,1445.0,0.0,0.0,0.0
nsl_kdd_v2,non-exchangeable by construction,dnn_5class_smote,uncalibrated,0.05,all_attacks,200,0.07904255994597136,0.09465618624448816,0.10080244661550732,0.0831033896672155,0.0207431777775025,143.125,564.0,6405.0,0.0,1.0,1.0
nsl_kdd_v2,non-exchangeable by construction,dnn_5class_smote,uncalibrated,0.1,DoS,200,0.18216914430360312,0.20683560624980035,0.2179169332637227,0.21580484161006322,0.05462508854697944,314.375,1127.0,3723.0,0.0,0.01,0.71
nsl_kdd_v2,non-exchangeable by construction,dnn_5class_smote,uncalibrated,0.1,Probe,200,0.12815381060502962,0.14613038665150574,0.16348481450323996,0.23540305585397384,0.07445175722216313,314.375,1127.0,1207.5,0.0,0.0,0.0
nsl_kdd_v2,non-exchangeable by construction,dnn_5class_smote,uncalibrated,0.1,R2L,200,0.0,0.0,0.0,0.0003500634952316445,0.0003500634952316445,314.375,1127.0,1445.0,0.0,0.0,0.0
nsl_kdd_v2,non-exchangeable by construction,dnn_5class_smote,uncalibrated,0.1,all_attacks,200,0.1752335041665315,0.19769977659114102,0.2059841350028609,0.1698186204168011,0.045845514185255426,314.375,1127.0,6405.0,1.0,1.0,1.0
nsl_kdd_v2,non-exchangeable by construction,dnn_5class_smote,uncalibrated,0.2,DoS,200,0.37679494606645364,0.4096548895713758,0.4229603065319472,0.4755820069268885,0.15169593044492427,845.765,2254.0,3723.0,0.0,0.0,0.0
nsl_kdd_v2,non-exchangeable by construction,dnn_5class_smote,uncalibrated,0.2,Probe,200,0.36949199228334,0.39826505241980364,0.42161328713373963,0.3639910736224045,0.20153120653994158,845.765,2254.0,1207.5,0.66,0.99,1.0
nsl_kdd_v2,non-exchangeable by construction,dnn_5class_smote,uncalibrated,0.2,R2L,200,0.0,0.0,0.0,0.0003500634952316445,0.0003500634952316445,845.765,2254.0,1445.0,0.0,0.0,0.0
nsl_kdd_v2,non-exchangeable by construction,dnn_5class_smote,uncalibrated,0.2,all_attacks,200,0.37800083163933157,0.40857823286262374,0.41870697633082943,0.34498744197473846,0.12619069664886443,845.765,2254.0,6405.0,1.0,1.0,1.0
nsl_kdd_v2,non-exchangeable by construction,rf_5class_cw,calibrated_attack_prob,0.01,DoS,200,0.03554294417971245,0.041003166645169085,0.04520932822551383,0.022825123230338248,0.03363133571591925,166.92,113.0,3723.0,0.125,0.125,0.13
nsl_kdd_v2,non-exchangeable by construction,rf_5class_cw,calibrated_attack_prob,0.01,Probe,200,0.029985086678675946,0.0347434009555837,0.041450486020322766,0.01929873931593444,0.0292842328259179,166.92,113.0,1207.5,0.12,0.12,0.3
nsl_kdd_v2,non-exchangeable by construction,rf_5class_cw,calibrated_attack_prob,0.01,R2L,200,0.019976107893065788,0.022831559478831052,0.02656604941870853,0.000294887314796074,0.000336478638719655,166.92,113.0,1445.0,0.48,0.675,0.865
nsl_kdd_v2,non-exchangeable by construction,rf_5class_cw,calibrated_attack_prob,0.01,all_attacks,200,0.036824818102287396,0.042341229854738274,0.04559100654858378,0.01697495240535658,0.02513656550610255,166.92,113.0,6405.0,0.13,0.13,1.0
nsl_kdd_v2,non-exchangeable by construction,rf_5class_cw,calibrated_attack_prob,0.02,DoS,200,0.04874331774024396,0.057368549139164254,0.06295386254075808,0.04539134705058184,0.046301029236077484,228.895,225.0,3723.0,0.105,0.115,0.13
nsl_kdd_v2,non-exchangeable by construction,rf_5class_cw,calibrated_attack_prob,0.02,Probe,200,0.04054978781591901,0.04889299702967222,0.05812180058971918,0.039156325171686795,0.039805005122468484,228.895,225.0,1207.5,0.1,0.12,0.27
nsl_kdd_v2,non-exchangeable by construction,rf_5class_cw,calibrated_attack_prob,0.02,R2L,200,0.02434625157211502,0.02952496432348991,0.03524127493615158,0.000388078488741003,0.00036758485694331455,228.895,225.0,1445.0,0.84,0.925,0.99
nsl_kdd_v2,non-exchangeable by construction,rf_5class_cw,calibrated_attack_prob,0.02,all_attacks,200,0.05055540776225153,0.059168327209335014,0.06347237865106452,0.033853124611112,0.03448819450035646,228.895,225.0,6405.0,0.125,0.94,1.0
nsl_kdd_v2,non-exchangeable by construction,rf_5class_cw,calibrated_attack_prob,0.05,DoS,200,0.0975471022993192,0.1133482427579227,0.12165636803746524,0.11433491992172243,0.08731214429979067,430.765,564.0,3723.0,0.08,0.1,0.11
nsl_kdd_v2,non-exchangeable by construction,rf_5class_cw,calibrated_attack_prob,0.05,Probe,200,0.08364378477436302,0.09898491092168292,0.11299328049351334,0.09814435948285836,0.0748884031416058,430.765,564.0,1207.5,0.085,0.115,0.385
nsl_kdd_v2,non-exchangeable by construction,rf_5class_cw,calibrated_attack_prob,0.05,R2L,200,0.05056443520068903,0.06511824745761799,0.07541793866180081,0.0005547524550602845,0.0005021743236167355,430.765,564.0,1445.0,1.0,1.0,1.0
nsl_kdd_v2,non-exchangeable by construction,rf_5class_cw,calibrated_attack_prob,0.05,all_attacks,200,0.10018380439836157,0.11571786483784342,0.12207712005789309,0.08508020303767642,0.06497107601212554,430.765,564.0,6405.0,0.12,1.0,1.0
nsl_kdd_v2,non-exchangeable by construction,rf_5class_cw,calibrated_attack_prob,0.1,DoS,200,0.1923116927198165,0.2128310982696097,0.22377816345907484,0.22904291763454723,0.16454779048468915,810.47,1127.0,3723.0,0.085,0.09,0.105
nsl_kdd_v2,non-exchangeable by construction,rf_5class_cw,calibrated_attack_prob,0.1,Probe,200,0.17224494519290542,0.19384674691636797,0.21267357241505344,0.19490513571846854,0.14069174081383812,810.47,1127.0,1207.5,0.105,0.17,0.58
nsl_kdd_v2,non-exchangeable by construction,rf_5class_cw,calibrated_attack_prob,0.1,R2L,200,0.11898490703494481,0.14019249387307883,0.15521917188481915,0.0008089016545533454,0.00069053747538707,810.47,1127.0,1445.0,1.0,1.0,1.0
nsl_kdd_v2,non-exchangeable by construction,rf_5class_cw,calibrated_attack_prob,0.1,all_attacks,200,0.1956983842568216,0.21590489729588902,0.22427033910980562,0.17003969734055943,0.12230971257133699,810.47,1127.0,6405.0,1.0,1.0,1.0
nsl_kdd_v2,non-exchangeable by construction,rf_5class_cw,calibrated_attack_prob,0.2,DoS,200,0.39291296956762495,0.42164840100076195,0.43485965209755056,0.4580880843797624,0.32271484963197067,1587.585,2254.0,3723.0,0.065,0.075,0.085
nsl_kdd_v2,non-exchangeable by construction,rf_5class_cw,calibrated_attack_prob,0.2,Probe,200,0.367617796077166,0.3984530383118516,0.4215389592529211,0.3902275911472167,0.27464686311484365,1587.585,2254.0,1207.5,0.105,0.4,0.845
nsl_kdd_v2,non-exchangeable by construction,rf_5class_cw,calibrated_attack_prob,0.2,R2L,200,0.2771930592560491,0.3091413791896235,0.32916949679505186,0.0013819588020550335,0.001037852151521879,1587.585,2254.0,1445.0,1.0,1.0,1.0
nsl_kdd_v2,non-exchangeable by construction,rf_5class_cw,calibrated_attack_prob,0.2,all_attacks,200,0.3967775560563066,0.4249931176552614,0.4350681927386441,0.3400986472996557,0.2395536635532473,1587.585,2254.0,6405.0,1.0,1.0,1.0
nsl_kdd_v2,non-exchangeable by construction,rf_5class_cw,rare_weighted,0.01,DoS,200,0.0,0.0,0.0,0.0,7.6676158399985e-05,81.45,113.0,3723.0,0.0,0.0,0.0
nsl_kdd_v2,non-exchangeable by construction,rf_5class_cw,rare_weighted,0.01,Probe,200,0.0,0.0,0.0002386313087834054,2.5211998527182e-05,0.000120447770033293,81.45,113.0,1207.5,0.0,0.0,0.725
nsl_kdd_v2,non-exchangeable by construction,rf_5class_cw,rare_weighted,0.01,R2L,200,0.6283770017825041,0.9236329711307707,0.9341704886088068,0.056464378060982943,0.035866845709863426,81.45,113.0,1445.0,1.0,1.0,1.0
nsl_kdd_v2,non-exchangeable by construction,rf_5class_cw,rare_weighted,0.01,all_attacks,200,0.008548755788424772,0.012571026321735502,0.015020458337456997,0.01659870317629878,0.011818808721037641,81.45,113.0,6405.0,0.0,0.0,0.02
nsl_kdd_v2,non-exchangeable by construction,rf_5class_cw,rare_weighted,0.02,DoS,200,0.0,0.0,2.779315125086974e-05,0.00012342592598242749,0.05414804854516092,930.795,225.0,3723.0,0.0,0.0,0.385
nsl_kdd_v2,non-exchangeable by construction,rf_5class_cw,rare_weighted,0.02,Probe,200,0.007688810605080461,0.04361746359600726,0.054011819081285474,0.00040243101526039096,0.0412533198363612,930.795,225.0,1207.5,0.805,1.0,1.0
nsl_kdd_v2,non-exchangeable by construction,rf_5class_cw,rare_weighted,0.02,R2L,200,0.9575597834778801,0.9629313838772322,0.9704312679914123,0.1317387105689945,0.41936006445296214,930.795,225.0,1445.0,1.0,1.0,1.0
nsl_kdd_v2,non-exchangeable by construction,rf_5class_cw,rare_weighted,0.02,all_attacks,200,0.015512874057320158,0.024206836554817084,0.027522333356914654,0.03376860066336779,0.13805234301798713,930.795,225.0,6405.0,0.0,0.0,0.0
nsl_kdd_v2,non-exchangeable by construction,rf_5class_cw,rare_weighted,0.05,DoS,200,0.0,0.0,2.8175690301540237e-05,0.014899949030146728,0.05528944009518808,1086.11,564.0,3723.0,0.0,0.0,0.0
nsl_kdd_v2,non-exchangeable by construction,rf_5class_cw,rare_weighted,0.05,Probe,200,0.26517869335220245,0.3436296987208488,0.3663622079159683,0.009265633726511919,0.15733644681651776,1086.11,564.0,1207.5,1.0,1.0,1.0
nsl_kdd_v2,non-exchangeable by construction,rf_5class_cw,rare_weighted,0.05,R2L,200,0.9575597834778801,0.9629313838772322,0.9704312679914123,0.31051260273927617,0.42535211768664966,1086.11,564.0,1445.0,1.0,1.0,1.0
nsl_kdd_v2,non-exchangeable by construction,rf_5class_cw,rare_weighted,0.05,all_attacks,200,0.0682201474657135,0.0836730939607209,0.08949891069484323,0.08458861208795937,0.16193196656898345,1086.11,564.0,6405.0,0.0,0.33,1.0
nsl_kdd_v2,non-exchangeable by construction,rf_5class_cw,rare_weighted,0.1,DoS,200,0.0,0.0,2.855985573997995e-05,0.0553338450628576,0.05550335785293368,1327.495,1127.0,3723.0,0.0,0.0,0.0
nsl_kdd_v2,non-exchangeable by construction,rf_5class_cw,rare_weighted,0.1,Probe,200,0.7797658967652294,0.9021717959634585,0.915377235286606,0.19055662448546426,0.3542392855178445,1327.495,1127.0,1207.5,1.0,1.0,1.0
nsl_kdd_v2,non-exchangeable by construction,rf_5class_cw,rare_weighted,0.1,R2L,200,0.9575597834778801,0.9629313838772322,0.9704312679914123,0.42543271623741935,0.4255997006715289,1327.495,1127.0,1445.0,1.0,1.0,1.0
nsl_kdd_v2,non-exchangeable by construction,rf_5class_cw,rare_weighted,0.1,all_attacks,200,0.1640287105156139,0.1862537175667247,0.19435477564649895,0.16824304082524055,0.1992073528893081,1327.495,1127.0,6405.0,0.015,1.0,1.0
nsl_kdd_v2,non-exchangeable by construction,rf_5class_cw,rare_weighted,0.2,DoS,200,0.1865837295989024,0.22397534735029748,0.23537543528536792,0.13367384309097202,0.39355889218601264,3584.445,2254.0,3723.0,1.0,1.0,1.0
nsl_kdd_v2,non-exchangeable by construction,rf_5class_cw,rare_weighted,0.2,Probe,200,0.9918332970153088,0.9927517984188872,0.9959610223474339,0.7360853034878041,0.9485878221488322,3584.445,2254.0,1207.5,1.0,1.0,1.0
nsl_kdd_v2,non-exchangeable by construction,rf_5class_cw,rare_weighted,0.2,R2L,200,0.9575597834778801,0.9629313838772322,0.9704312679914123,0.4769696354840138,0.5127551282787617,3584.445,2254.0,1445.0,1.0,1.0,1.0
nsl_kdd_v2,non-exchangeable by construction,rf_5class_cw,rare_weighted,0.2,all_attacks,200,0.35815435835676174,0.388655250558494,0.39870812684388773,0.32821628514229767,0.5274286742193857,3584.445,2254.0,6405.0,1.0,1.0,1.0
nsl_kdd_v2,non-exchangeable by construction,rf_5class_cw,uncalibrated,0.01,DoS,200,0.5568925184932915,0.5600911215959943,0.5640335332476922,0.02561850630691395,0.354333557381824,1563.44,113.0,3723.0,0.57,0.57,0.57
nsl_kdd_v2,non-exchangeable by construction,rf_5class_cw,uncalibrated,0.01,Probe,200,0.49014198114499835,0.4943356559194122,0.5055807915911613,0.013889439784117608,0.1926928745585353,1563.44,113.0,1207.5,0.575,0.605,0.81
nsl_kdd_v2,non-exchangeable by construction,rf_5class_cw,uncalibrated,0.01,R2L,200,0.21374741641836628,0.22066734261524887,0.23330117422171426,0.0,0.0,1563.44,113.0,1445.0,0.67,0.74,0.855
nsl_kdd_v2,non-exchangeable by construction,rf_5class_cw,uncalibrated,0.01,all_attacks,200,0.541315093426811,0.5445784083778072,0.5483666604492725,0.01750312690087358,0.24216655494820555,1563.44,113.0,6405.0,0.57,0.57,1.0
nsl_kdd_v2,non-exchangeable by construction,rf_5class_cw,uncalibrated,0.02,DoS,200,0.5635544997981156,0.5681568528795006,0.5727842509004053,0.05100503942713407,0.35940545696079906,1585.63,225.0,3723.0,0.57,0.57,0.57
nsl_kdd_v2,non-exchangeable by construction,rf_5class_cw,uncalibrated,0.02,Probe,200,0.4949518569859685,0.500736325499832,0.5131678450060276,0.02761444537796595,0.195282860285294,1585.63,225.0,1207.5,0.575,0.65,0.915
nsl_kdd_v2,non-exchangeable by construction,rf_5class_cw,uncalibrated,0.02,R2L,200,0.2144745890764382,0.2220109130365044,0.23519972965688946,0.0,0.0,1585.63,225.0,1445.0,0.795,0.85,0.945
nsl_kdd_v2,non-exchangeable by construction,rf_5class_cw,uncalibrated,0.02,all_attacks,200,0.5480434442186505,0.5526891106883796,0.5569900583152755,0.03484004828785331,0.24560295788539332,1585.63,225.0,6405.0,0.57,0.66,1.0
nsl_kdd_v2,non-exchangeable by construction,rf_5class_cw,uncalibrated,0.05,DoS,200,0.586834391795314,0.5942794178949571,0.6001855816539979,0.1276638901460722,0.3759680245305372,1658.68,564.0,3723.0,0.57,0.57,0.57
nsl_kdd_v2,non-exchangeable by construction,rf_5class_cw,uncalibrated,0.05,Probe,200,0.5136154518522251,0.5223194766959771,0.5369497936303469,0.07006474335239835,0.20419635903209765,1658.68,564.0,1207.5,0.59,0.855,0.995
nsl_kdd_v2,non-exchangeable by construction,rf_5class_cw,uncalibrated,0.05,R2L,200,0.2190351519307102,0.22823335429483355,0.2429472306160132,0.0,0.0,1658.68,564.0,1445.0,0.98,0.985,1.0
nsl_kdd_v2,non-exchangeable by construction,rf_5class_cw,uncalibrated,0.05,all_attacks,200,0.5711437216376111,0.5784908649908972,0.5837533912186773,0.0873792660741768,0.2569077408035639,1658.68,564.0,6405.0,0.57,1.0,1.0
nsl_kdd_v2,non-exchangeable by construction,rf_5class_cw,uncalibrated,0.1,DoS,200,0.6288246508943302,0.6393215190181093,0.6464384086338576,0.25528666615575163,0.40359541904146184,1781.45,1127.0,3723.0,0.57,0.57,0.57
nsl_kdd_v2,non-exchangeable by construction,rf_5class_cw,uncalibrated,0.1,Probe,200,0.5495436475216703,0.5616162017768087,0.5783714297795758,0.13931481394144415,0.21996285925917436,1781.45,1127.0,1207.5,0.83,1.0,1.0
nsl_kdd_v2,non-exchangeable by construction,rf_5class_cw,uncalibrated,0.1,R2L,200,0.23243063941317704,0.2440803137631438,0.2605875239153488,0.0,0.0,1781.45,1127.0,1445.0,1.0,1.0,1.0
nsl_kdd_v2,non-exchangeable by construction,rf_5class_cw,uncalibrated,0.1,all_attacks,200,0.6124827386397135,0.6227724273923034,0.6289538205638718,0.1745789181993988,0.27593396800646713,1781.45,1127.0,6405.0,0.825,1.0,1.0
nsl_kdd_v2,non-exchangeable by construction,rf_5class_cw,uncalibrated,0.2,DoS,200,0.717879850468553,0.7320685657699433,0.7402097505867827,0.5107253021706777,0.4610723635970588,2035.145,2254.0,3723.0,0.57,0.57,0.57
nsl_kdd_v2,non-exchangeable by construction,rf_5class_cw,uncalibrated,0.2,Probe,200,0.6283611359094717,0.6440496245311467,0.6628769030300273,0.27824506274842703,0.25117522696137284,2035.145,2254.0,1207.5,1.0,1.0,1.0
nsl_kdd_v2,non-exchangeable by construction,rf_5class_cw,uncalibrated,0.2,R2L,200,0.2687385805175017,0.28493616130869037,0.3038148717156147,0.0,0.0,2035.145,2254.0,1445.0,1.0,1.0,1.0
nsl_kdd_v2,non-exchangeable by construction,rf_5class_cw,uncalibrated,0.2,all_attacks,200,0.6996166730771296,0.7133949714682405,0.7203683193784586,0.34917140485502157,0.3152163048984499,2035.145,2254.0,6405.0,1.0,1.0,1.0
nsl_kdd_v2,non-exchangeable by construction,rf_5class_smote,calibrated_attack_prob,0.01,DoS,200,0.014092413256671418,0.019938007873314994,0.02347669935125035,0.022801354316234326,0.01567932030322735,78.245,113.0,3723.0,0.025,0.025,0.03
nsl_kdd_v2,non-exchangeable by construction,rf_5class_smote,calibrated_attack_prob,0.01,Probe,200,0.009873828939539364,0.014780553414772683,0.02030409308121306,0.019720151637329996,0.01395086069692413,78.245,113.0,1207.5,0.015,0.025,0.21
nsl_kdd_v2,non-exchangeable by construction,rf_5class_smote,calibrated_attack_prob,0.01,R2L,200,0.0056569859335091465,0.008017422971828019,0.0105885524331929,0.0002190048961735535,0.00018812078530193,78.245,113.0,1445.0,0.4,0.655,0.835
nsl_kdd_v2,non-exchangeable by construction,rf_5class_smote,calibrated_attack_prob,0.01,all_attacks,200,0.015118785936273969,0.021097622740717855,0.023838526649641104,0.01702954035234792,0.011801398057104626,78.245,113.0,6405.0,0.025,0.03,1.0
nsl_kdd_v2,non-exchangeable by construction,rf_5class_smote,calibrated_attack_prob,0.02,DoS,200,0.028731319314090696,0.04108317227008115,0.04619526073149345,0.045377219620490176,0.02949780561936639,146.11,225.0,3723.0,0.01,0.02,0.02
nsl_kdd_v2,non-exchangeable by construction,rf_5class_smote,calibrated_attack_prob,0.02,Probe,200,0.02167986259489825,0.03337419561624293,0.04176394843278721,0.039624967701521366,0.025613882496842443,146.11,225.0,1207.5,0.01,0.03,0.185
nsl_kdd_v2,non-exchangeable by construction,rf_5class_smote,calibrated_attack_prob,0.02,R2L,200,0.01055755905211556,0.01812532639909982,0.022989381078190044,0.0003020917870990375,0.000246962360879892,146.11,225.0,1445.0,0.8,0.91,0.97
nsl_kdd_v2,non-exchangeable by construction,rf_5class_smote,calibrated_attack_prob,0.02,all_attacks,200,0.030379967503948953,0.04277440711239867,0.04671613498235701,0.03392876924627956,0.022046393953401706,146.11,225.0,6405.0,0.015,0.895,1.0
nsl_kdd_v2,non-exchangeable by construction,rf_5class_smote,calibrated_attack_prob,0.05,DoS,200,0.08420731999640088,0.09966852413211098,0.10768925643081582,0.11415928954761666,0.07521432340358712,371.66,564.0,3723.0,0.01,0.01,0.015
nsl_kdd_v2,non-exchangeable by construction,rf_5class_smote,calibrated_attack_prob,0.05,Probe,200,0.07087030125521504,0.08593437212317584,0.09942789884208678,0.09894895294019161,0.06526818352781795,371.66,564.0,1207.5,0.01,0.035,0.29
nsl_kdd_v2,non-exchangeable by construction,rf_5class_smote,calibrated_attack_prob,0.05,R2L,200,0.041066859763120495,0.055240170765576746,0.06503638635612848,0.000593743414042695,0.00041250369925670646,371.66,564.0,1445.0,0.995,1.0,1.0
nsl_kdd_v2,non-exchangeable by construction,rf_5class_smote,calibrated_attack_prob,0.05,all_attacks,200,0.08679454505235377,0.1020517753369115,0.10819510775320629,0.08517222046797332,0.05612537712204944,371.66,564.0,6405.0,0.025,1.0,1.0
nsl_kdd_v2,non-exchangeable by construction,rf_5class_smote,calibrated_attack_prob,0.1,DoS,200,0.17869112901942902,0.20093014515647895,0.21173110352440894,0.22865456452525834,0.15130015154956694,746.515,1127.0,3723.0,0.01,0.01,0.015
nsl_kdd_v2,non-exchangeable by construction,rf_5class_smote,calibrated_attack_prob,0.1,Probe,200,0.1595719097478334,0.18268659010089747,0.20125798833510355,0.19618525553346622,0.13062396217691583,746.515,1127.0,1207.5,0.015,0.09,0.495
nsl_kdd_v2,non-exchangeable by construction,rf_5class_smote,calibrated_attack_prob,0.1,R2L,200,0.11020065279071055,0.13316699400934998,0.14804168495433379,0.0008966514357867541,0.000670161039738509,746.515,1127.0,1445.0,1.0,1.0,1.0
nsl_kdd_v2,non-exchangeable by construction,rf_5class_smote,calibrated_attack_prob,0.1,all_attacks,200,0.18226499847838615,0.20420953985443135,0.21247168896445406,0.17014107216586116,0.11274706790764912,746.515,1127.0,6405.0,1.0,1.0,1.0
nsl_kdd_v2,non-exchangeable by construction,rf_5class_smote,calibrated_attack_prob,0.2,DoS,200,0.3784626753584556,0.4092494566263732,0.42247455301954984,0.4574179786177651,0.3067450577749598,1511.565,2254.0,3723.0,0.01,0.01,0.01
nsl_kdd_v2,non-exchangeable by construction,rf_5class_smote,calibrated_attack_prob,0.2,Probe,200,0.3534315785878356,0.3863819170351038,0.4094772310369263,0.3920345252002355,0.26295125095286925,1511.565,2254.0,1207.5,0.015,0.32,0.765
nsl_kdd_v2,non-exchangeable by construction,rf_5class_smote,calibrated_attack_prob,0.2,R2L,200,0.27059317700873536,0.3054828767771557,0.325510575779249,0.0017459754357632955,0.0012048389206905526,1511.565,2254.0,1445.0,1.0,1.0,1.0
nsl_kdd_v2,non-exchangeable by construction,rf_5class_smote,calibrated_attack_prob,0.2,all_attacks,200,0.3826584657992245,0.41298044487407687,0.42306494620664337,0.34026092320351575,0.22820097699734845,1511.565,2254.0,6405.0,1.0,1.0,1.0
nsl_kdd_v2,non-exchangeable by construction,rf_5class_smote,rare_weighted,0.01,DoS,200,0.0,0.0,5.6465218800414285e-08,8.7217737789116e-05,0.001045363556832514,229.22,113.0,3723.0,0.0,0.0,0.005
nsl_kdd_v2,non-exchangeable by construction,rf_5class_smote,rare_weighted,0.01,Probe,200,0.0,0.0,0.00011456835966604185,0.001814970434585671,0.0031629400706244975,229.22,113.0,1207.5,0.0,0.0,0.045
nsl_kdd_v2,non-exchangeable by construction,rf_5class_smote,rare_weighted,0.01,R2L,200,0.5426671135754314,0.8822718428311879,0.8949639028015325,0.054803972469551356,0.12948266626331426,229.22,113.0,1445.0,0.995,1.0,1.0
nsl_kdd_v2,non-exchangeable by construction,rf_5class_smote,rare_weighted,0.01,all_attacks,200,0.0074729667648012355,0.012020906762302995,0.014422060046666135,0.016831230939112964,0.034516995874102355,229.22,113.0,6405.0,0.0,0.0,0.0
nsl_kdd_v2,non-exchangeable by construction,rf_5class_smote,rare_weighted,0.02,DoS,200,0.0,1.61081673000745e-05,0.0004101609774439263,0.00041096285193464947,0.03289894446982641,1339.065,225.0,3723.0,0.0,0.005,0.58
nsl_kdd_v2,non-exchangeable by construction,rf_5class_smote,rare_weighted,0.02,Probe,200,0.0002816636534469725,0.0046790713598140075,0.00826788092708926,0.002505097363272573,0.14251306115553758,1339.065,225.0,1207.5,0.015,0.31,0.865
nsl_kdd_v2,non-exchangeable by construction,rf_5class_smote,rare_weighted,0.02,R2L,200,0.9563775491768556,0.9629313838772322,0.9704312679914123,0.12994237130857442,0.6483913267602556,1339.065,225.0,1445.0,1.0,1.0,1.0
nsl_kdd_v2,non-exchangeable by construction,rf_5class_smote,rare_weighted,0.02,all_attacks,200,0.01315761844689897,0.015614961203832194,0.018317467746876946,0.0340839981206841,0.1965128059316952,1339.065,225.0,6405.0,0.0,0.0,0.0
nsl_kdd_v2,non-exchangeable by construction,rf_5class_smote,rare_weighted,0.05,DoS,200,2.6720988752975e-06,1.7444708331884e-05,0.00041463643913960507,0.0029059834551897006,0.10650587144574052,2082.33,564.0,3723.0,0.0,0.0,0.0
nsl_kdd_v2,non-exchangeable by construction,rf_5class_smote,rare_weighted,0.05,Probe,200,0.19352540319839892,0.2688732867464203,0.29016667092145754,0.005646965490381247,0.3409254744107016,2082.33,564.0,1207.5,1.0,1.0,1.0
nsl_kdd_v2,non-exchangeable by construction,rf_5class_smote,rare_weighted,0.05,R2L,200,0.9575597834778801,0.9629313838772322,0.9704312679914123,0.3467738300937197,0.7046066380333313,2082.33,564.0,1445.0,1.0,1.0,1.0
nsl_kdd_v2,non-exchangeable by construction,rf_5class_smote,rare_weighted,0.05,all_attacks,200,0.054804164098907086,0.0697928863977088,0.07517048354036125,0.08518412862510624,0.2893519725592322,2082.33,564.0,6405.0,0.015,0.015,0.015
nsl_kdd_v2,non-exchangeable by construction,rf_5class_smote,rare_weighted,0.1,DoS,200,2.6720988752975e-06,1.7444708331884e-05,0.00041769168214710566,0.015162527420350855,0.10684008580387074,2318.75,1127.0,3723.0,0.0,0.0,0.0
nsl_kdd_v2,non-exchangeable by construction,rf_5class_smote,rare_weighted,0.1,Probe,200,0.6970681537103854,0.8145500014184772,0.8322776460060406,0.11699323293432098,0.5330456898078566,2318.75,1127.0,1207.5,1.0,1.0,1.0
nsl_kdd_v2,non-exchangeable by construction,rf_5class_smote,rare_weighted,0.1,R2L,200,0.9575597834778801,0.9629313838772322,0.9704312679914123,0.5889511965615015,0.704716672236831,2318.75,1127.0,1445.0,1.0,1.0,1.0
nsl_kdd_v2,non-exchangeable by construction,rf_5class_smote,rare_weighted,0.1,all_attacks,200,0.1498319408271528,0.1717812657473106,0.17963864598491333,0.16791866649775497,0.32576606354032855,2318.75,1127.0,6405.0,0.015,0.685,1.0
nsl_kdd_v2,non-exchangeable by construction,rf_5class_smote,rare_weighted,0.2,DoS,200,0.15851553840259958,0.19557664925247953,0.2064398212815196,0.10705709855147261,0.42163034434766566,4259.945,2254.0,3723.0,1.0,1.0,1.0
nsl_kdd_v2,non-exchangeable by construction,rf_5class_smote,rare_weighted,0.2,Probe,200,0.9941394958421214,0.9950165010351588,0.997436938055546,0.4778630605444959,0.9636314214737789,4259.945,2254.0,1207.5,1.0,1.0,1.0
nsl_kdd_v2,non-exchangeable by construction,rf_5class_smote,rare_weighted,0.2,R2L,200,0.9575597834778801,0.9629313838772322,0.9704312679914123,0.7049568826436591,0.7787270916179052,4259.945,2254.0,1445.0,1.0,1.0,1.0
nsl_kdd_v2,non-exchangeable by construction,rf_5class_smote,rare_weighted,0.2,all_attacks,200,0.3356171110075554,0.3660290857491643,0.37596992828451753,0.31556064761904323,0.606715282573689,4259.945,2254.0,6405.0,0.985,1.0,1.0
nsl_kdd_v2,non-exchangeable by construction,rf_5class_smote,uncalibrated,0.01,DoS,200,0.7200603652234975,0.722353842449871,0.7264331501161341,0.025463670807419816,0.4559486289000816,2029.075,113.0,3723.0,0.74,0.74,0.74
nsl_kdd_v2,non-exchangeable by construction,rf_5class_smote,uncalibrated,0.01,Probe,200,0.664023364125893,0.667772355382739,0.6791824799189357,0.014287682345707675,0.2601142913094194,2029.075,113.0,1207.5,0.74,0.76,0.885
nsl_kdd_v2,non-exchangeable by construction,rf_5class_smote,uncalibrated,0.01,R2L,200,0.3877739235838763,0.3969497301475019,0.4132277971570488,0.0,0.0,2029.075,113.0,1445.0,0.825,0.85,0.94
nsl_kdd_v2,non-exchangeable by construction,rf_5class_smote,uncalibrated,0.01,all_attacks,200,0.7073034890201753,0.7096509062791116,0.713445802760139,0.017487437895168233,0.3137779695151808,2029.075,113.0,6405.0,0.74,0.74,1.0
nsl_kdd_v2,non-exchangeable by construction,rf_5class_smote,uncalibrated,0.02,DoS,200,0.7240161783781841,0.7271836663887922,0.7316661414946721,0.05064462665891928,0.4592022169862464,2043.29,225.0,3723.0,0.74,0.74,0.74
nsl_kdd_v2,non-exchangeable by construction,rf_5class_smote,uncalibrated,0.02,Probe,200,0.6671092023491189,0.6718286766605677,0.6839463903973146,0.02855831795873617,0.2617292059126559,2043.29,225.0,1207.5,0.745,0.805,0.935
nsl_kdd_v2,non-exchangeable by construction,rf_5class_smote,uncalibrated,0.02,R2L,200,0.3882128353247534,0.3977437008031968,0.4143620544306787,0.0,0.0,2043.29,225.0,1445.0,0.89,0.92,0.985
nsl_kdd_v2,non-exchangeable by construction,rf_5class_smote,uncalibrated,0.02,all_attacks,200,0.7113644349365511,0.7145472953002971,0.7186505665572462,0.034807327636167146,0.31597610289870437,2043.29,225.0,6405.0,0.74,0.79,1.0
nsl_kdd_v2,non-exchangeable by construction,rf_5class_smote,uncalibrated,0.05,DoS,200,0.7378946890370324,0.7427541941521107,0.7480053119643505,0.1269227883711082,0.46914218770633176,2087.62,564.0,3723.0,0.74,0.74,0.74
nsl_kdd_v2,non-exchangeable by construction,rf_5class_smote,uncalibrated,0.05,Probe,200,0.6787699978336258,0.6853184161226228,0.6987955095578414,0.0715609868058157,0.26737922203519443,2087.62,564.0,1207.5,0.765,0.92,1.0
nsl_kdd_v2,non-exchangeable by construction,rf_5class_smote,uncalibrated,0.05,R2L,200,0.3930680265633286,0.40373788081726,0.4215375981765594,0.0,0.0,2087.62,564.0,1445.0,0.995,0.995,0.995
nsl_kdd_v2,non-exchangeable by construction,rf_5class_smote,uncalibrated,0.05,all_attacks,200,0.7253086373474433,0.7301194699042272,0.7348038739381171,0.08723102422034876,0.3228268241831324,2087.62,564.0,6405.0,0.74,1.0,1.0
nsl_kdd_v2,non-exchangeable by construction,rf_5class_smote,uncalibrated,0.1,DoS,200,0.7630968740623265,0.7698323086679839,0.7758201345300973,0.25348948193856063,0.4860370247679,2162.79,1127.0,3723.0,0.74,0.74,0.74
nsl_kdd_v2,non-exchangeable by construction,rf_5class_smote,uncalibrated,0.1,Probe,200,0.70074159669111,0.7091177239261707,0.7238784113351759,0.1433846843890966,0.27688371443853055,2162.79,1127.0,1207.5,0.895,0.995,1.0
nsl_kdd_v2,non-exchangeable by construction,rf_5class_smote,uncalibrated,0.1,R2L,200,0.4035510480110149,0.4164666782486241,0.43543865982702795,0.0,0.0,2162.79,1127.0,1445.0,1.0,1.0,1.0
nsl_kdd_v2,non-exchangeable by construction,rf_5class_smote,uncalibrated,0.1,all_attacks,200,0.7502578237367835,0.7568440494425286,0.7620849596260666,0.17429957950925334,0.3344513607412729,2162.79,1127.0,6405.0,0.91,1.0,1.0
nsl_kdd_v2,non-exchangeable by construction,rf_5class_smote,uncalibrated,0.2,DoS,200,0.816400714684152,0.8252993631370102,0.8319123019739346,0.506208091461771,0.5202117055490528,2314.825,2254.0,3723.0,0.74,0.74,0.74
nsl_kdd_v2,non-exchangeable by construction,rf_5class_smote,uncalibrated,0.2,Probe,200,0.7494033872052708,0.760215200051445,0.7762177290548764,0.2890752175597608,0.2960732957104433,2314.825,2254.0,1207.5,1.0,1.0,1.0
nsl_kdd_v2,non-exchangeable by construction,rf_5class_smote,uncalibrated,0.2,R2L,200,0.4325743323021575,0.4482986600680042,0.4687460936242222,0.0,0.0,2314.825,2254.0,1445.0,1.0,1.0,1.0
nsl_kdd_v2,non-exchangeable by construction,rf_5class_smote,uncalibrated,0.2,all_attacks,200,0.8028473658643845,0.8115366303296908,0.817258384973792,0.3485907933761902,0.3579589801914811,2314.825,2254.0,6405.0,1.0,1.0,1.0
nsl_kdd_v2,non-exchangeable by construction,xgb_5class_cw,calibrated_attack_prob,0.01,DoS,200,0.0085755359006838,0.014576224999885009,0.018089567123850167,0.022814371624201402,0.01643087942442544,81.695,113.0,3723.0,0.0,0.0,0.005
nsl_kdd_v2,non-exchangeable by construction,xgb_5class_cw,calibrated_attack_prob,0.01,Probe,200,0.004479012244288337,0.009410055290532692,0.01485484206431701,0.018021413458169676,0.012967855336551776,81.695,113.0,1207.5,0.0,0.015,0.315
nsl_kdd_v2,non-exchangeable by construction,xgb_5class_cw,calibrated_attack_prob,0.01,R2L,200,0.0010387654023569085,0.003382150028222936,0.005874545260593874,0.0016164003168504955,0.001346602484870231,81.695,113.0,1445.0,0.21,0.49,0.665
nsl_kdd_v2,non-exchangeable by construction,xgb_5class_cw,calibrated_attack_prob,0.01,all_attacks,200,0.009609076429205311,0.015721270830569015,0.018437651758135155,0.017077276865794827,0.012355084184753291,81.695,113.0,6405.0,0.0,0.0,1.0
nsl_kdd_v2,non-exchangeable by construction,xgb_5class_cw,calibrated_attack_prob,0.02,DoS,200,0.02361288560037452,0.032923834387911834,0.03799895082027156,0.045398356327990594,0.03073226529554538,152.04,225.0,3723.0,0.0,0.0,0.005
nsl_kdd_v2,non-exchangeable by construction,xgb_5class_cw,calibrated_attack_prob,0.02,Probe,200,0.016523293139842705,0.025176572703396283,0.03343429843161549,0.03672919428706875,0.024470442390844394,152.04,225.0,1207.5,0.0,0.045,0.345
nsl_kdd_v2,non-exchangeable by construction,xgb_5class_cw,calibrated_attack_prob,0.02,R2L,200,0.006202849243474781,0.01133873100159142,0.016120676080911275,0.0027358259873680123,0.001986713467879589,152.04,225.0,1445.0,0.61,0.795,0.895
nsl_kdd_v2,non-exchangeable by construction,xgb_5class_cw,calibrated_attack_prob,0.02,all_attacks,200,0.025260921571665925,0.03458762597931892,0.03849895221781064,0.033981912365128646,0.022977211910138132,152.04,225.0,6405.0,0.0,0.87,1.0
nsl_kdd_v2,non-exchangeable by construction,xgb_5class_cw,calibrated_attack_prob,0.05,DoS,200,0.07649910044680515,0.09236090267575146,0.10040339070997512,0.11431000198137543,0.07511705548819697,371.155,564.0,3723.0,0.0,0.0,0.0
nsl_kdd_v2,non-exchangeable by construction,xgb_5class_cw,calibrated_attack_prob,0.05,Probe,200,0.06271003037960303,0.07789191357204285,0.0913437163015082,0.09281018514176952,0.06098266603653894,371.155,564.0,1207.5,0.0,0.065,0.465
nsl_kdd_v2,non-exchangeable by construction,xgb_5class_cw,calibrated_attack_prob,0.05,R2L,200,0.03512790194779749,0.049364729504982545,0.05918722133508116,0.0055565477895792885,0.003928489044084699,371.155,564.0,1445.0,0.975,0.995,1.0
nsl_kdd_v2,non-exchangeable by construction,xgb_5class_cw,calibrated_attack_prob,0.05,all_attacks,200,0.07901135113556974,0.09462183851180933,0.1007667842574471,0.085259578816769,0.05610883975834085,371.155,564.0,6405.0,0.0,1.0,1.0
nsl_kdd_v2,non-exchangeable by construction,xgb_5class_cw,calibrated_attack_prob,0.1,DoS,200,0.17184773044513704,0.1945926208458879,0.20543593137128716,0.22884211725500778,0.15284150149115272,754.105,1127.0,3723.0,0.0,0.0,0.0
nsl_kdd_v2,non-exchangeable by construction,xgb_5class_cw,calibrated_attack_prob,0.1,Probe,200,0.15137132493665725,0.17495691871219307,0.1935083381603413,0.1852790221699932,0.12443793481271256,754.105,1127.0,1207.5,0.005,0.25,0.715
nsl_kdd_v2,non-exchangeable by construction,xgb_5class_cw,calibrated_attack_prob,0.1,R2L,200,0.10562775265535956,0.1294380304955967,0.14440301573030653,0.01014982446402019,0.007230239574265011,754.105,1127.0,1445.0,1.0,1.0,1.0
nsl_kdd_v2,non-exchangeable by construction,xgb_5class_cw,calibrated_attack_prob,0.1,all_attacks,200,0.17518043640965061,0.1976482629860534,0.20593031185179708,0.17031898717505406,0.1140087505608374,754.105,1127.0,6405.0,1.0,1.0,1.0
nsl_kdd_v2,non-exchangeable by construction,xgb_5class_cw,calibrated_attack_prob,0.2,DoS,200,0.3742582937331022,0.40539102955438844,0.41867547120569165,0.45775288128556324,0.312033256333071,1537.445,2254.0,3723.0,0.0,0.0,0.0
nsl_kdd_v2,non-exchangeable by construction,xgb_5class_cw,calibrated_attack_prob,0.2,Probe,200,0.3460317166752879,0.37889743101359313,0.40203037378438755,0.37127200069485444,0.2531576530105563,1537.445,2254.0,1207.5,0.075,0.625,0.98
nsl_kdd_v2,non-exchangeable by construction,xgb_5class_cw,calibrated_attack_prob,0.2,R2L,200,0.27123113596396436,0.30638046176675876,0.32650611307403615,0.01959350714685529,0.01392913450750913,1537.445,2254.0,1445.0,1.0,1.0,1.0
nsl_kdd_v2,non-exchangeable by construction,xgb_5class_cw,calibrated_attack_prob,0.2,all_attacks,200,0.3779126318606945,0.4084884525690041,0.4186168226103177,0.34059727023734465,0.23234300975621325,1537.445,2254.0,6405.0,1.0,1.0,1.0
nsl_kdd_v2,non-exchangeable by construction,xgb_5class_cw,rare_weighted,0.01,DoS,200,0.0,0.0,4.1262134029001975e-06,0.0,0.0,57.955,113.0,3723.0,0.0,0.0,0.31
nsl_kdd_v2,non-exchangeable by construction,xgb_5class_cw,rare_weighted,0.01,Probe,200,0.0,0.0021989724529328214,0.0044886018500382135,0.0,1.2376237623762e-05,57.955,113.0,1207.5,0.0,0.52,0.955
nsl_kdd_v2,non-exchangeable by construction,xgb_5class_cw,rare_weighted,0.01,R2L,200,0.6688184574330377,0.9626255407265459,0.9701546326296513,0.06601165828354288,0.028327767710441654,57.955,113.0,1445.0,1.0,1.0,1.0
nsl_kdd_v2,non-exchangeable by construction,xgb_5class_cw,rare_weighted,0.01,all_attacks,200,0.00904982864258479,0.014018712290546126,0.01660008857450612,0.017037357487501494,0.008469148478663289,57.955,113.0,6405.0,0.0,0.0,0.23
nsl_kdd_v2,non-exchangeable by construction,xgb_5class_cw,rare_weighted,0.02,DoS,200,0.0,0.0,7.731985170039928e-06,0.0,0.0015416911747592672,538.39,225.0,3723.0,0.0,0.0,0.395
nsl_kdd_v2,non-exchangeable by construction,xgb_5class_cw,rare_weighted,0.02,Probe,200,0.04139532194940714,0.08464966657401521,0.09856665632820481,0.0008068280030199066,0.14149242275711407,538.39,225.0,1207.5,1.0,1.0,1.0
nsl_kdd_v2,non-exchangeable by construction,xgb_5class_cw,rare_weighted,0.02,R2L,200,0.9575597834778801,0.9629313838772322,0.9704312679914123,0.13884516690063328,0.21931106847518378,538.39,225.0,1445.0,1.0,1.0,1.0
nsl_kdd_v2,non-exchangeable by construction,xgb_5class_cw,rare_weighted,0.02,all_attacks,200,0.023322716506649997,0.03258307586951258,0.03639427660891776,0.03416277747783861,0.08029917000238486,538.39,225.0,6405.0,0.0,0.005,0.995
nsl_kdd_v2,non-exchangeable by construction,xgb_5class_cw,rare_weighted,0.05,DoS,200,0.0,0.0,7.731985170039928e-06,0.0015564968148492014,0.0015846237260201375,929.02,564.0,3723.0,0.0,0.0,0.0
nsl_kdd_v2,non-exchangeable by construction,xgb_5class_cw,rare_weighted,0.05,Probe,200,0.3112583348142774,0.3907298652623893,0.4140241014412004,0.16210371408608562,0.43887705266017085,929.02,564.0,1207.5,1.0,1.0,1.0
nsl_kdd_v2,non-exchangeable by construction,xgb_5class_cw,rare_weighted,0.05,R2L,200,0.9575597834778801,0.9629313838772322,0.9704312679914123,0.2193178976110894,0.2193280837453046,929.02,564.0,1445.0,1.0,1.0,1.0
nsl_kdd_v2,non-exchangeable by construction,xgb_5class_cw,rare_weighted,0.05,all_attacks,200,0.07694676163534005,0.09253696125039665,0.09862348254100407,0.08418238465138671,0.13635215866386374,929.02,564.0,6405.0,0.0,1.0,1.0
nsl_kdd_v2,non-exchangeable by construction,xgb_5class_cw,rare_weighted,0.1,DoS,200,0.0,0.0,2.5072694761990922e-05,0.001742589675342599,0.001616873002048542,1110.025,1127.0,3723.0,0.0,0.0,0.01
nsl_kdd_v2,non-exchangeable by construction,xgb_5class_cw,rare_weighted,0.1,Probe,200,0.832682593648746,0.960255292044565,0.9682071758247686,0.5665196840417448,0.5537722713785292,1110.025,1127.0,1207.5,1.0,1.0,1.0
nsl_kdd_v2,non-exchangeable by construction,xgb_5class_cw,rare_weighted,0.1,R2L,200,0.9575597834778801,0.9629313838772322,0.9704312679914123,0.21938735873966736,0.2193280837453046,1110.025,1127.0,1445.0,1.0,1.0,1.0
nsl_kdd_v2,non-exchangeable by construction,xgb_5class_cw,rare_weighted,0.1,all_attacks,200,0.17307839210266976,0.19525817883044755,0.20350689840073052,0.16047583790433376,0.15801402810349702,1110.025,1127.0,6405.0,1.0,1.0,1.0
nsl_kdd_v2,non-exchangeable by construction,xgb_5class_cw,rare_weighted,0.2,DoS,200,0.20293547535863624,0.24052037462785322,0.2521869165183249,0.1941300002629963,0.47235970936368665,3314.525,2254.0,3723.0,0.795,1.0,1.0
nsl_kdd_v2,non-exchangeable by construction,xgb_5class_cw,rare_weighted,0.2,Probe,200,0.9928222795002811,0.9936915746930189,0.996626279453677,0.7951694995529698,0.801723464951582,3314.525,2254.0,1207.5,1.0,1.0,1.0
nsl_kdd_v2,non-exchangeable by construction,xgb_5class_cw,rare_weighted,0.2,R2L,200,0.9575597834778801,0.9629313838772322,0.9704312679914123,0.2838875511530609,0.28405359050577295,3314.525,2254.0,1445.0,1.0,1.0,1.0
nsl_kdd_v2,non-exchangeable by construction,xgb_5class_cw,rare_weighted,0.2,all_attacks,200,0.37134930527653187,0.40189859075506545,0.41200455445991985,0.3305130127599138,0.49344757301488135,3314.525,2254.0,6405.0,1.0,1.0,1.0
nsl_kdd_v2,non-exchangeable by construction,xgb_5class_cw,uncalibrated,0.01,DoS,200,0.011750284788511313,0.019480495572248124,0.023497230629196158,0.02952311801720692,0.006885649595528695,28.715,113.0,3723.0,0.0,0.005,0.02
nsl_kdd_v2,non-exchangeable by construction,xgb_5class_cw,uncalibrated,0.01,Probe,200,0.0,0.0,3.0223835499180005e-05,0.001780023510341785,0.001780023510341785,28.715,113.0,1207.5,0.0,0.0,0.005
nsl_kdd_v2,non-exchangeable by construction,xgb_5class_cw,uncalibrated,0.01,R2L,200,0.0,0.0,2.5436381038418e-05,0.0003790338249017355,0.0003790338249017355,28.715,113.0,1445.0,0.0,0.0,0.015
nsl_kdd_v2,non-exchangeable by construction,xgb_5class_cw,uncalibrated,0.01,all_attacks,200,0.009623116428216004,0.015731408337372882,0.018450351858193634,0.017594437991223247,0.004442066788133853,28.715,113.0,6405.0,0.0,0.0,1.0
nsl_kdd_v2,non-exchangeable by construction,xgb_5class_cw,uncalibrated,0.02,DoS,200,0.03155813985023494,0.04341493222834805,0.04917368840228007,0.059600633882832744,0.015603277720358237,61.175,225.0,3723.0,0.0,0.0,0.005
nsl_kdd_v2,non-exchangeable by construction,xgb_5class_cw,uncalibrated,0.02,Probe,200,0.0,0.0,3.0223835499180005e-05,0.0017881780943948356,0.001780023510341785,61.175,225.0,1207.5,0.0,0.0,0.005
nsl_kdd_v2,non-exchangeable by construction,xgb_5class_cw,uncalibrated,0.02,R2L,200,0.0,0.0,2.5436381038418e-05,0.0003790338249017355,0.0003790338249017355,61.175,225.0,1445.0,0.0,0.0,0.015
nsl_kdd_v2,non-exchangeable by construction,xgb_5class_cw,uncalibrated,0.02,all_attacks,200,0.025331043924921633,0.034627425166238034,0.038540347343757476,0.03507185756497009,0.00950754356346884,61.175,225.0,6405.0,0.0,0.06,1.0
nsl_kdd_v2,non-exchangeable by construction,xgb_5class_cw,uncalibrated,0.05,DoS,200,0.09979654903650266,0.1198129457888707,0.1287887505774736,0.135789742093861,0.05544510141179956,209.53,564.0,3723.0,0.0,0.0,0.0
nsl_kdd_v2,non-exchangeable by construction,xgb_5class_cw,uncalibrated,0.05,Probe,200,0.0,0.0,3.0223835499180005e-05,0.03387313842681941,0.001780023510341785,209.53,564.0,1207.5,0.0,0.0,0.0
nsl_kdd_v2,non-exchangeable by construction,xgb_5class_cw,uncalibrated,0.05,R2L,200,0.0,0.0,2.5436381038418e-05,0.0003790338249017355,0.0003790338249017355,209.53,564.0,1445.0,0.0,0.0,0.015
nsl_kdd_v2,non-exchangeable by construction,xgb_5class_cw,uncalibrated,0.05,all_attacks,200,0.07903553230977879,0.09465383910413752,0.10079996702286953,0.08538706940487799,0.03265721613132749,209.53,564.0,6405.0,0.0,1.0,1.0
nsl_kdd_v2,non-exchangeable by construction,xgb_5class_cw,uncalibrated,0.1,DoS,200,0.2184677867501772,0.2472801398577137,0.2590482514076249,0.2692963616918884,0.09592304881433009,375.165,1127.0,3723.0,0.0,0.0,0.005
nsl_kdd_v2,non-exchangeable by construction,xgb_5class_cw,uncalibrated,0.1,Probe,200,0.004107935561126828,0.005264009574345194,0.00957735334679772,0.08281588328470231,0.01156794087452049,375.165,1127.0,1207.5,0.0,0.0,0.0
nsl_kdd_v2,non-exchangeable by construction,xgb_5class_cw,uncalibrated,0.1,R2L,200,0.007218765032369009,0.010603666548904593,0.01547015149416932,0.0003790338249017355,0.0003790338249017355,375.165,1127.0,1445.0,0.915,0.955,0.98
nsl_kdd_v2,non-exchangeable by construction,xgb_5class_cw,uncalibrated,0.1,all_attacks,200,0.17522804717750481,0.1978557836371517,0.20614269475325128,0.17217650013575705,0.058022606592191286,375.165,1127.0,6405.0,0.96,1.0,1.0
nsl_kdd_v2,non-exchangeable by construction,xgb_5class_cw,uncalibrated,0.2,DoS,200,0.46260926923322215,0.49709519769198524,0.5105689393169823,0.4615640230393964,0.12477040910997655,509.655,2254.0,3723.0,0.56,1.0,1.0
nsl_kdd_v2,non-exchangeable by construction,xgb_5class_cw,uncalibrated,0.2,Probe,200,0.05128487182867913,0.06989234851189735,0.08268816932816486,0.3901148111977307,0.026041109837605103,509.655,2254.0,1207.5,0.0,0.0,0.0
nsl_kdd_v2,non-exchangeable by construction,xgb_5class_cw,uncalibrated,0.2,R2L,200,0.01127150229602896,0.013467600960356478,0.01893641586371636,0.0003790338249017355,0.0003790338249017355,509.655,2254.0,1445.0,0.975,0.975,0.985
nsl_kdd_v2,non-exchangeable by construction,xgb_5class_cw,uncalibrated,0.2,all_attacks,200,0.3779930300238631,0.4085704504636371,0.4186993465701935,0.3417866891612193,0.0775108792858437,509.655,2254.0,6405.0,1.0,1.0,1.0
nsl_kdd_v2,non-exchangeable by construction,xgb_5class_smote,calibrated_attack_prob,0.01,DoS,200,0.008504164096406704,0.014488735373697452,0.017983562113573836,0.02079588983080344,0.01467618868359959,82.5,113.0,3723.0,0.0,0.015,0.09
nsl_kdd_v2,non-exchangeable by construction,xgb_5class_smote,calibrated_attack_prob,0.01,Probe,200,0.004661885111593355,0.009620952252730205,0.015117051918186419,0.019512970665941622,0.01450997523413054,82.5,113.0,1207.5,0.0,0.005,0.195
nsl_kdd_v2,non-exchangeable by construction,xgb_5class_smote,calibrated_attack_prob,0.01,R2L,200,0.001187663103802934,0.0037523633923822247,0.006323408681271015,0.005673292448678852,0.005242642162349731,82.5,113.0,1445.0,0.085,0.29,0.43
nsl_kdd_v2,non-exchangeable by construction,xgb_5class_smote,calibrated_attack_prob,0.01,all_attacks,200,0.009608297946492645,0.015718940574840724,0.01843766384850596,0.017088968507130483,0.012490733860062246,82.5,113.0,6405.0,0.0,0.0,1.0
nsl_kdd_v2,non-exchangeable by construction,xgb_5class_smote,calibrated_attack_prob,0.02,DoS,200,0.023503856018939867,0.03278521566056445,0.03785304350428586,0.04300359617052165,0.029330491418152995,155.9,225.0,3723.0,0.0,0.0,0.02
nsl_kdd_v2,non-exchangeable by construction,xgb_5class_smote,calibrated_attack_prob,0.02,Probe,200,0.016788045858093868,0.0255117007987086,0.033801334569335484,0.03866225215731141,0.02679150486139405,155.9,225.0,1207.5,0.0,0.025,0.24
nsl_kdd_v2,non-exchangeable by construction,xgb_5class_smote,calibrated_attack_prob,0.02,R2L,200,0.006602256833227074,0.011941003706585853,0.016870534737855464,0.007408041741187235,0.006323895986682891,155.9,225.0,1445.0,0.415,0.62,0.745
nsl_kdd_v2,non-exchangeable by construction,xgb_5class_smote,calibrated_attack_prob,0.02,all_attacks,200,0.025264017617606136,0.03458916211950007,0.03850057144285703,0.034018595164534274,0.02357468420532931,155.9,225.0,6405.0,0.0,0.84,1.0
nsl_kdd_v2,non-exchangeable by construction,xgb_5class_smote,calibrated_attack_prob,0.05,DoS,200,0.07619032593102062,0.09201319954430807,0.10003116653311712,0.11037451619576806,0.07471045467028645,384.41,564.0,3723.0,0.0,0.0,0.005
nsl_kdd_v2,non-exchangeable by construction,xgb_5class_smote,calibrated_attack_prob,0.05,Probe,200,0.06351354578555694,0.07885254176281521,0.09236026728633481,0.09628723851030127,0.06575725164722669,384.41,564.0,1207.5,0.0,0.05,0.375
nsl_kdd_v2,non-exchangeable by construction,xgb_5class_smote,calibrated_attack_prob,0.05,R2L,200,0.03685366070130714,0.051625812038878734,0.06164935149230299,0.012663124544412405,0.009853961838243983,384.41,564.0,1445.0,0.91,0.98,0.995
nsl_kdd_v2,non-exchangeable by construction,xgb_5class_smote,calibrated_attack_prob,0.05,all_attacks,200,0.07901681865424658,0.0946288824958649,0.10077425955996708,0.08528847031053624,0.05813626412982566,384.41,564.0,6405.0,0.0,1.0,1.0
nsl_kdd_v2,non-exchangeable by construction,xgb_5class_smote,calibrated_attack_prob,0.1,DoS,200,0.17123465696275542,0.19396498602808113,0.20479333799550234,0.22257800834979755,0.15430413517217267,784.66,1127.0,3723.0,0.0,0.0,0.0
nsl_kdd_v2,non-exchangeable by construction,xgb_5class_smote,calibrated_attack_prob,0.1,Probe,200,0.15304511436896656,0.1766553499908419,0.19528152952725178,0.19098030309070427,0.13361725573133476,784.66,1127.0,1207.5,0.005,0.155,0.59
nsl_kdd_v2,non-exchangeable by construction,xgb_5class_smote,calibrated_attack_prob,0.1,R2L,200,0.10977903426618757,0.1340507413943265,0.1492275477226864,0.02095651795590351,0.015896228807988768,784.66,1127.0,1445.0,1.0,1.0,1.0
nsl_kdd_v2,non-exchangeable by construction,xgb_5class_smote,calibrated_attack_prob,0.1,all_attacks,200,0.175192943474432,0.19765921677237608,0.20594299150508655,0.17031117545123092,0.11863206589187557,784.66,1127.0,6405.0,1.0,1.0,1.0
nsl_kdd_v2,non-exchangeable by construction,xgb_5class_smote,calibrated_attack_prob,0.2,DoS,200,0.37303698193825796,0.4040527382445784,0.41733453407588145,0.4466349382106048,0.31740342929692206,1604.465,2254.0,3723.0,0.0,0.0,0.0
nsl_kdd_v2,non-exchangeable by construction,xgb_5class_smote,calibrated_attack_prob,0.2,Probe,200,0.34947705906183407,0.3826880999869177,0.40587962446789455,0.38182554674296826,0.2717278709914146,1604.465,2254.0,1207.5,0.045,0.485,0.93
nsl_kdd_v2,non-exchangeable by construction,xgb_5class_smote,calibrated_attack_prob,0.2,R2L,200,0.2807189492659506,0.317331505618844,0.33764950659741205,0.03802762156900876,0.02855648014054997,1604.465,2254.0,1445.0,1.0,1.0,1.0
nsl_kdd_v2,non-exchangeable by construction,xgb_5class_smote,calibrated_attack_prob,0.2,all_attacks,200,0.37794624718337944,0.40852127422909285,0.4186525627729604,0.34054965051337294,0.24245108653833655,1604.465,2254.0,6405.0,1.0,1.0,1.0
nsl_kdd_v2,non-exchangeable by construction,xgb_5class_smote,rare_weighted,0.01,DoS,200,0.0,0.0,0.0,0.0,0.0,68.1,113.0,3723.0,0.0,0.0,0.0
nsl_kdd_v2,non-exchangeable by construction,xgb_5class_smote,rare_weighted,0.01,Probe,200,0.0,0.00248895214808724,0.005134044114318119,0.0004263057532665985,0.0004263057532665985,68.1,113.0,1207.5,0.0,0.545,0.885
nsl_kdd_v2,non-exchangeable by construction,xgb_5class_smote,rare_weighted,0.01,R2L,200,0.6697361595243899,0.9625519081879764,0.9700883369994858,0.06431807712140479,0.03352049714062336,68.1,113.0,1445.0,1.0,1.0,1.0
nsl_kdd_v2,non-exchangeable by construction,xgb_5class_smote,rare_weighted,0.01,all_attacks,200,0.009042022875919457,0.014132726389089441,0.016724830088433045,0.017167634198697754,0.010203536968734992,68.1,113.0,6405.0,0.0,0.0,0.175
nsl_kdd_v2,non-exchangeable by construction,xgb_5class_smote,rare_weighted,0.02,DoS,200,0.0,0.0,0.0,0.0,0.0022236622582581024,591.805,225.0,3723.0,0.0,0.0,0.0
nsl_kdd_v2,non-exchangeable by construction,xgb_5class_smote,rare_weighted,0.02,Probe,200,0.04272121311873109,0.08615388323826174,0.10014050296349686,0.0005002845024812045,0.16525948896872575,591.805,225.0,1207.5,1.0,1.0,1.0
nsl_kdd_v2,non-exchangeable by construction,xgb_5class_smote,rare_weighted,0.02,R2L,200,0.9575597834778801,0.9629313838772322,0.9704312679914123,0.13904932579975335,0.23583994845785564,591.805,225.0,1445.0,1.0,1.0,1.0
nsl_kdd_v2,non-exchangeable by construction,xgb_5class_smote,rare_weighted,0.02,all_attacks,200,0.02354607457043957,0.03281500805786802,0.036637978119100766,0.03450072157974904,0.08936262648290265,591.805,225.0,6405.0,0.0,0.0,1.0
nsl_kdd_v2,non-exchangeable by construction,xgb_5class_smote,rare_weighted,0.05,DoS,200,0.0,0.0,0.0,0.002206112157333514,0.0022398471173970674,925.895,564.0,3723.0,0.0,0.0,0.0
nsl_kdd_v2,non-exchangeable by construction,xgb_5class_smote,rare_weighted,0.05,Probe,200,0.31288726631657054,0.39238293194986185,0.4156843183070808,0.14364794263739714,0.41006141795137485,925.895,564.0,1207.5,1.0,1.0,1.0
nsl_kdd_v2,non-exchangeable by construction,xgb_5class_smote,rare_weighted,0.05,R2L,200,0.9575597834778801,0.9629313838772322,0.9704312679914123,0.23583994845785564,0.23584691001204866,925.895,564.0,1445.0,1.0,1.0,1.0
nsl_kdd_v2,non-exchangeable by construction,xgb_5class_smote,rare_weighted,0.05,all_attacks,200,0.07718495055483765,0.09277751317637337,0.0988721931126128,0.08525969303661722,0.13548346760967622,925.895,564.0,6405.0,0.0,1.0,1.0
nsl_kdd_v2,non-exchangeable by construction,xgb_5class_smote,rare_weighted,0.1,DoS,200,0.0,1.21203966869525e-05,4.977309595142222e-05,0.0022692984315028654,0.0022559414874307954,1143.795,1127.0,3723.0,0.0,0.0,0.0
nsl_kdd_v2,non-exchangeable by construction,xgb_5class_smote,rare_weighted,0.1,Probe,200,0.8345347593577505,0.9620607244782575,0.9697899495436202,0.543860687661901,0.5574422098589022,1143.795,1127.0,1207.5,1.0,1.0,1.0
nsl_kdd_v2,non-exchangeable by construction,xgb_5class_smote,rare_weighted,0.1,R2L,200,0.9575597834778801,0.9629313838772322,0.9704312679914123,0.23586431562816806,0.2358538358708264,1143.795,1127.0,1445.0,1.0,1.0,1.0
nsl_kdd_v2,non-exchangeable by construction,xgb_5class_smote,rare_weighted,0.1,all_attacks,200,0.1733181282115302,0.19548954752746375,0.20374181682769169,0.16067531450542957,0.1632552347945713,1143.795,1127.0,6405.0,1.0,1.0,1.0
nsl_kdd_v2,non-exchangeable by construction,xgb_5class_smote,rare_weighted,0.2,DoS,200,0.2055884684780451,0.24319875935340057,0.25490589484997134,0.1914060698250577,0.4357830131639844,3173.865,2254.0,3723.0,0.965,1.0,1.0
nsl_kdd_v2,non-exchangeable by construction,xgb_5class_smote,rare_weighted,0.2,Probe,200,0.9909002823953511,0.9918683379130383,0.9953159008316917,0.805555954333625,0.8082933828477755,3173.865,2254.0,1207.5,1.0,1.0,1.0
nsl_kdd_v2,non-exchangeable by construction,xgb_5class_smote,rare_weighted,0.2,R2L,200,0.9575597834778801,0.9629313838772322,0.9704312679914123,0.2790286470242711,0.2790599792670495,3173.865,2254.0,1445.0,1.0,1.0,1.0
nsl_kdd_v2,non-exchangeable by construction,xgb_5class_smote,rare_weighted,0.2,all_attacks,200,0.37331582533662305,0.40387685358686587,0.41399177000858367,0.33002485964956935,0.47254042996263834,3173.865,2254.0,6405.0,1.0,1.0,1.0
nsl_kdd_v2,non-exchangeable by construction,xgb_5class_smote,uncalibrated,0.01,DoS,200,0.011806620980818945,0.019704744080818702,0.023725037098905312,0.029609361576590807,0.00980550939512919,39.36,113.0,3723.0,0.0,0.01,0.015
nsl_kdd_v2,non-exchangeable by construction,xgb_5class_smote,uncalibrated,0.01,Probe,200,0.0,0.0,0.00010568517391612612,0.0010566256286676226,0.0010891724146725045,39.36,113.0,1207.5,0.0,0.0,0.505
nsl_kdd_v2,non-exchangeable by construction,xgb_5class_smote,uncalibrated,0.01,R2L,200,3.5063113604485e-06,7.0126227208975e-06,3.9278120589969006e-05,0.00084917578681724,0.00088300528614065,39.36,113.0,1445.0,0.0,0.0,0.005
nsl_kdd_v2,non-exchangeable by construction,xgb_5class_smote,uncalibrated,0.01,all_attacks,200,0.009712079072653763,0.015999115983472187,0.01873888975931394,0.017610080786552643,0.006115687265064407,39.36,113.0,6405.0,0.0,0.0,1.0
nsl_kdd_v2,non-exchangeable by construction,xgb_5class_smote,uncalibrated,0.02,DoS,200,0.03160241788886494,0.043425555424337334,0.049192364213505396,0.059657409733506445,0.023532827520837366,90.47,225.0,3723.0,0.0,0.005,0.01
nsl_kdd_v2,non-exchangeable by construction,xgb_5class_smote,uncalibrated,0.02,Probe,200,0.0,0.0,0.00011298752356795998,0.001109656879880614,0.0010891724146725045,90.47,225.0,1207.5,0.0,0.0,0.5
nsl_kdd_v2,non-exchangeable by construction,xgb_5class_smote,uncalibrated,0.02,R2L,200,3.5063113604485e-06,7.0126227208975e-06,3.9278120589969006e-05,0.00088300528614065,0.00088300528614065,90.47,225.0,1445.0,0.0,0.0,0.005
nsl_kdd_v2,non-exchangeable by construction,xgb_5class_smote,uncalibrated,0.02,all_attacks,200,0.025471594701860004,0.03475536776266432,0.03867510213099137,0.03508672804025006,0.014091274651211304,90.47,225.0,6405.0,0.0,0.16,1.0
nsl_kdd_v2,non-exchangeable by construction,xgb_5class_smote,uncalibrated,0.05,DoS,200,0.09971984850165766,0.1196945893027838,0.1286572026946896,0.13844360824932195,0.0492888821345844,186.38,564.0,3723.0,0.0,0.0,0.005
nsl_kdd_v2,non-exchangeable by construction,xgb_5class_smote,uncalibrated,0.05,Probe,200,0.0,0.0,0.00011298752356795998,0.02864160402740122,0.0010891724146725045,186.38,564.0,1207.5,0.0,0.0,0.0
nsl_kdd_v2,non-exchangeable by construction,xgb_5class_smote,uncalibrated,0.05,R2L,200,3.5063113604485e-06,7.0126227208975e-06,3.9278120589969006e-05,0.00088300528614065,0.00088300528614065,186.38,564.0,1445.0,0.0,0.0,0.005
nsl_kdd_v2,non-exchangeable by construction,xgb_5class_smote,uncalibrated,0.05,all_attacks,200,0.0790924672427726,0.09467335584149142,0.10081989400407214,0.08604954018168742,0.0290572439582972,186.38,564.0,6405.0,0.0,1.0,1.0
nsl_kdd_v2,non-exchangeable by construction,xgb_5class_smote,uncalibrated,0.1,DoS,200,0.22201193856128915,0.24738128615041535,0.2591564921875683,0.26832294241172044,0.08998332268107812,363.83,1127.0,3723.0,0.0,0.0,0.02
nsl_kdd_v2,non-exchangeable by construction,xgb_5class_smote,uncalibrated,0.1,Probe,200,0.0033008270203126414,0.006805224366348075,0.011605859674882823,0.08202002597862311,0.017958056592097923,363.83,1127.0,1207.5,0.0,0.0,0.0
nsl_kdd_v2,non-exchangeable by construction,xgb_5class_smote,uncalibrated,0.1,R2L,200,3.82192260116355e-05,5.90108696028665e-05,0.000401798826719862,0.00088300528614065,0.00088300528614065,363.83,1127.0,1445.0,0.005,0.005,0.375
nsl_kdd_v2,non-exchangeable by construction,xgb_5class_smote,uncalibrated,0.1,all_attacks,200,0.17718042890473604,0.1978158695300972,0.206103424096383,0.1715701631026642,0.05588277152961752,363.83,1127.0,6405.0,0.995,1.0,1.0
nsl_kdd_v2,non-exchangeable by construction,xgb_5class_smote,uncalibrated,0.2,DoS,200,0.46304618699644773,0.4958885018393616,0.5093593172765882,0.46086103746758234,0.12181196128613918,497.665,2254.0,3723.0,0.665,1.0,1.0
nsl_kdd_v2,non-exchangeable by construction,xgb_5class_smote,uncalibrated,0.2,Probe,200,0.05150824321533747,0.0751577031773698,0.08836106737813802,0.3895371541933711,0.027396458192088628,497.665,2254.0,1207.5,0.0,0.0,0.0
nsl_kdd_v2,non-exchangeable by construction,xgb_5class_smote,uncalibrated,0.2,R2L,200,0.0029221338186810743,0.006591347503083547,0.010408124564121208,0.00088300528614065,0.00088300528614065,497.665,2254.0,1445.0,0.685,0.875,0.955
nsl_kdd_v2,non-exchangeable by construction,xgb_5class_smote,uncalibrated,0.2,all_attacks,200,0.3779907069881049,0.408571234430218,0.4187019172941344,0.3413792109174213,0.07615382363059546,497.665,2254.0,6405.0,1.0,1.0,1.0
unsw_nb15_v2,composition shift,dnn_5class_cw,calibrated_attack_prob,0.01,DoS,200,0.015314871528596632,0.022580819749388983,0.02804765949749207,0.04320496142726369,0.025912053808590154,192.715,317.0,2046.0,0.005,0.005,0.005
unsw_nb15_v2,composition shift,dnn_5class_cw,calibrated_attack_prob,0.01,Probe,200,0.007617153304083788,0.011626167386083781,0.01556583191826347,0.027620750406853512,0.016906639187022465,192.715,317.0,2087.0,0.005,0.005,0.005
unsw_nb15_v2,composition shift,dnn_5class_cw,calibrated_attack_prob,0.01,R2L,200,0.00788096764809904,0.010923304565342757,0.012735868685138539,0.019042583006451817,0.011609655025965206,192.715,317.0,8880.0,0.005,0.005,0.005
unsw_nb15_v2,composition shift,dnn_5class_cw,calibrated_attack_prob,0.01,U2R,200,0.0007954545454545455,0.0008409090909090905,0.0019427078379035056,0.006998031496255514,0.004406775880954106,192.715,317.0,211.0,0.005,0.005,0.09
unsw_nb15_v2,composition shift,dnn_5class_cw,calibrated_attack_prob,0.01,all_attacks,200,0.011164896953388409,0.015225158092531957,0.016947642748149274,0.02393816539836506,0.014543696762203009,192.715,317.0,13222.5,0.005,0.005,0.005
unsw_nb15_v2,composition shift,dnn_5class_cw,calibrated_attack_prob,0.02,DoS,200,0.03738435810319939,0.04869373253540919,0.056722839442373524,0.08603775272374589,0.051731358352223644,384.12,635.0,2046.0,0.005,0.005,0.005
unsw_nb15_v2,composition shift,dnn_5class_cw,calibrated_attack_prob,0.02,Probe,200,0.019424285921860133,0.02562608176611091,0.0315695627079422,0.05506672452546159,0.03403649418299484,384.12,635.0,2087.0,0.005,0.005,0.005
unsw_nb15_v2,composition shift,dnn_5class_cw,calibrated_attack_prob,0.02,R2L,200,0.017768468830112915,0.022566428155868033,0.025203311663907043,0.03832852746593974,0.02305144679383602,384.12,635.0,8880.0,0.005,0.005,0.005
unsw_nb15_v2,composition shift,dnn_5class_cw,calibrated_attack_prob,0.02,U2R,200,0.0008183903252710589,0.0010298121193359855,0.003897108088604049,0.014049993356172434,0.0091075576289589,384.12,635.0,211.0,0.005,0.005,0.09
unsw_nb15_v2,composition shift,dnn_5class_cw,calibrated_attack_prob,0.02,all_attacks,200,0.024507029604086784,0.030551339599573856,0.033026485177322006,0.04795572307787675,0.028997102070341715,384.12,635.0,13222.5,0.005,0.005,0.005
unsw_nb15_v2,composition shift,dnn_5class_cw,calibrated_attack_prob,0.05,DoS,200,0.11448264426589581,0.13332806170120162,0.14594052404012958,0.21492593787851008,0.13163552090095978,977.08,1586.0,2046.0,0.005,0.005,0.005
unsw_nb15_v2,composition shift,dnn_5class_cw,calibrated_attack_prob,0.05,Probe,200,0.061255245423279626,0.07292023443382084,0.08259025613787312,0.13680106450214638,0.08528276878010668,977.08,1586.0,2087.0,0.005,0.005,0.005
unsw_nb15_v2,composition shift,dnn_5class_cw,calibrated_attack_prob,0.05,R2L,200,0.05132546007937024,0.0593982820665395,0.06360107208072817,0.09586853100796733,0.058959048171694305,977.08,1586.0,8880.0,0.005,0.005,0.005
unsw_nb15_v2,composition shift,dnn_5class_cw,calibrated_attack_prob,0.05,U2R,200,0.002370306617863234,0.004160299048706248,0.011665802448386806,0.036387507451638525,0.02331274668892226,977.08,1586.0,211.0,0.005,0.005,0.05
unsw_nb15_v2,composition shift,dnn_5class_cw,calibrated_attack_prob,0.05,all_attacks,200,0.06824062188846128,0.07822046073221006,0.0821014040028897,0.11977589020400536,0.07377778699896939,977.08,1586.0,13222.5,0.005,0.005,0.005
unsw_nb15_v2,composition shift,dnn_5class_cw,calibrated_attack_prob,0.1,DoS,200,0.25565426250210466,0.28356272177731345,0.3000874109567315,0.42938397308793,0.26922517266931884,1996.61,3173.0,2046.0,0.005,0.005,0.005
unsw_nb15_v2,composition shift,dnn_5class_cw,calibrated_attack_prob,0.1,Probe,200,0.14113371934427074,0.15827558278605022,0.1716807288711391,0.272807094516439,0.17313809486746073,1996.61,3173.0,2087.0,0.005,0.005,0.005
unsw_nb15_v2,composition shift,dnn_5class_cw,calibrated_attack_prob,0.1,R2L,200,0.11145906962443725,0.12275640830053446,0.12856230781752148,0.19217660782885854,0.12072800152316464,1996.61,3173.0,8880.0,0.005,0.005,0.005
unsw_nb15_v2,composition shift,dnn_5class_cw,calibrated_attack_prob,0.1,U2R,200,0.01259074780207036,0.01695536732195444,0.030563267671495267,0.07206025260848958,0.04681934898457757,1996.61,3173.0,211.0,0.005,0.005,0.02
unsw_nb15_v2,composition shift,dnn_5class_cw,calibrated_attack_prob,0.1,all_attacks,200,0.14577942905751656,0.15986800527261041,0.1651533671506506,0.23963383862959875,0.15076675427266373,1996.61,3173.0,13222.5,0.005,0.005,0.005
unsw_nb15_v2,composition shift,dnn_5class_cw,calibrated_attack_prob,0.2,DoS,200,0.5620073885615244,0.6002554111426149,0.6178503212629107,0.7658502180300968,0.5504305775409557,4085.595,6346.0,2046.0,0.005,0.005,0.005
unsw_nb15_v2,composition shift,dnn_5class_cw,calibrated_attack_prob,0.2,Probe,200,0.31278094497613107,0.33620569018706414,0.3532826480319733,0.6100213525137943,0.35309082976293815,4085.595,6346.0,2087.0,0.0,0.0,0.0
unsw_nb15_v2,composition shift,dnn_5class_cw,calibrated_attack_prob,0.2,R2L,200,0.23699726621091968,0.2526568659338199,0.2602974144364757,0.38703129036939143,0.24754745077758783,4085.595,6346.0,8880.0,0.0,0.0,0.0
unsw_nb15_v2,composition shift,dnn_5class_cw,calibrated_attack_prob,0.2,U2R,200,0.04226953468125923,0.05015427958103325,0.07210188097718688,0.23850120884683168,0.09308696371125713,4085.595,6346.0,211.0,0.0,0.0,0.0
unsw_nb15_v2,composition shift,dnn_5class_cw,calibrated_attack_prob,0.2,all_attacks,200,0.3069672239743963,0.3261589751712164,0.33288836195698523,0.4783667154241816,0.3085368657394046,4085.595,6346.0,13222.5,0.0,0.0,0.0
unsw_nb15_v2,composition shift,dnn_5class_cw,rare_weighted,0.01,DoS,200,0.0003570659617782785,0.001758936461868228,0.003782044341992839,0.011848645188129881,0.014456012850250602,371.975,317.0,2046.0,0.0,0.0,0.0
unsw_nb15_v2,composition shift,dnn_5class_cw,rare_weighted,0.01,Probe,200,0.0,0.0,0.0,0.011814007990429871,0.012924040090409063,371.975,317.0,2087.0,0.0,0.0,0.0
unsw_nb15_v2,composition shift,dnn_5class_cw,rare_weighted,0.01,R2L,200,0.00321538802785853,0.005776090678798172,0.007216758672451204,0.014764181004288833,0.018657894380694328,371.975,317.0,8880.0,0.0,0.0,0.0
unsw_nb15_v2,composition shift,dnn_5class_cw,rare_weighted,0.01,U2R,200,0.3339372699500217,0.44216858988414237,0.4985858900390401,0.45807394701111387,0.4797432775295054,371.975,317.0,211.0,0.0,0.305,0.82
unsw_nb15_v2,composition shift,dnn_5class_cw,rare_weighted,0.01,all_attacks,200,0.00873383228508607,0.012485533408163932,0.014151189827781257,0.020923924279481164,0.024465720924455536,371.975,317.0,13222.5,0.0,0.0,0.0
unsw_nb15_v2,composition shift,dnn_5class_cw,rare_weighted,0.02,DoS,200,0.003302740484138688,0.004860909423308477,0.0079238253784676,0.01903298757250844,0.02254501234268085,989.455,635.0,2046.0,0.0,0.0,0.0
unsw_nb15_v2,composition shift,dnn_5class_cw,rare_weighted,0.02,Probe,200,0.0,4.3181624993996e-05,0.0006278687704449192,0.018396814864844277,0.024971125895121512,989.455,635.0,2087.0,0.0,0.0,0.0
unsw_nb15_v2,composition shift,dnn_5class_cw,rare_weighted,0.02,R2L,200,0.014188348279320686,0.020730703227008804,0.023333196621163507,0.03708397121707606,0.05754481975404726,989.455,635.0,8880.0,0.0,0.0,0.0
unsw_nb15_v2,composition shift,dnn_5class_cw,rare_weighted,0.02,U2R,200,0.5405594324822129,0.5918757008661574,0.6463488225988543,0.6024723768938477,0.6963744199836888,989.455,635.0,211.0,0.06,0.4,0.855
unsw_nb15_v2,composition shift,dnn_5class_cw,rare_weighted,0.02,all_attacks,200,0.020586695816733277,0.02620778423832673,0.028570106571585138,0.04037392378318702,0.057196820529765366,989.455,635.0,13222.5,0.0,0.0,0.0
unsw_nb15_v2,composition shift,dnn_5class_cw,rare_weighted,0.05,DoS,200,0.012683708658892883,0.014857013329541327,0.019763426921452644,0.03619751302458842,0.04849337643481874,2331.675,1586.0,2046.0,0.0,0.0,0.0
unsw_nb15_v2,composition shift,dnn_5class_cw,rare_weighted,0.05,Probe,200,0.015167364074174863,0.03785448334651502,0.04518162486472509,0.03233107762495659,0.052935759604937356,2331.675,1586.0,2087.0,0.0,0.775,0.93
unsw_nb15_v2,composition shift,dnn_5class_cw,rare_weighted,0.05,R2L,200,0.05581524847052516,0.06235317815722502,0.06667819321900402,0.08717152640529607,0.12052878738588632,2331.675,1586.0,8880.0,0.0,0.0,0.0
unsw_nb15_v2,composition shift,dnn_5class_cw,rare_weighted,0.05,U2R,200,0.7893329637548976,0.8076985143827454,0.8490602263853709,0.8404708268710748,0.8995923909631142,2331.675,1586.0,211.0,0.065,0.13,0.615
unsw_nb15_v2,composition shift,dnn_5class_cw,rare_weighted,0.05,all_attacks,200,0.058469649700926586,0.06735580700030173,0.07101121218416247,0.08266929562532281,0.11117010931173626,2331.675,1586.0,13222.5,0.0,0.0,0.0
unsw_nb15_v2,composition shift,dnn_5class_cw,rare_weighted,0.1,DoS,200,0.01917419348860697,0.021050696310582807,0.02676044565365175,0.05511367359955826,0.05776772445360803,3817.27,3173.0,2046.0,0.0,0.0,0.0
unsw_nb15_v2,composition shift,dnn_5class_cw,rare_weighted,0.1,Probe,200,0.35042523593081015,0.3989641920341386,0.41670464105973126,0.2656434748301077,0.43684166557136966,3817.27,3173.0,2087.0,1.0,1.0,1.0
unsw_nb15_v2,composition shift,dnn_5class_cw,rare_weighted,0.1,R2L,200,0.07804925889140114,0.08584423311561057,0.0908341217073173,0.1362088552802383,0.1467627785295422,3817.27,3173.0,8880.0,0.0,0.0,0.0
unsw_nb15_v2,composition shift,dnn_5class_cw,rare_weighted,0.1,U2R,200,0.8709524783289126,0.9076278996310566,0.9360378971901641,0.9356490226955604,0.9723945754872788,3817.27,3173.0,211.0,0.0,0.095,0.495
unsw_nb15_v2,composition shift,dnn_5class_cw,rare_weighted,0.1,all_attacks,200,0.13086726491460915,0.14385016470680684,0.14892780351790444,0.15685765212168964,0.19195692056740424,3817.27,3173.0,13222.5,0.0,0.0,0.0
unsw_nb15_v2,composition shift,dnn_5class_cw,rare_weighted,0.2,DoS,200,0.07794561297299692,0.115908116549732,0.12791248517224874,0.09415235223798042,0.14527569575155513,7340.89,6346.0,2046.0,0.055,0.955,0.995
unsw_nb15_v2,composition shift,dnn_5class_cw,rare_weighted,0.2,Probe,200,0.6982853590379036,0.7180353302774152,0.7340049484123881,0.7485351698500518,0.7606686781097955,7340.89,6346.0,2087.0,0.0,0.005,0.07
unsw_nb15_v2,composition shift,dnn_5class_cw,rare_weighted,0.2,R2L,200,0.19006529849811354,0.2050275109947206,0.21214415766035596,0.23023899872336157,0.2504995763267977,7340.89,6346.0,8880.0,0.0,0.0,0.0
unsw_nb15_v2,composition shift,dnn_5class_cw,rare_weighted,0.2,U2R,200,0.9286636703878226,0.9366433423200131,0.9597801655072048,0.9976432195173313,0.9982344255367772,7340.89,6346.0,211.0,0.0,0.0,0.0
unsw_nb15_v2,composition shift,dnn_5class_cw,rare_weighted,0.2,all_attacks,200,0.2717453340186689,0.29065681868208665,0.2971877636306219,0.30323316834907094,0.32666669398263615,7340.89,6346.0,13222.5,0.0,0.0,0.015
unsw_nb15_v2,composition shift,dnn_5class_cw,uncalibrated,0.01,DoS,200,0.011773422268072053,0.019531138536094853,0.025069310979127638,0.05446164660344469,0.023232825260832715,121.985,317.0,2046.0,0.0,0.0,0.0
unsw_nb15_v2,composition shift,dnn_5class_cw,uncalibrated,0.01,Probe,200,0.004034639920373359,0.007158701850697788,0.010720343854347995,0.017569086268863016,0.006439310571042535,121.985,317.0,2087.0,0.0,0.0,0.0
unsw_nb15_v2,composition shift,dnn_5class_cw,uncalibrated,0.01,R2L,200,0.006247917540595751,0.009439533599348801,0.01124612612455181,0.01903439441582123,0.006875989392800473,121.985,317.0,8880.0,0.0,0.0,0.0
unsw_nb15_v2,composition shift,dnn_5class_cw,uncalibrated,0.01,U2R,200,0.0,0.0,0.0,0.0,0.0,121.985,317.0,211.0,0.0,0.0,0.0
unsw_nb15_v2,composition shift,dnn_5class_cw,uncalibrated,0.01,all_attacks,200,0.00881359308571366,0.012886702837074014,0.014580176899774698,0.023973333819854555,0.009224997263817133,121.985,317.0,13222.5,0.0,0.0,0.0
unsw_nb15_v2,composition shift,dnn_5class_cw,uncalibrated,0.02,DoS,200,0.036158815196191144,0.04629265125279062,0.05438995847525454,0.10508445665429539,0.04842134381602006,281.465,635.0,2046.0,0.0,0.0,0.0
unsw_nb15_v2,composition shift,dnn_5class_cw,uncalibrated,0.02,Probe,200,0.012263090420571457,0.017276441030797923,0.022485917000344805,0.03559215604300848,0.01560960963584291,281.465,635.0,2087.0,0.0,0.0,0.0
unsw_nb15_v2,composition shift,dnn_5class_cw,uncalibrated,0.02,R2L,200,0.01674030499498658,0.022170245511618433,0.024857954357781074,0.03895621805920025,0.016881496047653367,281.465,635.0,8880.0,0.0,0.0,0.0
unsw_nb15_v2,composition shift,dnn_5class_cw,uncalibrated,0.02,U2R,200,0.0,0.0,0.0,0.0,0.0,281.465,635.0,211.0,0.0,0.0,0.0
unsw_nb15_v2,composition shift,dnn_5class_cw,uncalibrated,0.02,all_attacks,200,0.022231528295712698,0.028298080550672046,0.030746284777374334,0.048022293298446865,0.021284953589401502,281.465,635.0,13222.5,0.0,0.0,0.0
unsw_nb15_v2,composition shift,dnn_5class_cw,uncalibrated,0.05,DoS,200,0.11960377697504798,0.14341163936035475,0.1565344311748416,0.27196849490711605,0.15258259870433163,913.55,1586.0,2046.0,0.0,0.0,0.0
unsw_nb15_v2,composition shift,dnn_5class_cw,uncalibrated,0.05,Probe,200,0.03783574705165838,0.04512829618218765,0.05306339045964775,0.08487325392116998,0.050989903764687844,913.55,1586.0,2087.0,0.0,0.0,0.0
unsw_nb15_v2,composition shift,dnn_5class_cw,uncalibrated,0.05,R2L,200,0.0535746841685584,0.061649826780255934,0.06595290117041999,0.09605883551902342,0.05576974859922044,913.55,1586.0,8880.0,0.0,0.0,0.0
unsw_nb15_v2,composition shift,dnn_5class_cw,uncalibrated,0.05,U2R,200,0.0,0.0,0.0,0.0,0.0,913.55,1586.0,211.0,0.0,0.0,0.0
unsw_nb15_v2,composition shift,dnn_5class_cw,uncalibrated,0.05,all_attacks,200,0.06620112702832154,0.07622962235514294,0.0800919183590114,0.11994229475801067,0.06908598729567075,913.55,1586.0,13222.5,0.0,0.0,0.0
unsw_nb15_v2,composition shift,dnn_5class_cw,uncalibrated,0.1,DoS,200,0.29154544961842865,0.32560429111377504,0.34282837357992724,0.5597879395491957,0.24932901604641203,1467.755,3173.0,2046.0,0.0,0.0,0.0
unsw_nb15_v2,composition shift,dnn_5class_cw,uncalibrated,0.1,Probe,200,0.08723657565470788,0.09719250040078642,0.10827226242682653,0.15517908571784797,0.07920519245577523,1467.755,3173.0,2087.0,0.0,0.0,0.0
unsw_nb15_v2,composition shift,dnn_5class_cw,uncalibrated,0.1,R2L,200,0.11528006919406877,0.12703303128561733,0.13293298368636353,0.19200056090578918,0.08928074299764739,1467.755,3173.0,8880.0,0.0,0.0,0.0
unsw_nb15_v2,composition shift,dnn_5class_cw,uncalibrated,0.1,U2R,200,0.0,0.0,0.0,0.0,0.0,1467.755,3173.0,211.0,0.0,0.0,0.0
unsw_nb15_v2,composition shift,dnn_5class_cw,uncalibrated,0.1,all_attacks,200,0.1441666809466789,0.15832198127448907,0.16359955279055277,0.2399602151747591,0.11099765530416576,1467.755,3173.0,13222.5,0.0,0.0,0.0
unsw_nb15_v2,composition shift,dnn_5class_cw,uncalibrated,0.2,DoS,200,0.6665308395058972,0.7089043616332684,0.7252097024238711,0.7704567453125342,0.5774542716982541,3303.38,6346.0,2046.0,0.0,0.0,0.0
unsw_nb15_v2,composition shift,dnn_5class_cw,uncalibrated,0.2,Probe,200,0.1910724643254171,0.20509530401816453,0.21993378642155012,0.6176756830284965,0.16238935956244877,3303.38,6346.0,2087.0,0.0,0.0,0.0
unsw_nb15_v2,composition shift,dnn_5class_cw,uncalibrated,0.2,R2L,200,0.24452139554030225,0.2616704382098967,0.2694004610623958,0.38464031286999456,0.2009126656129742,3303.38,6346.0,8880.0,0.0,0.0,0.0
unsw_nb15_v2,composition shift,dnn_5class_cw,uncalibrated,0.2,U2R,200,0.0,0.0,0.0,0.2491637602907328,0.0,3303.38,6346.0,211.0,0.0,0.0,0.0
unsw_nb15_v2,composition shift,dnn_5class_cw,uncalibrated,0.2,all_attacks,200,0.30624227720793606,0.32553015081702497,0.3322589103866168,0.478862940467611,0.2498165987801774,3303.38,6346.0,13222.5,0.0,0.0,0.0
unsw_nb15_v2,composition shift,dnn_5class_smote,calibrated_attack_prob,0.01,DoS,200,0.017945188220405462,0.024647795610486543,0.030035485207781366,0.03987419586779034,0.02452180616945843,192.87,317.0,2046.0,0.015,0.015,0.015
unsw_nb15_v2,composition shift,dnn_5class_smote,calibrated_attack_prob,0.01,Probe,200,0.01348568440724621,0.018845385783449256,0.023618955430246714,0.04163592202652316,0.025102270008683744,192.87,317.0,2087.0,0.015,0.015,0.015
unsw_nb15_v2,composition shift,dnn_5class_smote,calibrated_attack_prob,0.01,R2L,200,0.008395403766390952,0.011206047250896647,0.01298328698447507,0.01619802684766386,0.009844964783362588,192.87,317.0,8880.0,0.015,0.015,0.015
unsw_nb15_v2,composition shift,dnn_5class_smote,calibrated_attack_prob,0.01,U2R,200,0.0013592945115284405,0.0015984840861975505,0.004641735869430261,0.01733345364852459,0.010408351834064647,192.87,317.0,211.0,0.015,0.02,0.09
unsw_nb15_v2,composition shift,dnn_5class_smote,calibrated_attack_prob,0.01,all_attacks,200,0.013075638724949594,0.01711090958041571,0.01887783428018712,0.023888241393239803,0.01453742238534246,192.87,317.0,13222.5,0.015,0.015,0.015
unsw_nb15_v2,composition shift,dnn_5class_smote,calibrated_attack_prob,0.02,DoS,200,0.0381246467412834,0.04848145500885317,0.05631587508486863,0.07964335067292926,0.045474751085811074,360.615,635.0,2046.0,0.015,0.015,0.015
unsw_nb15_v2,composition shift,dnn_5class_smote,calibrated_attack_prob,0.02,Probe,200,0.029614549044441142,0.03795989451535188,0.044984956998153185,0.08312721435262188,0.047417906648060754,360.615,635.0,2087.0,0.015,0.015,0.015
unsw_nb15_v2,composition shift,dnn_5class_smote,calibrated_attack_prob,0.02,R2L,200,0.017362309555002103,0.021770761286571294,0.02433575621602021,0.032595742851253905,0.018376989770085738,360.615,635.0,8880.0,0.015,0.015,0.015
unsw_nb15_v2,composition shift,dnn_5class_smote,calibrated_attack_prob,0.02,U2R,200,0.0015488595015862824,0.0027033756045900604,0.009927010050704394,0.03309544280256466,0.019572133158546945,360.615,635.0,211.0,0.015,0.02,0.055
unsw_nb15_v2,composition shift,dnn_5class_smote,calibrated_attack_prob,0.02,all_attacks,200,0.0262836536341042,0.03228023587678134,0.03479237969628635,0.04784721973197414,0.02717274778885653,360.615,635.0,13222.5,0.015,0.015,0.015
unsw_nb15_v2,composition shift,dnn_5class_smote,calibrated_attack_prob,0.05,DoS,200,0.10910997959702133,0.12714017015097767,0.13945338658268464,0.19898782843860058,0.11059019561867539,881.775,1586.0,2046.0,0.015,0.015,0.015
unsw_nb15_v2,composition shift,dnn_5class_smote,calibrated_attack_prob,0.05,Probe,200,0.08589556249110855,0.10091929216030426,0.112047050806493,0.20730789754202053,0.11564166256839487,881.775,1586.0,2087.0,0.015,0.015,0.015
unsw_nb15_v2,composition shift,dnn_5class_smote,calibrated_attack_prob,0.05,R2L,200,0.04783794599099514,0.055125821778186805,0.059180064368749105,0.08144312319190178,0.04518249535638255,881.775,1586.0,8880.0,0.015,0.015,0.015
unsw_nb15_v2,composition shift,dnn_5class_smote,calibrated_attack_prob,0.05,U2R,200,0.0083665763937486,0.013723977204994133,0.030778262272362324,0.0838337759656417,0.04679417346515316,881.775,1586.0,211.0,0.005,0.005,0.02
unsw_nb15_v2,composition shift,dnn_5class_smote,calibrated_attack_prob,0.05,all_attacks,200,0.06957282959289073,0.07946552526143902,0.08336771896188833,0.11950326937056839,0.06643755274098415,881.775,1586.0,13222.5,0.015,0.015,0.015
unsw_nb15_v2,composition shift,dnn_5class_smote,calibrated_attack_prob,0.1,DoS,200,0.23952925093427538,0.26510858020124484,0.28131926580804234,0.3971063483514024,0.22243901377414838,1780.24,3173.0,2046.0,0.01,0.01,0.01
unsw_nb15_v2,composition shift,dnn_5class_smote,calibrated_attack_prob,0.1,Probe,200,0.19146591332651397,0.21332100899239226,0.2283359534033875,0.4151191094732339,0.2327269107882228,1780.24,3173.0,2087.0,0.005,0.005,0.005
unsw_nb15_v2,composition shift,dnn_5class_smote,calibrated_attack_prob,0.1,R2L,200,0.10257166802016433,0.11303512658842756,0.11864712894923402,0.16315635876410745,0.09158619294927388,1780.24,3173.0,8880.0,0.005,0.005,0.005
unsw_nb15_v2,composition shift,dnn_5class_smote,calibrated_attack_prob,0.1,U2R,200,0.03586681790740109,0.04675668645508549,0.07487933460748378,0.16470656896373764,0.09424102177920901,1780.24,3173.0,211.0,0.0,0.0,0.01
unsw_nb15_v2,composition shift,dnn_5class_smote,calibrated_attack_prob,0.1,all_attacks,200,0.146331823745265,0.16029155256735347,0.16558536071955068,0.23908490902780385,0.1341217640633211,1780.24,3173.0,13222.5,0.005,0.005,0.005
unsw_nb15_v2,composition shift,dnn_5class_smote,calibrated_attack_prob,0.2,DoS,200,0.525753098813243,0.5618154397176333,0.5797340843651999,0.7030085794289133,0.4543054310035776,3633.245,6346.0,2046.0,0.015,0.015,0.015
unsw_nb15_v2,composition shift,dnn_5class_smote,calibrated_attack_prob,0.2,Probe,200,0.4218767552013606,0.4520168058959343,0.46995278663562423,0.767710299129229,0.47464612849982823,3633.245,6346.0,2087.0,0.0,0.0,0.0
unsw_nb15_v2,composition shift,dnn_5class_smote,calibrated_attack_prob,0.2,R2L,200,0.2187151720436321,0.23293216703981062,0.24037537534722325,0.35641905151922587,0.1870160334122232,3633.245,6346.0,8880.0,0.0,0.0,0.0
unsw_nb15_v2,composition shift,dnn_5class_smote,calibrated_attack_prob,0.2,U2R,200,0.11016299034512857,0.12857182591811106,0.16952604890064113,0.4349083688128686,0.19023685591882322,3633.245,6346.0,211.0,0.0,0.0,0.0
unsw_nb15_v2,composition shift,dnn_5class_smote,calibrated_attack_prob,0.2,all_attacks,200,0.3081780086265546,0.3271973828380738,0.3339311691961358,0.47612052995436804,0.27375300420688287,3633.245,6346.0,13222.5,0.0,0.0,0.0
unsw_nb15_v2,composition shift,dnn_5class_smote,rare_weighted,0.01,DoS,200,5.1431011858169e-05,0.000574718306806479,0.0019400333981451265,0.007276818487954214,0.00792964247229739,347.83,317.0,2046.0,0.0,0.0,0.0
unsw_nb15_v2,composition shift,dnn_5class_smote,rare_weighted,0.01,Probe,200,0.0,0.0,8.392654195103327e-05,0.010612163047176673,0.011691964654239287,347.83,317.0,2087.0,0.0,0.0,0.0
unsw_nb15_v2,composition shift,dnn_5class_smote,rare_weighted,0.01,R2L,200,0.002425056499408305,0.004710439814289069,0.006028688331789696,0.014393936888018856,0.016339721503713565,347.83,317.0,8880.0,0.0,0.0,0.0
unsw_nb15_v2,composition shift,dnn_5class_smote,rare_weighted,0.01,U2R,200,0.3879830572918444,0.5248432336276108,0.5808252152009128,0.5218723266622023,0.5453713057471055,347.83,317.0,211.0,0.0,0.51,0.955
unsw_nb15_v2,composition shift,dnn_5class_smote,rare_weighted,0.01,all_attacks,200,0.008731199712458466,0.012544932587106494,0.01421737069567786,0.020796180849931862,0.022752162376199748,347.83,317.0,13222.5,0.0,0.0,0.0
unsw_nb15_v2,composition shift,dnn_5class_smote,rare_weighted,0.02,DoS,200,0.0022517740367866993,0.005573204943715182,0.008834416783626722,0.014143728278786717,0.019509519768517822,887.32,635.0,2046.0,0.0,0.0,0.025
unsw_nb15_v2,composition shift,dnn_5class_smote,rare_weighted,0.02,Probe,200,0.0,0.0,0.0003073710316509317,0.019491557465402078,0.022554071045713765,887.32,635.0,2087.0,0.0,0.0,0.0
unsw_nb15_v2,composition shift,dnn_5class_smote,rare_weighted,0.02,R2L,200,0.012286301396289216,0.01795746063929224,0.020387671742866854,0.03251704506715008,0.04242180566934144,887.32,635.0,8880.0,0.0,0.0,0.0
unsw_nb15_v2,composition shift,dnn_5class_smote,rare_weighted,0.02,U2R,200,0.6834717355973774,0.7423287781566197,0.7890983189376622,0.7142741028473951,0.792372862482353,887.32,635.0,211.0,0.175,0.73,0.995
unsw_nb15_v2,composition shift,dnn_5class_smote,rare_weighted,0.02,all_attacks,200,0.020804783944452638,0.02622470118846603,0.028588649430475472,0.03850634621731237,0.04771940124522524,887.32,635.0,13222.5,0.0,0.0,0.0
unsw_nb15_v2,composition shift,dnn_5class_smote,rare_weighted,0.05,DoS,200,0.012270400127108075,0.013508506647620908,0.01822524264496832,0.03998755426214631,0.04480668374826904,2046.58,1586.0,2046.0,0.0,0.0,0.0
unsw_nb15_v2,composition shift,dnn_5class_smote,rare_weighted,0.05,Probe,200,0.0423825074212596,0.08808375678950102,0.0986861928601432,0.03105757296600042,0.07904915970047426,2046.58,1586.0,2087.0,0.93,1.0,1.0
unsw_nb15_v2,composition shift,dnn_5class_smote,rare_weighted,0.05,R2L,200,0.048479835289678516,0.05124826973601485,0.05520028037612474,0.078716106666637,0.09533639619982781,2046.58,1586.0,8880.0,0.0,0.0,0.0
unsw_nb15_v2,composition shift,dnn_5class_smote,rare_weighted,0.05,U2R,200,0.858217382934471,0.870188940645955,0.9042064932704291,0.9330684971247675,0.9549013854268559,2046.58,1586.0,211.0,0.0,0.01,0.12
unsw_nb15_v2,composition shift,dnn_5class_smote,rare_weighted,0.05,all_attacks,200,0.05916652523226723,0.06877072126499632,0.07246084487489596,0.07885102359077183,0.09868011514061135,2046.58,1586.0,13222.5,0.0,0.0,0.0
unsw_nb15_v2,composition shift,dnn_5class_smote,rare_weighted,0.1,DoS,200,0.016638415633922942,0.02720140191819431,0.0335861195744875,0.05018036320129413,0.0543570566758618,3421.95,3173.0,2046.0,0.0,0.0,0.005
unsw_nb15_v2,composition shift,dnn_5class_smote,rare_weighted,0.1,Probe,200,0.458090704776409,0.5196581656187758,0.5376285367900581,0.4721312191695352,0.5698123641646822,3421.95,3173.0,2087.0,0.23,0.995,1.0
unsw_nb15_v2,composition shift,dnn_5class_smote,rare_weighted,0.1,R2L,200,0.06075641157717529,0.06451252838929354,0.06890491969118626,0.111671151836757,0.11339698921031065,3421.95,3173.0,8880.0,0.0,0.0,0.0
unsw_nb15_v2,composition shift,dnn_5class_smote,rare_weighted,0.1,U2R,200,0.9076762333005352,0.9240285193117508,0.9495372118204464,0.9910591951172212,0.9936611266619493,3421.95,3173.0,211.0,0.0,0.0,0.0
unsw_nb15_v2,composition shift,dnn_5class_smote,rare_weighted,0.1,all_attacks,200,0.13523723700420917,0.14886675858371626,0.15401510167686694,0.1730699532572602,0.1903338800580766,3421.95,3173.0,13222.5,0.0,0.0,0.0
unsw_nb15_v2,composition shift,dnn_5class_smote,rare_weighted,0.2,DoS,200,0.26719378963886997,0.3077059355514613,0.32468748159988103,0.4135606960830281,0.4202071687913959,6386.41,6346.0,2046.0,0.0,0.0,0.0
unsw_nb15_v2,composition shift,dnn_5class_smote,rare_weighted,0.2,Probe,200,0.7192684098882907,0.7382047687762803,0.7537798430734979,0.828525353690142,0.8308282889073837,6386.41,6346.0,2087.0,0.0,0.0,0.0
unsw_nb15_v2,composition shift,dnn_5class_smote,rare_weighted,0.2,R2L,200,0.17362202807700758,0.18937972611423828,0.19629150560460293,0.2741848319167881,0.27660546698524047,6386.41,6346.0,8880.0,0.0,0.0,0.0
unsw_nb15_v2,composition shift,dnn_5class_smote,rare_weighted,0.2,U2R,200,0.9250861104298006,0.9331976713579014,0.9569482075728719,0.9955622204343534,0.9955622204343534,6386.41,6346.0,211.0,0.0,0.0,0.0
unsw_nb15_v2,composition shift,dnn_5class_smote,rare_weighted,0.2,all_attacks,200,0.2947099053252458,0.3139289823697085,0.3205950043428601,0.3946918957472063,0.39770817026731126,6386.41,6346.0,13222.5,0.0,0.0,0.0
unsw_nb15_v2,composition shift,dnn_5class_smote,uncalibrated,0.01,DoS,200,0.010743504212493262,0.016903532893685756,0.02210874578047054,0.05141601680487282,0.018883210172013932,111.365,317.0,2046.0,0.0,0.0,0.0
unsw_nb15_v2,composition shift,dnn_5class_smote,uncalibrated,0.01,Probe,200,0.005814976388124286,0.008470073393891548,0.012279353414810332,0.01832533824037903,0.00645714843448169,111.365,317.0,2087.0,0.0,0.0,0.01
unsw_nb15_v2,composition shift,dnn_5class_smote,uncalibrated,0.01,R2L,200,0.005984648788437579,0.009722273969187276,0.011550846442527215,0.01955751706535533,0.0066765049496828825,111.365,317.0,8880.0,0.0,0.0,0.0
unsw_nb15_v2,composition shift,dnn_5class_smote,uncalibrated,0.01,U2R,200,0.0,0.0,0.0,0.0,0.0,111.365,317.0,211.0,0.0,0.0,0.0
unsw_nb15_v2,composition shift,dnn_5class_smote,uncalibrated,0.01,all_attacks,200,0.00881359308571366,0.012886702837074014,0.014580176899774698,0.023973333819854555,0.008421880067144748,111.365,317.0,13222.5,0.0,0.0,0.0
unsw_nb15_v2,composition shift,dnn_5class_smote,uncalibrated,0.02,DoS,200,0.030833043569521566,0.04329812665945007,0.05120224101177655,0.10058111665489818,0.06236154529505197,371.04,635.0,2046.0,0.0,0.0,0.0
unsw_nb15_v2,composition shift,dnn_5class_smote,uncalibrated,0.02,Probe,200,0.014831126198248485,0.019449176570126715,0.02492053608520802,0.03693117717961791,0.021119741806835762,371.04,635.0,2087.0,0.0,0.0,0.0
unsw_nb15_v2,composition shift,dnn_5class_smote,uncalibrated,0.02,R2L,200,0.017331718790777578,0.022302483950583016,0.024994641099972688,0.039678967291390796,0.022465330430151843,371.04,635.0,8880.0,0.0,0.0,0.0
unsw_nb15_v2,composition shift,dnn_5class_smote,uncalibrated,0.02,U2R,200,0.0,0.0,0.0,0.0,0.0,371.04,635.0,211.0,0.0,0.0,0.0
unsw_nb15_v2,composition shift,dnn_5class_smote,uncalibrated,0.02,all_attacks,200,0.022231528295712698,0.028298080550672046,0.030746284777374334,0.048022293298446865,0.02805943990609657,371.04,635.0,13222.5,0.0,0.0,0.0
unsw_nb15_v2,composition shift,dnn_5class_smote,uncalibrated,0.05,DoS,200,0.1189567766840191,0.14243303633800478,0.15549902946982563,0.262985738393796,0.15412719822215748,948.055,1586.0,2046.0,0.0,0.0,0.0
unsw_nb15_v2,composition shift,dnn_5class_smote,uncalibrated,0.05,Probe,200,0.043002958086159886,0.05172280328833802,0.06013661918553152,0.09627288136274748,0.054801479507862245,948.055,1586.0,2087.0,0.0,0.0,0.0
unsw_nb15_v2,composition shift,dnn_5class_smote,uncalibrated,0.05,R2L,200,0.052379817709698885,0.06019826811847619,0.06445475917050243,0.0953822717142925,0.05840429003788432,948.055,1586.0,8880.0,0.0,0.0,0.0
unsw_nb15_v2,composition shift,dnn_5class_smote,uncalibrated,0.05,U2R,200,0.0,0.0,0.0,0.0027034119454947335,0.0,948.055,1586.0,211.0,0.0,0.0,0.0
unsw_nb15_v2,composition shift,dnn_5class_smote,uncalibrated,0.05,all_attacks,200,0.06620112702832154,0.07622962235514294,0.0800919183590114,0.11994229475801067,0.07169525822308434,948.055,1586.0,13222.5,0.0,0.0,0.0
unsw_nb15_v2,composition shift,dnn_5class_smote,uncalibrated,0.1,DoS,200,0.290028362917625,0.32113903773057656,0.338311939087802,0.44093823686697703,0.2705932448597488,1634.14,3173.0,2046.0,0.0,0.0,0.0
unsw_nb15_v2,composition shift,dnn_5class_smote,uncalibrated,0.1,Probe,200,0.09633395933632535,0.11010616331409448,0.12176128816742157,0.4127834703562047,0.10054237835756873,1634.14,3173.0,2087.0,0.0,0.0,0.0
unsw_nb15_v2,composition shift,dnn_5class_smote,uncalibrated,0.1,R2L,200,0.11316371697462627,0.12465372973036551,0.13051028134495937,0.15841921341891696,0.09804320026898429,1634.14,3173.0,8880.0,0.0,0.0,0.0
unsw_nb15_v2,composition shift,dnn_5class_smote,uncalibrated,0.1,U2R,200,0.0,0.0,0.000919393982521883,0.015358450091898226,0.0027034119454947335,1634.14,3173.0,211.0,0.0,0.0,0.01
unsw_nb15_v2,composition shift,dnn_5class_smote,uncalibrated,0.1,all_attacks,200,0.1441666809466789,0.15832198127448907,0.16359955279055277,0.23991937428007282,0.12358041121997282,1634.14,3173.0,13222.5,0.0,0.0,0.0
unsw_nb15_v2,composition shift,dnn_5class_smote,uncalibrated,0.2,DoS,200,0.6227539391949455,0.6455550251640126,0.6628070569395962,0.7107113871260021,0.42554873206761035,2817.545,6346.0,2046.0,0.0,0.0,0.0
unsw_nb15_v2,composition shift,dnn_5class_smote,uncalibrated,0.2,Probe,200,0.3154153043536573,0.3909589380926201,0.40862127109692037,0.7941172728870995,0.2886246428508777,2817.545,6346.0,2087.0,0.0,0.0,0.0
unsw_nb15_v2,composition shift,dnn_5class_smote,uncalibrated,0.2,R2L,200,0.2240783956273318,0.2311922923058365,0.23861662937421696,0.3489678461603377,0.15116452824360246,2817.545,6346.0,8880.0,0.0,0.0,0.0
unsw_nb15_v2,composition shift,dnn_5class_smote,uncalibrated,0.2,U2R,200,0.0,0.0,0.0009497871070880021,0.4504557533608004,0.012238487473157917,2817.545,6346.0,211.0,0.0,0.0,0.0
unsw_nb15_v2,composition shift,dnn_5class_smote,uncalibrated,0.2,all_attacks,200,0.30624227720793606,0.32553015081702497,0.3322589103866168,0.4767196880615204,0.21303319567453774,2817.545,6346.0,13222.5,0.0,0.0,0.0
unsw_nb15_v2,composition shift,rf_5class_cw,calibrated_attack_prob,0.01,DoS,200,0.027718759138573204,0.0332054886611256,0.03805776226185316,0.035863538732528115,0.029550244991018753,262.62,317.0,2046.0,0.025,0.025,0.025
unsw_nb15_v2,composition shift,rf_5class_cw,calibrated_attack_prob,0.01,Probe,200,0.02219377460812527,0.026486111077602837,0.03087453613824978,0.03277618415202633,0.02689260942840883,262.62,317.0,2087.0,0.025,0.025,0.025
unsw_nb15_v2,composition shift,rf_5class_cw,calibrated_attack_prob,0.01,R2L,200,0.018724291454450658,0.022052437706602698,0.024091777060285428,0.01926708888167294,0.016071018723742655,262.62,317.0,8880.0,0.025,0.025,0.025
unsw_nb15_v2,composition shift,rf_5class_cw,calibrated_attack_prob,0.01,U2R,200,0.006157448376423804,0.006547523086942571,0.009993499305303232,0.01641706224732785,0.013208457856827567,262.62,317.0,211.0,0.025,0.025,0.06
unsw_nb15_v2,composition shift,rf_5class_cw,calibrated_attack_prob,0.01,all_attacks,200,0.022933687908294708,0.026951642762443363,0.02878211277571623,0.02391661971894438,0.019806619653610313,262.62,317.0,13222.5,0.025,0.025,0.025
unsw_nb15_v2,composition shift,rf_5class_cw,calibrated_attack_prob,0.02,DoS,200,0.04376891983006409,0.05214836107998705,0.05923740677011923,0.07176560344110579,0.045777813291669134,405.865,635.0,2046.0,0.025,0.025,0.025
unsw_nb15_v2,composition shift,rf_5class_cw,calibrated_attack_prob,0.02,Probe,200,0.034874636745823424,0.04185980480367282,0.048280420207399144,0.06561653154797939,0.041747859055946315,405.865,635.0,2087.0,0.025,0.025,0.025
unsw_nb15_v2,composition shift,rf_5class_cw,calibrated_attack_prob,0.02,R2L,200,0.029356074272207718,0.034495613062538365,0.037371978908511884,0.03861640584168013,0.0247444761185404,405.865,635.0,8880.0,0.025,0.025,0.025
unsw_nb15_v2,composition shift,rf_5class_cw,calibrated_attack_prob,0.02,U2R,200,0.0063032204022159255,0.007502926812886197,0.014906997679912376,0.03275046049082812,0.021092011718559674,405.865,635.0,211.0,0.025,0.025,0.055
unsw_nb15_v2,composition shift,rf_5class_cw,calibrated_attack_prob,0.02,all_attacks,200,0.036014299378077264,0.041973578126582485,0.04454293992133257,0.04790393929158308,0.030609549944169444,405.865,635.0,13222.5,0.025,0.025,0.025
unsw_nb15_v2,composition shift,rf_5class_cw,calibrated_attack_prob,0.05,DoS,200,0.10018595453707851,0.11504113580521239,0.12626793968363256,0.18048376287589435,0.09551138719681049,846.82,1586.0,2046.0,0.025,0.025,0.025
unsw_nb15_v2,composition shift,rf_5class_cw,calibrated_attack_prob,0.05,Probe,200,0.07979342600198168,0.09214044621492447,0.10234341900202207,0.16271131348863566,0.08733213870455005,846.82,1586.0,2087.0,0.025,0.025,0.025
unsw_nb15_v2,composition shift,rf_5class_cw,calibrated_attack_prob,0.05,R2L,200,0.06537331533381191,0.0738745934507485,0.07833722889576297,0.09643702896316159,0.05157169600623633,846.82,1586.0,8880.0,0.025,0.025,0.025
unsw_nb15_v2,composition shift,rf_5class_cw,calibrated_attack_prob,0.05,U2R,200,0.012623753903212956,0.017542432747739756,0.03461711494498251,0.08191949481909189,0.04382305617219587,846.82,1586.0,211.0,0.025,0.025,0.04
unsw_nb15_v2,composition shift,rf_5class_cw,calibrated_attack_prob,0.05,all_attacks,200,0.07887711522144042,0.08869671186160037,0.09264347001234852,0.1196465852871878,0.06387064581835031,846.82,1586.0,13222.5,0.025,0.025,0.025
unsw_nb15_v2,composition shift,rf_5class_cw,calibrated_attack_prob,0.1,DoS,200,0.20461252000759156,0.22607604887621824,0.24116357240126984,0.36043631893958966,0.18167598324820916,1603.795,3173.0,2046.0,0.025,0.025,0.025
unsw_nb15_v2,composition shift,rf_5class_cw,calibrated_attack_prob,0.1,Probe,200,0.16548797807803134,0.18302552123772764,0.19695792645895022,0.3252694943123964,0.16460110248175078,1603.795,3173.0,2087.0,0.025,0.025,0.025
unsw_nb15_v2,composition shift,rf_5class_cw,calibrated_attack_prob,0.1,R2L,200,0.1295565308435095,0.14174073437669854,0.14782013317253903,0.1932322717974597,0.09766652190274856,1603.795,3173.0,8880.0,0.025,0.025,0.025
unsw_nb15_v2,composition shift,rf_5class_cw,calibrated_attack_prob,0.1,U2R,200,0.03858781376233095,0.04986558989285651,0.07795323609564134,0.16170217395807815,0.08361183368870766,1603.795,3173.0,211.0,0.025,0.025,0.03
unsw_nb15_v2,composition shift,rf_5class_cw,calibrated_attack_prob,0.1,all_attacks,200,0.15487953345201297,0.16872093225118642,0.17404485727634966,0.2393979515263261,0.12097456018796425,1603.795,3173.0,13222.5,0.025,0.025,0.025
unsw_nb15_v2,composition shift,rf_5class_cw,calibrated_attack_prob,0.2,DoS,200,0.43104726973240803,0.4604617382548453,0.478482050397529,0.6739786460389539,0.3565121866806233,3149.525,6346.0,2046.0,0.025,0.025,0.025
unsw_nb15_v2,composition shift,rf_5class_cw,calibrated_attack_prob,0.2,Probe,200,0.34868656841584156,0.3733798864235886,0.3908253108641848,0.644644832429433,0.3223977373056164,3149.525,6346.0,2087.0,0.005,0.01,0.02
unsw_nb15_v2,composition shift,rf_5class_cw,calibrated_attack_prob,0.2,R2L,200,0.2638391683091728,0.28051525455891185,0.2883837232637017,0.39687643681237494,0.1921527427273213,3149.525,6346.0,8880.0,0.025,0.025,0.025
unsw_nb15_v2,composition shift,rf_5class_cw,calibrated_attack_prob,0.2,U2R,200,0.11177341670161367,0.13010705681618748,0.17136697573723073,0.37859915362371166,0.16221240077883206,3149.525,6346.0,211.0,0.0,0.0,0.005
unsw_nb15_v2,composition shift,rf_5class_cw,calibrated_attack_prob,0.2,all_attacks,200,0.31285847487251667,0.3317062911547915,0.33844431464469954,0.4784954196058391,0.2376141185135364,3149.525,6346.0,13222.5,0.025,0.025,0.025
unsw_nb15_v2,composition shift,rf_5class_cw,rare_weighted,0.01,DoS,200,0.0004014427946508705,0.0012478213842625654,0.002991304885048743,0.010577745818076563,0.008509463916578516,254.81,317.0,2046.0,0.0,0.0,0.0
unsw_nb15_v2,composition shift,rf_5class_cw,rare_weighted,0.01,Probe,200,0.0,0.0,1.8929906821716335e-05,0.012984118840202652,0.009994156894760376,254.81,317.0,2087.0,0.0,0.0,0.0
unsw_nb15_v2,composition shift,rf_5class_cw,rare_weighted,0.01,R2L,200,0.002116242969610781,0.0044513159459345,0.0057347501643763765,0.009813799717817836,0.007538848703708545,254.81,317.0,8880.0,0.0,0.0,0.0
unsw_nb15_v2,composition shift,rf_5class_cw,rare_weighted,0.01,U2R,200,0.4060122752421275,0.5396231641328297,0.5953247129823387,0.5993787709539595,0.5107225706473951,254.81,317.0,211.0,0.0,0.05,0.485
unsw_nb15_v2,composition shift,rf_5class_cw,rare_weighted,0.01,all_attacks,200,0.008904702784046387,0.012701697630393369,0.014382601763397465,0.01983795594510789,0.016106668459331536,254.81,317.0,13222.5,0.0,0.0,0.0
unsw_nb15_v2,composition shift,rf_5class_cw,rare_weighted,0.02,DoS,200,0.0045691473788980865,0.007267847282090995,0.010878157469618429,0.020430390682354162,0.024596488835843425,784.58,635.0,2046.0,0.0,0.0,0.0
unsw_nb15_v2,composition shift,rf_5class_cw,rare_weighted,0.02,Probe,200,0.0,9.33757445058125e-05,0.0008335303360146668,0.019714790737587595,0.020832281685230134,784.58,635.0,2087.0,0.0,0.0,0.0
unsw_nb15_v2,composition shift,rf_5class_cw,rare_weighted,0.02,R2L,200,0.010673718224370918,0.01620029751078627,0.018520796611596904,0.025836874923767107,0.033423939474266084,784.58,635.0,8880.0,0.0,0.0,0.0
unsw_nb15_v2,composition shift,rf_5class_cw,rare_weighted,0.02,U2R,200,0.7407552398608616,0.8075473437579528,0.8488428404462095,0.7770818618826422,0.8333289355805737,784.58,635.0,211.0,0.115,0.825,0.995
unsw_nb15_v2,composition shift,rf_5class_cw,rare_weighted,0.02,all_attacks,200,0.02086759499062915,0.026257000060088246,0.028622128099517488,0.03602759976843148,0.042842910870600964,784.58,635.0,13222.5,0.0,0.0,0.0
unsw_nb15_v2,composition shift,rf_5class_cw,rare_weighted,0.05,DoS,200,0.01637111957721776,0.01941610986761087,0.024942881181823334,0.041784953497648776,0.0482557281960414,1942.91,1586.0,2046.0,0.0,0.0,0.0
unsw_nb15_v2,composition shift,rf_5class_cw,rare_weighted,0.05,Probe,200,0.09996242768303366,0.14499503510020184,0.1580052333770882,0.06994737666934105,0.15631878480988898,1942.91,1586.0,2087.0,1.0,1.0,1.0
unsw_nb15_v2,composition shift,rf_5class_cw,rare_weighted,0.05,R2L,200,0.03661827527012655,0.03983088386702005,0.04335234746055162,0.06673336822498913,0.07619336028541802,1942.91,1586.0,8880.0,0.0,0.0,0.0
unsw_nb15_v2,composition shift,rf_5class_cw,rare_weighted,0.05,U2R,200,0.8914276025461862,0.9064354798819374,0.9352185615242661,0.9561611259256643,0.9677709799598665,1942.91,1586.0,211.0,0.005,0.015,0.11
unsw_nb15_v2,composition shift,rf_5class_cw,rare_weighted,0.05,all_attacks,200,0.06189209081509808,0.0716921706861396,0.07545126767091545,0.07758645488994878,0.0987530005458178,1942.91,1586.0,13222.5,0.0,0.0,0.08
unsw_nb15_v2,composition shift,rf_5class_cw,rare_weighted,0.1,DoS,200,0.04167982121299465,0.04842925714926251,0.05671628119613942,0.06871589263081324,0.07021267561598779,3235.655,3173.0,2046.0,0.0,0.0,0.04
unsw_nb15_v2,composition shift,rf_5class_cw,rare_weighted,0.1,Probe,200,0.4128615590367149,0.4731171021806594,0.49111320594823377,0.4896544125289017,0.5059649415478453,3235.655,3173.0,2087.0,0.0,0.175,0.54
unsw_nb15_v2,composition shift,rf_5class_cw,rare_weighted,0.1,R2L,200,0.06636362083013109,0.07218211663751069,0.07680146379784007,0.10532223352654806,0.10721103615793046,3235.655,3173.0,8880.0,0.0,0.0,0.0
unsw_nb15_v2,composition shift,rf_5class_cw,rare_weighted,0.1,U2R,200,0.9169991793052757,0.9252777400023079,0.9507437502753355,0.9907528468164505,0.9907528468164505,3235.655,3173.0,211.0,0.0,0.0,0.0
unsw_nb15_v2,composition shift,rf_5class_cw,rare_weighted,0.1,all_attacks,200,0.13704029133417467,0.1509698688285054,0.15614892077978734,0.1744327158837359,0.17850972804101473,3235.655,3173.0,13222.5,0.0,0.0,0.0
unsw_nb15_v2,composition shift,rf_5class_cw,rare_weighted,0.2,DoS,200,0.26904354523076174,0.30872818173389477,0.3257145219016073,0.44216361893114803,0.18287035994604678,4698.62,6346.0,2046.0,0.0,0.0,0.0
unsw_nb15_v2,composition shift,rf_5class_cw,rare_weighted,0.2,Probe,200,0.6899769133451152,0.7097485564261106,0.7258708991827896,0.8311460926887476,0.7413044801135631,4698.62,6346.0,2087.0,0.0,0.0,0.0
unsw_nb15_v2,composition shift,rf_5class_cw,rare_weighted,0.2,R2L,200,0.18260938429904697,0.19840558982450673,0.20543823051269436,0.26902735402994477,0.17155413674668338,4698.62,6346.0,8880.0,0.0,0.0,0.0
unsw_nb15_v2,composition shift,rf_5class_cw,rare_weighted,0.2,U2R,200,0.9246829265126993,0.932889567036391,0.9567306480795978,0.9956571252355333,0.993947810119646,4698.62,6346.0,211.0,0.0,0.0,0.0
unsw_nb15_v2,composition shift,rf_5class_cw,rare_weighted,0.2,all_attacks,200,0.29681682399634,0.31601394831837404,0.32269162735364326,0.3960664033129993,0.2763234009061899,4698.62,6346.0,13222.5,0.0,0.0,0.0
unsw_nb15_v2,composition shift,rf_5class_cw,uncalibrated,0.01,DoS,200,0.002549534467865385,0.0040409383156578375,0.006918483590401012,0.03754124381237817,0.002139492903839136,43.4,317.0,2046.0,0.0,0.0,0.0
unsw_nb15_v2,composition shift,rf_5class_cw,uncalibrated,0.01,Probe,200,4.5609779038674e-05,0.0002542924077308865,0.001263767907253506,0.014434243825625599,0.0002424020149789195,43.4,317.0,2087.0,0.0,0.0,0.0
unsw_nb15_v2,composition shift,rf_5class_cw,uncalibrated,0.01,R2L,200,0.010849729774708156,0.016366056743080625,0.018702306674615726,0.023599510050812206,0.004288050687562739,43.4,317.0,8880.0,0.0,0.0,0.0
unsw_nb15_v2,composition shift,rf_5class_cw,uncalibrated,0.01,U2R,200,0.0,0.0,0.0,0.0027034119454947335,0.0020805752586266855,43.4,317.0,211.0,0.0,0.0,0.0
unsw_nb15_v2,composition shift,rf_5class_cw,uncalibrated,0.01,all_attacks,200,0.0089235989042917,0.012997838847296505,0.014695115216201806,0.023973333819854555,0.0032822152859311986,43.4,317.0,13222.5,0.0,0.0,0.0
unsw_nb15_v2,composition shift,rf_5class_cw,uncalibrated,0.02,DoS,200,0.018083693639630277,0.02644153618961428,0.03278288916946669,0.0983112368632332,0.01450517587337967,143.13,635.0,2046.0,0.0,0.0,0.0
unsw_nb15_v2,composition shift,rf_5class_cw,uncalibrated,0.02,Probe,200,0.0018644161552277224,0.004564111373001276,0.007526049903159427,0.03211715652396313,0.0027448629769714276,143.13,635.0,2087.0,0.0,0.0,0.0
unsw_nb15_v2,composition shift,rf_5class_cw,uncalibrated,0.02,R2L,200,0.02486851078516528,0.031005117842071172,0.03414241437419776,0.04126761542991806,0.012068129904975649,143.13,635.0,8880.0,0.0,0.0,0.0
unsw_nb15_v2,composition shift,rf_5class_cw,uncalibrated,0.02,U2R,200,0.0,0.0,0.0,0.0027034119454947335,0.0027034119454947335,143.13,635.0,211.0,0.0,0.0,0.0
unsw_nb15_v2,composition shift,rf_5class_cw,uncalibrated,0.02,all_attacks,200,0.022343801314401102,0.028410355478875274,0.03086391197542389,0.048022293298446865,0.010824010586074772,143.13,635.0,13222.5,0.0,0.0,0.0
unsw_nb15_v2,composition shift,rf_5class_cw,uncalibrated,0.05,DoS,200,0.0795012043914988,0.10050966609719172,0.11186284308783444,0.25336329561100346,0.11936292834193378,747.385,1586.0,2046.0,0.0,0.0,0.0
unsw_nb15_v2,composition shift,rf_5class_cw,uncalibrated,0.05,Probe,200,0.029679120193773775,0.03766506771990602,0.04498805172423128,0.11494516503490235,0.03940495746735191,747.385,1586.0,2087.0,0.0,0.0,0.0
unsw_nb15_v2,composition shift,rf_5class_cw,uncalibrated,0.05,R2L,200,0.06547293365509009,0.0738733190572916,0.07853861175657849,0.09312825752243956,0.047364326282099876,747.385,1586.0,8880.0,0.0,0.0,0.0
unsw_nb15_v2,composition shift,rf_5class_cw,uncalibrated,0.05,U2R,200,0.0,0.0,0.0,0.006234116874617624,0.0027034119454947335,747.385,1586.0,211.0,0.0,0.0,0.0
unsw_nb15_v2,composition shift,rf_5class_cw,uncalibrated,0.05,all_attacks,200,0.06631717768076599,0.07634414932191637,0.08021201829942623,0.11994229475801067,0.056520911700844285,747.385,1586.0,13222.5,0.0,0.0,0.0
unsw_nb15_v2,composition shift,rf_5class_cw,uncalibrated,0.1,DoS,200,0.23421138578955636,0.2608542949117956,0.27707941589161955,0.4585561473192536,0.21690677635175312,1277.475,3173.0,2046.0,0.0,0.0,0.0
unsw_nb15_v2,composition shift,rf_5class_cw,uncalibrated,0.1,Probe,200,0.08842738496710675,0.09972434660235234,0.11091984547449567,0.3043105207926338,0.0701813393006844,1277.475,3173.0,2087.0,0.0,0.0,0.0
unsw_nb15_v2,composition shift,rf_5class_cw,uncalibrated,0.1,R2L,200,0.12828383933590043,0.14136612544955743,0.14753128583369707,0.17899585035429563,0.07737502194756299,1277.475,3173.0,8880.0,0.0,0.0,0.0
unsw_nb15_v2,composition shift,rf_5class_cw,uncalibrated,0.1,U2R,200,0.0,0.0,0.0,0.043921297124458476,0.0027034119454947335,1277.475,3173.0,211.0,0.0,0.0,0.0
unsw_nb15_v2,composition shift,rf_5class_cw,uncalibrated,0.1,all_attacks,200,0.144287285012938,0.1584410539059777,0.16372104329732282,0.23980737949322944,0.09660843813508277,1277.475,3173.0,13222.5,0.0,0.0,0.0
unsw_nb15_v2,composition shift,rf_5class_cw,uncalibrated,0.2,DoS,200,0.49978059034705824,0.5339518189651653,0.5520430471901951,0.6758110241382131,0.37194601026136626,2481.015,6346.0,2046.0,0.0,0.0,0.0
unsw_nb15_v2,composition shift,rf_5class_cw,uncalibrated,0.2,Probe,200,0.29452207057554763,0.3261548409853143,0.3432189022635334,0.6510159537815521,0.21006525809124516,2481.015,6346.0,2087.0,0.0,0.0,0.0
unsw_nb15_v2,composition shift,rf_5class_cw,uncalibrated,0.2,R2L,200,0.25623391883703134,0.2710171001529452,0.2788276900853212,0.3949373042697932,0.14400161710179746,2481.015,6346.0,8880.0,0.0,0.0,0.0
unsw_nb15_v2,composition shift,rf_5class_cw,uncalibrated,0.2,U2R,200,0.0,2.5380710659898e-05,0.003517377124765202,0.3896420566056256,0.014888619437785926,2481.015,6346.0,211.0,0.0,0.0,0.0
unsw_nb15_v2,composition shift,rf_5class_cw,uncalibrated,0.2,all_attacks,200,0.30636323995563436,0.3256503732166458,0.33238163414318644,0.47865655676840285,0.1875857085082914,2481.015,6346.0,13222.5,0.0,0.0,0.0
unsw_nb15_v2,composition shift,rf_5class_smote,calibrated_attack_prob,0.01,DoS,200,0.011877332872645972,0.01736973999862384,0.022100748705963714,0.03702651735557103,0.017567273357030667,152.56,317.0,2046.0,0.005,0.005,0.005
unsw_nb15_v2,composition shift,rf_5class_smote,calibrated_attack_prob,0.01,Probe,200,0.009439361146368343,0.013720043073833656,0.017875129767388826,0.032288119160523515,0.015812916862778522,152.56,317.0,2087.0,0.005,0.005,0.005
unsw_nb15_v2,composition shift,rf_5class_smote,calibrated_attack_prob,0.01,R2L,200,0.009141070131951623,0.012516328709997908,0.014415297227377362,0.019091977854472943,0.009166278704736101,152.56,317.0,8880.0,0.005,0.005,0.005
unsw_nb15_v2,composition shift,rf_5class_smote,calibrated_attack_prob,0.01,U2R,200,0.0015990990990990988,0.00169047619047619,0.003848579159789018,0.017469068994700025,0.00859259941874978,152.56,317.0,211.0,0.005,0.005,0.025
unsw_nb15_v2,composition shift,rf_5class_smote,calibrated_attack_prob,0.01,all_attacks,200,0.011780571571911617,0.015842759414183193,0.01756702483974936,0.023918876494196155,0.011505008155257996,152.56,317.0,13222.5,0.005,0.005,0.005
unsw_nb15_v2,composition shift,rf_5class_smote,calibrated_attack_prob,0.02,DoS,200,0.028647651777883178,0.037483136429787706,0.04454944266987905,0.07433608749492397,0.03462021486272712,299.13,635.0,2046.0,0.005,0.005,0.005
unsw_nb15_v2,composition shift,rf_5class_smote,calibrated_attack_prob,0.02,Probe,200,0.022486094521499304,0.02952426668989892,0.035782188793201934,0.06446848897801835,0.030844410532534727,299.13,635.0,2087.0,0.005,0.005,0.005
unsw_nb15_v2,composition shift,rf_5class_smote,calibrated_attack_prob,0.02,R2L,200,0.019904447368917885,0.025020432630731976,0.027763539871454176,0.0382951080435452,0.017965652118173456,299.13,635.0,8880.0,0.005,0.005,0.005
unsw_nb15_v2,composition shift,rf_5class_smote,calibrated_attack_prob,0.02,U2R,200,0.001719721035135479,0.002554944900519897,0.008235130380989629,0.033907596526331775,0.017036590439233678,299.13,635.0,211.0,0.005,0.005,0.025
unsw_nb15_v2,composition shift,rf_5class_smote,calibrated_attack_prob,0.02,all_attacks,200,0.02513072690270578,0.031175060437136595,0.03365192428436369,0.047921345452491805,0.022557007578148432,299.13,635.0,13222.5,0.005,0.005,0.005
unsw_nb15_v2,composition shift,rf_5class_smote,calibrated_attack_prob,0.05,DoS,200,0.08833428343615746,0.1037114924135683,0.11505971456384248,0.1860912689890686,0.0872717958341938,750.68,1586.0,2046.0,0.005,0.005,0.005
unsw_nb15_v2,composition shift,rf_5class_smote,calibrated_attack_prob,0.05,Probe,200,0.06921776816295487,0.08175396001235043,0.09187944685933129,0.160685217786691,0.07658864960315132,750.68,1586.0,2087.0,0.005,0.005,0.005
unsw_nb15_v2,composition shift,rf_5class_smote,calibrated_attack_prob,0.05,R2L,200,0.05604187414659451,0.06462033033740006,0.06897087995383351,0.09563797119447619,0.045258588770217115,750.68,1586.0,8880.0,0.005,0.005,0.005
unsw_nb15_v2,composition shift,rf_5class_smote,calibrated_attack_prob,0.05,U2R,200,0.006538669054162538,0.010930935579653989,0.025283683407562364,0.08449947489596461,0.04128099860545567,750.68,1586.0,211.0,0.005,0.005,0.01
unsw_nb15_v2,composition shift,rf_5class_smote,calibrated_attack_prob,0.05,all_attacks,200,0.06887776942606713,0.07886105418478322,0.08274520142193705,0.11969538707046637,0.05662927735007209,750.68,1586.0,13222.5,0.005,0.005,0.005
unsw_nb15_v2,composition shift,rf_5class_smote,calibrated_attack_prob,0.1,DoS,200,0.1980251821467091,0.22051411002743124,0.23579459183472398,0.3724073537260865,0.17854414502618535,1534.26,3173.0,2046.0,0.005,0.005,0.005
unsw_nb15_v2,composition shift,rf_5class_smote,calibrated_attack_prob,0.1,Probe,200,0.15777865663180687,0.17588632447223546,0.189854885904669,0.3209015387291284,0.15611177016489994,1534.26,3173.0,2087.0,0.005,0.005,0.005
unsw_nb15_v2,composition shift,rf_5class_smote,calibrated_attack_prob,0.1,R2L,200,0.12077166793745771,0.13298450808520368,0.13898176267245246,0.19157718994293674,0.09259787872806081,1534.26,3173.0,8880.0,0.005,0.005,0.005
unsw_nb15_v2,composition shift,rf_5class_smote,calibrated_attack_prob,0.1,U2R,200,0.028730456928433838,0.03708433314031446,0.06163562887822941,0.1657084208573221,0.08417480958084507,1534.26,3173.0,211.0,0.005,0.005,0.005
unsw_nb15_v2,composition shift,rf_5class_smote,calibrated_attack_prob,0.1,all_attacks,200,0.1464460177071819,0.16053425310353528,0.16582224367838816,0.23950353016136808,0.11576105544754696,1534.26,3173.0,13222.5,0.005,0.005,0.005
unsw_nb15_v2,composition shift,rf_5class_smote,calibrated_attack_prob,0.2,DoS,200,0.43700920286613365,0.4683747467014965,0.4865004477604493,0.6714680754357842,0.3638615577543125,3120.015,6346.0,2046.0,0.005,0.005,0.005
unsw_nb15_v2,composition shift,rf_5class_smote,calibrated_attack_prob,0.2,Probe,200,0.34749816859217814,0.37264964175413284,0.3901558931325508,0.6655080133229048,0.31636400243087837,3120.015,6346.0,2087.0,0.005,0.005,0.005
unsw_nb15_v2,composition shift,rf_5class_smote,calibrated_attack_prob,0.2,R2L,200,0.2558825632877829,0.2725438733034664,0.28036131012506144,0.3905398711833492,0.18856762908106062,3120.015,6346.0,8880.0,0.005,0.005,0.005
unsw_nb15_v2,composition shift,rf_5class_smote,calibrated_attack_prob,0.2,U2R,200,0.0879646489369892,0.10433522892273302,0.14137038645824718,0.4463780095854793,0.16648848123982252,3120.015,6346.0,211.0,0.0,0.0,0.0
unsw_nb15_v2,composition shift,rf_5class_smote,calibrated_attack_prob,0.2,all_attacks,200,0.30767681997805474,0.3268720590144898,0.3336066356458224,0.4782262375688069,0.23545823308529756,3120.015,6346.0,13222.5,0.005,0.005,0.005
unsw_nb15_v2,composition shift,rf_5class_smote,rare_weighted,0.01,DoS,200,0.00045018783003663405,0.001140051203402953,0.0028426855380917354,0.010542957562847571,0.009469498278658381,260.065,317.0,2046.0,0.0,0.0,0.0
unsw_nb15_v2,composition shift,rf_5class_smote,rare_weighted,0.01,Probe,200,0.0,0.0,0.00013565200986170257,0.013302545377855744,0.01135234084550782,260.065,317.0,2087.0,0.0,0.0,0.0
unsw_nb15_v2,composition shift,rf_5class_smote,rare_weighted,0.01,R2L,200,0.002107917468221818,0.0041851982100730425,0.005434948989022079,0.010078805725034059,0.007580684194066712,260.065,317.0,8880.0,0.0,0.0,0.0
unsw_nb15_v2,composition shift,rf_5class_smote,rare_weighted,0.01,U2R,200,0.403956889124928,0.5430517766711074,0.5987479842059173,0.5907620259363604,0.516063589197035,260.065,317.0,211.0,0.0,0.09,0.585
unsw_nb15_v2,composition shift,rf_5class_smote,rare_weighted,0.01,all_attacks,200,0.008883525166678247,0.012594083726741222,0.014269526047317396,0.019923734162218102,0.01658253705413409,260.065,317.0,13222.5,0.0,0.0,0.0
unsw_nb15_v2,composition shift,rf_5class_smote,rare_weighted,0.02,DoS,200,0.0035620011560022814,0.005946837002463515,0.009276449149835967,0.014985362819799102,0.021887623624672118,876.42,635.0,2046.0,0.0,0.0,0.01
unsw_nb15_v2,composition shift,rf_5class_smote,rare_weighted,0.02,Probe,200,0.0,7.115385169383e-06,0.0003201342444720941,0.019417999298871346,0.02316624920185286,876.42,635.0,2087.0,0.0,0.0,0.0
unsw_nb15_v2,composition shift,rf_5class_smote,rare_weighted,0.02,R2L,200,0.011152237726156788,0.017291529653823558,0.01968511464018603,0.030026359627718248,0.043019182470213434,876.42,635.0,8880.0,0.0,0.0,0.0
unsw_nb15_v2,composition shift,rf_5class_smote,rare_weighted,0.02,U2R,200,0.7321410961241197,0.788980891249974,0.8318487023836642,0.7718995655481768,0.8576156472225394,876.42,635.0,211.0,0.105,0.66,0.955
unsw_nb15_v2,composition shift,rf_5class_smote,rare_weighted,0.02,all_attacks,200,0.020878638647557794,0.026376442126369706,0.028745484107006395,0.03786984854319475,0.04962599143081689,876.42,635.0,13222.5,0.0,0.0,0.0
unsw_nb15_v2,composition shift,rf_5class_smote,rare_weighted,0.05,DoS,200,0.021390779913027874,0.02473636512602466,0.030883482989049,0.044041871387524294,0.05934643134049957,2227.91,1586.0,2046.0,0.0,0.0,0.0
unsw_nb15_v2,composition shift,rf_5class_smote,rare_weighted,0.05,Probe,200,0.051025197720577634,0.0876586562938769,0.09826224225574903,0.03863289501876605,0.134420960121922,2227.91,1586.0,2087.0,0.91,1.0,1.0
unsw_nb15_v2,composition shift,rf_5class_smote,rare_weighted,0.05,R2L,200,0.04566301846038983,0.05009967611767612,0.05401046150384645,0.07667538860679216,0.10648005501273815,2227.91,1586.0,8880.0,0.0,0.0,0.0
unsw_nb15_v2,composition shift,rf_5class_smote,rare_weighted,0.05,U2R,200,0.9158537040674151,0.9252777400023079,0.9507437502753355,0.9696852588707097,0.9836357396296981,2227.91,1586.0,211.0,0.0,0.005,0.12
unsw_nb15_v2,composition shift,rf_5class_smote,rare_weighted,0.05,all_attacks,200,0.06104758500715491,0.0705738091762152,0.07430174130396212,0.07988650658344297,0.11761072818111928,2227.91,1586.0,13222.5,0.0,0.0,0.0
unsw_nb15_v2,composition shift,rf_5class_smote,rare_weighted,0.1,DoS,200,0.03226872494086768,0.03796793266841125,0.045384317361996905,0.06902756927059,0.07410941732175867,3487.105,3173.0,2046.0,0.0,0.0,0.0
unsw_nb15_v2,composition shift,rf_5class_smote,rare_weighted,0.1,Probe,200,0.3898242994721539,0.4445893497196435,0.46252533232196463,0.4060470009117802,0.48922706904845625,3487.105,3173.0,2087.0,0.16,0.98,1.0
unsw_nb15_v2,composition shift,rf_5class_smote,rare_weighted,0.1,R2L,200,0.0720306855437715,0.07906323489114907,0.0838752490163542,0.12822356297284976,0.13612368525483248,3487.105,3173.0,8880.0,0.0,0.0,0.0
unsw_nb15_v2,composition shift,rf_5class_smote,rare_weighted,0.1,U2R,200,0.9221111855610276,0.9335310810288803,0.9573138045026677,0.9864104945523064,0.9886996883367598,3487.105,3173.0,211.0,0.0,0.0,0.005
unsw_nb15_v2,composition shift,rf_5class_smote,rare_weighted,0.1,all_attacks,200,0.13575109192140575,0.14956194108645168,0.15471864149119557,0.176604449623601,0.19586013520232298,3487.105,3173.0,13222.5,0.0,0.0,0.0
unsw_nb15_v2,composition shift,rf_5class_smote,rare_weighted,0.2,DoS,200,0.23627379861544637,0.27178955988247677,0.28821151065522904,0.33482805673689364,0.2680221642032995,5843.78,6346.0,2046.0,0.0,0.0,0.0
unsw_nb15_v2,composition shift,rf_5class_smote,rare_weighted,0.2,Probe,200,0.7098841372304598,0.7309036489405456,0.746632708186115,0.8335577630878196,0.8056414482822105,5843.78,6346.0,2087.0,0.0,0.0,0.0
unsw_nb15_v2,composition shift,rf_5class_smote,rare_weighted,0.2,R2L,200,0.18213661444761453,0.19845853591020585,0.20549422735472664,0.2818472595422586,0.25006654525809496,5843.78,6346.0,8880.0,0.0,0.0,0.0
unsw_nb15_v2,composition shift,rf_5class_smote,rare_weighted,0.2,U2R,200,0.9424925751273387,0.9497606781572717,0.9700125262256979,0.9950278933590532,0.994651857638223,5843.78,6346.0,211.0,0.0,0.0,0.0
unsw_nb15_v2,composition shift,rf_5class_smote,rare_weighted,0.2,all_attacks,200,0.29433142003734614,0.31348501301062237,0.32015068669712543,0.388463761853577,0.3523835823608129,5843.78,6346.0,13222.5,0.0,0.0,0.0
unsw_nb15_v2,composition shift,rf_5class_smote,uncalibrated,0.01,DoS,200,0.005840467491110973,0.007787821508593463,0.011500561798631983,0.03926315357732355,0.005027431568418047,55.98,317.0,2046.0,0.0,0.0,0.0
unsw_nb15_v2,composition shift,rf_5class_smote,uncalibrated,0.01,Probe,200,0.000230569900634869,0.0008518282939162761,0.002380947431668773,0.008766802687781973,0.0007091028283019245,55.98,317.0,2087.0,0.0,0.0,0.005
unsw_nb15_v2,composition shift,rf_5class_smote,uncalibrated,0.01,R2L,200,0.009556424758668034,0.014874057946508836,0.017105556942342004,0.024469748617368572,0.004852148644947149,55.98,317.0,8880.0,0.0,0.0,0.0
unsw_nb15_v2,composition shift,rf_5class_smote,uncalibrated,0.01,U2R,200,0.0,0.0,0.0,0.005360861634892019,0.005360861634892019,55.98,317.0,211.0,0.0,0.0,0.0
unsw_nb15_v2,composition shift,rf_5class_smote,uncalibrated,0.01,all_attacks,200,0.0089235989042917,0.012997838847296505,0.014695115216201806,0.023973333819854555,0.004233449902513988,55.98,317.0,13222.5,0.0,0.0,0.0
unsw_nb15_v2,composition shift,rf_5class_smote,uncalibrated,0.02,DoS,200,0.01640460369310427,0.024458258777220618,0.030578245858989418,0.09865396639311662,0.017222908438911305,146.695,635.0,2046.0,0.0,0.0,0.0
unsw_nb15_v2,composition shift,rf_5class_smote,uncalibrated,0.02,Probe,200,0.0022709707803083793,0.00441413307485884,0.007334838906216415,0.02916349539272793,0.0026713324955991865,146.695,635.0,2087.0,0.0,0.0,0.0
unsw_nb15_v2,composition shift,rf_5class_smote,uncalibrated,0.02,R2L,200,0.02515141288006484,0.031570368027392236,0.03473685356273622,0.041763170804541755,0.011798125102936279,146.695,635.0,8880.0,0.0,0.0,0.0
unsw_nb15_v2,composition shift,rf_5class_smote,uncalibrated,0.02,U2R,200,0.0,0.0,0.0,0.007697755086460192,0.005360861634892019,146.695,635.0,211.0,0.0,0.0,0.0
unsw_nb15_v2,composition shift,rf_5class_smote,uncalibrated,0.02,all_attacks,200,0.022343801314401102,0.028410355478875274,0.03086391197542389,0.048022293298446865,0.011093511456658302,146.695,635.0,13222.5,0.0,0.0,0.0
unsw_nb15_v2,composition shift,rf_5class_smote,uncalibrated,0.05,DoS,200,0.08666539059947381,0.1077577575837445,0.1194396255659753,0.25690860976940233,0.07138612475168966,499.46,1586.0,2046.0,0.0,0.0,0.0
unsw_nb15_v2,composition shift,rf_5class_smote,uncalibrated,0.05,Probe,200,0.025068359348548386,0.034040248270534645,0.04105880142083238,0.09177229513442127,0.02195749512330868,499.46,1586.0,2087.0,0.0,0.0,0.0
unsw_nb15_v2,composition shift,rf_5class_smote,uncalibrated,0.05,R2L,200,0.06502294990822427,0.07309187566362324,0.07774348037373832,0.09766654129602884,0.03446543064621587,499.46,1586.0,8880.0,0.0,0.0,0.0
unsw_nb15_v2,composition shift,rf_5class_smote,uncalibrated,0.05,U2R,200,0.0,0.0,0.0,0.00992248504508335,0.007697755086460192,499.46,1586.0,211.0,0.0,0.0,0.0
unsw_nb15_v2,composition shift,rf_5class_smote,uncalibrated,0.05,all_attacks,200,0.06631717768076599,0.07634414932191637,0.08021201829942623,0.11994229475801067,0.0377707302410415,499.46,1586.0,13222.5,0.0,0.0,0.0
unsw_nb15_v2,composition shift,rf_5class_smote,uncalibrated,0.1,DoS,200,0.22991696830802572,0.2560461896216279,0.2721660521893063,0.45703471846758864,0.2379088466616098,1453.55,3173.0,2046.0,0.0,0.0,0.0
unsw_nb15_v2,composition shift,rf_5class_smote,uncalibrated,0.1,Probe,200,0.08895988946310789,0.10223670510580389,0.11355288166611166,0.26251600464683444,0.08249305988013296,1453.55,3173.0,2087.0,0.0,0.0,0.0
unsw_nb15_v2,composition shift,rf_5class_smote,uncalibrated,0.1,R2L,200,0.12897310751133556,0.14158160996091798,0.14775266779370455,0.1896983079865232,0.08929844554406237,1453.55,3173.0,8880.0,0.0,0.0,0.0
unsw_nb15_v2,composition shift,rf_5class_smote,uncalibrated,0.1,U2R,200,0.0,0.0,0.0019913821332156233,0.030795558730515298,0.00992248504508335,1453.55,3173.0,211.0,0.0,0.0,0.0
unsw_nb15_v2,composition shift,rf_5class_smote,uncalibrated,0.1,all_attacks,200,0.144287285012938,0.1584410539059777,0.16372104329732282,0.23995906618933188,0.10992325339974544,1453.55,3173.0,13222.5,0.0,0.0,0.0
unsw_nb15_v2,composition shift,rf_5class_smote,uncalibrated,0.2,DoS,200,0.503393495052142,0.5362046658491983,0.5543075450076123,0.6772359943378325,0.4085230541798522,2755.92,6346.0,2046.0,0.0,0.0,0.0
unsw_nb15_v2,composition shift,rf_5class_smote,uncalibrated,0.2,Probe,200,0.29383257720051936,0.3192934209851403,0.33626790459482186,0.6726000882622232,0.2125615556615867,2755.92,6346.0,2087.0,0.0,0.0,0.0
unsw_nb15_v2,composition shift,rf_5class_smote,uncalibrated,0.2,R2L,200,0.25531756360785246,0.27158729331949377,0.2794068045982286,0.38828117260358774,0.16591121877899045,2755.92,6346.0,8880.0,0.0,0.0,0.0
unsw_nb15_v2,composition shift,rf_5class_smote,uncalibrated,0.2,U2R,200,0.0002645277435078825,0.004469011975739022,0.016160080836640216,0.4292644760425988,0.01893601245495668,2755.92,6346.0,211.0,0.0,0.0,0.0
unsw_nb15_v2,composition shift,rf_5class_smote,uncalibrated,0.2,all_attacks,200,0.30636323995563436,0.3256503732166458,0.33238163414318644,0.4784437671093628,0.20841270608251286,2755.92,6346.0,13222.5,0.0,0.0,0.0
unsw_nb15_v2,composition shift,xgb_5class_cw,calibrated_attack_prob,0.01,DoS,200,0.017658992452284826,0.023095104016938185,0.027911749489910598,0.03315300514384178,0.025289862156195705,244.335,317.0,2046.0,0.015,0.015,0.015
unsw_nb15_v2,composition shift,xgb_5class_cw,calibrated_attack_prob,0.01,Probe,200,0.018563310236569302,0.024176006542281674,0.029057207015519233,0.04008436167029363,0.030605432069074193,244.335,317.0,2087.0,0.015,0.015,0.015
unsw_nb15_v2,composition shift,xgb_5class_cw,calibrated_attack_prob,0.01,R2L,200,0.011517841460494919,0.014540028901586163,0.016417692595703023,0.01809008644824993,0.014129518810299975,244.335,317.0,8880.0,0.015,0.015,0.015
unsw_nb15_v2,composition shift,xgb_5class_cw,calibrated_attack_prob,0.01,U2R,200,0.004333973919399033,0.004720185032326442,0.008945861838496653,0.01957855142604762,0.015246439449193483,244.335,317.0,211.0,0.015,0.015,0.07
unsw_nb15_v2,composition shift,xgb_5class_cw,calibrated_attack_prob,0.01,all_attacks,200,0.015982562366117326,0.020024123906526338,0.02180290852478525,0.023911687485106733,0.018464508751486114,244.335,317.0,13222.5,0.015,0.015,0.015
unsw_nb15_v2,composition shift,xgb_5class_cw,calibrated_attack_prob,0.02,DoS,200,0.03392718167302192,0.04247279938616273,0.049570706059510146,0.06592414396667483,0.0445123304483302,427.915,635.0,2046.0,0.015,0.015,0.015
unsw_nb15_v2,composition shift,xgb_5class_cw,calibrated_attack_prob,0.02,Probe,200,0.03564088077994972,0.044533917787709626,0.05170433603839631,0.08046970427857737,0.05400245391387265,427.915,635.0,2087.0,0.015,0.015,0.015
unsw_nb15_v2,composition shift,xgb_5class_cw,calibrated_attack_prob,0.02,R2L,200,0.02113467593439075,0.02580403484497665,0.02848467700445889,0.03637131593126866,0.02456988409488424,427.915,635.0,8880.0,0.015,0.015,0.015
unsw_nb15_v2,composition shift,xgb_5class_cw,calibrated_attack_prob,0.02,U2R,200,0.004792276086359215,0.006825849144410503,0.01628907023893877,0.037332164100254306,0.026207530712498612,427.915,635.0,211.0,0.015,0.015,0.065
unsw_nb15_v2,composition shift,xgb_5class_cw,calibrated_attack_prob,0.02,all_attacks,200,0.02919909537504439,0.035201437992866944,0.03772619350300412,0.04791072857649041,0.03231428268525102,427.915,635.0,13222.5,0.015,0.015,0.015
unsw_nb15_v2,composition shift,xgb_5class_cw,calibrated_attack_prob,0.05,DoS,200,0.0918953919239741,0.10657853262851771,0.11786814684307786,0.16552617913472978,0.10362807040604376,994.53,1586.0,2046.0,0.015,0.015,0.015
unsw_nb15_v2,composition shift,xgb_5class_cw,calibrated_attack_prob,0.05,Probe,200,0.09505252345886904,0.11066759518646876,0.12201298768816253,0.20008706953624522,0.12554609890198656,994.53,1586.0,2087.0,0.015,0.015,0.015
unsw_nb15_v2,composition shift,xgb_5class_cw,calibrated_attack_prob,0.05,R2L,200,0.05373653244726114,0.061614064388266596,0.06582857972521453,0.09084963843277905,0.05704986566854419,994.53,1586.0,8880.0,0.015,0.015,0.015
unsw_nb15_v2,composition shift,xgb_5class_cw,calibrated_attack_prob,0.05,U2R,200,0.015746959832477248,0.02351855181825754,0.043914156537143395,0.09478096683314984,0.0587266934499887,994.53,1586.0,211.0,0.015,0.015,0.035
unsw_nb15_v2,composition shift,xgb_5class_cw,calibrated_attack_prob,0.05,all_attacks,200,0.07250634018107747,0.08240906211767438,0.08632559225376524,0.11968586844604832,0.07507380807700269,994.53,1586.0,13222.5,0.015,0.015,0.015
unsw_nb15_v2,composition shift,xgb_5class_cw,calibrated_attack_prob,0.1,DoS,200,0.1977860258385815,0.21948388137888256,0.23468296130159758,0.33081191068162175,0.20570881637165273,1973.035,3173.0,2046.0,0.015,0.015,0.015
unsw_nb15_v2,composition shift,xgb_5class_cw,calibrated_attack_prob,0.1,Probe,200,0.207186087620021,0.22960582579082497,0.24485142425104597,0.39983846055730327,0.2485078141953587,1973.035,3173.0,2087.0,0.015,0.015,0.015
unsw_nb15_v2,composition shift,xgb_5class_cw,calibrated_attack_prob,0.1,R2L,200,0.11224479648742827,0.12335818025313212,0.12915444004284551,0.18203206938268796,0.11322771579798552,1973.035,3173.0,8880.0,0.015,0.015,0.015
unsw_nb15_v2,composition shift,xgb_5class_cw,calibrated_attack_prob,0.1,U2R,200,0.05364813530324652,0.0690017318269785,0.10157693573454633,0.18855343913648123,0.11733541813392653,1973.035,3173.0,211.0,0.015,0.015,0.015
unsw_nb15_v2,composition shift,xgb_5class_cw,calibrated_attack_prob,0.1,all_attacks,200,0.14928706264167832,0.16325348952739552,0.16856108421554145,0.2394920499372064,0.14892233085659012,1973.035,3173.0,13222.5,0.015,0.015,0.015
unsw_nb15_v2,composition shift,xgb_5class_cw,calibrated_attack_prob,0.2,DoS,200,0.4290259889681918,0.4591512727229514,0.47726937165395067,0.6436961798247428,0.41340853498520586,3961.93,6346.0,2046.0,0.005,0.005,0.015
unsw_nb15_v2,composition shift,xgb_5class_cw,calibrated_attack_prob,0.2,Probe,200,0.44703801565911755,0.4783358016410786,0.4963036494317775,0.7614489264656378,0.4989677776457097,3961.93,6346.0,2087.0,0.0,0.005,0.005
unsw_nb15_v2,composition shift,xgb_5class_cw,calibrated_attack_prob,0.2,R2L,200,0.23433508086883137,0.24954584291887233,0.25714755081833823,0.37634156203045954,0.22733054275194017,3961.93,6346.0,8880.0,0.005,0.005,0.005
unsw_nb15_v2,composition shift,xgb_5class_cw,calibrated_attack_prob,0.2,U2R,200,0.1531134960091336,0.17566839955896152,0.2218399975893341,0.4015197063069876,0.23431759645114356,3961.93,6346.0,211.0,0.0,0.0,0.005
unsw_nb15_v2,composition shift,xgb_5class_cw,calibrated_attack_prob,0.2,all_attacks,200,0.30890063789499284,0.32792064282490196,0.3346570454819849,0.4788183133481272,0.2990501372467803,3961.93,6346.0,13222.5,0.005,0.005,0.005
unsw_nb15_v2,composition shift,xgb_5class_cw,rare_weighted,0.01,DoS,200,5.9042915870622996e-05,0.0006779119990647026,0.002082898693831498,0.007354762497548936,0.005426259318126007,243.19,317.0,2046.0,0.0,0.0,0.0
unsw_nb15_v2,composition shift,xgb_5class_cw,rare_weighted,0.01,Probe,200,0.0,0.0,1.9501344677323286e-05,0.0043459817672713555,0.0023272279412074495,243.19,317.0,2087.0,0.0,0.0,0.0
unsw_nb15_v2,composition shift,xgb_5class_cw,rare_weighted,0.01,R2L,200,0.0014446061032954449,0.003135970842068806,0.0042326646454024855,0.012310979819895046,0.008194750029466666,243.19,317.0,8880.0,0.0,0.0,0.0
unsw_nb15_v2,composition shift,xgb_5class_cw,rare_weighted,0.01,U2R,200,0.46702638644465483,0.6513809037283191,0.7034742574271436,0.7117157360057209,0.626491612686673,243.19,317.0,211.0,0.0,0.065,0.41
unsw_nb15_v2,composition shift,xgb_5class_cw,rare_weighted,0.01,all_attacks,200,0.0089235989042917,0.01290598367448654,0.014598345632948016,0.021447265573222594,0.01670902480338748,243.19,317.0,13222.5,0.0,0.0,0.0
unsw_nb15_v2,composition shift,xgb_5class_cw,rare_weighted,0.02,DoS,200,0.0029673442434233178,0.005761373261370456,0.009046542990014998,0.015362737944565242,0.020316457817107857,793.005,635.0,2046.0,0.0,0.0,0.02
unsw_nb15_v2,composition shift,xgb_5class_cw,rare_weighted,0.02,Probe,200,0.0,2.6172097554185998e-05,0.00043692246601679125,0.017628102403627156,0.021219353534433577,793.005,635.0,2087.0,0.0,0.0,0.0
unsw_nb15_v2,composition shift,xgb_5class_cw,rare_weighted,0.02,R2L,200,0.010018880499170879,0.015478290000007605,0.01775163081745928,0.029895118686775066,0.03781296281154775,793.005,635.0,8880.0,0.0,0.0,0.0
unsw_nb15_v2,composition shift,xgb_5class_cw,rare_weighted,0.02,U2R,200,0.8663513948876301,0.9163781571736942,0.9434264171611954,0.8923323347901518,0.9418475590417796,793.005,635.0,211.0,0.18,0.79,1.0
unsw_nb15_v2,composition shift,xgb_5class_cw,rare_weighted,0.02,all_attacks,200,0.021301414464409297,0.026395813400619927,0.028766948349460374,0.03947991436153686,0.04692204419225079,793.005,635.0,13222.5,0.0,0.0,0.0
unsw_nb15_v2,composition shift,xgb_5class_cw,rare_weighted,0.05,DoS,200,0.015222317874488434,0.016492483945224748,0.021607147318013335,0.04148642128985514,0.04181422340285369,1773.065,1586.0,2046.0,0.0,0.0,0.0
unsw_nb15_v2,composition shift,xgb_5class_cw,rare_weighted,0.05,Probe,200,0.17549835172324435,0.23643210069165824,0.25198595227879855,0.21716209257798685,0.30597806940471683,1773.065,1586.0,2087.0,0.005,0.825,0.98
unsw_nb15_v2,composition shift,xgb_5class_cw,rare_weighted,0.05,R2L,200,0.02186194048311751,0.02255428276009275,0.02526349204487731,0.056556050458974785,0.056643287544636226,1773.065,1586.0,8880.0,0.0,0.0,0.0
unsw_nb15_v2,composition shift,xgb_5class_cw,rare_weighted,0.05,U2R,200,0.9244721027772956,0.9326044858752448,0.9564990645260645,0.9841746823627647,0.9842219639508896,1773.065,1586.0,211.0,0.0,0.0,0.005
unsw_nb15_v2,composition shift,xgb_5class_cw,rare_weighted,0.05,all_attacks,200,0.06367832400047307,0.07367277416880323,0.07747876369765967,0.094368017854457,0.10849623444812147,1773.065,1586.0,13222.5,0.0,0.0,0.0
unsw_nb15_v2,composition shift,xgb_5class_cw,rare_weighted,0.1,DoS,200,0.043391518882948114,0.06271048005905516,0.07197019879516514,0.1141296153365918,0.09860738444940013,3004.535,3173.0,2046.0,0.0,0.0,0.0
unsw_nb15_v2,composition shift,xgb_5class_cw,rare_weighted,0.1,Probe,200,0.5923922397220442,0.6142473234101584,0.63166426280105,0.7101567845056984,0.6979331408030498,3004.535,3173.0,2087.0,0.0,0.0,0.0
unsw_nb15_v2,composition shift,xgb_5class_cw,rare_weighted,0.1,R2L,200,0.03322103598892764,0.044046146426745626,0.04773687789099939,0.0912529696555775,0.08012221284325335,3004.535,3173.0,8880.0,0.0,0.0,0.0
unsw_nb15_v2,composition shift,xgb_5class_cw,rare_weighted,0.1,U2R,200,0.9246173047974976,0.9327496878954468,0.9566258074887207,0.9860941332958886,0.9860695027540167,3004.535,3173.0,211.0,0.0,0.0,0.0
unsw_nb15_v2,composition shift,xgb_5class_cw,rare_weighted,0.1,all_attacks,200,0.14108436471513006,0.15513451770246509,0.16036393944272886,0.20671775806401127,0.19491022809002165,3004.535,3173.0,13222.5,0.0,0.0,0.0
unsw_nb15_v2,composition shift,xgb_5class_cw,rare_weighted,0.2,DoS,200,0.36766087921189816,0.4064700644129373,0.4243963786449879,0.6275206361602563,0.2899591771570552,4403.31,6346.0,2046.0,0.0,0.0,0.0
unsw_nb15_v2,composition shift,xgb_5class_cw,rare_weighted,0.2,Probe,200,0.7441662118951702,0.7608296955830177,0.7759106320536477,0.8773360537649009,0.7791020110945898,4403.31,6346.0,2087.0,0.0,0.0,0.0
unsw_nb15_v2,composition shift,xgb_5class_cw,rare_weighted,0.2,R2L,200,0.15698599649497524,0.17377154842998596,0.18046188586944925,0.2757969251536381,0.1655676854352678,4403.31,6346.0,8880.0,0.0,0.0,0.0
unsw_nb15_v2,composition shift,xgb_5class_cw,rare_weighted,0.2,U2R,200,0.9246173047974976,0.9327496878954468,0.9566258074887207,0.9866125187824153,0.9862119974525059,4403.31,6346.0,211.0,0.0,0.0,0.0
unsw_nb15_v2,composition shift,xgb_5class_cw,rare_weighted,0.2,all_attacks,200,0.30271533026881037,0.32196577802502047,0.3286778060601195,0.4363987681259692,0.29468958183797644,4403.31,6346.0,13222.5,0.0,0.0,0.0
unsw_nb15_v2,composition shift,xgb_5class_cw,uncalibrated,0.01,DoS,200,0.015599461667503554,0.02398567925460141,0.030059076072317108,0.06960961085661847,0.055107733103051476,245.685,317.0,2046.0,0.0,0.0,0.0
unsw_nb15_v2,composition shift,xgb_5class_cw,uncalibrated,0.01,Probe,200,0.0039816606218519065,0.007686612756173196,0.011318847744988718,0.009840816781138417,0.007269543442686763,245.685,317.0,2087.0,0.0,0.135,0.735
unsw_nb15_v2,composition shift,xgb_5class_cw,uncalibrated,0.01,R2L,200,0.005464041413821484,0.00837470179956666,0.010082439295320938,0.01736376352389821,0.013273618981614766,245.685,317.0,8880.0,0.0,0.0,0.0
unsw_nb15_v2,composition shift,xgb_5class_cw,uncalibrated,0.01,U2R,200,0.0,0.0,0.0,0.0,0.0,245.685,317.0,211.0,0.0,0.0,0.0
unsw_nb15_v2,composition shift,xgb_5class_cw,uncalibrated,0.01,all_attacks,200,0.0089235989042917,0.012997838847296505,0.014695115216201806,0.023973333819854555,0.01857971840133036,245.685,317.0,13222.5,0.0,0.0,0.0
unsw_nb15_v2,composition shift,xgb_5class_cw,uncalibrated,0.02,DoS,200,0.045624929462919885,0.060663353292947336,0.06980301428845535,0.1258983969425883,0.0779432787368857,353.405,635.0,2046.0,0.0,0.0,0.0
unsw_nb15_v2,composition shift,xgb_5class_cw,uncalibrated,0.02,Probe,200,0.01181821249779537,0.016346113086828692,0.021406517590320244,0.023802250994528266,0.010848964631030291,353.405,635.0,2087.0,0.0,0.01,0.24
unsw_nb15_v2,composition shift,xgb_5class_cw,uncalibrated,0.02,R2L,200,0.014781237483985727,0.019197443324268613,0.021710800021584396,0.03681326139099605,0.01930732307675975,353.405,635.0,8880.0,0.0,0.0,0.0
unsw_nb15_v2,composition shift,xgb_5class_cw,uncalibrated,0.02,U2R,200,0.0,0.0,0.0,0.0051579804192207,0.0,353.405,635.0,211.0,0.0,0.0,0.0
unsw_nb15_v2,composition shift,xgb_5class_cw,uncalibrated,0.02,all_attacks,200,0.022343801314401102,0.028410355478875274,0.03086391197542389,0.048022293298446865,0.026726063358136227,353.405,635.0,13222.5,0.0,0.0,0.0
unsw_nb15_v2,composition shift,xgb_5class_cw,uncalibrated,0.05,DoS,200,0.14091308398366564,0.16371149117807846,0.17752795676834268,0.2545323224772499,0.14873540591651713,773.52,1586.0,2046.0,0.0,0.0,0.0
unsw_nb15_v2,composition shift,xgb_5class_cw,uncalibrated,0.05,Probe,200,0.0404918094846219,0.048427544819077344,0.05662034295383884,0.10837752031785661,0.029871750779245906,773.52,1586.0,2087.0,0.0,0.0,0.0
unsw_nb15_v2,composition shift,xgb_5class_cw,uncalibrated,0.05,R2L,200,0.04794258136345151,0.05610149985505779,0.060227011047758544,0.0943660241608164,0.04566654652727387,773.52,1586.0,8880.0,0.0,0.0,0.0
unsw_nb15_v2,composition shift,xgb_5class_cw,uncalibrated,0.05,U2R,200,0.0,0.0,0.000919393982521883,0.007718261018177694,0.007718261018177694,773.52,1586.0,211.0,0.0,0.0,0.055
unsw_nb15_v2,composition shift,xgb_5class_cw,uncalibrated,0.05,all_attacks,200,0.06631717768076599,0.07634414932191637,0.08021201829942623,0.11994229475801067,0.058496530822990646,773.52,1586.0,13222.5,0.0,0.0,0.0
unsw_nb15_v2,composition shift,xgb_5class_cw,uncalibrated,0.1,DoS,200,0.28209780686905994,0.30354127707877515,0.32049068344536413,0.39415046408485815,0.24984331100493865,1548.74,3173.0,2046.0,0.0,0.0,0.0
unsw_nb15_v2,composition shift,xgb_5class_cw,uncalibrated,0.1,Probe,200,0.13391304429112807,0.17248144063430623,0.18640822742575758,0.4056877185990069,0.10479412864355649,1548.74,3173.0,2087.0,0.0,0.0,0.0
unsw_nb15_v2,composition shift,xgb_5class_cw,uncalibrated,0.1,R2L,200,0.10587983625163531,0.11368467018343976,0.1193217858196655,0.1707641585544529,0.09209104181972397,1548.74,3173.0,8880.0,0.0,0.0,0.0
unsw_nb15_v2,composition shift,xgb_5class_cw,uncalibrated,0.1,U2R,200,0.0,0.0,0.000919393982521883,0.021373464067222937,0.007718261018177694,1548.74,3173.0,211.0,0.0,0.0,0.005
unsw_nb15_v2,composition shift,xgb_5class_cw,uncalibrated,0.1,all_attacks,200,0.144287285012938,0.1584410539059777,0.16372104329732282,0.2399602151747591,0.11712301793449202,1548.74,3173.0,13222.5,0.0,0.0,0.0
unsw_nb15_v2,composition shift,xgb_5class_cw,uncalibrated,0.2,DoS,200,0.5194537715307089,0.5510671066597677,0.5691014039692756,0.6382280201565002,0.41386374585612723,3343.72,6346.0,2046.0,0.0,0.0,0.0
unsw_nb15_v2,composition shift,xgb_5class_cw,uncalibrated,0.2,Probe,200,0.4746727622911155,0.5037011747608876,0.521679170387714,0.7768960842901578,0.4335158727418118,3343.72,6346.0,2087.0,0.0,0.0,0.0
unsw_nb15_v2,composition shift,xgb_5class_cw,uncalibrated,0.2,R2L,200,0.2096913000079692,0.22583580562035974,0.23319709804436006,0.3744424631734868,0.17863555206537005,3343.72,6346.0,8880.0,0.0,0.0,0.0
unsw_nb15_v2,composition shift,xgb_5class_cw,uncalibrated,0.2,U2R,200,0.0001156189565157455,0.000636828291509692,0.007681731930260115,0.39319281526315464,0.0326993740085582,3343.72,6346.0,211.0,0.0,0.0,0.0
unsw_nb15_v2,composition shift,xgb_5class_cw,uncalibrated,0.2,all_attacks,200,0.30636323995563436,0.3256503732166458,0.33238163414318644,0.4789976937874129,0.25286639567044533,3343.72,6346.0,13222.5,0.0,0.0,0.0
unsw_nb15_v2,composition shift,xgb_5class_smote,calibrated_attack_prob,0.01,DoS,200,0.030775254802253786,0.03630582841067989,0.04127598047300499,0.033297131365708534,0.03822335266334119,369.48,317.0,2046.0,0.03,0.03,0.03
unsw_nb15_v2,composition shift,xgb_5class_smote,calibrated_attack_prob,0.01,Probe,200,0.02742984558678452,0.032220165349110756,0.03688683079184399,0.034055800252136184,0.03926003456256748,369.48,317.0,2087.0,0.03,0.03,0.03
unsw_nb15_v2,composition shift,xgb_5class_smote,calibrated_attack_prob,0.01,R2L,200,0.019838403774432835,0.023023246260197756,0.02505944473277937,0.019627164622919004,0.023164873600858883,369.48,317.0,8880.0,0.03,0.03,0.03
unsw_nb15_v2,composition shift,xgb_5class_smote,calibrated_attack_prob,0.01,U2R,200,0.007702225892138537,0.008164278311251107,0.012171161861235175,0.014956038714499673,0.017972142440498426,369.48,317.0,211.0,0.03,0.03,0.105
unsw_nb15_v2,composition shift,xgb_5class_smote,calibrated_attack_prob,0.01,all_attacks,200,0.025098614167186967,0.0291069555567321,0.03096444286339151,0.023942722604364794,0.027935447357336246,369.48,317.0,13222.5,0.03,0.03,0.03
unsw_nb15_v2,composition shift,xgb_5class_smote,calibrated_attack_prob,0.02,DoS,200,0.04726599236250586,0.055808897330740355,0.06305470627803748,0.06665186716423922,0.05790373271665314,557.27,635.0,2046.0,0.03,0.03,0.03
unsw_nb15_v2,composition shift,xgb_5class_smote,calibrated_attack_prob,0.02,Probe,200,0.04167882054219956,0.0492130328872964,0.05600727114338125,0.06825735889357826,0.05956249460128675,557.27,635.0,2087.0,0.03,0.03,0.03
unsw_nb15_v2,composition shift,xgb_5class_smote,calibrated_attack_prob,0.02,R2L,200,0.029865612266519383,0.034809763789371215,0.03765799217349834,0.039326327742106225,0.034768631896640076,557.27,635.0,8880.0,0.03,0.03,0.03
unsw_nb15_v2,composition shift,xgb_5class_smote,calibrated_attack_prob,0.02,U2R,200,0.007847141438765352,0.009277340900671492,0.01751906644616209,0.02940236081804469,0.02683596714081915,557.27,635.0,211.0,0.03,0.03,0.08
unsw_nb15_v2,composition shift,xgb_5class_smote,calibrated_attack_prob,0.02,all_attacks,200,0.03811660409266183,0.04405704549143011,0.04664819005916411,0.0479553470828471,0.04211599377894038,557.27,635.0,13222.5,0.03,0.03,0.03
unsw_nb15_v2,composition shift,xgb_5class_smote,calibrated_attack_prob,0.05,DoS,200,0.1047634109639067,0.11972920100290219,0.13112586419118735,0.16664051213899614,0.11823383903147679,1131.085,1586.0,2046.0,0.03,0.03,0.03
unsw_nb15_v2,composition shift,xgb_5class_smote,calibrated_attack_prob,0.05,Probe,200,0.09114997143954222,0.10434443023949662,0.11499724386303135,0.16879425374353127,0.12087988899074269,1131.085,1586.0,2087.0,0.03,0.03,0.03
unsw_nb15_v2,composition shift,xgb_5class_smote,calibrated_attack_prob,0.05,R2L,200,0.06418354659988958,0.0724314672448589,0.07683257215024819,0.09854083504092088,0.07038547494219344,1131.085,1586.0,8880.0,0.03,0.03,0.03
unsw_nb15_v2,composition shift,xgb_5class_smote,calibrated_attack_prob,0.05,U2R,200,0.01498743132125127,0.021018460756014018,0.03916346636748231,0.07520512598237013,0.05272711965269479,1131.085,1586.0,211.0,0.03,0.03,0.045
unsw_nb15_v2,composition shift,xgb_5class_smote,calibrated_attack_prob,0.05,all_attacks,200,0.08076973910009543,0.0905516813814973,0.09451593494859056,0.11977741728865597,0.08545153004439238,1131.085,1586.0,13222.5,0.03,0.03,0.03
unsw_nb15_v2,composition shift,xgb_5class_smote,calibrated_attack_prob,0.1,DoS,200,0.21139643917851333,0.23310557646193783,0.2483472370640583,0.3332425325149216,0.22233381815005612,2119.835,3173.0,2046.0,0.03,0.03,0.03
unsw_nb15_v2,composition shift,xgb_5class_smote,calibrated_attack_prob,0.1,Probe,200,0.1848834616856519,0.20460675971656261,0.21908157925880303,0.3374553959023261,0.22565687643594065,2119.835,3173.0,2087.0,0.03,0.03,0.03
unsw_nb15_v2,composition shift,xgb_5class_smote,calibrated_attack_prob,0.1,R2L,200,0.1254619511492359,0.1369849899403151,0.1429675889029111,0.19734358625867032,0.13186157116949201,2119.835,3173.0,8880.0,0.03,0.03,0.03
unsw_nb15_v2,composition shift,xgb_5class_smote,calibrated_attack_prob,0.1,U2R,200,0.0425139614792672,0.054564343540513656,0.0837674595915472,0.14731330684370111,0.09943655962884886,2119.835,3173.0,211.0,0.03,0.03,0.04
unsw_nb15_v2,composition shift,xgb_5class_smote,calibrated_attack_prob,0.1,all_attacks,200,0.15640460742914974,0.17018798518828196,0.17552243752588037,0.23965536256634168,0.16011308835496046,2119.835,3173.0,13222.5,0.03,0.03,0.03
unsw_nb15_v2,composition shift,xgb_5class_smote,calibrated_attack_prob,0.2,DoS,200,0.4420479982157599,0.47224410753556545,0.4902957043704431,0.6630510567225261,0.4333464981691374,4132.0,6346.0,2046.0,0.03,0.03,0.03
unsw_nb15_v2,composition shift,xgb_5class_smote,calibrated_attack_prob,0.2,Probe,200,0.38652105817337,0.41367931305603955,0.4313706883340506,0.6726110280633926,0.43943453136448674,4132.0,6346.0,2087.0,0.015,0.015,0.02
unsw_nb15_v2,composition shift,xgb_5class_smote,calibrated_attack_prob,0.2,R2L,200,0.25335485539218533,0.2691832882288271,0.2769528652365781,0.3958400119735076,0.25717619450526763,4132.0,6346.0,8880.0,0.02,0.02,0.025
unsw_nb15_v2,composition shift,xgb_5class_smote,calibrated_attack_prob,0.2,U2R,200,0.1207032265605606,0.13927511761879247,0.18157623284930402,0.2997993491138893,0.19123287355744586,4132.0,6346.0,211.0,0.005,0.005,0.02
unsw_nb15_v2,composition shift,xgb_5class_smote,calibrated_attack_prob,0.2,all_attacks,200,0.31361238803994756,0.3323799062200618,0.3391195308529301,0.4792680212109907,0.3120981567166392,4132.0,6346.0,13222.5,0.025,0.025,0.025
unsw_nb15_v2,composition shift,xgb_5class_smote,rare_weighted,0.01,DoS,200,0.0003133451101155525,0.0012943100672677891,0.00310087994232642,0.01106414637509955,0.00905720123817708,250.58,317.0,2046.0,0.0,0.0,0.0
unsw_nb15_v2,composition shift,xgb_5class_smote,rare_weighted,0.01,Probe,200,0.0,0.0,0.00018654266550636404,0.011056619428685036,0.007450282761500825,250.58,317.0,2087.0,0.0,0.0,0.0
unsw_nb15_v2,composition shift,xgb_5class_smote,rare_weighted,0.01,R2L,200,0.0018345944401639111,0.0034894103851844794,0.004638493645136568,0.011037317149871472,0.007475593902930211,250.58,317.0,8880.0,0.0,0.0,0.0
unsw_nb15_v2,composition shift,xgb_5class_smote,rare_weighted,0.01,U2R,200,0.41840671591704137,0.5947673485524748,0.649170811474438,0.6616308915706525,0.6024696919034304,250.58,317.0,211.0,0.0,0.055,0.41
unsw_nb15_v2,composition shift,xgb_5class_smote,rare_weighted,0.01,all_attacks,200,0.008900545362384315,0.0127902678445013,0.014477003120164183,0.02142620990412186,0.01721229189464196,250.58,317.0,13222.5,0.0,0.0,0.0
unsw_nb15_v2,composition shift,xgb_5class_smote,rare_weighted,0.02,DoS,200,0.0031420812053074847,0.005455456964978837,0.008673826149253352,0.017428793990582784,0.020168651335825537,767.385,635.0,2046.0,0.0,0.0,0.0
unsw_nb15_v2,composition shift,xgb_5class_smote,rare_weighted,0.02,Probe,200,0.0,4.5616909493054e-05,0.0003672753865953116,0.020289364854914914,0.022063846509469912,767.385,635.0,2087.0,0.0,0.0,0.0
unsw_nb15_v2,composition shift,xgb_5class_smote,rare_weighted,0.02,R2L,200,0.010408803488252549,0.016291452203519973,0.018616132774443434,0.028933197710534323,0.03535129317701195,767.385,635.0,8880.0,0.0,0.0,0.0
unsw_nb15_v2,composition shift,xgb_5class_smote,rare_weighted,0.02,U2R,200,0.8075858766175824,0.860887301485568,0.8962332142951976,0.8584612821980196,0.8960208629819826,767.385,635.0,211.0,0.045,0.49,0.9
unsw_nb15_v2,composition shift,xgb_5class_smote,rare_weighted,0.02,all_attacks,200,0.021052115563787895,0.02634657001555939,0.028714283223733886,0.03903109334613665,0.04464715892978036,767.385,635.0,13222.5,0.0,0.0,0.0
unsw_nb15_v2,composition shift,xgb_5class_smote,rare_weighted,0.05,DoS,200,0.009536320406745204,0.011949101927373059,0.01635654130878255,0.03307450813387782,0.033882592722517445,1635.625,1586.0,2046.0,0.0,0.0,0.0
unsw_nb15_v2,composition shift,xgb_5class_smote,rare_weighted,0.05,Probe,200,0.19154061999663552,0.24993907695178647,0.26577272620111886,0.25076859591567424,0.2722950269386878,1635.625,1586.0,2087.0,0.0,0.505,0.825
unsw_nb15_v2,composition shift,xgb_5class_smote,rare_weighted,0.05,R2L,200,0.0205344787458111,0.021446478383454145,0.024088163236069597,0.053763876518869616,0.05399988296903509,1635.625,1586.0,8880.0,0.0,0.0,0.0
unsw_nb15_v2,composition shift,xgb_5class_smote,rare_weighted,0.05,U2R,200,0.8772983951165287,0.8873872342614841,0.9191543829341398,0.9648081638252797,0.9651786577800493,1635.625,1586.0,211.0,0.0,0.0,0.02
unsw_nb15_v2,composition shift,xgb_5class_smote,rare_weighted,0.05,all_attacks,200,0.06369841949216198,0.07367658059924756,0.07748427016069291,0.09618724820775318,0.09987666000361867,1635.625,1586.0,13222.5,0.0,0.0,0.0
unsw_nb15_v2,composition shift,xgb_5class_smote,rare_weighted,0.1,DoS,200,0.05299661683833233,0.07804958886998142,0.08823727661937791,0.1255424830185726,0.12966752960755007,3214.295,3173.0,2046.0,0.0,0.0,0.0
unsw_nb15_v2,composition shift,xgb_5class_smote,rare_weighted,0.1,Probe,200,0.57649050723318,0.5924870823340873,0.6100592833027534,0.6968637174779915,0.7000464613960159,3214.295,3173.0,2087.0,0.0,0.0,0.0
unsw_nb15_v2,composition shift,xgb_5class_smote,rare_weighted,0.1,R2L,200,0.034835411985486314,0.04574404213786904,0.049498209972890186,0.09673934608456004,0.09946645816163034,3214.295,3173.0,8880.0,0.0,0.0,0.0
unsw_nb15_v2,composition shift,xgb_5class_smote,rare_weighted,0.1,U2R,200,0.8772983951165287,0.8874333172107929,0.9191970235348579,0.9745484704674875,0.9746699398034573,3214.295,3173.0,211.0,0.0,0.0,0.01
unsw_nb15_v2,composition shift,xgb_5class_smote,rare_weighted,0.1,all_attacks,200,0.1411822227103167,0.15527249433859186,0.16051083922315615,0.2098828278161857,0.21285818076995244,3214.295,3173.0,13222.5,0.0,0.0,0.0
unsw_nb15_v2,composition shift,xgb_5class_smote,rare_weighted,0.2,DoS,200,0.3677086603003275,0.4053721486598001,0.42333654223580164,0.6178413450115524,0.31712494474244446,4527.98,6346.0,2046.0,0.0,0.0,0.0
unsw_nb15_v2,composition shift,xgb_5class_smote,rare_weighted,0.2,Probe,200,0.7226740824969115,0.7404091993255044,0.7559527751576282,0.8744384616987343,0.7780613331901377,4527.98,6346.0,2087.0,0.0,0.0,0.0
unsw_nb15_v2,composition shift,xgb_5class_smote,rare_weighted,0.2,R2L,200,0.16242799382021667,0.1792637223678633,0.18603758104939444,0.281211805500893,0.18004140259254414,4527.98,6346.0,8880.0,0.0,0.0,0.0
unsw_nb15_v2,composition shift,xgb_5class_smote,rare_weighted,0.2,U2R,200,0.8781237065279006,0.888332181419441,0.9199608349643921,0.978920161806561,0.975713139465226,4527.98,6346.0,211.0,0.0,0.0,0.0
unsw_nb15_v2,composition shift,xgb_5class_smote,rare_weighted,0.2,all_attacks,200,0.3028842438419336,0.3221437582514673,0.328856174109999,0.43795927438314586,0.3082763876272087,4527.98,6346.0,13222.5,0.0,0.0,0.0
unsw_nb15_v2,composition shift,xgb_5class_smote,uncalibrated,0.01,DoS,200,0.016911224120559152,0.025859811821814765,0.03213379205668274,0.052513234224230425,0.03361007639810518,205.15,317.0,2046.0,0.0,0.0,0.0
unsw_nb15_v2,composition shift,xgb_5class_smote,uncalibrated,0.01,Probe,200,0.0022013315179073307,0.00591963819384059,0.009203326118986511,0.014152941695634637,0.009299731008633147,205.15,317.0,2087.0,0.0,0.0,0.025
unsw_nb15_v2,composition shift,xgb_5class_smote,uncalibrated,0.01,R2L,200,0.005737749504465963,0.008431749953226111,0.010144932340498276,0.02028384419375574,0.01317811600937975,205.15,317.0,8880.0,0.0,0.0,0.0
unsw_nb15_v2,composition shift,xgb_5class_smote,uncalibrated,0.01,U2R,200,0.0,0.0,0.0,0.0,0.0,205.15,317.0,211.0,0.0,0.0,0.0
unsw_nb15_v2,composition shift,xgb_5class_smote,uncalibrated,0.01,all_attacks,200,0.0089235989042917,0.012997838847296505,0.014695115216201806,0.023973333819854555,0.015513682649975165,205.15,317.0,13222.5,0.0,0.0,0.0
unsw_nb15_v2,composition shift,xgb_5class_smote,uncalibrated,0.02,DoS,200,0.04511176204591547,0.05669297248324099,0.0655630657491561,0.11112114686875028,0.0833529237208878,473.21,635.0,2046.0,0.0,0.0,0.0
unsw_nb15_v2,composition shift,xgb_5class_smote,uncalibrated,0.02,Probe,200,0.011825979758835396,0.016525058880030242,0.021605155335452184,0.027450570511600877,0.019864954175026997,473.21,635.0,2087.0,0.0,0.0,0.035
unsw_nb15_v2,composition shift,xgb_5class_smote,uncalibrated,0.02,R2L,200,0.014899729159607043,0.020078626023712756,0.022642487122830922,0.039477966189069826,0.029432145632404216,473.21,635.0,8880.0,0.0,0.0,0.0
unsw_nb15_v2,composition shift,xgb_5class_smote,uncalibrated,0.02,U2R,200,0.0,0.0,0.0,0.0,0.0,473.21,635.0,211.0,0.0,0.0,0.0
unsw_nb15_v2,composition shift,xgb_5class_smote,uncalibrated,0.02,all_attacks,200,0.022343801314401102,0.028410355478875274,0.03086391197542389,0.048022293298446865,0.03578628861692389,473.21,635.0,13222.5,0.0,0.0,0.0
unsw_nb15_v2,composition shift,xgb_5class_smote,uncalibrated,0.05,DoS,200,0.14193587384252296,0.16512119069746967,0.17898113261548138,0.25413388861207237,0.1465730332890745,865.695,1586.0,2046.0,0.0,0.0,0.0
unsw_nb15_v2,composition shift,xgb_5class_smote,uncalibrated,0.05,Probe,200,0.04265941835416653,0.05050731389824506,0.05886151908301604,0.07534969263144395,0.03846873757576086,865.695,1586.0,2087.0,0.0,0.0,0.0
unsw_nb15_v2,composition shift,xgb_5class_smote,uncalibrated,0.05,R2L,200,0.04731775640606492,0.05543653106149559,0.05953622427332592,0.10227108721344377,0.054703921461313115,865.695,1586.0,8880.0,0.0,0.0,0.0
unsw_nb15_v2,composition shift,xgb_5class_smote,uncalibrated,0.05,U2R,200,0.0,0.0,0.0,0.005360861634892019,2.5252525252525e-05,865.695,1586.0,211.0,0.0,0.0,0.0
unsw_nb15_v2,composition shift,xgb_5class_smote,uncalibrated,0.05,all_attacks,200,0.06631717768076599,0.07634414932191637,0.08021201829942623,0.11994229475801067,0.06546764101917371,865.695,1586.0,13222.5,0.0,0.0,0.0
unsw_nb15_v2,composition shift,xgb_5class_smote,uncalibrated,0.1,DoS,200,0.30208372300659037,0.34045234376851174,0.35785196332826447,0.4538048660854156,0.2618302733460541,1632.64,3173.0,2046.0,0.0,0.0,0.0
unsw_nb15_v2,composition shift,xgb_5class_smote,uncalibrated,0.1,Probe,200,0.09295909921490056,0.10331148699619931,0.11467100704372214,0.23182835057784348,0.07761296397272799,1632.64,3173.0,2087.0,0.0,0.0,0.0
unsw_nb15_v2,composition shift,xgb_5class_smote,uncalibrated,0.1,R2L,200,0.11162737987129225,0.12233273482551932,0.12814095461126804,0.19793349831932652,0.10521563167129015,1632.64,3173.0,8880.0,0.0,0.0,0.0
unsw_nb15_v2,composition shift,xgb_5class_smote,uncalibrated,0.1,U2R,200,0.0,0.0,0.0,0.01891971304849803,0.005360861634892019,1632.64,3173.0,211.0,0.0,0.0,0.0
unsw_nb15_v2,composition shift,xgb_5class_smote,uncalibrated,0.1,all_attacks,200,0.144287285012938,0.1584410539059777,0.16372104329732282,0.2399602151747591,0.12346769668800463,1632.64,3173.0,13222.5,0.0,0.0,0.0
unsw_nb15_v2,composition shift,xgb_5class_smote,uncalibrated,0.2,DoS,200,0.5698456356350622,0.5898161970204056,0.6076002569452602,0.6790144550191127,0.47675095597568484,3366.59,6346.0,2046.0,0.0,0.0,0.0
unsw_nb15_v2,composition shift,xgb_5class_smote,uncalibrated,0.2,Probe,200,0.30643311105634274,0.3499637985624039,0.3672732392745266,0.6735986952242952,0.2621694392888969,3366.59,6346.0,2087.0,0.0,0.0,0.0
unsw_nb15_v2,composition shift,xgb_5class_smote,uncalibrated,0.2,R2L,200,0.23746120135042514,0.2520310780894359,0.25966504376453026,0.39263007466031186,0.20729119640882998,3366.59,6346.0,8880.0,0.0,0.0,0.0
unsw_nb15_v2,composition shift,xgb_5class_smote,uncalibrated,0.2,U2R,200,0.0006661068444923485,0.011710279193999086,0.02848022307913438,0.2800939416219498,0.01988630055973275,3366.59,6346.0,211.0,0.0,0.0,0.0
unsw_nb15_v2,composition shift,xgb_5class_smote,uncalibrated,0.2,all_attacks,200,0.30636323995563436,0.3256503732166458,0.33238163414318644,0.47941593318592923,0.254594385209144,3366.59,6346.0,13222.5,0.0,0.0,0.0
