dataset,model,rep,method,level,selected_frac_of_window,realised_recall,has_recall_lower_bound
nsl_kdd_v2,rf_5class_cw,0,fixed_risk_crc,0.05,0.23713626685592618,0.4151415610824339,False
nsl_kdd_v2,rf_5class_cw,0,dual_threshold_deferral,0.05,0.23713626685592618,0.4151415610824339,False
nsl_kdd_v2,rf_5class_cw,0,fixed_risk_crc,0.1,0.23713626685592618,0.4151415610824339,False
nsl_kdd_v2,rf_5class_cw,0,dual_threshold_deferral,0.1,0.23713626685592618,0.4151415610824339,False
nsl_kdd_v2,rf_5class_cw,0,fixed_risk_crc,0.2,0.23713626685592618,0.4151415610824339,False
nsl_kdd_v2,rf_5class_cw,0,dual_threshold_deferral,0.2,0.23713626685592618,0.4151415610824339,False
nsl_kdd_v2,rf_5class_cw,0,conformal_selection_fdr,0.05,0.5772711142654364,0.9288284060691381,False
nsl_kdd_v2,rf_5class_cw,0,conformal_selection_fdr,0.1,0.6150638750887154,0.9801345221335837,False
nsl_kdd_v2,rf_5class_cw,0,conformal_selection_fdr,0.2,0.6299680624556423,0.9859221022993899,False
nsl_kdd_v2,rf_5class_cw,1,fixed_risk_crc,0.05,0.24015259048970902,0.4150680693069307,False
nsl_kdd_v2,rf_5class_cw,1,dual_threshold_deferral,0.05,0.24015259048970902,0.4150680693069307,False
nsl_kdd_v2,rf_5class_cw,1,fixed_risk_crc,0.1,0.24015259048970902,0.4150680693069307,False
nsl_kdd_v2,rf_5class_cw,1,dual_threshold_deferral,0.1,0.24015259048970902,0.4150680693069307,False
nsl_kdd_v2,rf_5class_cw,1,fixed_risk_crc,0.2,0.24015259048970902,0.4150680693069307,False
nsl_kdd_v2,rf_5class_cw,1,dual_threshold_deferral,0.2,0.24015259048970902,0.4150680693069307,False
nsl_kdd_v2,rf_5class_cw,1,conformal_selection_fdr,0.05,0.5833037615330021,0.9317759900990099,False
nsl_kdd_v2,rf_5class_cw,1,conformal_selection_fdr,0.1,0.6203867991483322,0.9800433168316832,False
nsl_kdd_v2,rf_5class_cw,1,conformal_selection_fdr,0.2,0.636000709723208,0.9853032178217822,False
nsl_kdd_v2,rf_5class_cw,2,fixed_risk_crc,0.05,0.2450319375443577,0.4250465549348231,False
nsl_kdd_v2,rf_5class_cw,2,dual_threshold_deferral,0.05,0.2450319375443577,0.4250465549348231,False
nsl_kdd_v2,rf_5class_cw,2,fixed_risk_crc,0.1,0.23828956706884316,0.41449410304158907,False
nsl_kdd_v2,rf_5class_cw,2,dual_threshold_deferral,0.1,0.23828956706884316,0.41449410304158907,False
nsl_kdd_v2,rf_5class_cw,2,fixed_risk_crc,0.2,0.23828956706884316,0.41449410304158907,False
nsl_kdd_v2,rf_5class_cw,2,dual_threshold_deferral,0.2,0.23828956706884316,0.41449410304158907,False
nsl_kdd_v2,rf_5class_cw,2,conformal_selection_fdr,0.05,0.5903122782114976,0.9411855990068281,False
nsl_kdd_v2,rf_5class_cw,2,conformal_selection_fdr,0.1,0.6201206529453513,0.9795158286778398,False
nsl_kdd_v2,rf_5class_cw,2,conformal_selection_fdr,0.2,0.6354684173172462,0.9855679702048417,False
nsl_kdd_v2,rf_5class_cw,3,fixed_risk_crc,0.05,0.2485805535841022,0.4267506142506142,False
nsl_kdd_v2,rf_5class_cw,3,dual_threshold_deferral,0.05,0.2485805535841022,0.4267506142506142,False
nsl_kdd_v2,rf_5class_cw,3,fixed_risk_crc,0.1,0.2485805535841022,0.4267506142506142,False
nsl_kdd_v2,rf_5class_cw,3,dual_threshold_deferral,0.1,0.2485805535841022,0.4267506142506142,False
nsl_kdd_v2,rf_5class_cw,3,fixed_risk_crc,0.2,0.2485805535841022,0.4267506142506142,False
nsl_kdd_v2,rf_5class_cw,3,dual_threshold_deferral,0.2,0.2485805535841022,0.4267506142506142,False
nsl_kdd_v2,rf_5class_cw,3,conformal_selection_fdr,0.05,0.5929737402413059,0.9441031941031941,False
nsl_kdd_v2,rf_5class_cw,3,conformal_selection_fdr,0.1,0.6209190915542938,0.9789619164619164,False
nsl_kdd_v2,rf_5class_cw,3,conformal_selection_fdr,0.2,0.6366217175301633,0.9857186732186732,False
nsl_kdd_v2,rf_5class_cw,4,fixed_risk_crc,0.05,0.23988644428672817,0.42366472349141326,False
nsl_kdd_v2,rf_5class_cw,4,dual_threshold_deferral,0.05,0.23988644428672817,0.42366472349141326,False
nsl_kdd_v2,rf_5class_cw,4,fixed_risk_crc,0.1,0.23988644428672817,0.42366472349141326,False
nsl_kdd_v2,rf_5class_cw,4,dual_threshold_deferral,0.1,0.23988644428672817,0.42366472349141326,False
nsl_kdd_v2,rf_5class_cw,4,fixed_risk_crc,0.2,0.23988644428672817,0.42366472349141326,False
nsl_kdd_v2,rf_5class_cw,4,dual_threshold_deferral,0.2,0.23988644428672817,0.42366472349141326,False
nsl_kdd_v2,rf_5class_cw,4,conformal_selection_fdr,0.05,0.5906671398154719,0.9524184654167324,False
nsl_kdd_v2,rf_5class_cw,4,conformal_selection_fdr,0.1,0.6121362668559261,0.978572553962502,False
nsl_kdd_v2,rf_5class_cw,4,conformal_selection_fdr,0.2,0.6274840312278211,0.9848747439735308,False
nsl_kdd_v2,rf_5class_cw,5,fixed_risk_crc,0.05,0.2443222143364088,0.42328533828766063,False
nsl_kdd_v2,rf_5class_cw,5,dual_threshold_deferral,0.05,0.2443222143364088,0.42328533828766063,False
nsl_kdd_v2,rf_5class_cw,5,fixed_risk_crc,0.1,0.2443222143364088,0.42328533828766063,False
nsl_kdd_v2,rf_5class_cw,5,dual_threshold_deferral,0.1,0.2443222143364088,0.42328533828766063,False
nsl_kdd_v2,rf_5class_cw,5,fixed_risk_crc,0.2,0.2443222143364088,0.42328533828766063,False
nsl_kdd_v2,rf_5class_cw,5,dual_threshold_deferral,0.2,0.2443222143364088,0.42328533828766063,False
nsl_kdd_v2,rf_5class_cw,5,conformal_selection_fdr,0.05,0.5836586231369766,0.9335810496980956,False
nsl_kdd_v2,rf_5class_cw,5,conformal_selection_fdr,0.1,0.6099183818310859,0.969809568044589,False
nsl_kdd_v2,rf_5class_cw,5,conformal_selection_fdr,0.2,0.6331618168914124,0.9845177272023533,False
nsl_kdd_v2,rf_5class_cw,6,fixed_risk_crc,0.05,0.24316891412349184,0.4261319128936237,False
nsl_kdd_v2,rf_5class_cw,6,dual_threshold_deferral,0.05,0.24316891412349184,0.4261319128936237,False
nsl_kdd_v2,rf_5class_cw,6,fixed_risk_crc,0.1,0.24316891412349184,0.4261319128936237,False
nsl_kdd_v2,rf_5class_cw,6,dual_threshold_deferral,0.1,0.24316891412349184,0.4261319128936237,False
nsl_kdd_v2,rf_5class_cw,6,fixed_risk_crc,0.2,0.24316891412349184,0.4261319128936237,False
nsl_kdd_v2,rf_5class_cw,6,dual_threshold_deferral,0.2,0.24316891412349184,0.4261319128936237,False
nsl_kdd_v2,rf_5class_cw,6,conformal_selection_fdr,0.05,0.5852555003548616,0.9420335265549115,False
nsl_kdd_v2,rf_5class_cw,6,conformal_selection_fdr,0.1,0.6047728885734563,0.9691367695441016,False
nsl_kdd_v2,rf_5class_cw,6,conformal_selection_fdr,0.2,0.6297906316536551,0.9838633871220429,False
nsl_kdd_v2,rf_5class_cw,7,fixed_risk_crc,0.05,0.24095102909865151,0.4211430356027483,False
nsl_kdd_v2,rf_5class_cw,7,dual_threshold_deferral,0.05,0.24095102909865151,0.4211430356027483,False
nsl_kdd_v2,rf_5class_cw,7,fixed_risk_crc,0.1,0.24095102909865151,0.4211430356027483,False
nsl_kdd_v2,rf_5class_cw,7,dual_threshold_deferral,0.1,0.24095102909865151,0.4211430356027483,False
nsl_kdd_v2,rf_5class_cw,7,fixed_risk_crc,0.2,0.24095102909865151,0.4211430356027483,False
nsl_kdd_v2,rf_5class_cw,7,dual_threshold_deferral,0.2,0.24095102909865151,0.4211430356027483,False
nsl_kdd_v2,rf_5class_cw,7,conformal_selection_fdr,0.05,0.5804648687012065,0.9328544659587757,False
nsl_kdd_v2,rf_5class_cw,7,conformal_selection_fdr,0.1,0.6066359119943222,0.9697064334790756,False
nsl_kdd_v2,rf_5class_cw,7,conformal_selection_fdr,0.2,0.6318310858765082,0.9845409119300437,False
nsl_kdd_v2,rf_5class_cw,8,fixed_risk_crc,0.05,0.24103974449964513,0.42075648640200064,False
nsl_kdd_v2,rf_5class_cw,8,dual_threshold_deferral,0.05,0.24103974449964513,0.42075648640200064,False
nsl_kdd_v2,rf_5class_cw,8,fixed_risk_crc,0.1,0.24103974449964513,0.42075648640200064,False
nsl_kdd_v2,rf_5class_cw,8,dual_threshold_deferral,0.1,0.24103974449964513,0.42075648640200064,False
nsl_kdd_v2,rf_5class_cw,8,fixed_risk_crc,0.2,0.24103974449964513,0.42075648640200064,False
nsl_kdd_v2,rf_5class_cw,8,dual_threshold_deferral,0.2,0.24103974449964513,0.42075648640200064,False
nsl_kdd_v2,rf_5class_cw,8,conformal_selection_fdr,0.05,0.5849893541518808,0.9423257267896218,False
nsl_kdd_v2,rf_5class_cw,8,conformal_selection_fdr,0.1,0.6143541518807665,0.9785870584557674,False
nsl_kdd_v2,rf_5class_cw,8,conformal_selection_fdr,0.2,0.6308552164655784,0.9845264145045327,False
nsl_kdd_v2,rf_5class_cw,9,fixed_risk_crc,0.05,0.24396735273243436,0.42582760774515926,False
nsl_kdd_v2,rf_5class_cw,9,dual_threshold_deferral,0.05,0.24396735273243436,0.42582760774515926,False
nsl_kdd_v2,rf_5class_cw,9,fixed_risk_crc,0.1,0.24396735273243436,0.42582760774515926,False
nsl_kdd_v2,rf_5class_cw,9,dual_threshold_deferral,0.1,0.24396735273243436,0.42582760774515926,False
nsl_kdd_v2,rf_5class_cw,9,fixed_risk_crc,0.2,0.24396735273243436,0.42582760774515926,False
nsl_kdd_v2,rf_5class_cw,9,dual_threshold_deferral,0.2,0.24396735273243436,0.42582760774515926,False
nsl_kdd_v2,rf_5class_cw,9,conformal_selection_fdr,0.05,0.5866749467707594,0.9425359150530919,False
nsl_kdd_v2,rf_5class_cw,9,conformal_selection_fdr,0.1,0.6154187366926899,0.9793878825733916,False
nsl_kdd_v2,rf_5class_cw,9,conformal_selection_fdr,0.2,0.6308552164655784,0.9851655215490318,False
nsl_kdd_v2,rf_5class_cw,10,fixed_risk_crc,0.05,0.23846699787083037,0.4158230805170534,False
nsl_kdd_v2,rf_5class_cw,10,dual_threshold_deferral,0.05,0.23846699787083037,0.4158230805170534,False
nsl_kdd_v2,rf_5class_cw,10,fixed_risk_crc,0.1,0.23846699787083037,0.4158230805170534,False
nsl_kdd_v2,rf_5class_cw,10,dual_threshold_deferral,0.1,0.23846699787083037,0.4158230805170534,False
nsl_kdd_v2,rf_5class_cw,10,fixed_risk_crc,0.2,0.23846699787083037,0.4158230805170534,False
nsl_kdd_v2,rf_5class_cw,10,dual_threshold_deferral,0.2,0.23846699787083037,0.4158230805170534,False
nsl_kdd_v2,rf_5class_cw,10,conformal_selection_fdr,0.05,0.5857877927608233,0.9417536209313191,False
nsl_kdd_v2,rf_5class_cw,10,conformal_selection_fdr,0.1,0.6145315826827538,0.9783522815760785,False
nsl_kdd_v2,rf_5class_cw,10,conformal_selection_fdr,0.2,0.6295244854506742,0.9834916679644915,False
nsl_kdd_v2,rf_5class_cw,11,fixed_risk_crc,0.05,0.24059616749467708,0.4225639416287463,False
nsl_kdd_v2,rf_5class_cw,11,dual_threshold_deferral,0.05,0.24059616749467708,0.4225639416287463,False
nsl_kdd_v2,rf_5class_cw,11,fixed_risk_crc,0.1,0.24059616749467708,0.4225639416287463,False
nsl_kdd_v2,rf_5class_cw,11,dual_threshold_deferral,0.1,0.24059616749467708,0.4225639416287463,False
nsl_kdd_v2,rf_5class_cw,11,fixed_risk_crc,0.2,0.24059616749467708,0.4225639416287463,False
nsl_kdd_v2,rf_5class_cw,11,dual_threshold_deferral,0.2,0.24059616749467708,0.4225639416287463,False
nsl_kdd_v2,rf_5class_cw,11,conformal_selection_fdr,0.05,0.5847232079489,0.945237721638161,False
nsl_kdd_v2,rf_5class_cw,11,conformal_selection_fdr,0.1,0.613999290276792,0.9810136513415973,False
nsl_kdd_v2,rf_5class_cw,11,conformal_selection_fdr,0.2,0.6290809084457062,0.9868193943197866,False
nsl_kdd_v2,rf_5class_cw,12,fixed_risk_crc,0.05,0.23882185947480483,0.41697877652933835,False
nsl_kdd_v2,rf_5class_cw,12,dual_threshold_deferral,0.05,0.23882185947480483,0.41697877652933835,False
nsl_kdd_v2,rf_5class_cw,12,fixed_risk_crc,0.1,0.23882185947480483,0.41697877652933835,False
nsl_kdd_v2,rf_5class_cw,12,dual_threshold_deferral,0.1,0.23882185947480483,0.41697877652933835,False
nsl_kdd_v2,rf_5class_cw,12,fixed_risk_crc,0.2,0.23882185947480483,0.41697877652933835,False
nsl_kdd_v2,rf_5class_cw,12,dual_threshold_deferral,0.2,0.23882185947480483,0.41697877652933835,False
nsl_kdd_v2,rf_5class_cw,12,conformal_selection_fdr,0.05,0.5804648687012065,0.9327403245942572,False
nsl_kdd_v2,rf_5class_cw,12,conformal_selection_fdr,0.1,0.6084102200141944,0.9709737827715356,False
nsl_kdd_v2,rf_5class_cw,12,conformal_selection_fdr,0.2,0.6349361249112846,0.9859550561797753,False
nsl_kdd_v2,rf_5class_cw,13,fixed_risk_crc,0.05,0.23899929027679206,0.4186737566468564,False
nsl_kdd_v2,rf_5class_cw,13,dual_threshold_deferral,0.05,0.23899929027679206,0.4186737566468564,False
nsl_kdd_v2,rf_5class_cw,13,fixed_risk_crc,0.1,0.23899929027679206,0.4186737566468564,False
nsl_kdd_v2,rf_5class_cw,13,dual_threshold_deferral,0.1,0.23899929027679206,0.4186737566468564,False
nsl_kdd_v2,rf_5class_cw,13,fixed_risk_crc,0.2,0.23899929027679206,0.4186737566468564,False
nsl_kdd_v2,rf_5class_cw,13,dual_threshold_deferral,0.2,0.23899929027679206,0.4186737566468564,False
nsl_kdd_v2,rf_5class_cw,13,conformal_selection_fdr,0.05,0.5848119233498935,0.940569283703472,False
nsl_kdd_v2,rf_5class_cw,13,conformal_selection_fdr,0.1,0.6061923349893541,0.9709102283390679,False
nsl_kdd_v2,rf_5class_cw,13,conformal_selection_fdr,0.2,0.6310326472675657,0.9867062871441977,False
nsl_kdd_v2,rf_5class_cw,14,fixed_risk_crc,0.05,0.24423349893541518,0.4249767008387698,False
nsl_kdd_v2,rf_5class_cw,14,dual_threshold_deferral,0.05,0.24423349893541518,0.4249767008387698,False
nsl_kdd_v2,rf_5class_cw,14,fixed_risk_crc,0.1,0.24423349893541518,0.4249767008387698,False
nsl_kdd_v2,rf_5class_cw,14,dual_threshold_deferral,0.1,0.24423349893541518,0.4249767008387698,False
nsl_kdd_v2,rf_5class_cw,14,fixed_risk_crc,0.2,0.24423349893541518,0.4249767008387698,False
nsl_kdd_v2,rf_5class_cw,14,dual_threshold_deferral,0.2,0.24423349893541518,0.4249767008387698,False
nsl_kdd_v2,rf_5class_cw,14,conformal_selection_fdr,0.05,0.5899574166075231,0.9426840633737186,False
nsl_kdd_v2,rf_5class_cw,14,conformal_selection_fdr,0.1,0.6203867991483322,0.9804287045666356,False
nsl_kdd_v2,rf_5class_cw,14,conformal_selection_fdr,0.2,0.6354684173172462,0.9858651755203479,False
nsl_kdd_v2,rf_5class_cw,15,fixed_risk_crc,0.05,0.24875798438608943,0.43145474305232107,False
nsl_kdd_v2,rf_5class_cw,15,dual_threshold_deferral,0.05,0.24875798438608943,0.43145474305232107,False
nsl_kdd_v2,rf_5class_cw,15,fixed_risk_crc,0.1,0.24237047551454932,0.4215183977643223,False
nsl_kdd_v2,rf_5class_cw,15,dual_threshold_deferral,0.1,0.24237047551454932,0.4215183977643223,False
nsl_kdd_v2,rf_5class_cw,15,fixed_risk_crc,0.2,0.24237047551454932,0.4215183977643223,False
nsl_kdd_v2,rf_5class_cw,15,dual_threshold_deferral,0.2,0.24237047551454932,0.4215183977643223,False
nsl_kdd_v2,rf_5class_cw,15,conformal_selection_fdr,0.05,0.5896912704045423,0.9403819282720075,False
nsl_kdd_v2,rf_5class_cw,15,conformal_selection_fdr,0.1,0.6189673527324343,0.9771774569166278,False
nsl_kdd_v2,rf_5class_cw,15,conformal_selection_fdr,0.2,0.6330731014904187,0.9832324173265021,False
nsl_kdd_v2,rf_5class_cw,16,fixed_risk_crc,0.05,0.23873314407381122,0.41601623477989386,False
nsl_kdd_v2,rf_5class_cw,16,dual_threshold_deferral,0.05,0.23873314407381122,0.41601623477989386,False
nsl_kdd_v2,rf_5class_cw,16,fixed_risk_crc,0.1,0.23873314407381122,0.41601623477989386,False
nsl_kdd_v2,rf_5class_cw,16,dual_threshold_deferral,0.1,0.23873314407381122,0.41601623477989386,False
nsl_kdd_v2,rf_5class_cw,16,fixed_risk_crc,0.2,0.23873314407381122,0.41601623477989386,False
nsl_kdd_v2,rf_5class_cw,16,dual_threshold_deferral,0.2,0.23873314407381122,0.41601623477989386,False
nsl_kdd_v2,rf_5class_cw,16,conformal_selection_fdr,0.05,0.5846344925479063,0.9388073680924134,False
nsl_kdd_v2,rf_5class_cw,16,conformal_selection_fdr,0.1,0.6147090134847409,0.977677177645957,False
nsl_kdd_v2,rf_5class_cw,16,conformal_selection_fdr,0.2,0.6304116394606104,0.9843896347174523,False
nsl_kdd_v2,rf_5class_cw,17,fixed_risk_crc,0.05,0.2429914833215046,0.42361761949390814,False
nsl_kdd_v2,rf_5class_cw,17,dual_threshold_deferral,0.05,0.2429914833215046,0.42361761949390814,False
nsl_kdd_v2,rf_5class_cw,17,fixed_risk_crc,0.1,0.2429914833215046,0.42361761949390814,False
nsl_kdd_v2,rf_5class_cw,17,dual_threshold_deferral,0.1,0.2429914833215046,0.42361761949390814,False
nsl_kdd_v2,rf_5class_cw,17,fixed_risk_crc,0.2,0.2429914833215046,0.42361761949390814,False
nsl_kdd_v2,rf_5class_cw,17,dual_threshold_deferral,0.2,0.2429914833215046,0.42361761949390814,False
nsl_kdd_v2,rf_5class_cw,17,conformal_selection_fdr,0.05,0.587473385379702,0.9429865666979069,False
nsl_kdd_v2,rf_5class_cw,17,conformal_selection_fdr,0.1,0.6176366217175302,0.9810996563573883,False
nsl_kdd_v2,rf_5class_cw,17,conformal_selection_fdr,0.2,0.634403832505323,0.9867228990940331,False
nsl_kdd_v2,rf_5class_cw,18,fixed_risk_crc,0.05,0.23891057487579845,0.41719894064496027,False
nsl_kdd_v2,rf_5class_cw,18,dual_threshold_deferral,0.05,0.23891057487579845,0.41719894064496027,False
nsl_kdd_v2,rf_5class_cw,18,fixed_risk_crc,0.1,0.23891057487579845,0.41719894064496027,False
nsl_kdd_v2,rf_5class_cw,18,dual_threshold_deferral,0.1,0.23891057487579845,0.41719894064496027,False
nsl_kdd_v2,rf_5class_cw,18,fixed_risk_crc,0.2,0.23891057487579845,0.41719894064496027,False
nsl_kdd_v2,rf_5class_cw,18,dual_threshold_deferral,0.2,0.23891057487579845,0.41719894064496027,False
nsl_kdd_v2,rf_5class_cw,18,conformal_selection_fdr,0.05,0.5790454222853088,0.9292724723477177,False
nsl_kdd_v2,rf_5class_cw,18,conformal_selection_fdr,0.1,0.6077892122072391,0.9691540738432778,False
nsl_kdd_v2,rf_5class_cw,18,conformal_selection_fdr,0.2,0.6330731014904187,0.9837980993924287,False
nsl_kdd_v2,rf_5class_cw,19,fixed_risk_crc,0.05,0.24015259048970902,0.41962193407280113,False
nsl_kdd_v2,rf_5class_cw,19,dual_threshold_deferral,0.05,0.24015259048970902,0.41962193407280113,False
nsl_kdd_v2,rf_5class_cw,19,fixed_risk_crc,0.1,0.24015259048970902,0.41962193407280113,False
nsl_kdd_v2,rf_5class_cw,19,dual_threshold_deferral,0.1,0.24015259048970902,0.41962193407280113,False
nsl_kdd_v2,rf_5class_cw,19,fixed_risk_crc,0.2,0.24015259048970902,0.41962193407280113,False
nsl_kdd_v2,rf_5class_cw,19,dual_threshold_deferral,0.2,0.24015259048970902,0.41962193407280113,False
nsl_kdd_v2,rf_5class_cw,19,conformal_selection_fdr,0.05,0.5853442157558553,0.9379784408686143,False
nsl_kdd_v2,rf_5class_cw,19,conformal_selection_fdr,0.1,0.6161284599006388,0.9770348383065146,False
nsl_kdd_v2,rf_5class_cw,19,conformal_selection_fdr,0.2,0.6305890702625976,0.9828151851273239,False
nsl_kdd_v2,xgb_5class_cw,0,fixed_risk_crc,0.05,0.28894606103619586,0.4960112623181605,False
nsl_kdd_v2,xgb_5class_cw,0,dual_threshold_deferral,0.05,0.2890347764371895,0.4961676834037228,False
nsl_kdd_v2,xgb_5class_cw,0,fixed_risk_crc,0.1,0.2739531582682754,0.4703582042859377,False
nsl_kdd_v2,xgb_5class_cw,0,dual_threshold_deferral,0.1,0.2747515968772179,0.4717659940559987,False
nsl_kdd_v2,xgb_5class_cw,0,fixed_risk_crc,0.2,0.21220723917672107,0.36524323478804943,False
nsl_kdd_v2,xgb_5class_cw,0,dual_threshold_deferral,0.2,0.2122959545777147,0.3653996558736118,False
nsl_kdd_v2,xgb_5class_cw,0,conformal_selection_fdr,0.05,0.5335344215755855,0.8778351321758173,False
nsl_kdd_v2,xgb_5class_cw,0,conformal_selection_fdr,0.1,0.5619233498935415,0.9017675582668544,False
nsl_kdd_v2,xgb_5class_cw,0,conformal_selection_fdr,0.2,0.5889815471965933,0.9302361958391991,False
nsl_kdd_v2,xgb_5class_cw,1,fixed_risk_crc,0.05,0.29205110007097235,0.4958230198019802,False
nsl_kdd_v2,xgb_5class_cw,1,dual_threshold_deferral,0.05,0.2924946770759404,0.4964418316831683,False
nsl_kdd_v2,xgb_5class_cw,1,fixed_risk_crc,0.1,0.27732434350603263,0.4712252475247525,False
nsl_kdd_v2,xgb_5class_cw,1,dual_threshold_deferral,0.1,0.27732434350603263,0.4712252475247525,False
nsl_kdd_v2,xgb_5class_cw,1,fixed_risk_crc,0.2,0.21336053938963803,0.36324257425742573,False
nsl_kdd_v2,xgb_5class_cw,1,dual_threshold_deferral,0.2,0.21336053938963803,0.36324257425742573,False
nsl_kdd_v2,xgb_5class_cw,1,conformal_selection_fdr,0.05,0.5361071682044003,0.8757735148514851,False
nsl_kdd_v2,xgb_5class_cw,1,conformal_selection_fdr,0.1,0.5658268275372604,0.9023824257425742,False
nsl_kdd_v2,xgb_5class_cw,1,conformal_selection_fdr,0.2,0.591820440028389,0.9299195544554455,False
nsl_kdd_v2,xgb_5class_cw,2,fixed_risk_crc,0.05,0.2916962384669979,0.4958100558659218,False
nsl_kdd_v2,xgb_5class_cw,2,dual_threshold_deferral,0.05,0.2916962384669979,0.4958100558659218,False
nsl_kdd_v2,xgb_5class_cw,2,fixed_risk_crc,0.1,0.27750177430801987,0.4712911235257604,False
nsl_kdd_v2,xgb_5class_cw,2,dual_threshold_deferral,0.1,0.27750177430801987,0.4712911235257604,False
nsl_kdd_v2,xgb_5class_cw,2,fixed_risk_crc,0.2,0.20910220014194464,0.35567970204841715,False
nsl_kdd_v2,xgb_5class_cw,2,dual_threshold_deferral,0.2,0.20910220014194464,0.35567970204841715,False
nsl_kdd_v2,xgb_5class_cw,2,conformal_selection_fdr,0.05,0.5369056068133428,0.8756983240223464,False
nsl_kdd_v2,xgb_5class_cw,2,conformal_selection_fdr,0.1,0.5656493967352733,0.9008379888268156,False
nsl_kdd_v2,xgb_5class_cw,2,conformal_selection_fdr,0.2,0.5924414478353442,0.9284605834885165,False
nsl_kdd_v2,xgb_5class_cw,3,fixed_risk_crc,0.05,0.29941447835344215,0.503531941031941,False
nsl_kdd_v2,xgb_5class_cw,3,dual_threshold_deferral,0.05,0.29941447835344215,0.503531941031941,False
nsl_kdd_v2,xgb_5class_cw,3,fixed_risk_crc,0.1,0.284332860184528,0.4780405405405405,False
nsl_kdd_v2,xgb_5class_cw,3,dual_threshold_deferral,0.1,0.284332860184528,0.4780405405405405,False
nsl_kdd_v2,xgb_5class_cw,3,fixed_risk_crc,0.2,0.21744144783534422,0.3664004914004914,False
nsl_kdd_v2,xgb_5class_cw,3,dual_threshold_deferral,0.2,0.21744144783534422,0.3664004914004914,False
nsl_kdd_v2,xgb_5class_cw,3,conformal_selection_fdr,0.05,0.5443577004968062,0.8854422604422605,False
nsl_kdd_v2,xgb_5class_cw,3,conformal_selection_fdr,0.1,0.5689318665720369,0.9052518427518428,False
nsl_kdd_v2,xgb_5class_cw,3,conformal_selection_fdr,0.2,0.5957239176721079,0.9332002457002457,False
nsl_kdd_v2,xgb_5class_cw,4,fixed_risk_crc,0.05,0.2912526614620298,0.5016543248778951,False
nsl_kdd_v2,xgb_5class_cw,4,dual_threshold_deferral,0.05,0.2912526614620298,0.5016543248778951,False
nsl_kdd_v2,xgb_5class_cw,4,fixed_risk_crc,0.1,0.27634847409510294,0.47597290058295255,False
nsl_kdd_v2,xgb_5class_cw,4,dual_threshold_deferral,0.1,0.2765259048970901,0.476288010083504,False
nsl_kdd_v2,xgb_5class_cw,4,fixed_risk_crc,0.2,0.2066181689141235,0.35638884512368046,False
nsl_kdd_v2,xgb_5class_cw,4,dual_threshold_deferral,0.2,0.20715046132008516,0.3573341736253348,False
nsl_kdd_v2,xgb_5class_cw,4,conformal_selection_fdr,0.05,0.5299858055358411,0.8736410902788719,False
nsl_kdd_v2,xgb_5class_cw,4,conformal_selection_fdr,0.1,0.5573101490418737,0.8988498503229873,False
nsl_kdd_v2,xgb_5class_cw,4,conformal_selection_fdr,0.2,0.584457061745919,0.9272097053726169,False
nsl_kdd_v2,xgb_5class_cw,5,fixed_risk_crc,0.05,0.2975514549325763,0.5025545750116117,False
nsl_kdd_v2,xgb_5class_cw,5,dual_threshold_deferral,0.05,0.29764017033356993,0.5027093977395882,False
nsl_kdd_v2,xgb_5class_cw,5,fixed_risk_crc,0.1,0.2823811213626686,0.4766991794395417,False
nsl_kdd_v2,xgb_5class_cw,5,dual_threshold_deferral,0.1,0.2823811213626686,0.4766991794395417,False
nsl_kdd_v2,xgb_5class_cw,5,fixed_risk_crc,0.2,0.21327182398864442,0.36135624709707387,False
nsl_kdd_v2,xgb_5class_cw,5,dual_threshold_deferral,0.2,0.21327182398864442,0.36135624709707387,False
nsl_kdd_v2,xgb_5class_cw,5,conformal_selection_fdr,0.05,0.535486160397445,0.8745935903390618,False
nsl_kdd_v2,xgb_5class_cw,5,conformal_selection_fdr,0.1,0.5652058197303051,0.9016875677349435,False
nsl_kdd_v2,xgb_5class_cw,5,conformal_selection_fdr,0.2,0.5927075940383251,0.9307942405945193,False
nsl_kdd_v2,xgb_5class_cw,6,fixed_risk_crc,0.05,0.2955110007097232,0.505874980416732,False
nsl_kdd_v2,xgb_5class_cw,6,dual_threshold_deferral,0.05,0.29559971611071684,0.5060316465611782,False
nsl_kdd_v2,xgb_5class_cw,6,fixed_risk_crc,0.1,0.2803406671398155,0.47971173429421904,False
nsl_kdd_v2,xgb_5class_cw,6,dual_threshold_deferral,0.1,0.2803406671398155,0.47971173429421904,False
nsl_kdd_v2,xgb_5class_cw,6,fixed_risk_crc,0.2,0.2116749467707594,0.3634654551151496,False
nsl_kdd_v2,xgb_5class_cw,6,dual_threshold_deferral,0.2,0.2116749467707594,0.3634654551151496,False
nsl_kdd_v2,xgb_5class_cw,6,conformal_selection_fdr,0.05,0.5314052519517388,0.8763904120319599,False
nsl_kdd_v2,xgb_5class_cw,6,conformal_selection_fdr,0.1,0.5590844570617459,0.8989503368322106,False
nsl_kdd_v2,xgb_5class_cw,6,conformal_selection_fdr,0.2,0.5877395315826828,0.9279335735547548,False
nsl_kdd_v2,xgb_5class_cw,7,fixed_risk_crc,0.05,0.2947125621007807,0.5026545908806995,False
nsl_kdd_v2,xgb_5class_cw,7,dual_threshold_deferral,0.05,0.29506742370475514,0.5032792004996877,False
nsl_kdd_v2,xgb_5class_cw,7,fixed_risk_crc,0.1,0.28078424414478353,0.4787632729544035,False
nsl_kdd_v2,xgb_5class_cw,7,dual_threshold_deferral,0.1,0.28078424414478353,0.4787632729544035,False
nsl_kdd_v2,xgb_5class_cw,7,fixed_risk_crc,0.2,0.21398154719659332,0.36570893191755155,False
nsl_kdd_v2,xgb_5class_cw,7,dual_threshold_deferral,0.2,0.21398154719659332,0.36570893191755155,False
nsl_kdd_v2,xgb_5class_cw,7,conformal_selection_fdr,0.05,0.5348651525904897,0.8778888194878202,False
nsl_kdd_v2,xgb_5class_cw,7,conformal_selection_fdr,0.1,0.5620120652945352,0.9013116801998751,False
nsl_kdd_v2,xgb_5class_cw,7,conformal_selection_fdr,0.2,0.5893364088005678,0.9286383510306059,False
nsl_kdd_v2,xgb_5class_cw,8,fixed_risk_crc,0.05,0.2934705464868701,0.5014066895904971,False
nsl_kdd_v2,xgb_5class_cw,8,dual_threshold_deferral,0.05,0.2934705464868701,0.5014066895904971,False
nsl_kdd_v2,xgb_5class_cw,8,fixed_risk_crc,0.1,0.27865507452093685,0.4759299781181619,False
nsl_kdd_v2,xgb_5class_cw,8,dual_threshold_deferral,0.1,0.2788325053229241,0.47624257580493906,False
nsl_kdd_v2,xgb_5class_cw,8,fixed_risk_crc,0.2,0.21202980837473384,0.36323851203501095,False
nsl_kdd_v2,xgb_5class_cw,8,dual_threshold_deferral,0.2,0.21202980837473384,0.36323851203501095,False
nsl_kdd_v2,xgb_5class_cw,8,conformal_selection_fdr,0.05,0.5282114975159687,0.8702719599874961,False
nsl_kdd_v2,xgb_5class_cw,8,conformal_selection_fdr,0.1,0.5601490418736693,0.899030947170991,False
nsl_kdd_v2,xgb_5class_cw,8,conformal_selection_fdr,0.2,0.5872959545777147,0.9263832447639887,False
nsl_kdd_v2,xgb_5class_cw,9,fixed_risk_crc,0.05,0.29559971611071684,0.5045284197376639,False
nsl_kdd_v2,xgb_5class_cw,9,dual_threshold_deferral,0.05,0.29577714691270407,0.504840724547158,False
nsl_kdd_v2,xgb_5class_cw,9,fixed_risk_crc,0.1,0.28069552874378995,0.4795440349781387,False
nsl_kdd_v2,xgb_5class_cw,9,dual_threshold_deferral,0.1,0.28069552874378995,0.4795440349781387,False
nsl_kdd_v2,xgb_5class_cw,9,fixed_risk_crc,0.2,0.20972320794889993,0.35821361648969396,False
nsl_kdd_v2,xgb_5class_cw,9,dual_threshold_deferral,0.2,0.2102555003548616,0.3591505309181761,False
nsl_kdd_v2,xgb_5class_cw,9,conformal_selection_fdr,0.05,0.5401880766501065,0.881792629606496,False
nsl_kdd_v2,xgb_5class_cw,9,conformal_selection_fdr,0.1,0.5633427963094393,0.9041224234853217,False
nsl_kdd_v2,xgb_5class_cw,9,conformal_selection_fdr,0.2,0.5896025550035486,0.929419113054341,False
nsl_kdd_v2,xgb_5class_cw,10,fixed_risk_crc,0.05,0.2872604684173172,0.4897990967139075,False
nsl_kdd_v2,xgb_5class_cw,10,dual_threshold_deferral,0.05,0.2872604684173172,0.4897990967139075,False
nsl_kdd_v2,xgb_5class_cw,10,fixed_risk_crc,0.1,0.27226756564939675,0.46472512069771066,False
nsl_kdd_v2,xgb_5class_cw,10,dual_threshold_deferral,0.1,0.272444996451384,0.4650365986606448,False
nsl_kdd_v2,xgb_5class_cw,10,fixed_risk_crc,0.2,0.20679559971611072,0.35290453200436067,False
nsl_kdd_v2,xgb_5class_cw,10,dual_threshold_deferral,0.2,0.20679559971611072,0.35290453200436067,False
nsl_kdd_v2,xgb_5class_cw,10,conformal_selection_fdr,0.05,0.5322036905606813,0.8741629029746145,False
nsl_kdd_v2,xgb_5class_cw,10,conformal_selection_fdr,0.1,0.5598828956706884,0.8992368789908114,False
nsl_kdd_v2,xgb_5class_cw,10,conformal_selection_fdr,0.2,0.5862313697657914,0.926179722784613,False
nsl_kdd_v2,xgb_5class_cw,11,fixed_risk_crc,0.05,0.2895670688431512,0.4964694806213714,False
nsl_kdd_v2,xgb_5class_cw,11,dual_threshold_deferral,0.05,0.2896557842441448,0.4966263925937549,False
nsl_kdd_v2,xgb_5class_cw,11,fixed_risk_crc,0.1,0.27670333569907735,0.4746587164600659,False
nsl_kdd_v2,xgb_5class_cw,11,dual_threshold_deferral,0.1,0.27723562810503904,0.47560018829436684,False
nsl_kdd_v2,xgb_5class_cw,11,fixed_risk_crc,0.2,0.21061036195883606,0.3624666562058685,False
nsl_kdd_v2,xgb_5class_cw,11,dual_threshold_deferral,0.2,0.21061036195883606,0.3624666562058685,False
nsl_kdd_v2,xgb_5class_cw,11,conformal_selection_fdr,0.05,0.5329134137686302,0.8787070453475601,False
nsl_kdd_v2,xgb_5class_cw,11,conformal_selection_fdr,0.1,0.5594393186657204,0.9024007531774675,False
nsl_kdd_v2,xgb_5class_cw,11,conformal_selection_fdr,0.2,0.5876508161816891,0.9301741722893456,False
nsl_kdd_v2,xgb_5class_cw,12,fixed_risk_crc,0.05,0.2922285308729595,0.4984394506866417,False
nsl_kdd_v2,xgb_5class_cw,12,dual_threshold_deferral,0.05,0.29231724627395317,0.49859550561797755,False
nsl_kdd_v2,xgb_5class_cw,12,fixed_risk_crc,0.1,0.27723562810503904,0.4731585518102372,False
nsl_kdd_v2,xgb_5class_cw,12,dual_threshold_deferral,0.1,0.27723562810503904,0.4731585518102372,False
nsl_kdd_v2,xgb_5class_cw,12,fixed_risk_crc,0.2,0.21069907735982968,0.36064294631710364,False
nsl_kdd_v2,xgb_5class_cw,12,dual_threshold_deferral,0.2,0.21069907735982968,0.36064294631710364,False
nsl_kdd_v2,xgb_5class_cw,12,conformal_selection_fdr,0.05,0.5309616749467707,0.8723470661672909,False
nsl_kdd_v2,xgb_5class_cw,12,conformal_selection_fdr,0.1,0.5616572036905607,0.8993445692883895,False
nsl_kdd_v2,xgb_5class_cw,12,conformal_selection_fdr,0.2,0.5896025550035486,0.9285268414481898,False
nsl_kdd_v2,xgb_5class_cw,13,fixed_risk_crc,0.05,0.2922285308729595,0.49921801689083517,False
nsl_kdd_v2,xgb_5class_cw,13,dual_threshold_deferral,0.05,0.2922285308729595,0.49921801689083517,False
nsl_kdd_v2,xgb_5class_cw,13,fixed_risk_crc,0.1,0.27963094393186655,0.4776352830778855,False
nsl_kdd_v2,xgb_5class_cw,13,dual_threshold_deferral,0.1,0.27963094393186655,0.4776352830778855,False
nsl_kdd_v2,xgb_5class_cw,13,fixed_risk_crc,0.2,0.2137154009936125,0.3656553018454801,False
nsl_kdd_v2,xgb_5class_cw,13,dual_threshold_deferral,0.2,0.2137154009936125,0.3656553018454801,False
nsl_kdd_v2,xgb_5class_cw,13,conformal_selection_fdr,0.05,0.5393009226401704,0.8814513606506099,False
nsl_kdd_v2,xgb_5class_cw,13,conformal_selection_fdr,0.1,0.5637863733144074,0.9047544573037223,False
nsl_kdd_v2,xgb_5class_cw,13,conformal_selection_fdr,0.2,0.5894251242015613,0.9304035032843291,False
nsl_kdd_v2,xgb_5class_cw,14,fixed_risk_crc,0.05,0.29648687012065295,0.5043491767629699,False
nsl_kdd_v2,xgb_5class_cw,14,dual_threshold_deferral,0.05,0.29657558552164653,0.5045045045045045,False
nsl_kdd_v2,xgb_5class_cw,14,fixed_risk_crc,0.1,0.2814939673527324,0.4790307548928239,False
nsl_kdd_v2,xgb_5class_cw,14,dual_threshold_deferral,0.1,0.2814939673527324,0.4790307548928239,False
nsl_kdd_v2,xgb_5class_cw,14,fixed_risk_crc,0.2,0.21415897799858055,0.3650201926063995,False
nsl_kdd_v2,xgb_5class_cw,14,dual_threshold_deferral,0.2,0.21415897799858055,0.3650201926063995,False
nsl_kdd_v2,xgb_5class_cw,14,conformal_selection_fdr,0.05,0.5443577004968062,0.8819509164336751,False
nsl_kdd_v2,xgb_5class_cw,14,conformal_selection_fdr,0.1,0.5648509581263307,0.9029201615408512,False
nsl_kdd_v2,xgb_5class_cw,14,conformal_selection_fdr,0.2,0.5899574166075231,0.9273066169617894,False
nsl_kdd_v2,xgb_5class_cw,15,fixed_risk_crc,0.05,0.2974627395315827,0.5064430988976867,False
nsl_kdd_v2,xgb_5class_cw,15,dual_threshold_deferral,0.05,0.2974627395315827,0.5064430988976867,False
nsl_kdd_v2,xgb_5class_cw,15,fixed_risk_crc,0.1,0.2826472675656494,0.4812917248874398,False
nsl_kdd_v2,xgb_5class_cw,15,dual_threshold_deferral,0.1,0.28282469836763663,0.4816022356776898,False
nsl_kdd_v2,xgb_5class_cw,15,fixed_risk_crc,0.2,0.2130056777856636,0.3631423691973296,False
nsl_kdd_v2,xgb_5class_cw,15,dual_threshold_deferral,0.2,0.2130056777856636,0.3631423691973296,False
nsl_kdd_v2,xgb_5class_cw,15,conformal_selection_fdr,0.05,0.5369943222143364,0.8747088961341407,False
nsl_kdd_v2,xgb_5class_cw,15,conformal_selection_fdr,0.1,0.5676011355571328,0.9014128240956373,False
nsl_kdd_v2,xgb_5class_cw,15,conformal_selection_fdr,0.2,0.5933286018452804,0.9290482844278839,False
nsl_kdd_v2,xgb_5class_cw,16,fixed_risk_crc,0.05,0.2891234918381831,0.4925070246643771,False
nsl_kdd_v2,xgb_5class_cw,16,dual_threshold_deferral,0.05,0.2891234918381831,0.4925070246643771,False
nsl_kdd_v2,xgb_5class_cw,16,fixed_risk_crc,0.1,0.2748403122782115,0.46815485482360286,False
nsl_kdd_v2,xgb_5class_cw,16,dual_threshold_deferral,0.1,0.2750177430801987,0.4684670621292538,False
nsl_kdd_v2,xgb_5class_cw,16,fixed_risk_crc,0.2,0.2087473385379702,0.356072432094911,False
nsl_kdd_v2,xgb_5class_cw,16,dual_threshold_deferral,0.2,0.20883605393896382,0.356072432094911,False
nsl_kdd_v2,xgb_5class_cw,16,conformal_selection_fdr,0.05,0.5282114975159687,0.8676241024039962,False
nsl_kdd_v2,xgb_5class_cw,16,conformal_selection_fdr,0.1,0.5587295954577715,0.8955666562597565,False
nsl_kdd_v2,xgb_5class_cw,16,conformal_selection_fdr,0.2,0.5862313697657914,0.924914142990946,False
nsl_kdd_v2,xgb_5class_cw,17,fixed_risk_crc,0.05,0.29178495386799147,0.4967197750702905,False
nsl_kdd_v2,xgb_5class_cw,17,dual_threshold_deferral,0.05,0.2918736692689851,0.4968759762574196,False
nsl_kdd_v2,xgb_5class_cw,17,fixed_risk_crc,0.1,0.2790986515259049,0.47485160887222744,False
nsl_kdd_v2,xgb_5class_cw,17,dual_threshold_deferral,0.1,0.2790986515259049,0.47485160887222744,False
nsl_kdd_v2,xgb_5class_cw,17,fixed_risk_crc,0.2,0.21185237757274664,0.3611371446422993,False
nsl_kdd_v2,xgb_5class_cw,17,dual_threshold_deferral,0.2,0.21185237757274664,0.3611371446422993,False
nsl_kdd_v2,xgb_5class_cw,17,conformal_selection_fdr,0.05,0.5380589070262598,0.8784754764136208,False
nsl_kdd_v2,xgb_5class_cw,17,conformal_selection_fdr,0.1,0.5632540809084458,0.901124648547329,False
nsl_kdd_v2,xgb_5class_cw,17,conformal_selection_fdr,0.2,0.59111071682044,0.9283036551077788,False
nsl_kdd_v2,xgb_5class_cw,18,fixed_risk_crc,0.05,0.29098651525904895,0.49914316871786885,False
nsl_kdd_v2,xgb_5class_cw,18,dual_threshold_deferral,0.05,0.2911639460610362,0.4994547437295529,False
nsl_kdd_v2,xgb_5class_cw,18,fixed_risk_crc,0.1,0.2771469127040454,0.47530768032403803,False
nsl_kdd_v2,xgb_5class_cw,18,dual_threshold_deferral,0.1,0.2771469127040454,0.47530768032403803,False
nsl_kdd_v2,xgb_5class_cw,18,fixed_risk_crc,0.2,0.20919091554293825,0.3594017759775666,False
nsl_kdd_v2,xgb_5class_cw,18,dual_threshold_deferral,0.2,0.20919091554293825,0.3594017759775666,False
nsl_kdd_v2,xgb_5class_cw,18,conformal_selection_fdr,0.05,0.5237757274662882,0.8629069948590123,False
nsl_kdd_v2,xgb_5class_cw,18,conformal_selection_fdr,0.1,0.5581085876508162,0.8946876460507868,False
nsl_kdd_v2,xgb_5class_cw,18,conformal_selection_fdr,0.2,0.5880943931866572,0.9253777847016669,False
nsl_kdd_v2,xgb_5class_cw,19,fixed_risk_crc,0.05,0.2931156848828957,0.4994532104358694,False
nsl_kdd_v2,xgb_5class_cw,19,dual_threshold_deferral,0.05,0.2931156848828957,0.4994532104358694,False
nsl_kdd_v2,xgb_5class_cw,19,fixed_risk_crc,0.1,0.2775904897090135,0.472582408998594,False
nsl_kdd_v2,xgb_5class_cw,19,dual_threshold_deferral,0.1,0.2775904897090135,0.472582408998594,False
nsl_kdd_v2,xgb_5class_cw,19,fixed_risk_crc,0.2,0.21273953158268274,0.36275581940321827,False
nsl_kdd_v2,xgb_5class_cw,19,dual_threshold_deferral,0.2,0.21273953158268274,0.36275581940321827,False
nsl_kdd_v2,xgb_5class_cw,19,conformal_selection_fdr,0.05,0.5340667139815471,0.8737697234807061,False
nsl_kdd_v2,xgb_5class_cw,19,conformal_selection_fdr,0.1,0.5620120652945352,0.8978284643024528,False
nsl_kdd_v2,xgb_5class_cw,19,conformal_selection_fdr,0.2,0.5882718239886444,0.9242305889704734,False
nsl_kdd_v2,dnn_5class_cw,0,fixed_risk_crc,0.05,0.2978176011355571,0.5136868449867042,False
nsl_kdd_v2,dnn_5class_cw,0,dual_threshold_deferral,0.05,0.29799503193754434,0.5138432660722665,False
nsl_kdd_v2,dnn_5class_cw,0,fixed_risk_crc,0.1,0.28424414478353444,0.4947598936336618,False
nsl_kdd_v2,dnn_5class_cw,0,dual_threshold_deferral,0.1,0.28424414478353444,0.4947598936336618,False
nsl_kdd_v2,dnn_5class_cw,0,fixed_risk_crc,0.2,0.24334634492547907,0.4239011418739246,False
nsl_kdd_v2,dnn_5class_cw,0,dual_threshold_deferral,0.2,0.24334634492547907,0.4239011418739246,False
nsl_kdd_v2,dnn_5class_cw,0,conformal_selection_fdr,0.05,0.4324875798438609,0.7200062568434225,False
nsl_kdd_v2,dnn_5class_cw,0,conformal_selection_fdr,0.1,0.45209368346344925,0.7406538401376506,False
nsl_kdd_v2,dnn_5class_cw,0,conformal_selection_fdr,0.2,0.49316891412349184,0.799937431565775,False
nsl_kdd_v2,dnn_5class_cw,1,fixed_risk_crc,0.05,0.3011887863733144,0.5133044554455446,False
nsl_kdd_v2,dnn_5class_cw,1,dual_threshold_deferral,0.05,0.3011887863733144,0.5133044554455446,False
nsl_kdd_v2,dnn_5class_cw,1,fixed_risk_crc,0.1,0.2867281760113556,0.49241955445544555,False
nsl_kdd_v2,dnn_5class_cw,1,dual_threshold_deferral,0.1,0.2869056068133428,0.4927289603960396,False
nsl_kdd_v2,dnn_5class_cw,1,fixed_risk_crc,0.2,0.24689496096522356,0.4248143564356436,False
nsl_kdd_v2,dnn_5class_cw,1,dual_threshold_deferral,0.2,0.247249822569198,0.4254331683168317,False
nsl_kdd_v2,dnn_5class_cw,1,conformal_selection_fdr,0.05,0.43346344925479063,0.7145730198019802,False
nsl_kdd_v2,dnn_5class_cw,1,conformal_selection_fdr,0.1,0.4572391767210788,0.7422648514851485,False
nsl_kdd_v2,dnn_5class_cw,1,conformal_selection_fdr,0.2,0.49831440738112137,0.7998143564356436,False
nsl_kdd_v2,dnn_5class_cw,2,fixed_risk_crc,0.05,0.30083392476933996,0.5142768466790814,False
nsl_kdd_v2,dnn_5class_cw,2,dual_threshold_deferral,0.05,0.3010113555713272,0.5145872129112352,False
nsl_kdd_v2,dnn_5class_cw,2,fixed_risk_crc,0.1,0.2861958836053939,0.49394785847299816,False
nsl_kdd_v2,dnn_5class_cw,2,dual_threshold_deferral,0.1,0.2861958836053939,0.49394785847299816,False
nsl_kdd_v2,dnn_5class_cw,2,fixed_risk_crc,0.2,0.24467707594038324,0.4236499068901304,False
nsl_kdd_v2,dnn_5class_cw,2,dual_threshold_deferral,0.2,0.24467707594038324,0.4236499068901304,False
nsl_kdd_v2,dnn_5class_cw,2,conformal_selection_fdr,0.05,0.4382540809084457,0.7202048417132216,False
nsl_kdd_v2,dnn_5class_cw,2,conformal_selection_fdr,0.1,0.46140880056777855,0.7468963376784605,False
nsl_kdd_v2,dnn_5class_cw,2,conformal_selection_fdr,0.2,0.5021291696238467,0.8019863438857853,False
nsl_kdd_v2,dnn_5class_cw,3,fixed_risk_crc,0.05,0.3094393186657204,0.5224201474201474,False
nsl_kdd_v2,dnn_5class_cw,3,dual_threshold_deferral,0.05,0.3094393186657204,0.5224201474201474,False
nsl_kdd_v2,dnn_5class_cw,3,fixed_risk_crc,0.1,0.2934705464868701,0.500460687960688,False
nsl_kdd_v2,dnn_5class_cw,3,dual_threshold_deferral,0.1,0.29355926188786374,0.5006142506142506,False
nsl_kdd_v2,dnn_5class_cw,3,fixed_risk_crc,0.2,0.2534599006387509,0.4332002457002457,False
nsl_kdd_v2,dnn_5class_cw,3,dual_threshold_deferral,0.2,0.2534599006387509,0.4332002457002457,False
nsl_kdd_v2,dnn_5class_cw,3,conformal_selection_fdr,0.05,0.43639105748757984,0.7189803439803439,False
nsl_kdd_v2,dnn_5class_cw,3,conformal_selection_fdr,0.1,0.46132008516678497,0.7483108108108109,False
nsl_kdd_v2,dnn_5class_cw,3,conformal_selection_fdr,0.2,0.5048793470546487,0.808968058968059,False
nsl_kdd_v2,dnn_5class_cw,4,fixed_risk_crc,0.05,0.2995919091554294,0.5205608949109816,False
nsl_kdd_v2,dnn_5class_cw,4,dual_threshold_deferral,0.05,0.2995919091554294,0.5205608949109816,False
nsl_kdd_v2,dnn_5class_cw,4,fixed_risk_crc,0.1,0.282735982966643,0.49613990861824486,False
nsl_kdd_v2,dnn_5class_cw,4,dual_threshold_deferral,0.1,0.282735982966643,0.49613990861824486,False
nsl_kdd_v2,dnn_5class_cw,4,fixed_risk_crc,0.2,0.24352377572746628,0.42807625649913345,False
nsl_kdd_v2,dnn_5class_cw,4,dual_threshold_deferral,0.2,0.24352377572746628,0.42807625649913345,False
nsl_kdd_v2,dnn_5class_cw,4,conformal_selection_fdr,0.05,0.42849538679914834,0.7171892232550812,False
nsl_kdd_v2,dnn_5class_cw,4,conformal_selection_fdr,0.1,0.44943222143364087,0.7400346620450606,False
nsl_kdd_v2,dnn_5class_cw,4,conformal_selection_fdr,0.2,0.49698367636621715,0.8040018906570033,False
nsl_kdd_v2,dnn_5class_cw,5,fixed_risk_crc,0.05,0.30793115684882894,0.5237652887443877,False
nsl_kdd_v2,dnn_5class_cw,5,dual_threshold_deferral,0.05,0.30793115684882894,0.5237652887443877,False
nsl_kdd_v2,dnn_5class_cw,5,fixed_risk_crc,0.1,0.2919623846699787,0.5020901068276823,False
nsl_kdd_v2,dnn_5class_cw,5,dual_threshold_deferral,0.1,0.2919623846699787,0.5020901068276823,False
nsl_kdd_v2,dnn_5class_cw,5,fixed_risk_crc,0.2,0.2529276082327892,0.4355163337978015,False
nsl_kdd_v2,dnn_5class_cw,5,dual_threshold_deferral,0.2,0.25301632363378285,0.435671156525778,False
nsl_kdd_v2,dnn_5class_cw,5,conformal_selection_fdr,0.05,0.43922995031937545,0.7230221396501006,False
nsl_kdd_v2,dnn_5class_cw,5,conformal_selection_fdr,0.1,0.46265081618168913,0.7505805852299118,False
nsl_kdd_v2,dnn_5class_cw,5,conformal_selection_fdr,0.2,0.5025727466288148,0.8070908809413222,False
nsl_kdd_v2,dnn_5class_cw,6,fixed_risk_crc,0.05,0.3011000709723208,0.5193482688391039,False
nsl_kdd_v2,dnn_5class_cw,6,dual_threshold_deferral,0.05,0.3011000709723208,0.5193482688391039,False
nsl_kdd_v2,dnn_5class_cw,6,fixed_risk_crc,0.1,0.28805890702625975,0.5018016606611311,False
nsl_kdd_v2,dnn_5class_cw,6,dual_threshold_deferral,0.1,0.28832505322924057,0.5021149929500235,False
nsl_kdd_v2,dnn_5class_cw,6,fixed_risk_crc,0.2,0.2486692689850958,0.43365188782704056,False
nsl_kdd_v2,dnn_5class_cw,6,dual_threshold_deferral,0.2,0.2486692689850958,0.43365188782704056,False
nsl_kdd_v2,dnn_5class_cw,6,conformal_selection_fdr,0.05,0.43399574166075233,0.7214475951746827,False
nsl_kdd_v2,dnn_5class_cw,6,conformal_selection_fdr,0.1,0.4591909155429382,0.7507441641861193,False
nsl_kdd_v2,dnn_5class_cw,6,conformal_selection_fdr,0.2,0.49982256919801277,0.8057339808867304,False
nsl_kdd_v2,dnn_5class_cw,7,fixed_risk_crc,0.05,0.2989709013484741,0.5151467832604623,False
nsl_kdd_v2,dnn_5class_cw,7,dual_threshold_deferral,0.05,0.2992370475514549,0.5156152404747033,False
nsl_kdd_v2,dnn_5class_cw,7,fixed_risk_crc,0.1,0.2868168914123492,0.49843847595252966,False
nsl_kdd_v2,dnn_5class_cw,7,dual_threshold_deferral,0.1,0.2868168914123492,0.49843847595252966,False
nsl_kdd_v2,dnn_5class_cw,7,fixed_risk_crc,0.2,0.24991128459900638,0.4350405996252342,False
nsl_kdd_v2,dnn_5class_cw,7,dual_threshold_deferral,0.2,0.24991128459900638,0.4350405996252342,False
nsl_kdd_v2,dnn_5class_cw,7,conformal_selection_fdr,0.05,0.43426188786373315,0.7197064334790756,False
nsl_kdd_v2,dnn_5class_cw,7,conformal_selection_fdr,0.1,0.4544889992902768,0.7420362273579013,False
nsl_kdd_v2,dnn_5class_cw,7,conformal_selection_fdr,0.2,0.4964513839602555,0.7999687695190506,False
nsl_kdd_v2,dnn_5class_cw,8,fixed_risk_crc,0.05,0.3018097941802697,0.5192247577367928,False
nsl_kdd_v2,dnn_5class_cw,8,dual_threshold_deferral,0.05,0.3021646557842441,0.519849953110347,False
nsl_kdd_v2,dnn_5class_cw,8,fixed_risk_crc,0.1,0.2861071682044003,0.49749921850578305,False
nsl_kdd_v2,dnn_5class_cw,8,dual_threshold_deferral,0.1,0.2861071682044003,0.49749921850578305,False
nsl_kdd_v2,dnn_5class_cw,8,fixed_risk_crc,0.2,0.24662881476224272,0.4296655204751485,False
nsl_kdd_v2,dnn_5class_cw,8,dual_threshold_deferral,0.2,0.24662881476224272,0.4296655204751485,False
nsl_kdd_v2,dnn_5class_cw,8,conformal_selection_fdr,0.05,0.4352377572746629,0.7235073460456393,False
nsl_kdd_v2,dnn_5class_cw,8,conformal_selection_fdr,0.1,0.45910220014194464,0.74945295404814,False
nsl_kdd_v2,dnn_5class_cw,8,conformal_selection_fdr,0.2,0.495652945351313,0.7989996874023132,False
nsl_kdd_v2,dnn_5class_cw,9,fixed_risk_crc,0.05,0.3070440028388928,0.5273266708307308,False
nsl_kdd_v2,dnn_5class_cw,9,dual_threshold_deferral,0.05,0.3070440028388928,0.5273266708307308,False
nsl_kdd_v2,dnn_5class_cw,9,fixed_risk_crc,0.1,0.28938963804116397,0.5032792004996877,False
nsl_kdd_v2,dnn_5class_cw,9,dual_threshold_deferral,0.1,0.2897444996451384,0.5039038101186758,False
nsl_kdd_v2,dnn_5class_cw,9,fixed_risk_crc,0.2,0.24680624556422995,0.42941911305434105,False
nsl_kdd_v2,dnn_5class_cw,9,dual_threshold_deferral,0.2,0.24680624556422995,0.42941911305434105,False
nsl_kdd_v2,dnn_5class_cw,9,conformal_selection_fdr,0.05,0.43577004968062455,0.7231417863835103,False
nsl_kdd_v2,dnn_5class_cw,9,conformal_selection_fdr,0.1,0.45644073811213626,0.7457838850718301,False
nsl_kdd_v2,dnn_5class_cw,9,conformal_selection_fdr,0.2,0.5003548616039745,0.8069956277326671,False
nsl_kdd_v2,dnn_5class_cw,10,fixed_risk_crc,0.05,0.29764017033356993,0.5119140320822302,False
nsl_kdd_v2,dnn_5class_cw,10,dual_threshold_deferral,0.05,0.29764017033356993,0.5119140320822302,False
nsl_kdd_v2,dnn_5class_cw,10,fixed_risk_crc,0.1,0.28309084457061745,0.4902663136583087,False
nsl_kdd_v2,dnn_5class_cw,10,dual_threshold_deferral,0.1,0.28335699077359827,0.49073353060270986,False
nsl_kdd_v2,dnn_5class_cw,10,fixed_risk_crc,0.2,0.24529808374733852,0.4251674194050771,False
nsl_kdd_v2,dnn_5class_cw,10,dual_threshold_deferral,0.2,0.24538679914833214,0.42532315838654416,False
nsl_kdd_v2,dnn_5class_cw,10,conformal_selection_fdr,0.05,0.4320440028388928,0.7159320978040804,False
nsl_kdd_v2,dnn_5class_cw,10,conformal_selection_fdr,0.1,0.4537792760823279,0.7406945958573431,False
nsl_kdd_v2,dnn_5class_cw,10,conformal_selection_fdr,0.2,0.49804826117814055,0.8019000155738981,False
nsl_kdd_v2,dnn_5class_cw,11,fixed_risk_crc,0.05,0.29852732434350604,0.5156127412521575,False
nsl_kdd_v2,dnn_5class_cw,11,dual_threshold_deferral,0.05,0.2991483321504613,0.5165542130864585,False
nsl_kdd_v2,dnn_5class_cw,11,fixed_risk_crc,0.1,0.28362313697657915,0.4945865369527695,False
nsl_kdd_v2,dnn_5class_cw,11,dual_threshold_deferral,0.1,0.28371185237757274,0.494743448925153,False
nsl_kdd_v2,dnn_5class_cw,11,fixed_risk_crc,0.2,0.2449432221433641,0.42727130080025105,False
nsl_kdd_v2,dnn_5class_cw,11,dual_threshold_deferral,0.2,0.2449432221433641,0.42727130080025105,False
nsl_kdd_v2,dnn_5class_cw,11,conformal_selection_fdr,0.05,0.430624556422995,0.7175584497097128,False
nsl_kdd_v2,dnn_5class_cw,11,conformal_selection_fdr,0.1,0.4545777146912704,0.7458026047387416,False
nsl_kdd_v2,dnn_5class_cw,11,conformal_selection_fdr,0.2,0.49662881476224274,0.8030754746587164,False
nsl_kdd_v2,dnn_5class_cw,12,fixed_risk_crc,0.05,0.2997693399574166,0.5138888888888888,False
nsl_kdd_v2,dnn_5class_cw,12,dual_threshold_deferral,0.05,0.29994677075940385,0.5142009987515606,False
nsl_kdd_v2,dnn_5class_cw,12,fixed_risk_crc,0.1,0.2853087295954578,0.49406991260923844,False
nsl_kdd_v2,dnn_5class_cw,12,dual_threshold_deferral,0.1,0.285486160397445,0.4943820224719101,False
nsl_kdd_v2,dnn_5class_cw,12,fixed_risk_crc,0.2,0.24529808374733852,0.4257178526841448,False
nsl_kdd_v2,dnn_5class_cw,12,dual_threshold_deferral,0.2,0.24583037615330022,0.4266541822721598,False
nsl_kdd_v2,dnn_5class_cw,12,conformal_selection_fdr,0.05,0.42654364797728883,0.7091136079900124,False
nsl_kdd_v2,dnn_5class_cw,12,conformal_selection_fdr,0.1,0.45031937544357703,0.7345505617977528,False
nsl_kdd_v2,dnn_5class_cw,12,conformal_selection_fdr,0.2,0.4938786373314407,0.7954119850187266,False
nsl_kdd_v2,dnn_5class_cw,13,fixed_risk_crc,0.05,0.30154364797728883,0.5187675946199563,False
nsl_kdd_v2,dnn_5class_cw,13,dual_threshold_deferral,0.05,0.30154364797728883,0.5187675946199563,False
nsl_kdd_v2,dnn_5class_cw,13,fixed_risk_crc,0.1,0.28708303761533,0.4990616202690022,False
nsl_kdd_v2,dnn_5class_cw,13,dual_threshold_deferral,0.1,0.28708303761533,0.4990616202690022,False
nsl_kdd_v2,dnn_5class_cw,13,fixed_risk_crc,0.2,0.2471611071682044,0.430559899906162,False
nsl_kdd_v2,dnn_5class_cw,13,dual_threshold_deferral,0.2,0.24733853797019162,0.43087269314982796,False
nsl_kdd_v2,dnn_5class_cw,13,conformal_selection_fdr,0.05,0.43639105748757984,0.7223959962464811,False
nsl_kdd_v2,dnn_5class_cw,13,conformal_selection_fdr,0.1,0.45990063875088716,0.7492962152017516,False
nsl_kdd_v2,dnn_5class_cw,13,conformal_selection_fdr,0.2,0.502750177430802,0.8066937754144511,False
nsl_kdd_v2,dnn_5class_cw,14,fixed_risk_crc,0.05,0.30198722498225694,0.517552034793414,False
nsl_kdd_v2,dnn_5class_cw,14,dual_threshold_deferral,0.05,0.30198722498225694,0.517552034793414,False
nsl_kdd_v2,dnn_5class_cw,14,fixed_risk_crc,0.1,0.28522001419446413,0.49363156259707985,False
nsl_kdd_v2,dnn_5class_cw,14,dual_threshold_deferral,0.1,0.28522001419446413,0.49363156259707985,False
nsl_kdd_v2,dnn_5class_cw,14,fixed_risk_crc,0.2,0.24476579134137685,0.424044734389562,False
nsl_kdd_v2,dnn_5class_cw,14,dual_threshold_deferral,0.2,0.24476579134137685,0.424044734389562,False
nsl_kdd_v2,dnn_5class_cw,14,conformal_selection_fdr,0.05,0.43142299503193754,0.7151289220254737,False
nsl_kdd_v2,dnn_5class_cw,14,conformal_selection_fdr,0.1,0.45466643009226404,0.7388940664802733,False
nsl_kdd_v2,dnn_5class_cw,14,conformal_selection_fdr,0.2,0.5006210078069553,0.8022677850264057,False
nsl_kdd_v2,dnn_5class_cw,15,fixed_risk_crc,0.05,0.30260823278921223,0.5179319981369352,False
nsl_kdd_v2,dnn_5class_cw,15,dual_threshold_deferral,0.05,0.30260823278921223,0.5179319981369352,False
nsl_kdd_v2,dnn_5class_cw,15,fixed_risk_crc,0.1,0.2869056068133428,0.49573047663406306,False
nsl_kdd_v2,dnn_5class_cw,15,dual_threshold_deferral,0.1,0.28717175301632364,0.49619624281943797,False
nsl_kdd_v2,dnn_5class_cw,15,fixed_risk_crc,0.2,0.2479595457771469,0.42897065673032136,False
nsl_kdd_v2,dnn_5class_cw,15,dual_threshold_deferral,0.2,0.24804826117814052,0.4291259121254464,False
nsl_kdd_v2,dnn_5class_cw,15,conformal_selection_fdr,0.05,0.4387863733144074,0.7227138643067846,False
nsl_kdd_v2,dnn_5class_cw,15,conformal_selection_fdr,0.1,0.45998935415188075,0.7461574289706567,False
nsl_kdd_v2,dnn_5class_cw,15,conformal_selection_fdr,0.2,0.5015081618168914,0.8006520726595249,False
nsl_kdd_v2,dnn_5class_cw,16,fixed_risk_crc,0.05,0.29533356990773596,0.5067124570714955,False
nsl_kdd_v2,dnn_5class_cw,16,dual_threshold_deferral,0.05,0.29559971611071684,0.5071807680299719,False
nsl_kdd_v2,dnn_5class_cw,16,fixed_risk_crc,0.1,0.2769694819020582,0.48079925070246643,False
nsl_kdd_v2,dnn_5class_cw,16,dual_threshold_deferral,0.1,0.2771469127040454,0.4811114580081174,False
nsl_kdd_v2,dnn_5class_cw,16,fixed_risk_crc,0.2,0.2400638750887154,0.4171089603496722,False
nsl_kdd_v2,dnn_5class_cw,16,dual_threshold_deferral,0.2,0.2400638750887154,0.4171089603496722,False
nsl_kdd_v2,dnn_5class_cw,16,conformal_selection_fdr,0.05,0.42725337118523776,0.7096472057446144,False
nsl_kdd_v2,dnn_5class_cw,16,conformal_selection_fdr,0.1,0.4496096522356281,0.734779893849516,False
nsl_kdd_v2,dnn_5class_cw,16,conformal_selection_fdr,0.2,0.49245919091554297,0.7942553855760225,False
nsl_kdd_v2,dnn_5class_cw,17,fixed_risk_crc,0.05,0.3042051100070972,0.520930959075289,False
nsl_kdd_v2,dnn_5class_cw,17,dual_threshold_deferral,0.05,0.3042051100070972,0.520930959075289,False
nsl_kdd_v2,dnn_5class_cw,17,fixed_risk_crc,0.1,0.2897444996451384,0.5026554201811934,False
nsl_kdd_v2,dnn_5class_cw,17,dual_threshold_deferral,0.1,0.2897444996451384,0.5026554201811934,False
nsl_kdd_v2,dnn_5class_cw,17,fixed_risk_crc,0.2,0.24991128459900638,0.4343955014058107,False
nsl_kdd_v2,dnn_5class_cw,17,dual_threshold_deferral,0.2,0.24991128459900638,0.4343955014058107,False
nsl_kdd_v2,dnn_5class_cw,17,conformal_selection_fdr,0.05,0.43133427963094395,0.7158700406123086,False
nsl_kdd_v2,dnn_5class_cw,17,conformal_selection_fdr,0.1,0.4571504613200852,0.7457044673539519,False
nsl_kdd_v2,dnn_5class_cw,17,conformal_selection_fdr,0.2,0.49840312278211496,0.8033427054045611,False
nsl_kdd_v2,dnn_5class_cw,18,fixed_risk_crc,0.05,0.2977288857345635,0.5133198317494937,False
nsl_kdd_v2,dnn_5class_cw,18,dual_threshold_deferral,0.05,0.2978176011355571,0.5134756192553357,False
nsl_kdd_v2,dnn_5class_cw,18,fixed_risk_crc,0.1,0.2846877217885025,0.4946253310484499,False
nsl_kdd_v2,dnn_5class_cw,18,dual_threshold_deferral,0.1,0.2846877217885025,0.4946253310484499,False
nsl_kdd_v2,dnn_5class_cw,18,fixed_risk_crc,0.2,0.24760468417317247,0.43090824115905907,False
nsl_kdd_v2,dnn_5class_cw,18,dual_threshold_deferral,0.2,0.2477821149751597,0.4312198161707431,False
nsl_kdd_v2,dnn_5class_cw,18,conformal_selection_fdr,0.05,0.43053584102200143,0.7155320143324505,False
nsl_kdd_v2,dnn_5class_cw,18,conformal_selection_fdr,0.1,0.45404542228530875,0.7410811652905437,False
nsl_kdd_v2,dnn_5class_cw,18,conformal_selection_fdr,0.2,0.49698367636621715,0.8002804175105157,False
nsl_kdd_v2,dnn_5class_cw,19,fixed_risk_crc,0.05,0.2966643009226402,0.5096078737697235,False
nsl_kdd_v2,dnn_5class_cw,19,dual_threshold_deferral,0.05,0.2966643009226402,0.5096078737697235,False
nsl_kdd_v2,dnn_5class_cw,19,fixed_risk_crc,0.1,0.2826472675656494,0.49086080299953133,False
nsl_kdd_v2,dnn_5class_cw,19,dual_threshold_deferral,0.1,0.2829134137686302,0.4913294797687861,False
nsl_kdd_v2,dnn_5class_cw,19,fixed_risk_crc,0.2,0.24476579134137685,0.42555850648336196,False
nsl_kdd_v2,dnn_5class_cw,19,dual_threshold_deferral,0.2,0.24476579134137685,0.42555850648336196,False
nsl_kdd_v2,dnn_5class_cw,19,conformal_selection_fdr,0.05,0.43142299503193754,0.7127011404468052,False
nsl_kdd_v2,dnn_5class_cw,19,conformal_selection_fdr,0.1,0.4539567068843151,0.738634588345571,False
nsl_kdd_v2,dnn_5class_cw,19,conformal_selection_fdr,0.2,0.49405606813342795,0.7956569286049054,False
nsl_kdd_v2,rf_5class_smote,0,fixed_risk_crc,0.05,0.23979772888573456,0.4188956671359299,False
nsl_kdd_v2,rf_5class_smote,0,dual_threshold_deferral,0.05,0.23979772888573456,0.4188956671359299,False
nsl_kdd_v2,rf_5class_smote,0,fixed_risk_crc,0.1,0.23979772888573456,0.4188956671359299,False
nsl_kdd_v2,rf_5class_smote,0,dual_threshold_deferral,0.1,0.23979772888573456,0.4188956671359299,False
nsl_kdd_v2,rf_5class_smote,0,fixed_risk_crc,0.2,0.23979772888573456,0.4188956671359299,False
nsl_kdd_v2,rf_5class_smote,0,dual_threshold_deferral,0.2,0.23979772888573456,0.4188956671359299,False
nsl_kdd_v2,rf_5class_smote,0,conformal_selection_fdr,0.05,0.6019339957416607,0.9748162052244642,False
nsl_kdd_v2,rf_5class_smote,0,conformal_selection_fdr,0.1,0.617902767920511,0.9846707336148913,False
nsl_kdd_v2,rf_5class_smote,0,conformal_selection_fdr,0.2,0.6269517388218595,0.9868606288127639,False
nsl_kdd_v2,rf_5class_smote,1,fixed_risk_crc,0.05,0.24121717530163236,0.41676980198019803,False
nsl_kdd_v2,rf_5class_smote,1,dual_threshold_deferral,0.05,0.24121717530163236,0.41676980198019803,False
nsl_kdd_v2,rf_5class_smote,1,fixed_risk_crc,0.1,0.24121717530163236,0.41676980198019803,False
nsl_kdd_v2,rf_5class_smote,1,dual_threshold_deferral,0.1,0.24121717530163236,0.41676980198019803,False
nsl_kdd_v2,rf_5class_smote,1,fixed_risk_crc,0.2,0.24121717530163236,0.41676980198019803,False
nsl_kdd_v2,rf_5class_smote,1,dual_threshold_deferral,0.2,0.24121717530163236,0.41676980198019803,False
nsl_kdd_v2,rf_5class_smote,1,conformal_selection_fdr,0.05,0.6059261887863733,0.973855198019802,False
nsl_kdd_v2,rf_5class_smote,1,conformal_selection_fdr,0.1,0.622959545777147,0.9839108910891089,False
nsl_kdd_v2,rf_5class_smote,1,conformal_selection_fdr,0.2,0.6331618168914124,0.9863861386138614,False
nsl_kdd_v2,rf_5class_smote,2,fixed_risk_crc,0.05,0.2400638750887154,0.4171322160148976,False
nsl_kdd_v2,rf_5class_smote,2,dual_threshold_deferral,0.05,0.2400638750887154,0.4171322160148976,False
nsl_kdd_v2,rf_5class_smote,2,fixed_risk_crc,0.1,0.2400638750887154,0.4171322160148976,False
nsl_kdd_v2,rf_5class_smote,2,dual_threshold_deferral,0.1,0.2400638750887154,0.4171322160148976,False
nsl_kdd_v2,rf_5class_smote,2,fixed_risk_crc,0.2,0.2400638750887154,0.4171322160148976,False
nsl_kdd_v2,rf_5class_smote,2,dual_threshold_deferral,0.2,0.2400638750887154,0.4171322160148976,False
nsl_kdd_v2,rf_5class_smote,2,conformal_selection_fdr,0.05,0.6073456352022711,0.9759466170080695,False
nsl_kdd_v2,rf_5class_smote,2,conformal_selection_fdr,0.1,0.6239354151880766,0.9851024208566108,False
nsl_kdd_v2,rf_5class_smote,2,conformal_selection_fdr,0.2,0.6330731014904187,0.9872749844816884,False
nsl_kdd_v2,rf_5class_smote,3,fixed_risk_crc,0.05,0.24991128459900638,0.4284398034398034,False
nsl_kdd_v2,rf_5class_smote,3,dual_threshold_deferral,0.05,0.24991128459900638,0.4284398034398034,False
nsl_kdd_v2,rf_5class_smote,3,fixed_risk_crc,0.1,0.24991128459900638,0.4284398034398034,False
nsl_kdd_v2,rf_5class_smote,3,dual_threshold_deferral,0.1,0.24991128459900638,0.4284398034398034,False
nsl_kdd_v2,rf_5class_smote,3,fixed_risk_crc,0.2,0.24991128459900638,0.4284398034398034,False
nsl_kdd_v2,rf_5class_smote,3,dual_threshold_deferral,0.2,0.24991128459900638,0.4284398034398034,False
nsl_kdd_v2,rf_5class_smote,3,conformal_selection_fdr,0.05,0.6098296664300923,0.9757371007371007,False
nsl_kdd_v2,rf_5class_smote,3,conformal_selection_fdr,0.1,0.6276614620298083,0.9846437346437347,False
nsl_kdd_v2,rf_5class_smote,3,conformal_selection_fdr,0.2,0.6332505322924059,0.9863329238329238,False
nsl_kdd_v2,rf_5class_smote,4,fixed_risk_crc,0.05,0.24050745209368346,0.42366472349141326,False
nsl_kdd_v2,rf_5class_smote,4,dual_threshold_deferral,0.05,0.24050745209368346,0.42366472349141326,False
nsl_kdd_v2,rf_5class_smote,4,fixed_risk_crc,0.1,0.24050745209368346,0.42366472349141326,False
nsl_kdd_v2,rf_5class_smote,4,dual_threshold_deferral,0.1,0.24050745209368346,0.42366472349141326,False
nsl_kdd_v2,rf_5class_smote,4,fixed_risk_crc,0.2,0.24050745209368346,0.42366472349141326,False
nsl_kdd_v2,rf_5class_smote,4,dual_threshold_deferral,0.2,0.24050745209368346,0.42366472349141326,False
nsl_kdd_v2,rf_5class_smote,4,conformal_selection_fdr,0.05,0.6031760113555713,0.9776272254608477,False
nsl_kdd_v2,rf_5class_smote,4,conformal_selection_fdr,0.1,0.6195883605393896,0.9845596344729793,False
nsl_kdd_v2,rf_5class_smote,4,conformal_selection_fdr,0.2,0.6254435770049681,0.9859776272254609,False
nsl_kdd_v2,rf_5class_smote,5,fixed_risk_crc,0.05,0.24671753016323633,0.42638179284718997,False
nsl_kdd_v2,rf_5class_smote,5,dual_threshold_deferral,0.05,0.24671753016323633,0.42638179284718997,False
nsl_kdd_v2,rf_5class_smote,5,fixed_risk_crc,0.1,0.24671753016323633,0.42638179284718997,False
nsl_kdd_v2,rf_5class_smote,5,dual_threshold_deferral,0.1,0.24671753016323633,0.42638179284718997,False
nsl_kdd_v2,rf_5class_smote,5,fixed_risk_crc,0.2,0.24671753016323633,0.42638179284718997,False
nsl_kdd_v2,rf_5class_smote,5,dual_threshold_deferral,0.2,0.24671753016323633,0.42638179284718997,False
nsl_kdd_v2,rf_5class_smote,5,conformal_selection_fdr,0.05,0.6061923349893541,0.9732156680600712,False
nsl_kdd_v2,rf_5class_smote,5,conformal_selection_fdr,0.1,0.6223385379701917,0.9838984362904475,False
nsl_kdd_v2,rf_5class_smote,5,conformal_selection_fdr,0.2,0.6301454932576295,0.9857563090261651,False
nsl_kdd_v2,rf_5class_smote,6,fixed_risk_crc,0.05,0.2450319375443577,0.42832523891587027,False
nsl_kdd_v2,rf_5class_smote,6,dual_threshold_deferral,0.05,0.2450319375443577,0.42832523891587027,False
nsl_kdd_v2,rf_5class_smote,6,fixed_risk_crc,0.1,0.2450319375443577,0.42832523891587027,False
nsl_kdd_v2,rf_5class_smote,6,dual_threshold_deferral,0.1,0.2450319375443577,0.42832523891587027,False
nsl_kdd_v2,rf_5class_smote,6,fixed_risk_crc,0.2,0.2450319375443577,0.42832523891587027,False
nsl_kdd_v2,rf_5class_smote,6,dual_threshold_deferral,0.2,0.2450319375443577,0.42832523891587027,False
nsl_kdd_v2,rf_5class_smote,6,conformal_selection_fdr,0.05,0.5999822569198012,0.972113426288579,False
nsl_kdd_v2,rf_5class_smote,6,conformal_selection_fdr,0.1,0.6167494677075941,0.9815133949553502,False
nsl_kdd_v2,rf_5class_smote,6,conformal_selection_fdr,0.2,0.6267743080198722,0.9841767194109353,False
nsl_kdd_v2,rf_5class_smote,7,fixed_risk_crc,0.05,0.242902767920511,0.4237976264834478,False
nsl_kdd_v2,rf_5class_smote,7,dual_threshold_deferral,0.05,0.242902767920511,0.4237976264834478,False
nsl_kdd_v2,rf_5class_smote,7,fixed_risk_crc,0.1,0.242902767920511,0.4237976264834478,False
nsl_kdd_v2,rf_5class_smote,7,dual_threshold_deferral,0.1,0.242902767920511,0.4237976264834478,False
nsl_kdd_v2,rf_5class_smote,7,fixed_risk_crc,0.2,0.242902767920511,0.4237976264834478,False
nsl_kdd_v2,rf_5class_smote,7,dual_threshold_deferral,0.2,0.242902767920511,0.4237976264834478,False
nsl_kdd_v2,rf_5class_smote,7,conformal_selection_fdr,0.05,0.6041518807665011,0.9761086820737039,False
nsl_kdd_v2,rf_5class_smote,7,conformal_selection_fdr,0.1,0.6194109297374024,0.9836039975015616,False
nsl_kdd_v2,rf_5class_smote,7,conformal_selection_fdr,0.2,0.6290809084457062,0.986102435977514,False
nsl_kdd_v2,rf_5class_smote,8,fixed_risk_crc,0.05,0.242902767920511,0.4234135667396061,False
nsl_kdd_v2,rf_5class_smote,8,dual_threshold_deferral,0.05,0.242902767920511,0.4234135667396061,False
nsl_kdd_v2,rf_5class_smote,8,fixed_risk_crc,0.1,0.242902767920511,0.4234135667396061,False
nsl_kdd_v2,rf_5class_smote,8,dual_threshold_deferral,0.1,0.242902767920511,0.4234135667396061,False
nsl_kdd_v2,rf_5class_smote,8,fixed_risk_crc,0.2,0.242902767920511,0.4234135667396061,False
nsl_kdd_v2,rf_5class_smote,8,dual_threshold_deferral,0.2,0.242902767920511,0.4234135667396061,False
nsl_kdd_v2,rf_5class_smote,8,conformal_selection_fdr,0.05,0.6037970191625266,0.9757736792747733,False
nsl_kdd_v2,rf_5class_smote,8,conformal_selection_fdr,0.1,0.6170156139105749,0.9837449202875899,False
nsl_kdd_v2,rf_5class_smote,8,conformal_selection_fdr,0.2,0.6275727466288148,0.9862457017818068,False
nsl_kdd_v2,rf_5class_smote,9,fixed_risk_crc,0.05,0.24547551454932576,0.4278575890068707,False
nsl_kdd_v2,rf_5class_smote,9,dual_threshold_deferral,0.05,0.24547551454932576,0.4278575890068707,False
nsl_kdd_v2,rf_5class_smote,9,fixed_risk_crc,0.1,0.24547551454932576,0.4278575890068707,False
nsl_kdd_v2,rf_5class_smote,9,dual_threshold_deferral,0.1,0.24547551454932576,0.4278575890068707,False
nsl_kdd_v2,rf_5class_smote,9,fixed_risk_crc,0.2,0.24547551454932576,0.4278575890068707,False
nsl_kdd_v2,rf_5class_smote,9,dual_threshold_deferral,0.2,0.24547551454932576,0.4278575890068707,False
nsl_kdd_v2,rf_5class_smote,9,conformal_selection_fdr,0.05,0.605305180979418,0.976577139287945,False
nsl_kdd_v2,rf_5class_smote,9,conformal_selection_fdr,0.1,0.6226046841731725,0.9846970643347908,False
nsl_kdd_v2,rf_5class_smote,9,conformal_selection_fdr,0.2,0.6281937544357701,0.985946283572767,False
nsl_kdd_v2,rf_5class_smote,10,fixed_risk_crc,0.05,0.2399751596877218,0.4178476872761252,False
nsl_kdd_v2,rf_5class_smote,10,dual_threshold_deferral,0.05,0.2399751596877218,0.4178476872761252,False
nsl_kdd_v2,rf_5class_smote,10,fixed_risk_crc,0.1,0.2399751596877218,0.4178476872761252,False
nsl_kdd_v2,rf_5class_smote,10,dual_threshold_deferral,0.1,0.2399751596877218,0.4178476872761252,False
nsl_kdd_v2,rf_5class_smote,10,fixed_risk_crc,0.2,0.2399751596877218,0.4178476872761252,False
nsl_kdd_v2,rf_5class_smote,10,dual_threshold_deferral,0.2,0.2399751596877218,0.4178476872761252,False
nsl_kdd_v2,rf_5class_smote,10,conformal_selection_fdr,0.05,0.6036195883605394,0.9744588070394019,False
nsl_kdd_v2,rf_5class_smote,10,conformal_selection_fdr,0.1,0.6172817601135557,0.9827129730571562,False
nsl_kdd_v2,rf_5class_smote,10,conformal_selection_fdr,0.2,0.6265081618168914,0.984737579816228,False
nsl_kdd_v2,rf_5class_smote,11,fixed_risk_crc,0.05,0.24245919091554294,0.4246037972697317,False
nsl_kdd_v2,rf_5class_smote,11,dual_threshold_deferral,0.05,0.24245919091554294,0.4246037972697317,False
nsl_kdd_v2,rf_5class_smote,11,fixed_risk_crc,0.1,0.24245919091554294,0.4246037972697317,False
nsl_kdd_v2,rf_5class_smote,11,dual_threshold_deferral,0.1,0.24245919091554294,0.4246037972697317,False
nsl_kdd_v2,rf_5class_smote,11,fixed_risk_crc,0.2,0.24245919091554294,0.4246037972697317,False
nsl_kdd_v2,rf_5class_smote,11,dual_threshold_deferral,0.2,0.24245919091554294,0.4246037972697317,False
nsl_kdd_v2,rf_5class_smote,11,conformal_selection_fdr,0.05,0.6023775727466288,0.978032323866311,False
nsl_kdd_v2,rf_5class_smote,11,conformal_selection_fdr,0.1,0.6174591909155429,0.9863486584026361,False
nsl_kdd_v2,rf_5class_smote,11,conformal_selection_fdr,0.2,0.6271291696238467,0.988545426016005,False
nsl_kdd_v2,rf_5class_smote,12,fixed_risk_crc,0.05,0.23988644428672817,0.418227215980025,False
nsl_kdd_v2,rf_5class_smote,12,dual_threshold_deferral,0.05,0.23988644428672817,0.418227215980025,False
nsl_kdd_v2,rf_5class_smote,12,fixed_risk_crc,0.1,0.23988644428672817,0.418227215980025,False
nsl_kdd_v2,rf_5class_smote,12,dual_threshold_deferral,0.1,0.23988644428672817,0.418227215980025,False
nsl_kdd_v2,rf_5class_smote,12,fixed_risk_crc,0.2,0.23988644428672817,0.418227215980025,False
nsl_kdd_v2,rf_5class_smote,12,dual_threshold_deferral,0.2,0.23988644428672817,0.418227215980025,False
nsl_kdd_v2,rf_5class_smote,12,conformal_selection_fdr,0.05,0.6008694109297374,0.9722222222222222,False
nsl_kdd_v2,rf_5class_smote,12,conformal_selection_fdr,0.1,0.6207416607523066,0.9850187265917603,False
nsl_kdd_v2,rf_5class_smote,12,conformal_selection_fdr,0.2,0.6298793470546487,0.9867353308364545,False
nsl_kdd_v2,rf_5class_smote,13,fixed_risk_crc,0.05,0.24183818310858765,0.42289646543634657,False
nsl_kdd_v2,rf_5class_smote,13,dual_threshold_deferral,0.05,0.24183818310858765,0.42289646543634657,False
nsl_kdd_v2,rf_5class_smote,13,fixed_risk_crc,0.1,0.24183818310858765,0.42289646543634657,False
nsl_kdd_v2,rf_5class_smote,13,dual_threshold_deferral,0.1,0.24183818310858765,0.42289646543634657,False
nsl_kdd_v2,rf_5class_smote,13,fixed_risk_crc,0.2,0.24183818310858765,0.42289646543634657,False
nsl_kdd_v2,rf_5class_smote,13,dual_threshold_deferral,0.2,0.24183818310858765,0.42289646543634657,False
nsl_kdd_v2,rf_5class_smote,13,conformal_selection_fdr,0.05,0.6047728885734563,0.9765405067250548,False
nsl_kdd_v2,rf_5class_smote,13,conformal_selection_fdr,0.1,0.6184350603264727,0.9852987175477009,False
nsl_kdd_v2,rf_5class_smote,13,conformal_selection_fdr,0.2,0.6282824698367636,0.9878010634970285,False
nsl_kdd_v2,rf_5class_smote,14,fixed_risk_crc,0.05,0.2459190915542938,0.42715128922025475,False
nsl_kdd_v2,rf_5class_smote,14,dual_threshold_deferral,0.05,0.2459190915542938,0.42715128922025475,False
nsl_kdd_v2,rf_5class_smote,14,fixed_risk_crc,0.1,0.2459190915542938,0.42715128922025475,False
nsl_kdd_v2,rf_5class_smote,14,dual_threshold_deferral,0.1,0.2459190915542938,0.42715128922025475,False
nsl_kdd_v2,rf_5class_smote,14,fixed_risk_crc,0.2,0.2459190915542938,0.42715128922025475,False
nsl_kdd_v2,rf_5class_smote,14,dual_threshold_deferral,0.2,0.2459190915542938,0.42715128922025475,False
nsl_kdd_v2,rf_5class_smote,14,conformal_selection_fdr,0.05,0.6090312278211497,0.9771668219944082,False
nsl_kdd_v2,rf_5class_smote,14,conformal_selection_fdr,0.1,0.626596877217885,0.9857098477788133,False
nsl_kdd_v2,rf_5class_smote,14,conformal_selection_fdr,0.2,0.631653655074521,0.9867971419695558,False
nsl_kdd_v2,rf_5class_smote,15,fixed_risk_crc,0.05,0.2437012065294535,0.42353671790094705,False
nsl_kdd_v2,rf_5class_smote,15,dual_threshold_deferral,0.05,0.2437012065294535,0.42353671790094705,False
nsl_kdd_v2,rf_5class_smote,15,fixed_risk_crc,0.1,0.2437012065294535,0.42353671790094705,False
nsl_kdd_v2,rf_5class_smote,15,dual_threshold_deferral,0.1,0.2437012065294535,0.42353671790094705,False
nsl_kdd_v2,rf_5class_smote,15,fixed_risk_crc,0.2,0.2437012065294535,0.42353671790094705,False
nsl_kdd_v2,rf_5class_smote,15,dual_threshold_deferral,0.2,0.2437012065294535,0.42353671790094705,False
nsl_kdd_v2,rf_5class_smote,15,conformal_selection_fdr,0.05,0.6049503193754435,0.9711224965067536,False
nsl_kdd_v2,rf_5class_smote,15,conformal_selection_fdr,0.1,0.6227821149751597,0.9821456295606272,False
nsl_kdd_v2,rf_5class_smote,15,conformal_selection_fdr,0.2,0.6311213626685592,0.9846297158826269,False
nsl_kdd_v2,rf_5class_smote,16,fixed_risk_crc,0.05,0.23962029808374735,0.4171089603496722,False
nsl_kdd_v2,rf_5class_smote,16,dual_threshold_deferral,0.05,0.23962029808374735,0.4171089603496722,False
nsl_kdd_v2,rf_5class_smote,16,fixed_risk_crc,0.1,0.23962029808374735,0.4171089603496722,False
nsl_kdd_v2,rf_5class_smote,16,dual_threshold_deferral,0.1,0.23962029808374735,0.4171089603496722,False
nsl_kdd_v2,rf_5class_smote,16,fixed_risk_crc,0.2,0.23962029808374735,0.4171089603496722,False
nsl_kdd_v2,rf_5class_smote,16,dual_threshold_deferral,0.2,0.23962029808374735,0.4171089603496722,False
nsl_kdd_v2,rf_5class_smote,16,conformal_selection_fdr,0.05,0.6017565649396736,0.9729940680611926,False
nsl_kdd_v2,rf_5class_smote,16,conformal_selection_fdr,0.1,0.6185237757274663,0.9823602872307212,False
nsl_kdd_v2,rf_5class_smote,16,conformal_selection_fdr,0.2,0.626596877217885,0.9847018420231033,False
nsl_kdd_v2,rf_5class_smote,17,fixed_risk_crc,0.05,0.2450319375443577,0.42658544204935955,False
nsl_kdd_v2,rf_5class_smote,17,dual_threshold_deferral,0.05,0.2450319375443577,0.42658544204935955,False
nsl_kdd_v2,rf_5class_smote,17,fixed_risk_crc,0.1,0.2450319375443577,0.42658544204935955,False
nsl_kdd_v2,rf_5class_smote,17,dual_threshold_deferral,0.1,0.2450319375443577,0.42658544204935955,False
nsl_kdd_v2,rf_5class_smote,17,fixed_risk_crc,0.2,0.2450319375443577,0.42658544204935955,False
nsl_kdd_v2,rf_5class_smote,17,dual_threshold_deferral,0.2,0.2450319375443577,0.42658544204935955,False
nsl_kdd_v2,rf_5class_smote,17,conformal_selection_fdr,0.05,0.6056600425833925,0.9762574195563887,False
nsl_kdd_v2,rf_5class_smote,17,conformal_selection_fdr,0.1,0.6246451383960255,0.9862542955326461,False
nsl_kdd_v2,rf_5class_smote,17,conformal_selection_fdr,0.2,0.6298793470546487,0.9870353014682911,False
nsl_kdd_v2,rf_5class_smote,18,fixed_risk_crc,0.05,0.24033002129169623,0.4198473282442748,False
nsl_kdd_v2,rf_5class_smote,18,dual_threshold_deferral,0.05,0.24033002129169623,0.4198473282442748,False
nsl_kdd_v2,rf_5class_smote,18,fixed_risk_crc,0.1,0.24033002129169623,0.4198473282442748,False
nsl_kdd_v2,rf_5class_smote,18,dual_threshold_deferral,0.1,0.24033002129169623,0.4198473282442748,False
nsl_kdd_v2,rf_5class_smote,18,fixed_risk_crc,0.2,0.24033002129169623,0.4198473282442748,False
nsl_kdd_v2,rf_5class_smote,18,dual_threshold_deferral,0.2,0.24033002129169623,0.4198473282442748,False
nsl_kdd_v2,rf_5class_smote,18,conformal_selection_fdr,0.05,0.6038857345635202,0.9732045489951706,False
nsl_kdd_v2,rf_5class_smote,18,conformal_selection_fdr,0.1,0.6200319375443577,0.9825517993456925,False
nsl_kdd_v2,rf_5class_smote,18,conformal_selection_fdr,0.2,0.6287260468417317,0.984888611933323,False
nsl_kdd_v2,rf_5class_smote,19,fixed_risk_crc,0.05,0.2421043293115685,0.42196531791907516,False
nsl_kdd_v2,rf_5class_smote,19,dual_threshold_deferral,0.05,0.2421043293115685,0.42196531791907516,False
nsl_kdd_v2,rf_5class_smote,19,fixed_risk_crc,0.1,0.2421043293115685,0.42196531791907516,False
nsl_kdd_v2,rf_5class_smote,19,dual_threshold_deferral,0.1,0.2421043293115685,0.42196531791907516,False
nsl_kdd_v2,rf_5class_smote,19,fixed_risk_crc,0.2,0.2421043293115685,0.42196531791907516,False
nsl_kdd_v2,rf_5class_smote,19,dual_threshold_deferral,0.2,0.2421043293115685,0.42196531791907516,False
nsl_kdd_v2,rf_5class_smote,19,conformal_selection_fdr,0.05,0.6052164655784245,0.9742227776909858,False
nsl_kdd_v2,rf_5class_smote,19,conformal_selection_fdr,0.1,0.6200319375443577,0.9821902827683174,False
nsl_kdd_v2,rf_5class_smote,19,conformal_selection_fdr,0.2,0.6286373314407381,0.9845336666145915,False
nsl_kdd_v2,xgb_5class_smote,0,fixed_risk_crc,0.05,0.28566359119943224,0.4902236821523541,False
nsl_kdd_v2,xgb_5class_smote,0,dual_threshold_deferral,0.05,0.28575230660042583,0.4903801032379165,False
nsl_kdd_v2,xgb_5class_smote,0,fixed_risk_crc,0.1,0.26375088715400996,0.45315188487408103,False
nsl_kdd_v2,xgb_5class_smote,0,dual_threshold_deferral,0.1,0.2651703335699077,0.45565462224307834,False
nsl_kdd_v2,xgb_5class_smote,0,fixed_risk_crc,0.2,0.20271469127040453,0.34819333646175504,False
nsl_kdd_v2,xgb_5class_smote,0,dual_threshold_deferral,0.2,0.20280340667139815,0.3483497575473174,False
nsl_kdd_v2,xgb_5class_smote,0,conformal_selection_fdr,0.05,0.5273243435060326,0.8625058657907085,False
nsl_kdd_v2,xgb_5class_smote,0,conformal_selection_fdr,0.1,0.555624556422995,0.8892538714218676,False
nsl_kdd_v2,xgb_5class_smote,0,conformal_selection_fdr,0.2,0.5855216465578424,0.9213201939621462,False
nsl_kdd_v2,xgb_5class_smote,1,fixed_risk_crc,0.05,0.28717175301632364,0.4874690594059406,False
nsl_kdd_v2,xgb_5class_smote,1,dual_threshold_deferral,0.05,0.2875266146202981,0.4880878712871287,False
nsl_kdd_v2,xgb_5class_smote,1,fixed_risk_crc,0.1,0.26596877217885023,0.45188737623762376,False
nsl_kdd_v2,xgb_5class_smote,1,dual_threshold_deferral,0.1,0.26596877217885023,0.45188737623762376,False
nsl_kdd_v2,xgb_5class_smote,1,fixed_risk_crc,0.2,0.20608587650816182,0.3502475247524752,False
nsl_kdd_v2,xgb_5class_smote,1,dual_threshold_deferral,0.2,0.20617459190915544,0.3504022277227723,False
nsl_kdd_v2,xgb_5class_smote,1,conformal_selection_fdr,0.05,0.5317601135557133,0.8641707920792079,False
nsl_kdd_v2,xgb_5class_smote,1,conformal_selection_fdr,0.1,0.5624556422995032,0.8948019801980198,False
nsl_kdd_v2,xgb_5class_smote,1,conformal_selection_fdr,0.2,0.5897799858055358,0.9248143564356436,False
nsl_kdd_v2,xgb_5class_smote,2,fixed_risk_crc,0.05,0.28797019162526616,0.489447548106766,False
nsl_kdd_v2,xgb_5class_smote,2,dual_threshold_deferral,0.05,0.28797019162526616,0.489447548106766,False
nsl_kdd_v2,xgb_5class_smote,2,fixed_risk_crc,0.1,0.26446061036195884,0.4489447548106766,False
nsl_kdd_v2,xgb_5class_smote,2,dual_threshold_deferral,0.1,0.26446061036195884,0.4489447548106766,False
nsl_kdd_v2,xgb_5class_smote,2,fixed_risk_crc,0.2,0.20218239886444286,0.3429546865301055,False
nsl_kdd_v2,xgb_5class_smote,2,dual_threshold_deferral,0.2,0.20227111426543648,0.3431098696461825,False
nsl_kdd_v2,xgb_5class_smote,2,conformal_selection_fdr,0.05,0.5298970901348474,0.8592489137181875,False
nsl_kdd_v2,xgb_5class_smote,2,conformal_selection_fdr,0.1,0.5586408800567778,0.8874922408441962,False
nsl_kdd_v2,xgb_5class_smote,2,conformal_selection_fdr,0.2,0.5880943931866572,0.9202358783364369,False
nsl_kdd_v2,xgb_5class_smote,3,fixed_risk_crc,0.05,0.2939141234918382,0.49401105651105653,False
nsl_kdd_v2,xgb_5class_smote,3,dual_threshold_deferral,0.05,0.2939141234918382,0.49401105651105653,False
nsl_kdd_v2,xgb_5class_smote,3,fixed_risk_crc,0.1,0.27288857345635203,0.45884520884520885,False
nsl_kdd_v2,xgb_5class_smote,3,dual_threshold_deferral,0.1,0.27288857345635203,0.45884520884520885,False
nsl_kdd_v2,xgb_5class_smote,3,fixed_risk_crc,0.2,0.20883605393896382,0.35135135135135137,False
nsl_kdd_v2,xgb_5class_smote,3,dual_threshold_deferral,0.2,0.2095457771469127,0.3525798525798526,False
nsl_kdd_v2,xgb_5class_smote,3,conformal_selection_fdr,0.05,0.5373491838183109,0.8696253071253072,False
nsl_kdd_v2,xgb_5class_smote,3,conformal_selection_fdr,0.1,0.5633427963094393,0.894963144963145,False
nsl_kdd_v2,xgb_5class_smote,3,conformal_selection_fdr,0.2,0.593417317246274,0.9262899262899262,False
nsl_kdd_v2,xgb_5class_smote,4,fixed_risk_crc,0.05,0.2887686302342087,0.4972427918701749,False
nsl_kdd_v2,xgb_5class_smote,4,dual_threshold_deferral,0.05,0.2887686302342087,0.4972427918701749,False
nsl_kdd_v2,xgb_5class_smote,4,fixed_risk_crc,0.1,0.2650816181689141,0.4565936662990389,False
nsl_kdd_v2,xgb_5class_smote,4,dual_threshold_deferral,0.1,0.2650816181689141,0.4565936662990389,False
nsl_kdd_v2,xgb_5class_smote,4,fixed_risk_crc,0.2,0.20182753726046843,0.3475657791082401,False
nsl_kdd_v2,xgb_5class_smote,4,dual_threshold_deferral,0.2,0.20182753726046843,0.3475657791082401,False
nsl_kdd_v2,xgb_5class_smote,4,conformal_selection_fdr,0.05,0.5235982966643009,0.8626122577595714,False
nsl_kdd_v2,xgb_5class_smote,4,conformal_selection_fdr,0.1,0.5525195173882186,0.8881361273042382,False
nsl_kdd_v2,xgb_5class_smote,4,conformal_selection_fdr,0.2,0.580376153300213,0.918701748857728,False
nsl_kdd_v2,xgb_5class_smote,5,fixed_risk_crc,0.05,0.2945351312987935,0.49760024771636474,False
nsl_kdd_v2,xgb_5class_smote,5,dual_threshold_deferral,0.05,0.2946238466997871,0.49775507044434125,False
nsl_kdd_v2,xgb_5class_smote,5,fixed_risk_crc,0.1,0.27200141944641587,0.45966867936213035,False
nsl_kdd_v2,xgb_5class_smote,5,dual_threshold_deferral,0.1,0.27200141944641587,0.45966867936213035,False
nsl_kdd_v2,xgb_5class_smote,5,fixed_risk_crc,0.2,0.20493257629524486,0.3461836197553801,False
nsl_kdd_v2,xgb_5class_smote,5,dual_threshold_deferral,0.2,0.20511000709723207,0.346493265211333,False
nsl_kdd_v2,xgb_5class_smote,5,conformal_selection_fdr,0.05,0.5305180979418027,0.8614336584610621,False
nsl_kdd_v2,xgb_5class_smote,5,conformal_selection_fdr,0.1,0.5601490418736693,0.8908499767765908,False
nsl_kdd_v2,xgb_5class_smote,5,conformal_selection_fdr,0.2,0.5888928317955997,0.9228982814677195,False
nsl_kdd_v2,xgb_5class_smote,6,fixed_risk_crc,0.05,0.2893009226401703,0.49490835030549896,False
nsl_kdd_v2,xgb_5class_smote,6,dual_threshold_deferral,0.05,0.2893009226401703,0.49490835030549896,False
nsl_kdd_v2,xgb_5class_smote,6,fixed_risk_crc,0.1,0.268541518807665,0.4599718000939997,False
nsl_kdd_v2,xgb_5class_smote,6,dual_threshold_deferral,0.1,0.268541518807665,0.4599718000939997,False
nsl_kdd_v2,xgb_5class_smote,6,fixed_risk_crc,0.2,0.20537615330021292,0.3518721604261319,False
nsl_kdd_v2,xgb_5class_smote,6,dual_threshold_deferral,0.2,0.20537615330021292,0.3518721604261319,False
nsl_kdd_v2,xgb_5class_smote,6,conformal_selection_fdr,0.05,0.5309616749467707,0.8698104339652201,False
nsl_kdd_v2,xgb_5class_smote,6,conformal_selection_fdr,0.1,0.5559794180269695,0.8915870280432399,False
nsl_kdd_v2,xgb_5class_smote,6,conformal_selection_fdr,0.2,0.5845457771469127,0.9219802600657998,False
nsl_kdd_v2,xgb_5class_smote,7,fixed_risk_crc,0.05,0.2918736692689851,0.49750156152404745,False
nsl_kdd_v2,xgb_5class_smote,7,dual_threshold_deferral,0.05,0.2918736692689851,0.49750156152404745,False
nsl_kdd_v2,xgb_5class_smote,7,fixed_risk_crc,0.1,0.2692512420156139,0.4594003747657714,False
nsl_kdd_v2,xgb_5class_smote,7,dual_threshold_deferral,0.1,0.2692512420156139,0.4594003747657714,False
nsl_kdd_v2,xgb_5class_smote,7,fixed_risk_crc,0.2,0.20493257629524486,0.3497813866333542,False
nsl_kdd_v2,xgb_5class_smote,7,dual_threshold_deferral,0.2,0.20493257629524486,0.3497813866333542,False
nsl_kdd_v2,xgb_5class_smote,7,conformal_selection_fdr,0.05,0.5281227821149752,0.8622735790131169,False
nsl_kdd_v2,xgb_5class_smote,7,conformal_selection_fdr,0.1,0.5575762952448545,0.8919425359150531,False
nsl_kdd_v2,xgb_5class_smote,7,conformal_selection_fdr,0.2,0.5868523775727467,0.9223922548407245,False
nsl_kdd_v2,xgb_5class_smote,8,fixed_risk_crc,0.05,0.2893009226401703,0.4943732416380119,False
nsl_kdd_v2,xgb_5class_smote,8,dual_threshold_deferral,0.05,0.28938963804116397,0.49452954048140046,False
nsl_kdd_v2,xgb_5class_smote,8,fixed_risk_crc,0.1,0.2677430801987225,0.45795561112847766,False
nsl_kdd_v2,xgb_5class_smote,8,dual_threshold_deferral,0.1,0.2677430801987225,0.45795561112847766,False
nsl_kdd_v2,xgb_5class_smote,8,fixed_risk_crc,0.2,0.2023598296664301,0.3458893404188809,False
nsl_kdd_v2,xgb_5class_smote,8,dual_threshold_deferral,0.2,0.2023598296664301,0.3458893404188809,False
nsl_kdd_v2,xgb_5class_smote,8,conformal_selection_fdr,0.05,0.524041873669269,0.8583932478899656,False
nsl_kdd_v2,xgb_5class_smote,8,conformal_selection_fdr,0.1,0.5550035486160397,0.8874648327602376,False
nsl_kdd_v2,xgb_5class_smote,8,conformal_selection_fdr,0.2,0.5834811923349894,0.9176305095342294,False
nsl_kdd_v2,xgb_5class_smote,9,fixed_risk_crc,0.05,0.29072036905606813,0.4962523422860712,False
nsl_kdd_v2,xgb_5class_smote,9,dual_threshold_deferral,0.05,0.29072036905606813,0.4962523422860712,False
nsl_kdd_v2,xgb_5class_smote,9,fixed_risk_crc,0.1,0.2695173882185947,0.4603372891942536,False
nsl_kdd_v2,xgb_5class_smote,9,dual_threshold_deferral,0.1,0.26969481902058196,0.46049344159900063,False
nsl_kdd_v2,xgb_5class_smote,9,fixed_risk_crc,0.2,0.20289212207239177,0.3458775765146783,False
nsl_kdd_v2,xgb_5class_smote,9,dual_threshold_deferral,0.2,0.20289212207239177,0.3458775765146783,False
nsl_kdd_v2,xgb_5class_smote,9,conformal_selection_fdr,0.05,0.5317601135557133,0.8689881324172393,False
nsl_kdd_v2,xgb_5class_smote,9,conformal_selection_fdr,0.1,0.5578424414478353,0.8928794503435353,False
nsl_kdd_v2,xgb_5class_smote,9,conformal_selection_fdr,0.2,0.5877395315826828,0.9234853216739538,False
nsl_kdd_v2,xgb_5class_smote,10,fixed_risk_crc,0.05,0.28246983676366216,0.4817006696776203,False
nsl_kdd_v2,xgb_5class_smote,10,dual_threshold_deferral,0.05,0.28246983676366216,0.4817006696776203,False
nsl_kdd_v2,xgb_5class_smote,10,fixed_risk_crc,0.1,0.26091199432221435,0.4447905310699268,False
nsl_kdd_v2,xgb_5class_smote,10,dual_threshold_deferral,0.1,0.26091199432221435,0.4447905310699268,False
nsl_kdd_v2,xgb_5class_smote,10,fixed_risk_crc,0.2,0.19916607523066004,0.33935524061672634,False
nsl_kdd_v2,xgb_5class_smote,10,dual_threshold_deferral,0.2,0.19916607523066004,0.33935524061672634,False
nsl_kdd_v2,xgb_5class_smote,10,conformal_selection_fdr,0.05,0.529542228530873,0.865130042049525,False
nsl_kdd_v2,xgb_5class_smote,10,conformal_selection_fdr,0.1,0.555180979418027,0.8888023672325183,False
nsl_kdd_v2,xgb_5class_smote,10,conformal_selection_fdr,0.2,0.5836586231369766,0.9193272076000623,False
nsl_kdd_v2,xgb_5class_smote,11,fixed_risk_crc,0.05,0.28513129879347054,0.48878079397458024,False
nsl_kdd_v2,xgb_5class_smote,11,dual_threshold_deferral,0.05,0.28522001419446413,0.48893770594696373,False
nsl_kdd_v2,xgb_5class_smote,11,fixed_risk_crc,0.1,0.2655251951738822,0.45582927977404675,False
nsl_kdd_v2,xgb_5class_smote,11,dual_threshold_deferral,0.1,0.2655251951738822,0.45582927977404675,False
nsl_kdd_v2,xgb_5class_smote,11,fixed_risk_crc,0.2,0.2044002838892832,0.35085517024949003,False
nsl_kdd_v2,xgb_5class_smote,11,dual_threshold_deferral,0.2,0.2044002838892832,0.35085517024949003,False
nsl_kdd_v2,xgb_5class_smote,11,conformal_selection_fdr,0.05,0.5265259048970902,0.8639573199435117,False
nsl_kdd_v2,xgb_5class_smote,11,conformal_selection_fdr,0.1,0.5566004258339248,0.8940844186411423,False
nsl_kdd_v2,xgb_5class_smote,11,conformal_selection_fdr,0.2,0.584013484740951,0.923583869449239,False
nsl_kdd_v2,xgb_5class_smote,12,fixed_risk_crc,0.05,0.2891234918381831,0.4934456928838951,False
nsl_kdd_v2,xgb_5class_smote,12,dual_threshold_deferral,0.05,0.2891234918381831,0.4934456928838951,False
nsl_kdd_v2,xgb_5class_smote,12,fixed_risk_crc,0.1,0.2657026259758694,0.4534956304619226,False
nsl_kdd_v2,xgb_5class_smote,12,dual_threshold_deferral,0.1,0.2657026259758694,0.4534956304619226,False
nsl_kdd_v2,xgb_5class_smote,12,fixed_risk_crc,0.2,0.20014194464158977,0.34207240948813983,False
nsl_kdd_v2,xgb_5class_smote,12,dual_threshold_deferral,0.2,0.20014194464158977,0.34207240948813983,False
nsl_kdd_v2,xgb_5class_smote,12,conformal_selection_fdr,0.05,0.5290986515259049,0.8637640449438202,False
nsl_kdd_v2,xgb_5class_smote,12,conformal_selection_fdr,0.1,0.5542938254080908,0.8860799001248439,False
nsl_kdd_v2,xgb_5class_smote,12,conformal_selection_fdr,0.2,0.584457061745919,0.9188514357053683,False
nsl_kdd_v2,xgb_5class_smote,13,fixed_risk_crc,0.05,0.2896557842441448,0.49483891147951203,False
nsl_kdd_v2,xgb_5class_smote,13,dual_threshold_deferral,0.05,0.2896557842441448,0.49483891147951203,False
nsl_kdd_v2,xgb_5class_smote,13,fixed_risk_crc,0.1,0.26765436479772886,0.45714732561776666,False
nsl_kdd_v2,xgb_5class_smote,13,dual_threshold_deferral,0.1,0.26765436479772886,0.45714732561776666,False
nsl_kdd_v2,xgb_5class_smote,13,fixed_risk_crc,0.2,0.2037792760823279,0.34782608695652173,False
nsl_kdd_v2,xgb_5class_smote,13,dual_threshold_deferral,0.2,0.2038679914833215,0.3479824835783547,False
nsl_kdd_v2,xgb_5class_smote,13,conformal_selection_fdr,0.05,0.5339779985805536,0.8723803565842978,False
nsl_kdd_v2,xgb_5class_smote,13,conformal_selection_fdr,0.1,0.5586408800567778,0.8938066937754144,False
nsl_kdd_v2,xgb_5class_smote,13,conformal_selection_fdr,0.2,0.5869410929737402,0.9225836721926807,False
nsl_kdd_v2,xgb_5class_smote,14,fixed_risk_crc,0.05,0.2928495386799148,0.49813606710158437,False
nsl_kdd_v2,xgb_5class_smote,14,dual_threshold_deferral,0.05,0.29293825408090846,0.49829139484311896,False
nsl_kdd_v2,xgb_5class_smote,14,fixed_risk_crc,0.1,0.27022711142654365,0.4599254426840634,False
nsl_kdd_v2,xgb_5class_smote,14,dual_threshold_deferral,0.1,0.27022711142654365,0.4599254426840634,False
nsl_kdd_v2,xgb_5class_smote,14,fixed_risk_crc,0.2,0.20484386089425125,0.34808946877912395,False
nsl_kdd_v2,xgb_5class_smote,14,dual_threshold_deferral,0.2,0.20484386089425125,0.34808946877912395,False
nsl_kdd_v2,xgb_5class_smote,14,conformal_selection_fdr,0.05,0.5340667139815471,0.8687480584032308,False
nsl_kdd_v2,xgb_5class_smote,14,conformal_selection_fdr,0.1,0.5602377572746629,0.8923578751164958,False
nsl_kdd_v2,xgb_5class_smote,14,conformal_selection_fdr,0.2,0.589070262597587,0.9215594905250077,False
nsl_kdd_v2,xgb_5class_smote,15,fixed_risk_crc,0.05,0.2927608232789212,0.4982145629560627,False
nsl_kdd_v2,xgb_5class_smote,15,dual_threshold_deferral,0.05,0.2928495386799148,0.4983698183511877,False
nsl_kdd_v2,xgb_5class_smote,15,fixed_risk_crc,0.1,0.2691625266146203,0.45815867101381774,False
nsl_kdd_v2,xgb_5class_smote,15,dual_threshold_deferral,0.1,0.2691625266146203,0.45815867101381774,False
nsl_kdd_v2,xgb_5class_smote,15,fixed_risk_crc,0.2,0.2052874378992193,0.3493246390312063,False
nsl_kdd_v2,xgb_5class_smote,15,dual_threshold_deferral,0.2,0.20564229950319377,0.34963514982145627,False
nsl_kdd_v2,xgb_5class_smote,15,conformal_selection_fdr,0.05,0.5310503903477644,0.8607359105728924,False
nsl_kdd_v2,xgb_5class_smote,15,conformal_selection_fdr,0.1,0.5610361958836054,0.8889923924856389,False
nsl_kdd_v2,xgb_5class_smote,15,conformal_selection_fdr,0.2,0.5909332860184529,0.9222170470423847,False
nsl_kdd_v2,xgb_5class_smote,16,fixed_risk_crc,0.05,0.2864620298083747,0.4881361223852638,False
nsl_kdd_v2,xgb_5class_smote,16,dual_threshold_deferral,0.05,0.28655074520936835,0.4882922260380893,False
nsl_kdd_v2,xgb_5class_smote,16,fixed_risk_crc,0.1,0.2640170333569908,0.45004683109584764,False
nsl_kdd_v2,xgb_5class_smote,16,dual_threshold_deferral,0.1,0.2640170333569908,0.45004683109584764,False
nsl_kdd_v2,xgb_5class_smote,16,fixed_risk_crc,0.2,0.198722498225692,0.33827661567280676,False
nsl_kdd_v2,xgb_5class_smote,16,dual_threshold_deferral,0.2,0.198722498225692,0.33827661567280676,False
nsl_kdd_v2,xgb_5class_smote,16,conformal_selection_fdr,0.05,0.5239531582682754,0.856384639400562,False
nsl_kdd_v2,xgb_5class_smote,16,conformal_selection_fdr,0.1,0.5541163946061036,0.8860443334374024,False
nsl_kdd_v2,xgb_5class_smote,16,conformal_selection_fdr,0.2,0.5834811923349894,0.918357789572276,False
nsl_kdd_v2,xgb_5class_smote,17,fixed_risk_crc,0.05,0.288236337828247,0.4906279287722587,False
nsl_kdd_v2,xgb_5class_smote,17,dual_threshold_deferral,0.05,0.288236337828247,0.4906279287722587,False
nsl_kdd_v2,xgb_5class_smote,17,fixed_risk_crc,0.1,0.2655251951738822,0.4520462355513902,False
nsl_kdd_v2,xgb_5class_smote,17,dual_threshold_deferral,0.1,0.2655251951738822,0.4520462355513902,False
nsl_kdd_v2,xgb_5class_smote,17,fixed_risk_crc,0.2,0.20298083747338538,0.34536082474226804,False
nsl_kdd_v2,xgb_5class_smote,17,dual_threshold_deferral,0.2,0.20298083747338538,0.34536082474226804,False
nsl_kdd_v2,xgb_5class_smote,17,conformal_selection_fdr,0.05,0.5337118523775728,0.8691034051858794,False
nsl_kdd_v2,xgb_5class_smote,17,conformal_selection_fdr,0.1,0.5602377572746629,0.8936269915651359,False
nsl_kdd_v2,xgb_5class_smote,17,conformal_selection_fdr,0.2,0.5881831085876508,0.9209621993127147,False
nsl_kdd_v2,xgb_5class_smote,18,fixed_risk_crc,0.05,0.28717175301632364,0.49228851846081945,False
nsl_kdd_v2,xgb_5class_smote,18,dual_threshold_deferral,0.05,0.28717175301632364,0.49228851846081945,False
nsl_kdd_v2,xgb_5class_smote,18,fixed_risk_crc,0.1,0.26588005677785664,0.45614581710546814,False
nsl_kdd_v2,xgb_5class_smote,18,dual_threshold_deferral,0.1,0.26588005677785664,0.45614581710546814,False
nsl_kdd_v2,xgb_5class_smote,18,fixed_risk_crc,0.2,0.20129524485450676,0.34491353793425766,False
nsl_kdd_v2,xgb_5class_smote,18,dual_threshold_deferral,0.2,0.20129524485450676,0.34491353793425766,False
nsl_kdd_v2,xgb_5class_smote,18,conformal_selection_fdr,0.05,0.5213804116394606,0.8535597445084904,False
nsl_kdd_v2,xgb_5class_smote,18,conformal_selection_fdr,0.1,0.549680624556423,0.8786415329490574,False
nsl_kdd_v2,xgb_5class_smote,18,conformal_selection_fdr,0.2,0.5832150461320085,0.9164978968686711,False
nsl_kdd_v2,xgb_5class_smote,19,fixed_risk_crc,0.05,0.28947835344215755,0.49320418684580536,False
nsl_kdd_v2,xgb_5class_smote,19,dual_threshold_deferral,0.05,0.28947835344215755,0.49320418684580536,False
nsl_kdd_v2,xgb_5class_smote,19,fixed_risk_crc,0.1,0.2668559261887864,0.454147789407905,False
nsl_kdd_v2,xgb_5class_smote,19,dual_threshold_deferral,0.1,0.2668559261887864,0.454147789407905,False
nsl_kdd_v2,xgb_5class_smote,19,fixed_risk_crc,0.2,0.20431156848828957,0.3474457116075613,False
nsl_kdd_v2,xgb_5class_smote,19,dual_threshold_deferral,0.2,0.20431156848828957,0.3474457116075613,False
nsl_kdd_v2,xgb_5class_smote,19,conformal_selection_fdr,0.05,0.5274130589070263,0.8593969692235588,False
nsl_kdd_v2,xgb_5class_smote,19,conformal_selection_fdr,0.1,0.5571327182398864,0.8886111545071083,False
nsl_kdd_v2,xgb_5class_smote,19,conformal_selection_fdr,0.2,0.5856990773598296,0.9170442118418997,False
nsl_kdd_v2,dnn_5class_smote,0,fixed_risk_crc,0.05,0.29063165365507454,0.4994525262005318,False
nsl_kdd_v2,dnn_5class_smote,0,dual_threshold_deferral,0.05,0.2912526614620298,0.5003910527139058,False
nsl_kdd_v2,dnn_5class_smote,0,fixed_risk_crc,0.1,0.26534776437189495,0.45972157046769907,False
nsl_kdd_v2,dnn_5class_smote,0,dual_threshold_deferral,0.1,0.26534776437189495,0.45972157046769907,False
nsl_kdd_v2,dnn_5class_smote,0,fixed_risk_crc,0.2,0.23358765081618169,0.40466134834975753,False
nsl_kdd_v2,dnn_5class_smote,0,dual_threshold_deferral,0.2,0.23358765081618169,0.40466134834975753,False
nsl_kdd_v2,dnn_5class_smote,0,conformal_selection_fdr,0.05,0.4140347764371895,0.7032692006882528,False
nsl_kdd_v2,dnn_5class_smote,0,conformal_selection_fdr,0.1,0.4403832505322924,0.7415923666510246,False
nsl_kdd_v2,dnn_5class_smote,0,conformal_selection_fdr,0.2,0.5015081618168914,0.8126075394963241,False
nsl_kdd_v2,dnn_5class_smote,1,fixed_risk_crc,0.05,0.29009936124911284,0.4935024752475248,False
nsl_kdd_v2,dnn_5class_smote,1,dual_threshold_deferral,0.05,0.2904542228530873,0.4939665841584158,False
nsl_kdd_v2,dnn_5class_smote,1,fixed_risk_crc,0.1,0.2670333569907736,0.4573019801980198,False
nsl_kdd_v2,dnn_5class_smote,1,dual_threshold_deferral,0.1,0.2670333569907736,0.4573019801980198,False
nsl_kdd_v2,dnn_5class_smote,1,fixed_risk_crc,0.2,0.23562810503903478,0.4040841584158416,False
nsl_kdd_v2,dnn_5class_smote,1,dual_threshold_deferral,0.2,0.23562810503903478,0.4040841584158416,False
nsl_kdd_v2,dnn_5class_smote,1,conformal_selection_fdr,0.05,0.41855926188786374,0.7001856435643564,False
nsl_kdd_v2,dnn_5class_smote,1,conformal_selection_fdr,0.1,0.44366572036905605,0.7377784653465347,False
nsl_kdd_v2,dnn_5class_smote,1,conformal_selection_fdr,0.2,0.5099361249112846,0.8162128712871287,False
nsl_kdd_v2,dnn_5class_smote,2,fixed_risk_crc,0.05,0.28867991483321503,0.49224084419615144,False
nsl_kdd_v2,dnn_5class_smote,2,dual_threshold_deferral,0.05,0.2887686302342087,0.4923960273122284,False
nsl_kdd_v2,dnn_5class_smote,2,fixed_risk_crc,0.1,0.2642831795599716,0.45391061452513964,False
nsl_kdd_v2,dnn_5class_smote,2,dual_threshold_deferral,0.1,0.2642831795599716,0.45391061452513964,False
nsl_kdd_v2,dnn_5class_smote,2,fixed_risk_crc,0.2,0.23287792760823278,0.4005276225946617,False
nsl_kdd_v2,dnn_5class_smote,2,dual_threshold_deferral,0.2,0.2329666430092264,0.40068280571073867,False
nsl_kdd_v2,dnn_5class_smote,2,conformal_selection_fdr,0.05,0.42024485450674237,0.7037554314090627,False
nsl_kdd_v2,dnn_5class_smote,2,conformal_selection_fdr,0.1,0.44623846699787084,0.7416201117318436,False
nsl_kdd_v2,dnn_5class_smote,2,conformal_selection_fdr,0.2,0.5194286728176012,0.8224705152079453,False
nsl_kdd_v2,dnn_5class_smote,3,fixed_risk_crc,0.05,0.29728530872959547,0.5007678132678133,False
nsl_kdd_v2,dnn_5class_smote,3,dual_threshold_deferral,0.05,0.29728530872959547,0.5007678132678133,False
nsl_kdd_v2,dnn_5class_smote,3,fixed_risk_crc,0.1,0.27306600425833927,0.4631449631449631,False
nsl_kdd_v2,dnn_5class_smote,3,dual_threshold_deferral,0.1,0.27315471965933286,0.4632985257985258,False
nsl_kdd_v2,dnn_5class_smote,3,fixed_risk_crc,0.2,0.24103974449964513,0.40985872235872234,False
nsl_kdd_v2,dnn_5class_smote,3,dual_threshold_deferral,0.2,0.24103974449964513,0.40985872235872234,False
nsl_kdd_v2,dnn_5class_smote,3,conformal_selection_fdr,0.05,0.42760823278921223,0.7111486486486487,False
nsl_kdd_v2,dnn_5class_smote,3,conformal_selection_fdr,0.1,0.45644073811213626,0.7527641277641277,False
nsl_kdd_v2,dnn_5class_smote,3,conformal_selection_fdr,0.2,0.5186302342086586,0.8249385749385749,False
nsl_kdd_v2,dnn_5class_smote,4,fixed_risk_crc,0.05,0.2897444996451384,0.5013392153773436,False
nsl_kdd_v2,dnn_5class_smote,4,dual_threshold_deferral,0.05,0.289833215046132,0.5014967701276194,False
nsl_kdd_v2,dnn_5class_smote,4,fixed_risk_crc,0.1,0.2662349183818311,0.4641562943122735,False
nsl_kdd_v2,dnn_5class_smote,4,dual_threshold_deferral,0.1,0.2662349183818311,0.4641562943122735,False
nsl_kdd_v2,dnn_5class_smote,4,fixed_risk_crc,0.2,0.23553938963804116,0.4110603434693556,False
nsl_kdd_v2,dnn_5class_smote,4,dual_threshold_deferral,0.2,0.23553938963804116,0.4110603434693556,False
nsl_kdd_v2,dnn_5class_smote,4,conformal_selection_fdr,0.05,0.4127927608232789,0.7023790767291633,False
nsl_kdd_v2,dnn_5class_smote,4,conformal_selection_fdr,0.1,0.440471965933286,0.742713092799748,False
nsl_kdd_v2,dnn_5class_smote,4,conformal_selection_fdr,0.2,0.5048793470546487,0.8156609421774067,False
nsl_kdd_v2,dnn_5class_smote,5,fixed_risk_crc,0.05,0.2977288857345635,0.5051865613872116,False
nsl_kdd_v2,dnn_5class_smote,5,dual_threshold_deferral,0.05,0.2977288857345635,0.5051865613872116,False
nsl_kdd_v2,dnn_5class_smote,5,fixed_risk_crc,0.1,0.271291696238467,0.4647778293853538,False
nsl_kdd_v2,dnn_5class_smote,5,dual_threshold_deferral,0.1,0.271291696238467,0.4647778293853538,False
nsl_kdd_v2,dnn_5class_smote,5,fixed_risk_crc,0.2,0.23740241305890702,0.4067193063941787,False
nsl_kdd_v2,dnn_5class_smote,5,dual_threshold_deferral,0.2,0.23740241305890702,0.4067193063941787,False
nsl_kdd_v2,dnn_5class_smote,5,conformal_selection_fdr,0.05,0.4227288857345635,0.707230221396501,False
nsl_kdd_v2,dnn_5class_smote,5,conformal_selection_fdr,0.1,0.4502306600425834,0.7460907261185942,False
nsl_kdd_v2,dnn_5class_smote,5,conformal_selection_fdr,0.2,0.5118878637331441,0.8174640037157455,False
nsl_kdd_v2,dnn_5class_smote,6,fixed_risk_crc,0.05,0.2924946770759404,0.5025849913833621,False
nsl_kdd_v2,dnn_5class_smote,6,dual_threshold_deferral,0.05,0.292583392476934,0.5027416575278082,False
nsl_kdd_v2,dnn_5class_smote,6,fixed_risk_crc,0.1,0.2695173882185947,0.46655177816073945,False
nsl_kdd_v2,dnn_5class_smote,6,dual_threshold_deferral,0.1,0.26960610361958837,0.46670844430518565,False
nsl_kdd_v2,dnn_5class_smote,6,fixed_risk_crc,0.2,0.23678140525195174,0.41046529844900514,False
nsl_kdd_v2,dnn_5class_smote,6,dual_threshold_deferral,0.2,0.23695883605393897,0.41077863073789755,False
nsl_kdd_v2,dnn_5class_smote,6,conformal_selection_fdr,0.05,0.41793825408090846,0.7067209775967414,False
nsl_kdd_v2,dnn_5class_smote,6,conformal_selection_fdr,0.1,0.44685947480482613,0.7476108412971957,False
nsl_kdd_v2,dnn_5class_smote,6,conformal_selection_fdr,0.2,0.5158800567778566,0.8267272442425192,False
nsl_kdd_v2,dnn_5class_smote,7,fixed_risk_crc,0.05,0.2897444996451384,0.4968769519050593,False
nsl_kdd_v2,dnn_5class_smote,7,dual_threshold_deferral,0.05,0.29001064584811925,0.4973454091193004,False
nsl_kdd_v2,dnn_5class_smote,7,fixed_risk_crc,0.1,0.26792051100070974,0.46330418488444725,False
nsl_kdd_v2,dnn_5class_smote,7,dual_threshold_deferral,0.1,0.26792051100070974,0.46330418488444725,False
nsl_kdd_v2,dnn_5class_smote,7,fixed_risk_crc,0.2,0.2372249822569198,0.410368519675203,False
nsl_kdd_v2,dnn_5class_smote,7,dual_threshold_deferral,0.2,0.2373136976579134,0.41052467207995,False
nsl_kdd_v2,dnn_5class_smote,7,conformal_selection_fdr,0.05,0.4155429382540809,0.7009681449094316,False
nsl_kdd_v2,dnn_5class_smote,7,conformal_selection_fdr,0.1,0.4391412349183818,0.7332916926920675,False
nsl_kdd_v2,dnn_5class_smote,7,conformal_selection_fdr,0.2,0.5078956706884316,0.816052467207995,False
nsl_kdd_v2,dnn_5class_smote,8,fixed_risk_crc,0.05,0.2905429382540809,0.49796811503594873,False
nsl_kdd_v2,dnn_5class_smote,8,dual_threshold_deferral,0.05,0.2905429382540809,0.49796811503594873,False
nsl_kdd_v2,dnn_5class_smote,8,fixed_risk_crc,0.1,0.2668559261887864,0.4615504845264145,False
nsl_kdd_v2,dnn_5class_smote,8,dual_threshold_deferral,0.1,0.26694464158978,0.4617067833698031,False
nsl_kdd_v2,dnn_5class_smote,8,fixed_risk_crc,0.2,0.23687012065294535,0.4102844638949672,False
nsl_kdd_v2,dnn_5class_smote,8,dual_threshold_deferral,0.2,0.23687012065294535,0.4102844638949672,False
nsl_kdd_v2,dnn_5class_smote,8,conformal_selection_fdr,0.05,0.4160752306600426,0.7038136917786808,False
nsl_kdd_v2,dnn_5class_smote,8,conformal_selection_fdr,0.1,0.44224627395315824,0.7424195060956549,False
nsl_kdd_v2,dnn_5class_smote,8,conformal_selection_fdr,0.2,0.5092264017033357,0.8185370428258831,False
nsl_kdd_v2,dnn_5class_smote,9,fixed_risk_crc,0.05,0.29444641589779985,0.504840724547158,False
nsl_kdd_v2,dnn_5class_smote,9,dual_threshold_deferral,0.05,0.29444641589779985,0.504840724547158,False
nsl_kdd_v2,dnn_5class_smote,9,fixed_risk_crc,0.1,0.2695173882185947,0.46549031855090567,False
nsl_kdd_v2,dnn_5class_smote,9,dual_threshold_deferral,0.1,0.2695173882185947,0.46549031855090567,False
nsl_kdd_v2,dnn_5class_smote,9,fixed_risk_crc,0.2,0.23562810503903478,0.40708931917551533,False
nsl_kdd_v2,dnn_5class_smote,9,dual_threshold_deferral,0.2,0.2357168204400284,0.40724547158026236,False
nsl_kdd_v2,dnn_5class_smote,9,conformal_selection_fdr,0.05,0.4197125621007807,0.7083073079325422,False
nsl_kdd_v2,dnn_5class_smote,9,conformal_selection_fdr,0.1,0.4460610361958836,0.7464084946908183,False
nsl_kdd_v2,dnn_5class_smote,9,conformal_selection_fdr,0.2,0.5033711852377573,0.8133978763272954,False
nsl_kdd_v2,dnn_5class_smote,10,fixed_risk_crc,0.05,0.2891234918381831,0.49478274412085343,False
nsl_kdd_v2,dnn_5class_smote,10,dual_threshold_deferral,0.05,0.2891234918381831,0.49478274412085343,False
nsl_kdd_v2,dnn_5class_smote,10,fixed_risk_crc,0.1,0.2651703335699077,0.45693817162435757,False
nsl_kdd_v2,dnn_5class_smote,10,dual_threshold_deferral,0.1,0.26525904897090136,0.45709391060582466,False
nsl_kdd_v2,dnn_5class_smote,10,fixed_risk_crc,0.2,0.23403122782114974,0.40336396199968855,False
nsl_kdd_v2,dnn_5class_smote,10,dual_threshold_deferral,0.2,0.2342973740241306,0.4038311789440897,False
nsl_kdd_v2,dnn_5class_smote,10,conformal_selection_fdr,0.05,0.4160752306600426,0.7011368945647095,False
nsl_kdd_v2,dnn_5class_smote,10,conformal_selection_fdr,0.1,0.4434882895670688,0.7392929450241396,False
nsl_kdd_v2,dnn_5class_smote,10,conformal_selection_fdr,0.2,0.5073633782824698,0.814203395109796,False
nsl_kdd_v2,dnn_5class_smote,11,fixed_risk_crc,0.05,0.2891234918381831,0.49741095245567235,False
nsl_kdd_v2,dnn_5class_smote,11,dual_threshold_deferral,0.05,0.28921220723917673,0.49756786442805584,False
nsl_kdd_v2,dnn_5class_smote,11,fixed_risk_crc,0.1,0.265791341376863,0.460693550917935,False
nsl_kdd_v2,dnn_5class_smote,11,dual_threshold_deferral,0.1,0.265791341376863,0.460693550917935,False
nsl_kdd_v2,dnn_5class_smote,11,fixed_risk_crc,0.2,0.2342973740241306,0.40655892044563,False
nsl_kdd_v2,dnn_5class_smote,11,dual_threshold_deferral,0.2,0.2342973740241306,0.40655892044563,False
nsl_kdd_v2,dnn_5class_smote,11,conformal_selection_fdr,0.05,0.4166962384669979,0.7054762278361839,False
nsl_kdd_v2,dnn_5class_smote,11,conformal_selection_fdr,0.1,0.4445528743789922,0.7461164286835086,False
nsl_kdd_v2,dnn_5class_smote,11,conformal_selection_fdr,0.2,0.5157026259758695,0.8270830064333908,False
nsl_kdd_v2,dnn_5class_smote,12,fixed_risk_crc,0.05,0.289833215046132,0.49609862671660426,False
nsl_kdd_v2,dnn_5class_smote,12,dual_threshold_deferral,0.05,0.2901880766501065,0.4967228464419476,False
nsl_kdd_v2,dnn_5class_smote,12,fixed_risk_crc,0.1,0.2665897799858055,0.4597378277153558,False
nsl_kdd_v2,dnn_5class_smote,12,dual_threshold_deferral,0.1,0.26667849538679916,0.4598938826466916,False
nsl_kdd_v2,dnn_5class_smote,12,fixed_risk_crc,0.2,0.23757984386089426,0.4102684144818976,False
nsl_kdd_v2,dnn_5class_smote,12,dual_threshold_deferral,0.2,0.23766855926188787,0.41042446941323346,False
nsl_kdd_v2,dnn_5class_smote,12,conformal_selection_fdr,0.05,0.41572036905606813,0.700374531835206,False
nsl_kdd_v2,dnn_5class_smote,12,conformal_selection_fdr,0.1,0.44331085876508164,0.7401685393258427,False
nsl_kdd_v2,dnn_5class_smote,12,conformal_selection_fdr,0.2,0.5052342086586231,0.8119538077403246,False
nsl_kdd_v2,dnn_5class_smote,13,fixed_risk_crc,0.05,0.28938963804116397,0.4971848608070066,False
nsl_kdd_v2,dnn_5class_smote,13,dual_threshold_deferral,0.05,0.28938963804116397,0.4971848608070066,False
nsl_kdd_v2,dnn_5class_smote,13,fixed_risk_crc,0.1,0.2671220723917672,0.4618392242727557,False
nsl_kdd_v2,dnn_5class_smote,13,dual_threshold_deferral,0.1,0.2671220723917672,0.4618392242727557,False
nsl_kdd_v2,dnn_5class_smote,13,fixed_risk_crc,0.2,0.23837828246983678,0.4128870816390366,False
nsl_kdd_v2,dnn_5class_smote,13,dual_threshold_deferral,0.2,0.23837828246983678,0.4128870816390366,False
nsl_kdd_v2,dnn_5class_smote,13,conformal_selection_fdr,0.05,0.41802696948190204,0.7047231779793557,False
nsl_kdd_v2,dnn_5class_smote,13,conformal_selection_fdr,0.1,0.44801277501774306,0.747263059117923,False
nsl_kdd_v2,dnn_5class_smote,13,conformal_selection_fdr,0.2,0.5106458481192335,0.8177979355645918,False
nsl_kdd_v2,dnn_5class_smote,14,fixed_risk_crc,0.05,0.2901880766501065,0.4958061509785648,False
nsl_kdd_v2,dnn_5class_smote,14,dual_threshold_deferral,0.05,0.2902767920511001,0.49596147872009944,False
nsl_kdd_v2,dnn_5class_smote,14,fixed_risk_crc,0.1,0.26729950319375445,0.4602360981671326,False
nsl_kdd_v2,dnn_5class_smote,14,dual_threshold_deferral,0.1,0.26729950319375445,0.4602360981671326,False
nsl_kdd_v2,dnn_5class_smote,14,fixed_risk_crc,0.2,0.2357168204400284,0.4063373718546132,False
nsl_kdd_v2,dnn_5class_smote,14,dual_threshold_deferral,0.2,0.2357168204400284,0.4063373718546132,False
nsl_kdd_v2,dnn_5class_smote,14,conformal_selection_fdr,0.05,0.41918026969481903,0.704721963342653,False
nsl_kdd_v2,dnn_5class_smote,14,conformal_selection_fdr,0.1,0.44650461320085166,0.7441752096924511,False
nsl_kdd_v2,dnn_5class_smote,14,conformal_selection_fdr,0.2,0.5129524485450674,0.8199751475613545,False
nsl_kdd_v2,dnn_5class_smote,15,fixed_risk_crc,0.05,0.29355926188786374,0.5010091600683124,False
nsl_kdd_v2,dnn_5class_smote,15,dual_threshold_deferral,0.05,0.29355926188786374,0.5010091600683124,False
nsl_kdd_v2,dnn_5class_smote,15,fixed_risk_crc,0.1,0.2705819730305181,0.464213631423692,False
nsl_kdd_v2,dnn_5class_smote,15,dual_threshold_deferral,0.1,0.2707594038325053,0.46436888681881694,False
nsl_kdd_v2,dnn_5class_smote,15,fixed_risk_crc,0.2,0.23713626685592618,0.407855922993324,False
nsl_kdd_v2,dnn_5class_smote,15,dual_threshold_deferral,0.2,0.23775727466288146,0.4087874553640739,False
nsl_kdd_v2,dnn_5class_smote,15,conformal_selection_fdr,0.05,0.4189141234918382,0.7029964291259121,False
nsl_kdd_v2,dnn_5class_smote,15,conformal_selection_fdr,0.1,0.4446415897799858,0.7391709361900326,False
nsl_kdd_v2,dnn_5class_smote,15,conformal_selection_fdr,0.2,0.5113555713271823,0.815711845986648,False
nsl_kdd_v2,dnn_5class_smote,16,fixed_risk_crc,0.05,0.2864620298083747,0.48985326256634404,False
nsl_kdd_v2,dnn_5class_smote,16,dual_threshold_deferral,0.05,0.2864620298083747,0.48985326256634404,False
nsl_kdd_v2,dnn_5class_smote,16,fixed_risk_crc,0.1,0.26233144073811215,0.45238838588822977,False
nsl_kdd_v2,dnn_5class_smote,16,dual_threshold_deferral,0.1,0.26268630234208656,0.4530128004995317,False
nsl_kdd_v2,dnn_5class_smote,16,fixed_risk_crc,0.2,0.23057132718239887,0.39790821105213864,False
nsl_kdd_v2,dnn_5class_smote,16,dual_threshold_deferral,0.2,0.23083747338537972,0.3983765220106151,False
nsl_kdd_v2,dnn_5class_smote,16,conformal_selection_fdr,0.05,0.4126153300212917,0.6943490477677178,False
nsl_kdd_v2,dnn_5class_smote,16,conformal_selection_fdr,0.1,0.4396735273243435,0.7343115828910397,False
nsl_kdd_v2,dnn_5class_smote,16,conformal_selection_fdr,0.2,0.5054116394606104,0.8136122385263815,False
nsl_kdd_v2,dnn_5class_smote,17,fixed_risk_crc,0.05,0.292583392476934,0.500156201187129,False
nsl_kdd_v2,dnn_5class_smote,17,dual_threshold_deferral,0.05,0.2928495386799148,0.5004686035613871,False
nsl_kdd_v2,dnn_5class_smote,17,fixed_risk_crc,0.1,0.2697835344215756,0.464698531708841,False
nsl_kdd_v2,dnn_5class_smote,17,dual_threshold_deferral,0.1,0.2697835344215756,0.464698531708841,False
nsl_kdd_v2,dnn_5class_smote,17,fixed_risk_crc,0.2,0.23988644428672817,0.41393314589190877,False
nsl_kdd_v2,dnn_5class_smote,17,dual_threshold_deferral,0.2,0.23988644428672817,0.41393314589190877,False
nsl_kdd_v2,dnn_5class_smote,17,conformal_selection_fdr,0.05,0.41705110007097235,0.7019681349578257,False
nsl_kdd_v2,dnn_5class_smote,17,conformal_selection_fdr,0.1,0.4449077359829666,0.7424242424242424,False
nsl_kdd_v2,dnn_5class_smote,17,conformal_selection_fdr,0.2,0.51375088715401,0.8206810371758826,False
nsl_kdd_v2,dnn_5class_smote,18,fixed_risk_crc,0.05,0.2877040454222853,0.495248481071818,False
nsl_kdd_v2,dnn_5class_smote,18,dual_threshold_deferral,0.05,0.2877040454222853,0.495248481071818,False
nsl_kdd_v2,dnn_5class_smote,18,fixed_risk_crc,0.1,0.2648154719659333,0.45910577971646677,False
nsl_kdd_v2,dnn_5class_smote,18,dual_threshold_deferral,0.1,0.2648154719659333,0.45910577971646677,False
nsl_kdd_v2,dnn_5class_smote,18,fixed_risk_crc,0.2,0.23349893541518807,0.4048917276834398,False
nsl_kdd_v2,dnn_5class_smote,18,dual_threshold_deferral,0.2,0.2336763662171753,0.40520330269512383,False
nsl_kdd_v2,dnn_5class_smote,18,conformal_selection_fdr,0.05,0.4127927608232789,0.6988627512073532,False
nsl_kdd_v2,dnn_5class_smote,18,conformal_selection_fdr,0.1,0.43896380411639463,0.7359401775977567,False
nsl_kdd_v2,dnn_5class_smote,18,conformal_selection_fdr,0.2,0.5023953158268275,0.8090045178376695,False
nsl_kdd_v2,dnn_5class_smote,19,fixed_risk_crc,0.05,0.29009936124911284,0.496484924230589,False
nsl_kdd_v2,dnn_5class_smote,19,dual_threshold_deferral,0.05,0.29009936124911284,0.496484924230589,False
nsl_kdd_v2,dnn_5class_smote,19,fixed_risk_crc,0.1,0.2654364797728886,0.45805342915169506,False
nsl_kdd_v2,dnn_5class_smote,19,dual_threshold_deferral,0.1,0.2655251951738822,0.45820965474144665,False
nsl_kdd_v2,dnn_5class_smote,19,fixed_risk_crc,0.2,0.23394251242015615,0.4046242774566474,False
nsl_kdd_v2,dnn_5class_smote,19,dual_threshold_deferral,0.2,0.23403122782114974,0.404780503046399,False
nsl_kdd_v2,dnn_5class_smote,19,conformal_selection_fdr,0.05,0.41651880766501065,0.6998906420871739,False
nsl_kdd_v2,dnn_5class_smote,19,conformal_selection_fdr,0.1,0.44357700496806246,0.7391032651148258,False
nsl_kdd_v2,dnn_5class_smote,19,conformal_selection_fdr,0.2,0.5083392476933996,0.8142477737853461,False
unsw_nb15_v2,rf_5class_cw,0,fixed_risk_crc,0.05,0.5230066183422628,0.9523737754333083,False
unsw_nb15_v2,rf_5class_cw,0,dual_threshold_deferral,0.05,0.5230066183422628,0.9523737754333083,False
unsw_nb15_v2,rf_5class_cw,0,fixed_risk_crc,0.1,0.44333438386385127,0.9039186134137152,False
unsw_nb15_v2,rf_5class_cw,0,dual_threshold_deferral,0.1,0.4434604475260006,0.9040693293142427,False
unsw_nb15_v2,rf_5class_cw,0,fixed_risk_crc,0.2,0.3314528837062717,0.7651092690278825,False
unsw_nb15_v2,rf_5class_cw,0,dual_threshold_deferral,0.2,0.3316104632839584,0.7651846269781462,False
unsw_nb15_v2,rf_5class_cw,0,conformal_selection_fdr,0.05,0.41465490072486605,0.875282592313489,False
unsw_nb15_v2,rf_5class_cw,0,conformal_selection_fdr,0.1,0.5069335014182162,0.9442351168048229,False
unsw_nb15_v2,rf_5class_cw,0,conformal_selection_fdr,0.2,0.6249921210211157,0.9905802562170309,False
unsw_nb15_v2,rf_5class_cw,1,fixed_risk_crc,0.05,0.5242672549637567,0.9532873284295139,False
unsw_nb15_v2,rf_5class_cw,1,dual_threshold_deferral,0.05,0.524298770879294,0.9532873284295139,False
unsw_nb15_v2,rf_5class_cw,1,fixed_risk_crc,0.1,0.4405609832965648,0.903920527792523,False
unsw_nb15_v2,rf_5class_cw,1,dual_threshold_deferral,0.1,0.4409076583674756,0.904299689087738,False
unsw_nb15_v2,rf_5class_cw,1,fixed_risk_crc,0.2,0.3290891900409707,0.7635550163039357,False
unsw_nb15_v2,rf_5class_cw,1,dual_threshold_deferral,0.2,0.3291522218720454,0.7637066808220216,False
unsw_nb15_v2,rf_5class_cw,1,conformal_selection_fdr,0.05,0.41667191931925623,0.878971714567377,False
unsw_nb15_v2,rf_5class_cw,1,conformal_selection_fdr,0.1,0.5180271036873622,0.9504057025858801,False
unsw_nb15_v2,rf_5class_cw,1,conformal_selection_fdr,0.2,0.632209265679168,0.9933267612042163,False
unsw_nb15_v2,rf_5class_cw,2,fixed_risk_crc,0.05,0.5270406555310432,0.9523773811309435,False
unsw_nb15_v2,rf_5class_cw,2,dual_threshold_deferral,0.05,0.5273558146864167,0.952452377381131,False
unsw_nb15_v2,rf_5class_cw,2,fixed_risk_crc,0.1,0.44427986132997166,0.9034048297585121,False
unsw_nb15_v2,rf_5class_cw,2,dual_threshold_deferral,0.1,0.444311377245509,0.9034048297585121,False
unsw_nb15_v2,rf_5class_cw,2,fixed_risk_crc,0.2,0.33646391427670974,0.771936403179841,False
unsw_nb15_v2,rf_5class_cw,2,dual_threshold_deferral,0.2,0.3366214938543965,0.7721613919304035,False
unsw_nb15_v2,rf_5class_cw,2,conformal_selection_fdr,0.05,0.41074692719823513,0.8694315284235788,False
unsw_nb15_v2,rf_5class_cw,2,conformal_selection_fdr,0.1,0.5039394894421683,0.9411279436028198,False
unsw_nb15_v2,rf_5class_cw,2,conformal_selection_fdr,0.2,0.6237945162306965,0.9891255437228138,False
unsw_nb15_v2,rf_5class_cw,3,fixed_risk_crc,0.05,0.5253072801764891,0.9550170390003786,False
unsw_nb15_v2,rf_5class_cw,3,dual_threshold_deferral,0.05,0.5254333438386385,0.9550170390003786,False
unsw_nb15_v2,rf_5class_cw,3,fixed_risk_crc,0.1,0.436400882445635,0.8993563044301401,False
unsw_nb15_v2,rf_5class_cw,3,dual_threshold_deferral,0.1,0.4366530097699338,0.8995834911018553,False
unsw_nb15_v2,rf_5class_cw,3,fixed_risk_crc,0.2,0.32804916482823826,0.763195759182128,False
unsw_nb15_v2,rf_5class_cw,3,dual_threshold_deferral,0.2,0.32811219665931296,0.7633472169632715,False
unsw_nb15_v2,rf_5class_cw,3,conformal_selection_fdr,0.05,0.3946422943586511,0.85399469897766,False
unsw_nb15_v2,rf_5class_cw,3,conformal_selection_fdr,0.1,0.5080050425464859,0.9462324876940553,False
unsw_nb15_v2,rf_5class_cw,3,conformal_selection_fdr,0.2,0.6221872045382918,0.9905338886785309,False
unsw_nb15_v2,rf_5class_cw,4,fixed_risk_crc,0.05,0.5203592814371257,0.9498605142124708,False
unsw_nb15_v2,rf_5class_cw,4,dual_threshold_deferral,0.05,0.5204538291837378,0.9499359119354596,False
unsw_nb15_v2,rf_5class_cw,4,fixed_risk_crc,0.1,0.4413173652694611,0.9009273919927618,False
unsw_nb15_v2,rf_5class_cw,4,dual_threshold_deferral,0.1,0.44134888118499843,0.9010027897157505,False
unsw_nb15_v2,rf_5class_cw,4,fixed_risk_crc,0.2,0.3317995587771825,0.7651360928899947,False
unsw_nb15_v2,rf_5class_cw,4,dual_threshold_deferral,0.2,0.3321462338480933,0.7658900701198824,False
unsw_nb15_v2,rf_5class_cw,4,conformal_selection_fdr,0.05,0.40255278915852505,0.8610419965317048,False
unsw_nb15_v2,rf_5class_cw,4,conformal_selection_fdr,0.1,0.5017333753545541,0.9409635828997964,False
unsw_nb15_v2,rf_5class_cw,4,conformal_selection_fdr,0.2,0.6271667191931926,0.9907260800723818,False
unsw_nb15_v2,rf_5class_cw,5,fixed_risk_crc,0.05,0.5197919949574535,0.9533639719731787,False
unsw_nb15_v2,rf_5class_cw,5,dual_threshold_deferral,0.05,0.5198865427040655,0.9534393128908311,False
unsw_nb15_v2,rf_5class_cw,5,fixed_risk_crc,0.1,0.43993066498581784,0.9024335116401718,False
unsw_nb15_v2,rf_5class_cw,5,dual_threshold_deferral,0.1,0.43993066498581784,0.9024335116401718,False
unsw_nb15_v2,rf_5class_cw,5,fixed_risk_crc,0.2,0.3324298770879294,0.7677239508777217,False
unsw_nb15_v2,rf_5class_cw,5,dual_threshold_deferral,0.2,0.33255594075007877,0.7678746327130265,False
unsw_nb15_v2,rf_5class_cw,5,conformal_selection_fdr,0.05,0.4129845572013867,0.874708053944097,False
unsw_nb15_v2,rf_5class_cw,5,conformal_selection_fdr,0.1,0.5063031831074692,0.9467339712197694,False
unsw_nb15_v2,rf_5class_cw,5,conformal_selection_fdr,0.2,0.6245193822880555,0.9908837489640624,False
unsw_nb15_v2,rf_5class_cw,6,fixed_risk_crc,0.05,0.5241727072171447,0.9558455352401184,False
unsw_nb15_v2,rf_5class_cw,6,dual_threshold_deferral,0.05,0.524204223132682,0.9558455352401184,False
unsw_nb15_v2,rf_5class_cw,6,fixed_risk_crc,0.1,0.43703120075638197,0.9002351870116077,False
unsw_nb15_v2,rf_5class_cw,6,dual_threshold_deferral,0.1,0.43703120075638197,0.9002351870116077,False
unsw_nb15_v2,rf_5class_cw,6,fixed_risk_crc,0.2,0.3278285534194768,0.7645853880585691,False
unsw_nb15_v2,rf_5class_cw,6,dual_threshold_deferral,0.2,0.3279546170816262,0.7647371216144451,False
unsw_nb15_v2,rf_5class_cw,6,conformal_selection_fdr,0.05,0.39253072801764893,0.8534253850238981,False
unsw_nb15_v2,rf_5class_cw,6,conformal_selection_fdr,0.1,0.4994642294358651,0.9437068507700478,False
unsw_nb15_v2,rf_5class_cw,6,conformal_selection_fdr,0.2,0.6236684525685471,0.9912753205371367,False
unsw_nb15_v2,rf_5class_cw,7,fixed_risk_crc,0.05,0.5192247084777812,0.951042061386889,False
unsw_nb15_v2,rf_5class_cw,7,dual_threshold_deferral,0.05,0.5195083517176174,0.9511178476695719,False
unsw_nb15_v2,rf_5class_cw,7,fixed_risk_crc,0.1,0.43838638512448785,0.8978400909435392,False
unsw_nb15_v2,rf_5class_cw,7,dual_threshold_deferral,0.1,0.4386069965332493,0.8981432360742706,False
unsw_nb15_v2,rf_5class_cw,7,fixed_risk_crc,0.2,0.32968799243618024,0.7654414550966275,False
unsw_nb15_v2,rf_5class_cw,7,dual_threshold_deferral,0.2,0.3297825401827923,0.765668813944676,False
unsw_nb15_v2,rf_5class_cw,7,conformal_selection_fdr,0.05,0.3939489442168295,0.8528988253126184,False
unsw_nb15_v2,rf_5class_cw,7,conformal_selection_fdr,0.1,0.5021430822565396,0.9422508525956802,False
unsw_nb15_v2,rf_5class_cw,7,conformal_selection_fdr,0.2,0.6194138039710053,0.9892383478590375,False
unsw_nb15_v2,rf_5class_cw,8,fixed_risk_crc,0.05,0.5188780334068704,0.9494636652062245,False
unsw_nb15_v2,rf_5class_cw,8,dual_threshold_deferral,0.05,0.5189410652379451,0.9494636652062245,False
unsw_nb15_v2,rf_5class_cw,8,fixed_risk_crc,0.1,0.4355499527261267,0.8970388276174649,False
unsw_nb15_v2,rf_5class_cw,8,dual_threshold_deferral,0.1,0.4355499527261267,0.8970388276174649,False
unsw_nb15_v2,rf_5class_cw,8,fixed_risk_crc,0.2,0.327481878348566,0.7601601450370147,False
unsw_nb15_v2,rf_5class_cw,8,dual_threshold_deferral,0.2,0.3275449101796407,0.760235685148814,False
unsw_nb15_v2,rf_5class_cw,8,conformal_selection_fdr,0.05,0.40160731169240466,0.8611572745127662,False
unsw_nb15_v2,rf_5class_cw,8,conformal_selection_fdr,0.1,0.4993381657737157,0.9402477715667019,False
unsw_nb15_v2,rf_5class_cw,8,conformal_selection_fdr,0.2,0.6245824141191302,0.9898020849070857,False
unsw_nb15_v2,rf_5class_cw,9,fixed_risk_crc,0.05,0.5266939804601324,0.9561509433962264,False
unsw_nb15_v2,rf_5class_cw,9,dual_threshold_deferral,0.05,0.5267885282067444,0.9562264150943396,False
unsw_nb15_v2,rf_5class_cw,9,fixed_risk_crc,0.1,0.4476205483769303,0.9099622641509434,False
unsw_nb15_v2,rf_5class_cw,9,dual_threshold_deferral,0.1,0.4477150961235424,0.9099622641509434,False
unsw_nb15_v2,rf_5class_cw,9,fixed_risk_crc,0.2,0.33722029624960603,0.7782641509433962,False
unsw_nb15_v2,rf_5class_cw,9,dual_threshold_deferral,0.2,0.33722029624960603,0.7782641509433962,False
unsw_nb15_v2,rf_5class_cw,9,conformal_selection_fdr,0.05,0.4014497321147179,0.8633207547169811,False
unsw_nb15_v2,rf_5class_cw,9,conformal_selection_fdr,0.1,0.49927513394264106,0.9427169811320755,False
unsw_nb15_v2,rf_5class_cw,9,conformal_selection_fdr,0.2,0.6196344153797668,0.9895094339622641,False
unsw_nb15_v2,rf_5class_cw,10,fixed_risk_crc,0.05,0.5203907973526631,0.9524635931487211,False
unsw_nb15_v2,rf_5class_cw,10,dual_threshold_deferral,0.05,0.5204223132682004,0.9524635931487211,False
unsw_nb15_v2,rf_5class_cw,10,fixed_risk_crc,0.1,0.44188465174913333,0.9039462763147966,False
unsw_nb15_v2,rf_5class_cw,10,dual_threshold_deferral,0.1,0.44204223132682,0.9041726401569457,False
unsw_nb15_v2,rf_5class_cw,10,fixed_risk_crc,0.2,0.333123227229751,0.768807062551875,False
unsw_nb15_v2,rf_5class_cw,10,dual_threshold_deferral,0.2,0.33321777497636307,0.7689579717799744,False
unsw_nb15_v2,rf_5class_cw,10,conformal_selection_fdr,0.05,0.3968799243618027,0.856334414849468,False
unsw_nb15_v2,rf_5class_cw,10,conformal_selection_fdr,0.1,0.4968484084462654,0.9404663095148268,False
unsw_nb15_v2,rf_5class_cw,10,conformal_selection_fdr,0.2,0.6168294988969429,0.9887572625066022,False
unsw_nb15_v2,rf_5class_cw,11,fixed_risk_crc,0.05,0.5234478411597857,0.9561529723589549,False
unsw_nb15_v2,rf_5class_cw,11,dual_threshold_deferral,0.05,0.5234478411597857,0.9561529723589549,False
unsw_nb15_v2,rf_5class_cw,11,fixed_risk_crc,0.1,0.4439962180901355,0.9083680424081787,False
unsw_nb15_v2,rf_5class_cw,11,dual_threshold_deferral,0.1,0.4441222817522849,0.9085195001893223,False
unsw_nb15_v2,rf_5class_cw,11,fixed_risk_crc,0.2,0.3371887803340687,0.7794017417644832,False
unsw_nb15_v2,rf_5class_cw,11,dual_threshold_deferral,0.2,0.3371887803340687,0.7794017417644832,False
unsw_nb15_v2,rf_5class_cw,11,conformal_selection_fdr,0.05,0.40248975732745035,0.8649753881105642,False
unsw_nb15_v2,rf_5class_cw,11,conformal_selection_fdr,0.1,0.49155373463599117,0.9394168875425976,False
unsw_nb15_v2,rf_5class_cw,11,conformal_selection_fdr,0.2,0.6179010400252127,0.9902309731162439,False
unsw_nb15_v2,rf_5class_cw,12,fixed_risk_crc,0.05,0.5156949259375985,0.9508894632811312,False
unsw_nb15_v2,rf_5class_cw,12,dual_threshold_deferral,0.05,0.5156949259375985,0.9508894632811312,False
unsw_nb15_v2,rf_5class_cw,12,fixed_risk_crc,0.1,0.4370627166719193,0.9003344990117075,False
unsw_nb15_v2,rf_5class_cw,12,dual_threshold_deferral,0.1,0.4370627166719193,0.9003344990117075,False
unsw_nb15_v2,rf_5class_cw,12,fixed_risk_crc,0.2,0.3316734951150331,0.7713243119963509,False
unsw_nb15_v2,rf_5class_cw,12,dual_threshold_deferral,0.2,0.3317365269461078,0.7714003344990117,False
unsw_nb15_v2,rf_5class_cw,12,conformal_selection_fdr,0.05,0.3991175543649543,0.860802797628098,False
unsw_nb15_v2,rf_5class_cw,12,conformal_selection_fdr,0.1,0.4946422943586511,0.939866200395317,False
unsw_nb15_v2,rf_5class_cw,12,conformal_selection_fdr,0.2,0.6201701859439017,0.9896609396381328,False
unsw_nb15_v2,rf_5class_cw,13,fixed_risk_crc,0.05,0.5229435865111881,0.9532773871626219,False
unsw_nb15_v2,rf_5class_cw,13,dual_threshold_deferral,0.05,0.5230696501733375,0.9532773871626219,False
unsw_nb15_v2,rf_5class_cw,13,fixed_risk_crc,0.1,0.44396470217459816,0.9077644212595448,False
unsw_nb15_v2,rf_5class_cw,13,dual_threshold_deferral,0.1,0.44421682949889696,0.908142435926514,False
unsw_nb15_v2,rf_5class_cw,13,fixed_risk_crc,0.2,0.3348881184998424,0.7740984350192788,False
unsw_nb15_v2,rf_5class_cw,13,dual_threshold_deferral,0.2,0.33510872990860385,0.7746276555530355,False
unsw_nb15_v2,rf_5class_cw,13,conformal_selection_fdr,0.05,0.3960605105578317,0.8569592500189007,False
unsw_nb15_v2,rf_5class_cw,13,conformal_selection_fdr,0.1,0.5091711314213678,0.9468511378241475,False
unsw_nb15_v2,rf_5class_cw,13,conformal_selection_fdr,0.2,0.625843050740624,0.9907764421259545,False
unsw_nb15_v2,rf_5class_cw,14,fixed_risk_crc,0.05,0.5194453198865427,0.9520769172988808,False
unsw_nb15_v2,rf_5class_cw,14,dual_threshold_deferral,0.05,0.519571383548692,0.9521520318485691,False
unsw_nb15_v2,rf_5class_cw,14,fixed_risk_crc,0.1,0.441853135833596,0.903177345451814,False
unsw_nb15_v2,rf_5class_cw,14,dual_threshold_deferral,0.1,0.44188465174913333,0.903177345451814,False
unsw_nb15_v2,rf_5class_cw,14,fixed_risk_crc,0.2,0.33747242357390483,0.7754074964320589,False
unsw_nb15_v2,rf_5class_cw,14,dual_threshold_deferral,0.2,0.3375039394894422,0.7754826109817472,False
unsw_nb15_v2,rf_5class_cw,14,conformal_selection_fdr,0.05,0.39773085408131104,0.8565312100953955,False
unsw_nb15_v2,rf_5class_cw,14,conformal_selection_fdr,0.1,0.5031515915537347,0.9438143168331706,False
unsw_nb15_v2,rf_5class_cw,14,conformal_selection_fdr,0.2,0.6247715096123543,0.9902351085405243,False
unsw_nb15_v2,rf_5class_cw,15,fixed_risk_crc,0.05,0.5200126063662149,0.9522512296632615,False
unsw_nb15_v2,rf_5class_cw,15,dual_threshold_deferral,0.05,0.520201701859439,0.9523269012485811,False
unsw_nb15_v2,rf_5class_cw,15,fixed_risk_crc,0.1,0.44147494484714783,0.9045024593265228,False
unsw_nb15_v2,rf_5class_cw,15,dual_threshold_deferral,0.1,0.44182161991805863,0.9050321604237609,False
unsw_nb15_v2,rf_5class_cw,15,fixed_risk_crc,0.2,0.3344153797667822,0.7751797200151344,False
unsw_nb15_v2,rf_5class_cw,15,dual_threshold_deferral,0.2,0.3344153797667822,0.7751797200151344,False
unsw_nb15_v2,rf_5class_cw,15,conformal_selection_fdr,0.05,0.39086038449416954,0.8508513053348468,False
unsw_nb15_v2,rf_5class_cw,15,conformal_selection_fdr,0.1,0.48679483138985186,0.9349224366250473,False
unsw_nb15_v2,rf_5class_cw,15,conformal_selection_fdr,0.2,0.6133312322722975,0.9879682179341657,False
unsw_nb15_v2,rf_5class_cw,16,fixed_risk_crc,0.05,0.5275764260951781,0.9561689542731477,False
unsw_nb15_v2,rf_5class_cw,16,dual_threshold_deferral,0.05,0.5275764260951781,0.9561689542731477,False
unsw_nb15_v2,rf_5class_cw,16,fixed_risk_crc,0.1,0.4423258745666562,0.903768863274437,False
unsw_nb15_v2,rf_5class_cw,16,dual_threshold_deferral,0.1,0.4423258745666562,0.903768863274437,False
unsw_nb15_v2,rf_5class_cw,16,fixed_risk_crc,0.2,0.33343838638512446,0.7725790551300523,False
unsw_nb15_v2,rf_5class_cw,16,dual_threshold_deferral,0.2,0.33350141821619916,0.7727307196481383,False
unsw_nb15_v2,rf_5class_cw,16,conformal_selection_fdr,0.05,0.4012291207059565,0.8621369530598316,False
unsw_nb15_v2,rf_5class_cw,16,conformal_selection_fdr,0.1,0.5017333753545541,0.9431258057177523,False
unsw_nb15_v2,rf_5class_cw,16,conformal_selection_fdr,0.2,0.62410967538607,0.9911276256919693,False
unsw_nb15_v2,rf_5class_cw,17,fixed_risk_crc,0.05,0.5200126063662149,0.9521827948853749,False
unsw_nb15_v2,rf_5class_cw,17,dual_threshold_deferral,0.05,0.5200126063662149,0.9521827948853749,False
unsw_nb15_v2,rf_5class_cw,17,fixed_risk_crc,0.1,0.44021430822565394,0.9042142695013997,False
unsw_nb15_v2,rf_5class_cw,17,dual_threshold_deferral,0.1,0.44027734005672864,0.9042142695013997,False
unsw_nb15_v2,rf_5class_cw,17,fixed_risk_crc,0.2,0.33621178695241094,0.7768026027086328,False
unsw_nb15_v2,rf_5class_cw,17,dual_threshold_deferral,0.2,0.33627481878348564,0.7769539229779829,False
unsw_nb15_v2,rf_5class_cw,17,conformal_selection_fdr,0.05,0.3963126378821305,0.8584398880230006,False
unsw_nb15_v2,rf_5class_cw,17,conformal_selection_fdr,0.1,0.49268830759533566,0.9387152909132178,False
unsw_nb15_v2,rf_5class_cw,17,conformal_selection_fdr,0.2,0.6227229751024267,0.9908451237043202,False
unsw_nb15_v2,rf_5class_cw,18,fixed_risk_crc,0.05,0.5246769618657422,0.9547971179370497,False
unsw_nb15_v2,rf_5class_cw,18,dual_threshold_deferral,0.05,0.5248345414434289,0.9547971179370497,False
unsw_nb15_v2,rf_5class_cw,18,fixed_risk_crc,0.1,0.43844941695556255,0.9025407660219947,False
unsw_nb15_v2,rf_5class_cw,18,dual_threshold_deferral,0.1,0.43857548061771195,0.9026166097838453,False
unsw_nb15_v2,rf_5class_cw,18,fixed_risk_crc,0.2,0.3297195083517176,0.7672354948805461,False
unsw_nb15_v2,rf_5class_cw,18,dual_threshold_deferral,0.2,0.3297195083517176,0.7672354948805461,False
unsw_nb15_v2,rf_5class_cw,18,conformal_selection_fdr,0.05,0.4060825716987079,0.8679560106181267,False
unsw_nb15_v2,rf_5class_cw,18,conformal_selection_fdr,0.1,0.4967538606996533,0.940386803185438,False
unsw_nb15_v2,rf_5class_cw,18,conformal_selection_fdr,0.2,0.6225023636936653,0.9908229048160789,False
unsw_nb15_v2,rf_5class_cw,19,fixed_risk_crc,0.05,0.5238890639773085,0.9539303633875628,False
unsw_nb15_v2,rf_5class_cw,19,dual_threshold_deferral,0.05,0.5238890639773085,0.9539303633875628,False
unsw_nb15_v2,rf_5class_cw,19,fixed_risk_crc,0.1,0.43911125118184685,0.9039835791394253,False
unsw_nb15_v2,rf_5class_cw,19,dual_threshold_deferral,0.1,0.43911125118184685,0.9039835791394253,False
unsw_nb15_v2,rf_5class_cw,19,fixed_risk_crc,0.2,0.3342578001890955,0.7747453246160864,False
unsw_nb15_v2,rf_5class_cw,19,dual_threshold_deferral,0.2,0.3346044752600063,0.7751254371293903,False
unsw_nb15_v2,rf_5class_cw,19,conformal_selection_fdr,0.05,0.3930349826662465,0.8540367948912878,False
unsw_nb15_v2,rf_5class_cw,19,conformal_selection_fdr,0.1,0.49457926252757645,0.9401702904059601,False
unsw_nb15_v2,rf_5class_cw,19,conformal_selection_fdr,0.2,0.622470847778128,0.9908012771780447,False
unsw_nb15_v2,xgb_5class_cw,0,fixed_risk_crc,0.05,0.5284273558146864,0.9582516955538809,False
unsw_nb15_v2,xgb_5class_cw,0,dual_threshold_deferral,0.05,0.5286164513079105,0.9583270535041447,False
unsw_nb15_v2,xgb_5class_cw,0,fixed_risk_crc,0.1,0.45190671289000944,0.9157498116051244,False
unsw_nb15_v2,xgb_5class_cw,0,dual_threshold_deferral,0.1,0.45190671289000944,0.9157498116051244,False
unsw_nb15_v2,xgb_5class_cw,0,fixed_risk_crc,0.2,0.35537346359911753,0.8220798794272796,False
unsw_nb15_v2,xgb_5class_cw,0,dual_threshold_deferral,0.2,0.3554680113457296,0.8220798794272796,False
unsw_nb15_v2,xgb_5class_cw,0,conformal_selection_fdr,0.05,0.4478411597856918,0.9132629992464205,False
unsw_nb15_v2,xgb_5class_cw,0,conformal_selection_fdr,0.1,0.5210526315789473,0.9537302185380557,False
unsw_nb15_v2,xgb_5class_cw,0,conformal_selection_fdr,0.2,0.6201386700283643,0.9881688018085908,False
unsw_nb15_v2,xgb_5class_cw,1,fixed_risk_crc,0.05,0.5271982351087299,0.9573822704178357,False
unsw_nb15_v2,xgb_5class_cw,1,dual_threshold_deferral,0.05,0.527292782855342,0.9573822704178357,False
unsw_nb15_v2,xgb_5class_cw,1,fixed_risk_crc,0.1,0.4538922155688623,0.9183286570106923,False
unsw_nb15_v2,xgb_5class_cw,1,dual_threshold_deferral,0.1,0.453955247399937,0.9183286570106923,False
unsw_nb15_v2,xgb_5class_cw,1,fixed_risk_crc,0.2,0.3558777182477151,0.8259649654963221,False
unsw_nb15_v2,xgb_5class_cw,1,dual_threshold_deferral,0.2,0.3558777182477151,0.8259649654963221,False
unsw_nb15_v2,xgb_5class_cw,1,conformal_selection_fdr,0.05,0.45174913331232275,0.9174945021612194,False
unsw_nb15_v2,xgb_5class_cw,1,conformal_selection_fdr,0.1,0.525748502994012,0.9569272768635778,False
unsw_nb15_v2,xgb_5class_cw,1,conformal_selection_fdr,0.2,0.6255594075007879,0.9905967998786683,False
unsw_nb15_v2,xgb_5class_cw,2,fixed_risk_crc,0.05,0.530854081311062,0.9574771261436928,False
unsw_nb15_v2,xgb_5class_cw,2,dual_threshold_deferral,0.05,0.530854081311062,0.9574771261436928,False
unsw_nb15_v2,xgb_5class_cw,2,fixed_risk_crc,0.1,0.4570438071225969,0.9163041847907605,False
unsw_nb15_v2,xgb_5class_cw,2,dual_threshold_deferral,0.1,0.457232902615821,0.9164541772911354,False
unsw_nb15_v2,xgb_5class_cw,2,fixed_risk_crc,0.2,0.36208635360857233,0.8288585570721464,False
unsw_nb15_v2,xgb_5class_cw,2,dual_threshold_deferral,0.2,0.36208635360857233,0.8288585570721464,False
unsw_nb15_v2,xgb_5class_cw,2,conformal_selection_fdr,0.05,0.4506460762685156,0.9123293835308235,False
unsw_nb15_v2,xgb_5class_cw,2,conformal_selection_fdr,0.1,0.5160731169240467,0.9499775011249437,False
unsw_nb15_v2,xgb_5class_cw,2,conformal_selection_fdr,0.2,0.6200756381972896,0.9866506674666267,False
unsw_nb15_v2,xgb_5class_cw,3,fixed_risk_crc,0.05,0.5254018279231012,0.95766755017039,False
unsw_nb15_v2,xgb_5class_cw,3,dual_threshold_deferral,0.05,0.5254018279231012,0.95766755017039,False
unsw_nb15_v2,xgb_5class_cw,3,fixed_risk_crc,0.1,0.4484714780964387,0.9132904202953427,False
unsw_nb15_v2,xgb_5class_cw,3,dual_threshold_deferral,0.1,0.4485029940119761,0.9132904202953427,False
unsw_nb15_v2,xgb_5class_cw,3,fixed_risk_crc,0.2,0.35515285219035614,0.8232487694055282,False
unsw_nb15_v2,xgb_5class_cw,3,dual_threshold_deferral,0.2,0.35562559092341633,0.8238546005301023,False
unsw_nb15_v2,xgb_5class_cw,3,conformal_selection_fdr,0.05,0.43252442483454145,0.903369935630443,False
unsw_nb15_v2,xgb_5class_cw,3,conformal_selection_fdr,0.1,0.518373778758273,0.9535781900795154,False
unsw_nb15_v2,xgb_5class_cw,3,conformal_selection_fdr,0.2,0.615190671289001,0.9875804619462325,False
unsw_nb15_v2,xgb_5class_cw,4,fixed_risk_crc,0.05,0.5253387960920265,0.9557415366055945,False
unsw_nb15_v2,xgb_5class_cw,4,dual_threshold_deferral,0.05,0.5254333438386385,0.9558169343285833,False
unsw_nb15_v2,xgb_5class_cw,4,fixed_risk_crc,0.1,0.4516545855657107,0.9151021639146498,False
unsw_nb15_v2,xgb_5class_cw,4,dual_threshold_deferral,0.1,0.4516545855657107,0.9151021639146498,False
unsw_nb15_v2,xgb_5class_cw,4,fixed_risk_crc,0.2,0.354774661203908,0.821684385131569,False
unsw_nb15_v2,xgb_5class_cw,4,dual_threshold_deferral,0.2,0.354774661203908,0.821684385131569,False
unsw_nb15_v2,xgb_5class_cw,4,conformal_selection_fdr,0.05,0.4398991490702805,0.9080147779537058,False
unsw_nb15_v2,xgb_5class_cw,4,conformal_selection_fdr,0.1,0.5154743145288371,0.9512176732262686,False
unsw_nb15_v2,xgb_5class_cw,4,conformal_selection_fdr,0.2,0.6216514339741569,0.9883887506597301,False
unsw_nb15_v2,xgb_5class_cw,5,fixed_risk_crc,0.05,0.5245193822880555,0.9572816996911022,False
unsw_nb15_v2,xgb_5class_cw,5,dual_threshold_deferral,0.05,0.5245824141191302,0.9572816996911022,False
unsw_nb15_v2,xgb_5class_cw,5,fixed_risk_crc,0.1,0.4566971320516861,0.9208920364650042,False
unsw_nb15_v2,xgb_5class_cw,5,dual_threshold_deferral,0.1,0.45694925937598485,0.9210427183003089,False
unsw_nb15_v2,xgb_5class_cw,5,fixed_risk_crc,0.2,0.3586196028994642,0.8276199804113614,False
unsw_nb15_v2,xgb_5class_cw,5,dual_threshold_deferral,0.2,0.3587456665616136,0.8277706622466662,False
unsw_nb15_v2,xgb_5class_cw,5,conformal_selection_fdr,0.05,0.44866057358966277,0.9161455586529044,False
unsw_nb15_v2,xgb_5class_cw,5,conformal_selection_fdr,0.1,0.5207374724235739,0.9551721539968356,False
unsw_nb15_v2,xgb_5class_cw,5,conformal_selection_fdr,0.2,0.6177749763630633,0.987418066752053,False
unsw_nb15_v2,xgb_5class_cw,6,fixed_risk_crc,0.05,0.5268200441222818,0.9598664744708292,False
unsw_nb15_v2,xgb_5class_cw,6,dual_threshold_deferral,0.05,0.5270406555310432,0.9599423412487672,False
unsw_nb15_v2,xgb_5class_cw,6,fixed_risk_crc,0.1,0.45190671289000944,0.9175328123814581,False
unsw_nb15_v2,xgb_5class_cw,6,dual_threshold_deferral,0.1,0.45196974472108414,0.9175328123814581,False
unsw_nb15_v2,xgb_5class_cw,6,fixed_risk_crc,0.2,0.3522849038764576,0.8204992033988316,False
unsw_nb15_v2,xgb_5class_cw,6,dual_threshold_deferral,0.2,0.3522849038764576,0.8204992033988316,False
unsw_nb15_v2,xgb_5class_cw,6,conformal_selection_fdr,0.05,0.4415694925937598,0.9105530688111676,False
unsw_nb15_v2,xgb_5class_cw,6,conformal_selection_fdr,0.1,0.5164513079104948,0.9547075335710492,False
unsw_nb15_v2,xgb_5class_cw,6,conformal_selection_fdr,0.2,0.6157264418531359,0.9875578484181777,False
unsw_nb15_v2,xgb_5class_cw,7,fixed_risk_crc,0.05,0.5200756381972896,0.9542250852595681,False
unsw_nb15_v2,xgb_5class_cw,7,dual_threshold_deferral,0.05,0.5200756381972896,0.9542250852595681,False
unsw_nb15_v2,xgb_5class_cw,7,fixed_risk_crc,0.1,0.4511188150015758,0.915346722243274,False
unsw_nb15_v2,xgb_5class_cw,7,dual_threshold_deferral,0.1,0.45130791049479985,0.915346722243274,False
unsw_nb15_v2,xgb_5class_cw,7,fixed_risk_crc,0.2,0.35360857232902615,0.8207654414550967,False
unsw_nb15_v2,xgb_5class_cw,7,dual_threshold_deferral,0.2,0.3536400882445635,0.8208412277377795,False
unsw_nb15_v2,xgb_5class_cw,7,conformal_selection_fdr,0.05,0.4422628427355815,0.9098901098901099,False
unsw_nb15_v2,xgb_5class_cw,7,conformal_selection_fdr,0.1,0.5191931925622439,0.9534672224327396,False
unsw_nb15_v2,xgb_5class_cw,7,conformal_selection_fdr,0.2,0.6191301607311692,0.9880257673361121,False
unsw_nb15_v2,xgb_5class_cw,8,fixed_risk_crc,0.05,0.5197919949574535,0.953693911466989,False
unsw_nb15_v2,xgb_5class_cw,8,dual_threshold_deferral,0.05,0.5198865427040655,0.953693911466989,False
unsw_nb15_v2,xgb_5class_cw,8,fixed_risk_crc,0.1,0.4518121651433974,0.914413053331319,False
unsw_nb15_v2,xgb_5class_cw,8,dual_threshold_deferral,0.1,0.4518751969744721,0.914413053331319,False
unsw_nb15_v2,xgb_5class_cw,8,fixed_risk_crc,0.2,0.3508982035928144,0.8162864481039432,False
unsw_nb15_v2,xgb_5class_cw,8,dual_threshold_deferral,0.2,0.3508982035928144,0.8162864481039432,False
unsw_nb15_v2,xgb_5class_cw,8,conformal_selection_fdr,0.05,0.4394264103372203,0.9067079619277837,False
unsw_nb15_v2,xgb_5class_cw,8,conformal_selection_fdr,0.1,0.5198865427040655,0.953693911466989,False
unsw_nb15_v2,xgb_5class_cw,8,conformal_selection_fdr,0.2,0.6191931925622439,0.987611421664904,False
unsw_nb15_v2,xgb_5class_cw,9,fixed_risk_crc,0.05,0.5312637882130475,0.9615849056603774,False
unsw_nb15_v2,xgb_5class_cw,9,dual_threshold_deferral,0.05,0.5313583359596596,0.9615849056603774,False
unsw_nb15_v2,xgb_5class_cw,9,fixed_risk_crc,0.1,0.45553104317680426,0.9216603773584906,False
unsw_nb15_v2,xgb_5class_cw,9,dual_threshold_deferral,0.1,0.45553104317680426,0.9216603773584906,False
unsw_nb15_v2,xgb_5class_cw,9,fixed_risk_crc,0.2,0.3615820989599748,0.8338867924528302,False
unsw_nb15_v2,xgb_5class_cw,9,dual_threshold_deferral,0.2,0.3615820989599748,0.8338867924528302,False
unsw_nb15_v2,xgb_5class_cw,9,conformal_selection_fdr,0.05,0.44267254963756697,0.9142641509433962,False
unsw_nb15_v2,xgb_5class_cw,9,conformal_selection_fdr,0.1,0.5189410652379451,0.9563018867924529,False
unsw_nb15_v2,xgb_5class_cw,9,conformal_selection_fdr,0.2,0.616199180586196,0.9874716981132076,False
unsw_nb15_v2,xgb_5class_cw,10,fixed_risk_crc,0.05,0.5208320201701859,0.9545008677280615,False
unsw_nb15_v2,xgb_5class_cw,10,dual_threshold_deferral,0.05,0.520926567916798,0.9545008677280615,False
unsw_nb15_v2,xgb_5class_cw,10,fixed_risk_crc,0.1,0.4501733375354554,0.915038104580095,False
unsw_nb15_v2,xgb_5class_cw,10,dual_threshold_deferral,0.1,0.4502363693665301,0.915038104580095,False
unsw_nb15_v2,xgb_5class_cw,10,fixed_risk_crc,0.2,0.3559407500787898,0.8229080208254734,False
unsw_nb15_v2,xgb_5class_cw,10,dual_threshold_deferral,0.2,0.35597226599432713,0.8229080208254734,False
unsw_nb15_v2,xgb_5class_cw,10,conformal_selection_fdr,0.05,0.4422313268200441,0.9106617369652155,False
unsw_nb15_v2,xgb_5class_cw,10,conformal_selection_fdr,0.1,0.5158209895997479,0.9520108654644232,False
unsw_nb15_v2,xgb_5class_cw,10,conformal_selection_fdr,0.2,0.6133942641033722,0.988153625594205,False
unsw_nb15_v2,xgb_5class_cw,11,fixed_risk_crc,0.05,0.524929089190041,0.9599394168875426,False
unsw_nb15_v2,xgb_5class_cw,11,dual_threshold_deferral,0.05,0.5250551528521904,0.9600151457781143,False
unsw_nb15_v2,xgb_5class_cw,11,fixed_risk_crc,0.1,0.45316734951150334,0.9197273759939417,False
unsw_nb15_v2,xgb_5class_cw,11,dual_threshold_deferral,0.1,0.45319886542704063,0.9197273759939417,False
unsw_nb15_v2,xgb_5class_cw,11,fixed_risk_crc,0.2,0.358871730223763,0.8318061340401363,False
unsw_nb15_v2,xgb_5class_cw,11,dual_threshold_deferral,0.2,0.3590923416325244,0.8321847784929951,False
unsw_nb15_v2,xgb_5class_cw,11,conformal_selection_fdr,0.05,0.4414434289316105,0.9127603180613404,False
unsw_nb15_v2,xgb_5class_cw,11,conformal_selection_fdr,0.1,0.5092971950835172,0.9511548655812192,False
unsw_nb15_v2,xgb_5class_cw,11,conformal_selection_fdr,0.2,0.612007563819729,0.9873532752745172,False
unsw_nb15_v2,xgb_5class_cw,12,fixed_risk_crc,0.05,0.5255909234163253,0.958111601033906,False
unsw_nb15_v2,xgb_5class_cw,12,dual_threshold_deferral,0.05,0.5255909234163253,0.958111601033906,False
unsw_nb15_v2,xgb_5class_cw,12,fixed_risk_crc,0.1,0.4515285219035613,0.9167553595864376,False
unsw_nb15_v2,xgb_5class_cw,12,dual_threshold_deferral,0.1,0.45162306965017335,0.9167553595864376,False
unsw_nb15_v2,xgb_5class_cw,12,fixed_risk_crc,0.2,0.35449101796407184,0.8240839288429375,False
unsw_nb15_v2,xgb_5class_cw,12,dual_threshold_deferral,0.2,0.35474314528837064,0.8243880188535807,False
unsw_nb15_v2,xgb_5class_cw,12,conformal_selection_fdr,0.05,0.43157894736842106,0.9035274441234605,False
unsw_nb15_v2,xgb_5class_cw,12,conformal_selection_fdr,0.1,0.5071856287425149,0.9480766306826821,False
unsw_nb15_v2,xgb_5class_cw,12,conformal_selection_fdr,0.2,0.6126063662149386,0.9865440170290406,False
unsw_nb15_v2,xgb_5class_cw,13,fixed_risk_crc,0.05,0.5299401197604791,0.960610871701822,False
unsw_nb15_v2,xgb_5class_cw,13,dual_threshold_deferral,0.05,0.530034667507091,0.960610871701822,False
unsw_nb15_v2,xgb_5class_cw,13,fixed_risk_crc,0.1,0.45802080050425464,0.9214485522038255,False
unsw_nb15_v2,xgb_5class_cw,13,dual_threshold_deferral,0.1,0.45814686416640404,0.9217509639374007,False
unsw_nb15_v2,xgb_5class_cw,13,fixed_risk_crc,0.2,0.3579262527576426,0.826869282528162,False
unsw_nb15_v2,xgb_5class_cw,13,dual_threshold_deferral,0.2,0.35795776867317997,0.826869282528162,False
unsw_nb15_v2,xgb_5class_cw,13,conformal_selection_fdr,0.05,0.44333438386385127,0.9133590383306872,False
unsw_nb15_v2,xgb_5class_cw,13,conformal_selection_fdr,0.1,0.5213993066498582,0.9560746956981931,False
unsw_nb15_v2,xgb_5class_cw,13,conformal_selection_fdr,0.2,0.619382288055468,0.9876011189234142,False
unsw_nb15_v2,xgb_5class_cw,14,fixed_risk_crc,0.05,0.526473369051371,0.9590625704198903,False
unsw_nb15_v2,xgb_5class_cw,14,dual_threshold_deferral,0.05,0.5266309486290577,0.9592127995192669,False
unsw_nb15_v2,xgb_5class_cw,14,fixed_risk_crc,0.1,0.45619287740308856,0.9179749117404041,False
unsw_nb15_v2,xgb_5class_cw,14,dual_threshold_deferral,0.1,0.4571068389536716,0.9182753699391573,False
unsw_nb15_v2,xgb_5class_cw,14,fixed_risk_crc,0.2,0.3587456665616136,0.8247577555772553,False
unsw_nb15_v2,xgb_5class_cw,14,dual_threshold_deferral,0.2,0.3587456665616136,0.8247577555772553,False
unsw_nb15_v2,xgb_5class_cw,14,conformal_selection_fdr,0.05,0.44115978569177433,0.9088860512281229,False
unsw_nb15_v2,xgb_5class_cw,14,conformal_selection_fdr,0.1,0.5128900094547747,0.9525276045970105,False
unsw_nb15_v2,xgb_5class_cw,14,conformal_selection_fdr,0.2,0.6140245824141192,0.9870051829039285,False
unsw_nb15_v2,xgb_5class_cw,15,fixed_risk_crc,0.05,0.5247715096123542,0.9576995838062807,False
unsw_nb15_v2,xgb_5class_cw,15,dual_threshold_deferral,0.05,0.525023636936653,0.9580779417328793,False
unsw_nb15_v2,xgb_5class_cw,15,fixed_risk_crc,0.1,0.4544595020485345,0.9185017026106697,False
unsw_nb15_v2,xgb_5class_cw,15,dual_threshold_deferral,0.1,0.4544910179640719,0.9185773741959894,False
unsw_nb15_v2,xgb_5class_cw,15,fixed_risk_crc,0.2,0.3562559092341632,0.8251986379114642,False
unsw_nb15_v2,xgb_5class_cw,15,dual_threshold_deferral,0.2,0.3562874251497006,0.8252743094967839,False
unsw_nb15_v2,xgb_5class_cw,15,conformal_selection_fdr,0.05,0.4299086038449417,0.9034430571320469,False
unsw_nb15_v2,xgb_5class_cw,15,conformal_selection_fdr,0.1,0.4977623699968484,0.9436246689368142,False
unsw_nb15_v2,xgb_5class_cw,15,conformal_selection_fdr,0.2,0.6044437440907658,0.9842603102534998,False
unsw_nb15_v2,xgb_5class_cw,16,fixed_risk_crc,0.05,0.526662464544595,0.9582922575263517,False
unsw_nb15_v2,xgb_5class_cw,16,dual_threshold_deferral,0.05,0.5267885282067444,0.9584439220444377,False
unsw_nb15_v2,xgb_5class_cw,16,fixed_risk_crc,0.1,0.45496375669713207,0.9190869796011223,False
unsw_nb15_v2,xgb_5class_cw,16,dual_threshold_deferral,0.1,0.45512133627481877,0.9192386441192083,False
unsw_nb15_v2,xgb_5class_cw,16,fixed_risk_crc,0.2,0.356508036558462,0.8267232880867521,False
unsw_nb15_v2,xgb_5class_cw,16,dual_threshold_deferral,0.2,0.3565395524739994,0.8267232880867521,False
unsw_nb15_v2,xgb_5class_cw,16,conformal_selection_fdr,0.05,0.43362748187834854,0.9063471600818989,False
unsw_nb15_v2,xgb_5class_cw,16,conformal_selection_fdr,0.1,0.5158209895997479,0.9523773413209979,False
unsw_nb15_v2,xgb_5class_cw,16,conformal_selection_fdr,0.2,0.6207689883391112,0.9890043224387655,False
unsw_nb15_v2,xgb_5class_cw,17,fixed_risk_crc,0.05,0.5248660573589663,0.9573276840432776,False
unsw_nb15_v2,xgb_5class_cw,17,dual_threshold_deferral,0.05,0.5248975732745036,0.9573276840432776,False
unsw_nb15_v2,xgb_5class_cw,17,fixed_risk_crc,0.1,0.45458556571068387,0.920027237648483,False
unsw_nb15_v2,xgb_5class_cw,17,dual_threshold_deferral,0.1,0.4547431452883706,0.9201785579178331,False
unsw_nb15_v2,xgb_5class_cw,17,fixed_risk_crc,0.2,0.358871730223763,0.8293107361731104,False
unsw_nb15_v2,xgb_5class_cw,17,dual_threshold_deferral,0.2,0.35902930980144976,0.8293863963077854,False
unsw_nb15_v2,xgb_5class_cw,17,conformal_selection_fdr,0.05,0.43410022061140874,0.9068623742150261,False
unsw_nb15_v2,xgb_5class_cw,17,conformal_selection_fdr,0.1,0.5036873621178696,0.9464326246500718,False
unsw_nb15_v2,xgb_5class_cw,17,conformal_selection_fdr,0.2,0.6106208635360857,0.9856245744117424,False
unsw_nb15_v2,xgb_5class_cw,18,fixed_risk_crc,0.05,0.5237945162306965,0.9569965870307168,False
unsw_nb15_v2,xgb_5class_cw,18,dual_threshold_deferral,0.05,0.5241727072171447,0.9572241183162685,False
unsw_nb15_v2,xgb_5class_cw,18,fixed_risk_crc,0.1,0.45121336274818785,0.9146757679180887,False
unsw_nb15_v2,xgb_5class_cw,18,dual_threshold_deferral,0.1,0.45121336274818785,0.9146757679180887,False
unsw_nb15_v2,xgb_5class_cw,18,fixed_risk_crc,0.2,0.3531673495115033,0.8215396283655669,False
unsw_nb15_v2,xgb_5class_cw,18,dual_threshold_deferral,0.2,0.3531673495115033,0.8215396283655669,False
unsw_nb15_v2,xgb_5class_cw,18,conformal_selection_fdr,0.05,0.44005672864796724,0.907622298065984,False
unsw_nb15_v2,xgb_5class_cw,18,conformal_selection_fdr,0.1,0.5183422628427355,0.9539628365566932,False
unsw_nb15_v2,xgb_5class_cw,18,conformal_selection_fdr,0.2,0.6147179325559408,0.9862722791050436,False
unsw_nb15_v2,xgb_5class_cw,19,fixed_risk_crc,0.05,0.5228805546801134,0.9567431959860119,False
unsw_nb15_v2,xgb_5class_cw,19,dual_threshold_deferral,0.05,0.5229751024267255,0.9567431959860119,False
unsw_nb15_v2,xgb_5class_cw,19,fixed_risk_crc,0.1,0.4522849038764576,0.9156150220465258,False
unsw_nb15_v2,xgb_5class_cw,19,dual_threshold_deferral,0.1,0.4523479357075323,0.9156910445491866,False
unsw_nb15_v2,xgb_5class_cw,19,fixed_risk_crc,0.2,0.355594075007879,0.8248441538695453,False
unsw_nb15_v2,xgb_5class_cw,19,dual_threshold_deferral,0.2,0.35562559092341633,0.8249201763722062,False
unsw_nb15_v2,xgb_5class_cw,19,conformal_selection_fdr,0.05,0.42634730538922155,0.8989660939638133,False
unsw_nb15_v2,xgb_5class_cw,19,conformal_selection_fdr,0.1,0.5066813740939174,0.948456743195986,False
unsw_nb15_v2,xgb_5class_cw,19,conformal_selection_fdr,0.2,0.6170501103057043,0.98745628706097,False
unsw_nb15_v2,dnn_5class_cw,0,fixed_risk_crc,0.05,0.5869208950520013,0.9671439336850037,False
unsw_nb15_v2,dnn_5class_cw,0,dual_threshold_deferral,0.05,0.5869524109675386,0.9671439336850037,False
unsw_nb15_v2,dnn_5class_cw,0,fixed_risk_crc,0.1,0.5204223132682004,0.9343632253202713,False
unsw_nb15_v2,dnn_5class_cw,0,dual_threshold_deferral,0.1,0.5205168610148124,0.9344385832705351,False
unsw_nb15_v2,dnn_5class_cw,0,fixed_risk_crc,0.2,0.39851875196974473,0.8556895252449134,False
unsw_nb15_v2,dnn_5class_cw,0,dual_threshold_deferral,0.2,0.39867633154743143,0.8559155990957046,False
unsw_nb15_v2,dnn_5class_cw,0,conformal_selection_fdr,0.05,0.4045382918373779,0.862170308967596,False
unsw_nb15_v2,dnn_5class_cw,0,conformal_selection_fdr,0.1,0.47381027418846516,0.9069329314242652,False
unsw_nb15_v2,dnn_5class_cw,0,conformal_selection_fdr,0.2,0.5741254333438386,0.9608138658628486,False
unsw_nb15_v2,dnn_5class_cw,1,fixed_risk_crc,0.05,0.5892215568862276,0.9705770834913172,False
unsw_nb15_v2,dnn_5class_cw,1,dual_threshold_deferral,0.05,0.5892845887173023,0.9705770834913172,False
unsw_nb15_v2,dnn_5class_cw,1,fixed_risk_crc,0.1,0.5221556886227545,0.9383483733980436,False
unsw_nb15_v2,dnn_5class_cw,1,dual_threshold_deferral,0.1,0.5221556886227545,0.9383483733980436,False
unsw_nb15_v2,dnn_5class_cw,1,fixed_risk_crc,0.2,0.400094547746612,0.8601653143247138,False
unsw_nb15_v2,dnn_5class_cw,1,dual_threshold_deferral,0.2,0.400094547746612,0.8601653143247138,False
unsw_nb15_v2,dnn_5class_cw,1,conformal_selection_fdr,0.05,0.4013551843681059,0.8613027982103587,False
unsw_nb15_v2,dnn_5class_cw,1,conformal_selection_fdr,0.1,0.47992436180271036,0.9103662698111776,False
unsw_nb15_v2,dnn_5class_cw,1,conformal_selection_fdr,0.2,0.5823195713835487,0.9680746189428983,False
unsw_nb15_v2,dnn_5class_cw,2,fixed_risk_crc,0.05,0.5946107784431137,0.9704514774261287,False
unsw_nb15_v2,dnn_5class_cw,2,dual_threshold_deferral,0.05,0.5946422943586511,0.9704514774261287,False
unsw_nb15_v2,dnn_5class_cw,2,fixed_risk_crc,0.1,0.5272297510242673,0.9374531273436328,False
unsw_nb15_v2,dnn_5class_cw,2,dual_threshold_deferral,0.1,0.527292782855342,0.9374531273436328,False
unsw_nb15_v2,dnn_5class_cw,2,fixed_risk_crc,0.2,0.40289946422943584,0.8589320533973301,False
unsw_nb15_v2,dnn_5class_cw,2,dual_threshold_deferral,0.2,0.40289946422943584,0.8589320533973301,False
unsw_nb15_v2,dnn_5class_cw,2,conformal_selection_fdr,0.05,0.402363693665301,0.8582570871456427,False
unsw_nb15_v2,dnn_5class_cw,2,conformal_selection_fdr,0.1,0.4745666561613615,0.9049047547622618,False
unsw_nb15_v2,dnn_5class_cw,2,conformal_selection_fdr,0.2,0.5728647967223448,0.96025198740063,False
unsw_nb15_v2,dnn_5class_cw,3,fixed_risk_crc,0.05,0.5861960289946423,0.9687996970844377,False
unsw_nb15_v2,dnn_5class_cw,3,dual_threshold_deferral,0.05,0.586259060825717,0.9688754259750094,False
unsw_nb15_v2,dnn_5class_cw,3,fixed_risk_crc,0.1,0.5194138039710053,0.9363120030291556,False
unsw_nb15_v2,dnn_5class_cw,3,dual_threshold_deferral,0.1,0.5195398676331547,0.9363877319197274,False
unsw_nb15_v2,dnn_5class_cw,3,fixed_risk_crc,0.2,0.3961235423889064,0.8547519878833775,False
unsw_nb15_v2,dnn_5class_cw,3,dual_threshold_deferral,0.2,0.39675386069965335,0.8554335478985233,False
unsw_nb15_v2,dnn_5class_cw,3,conformal_selection_fdr,0.05,0.3909549322407816,0.8499053388867853,False
unsw_nb15_v2,dnn_5class_cw,3,conformal_selection_fdr,0.1,0.4726757012291207,0.9070806512684589,False
unsw_nb15_v2,dnn_5class_cw,3,conformal_selection_fdr,0.2,0.5805231641979199,0.9664521014767133,False
unsw_nb15_v2,dnn_5class_cw,4,fixed_risk_crc,0.05,0.5867317995587772,0.9674281836688532,False
unsw_nb15_v2,dnn_5class_cw,4,dual_threshold_deferral,0.05,0.5869524109675386,0.9674281836688532,False
unsw_nb15_v2,dnn_5class_cw,4,fixed_risk_crc,0.1,0.517554364954302,0.931765060695167,False
unsw_nb15_v2,dnn_5class_cw,4,dual_threshold_deferral,0.1,0.5179640718562875,0.9319912538641333,False
unsw_nb15_v2,dnn_5class_cw,4,fixed_risk_crc,0.2,0.3971320516861015,0.8524466561109855,False
unsw_nb15_v2,dnn_5class_cw,4,dual_threshold_deferral,0.2,0.3971320516861015,0.8524466561109855,False
unsw_nb15_v2,dnn_5class_cw,4,conformal_selection_fdr,0.05,0.3937598487236054,0.8494307471914349,False
unsw_nb15_v2,dnn_5class_cw,4,conformal_selection_fdr,0.1,0.4604475260006303,0.8971575058433235,False
unsw_nb15_v2,dnn_5class_cw,4,conformal_selection_fdr,0.2,0.578443113772455,0.9635075020734374,False
unsw_nb15_v2,dnn_5class_cw,5,fixed_risk_crc,0.05,0.5846517491333123,0.9682061327506969,False
unsw_nb15_v2,dnn_5class_cw,5,dual_threshold_deferral,0.05,0.584809328710999,0.9683568145860016,False
unsw_nb15_v2,dnn_5class_cw,5,fixed_risk_crc,0.1,0.5217144658052316,0.9370149928426128,False
unsw_nb15_v2,dnn_5class_cw,5,dual_threshold_deferral,0.1,0.521745981720769,0.9370149928426128,False
unsw_nb15_v2,dnn_5class_cw,5,fixed_risk_crc,0.2,0.40267885282067445,0.8616740751902359,False
unsw_nb15_v2,dnn_5class_cw,5,dual_threshold_deferral,0.2,0.40267885282067445,0.8616740751902359,False
unsw_nb15_v2,dnn_5class_cw,5,conformal_selection_fdr,0.05,0.3937598487236054,0.8521057786483839,False
unsw_nb15_v2,dnn_5class_cw,5,conformal_selection_fdr,0.1,0.4699653324929089,0.9054471483462668,False
unsw_nb15_v2,dnn_5class_cw,5,conformal_selection_fdr,0.2,0.5694610778443113,0.9605967000678068,False
unsw_nb15_v2,dnn_5class_cw,6,fixed_risk_crc,0.05,0.5807752915222187,0.9672255519308095,False
unsw_nb15_v2,dnn_5class_cw,6,dual_threshold_deferral,0.05,0.5807752915222187,0.9672255519308095,False
unsw_nb15_v2,dnn_5class_cw,6,fixed_risk_crc,0.1,0.5164197919949575,0.9350580380851226,False
unsw_nb15_v2,dnn_5class_cw,6,dual_threshold_deferral,0.1,0.5165773715726442,0.9351339048630605,False
unsw_nb15_v2,dnn_5class_cw,6,fixed_risk_crc,0.2,0.39574535140245826,0.8543357863591533,False
unsw_nb15_v2,dnn_5class_cw,6,dual_threshold_deferral,0.2,0.3960605105578317,0.854715120248843,False
unsw_nb15_v2,dnn_5class_cw,6,conformal_selection_fdr,0.05,0.38358020800504256,0.8417419012214551,False
unsw_nb15_v2,dnn_5class_cw,6,conformal_selection_fdr,0.1,0.4571698707847463,0.8970487823382141,False
unsw_nb15_v2,dnn_5class_cw,6,conformal_selection_fdr,0.2,0.5684840844626536,0.9609286093619605,False
unsw_nb15_v2,dnn_5class_cw,7,fixed_risk_crc,0.05,0.581626221241727,0.9655930276619932,False
unsw_nb15_v2,dnn_5class_cw,7,dual_threshold_deferral,0.05,0.5816577371572644,0.9655930276619932,False
unsw_nb15_v2,dnn_5class_cw,7,fixed_risk_crc,0.1,0.5171131421367791,0.932701780977643,False
unsw_nb15_v2,dnn_5class_cw,7,dual_threshold_deferral,0.1,0.5171131421367791,0.932701780977643,False
unsw_nb15_v2,dnn_5class_cw,7,fixed_risk_crc,0.2,0.3941065237945162,0.8507010231148162,False
unsw_nb15_v2,dnn_5class_cw,7,dual_threshold_deferral,0.2,0.39413803971005357,0.8507010231148162,False
unsw_nb15_v2,dnn_5class_cw,7,conformal_selection_fdr,0.05,0.4041916167664671,0.861311102690413,False
unsw_nb15_v2,dnn_5class_cw,7,conformal_selection_fdr,0.1,0.47459817207689886,0.907086017430845,False
unsw_nb15_v2,dnn_5class_cw,7,conformal_selection_fdr,0.2,0.5724866057358966,0.9609700644183403,False
unsw_nb15_v2,dnn_5class_cw,8,fixed_risk_crc,0.05,0.5867317995587772,0.9679709925970691,False
unsw_nb15_v2,dnn_5class_cw,8,dual_threshold_deferral,0.05,0.5872675701229121,0.9682731530442665,False
unsw_nb15_v2,dnn_5class_cw,8,fixed_risk_crc,0.1,0.5171131421367791,0.9324671400513673,False
unsw_nb15_v2,dnn_5class_cw,8,dual_threshold_deferral,0.1,0.5172707217144658,0.9326937603867653,False
unsw_nb15_v2,dnn_5class_cw,8,fixed_risk_crc,0.2,0.3941695556255909,0.8515636803142469,False
unsw_nb15_v2,dnn_5class_cw,8,dual_threshold_deferral,0.2,0.3941695556255909,0.8515636803142469,False
unsw_nb15_v2,dnn_5class_cw,8,conformal_selection_fdr,0.05,0.3908919004097069,0.8479377549478774,False
unsw_nb15_v2,dnn_5class_cw,8,conformal_selection_fdr,0.1,0.46155058304443747,0.8973409880646623,False
unsw_nb15_v2,dnn_5class_cw,8,conformal_selection_fdr,0.2,0.5751339426410337,0.9629098051065116,False
unsw_nb15_v2,dnn_5class_cw,9,fixed_risk_crc,0.05,0.5958398991490703,0.9735849056603774,False
unsw_nb15_v2,dnn_5class_cw,9,dual_threshold_deferral,0.05,0.5959659628112197,0.9737358490566038,False
unsw_nb15_v2,dnn_5class_cw,9,fixed_risk_crc,0.1,0.5248975732745036,0.9412075471698114,False
unsw_nb15_v2,dnn_5class_cw,9,dual_threshold_deferral,0.1,0.5248975732745036,0.9412075471698114,False
unsw_nb15_v2,dnn_5class_cw,9,fixed_risk_crc,0.2,0.4048849669082887,0.8643773584905661,False
unsw_nb15_v2,dnn_5class_cw,9,dual_threshold_deferral,0.2,0.4051370942325875,0.8645283018867924,False
unsw_nb15_v2,dnn_5class_cw,9,conformal_selection_fdr,0.05,0.3894106523794516,0.8483018867924528,False
unsw_nb15_v2,dnn_5class_cw,9,conformal_selection_fdr,0.1,0.4618657421998109,0.9017358490566038,False
unsw_nb15_v2,dnn_5class_cw,9,conformal_selection_fdr,0.2,0.5660258430507407,0.960377358490566,False
unsw_nb15_v2,dnn_5class_cw,10,fixed_risk_crc,0.05,0.5946422943586511,0.9720063381875802,False
unsw_nb15_v2,dnn_5class_cw,10,dual_threshold_deferral,0.05,0.5946738102741884,0.9720063381875802,False
unsw_nb15_v2,dnn_5class_cw,10,fixed_risk_crc,0.1,0.5221241727072171,0.9374481249528409,False
unsw_nb15_v2,dnn_5class_cw,10,dual_threshold_deferral,0.1,0.5224078159470532,0.9376744887949898,False
unsw_nb15_v2,dnn_5class_cw,10,fixed_risk_crc,0.2,0.40119760479041916,0.8601826001660001,False
unsw_nb15_v2,dnn_5class_cw,10,dual_threshold_deferral,0.2,0.40119760479041916,0.8601826001660001,False
unsw_nb15_v2,dnn_5class_cw,10,conformal_selection_fdr,0.05,0.39360226914591867,0.8521089564626877,False
unsw_nb15_v2,dnn_5class_cw,10,conformal_selection_fdr,0.1,0.45931295304128583,0.8983626348751226,False
unsw_nb15_v2,dnn_5class_cw,10,conformal_selection_fdr,0.2,0.5724235739048219,0.9615936014487286,False
unsw_nb15_v2,dnn_5class_cw,11,fixed_risk_crc,0.05,0.5863851244878664,0.9706171904581598,False
unsw_nb15_v2,dnn_5class_cw,11,dual_threshold_deferral,0.05,0.5865742199810905,0.9706929193487316,False
unsw_nb15_v2,dnn_5class_cw,11,fixed_risk_crc,0.1,0.5194453198865427,0.938053767512306,False
unsw_nb15_v2,dnn_5class_cw,11,dual_threshold_deferral,0.1,0.5196974472108414,0.938356683074593,False
unsw_nb15_v2,dnn_5class_cw,11,fixed_risk_crc,0.2,0.40173337535455406,0.8654297614539948,False
unsw_nb15_v2,dnn_5class_cw,11,dual_threshold_deferral,0.2,0.4018279231011661,0.8654297614539948,False
unsw_nb15_v2,dnn_5class_cw,11,conformal_selection_fdr,0.05,0.3935077213993067,0.8561908368042408,False
unsw_nb15_v2,dnn_5class_cw,11,conformal_selection_fdr,0.1,0.46265364008824456,0.9041272245361606,False
unsw_nb15_v2,dnn_5class_cw,11,conformal_selection_fdr,0.2,0.5728017648912701,0.964407421431276,False
unsw_nb15_v2,dnn_5class_cw,12,fixed_risk_crc,0.05,0.5874566656161362,0.9697430439410065,False
unsw_nb15_v2,dnn_5class_cw,12,dual_threshold_deferral,0.05,0.5875827292782856,0.9697430439410065,False
unsw_nb15_v2,dnn_5class_cw,12,fixed_risk_crc,0.1,0.5210841474944847,0.9393340428766915,False
unsw_nb15_v2,dnn_5class_cw,12,dual_threshold_deferral,0.1,0.5210841474944847,0.9393340428766915,False
unsw_nb15_v2,dnn_5class_cw,12,fixed_risk_crc,0.2,0.39965332492908917,0.8615630226547057,False
unsw_nb15_v2,dnn_5class_cw,12,dual_threshold_deferral,0.2,0.3997478726757012,0.8616390451573666,False
unsw_nb15_v2,dnn_5class_cw,12,conformal_selection_fdr,0.05,0.389536716041601,0.8501596472555877,False
unsw_nb15_v2,dnn_5class_cw,12,conformal_selection_fdr,0.1,0.45802080050425464,0.9003344990117075,False
unsw_nb15_v2,dnn_5class_cw,12,conformal_selection_fdr,0.2,0.5638197289631264,0.9587197810551923,False
unsw_nb15_v2,dnn_5class_cw,13,fixed_risk_crc,0.05,0.5852820674440592,0.9679443562410222,False
unsw_nb15_v2,dnn_5class_cw,13,dual_threshold_deferral,0.05,0.5853135833595966,0.9679443562410222,False
unsw_nb15_v2,dnn_5class_cw,13,fixed_risk_crc,0.1,0.5221872045382918,0.9377787858168897,False
unsw_nb15_v2,dnn_5class_cw,13,dual_threshold_deferral,0.1,0.5225023636936653,0.9380055946170711,False
unsw_nb15_v2,dnn_5class_cw,13,fixed_risk_crc,0.2,0.40195398676331545,0.8618734406894988,False
unsw_nb15_v2,dnn_5class_cw,13,dual_threshold_deferral,0.2,0.4019855026788528,0.8618734406894988,False
unsw_nb15_v2,dnn_5class_cw,13,conformal_selection_fdr,0.05,0.4011030570438071,0.8608149996219854,False
unsw_nb15_v2,dnn_5class_cw,13,conformal_selection_fdr,0.1,0.4715726441853136,0.9061011567248809,False
unsw_nb15_v2,dnn_5class_cw,13,conformal_selection_fdr,0.2,0.5772139930664986,0.9637105919709684,False
unsw_nb15_v2,dnn_5class_cw,14,fixed_risk_crc,0.05,0.5835486920895052,0.967174941786224,False
unsw_nb15_v2,dnn_5class_cw,14,dual_threshold_deferral,0.05,0.5838638512448787,0.9673251708856005,False
unsw_nb15_v2,dnn_5class_cw,14,fixed_risk_crc,0.1,0.517743460447526,0.9348005708705777,False
unsw_nb15_v2,dnn_5class_cw,14,dual_threshold_deferral,0.1,0.5177749763630634,0.9348005708705777,False
unsw_nb15_v2,dnn_5class_cw,14,fixed_risk_crc,0.2,0.40201701859439015,0.8601367084804327,False
unsw_nb15_v2,dnn_5class_cw,14,dual_threshold_deferral,0.2,0.40208005042546485,0.8602118230301209,False
unsw_nb15_v2,dnn_5class_cw,14,conformal_selection_fdr,0.05,0.3990230066183423,0.8561556373469541,False
unsw_nb15_v2,dnn_5class_cw,14,conformal_selection_fdr,0.1,0.4620233217774976,0.8997220761661534,False
unsw_nb15_v2,dnn_5class_cw,14,conformal_selection_fdr,0.2,0.5748187834856603,0.9631938706527454,False
unsw_nb15_v2,dnn_5class_cw,15,fixed_risk_crc,0.05,0.5858178380081941,0.9693530079455165,False
unsw_nb15_v2,dnn_5class_cw,15,dual_threshold_deferral,0.05,0.5864481563189411,0.9698070374574347,False
unsw_nb15_v2,dnn_5class_cw,15,fixed_risk_crc,0.1,0.5204853450992751,0.9378736284525161,False
unsw_nb15_v2,dnn_5class_cw,15,dual_threshold_deferral,0.1,0.5205483769303498,0.9378736284525161,False
unsw_nb15_v2,dnn_5class_cw,15,fixed_risk_crc,0.2,0.4002206114087614,0.8600832387438517,False
unsw_nb15_v2,dnn_5class_cw,15,dual_threshold_deferral,0.2,0.4002206114087614,0.8600832387438517,False
unsw_nb15_v2,dnn_5class_cw,15,conformal_selection_fdr,0.05,0.3813740939174283,0.8395762391222096,False
unsw_nb15_v2,dnn_5class_cw,15,conformal_selection_fdr,0.1,0.45269461077844314,0.8968596292092319,False
unsw_nb15_v2,dnn_5class_cw,15,conformal_selection_fdr,0.2,0.5679167979829814,0.9607264472190692,False
unsw_nb15_v2,dnn_5class_cw,16,fixed_risk_crc,0.05,0.5856917743460448,0.9671646318343824,False
unsw_nb15_v2,dnn_5class_cw,16,dual_threshold_deferral,0.05,0.5859439016703435,0.9671646318343824,False
unsw_nb15_v2,dnn_5class_cw,16,fixed_risk_crc,0.1,0.5221241727072171,0.9355425798134527,False
unsw_nb15_v2,dnn_5class_cw,16,dual_threshold_deferral,0.1,0.5221241727072171,0.9355425798134527,False
unsw_nb15_v2,dnn_5class_cw,16,fixed_risk_crc,0.2,0.4002206114087614,0.8606203078789717,False
unsw_nb15_v2,dnn_5class_cw,16,dual_threshold_deferral,0.2,0.4002836432398361,0.8607719723970577,False
unsw_nb15_v2,dnn_5class_cw,16,conformal_selection_fdr,0.05,0.3931295304128585,0.852961249715629,False
unsw_nb15_v2,dnn_5class_cw,16,conformal_selection_fdr,0.1,0.46763315474314526,0.903389701979222,False
unsw_nb15_v2,dnn_5class_cw,16,conformal_selection_fdr,0.2,0.5773715726441853,0.9631455221051035,False
unsw_nb15_v2,dnn_5class_cw,17,fixed_risk_crc,0.05,0.5837693034982666,0.9679957630324582,False
unsw_nb15_v2,dnn_5class_cw,17,dual_threshold_deferral,0.05,0.583800819413804,0.9679957630324582,False
unsw_nb15_v2,dnn_5class_cw,17,fixed_risk_crc,0.1,0.5192562243933186,0.9365968071423167,False
unsw_nb15_v2,dnn_5class_cw,17,dual_threshold_deferral,0.1,0.5193192562243933,0.9365968071423167,False
unsw_nb15_v2,dnn_5class_cw,17,fixed_risk_crc,0.2,0.39984242042231327,0.8591964893697511,False
unsw_nb15_v2,dnn_5class_cw,17,dual_threshold_deferral,0.2,0.39984242042231327,0.8591964893697511,False
unsw_nb15_v2,dnn_5class_cw,17,conformal_selection_fdr,0.05,0.3863220926567917,0.8461829462056443,False
unsw_nb15_v2,dnn_5class_cw,17,conformal_selection_fdr,0.1,0.4573904821935077,0.8976318377846713,False
unsw_nb15_v2,dnn_5class_cw,17,conformal_selection_fdr,0.2,0.5713520327765521,0.9614889914504048,False
unsw_nb15_v2,dnn_5class_cw,18,fixed_risk_crc,0.05,0.5856602584305074,0.9682214637846037,False
unsw_nb15_v2,dnn_5class_cw,18,dual_threshold_deferral,0.05,0.5859123857548062,0.9682214637846037,False
unsw_nb15_v2,dnn_5class_cw,18,fixed_risk_crc,0.1,0.5185313583359596,0.935229427379598,False
unsw_nb15_v2,dnn_5class_cw,18,dual_threshold_deferral,0.1,0.5186259060825718,0.935229427379598,False
unsw_nb15_v2,dnn_5class_cw,18,fixed_risk_crc,0.2,0.3930980144973211,0.8499051952976867,False
unsw_nb15_v2,dnn_5class_cw,18,dual_threshold_deferral,0.2,0.3932555940750079,0.8499051952976867,False
unsw_nb15_v2,dnn_5class_cw,18,conformal_selection_fdr,0.05,0.39892845887173023,0.8567311338642397,False
unsw_nb15_v2,dnn_5class_cw,18,conformal_selection_fdr,0.1,0.4676646706586826,0.9033750474023512,False
unsw_nb15_v2,dnn_5class_cw,18,conformal_selection_fdr,0.2,0.5699338165773715,0.9607129313613956,False
unsw_nb15_v2,dnn_5class_cw,19,fixed_risk_crc,0.05,0.5901985502678853,0.9718716740155086,False
unsw_nb15_v2,dnn_5class_cw,19,dual_threshold_deferral,0.05,0.5903246139300347,0.9718716740155086,False
unsw_nb15_v2,dnn_5class_cw,19,fixed_risk_crc,0.1,0.5230066183422628,0.9390299528660484,False
unsw_nb15_v2,dnn_5class_cw,19,dual_threshold_deferral,0.1,0.5230381342578002,0.9390299528660484,False
unsw_nb15_v2,dnn_5class_cw,19,fixed_risk_crc,0.2,0.40031515915537347,0.8622472251786529,False
unsw_nb15_v2,dnn_5class_cw,19,dual_threshold_deferral,0.2,0.4005672864796722,0.8623992701839744,False
unsw_nb15_v2,dnn_5class_cw,19,conformal_selection_fdr,0.05,0.38890639773085406,0.8506157822715524,False
unsw_nb15_v2,dnn_5class_cw,19,conformal_selection_fdr,0.1,0.46372518121651435,0.9039075566367645,False
unsw_nb15_v2,dnn_5class_cw,19,conformal_selection_fdr,0.2,0.5739993696816893,0.9644214687547514,False
unsw_nb15_v2,rf_5class_smote,0,fixed_risk_crc,0.05,0.5272612669398046,0.953956292388847,False
unsw_nb15_v2,rf_5class_smote,0,dual_threshold_deferral,0.05,0.5276394579262528,0.9542577241899021,False
unsw_nb15_v2,rf_5class_smote,0,fixed_risk_crc,0.1,0.4536716041601008,0.9134890730972117,False
unsw_nb15_v2,rf_5class_smote,0,dual_threshold_deferral,0.1,0.4537661519067129,0.9136397889977392,False
unsw_nb15_v2,rf_5class_smote,0,fixed_risk_crc,0.2,0.3430822565395525,0.7887716654107009,False
unsw_nb15_v2,rf_5class_smote,0,dual_threshold_deferral,0.2,0.3443744090765837,0.7914091936699322,False
unsw_nb15_v2,rf_5class_smote,0,conformal_selection_fdr,0.05,0.4235423889063977,0.8874152223059533,False
unsw_nb15_v2,rf_5class_smote,0,conformal_selection_fdr,0.1,0.5042861645130791,0.9426525998492841,False
unsw_nb15_v2,rf_5class_smote,0,conformal_selection_fdr,0.2,0.6213047589032461,0.9896006028636021,False
unsw_nb15_v2,rf_5class_smote,1,fixed_risk_crc,0.05,0.5278915852505516,0.9560931220141048,False
unsw_nb15_v2,rf_5class_smote,1,dual_threshold_deferral,0.05,0.5282697762369997,0.9561689542731477,False
unsw_nb15_v2,rf_5class_smote,1,fixed_risk_crc,0.1,0.4505200126063662,0.9143095472814136,False
unsw_nb15_v2,rf_5class_smote,1,dual_threshold_deferral,0.1,0.45061456035297826,0.9143095472814136,False
unsw_nb15_v2,rf_5class_smote,1,fixed_risk_crc,0.2,0.34163252442483455,0.7888829908242967,False
unsw_nb15_v2,rf_5class_smote,1,dual_threshold_deferral,0.2,0.34169555625590925,0.7890346553423826,False
unsw_nb15_v2,rf_5class_smote,1,conformal_selection_fdr,0.05,0.41720768988339113,0.8832941533328278,False
unsw_nb15_v2,rf_5class_smote,1,conformal_selection_fdr,0.1,0.5156318941065238,0.9495715477364071,False
unsw_nb15_v2,rf_5class_smote,1,conformal_selection_fdr,0.2,0.6271352032776553,0.9929475999090013,False
unsw_nb15_v2,rf_5class_smote,2,fixed_risk_crc,0.05,0.5314528837062716,0.9556022198890055,False
unsw_nb15_v2,rf_5class_smote,2,dual_threshold_deferral,0.05,0.5314528837062716,0.9556022198890055,False
unsw_nb15_v2,rf_5class_smote,2,fixed_risk_crc,0.1,0.45326189725811533,0.912104394780261,False
unsw_nb15_v2,rf_5class_smote,2,dual_threshold_deferral,0.1,0.45326189725811533,0.912104394780261,False
unsw_nb15_v2,rf_5class_smote,2,fixed_risk_crc,0.2,0.3510242672549638,0.800209989500525,False
unsw_nb15_v2,rf_5class_smote,2,dual_threshold_deferral,0.2,0.3510242672549638,0.800209989500525,False
unsw_nb15_v2,rf_5class_smote,2,conformal_selection_fdr,0.05,0.4184368105893476,0.880605969701515,False
unsw_nb15_v2,rf_5class_smote,2,conformal_selection_fdr,0.1,0.4988654270406555,0.9390280485975702,False
unsw_nb15_v2,rf_5class_smote,2,conformal_selection_fdr,0.2,0.6217774976363063,0.9892005399730014,False
unsw_nb15_v2,rf_5class_smote,3,fixed_risk_crc,0.05,0.5294988969429562,0.95766755017039,False
unsw_nb15_v2,rf_5class_smote,3,dual_threshold_deferral,0.05,0.5295934446895683,0.9578190079515335,False
unsw_nb15_v2,rf_5class_smote,3,fixed_risk_crc,0.1,0.4461393003466751,0.9107913669064748,False
unsw_nb15_v2,rf_5class_smote,3,dual_threshold_deferral,0.1,0.44617081626221244,0.9107913669064748,False
unsw_nb15_v2,rf_5class_smote,3,fixed_risk_crc,0.2,0.3371887803340687,0.7834911018553579,False
unsw_nb15_v2,rf_5class_smote,3,dual_threshold_deferral,0.2,0.3371887803340687,0.7834911018553579,False
unsw_nb15_v2,rf_5class_smote,3,conformal_selection_fdr,0.05,0.40655531043176807,0.8725482771677395,False
unsw_nb15_v2,rf_5class_smote,3,conformal_selection_fdr,0.1,0.5011345729593445,0.943581976524044,False
unsw_nb15_v2,rf_5class_smote,3,conformal_selection_fdr,0.2,0.6161361487551213,0.9892464975388111,False
unsw_nb15_v2,rf_5class_smote,4,fixed_risk_crc,0.05,0.5268200441222818,0.9534042071929427,False
unsw_nb15_v2,rf_5class_smote,4,dual_threshold_deferral,0.05,0.5268200441222818,0.9534042071929427,False
unsw_nb15_v2,rf_5class_smote,4,fixed_risk_crc,0.1,0.44900724866057357,0.909899721028425,False
unsw_nb15_v2,rf_5class_smote,4,dual_threshold_deferral,0.1,0.4490387645761109,0.909899721028425,False
unsw_nb15_v2,rf_5class_smote,4,fixed_risk_crc,0.2,0.3441537976678222,0.7903943300912313,False
unsw_nb15_v2,rf_5class_smote,4,dual_threshold_deferral,0.2,0.3442798613299716,0.79046972781422,False
unsw_nb15_v2,rf_5class_smote,4,conformal_selection_fdr,0.05,0.41405609832965645,0.8772525069742894,False
unsw_nb15_v2,rf_5class_smote,4,conformal_selection_fdr,0.1,0.49968484084462655,0.9404357988388751,False
unsw_nb15_v2,rf_5class_smote,4,conformal_selection_fdr,0.2,0.6204853450992751,0.9889919324436403,False
unsw_nb15_v2,rf_5class_smote,5,fixed_risk_crc,0.05,0.5241727072171447,0.9555488585850975,False
unsw_nb15_v2,rf_5class_smote,5,dual_threshold_deferral,0.05,0.5242357390482193,0.9556241995027499,False
unsw_nb15_v2,rf_5class_smote,5,fixed_risk_crc,0.1,0.44966908288685786,0.9139606720409854,False
unsw_nb15_v2,rf_5class_smote,5,dual_threshold_deferral,0.1,0.4497005988023952,0.9139606720409854,False
unsw_nb15_v2,rf_5class_smote,5,fixed_risk_crc,0.2,0.3440277340056729,0.7911549762676109,False
unsw_nb15_v2,rf_5class_smote,5,dual_threshold_deferral,0.2,0.34412228175228493,0.7912303171852633,False
unsw_nb15_v2,rf_5class_smote,5,conformal_selection_fdr,0.05,0.414560352978254,0.8792285090032397,False
unsw_nb15_v2,rf_5class_smote,5,conformal_selection_fdr,0.1,0.501638827607942,0.9444737436901981,False
unsw_nb15_v2,rf_5class_smote,5,conformal_selection_fdr,0.2,0.6166404034037188,0.989000226022753,False
unsw_nb15_v2,rf_5class_smote,6,fixed_risk_crc,0.05,0.5292467696186575,0.9580456718003186,False
unsw_nb15_v2,rf_5class_smote,6,dual_threshold_deferral,0.05,0.5292467696186575,0.9580456718003186,False
unsw_nb15_v2,rf_5class_smote,6,fixed_risk_crc,0.1,0.44664355499527264,0.9113876033684849,False
unsw_nb15_v2,rf_5class_smote,6,dual_threshold_deferral,0.1,0.44667507091080993,0.9114634701464229,False
unsw_nb15_v2,rf_5class_smote,6,fixed_risk_crc,0.2,0.338764576110936,0.786510886882634,False
unsw_nb15_v2,rf_5class_smote,6,dual_threshold_deferral,0.2,0.33920579892845887,0.7872695546620135,False
unsw_nb15_v2,rf_5class_smote,6,conformal_selection_fdr,0.05,0.405735896627797,0.8719368788407557,False
unsw_nb15_v2,rf_5class_smote,6,conformal_selection_fdr,0.1,0.4955877718247715,0.9422653819892269,False
unsw_nb15_v2,rf_5class_smote,6,conformal_selection_fdr,0.2,0.6208005042546486,0.9911994537591988,False
unsw_nb15_v2,rf_5class_smote,7,fixed_risk_crc,0.05,0.5252127324298771,0.954679802955665,False
unsw_nb15_v2,rf_5class_smote,7,dual_threshold_deferral,0.05,0.5253387960920265,0.954679802955665,False
unsw_nb15_v2,rf_5class_smote,7,fixed_risk_crc,0.1,0.44626536400882444,0.9085259568018189,False
unsw_nb15_v2,rf_5class_smote,7,dual_threshold_deferral,0.1,0.4462968799243618,0.9086017430845017,False
unsw_nb15_v2,rf_5class_smote,7,fixed_risk_crc,0.2,0.33967853766151906,0.7854490337248958,False
unsw_nb15_v2,rf_5class_smote,7,dual_threshold_deferral,0.2,0.33993066498581787,0.7859037514209928,False
unsw_nb15_v2,rf_5class_smote,7,conformal_selection_fdr,0.05,0.4059249921210211,0.8691928760894279,False
unsw_nb15_v2,rf_5class_smote,7,conformal_selection_fdr,0.1,0.5030255278915853,0.9444486547934824,False
unsw_nb15_v2,rf_5class_smote,7,conformal_selection_fdr,0.2,0.6138670028364324,0.988101553618795,False
unsw_nb15_v2,rf_5class_smote,8,fixed_risk_crc,0.05,0.522659943271352,0.951427708113008,False
unsw_nb15_v2,rf_5class_smote,8,dual_threshold_deferral,0.05,0.5226914591868894,0.9515032482248074,False
unsw_nb15_v2,rf_5class_smote,8,fixed_risk_crc,0.1,0.4462968799243618,0.9091252455053633,False
unsw_nb15_v2,rf_5class_smote,8,dual_threshold_deferral,0.1,0.44632839583989914,0.9091252455053633,False
unsw_nb15_v2,rf_5class_smote,8,fixed_risk_crc,0.2,0.33763000315159153,0.7808581356700408,False
unsw_nb15_v2,rf_5class_smote,8,dual_threshold_deferral,0.2,0.3377245508982036,0.7810092158936395,False
unsw_nb15_v2,rf_5class_smote,8,conformal_selection_fdr,0.05,0.4076268515600378,0.8727904517298686,False
unsw_nb15_v2,rf_5class_smote,8,conformal_selection_fdr,0.1,0.495178064922786,0.9391902100015108,False
unsw_nb15_v2,rf_5class_smote,8,conformal_selection_fdr,0.2,0.6181216514339741,0.9882912826710983,False
unsw_nb15_v2,rf_5class_smote,9,fixed_risk_crc,0.05,0.5318625906082571,0.9587169811320755,False
unsw_nb15_v2,rf_5class_smote,9,dual_threshold_deferral,0.05,0.5318941065237945,0.9587169811320755,False
unsw_nb15_v2,rf_5class_smote,9,fixed_risk_crc,0.1,0.45490072486605737,0.9181132075471699,False
unsw_nb15_v2,rf_5class_smote,9,dual_threshold_deferral,0.1,0.45502678852820677,0.9181132075471699,False
unsw_nb15_v2,rf_5class_smote,9,fixed_risk_crc,0.2,0.34963756697132053,0.8027924528301886,False
unsw_nb15_v2,rf_5class_smote,9,dual_threshold_deferral,0.2,0.35004727387330603,0.8037735849056604,False
unsw_nb15_v2,rf_5class_smote,9,conformal_selection_fdr,0.05,0.4149700598802395,0.8823396226415094,False
unsw_nb15_v2,rf_5class_smote,9,conformal_selection_fdr,0.1,0.49845572013867,0.9427924528301886,False
unsw_nb15_v2,rf_5class_smote,9,conformal_selection_fdr,0.2,0.6179010400252127,0.9897358490566037,False
unsw_nb15_v2,rf_5class_smote,10,fixed_risk_crc,0.05,0.5255594075007879,0.9551045046404588,False
unsw_nb15_v2,rf_5class_smote,10,dual_threshold_deferral,0.05,0.5255594075007879,0.9551045046404588,False
unsw_nb15_v2,rf_5class_smote,10,fixed_risk_crc,0.1,0.4490387645761109,0.9126990115445559,False
unsw_nb15_v2,rf_5class_smote,10,dual_threshold_deferral,0.1,0.4491017964071856,0.9126990115445559,False
unsw_nb15_v2,rf_5class_smote,10,fixed_risk_crc,0.2,0.3463599117554365,0.7966498151361956,False
unsw_nb15_v2,rf_5class_smote,10,dual_threshold_deferral,0.2,0.3463599117554365,0.7966498151361956,False
unsw_nb15_v2,rf_5class_smote,10,conformal_selection_fdr,0.05,0.41370942325874566,0.8790462536784124,False
unsw_nb15_v2,rf_5class_smote,10,conformal_selection_fdr,0.1,0.4895052001260637,0.9378253980230891,False
unsw_nb15_v2,rf_5class_smote,10,conformal_selection_fdr,0.2,0.6140876142451939,0.9888327171206519,False
unsw_nb15_v2,rf_5class_smote,11,fixed_risk_crc,0.05,0.5248345414434289,0.9569859901552442,False
unsw_nb15_v2,rf_5class_smote,11,dual_threshold_deferral,0.05,0.5249921210211157,0.9569859901552442,False
unsw_nb15_v2,rf_5class_smote,11,fixed_risk_crc,0.1,0.4538291837377876,0.9182127981825067,False
unsw_nb15_v2,rf_5class_smote,11,dual_threshold_deferral,0.1,0.4538922155688623,0.9182885270730784,False
unsw_nb15_v2,rf_5class_smote,11,fixed_risk_crc,0.2,0.34897573274503624,0.8026505111700114,False
unsw_nb15_v2,rf_5class_smote,11,dual_threshold_deferral,0.2,0.34897573274503624,0.8026505111700114,False
unsw_nb15_v2,rf_5class_smote,11,conformal_selection_fdr,0.05,0.41307910494799877,0.8799697084437713,False
unsw_nb15_v2,rf_5class_smote,11,conformal_selection_fdr,0.1,0.49290891900409706,0.9419916698220371,False
unsw_nb15_v2,rf_5class_smote,11,conformal_selection_fdr,0.2,0.613740939174283,0.9897008708822416,False
unsw_nb15_v2,rf_5class_smote,12,fixed_risk_crc,0.05,0.5217774976363063,0.9546145659115098,False
unsw_nb15_v2,rf_5class_smote,12,dual_threshold_deferral,0.05,0.5219665931295304,0.9546905884141706,False
unsw_nb15_v2,rf_5class_smote,12,fixed_risk_crc,0.1,0.445950204853451,0.9120419644214688,False
unsw_nb15_v2,rf_5class_smote,12,dual_threshold_deferral,0.1,0.4460132366845257,0.9120419644214688,False
unsw_nb15_v2,rf_5class_smote,12,fixed_risk_crc,0.2,0.3452883706271667,0.7971719629010187,False
unsw_nb15_v2,rf_5class_smote,12,dual_threshold_deferral,0.2,0.34554049795146546,0.7975520754143226,False
unsw_nb15_v2,rf_5class_smote,12,conformal_selection_fdr,0.05,0.40872990860384495,0.874714915615022,False
unsw_nb15_v2,rf_5class_smote,12,conformal_selection_fdr,0.1,0.4901355184368106,0.9386498403527445,False
unsw_nb15_v2,rf_5class_smote,12,conformal_selection_fdr,0.2,0.6161676646706586,0.9890527596168466,False
unsw_nb15_v2,rf_5class_smote,13,fixed_risk_crc,0.05,0.5263473053892216,0.956150298631587,False
unsw_nb15_v2,rf_5class_smote,13,dual_threshold_deferral,0.05,0.5263473053892216,0.956150298631587,False
unsw_nb15_v2,rf_5class_smote,13,fixed_risk_crc,0.1,0.45291522218720454,0.9161563468662585,False
unsw_nb15_v2,rf_5class_smote,13,dual_threshold_deferral,0.1,0.45291522218720454,0.9161563468662585,False
unsw_nb15_v2,rf_5class_smote,13,fixed_risk_crc,0.2,0.34828238260321465,0.8010130793074771,False
unsw_nb15_v2,rf_5class_smote,13,dual_threshold_deferral,0.2,0.348313898518752,0.8010886822408709,False
unsw_nb15_v2,rf_5class_smote,13,conformal_selection_fdr,0.05,0.4127954617081626,0.8788084977697135,False
unsw_nb15_v2,rf_5class_smote,13,conformal_selection_fdr,0.1,0.5017333753545541,0.9443562410221517,False
unsw_nb15_v2,rf_5class_smote,13,conformal_selection_fdr,0.2,0.6201701859439017,0.9891131775912906,False
unsw_nb15_v2,rf_5class_smote,14,fixed_risk_crc,0.05,0.5286794831389852,0.9558326447832945,False
unsw_nb15_v2,rf_5class_smote,14,dual_threshold_deferral,0.05,0.528931610463284,0.9560579884323593,False
unsw_nb15_v2,rf_5class_smote,14,fixed_risk_crc,0.1,0.4511188150015758,0.9136933824081724,False
unsw_nb15_v2,rf_5class_smote,14,dual_threshold_deferral,0.1,0.4511188150015758,0.9136933824081724,False
unsw_nb15_v2,rf_5class_smote,14,fixed_risk_crc,0.2,0.34985817838008193,0.8005708705776309,False
unsw_nb15_v2,rf_5class_smote,14,dual_threshold_deferral,0.2,0.34985817838008193,0.8005708705776309,False
unsw_nb15_v2,rf_5class_smote,14,conformal_selection_fdr,0.05,0.41248030255278917,0.8767370239615413,False
unsw_nb15_v2,rf_5class_smote,14,conformal_selection_fdr,0.1,0.4969429561928774,0.9411853075940809,False
unsw_nb15_v2,rf_5class_smote,14,conformal_selection_fdr,0.2,0.6184683265048849,0.9891083902952001,False
unsw_nb15_v2,rf_5class_smote,15,fixed_risk_crc,0.05,0.5263157894736842,0.9557321225879682,False
unsw_nb15_v2,rf_5class_smote,15,dual_threshold_deferral,0.05,0.5264418531358336,0.955807794173288,False
unsw_nb15_v2,rf_5class_smote,15,fixed_risk_crc,0.1,0.4490387645761109,0.9126749905410518,False
unsw_nb15_v2,rf_5class_smote,15,dual_threshold_deferral,0.1,0.4494169555625591,0.9129020052970109,False
unsw_nb15_v2,rf_5class_smote,15,fixed_risk_crc,0.2,0.34645445950204856,0.798410896708286,False
unsw_nb15_v2,rf_5class_smote,15,dual_threshold_deferral,0.2,0.3470532618972581,0.799470298902762,False
unsw_nb15_v2,rf_5class_smote,15,conformal_selection_fdr,0.05,0.40208005042546485,0.8672720393492244,False
unsw_nb15_v2,rf_5class_smote,15,conformal_selection_fdr,0.1,0.483075953356445,0.9338630344305713,False
unsw_nb15_v2,rf_5class_smote,15,conformal_selection_fdr,0.2,0.6089505200126064,0.9867574725690503,False
unsw_nb15_v2,rf_5class_smote,16,fixed_risk_crc,0.05,0.5309801449732114,0.9565481155683628,False
unsw_nb15_v2,rf_5class_smote,16,dual_threshold_deferral,0.05,0.5313583359596596,0.9568514446045348,False
unsw_nb15_v2,rf_5class_smote,16,fixed_risk_crc,0.1,0.45137094232587455,0.9142337150223705,False
unsw_nb15_v2,rf_5class_smote,16,dual_threshold_deferral,0.1,0.45137094232587455,0.9142337150223705,False
unsw_nb15_v2,rf_5class_smote,16,fixed_risk_crc,0.2,0.34768358020800505,0.8012436490483051,False
unsw_nb15_v2,rf_5class_smote,16,dual_threshold_deferral,0.2,0.3478411597856918,0.8015469780844772,False
unsw_nb15_v2,rf_5class_smote,16,conformal_selection_fdr,0.05,0.40948629057674124,0.8757109274285281,False
unsw_nb15_v2,rf_5class_smote,16,conformal_selection_fdr,0.1,0.5018279231011661,0.9430499734587093,False
unsw_nb15_v2,rf_5class_smote,16,conformal_selection_fdr,0.2,0.6204223132682004,0.9908242966557974,False
unsw_nb15_v2,rf_5class_smote,17,fixed_risk_crc,0.05,0.5236999684840845,0.9537716577135508,False
unsw_nb15_v2,rf_5class_smote,17,dual_threshold_deferral,0.05,0.5236999684840845,0.9537716577135508,False
unsw_nb15_v2,rf_5class_smote,17,fixed_risk_crc,0.1,0.4483769303498267,0.9130665052583794,False
unsw_nb15_v2,rf_5class_smote,17,dual_threshold_deferral,0.1,0.44872360542073747,0.9132178255277295,False
unsw_nb15_v2,rf_5class_smote,17,fixed_risk_crc,0.2,0.3482508666876773,0.8013921464780207,False
unsw_nb15_v2,rf_5class_smote,17,dual_threshold_deferral,0.2,0.34828238260321465,0.8013921464780207,False
unsw_nb15_v2,rf_5class_smote,17,conformal_selection_fdr,0.05,0.40696501733375356,0.8754634183248846,False
unsw_nb15_v2,rf_5class_smote,17,conformal_selection_fdr,0.1,0.49309801449732116,0.940985094953469,False
unsw_nb15_v2,rf_5class_smote,17,conformal_selection_fdr,0.2,0.618657421998109,0.9897858818188696,False
unsw_nb15_v2,rf_5class_smote,18,fixed_risk_crc,0.05,0.5275133942641034,0.9574516496018203,False
unsw_nb15_v2,rf_5class_smote,18,dual_threshold_deferral,0.05,0.5276079420107154,0.9574516496018203,False
unsw_nb15_v2,rf_5class_smote,18,fixed_risk_crc,0.1,0.4462968799243618,0.9111869548729618,False
unsw_nb15_v2,rf_5class_smote,18,dual_threshold_deferral,0.1,0.44664355499527264,0.9111869548729618,False
unsw_nb15_v2,rf_5class_smote,18,fixed_risk_crc,0.2,0.34008824456350456,0.7883200606750095,False
unsw_nb15_v2,rf_5class_smote,18,dual_threshold_deferral,0.2,0.34015127639457926,0.78839590443686,False
unsw_nb15_v2,rf_5class_smote,18,conformal_selection_fdr,0.05,0.41578947368421054,0.8826697004171407,False
unsw_nb15_v2,rf_5class_smote,18,conformal_selection_fdr,0.1,0.4913961550583044,0.9388699279484263,False
unsw_nb15_v2,rf_5class_smote,18,conformal_selection_fdr,0.2,0.6158209895997478,0.9892301858172166,False
unsw_nb15_v2,rf_5class_smote,19,fixed_risk_crc,0.05,0.5254333438386385,0.9551467234301353,False
unsw_nb15_v2,rf_5class_smote,19,dual_threshold_deferral,0.05,0.5254333438386385,0.9551467234301353,False
unsw_nb15_v2,rf_5class_smote,19,fixed_risk_crc,0.1,0.4487551213362748,0.9147027520145963,False
unsw_nb15_v2,rf_5class_smote,19,dual_threshold_deferral,0.1,0.44878663725181217,0.9147787745172571,False
unsw_nb15_v2,rf_5class_smote,19,fixed_risk_crc,0.2,0.34702174598172075,0.8004409305154325,False
unsw_nb15_v2,rf_5class_smote,19,dual_threshold_deferral,0.2,0.3470532618972581,0.8004409305154325,False
unsw_nb15_v2,rf_5class_smote,19,conformal_selection_fdr,0.05,0.40390797352663094,0.8714459480006082,False
unsw_nb15_v2,rf_5class_smote,19,conformal_selection_fdr,0.1,0.4942956192877403,0.9406264254219249,False
unsw_nb15_v2,rf_5class_smote,19,conformal_selection_fdr,0.2,0.6173022376300031,0.9894328721301505,False
unsw_nb15_v2,xgb_5class_smote,0,fixed_risk_crc,0.05,0.5239836117239206,0.9588545591559909,False
unsw_nb15_v2,xgb_5class_smote,0,dual_threshold_deferral,0.05,0.5243933186259061,0.9590052750565184,False
unsw_nb15_v2,xgb_5class_smote,0,fixed_risk_crc,0.1,0.4537031200756382,0.9201959306706857,False
unsw_nb15_v2,xgb_5class_smote,0,dual_threshold_deferral,0.1,0.4537031200756382,0.9201959306706857,False
unsw_nb15_v2,xgb_5class_smote,0,fixed_risk_crc,0.2,0.35455404979514654,0.8223059532780709,False
unsw_nb15_v2,xgb_5class_smote,0,dual_threshold_deferral,0.2,0.35474314528837064,0.8226073850791259,False
unsw_nb15_v2,xgb_5class_smote,0,conformal_selection_fdr,0.05,0.4423889063977309,0.9120572720422004,False
unsw_nb15_v2,xgb_5class_smote,0,conformal_selection_fdr,0.1,0.5089820359281437,0.9525244913338358,False
unsw_nb15_v2,xgb_5class_smote,0,conformal_selection_fdr,0.2,0.6148439962180902,0.9902788244159759,False
unsw_nb15_v2,xgb_5class_smote,1,fixed_risk_crc,0.05,0.5229120705956508,0.9594297414119967,False
unsw_nb15_v2,xgb_5class_smote,1,dual_threshold_deferral,0.05,0.5230066183422628,0.9595055736710396,False
unsw_nb15_v2,xgb_5class_smote,1,fixed_risk_crc,0.1,0.45379766782225023,0.9197694699325093,False
unsw_nb15_v2,xgb_5class_smote,1,dual_threshold_deferral,0.1,0.45386069965332493,0.9197694699325093,False
unsw_nb15_v2,xgb_5class_smote,1,fixed_risk_crc,0.2,0.35291522218720456,0.8214150299537423,False
unsw_nb15_v2,xgb_5class_smote,1,dual_threshold_deferral,0.2,0.3530412858493539,0.8216425267308713,False
unsw_nb15_v2,xgb_5class_smote,1,conformal_selection_fdr,0.05,0.44409076583674756,0.9123379085462956,False
unsw_nb15_v2,xgb_5class_smote,1,conformal_selection_fdr,0.1,0.5164197919949575,0.9563964510502768,False
unsw_nb15_v2,xgb_5class_smote,1,conformal_selection_fdr,0.2,0.622470847778128,0.9918859482823993,False
unsw_nb15_v2,xgb_5class_smote,2,fixed_risk_crc,0.05,0.5282697762369997,0.9600269986500675,False
unsw_nb15_v2,xgb_5class_smote,2,dual_threshold_deferral,0.05,0.5285219035612985,0.9600269986500675,False
unsw_nb15_v2,xgb_5class_smote,2,fixed_risk_crc,0.1,0.4602899464229436,0.9229038548072597,False
unsw_nb15_v2,xgb_5class_smote,2,dual_threshold_deferral,0.1,0.4602899464229436,0.9229038548072597,False
unsw_nb15_v2,xgb_5class_smote,2,fixed_risk_crc,0.2,0.36107784431137724,0.8272086395680216,False
unsw_nb15_v2,xgb_5class_smote,2,dual_threshold_deferral,0.2,0.36107784431137724,0.8272086395680216,False
unsw_nb15_v2,xgb_5class_smote,2,conformal_selection_fdr,0.05,0.44692719823510874,0.912104394780261,False
unsw_nb15_v2,xgb_5class_smote,2,conformal_selection_fdr,0.1,0.5103372202962496,0.951702414879256,False
unsw_nb15_v2,xgb_5class_smote,2,conformal_selection_fdr,0.2,0.6209580838323353,0.9907004649767511,False
unsw_nb15_v2,xgb_5class_smote,3,fixed_risk_crc,0.05,0.5254018279231012,0.9608481635744036,False
unsw_nb15_v2,xgb_5class_smote,3,dual_threshold_deferral,0.05,0.5254648597541759,0.9608481635744036,False
unsw_nb15_v2,xgb_5class_smote,3,fixed_risk_crc,0.1,0.45048849669082885,0.9184399848542218,False
unsw_nb15_v2,xgb_5class_smote,3,dual_threshold_deferral,0.1,0.450772139930665,0.9187429004165089,False
unsw_nb15_v2,xgb_5class_smote,3,fixed_risk_crc,0.2,0.35130791049479987,0.8192351382052253,False
unsw_nb15_v2,xgb_5class_smote,3,dual_threshold_deferral,0.2,0.35130791049479987,0.8192351382052253,False
unsw_nb15_v2,xgb_5class_smote,3,conformal_selection_fdr,0.05,0.43230381342578,0.903369935630443,False
unsw_nb15_v2,xgb_5class_smote,3,conformal_selection_fdr,0.1,0.5116608887488181,0.9546383945475199,False
unsw_nb15_v2,xgb_5class_smote,3,conformal_selection_fdr,0.2,0.6137094232587457,0.9904581597879591,False
unsw_nb15_v2,xgb_5class_smote,4,fixed_risk_crc,0.05,0.5189095493224078,0.9570232978964035,False
unsw_nb15_v2,xgb_5class_smote,4,dual_threshold_deferral,0.05,0.5189095493224078,0.9570232978964035,False
unsw_nb15_v2,xgb_5class_smote,4,fixed_risk_crc,0.1,0.4538291837377876,0.9204554022468522,False
unsw_nb15_v2,xgb_5class_smote,4,dual_threshold_deferral,0.1,0.4538922155688623,0.9205307999698409,False
unsw_nb15_v2,xgb_5class_smote,4,fixed_risk_crc,0.2,0.3531673495115033,0.8182160898740858,False
unsw_nb15_v2,xgb_5class_smote,4,dual_threshold_deferral,0.2,0.35326189725811535,0.8183668853200633,False
unsw_nb15_v2,xgb_5class_smote,4,conformal_selection_fdr,0.05,0.4354554049795147,0.9061298348789867,False
unsw_nb15_v2,xgb_5class_smote,4,conformal_selection_fdr,0.1,0.5095808383233533,0.9528010254090327,False
unsw_nb15_v2,xgb_5class_smote,4,conformal_selection_fdr,0.2,0.6175858808698392,0.990349091457438,False
unsw_nb15_v2,xgb_5class_smote,5,fixed_risk_crc,0.05,0.5188780334068704,0.9581857907029308,False
unsw_nb15_v2,xgb_5class_smote,5,dual_threshold_deferral,0.05,0.5189095493224078,0.9581857907029308,False
unsw_nb15_v2,xgb_5class_smote,5,fixed_risk_crc,0.1,0.45707532303813425,0.9238303322534468,False
unsw_nb15_v2,xgb_5class_smote,5,dual_threshold_deferral,0.1,0.45713835486920895,0.9238303322534468,False
unsw_nb15_v2,xgb_5class_smote,5,fixed_risk_crc,0.2,0.3561928774030886,0.8240789572816997,False
unsw_nb15_v2,xgb_5class_smote,5,dual_threshold_deferral,0.2,0.3564765206429247,0.8244556618699616,False
unsw_nb15_v2,xgb_5class_smote,5,conformal_selection_fdr,0.05,0.4376615190671289,0.9087621487229715,False
unsw_nb15_v2,xgb_5class_smote,5,conformal_selection_fdr,0.1,0.5102111566341002,0.9541173811497023,False
unsw_nb15_v2,xgb_5class_smote,5,conformal_selection_fdr,0.2,0.6122596911440278,0.9891509078580577,False
unsw_nb15_v2,xgb_5class_smote,6,fixed_risk_crc,0.05,0.519098644815632,0.9596388741370154,False
unsw_nb15_v2,xgb_5class_smote,6,dual_threshold_deferral,0.05,0.5191616766467065,0.9597147409149533,False
unsw_nb15_v2,xgb_5class_smote,6,fixed_risk_crc,0.1,0.45222187204538294,0.9210226841666035,False
unsw_nb15_v2,xgb_5class_smote,6,dual_threshold_deferral,0.1,0.45225338796092024,0.9210226841666035,False
unsw_nb15_v2,xgb_5class_smote,6,fixed_risk_crc,0.2,0.34856602584305074,0.8147333282755481,False
unsw_nb15_v2,xgb_5class_smote,6,dual_threshold_deferral,0.2,0.34862905767412544,0.8147333282755481,False
unsw_nb15_v2,xgb_5class_smote,6,conformal_selection_fdr,0.05,0.43715726441853137,0.908732266140657,False
unsw_nb15_v2,xgb_5class_smote,6,conformal_selection_fdr,0.1,0.5047589032461393,0.9522039298990972,False
unsw_nb15_v2,xgb_5class_smote,6,conformal_selection_fdr,0.2,0.6120390797352663,0.9905166527577574,False
unsw_nb15_v2,xgb_5class_smote,7,fixed_risk_crc,0.05,0.5172076898833912,0.9568018188707844,False
unsw_nb15_v2,xgb_5class_smote,7,dual_threshold_deferral,0.05,0.5172707217144658,0.9568018188707844,False
unsw_nb15_v2,xgb_5class_smote,7,fixed_risk_crc,0.1,0.450866687677277,0.9179992421371732,False
unsw_nb15_v2,xgb_5class_smote,7,dual_threshold_deferral,0.1,0.45102426725496375,0.9181508147025388,False
unsw_nb15_v2,xgb_5class_smote,7,fixed_risk_crc,0.2,0.34979514654900723,0.8172792724516862,False
unsw_nb15_v2,xgb_5class_smote,7,dual_threshold_deferral,0.2,0.34979514654900723,0.8172792724516862,False
unsw_nb15_v2,xgb_5class_smote,7,conformal_selection_fdr,0.05,0.43340687046958715,0.9041303524062144,False
unsw_nb15_v2,xgb_5class_smote,7,conformal_selection_fdr,0.1,0.5103687362117869,0.953315649867374,False
unsw_nb15_v2,xgb_5class_smote,7,conformal_selection_fdr,0.2,0.6138670028364324,0.9900719969685486,False
unsw_nb15_v2,xgb_5class_smote,8,fixed_risk_crc,0.05,0.5166088874881816,0.9564133554917661,False
unsw_nb15_v2,xgb_5class_smote,8,dual_threshold_deferral,0.05,0.5166404034037189,0.9564133554917661,False
unsw_nb15_v2,xgb_5class_smote,8,fixed_risk_crc,0.1,0.4510557831705011,0.9165281764617011,False
unsw_nb15_v2,xgb_5class_smote,8,dual_threshold_deferral,0.1,0.45115033091711315,0.9166037165735005,False
unsw_nb15_v2,xgb_5class_smote,8,fixed_risk_crc,0.2,0.3498266624645446,0.8144734854207584,False
unsw_nb15_v2,xgb_5class_smote,8,dual_threshold_deferral,0.2,0.3498896942956193,0.8144734854207584,False
unsw_nb15_v2,xgb_5class_smote,8,conformal_selection_fdr,0.05,0.4340371887803341,0.9033841970086116,False
unsw_nb15_v2,xgb_5class_smote,8,conformal_selection_fdr,0.1,0.5086038449416955,0.9521831092310017,False
unsw_nb15_v2,xgb_5class_smote,8,conformal_selection_fdr,0.2,0.615568862275449,0.9895754645716875,False
unsw_nb15_v2,xgb_5class_smote,9,fixed_risk_crc,0.05,0.5256854711629373,0.9619622641509434,False
unsw_nb15_v2,xgb_5class_smote,9,dual_threshold_deferral,0.05,0.5256854711629373,0.9619622641509434,False
unsw_nb15_v2,xgb_5class_smote,9,fixed_risk_crc,0.1,0.45874566656161364,0.9276981132075471,False
unsw_nb15_v2,xgb_5class_smote,9,dual_threshold_deferral,0.1,0.45877718247715094,0.9276981132075471,False
unsw_nb15_v2,xgb_5class_smote,9,fixed_risk_crc,0.2,0.360416010085093,0.8322264150943396,False
unsw_nb15_v2,xgb_5class_smote,9,dual_threshold_deferral,0.2,0.3604475260006303,0.8323018867924529,False
unsw_nb15_v2,xgb_5class_smote,9,conformal_selection_fdr,0.05,0.441128269776237,0.9147924528301887,False
unsw_nb15_v2,xgb_5class_smote,9,conformal_selection_fdr,0.1,0.5085723290261582,0.9552452830188679,False
unsw_nb15_v2,xgb_5class_smote,9,conformal_selection_fdr,0.2,0.6156003781909865,0.990188679245283,False
unsw_nb15_v2,xgb_5class_smote,10,fixed_risk_crc,0.05,0.5170185943901671,0.9575945069040972,False
unsw_nb15_v2,xgb_5class_smote,10,dual_threshold_deferral,0.05,0.5170816262212418,0.9575945069040972,False
unsw_nb15_v2,xgb_5class_smote,10,fixed_risk_crc,0.1,0.4537031200756382,0.9206972006338188,False
unsw_nb15_v2,xgb_5class_smote,10,dual_threshold_deferral,0.1,0.4537031200756382,0.9206972006338188,False
unsw_nb15_v2,xgb_5class_smote,10,fixed_risk_crc,0.2,0.3547116293728333,0.8217762016147288,False
unsw_nb15_v2,xgb_5class_smote,10,dual_threshold_deferral,0.2,0.35486920895052,0.8220780200709273,False
unsw_nb15_v2,xgb_5class_smote,10,conformal_selection_fdr,0.05,0.43756697132051686,0.9090771900701727,False
unsw_nb15_v2,xgb_5class_smote,10,conformal_selection_fdr,0.1,0.5029309801449732,0.9493699539726854,False
unsw_nb15_v2,xgb_5class_smote,10,conformal_selection_fdr,0.2,0.6101166088874882,0.9894363540330491,False
unsw_nb15_v2,xgb_5class_smote,11,fixed_risk_crc,0.05,0.5199495745351402,0.9607724346838319,False
unsw_nb15_v2,xgb_5class_smote,11,dual_threshold_deferral,0.05,0.5200756381972896,0.9608481635744036,False
unsw_nb15_v2,xgb_5class_smote,11,fixed_risk_crc,0.1,0.4544279861329972,0.9234380916319576,False
unsw_nb15_v2,xgb_5class_smote,11,dual_threshold_deferral,0.1,0.4544279861329972,0.9234380916319576,False
unsw_nb15_v2,xgb_5class_smote,11,fixed_risk_crc,0.2,0.35817838008194136,0.830367285119273,False
unsw_nb15_v2,xgb_5class_smote,11,dual_threshold_deferral,0.2,0.35817838008194136,0.830367285119273,False
unsw_nb15_v2,xgb_5class_smote,11,conformal_selection_fdr,0.05,0.4378821304758903,0.9109428246876183,False
unsw_nb15_v2,xgb_5class_smote,11,conformal_selection_fdr,0.1,0.5043491963441538,0.9519121544869368,False
unsw_nb15_v2,xgb_5class_smote,11,conformal_selection_fdr,0.2,0.6098329656476521,0.9902309731162439,False
unsw_nb15_v2,xgb_5class_smote,12,fixed_risk_crc,0.05,0.5198865427040655,0.9597080735897826,False
unsw_nb15_v2,xgb_5class_smote,12,dual_threshold_deferral,0.05,0.5201386700283643,0.9597840960924434,False
unsw_nb15_v2,xgb_5class_smote,12,fixed_risk_crc,0.1,0.45089820359281435,0.9205564847194769,False
unsw_nb15_v2,xgb_5class_smote,12,dual_threshold_deferral,0.1,0.4509927513394264,0.9205564847194769,False
unsw_nb15_v2,xgb_5class_smote,12,fixed_risk_crc,0.2,0.35159155373463596,0.8209670062338452,False
unsw_nb15_v2,xgb_5class_smote,12,dual_threshold_deferral,0.2,0.351686101481248,0.8211950737418275,False
unsw_nb15_v2,xgb_5class_smote,12,conformal_selection_fdr,0.05,0.43340687046958715,0.9068724342405352,False
unsw_nb15_v2,xgb_5class_smote,12,conformal_selection_fdr,0.1,0.5015127639457926,0.9508134407784704,False
unsw_nb15_v2,xgb_5class_smote,12,conformal_selection_fdr,0.2,0.6089505200126064,0.9889007146115251,False
unsw_nb15_v2,xgb_5class_smote,13,fixed_risk_crc,0.05,0.521745981720769,0.9595524306343086,False
unsw_nb15_v2,xgb_5class_smote,13,dual_threshold_deferral,0.05,0.5218720453829184,0.9595524306343086,False
unsw_nb15_v2,xgb_5class_smote,13,fixed_risk_crc,0.1,0.4577686731799559,0.9264383458078174,False
unsw_nb15_v2,xgb_5class_smote,13,dual_threshold_deferral,0.1,0.4577686731799559,0.9264383458078174,False
unsw_nb15_v2,xgb_5class_smote,13,fixed_risk_crc,0.2,0.3568231957138355,0.8263400619944054,False
unsw_nb15_v2,xgb_5class_smote,13,dual_threshold_deferral,0.2,0.3568231957138355,0.8263400619944054,False
unsw_nb15_v2,xgb_5class_smote,13,conformal_selection_fdr,0.05,0.44075007878978884,0.9138126559310501,False
unsw_nb15_v2,xgb_5class_smote,13,conformal_selection_fdr,0.1,0.5163567601638828,0.9579647690330385,False
unsw_nb15_v2,xgb_5class_smote,13,conformal_selection_fdr,0.2,0.6165143397415694,0.9902472215921978,False
unsw_nb15_v2,xgb_5class_smote,14,fixed_risk_crc,0.05,0.5203277655215884,0.9590625704198903,False
unsw_nb15_v2,xgb_5class_smote,14,dual_threshold_deferral,0.05,0.5208950520012606,0.9593630286186434,False
unsw_nb15_v2,xgb_5class_smote,14,fixed_risk_crc,0.1,0.45653955247399935,0.922857357470142,False
unsw_nb15_v2,xgb_5class_smote,14,dual_threshold_deferral,0.1,0.4566341002206114,0.9229324720198302,False
unsw_nb15_v2,xgb_5class_smote,14,fixed_risk_crc,0.2,0.35641348881185,0.823030120934425,False
unsw_nb15_v2,xgb_5class_smote,14,dual_threshold_deferral,0.2,0.35641348881185,0.823030120934425,False
unsw_nb15_v2,xgb_5class_smote,14,conformal_selection_fdr,0.05,0.4374093917428301,0.9077593329827988,False
unsw_nb15_v2,xgb_5class_smote,14,conformal_selection_fdr,0.1,0.5102111566341002,0.9547059265379704,False
unsw_nb15_v2,xgb_5class_smote,14,conformal_selection_fdr,0.2,0.6088874881815317,0.9886577029970706,False
unsw_nb15_v2,xgb_5class_smote,15,fixed_risk_crc,0.05,0.5185313583359596,0.9584562996594779,False
unsw_nb15_v2,xgb_5class_smote,15,dual_threshold_deferral,0.05,0.5185943901670343,0.9584562996594779,False
unsw_nb15_v2,xgb_5class_smote,15,fixed_risk_crc,0.1,0.4540182792310117,0.9221339387060159,False
unsw_nb15_v2,xgb_5class_smote,15,dual_threshold_deferral,0.1,0.4540813110620864,0.9222096102913356,False
unsw_nb15_v2,xgb_5class_smote,15,fixed_risk_crc,0.2,0.35590923416325243,0.8258796821793417,False
unsw_nb15_v2,xgb_5class_smote,15,dual_threshold_deferral,0.2,0.35590923416325243,0.8258796821793417,False
unsw_nb15_v2,xgb_5class_smote,15,conformal_selection_fdr,0.05,0.4299716356760164,0.9034430571320469,False
unsw_nb15_v2,xgb_5class_smote,15,conformal_selection_fdr,0.1,0.49432713520327765,0.9457434733257661,False
unsw_nb15_v2,xgb_5class_smote,15,conformal_selection_fdr,0.2,0.6042546485975417,0.9877412031782066,False
unsw_nb15_v2,xgb_5class_smote,16,fixed_risk_crc,0.05,0.5252127324298771,0.9609463865928566,False
unsw_nb15_v2,xgb_5class_smote,16,dual_threshold_deferral,0.05,0.5252757642609518,0.9610222188518996,False
unsw_nb15_v2,xgb_5class_smote,16,fixed_risk_crc,0.1,0.45379766782225023,0.9221202699628422,False
unsw_nb15_v2,xgb_5class_smote,16,dual_threshold_deferral,0.1,0.4540813110620864,0.9221961022218852,False
unsw_nb15_v2,xgb_5class_smote,16,fixed_risk_crc,0.2,0.35427040655531045,0.8236899977250323,False
unsw_nb15_v2,xgb_5class_smote,16,dual_threshold_deferral,0.2,0.3543964702174598,0.8239174945021612,False
unsw_nb15_v2,xgb_5class_smote,16,conformal_selection_fdr,0.05,0.4355184368105893,0.9073329794494578,False
unsw_nb15_v2,xgb_5class_smote,16,conformal_selection_fdr,0.1,0.5076268515600378,0.9534389929475999,False
unsw_nb15_v2,xgb_5class_smote,16,conformal_selection_fdr,0.2,0.616010085092972,0.9897626450291954,False
unsw_nb15_v2,xgb_5class_smote,17,fixed_risk_crc,0.05,0.5206114087614245,0.9607323901036544,False
unsw_nb15_v2,xgb_5class_smote,17,dual_threshold_deferral,0.05,0.5209895997478726,0.9608837103730045,False
unsw_nb15_v2,xgb_5class_smote,17,fixed_risk_crc,0.1,0.45754806177119445,0.925777407883786,False
unsw_nb15_v2,xgb_5class_smote,17,dual_threshold_deferral,0.1,0.45780018909549325,0.9259287281531361,False
unsw_nb15_v2,xgb_5class_smote,17,fixed_risk_crc,0.2,0.35502678852820674,0.8250737686313082,False
unsw_nb15_v2,xgb_5class_smote,17,dual_threshold_deferral,0.2,0.35508982035928144,0.8251494287659832,False
unsw_nb15_v2,xgb_5class_smote,17,conformal_selection_fdr,0.05,0.4272612669398046,0.9016418249224484,False
unsw_nb15_v2,xgb_5class_smote,17,conformal_selection_fdr,0.1,0.4995272612669398,0.9496860104410986,False
unsw_nb15_v2,xgb_5class_smote,17,conformal_selection_fdr,0.2,0.6096753860699653,0.9890292804721192,False
unsw_nb15_v2,xgb_5class_smote,18,fixed_risk_crc,0.05,0.5193192562243933,0.9587409935532802,False
unsw_nb15_v2,xgb_5class_smote,18,dual_threshold_deferral,0.05,0.519382288055468,0.9587409935532802,False
unsw_nb15_v2,xgb_5class_smote,18,fixed_risk_crc,0.1,0.4521903561298456,0.9200606750094805,False
unsw_nb15_v2,xgb_5class_smote,18,dual_threshold_deferral,0.1,0.45244248345414434,0.9201365187713311,False
unsw_nb15_v2,xgb_5class_smote,18,fixed_risk_crc,0.2,0.3514654900724866,0.8184300341296928,False
unsw_nb15_v2,xgb_5class_smote,18,dual_threshold_deferral,0.2,0.35149700598802397,0.8184300341296928,False
unsw_nb15_v2,xgb_5class_smote,18,conformal_selection_fdr,0.05,0.44267254963756697,0.9123246113007205,False
unsw_nb15_v2,xgb_5class_smote,18,conformal_selection_fdr,0.1,0.5089505200126063,0.953811149032992,False
unsw_nb15_v2,xgb_5class_smote,18,conformal_selection_fdr,0.2,0.6129845572013867,0.9897610921501706,False
unsw_nb15_v2,xgb_5class_smote,19,fixed_risk_crc,0.05,0.5190356129845572,0.959175916071157,False
unsw_nb15_v2,xgb_5class_smote,19,dual_threshold_deferral,0.05,0.5190356129845572,0.959175916071157,False
unsw_nb15_v2,xgb_5class_smote,19,fixed_risk_crc,0.1,0.45196974472108414,0.9207845522274594,False
unsw_nb15_v2,xgb_5class_smote,19,dual_threshold_deferral,0.1,0.4520012606366215,0.9207845522274594,False
unsw_nb15_v2,xgb_5class_smote,19,fixed_risk_crc,0.2,0.3549322407815947,0.8248441538695453,False
unsw_nb15_v2,xgb_5class_smote,19,dual_threshold_deferral,0.2,0.35508982035928144,0.824996198874867,False
unsw_nb15_v2,xgb_5class_smote,19,conformal_selection_fdr,0.05,0.4278600693350142,0.9015508590542801,False
unsw_nb15_v2,xgb_5class_smote,19,conformal_selection_fdr,0.1,0.5024267254963757,0.9503573057625057,False
unsw_nb15_v2,xgb_5class_smote,19,conformal_selection_fdr,0.2,0.615474314528837,0.9901930971567584,False
unsw_nb15_v2,dnn_5class_smote,0,fixed_risk_crc,0.05,0.5638512448786637,0.962471740768651,False
unsw_nb15_v2,dnn_5class_smote,0,dual_threshold_deferral,0.05,0.5640718562874252,0.9625470987189149,False
unsw_nb15_v2,dnn_5class_smote,0,fixed_risk_crc,0.1,0.493539237314844,0.9307460437076112,False
unsw_nb15_v2,dnn_5class_smote,0,dual_threshold_deferral,0.1,0.49369681689253075,0.9307460437076112,False
unsw_nb15_v2,dnn_5class_smote,0,fixed_risk_crc,0.2,0.39032461393003465,0.8522230595327807,False
unsw_nb15_v2,dnn_5class_smote,0,dual_threshold_deferral,0.2,0.3904821935077214,0.8523737754333082,False
unsw_nb15_v2,dnn_5class_smote,0,conformal_selection_fdr,0.05,0.4060510557831705,0.8710625470987189,False
unsw_nb15_v2,dnn_5class_smote,0,conformal_selection_fdr,0.1,0.4737157264418531,0.9214770158251696,False
unsw_nb15_v2,dnn_5class_smote,0,conformal_selection_fdr,0.2,0.5890954932240782,0.9727204220045215,False
unsw_nb15_v2,dnn_5class_smote,1,fixed_risk_crc,0.05,0.565962811219666,0.9632971866231895,False
unsw_nb15_v2,dnn_5class_smote,1,dual_threshold_deferral,0.05,0.566057358966278,0.9632971866231895,False
unsw_nb15_v2,dnn_5class_smote,1,fixed_risk_crc,0.1,0.4936653009769934,0.9317509668613028,False
unsw_nb15_v2,dnn_5class_smote,1,dual_threshold_deferral,0.1,0.49385439647021745,0.9318267991203458,False
unsw_nb15_v2,dnn_5class_smote,1,fixed_risk_crc,0.2,0.3891900409706902,0.8514446045347691,False
unsw_nb15_v2,dnn_5class_smote,1,dual_threshold_deferral,0.2,0.3891900409706902,0.8514446045347691,False
unsw_nb15_v2,dnn_5class_smote,1,conformal_selection_fdr,0.05,0.40479041916167663,0.8704026692955183,False
unsw_nb15_v2,dnn_5class_smote,1,conformal_selection_fdr,0.1,0.4764576110936023,0.924698566770304,False
unsw_nb15_v2,dnn_5class_smote,1,conformal_selection_fdr,0.2,0.596722344784116,0.976643664214757,False
unsw_nb15_v2,dnn_5class_smote,2,fixed_risk_crc,0.05,0.5718562874251497,0.9638518074096295,False
unsw_nb15_v2,dnn_5class_smote,2,dual_threshold_deferral,0.05,0.5719508351717617,0.9638518074096295,False
unsw_nb15_v2,dnn_5class_smote,2,fixed_risk_crc,0.1,0.4971950835171762,0.9311534423278836,False
unsw_nb15_v2,dnn_5class_smote,2,dual_threshold_deferral,0.1,0.4973841790104003,0.9312284385780711,False
unsw_nb15_v2,dnn_5class_smote,2,fixed_risk_crc,0.2,0.39549322407815946,0.8556322183890805,False
unsw_nb15_v2,dnn_5class_smote,2,dual_threshold_deferral,0.2,0.3957138354869209,0.855707214639268,False
unsw_nb15_v2,dnn_5class_smote,2,conformal_selection_fdr,0.05,0.4053577056413489,0.8665066746662667,False
unsw_nb15_v2,dnn_5class_smote,2,conformal_selection_fdr,0.1,0.4739678537661519,0.9196790160491976,False
unsw_nb15_v2,dnn_5class_smote,2,conformal_selection_fdr,0.2,0.5879294043491964,0.9709764511774411,False
unsw_nb15_v2,dnn_5class_smote,3,fixed_risk_crc,0.05,0.565332492908919,0.965316168118137,False
unsw_nb15_v2,dnn_5class_smote,3,dual_threshold_deferral,0.05,0.5654270406555311,0.9654676258992806,False
unsw_nb15_v2,dnn_5class_smote,3,fixed_risk_crc,0.1,0.4898518751969745,0.9309352517985612,False
unsw_nb15_v2,dnn_5class_smote,3,dual_threshold_deferral,0.1,0.4899149070280492,0.9309352517985612,False
unsw_nb15_v2,dnn_5class_smote,3,fixed_risk_crc,0.2,0.38786637251812167,0.84967815221507,False
unsw_nb15_v2,dnn_5class_smote,3,dual_threshold_deferral,0.2,0.38786637251812167,0.84967815221507,False
unsw_nb15_v2,dnn_5class_smote,3,conformal_selection_fdr,0.05,0.39899149070280493,0.8648239303294206,False
unsw_nb15_v2,dnn_5class_smote,3,conformal_selection_fdr,0.1,0.47012291207059564,0.9210904960242332,False
unsw_nb15_v2,dnn_5class_smote,3,conformal_selection_fdr,0.2,0.5897573274503625,0.9747822794396062,False
unsw_nb15_v2,dnn_5class_smote,4,fixed_risk_crc,0.05,0.5692719823510873,0.9632813089044711,False
unsw_nb15_v2,dnn_5class_smote,4,dual_threshold_deferral,0.05,0.5695556255909234,0.9633567066274599,False
unsw_nb15_v2,dnn_5class_smote,4,fixed_risk_crc,0.1,0.4928774030885597,0.9302571062353917,False
unsw_nb15_v2,dnn_5class_smote,4,dual_threshold_deferral,0.1,0.4930034667507091,0.9302571062353917,False
unsw_nb15_v2,dnn_5class_smote,4,fixed_risk_crc,0.2,0.3869208950520013,0.844529895197165,False
unsw_nb15_v2,dnn_5class_smote,4,dual_threshold_deferral,0.2,0.387078474629688,0.8448314860891201,False
unsw_nb15_v2,dnn_5class_smote,4,conformal_selection_fdr,0.05,0.40248975732745035,0.8641333031742441,False
unsw_nb15_v2,dnn_5class_smote,4,conformal_selection_fdr,0.1,0.47459817207689886,0.921133981753751,False
unsw_nb15_v2,dnn_5class_smote,4,conformal_selection_fdr,0.2,0.5903561298455721,0.9722536379401342,False
unsw_nb15_v2,dnn_5class_smote,5,fixed_risk_crc,0.05,0.5685471162937283,0.9669253371506065,False
unsw_nb15_v2,dnn_5class_smote,5,dual_threshold_deferral,0.05,0.5685471162937283,0.9669253371506065,False
unsw_nb15_v2,dnn_5class_smote,5,fixed_risk_crc,0.1,0.49309801449732116,0.9322685150305131,False
unsw_nb15_v2,dnn_5class_smote,5,dual_threshold_deferral,0.1,0.49331862590608255,0.9322685150305131,False
unsw_nb15_v2,dnn_5class_smote,5,fixed_risk_crc,0.2,0.39186889379136464,0.8530852105778648,False
unsw_nb15_v2,dnn_5class_smote,5,dual_threshold_deferral,0.2,0.39186889379136464,0.8530852105778648,False
unsw_nb15_v2,dnn_5class_smote,5,conformal_selection_fdr,0.05,0.40248975732745035,0.8659685074964213,False
unsw_nb15_v2,dnn_5class_smote,5,conformal_selection_fdr,0.1,0.4719823510872991,0.9213440819709184,False
unsw_nb15_v2,dnn_5class_smote,5,conformal_selection_fdr,0.2,0.5847462968799244,0.9728772696451443,False
unsw_nb15_v2,dnn_5class_smote,6,fixed_risk_crc,0.05,0.5654585565710684,0.9647978150367954,False
unsw_nb15_v2,dnn_5class_smote,6,dual_threshold_deferral,0.05,0.5658052316419792,0.9650254153706093,False
unsw_nb15_v2,dnn_5class_smote,6,fixed_risk_crc,0.1,0.4906712890009455,0.9316440330779152,False
unsw_nb15_v2,dnn_5class_smote,6,dual_threshold_deferral,0.1,0.4906712890009455,0.9316440330779152,False
unsw_nb15_v2,dnn_5class_smote,6,fixed_risk_crc,0.2,0.38562874251497004,0.8474319095668007,False
unsw_nb15_v2,dnn_5class_smote,6,dual_threshold_deferral,0.2,0.38575480617711944,0.8475836431226765,False
unsw_nb15_v2,dnn_5class_smote,6,conformal_selection_fdr,0.05,0.3976047904191617,0.8631363325999545,False
unsw_nb15_v2,dnn_5class_smote,6,conformal_selection_fdr,0.1,0.4659312953041286,0.9185190804946514,False
unsw_nb15_v2,dnn_5class_smote,6,conformal_selection_fdr,0.2,0.5825716987078474,0.9720810257188377,False
unsw_nb15_v2,dnn_5class_smote,7,fixed_risk_crc,0.05,0.5670028364323983,0.9646078059871164,False
unsw_nb15_v2,dnn_5class_smote,7,dual_threshold_deferral,0.05,0.5672549637566972,0.964759378552482,False
unsw_nb15_v2,dnn_5class_smote,7,fixed_risk_crc,0.1,0.4913646391427671,0.9297461159530125,False
unsw_nb15_v2,dnn_5class_smote,7,dual_threshold_deferral,0.1,0.49149070280491647,0.9298976885183782,False
unsw_nb15_v2,dnn_5class_smote,7,fixed_risk_crc,0.2,0.38755121336274817,0.8482758620689655,False
unsw_nb15_v2,dnn_5class_smote,7,dual_threshold_deferral,0.2,0.38755121336274817,0.8482758620689655,False
unsw_nb15_v2,dnn_5class_smote,7,conformal_selection_fdr,0.05,0.40397100535770564,0.8685107995452823,False
unsw_nb15_v2,dnn_5class_smote,7,conformal_selection_fdr,0.1,0.4741884651749133,0.9214854111405836,False
unsw_nb15_v2,dnn_5class_smote,7,conformal_selection_fdr,0.2,0.5836432398361172,0.9712769988632057,False
unsw_nb15_v2,dnn_5class_smote,8,fixed_risk_crc,0.05,0.5618657421998109,0.9620788638767186,False
unsw_nb15_v2,dnn_5class_smote,8,dual_threshold_deferral,0.05,0.5621809013551844,0.9620788638767186,False
unsw_nb15_v2,dnn_5class_smote,8,fixed_risk_crc,0.1,0.48846517491333125,0.9284635141260009,False
unsw_nb15_v2,dnn_5class_smote,8,dual_threshold_deferral,0.1,0.4885597226599433,0.9284635141260009,False
unsw_nb15_v2,dnn_5class_smote,8,fixed_risk_crc,0.2,0.38569177434604474,0.8443118295815077,False
unsw_nb15_v2,dnn_5class_smote,8,dual_threshold_deferral,0.2,0.38569177434604474,0.8443118295815077,False
unsw_nb15_v2,dnn_5class_smote,8,conformal_selection_fdr,0.05,0.4014497321147179,0.8648587399909352,False
unsw_nb15_v2,dnn_5class_smote,8,conformal_selection_fdr,0.1,0.468515600378191,0.9184166792566854,False
unsw_nb15_v2,dnn_5class_smote,8,conformal_selection_fdr,0.2,0.5838323353293413,0.9709170569572443,False
unsw_nb15_v2,dnn_5class_smote,9,fixed_risk_crc,0.05,0.5739048219350772,0.9678490566037736,False
unsw_nb15_v2,dnn_5class_smote,9,dual_threshold_deferral,0.05,0.5740308855972266,0.9678490566037736,False
unsw_nb15_v2,dnn_5class_smote,9,fixed_risk_crc,0.1,0.5011345729593445,0.938566037735849,False
unsw_nb15_v2,dnn_5class_smote,9,dual_threshold_deferral,0.1,0.5012921525370312,0.938566037735849,False
unsw_nb15_v2,dnn_5class_smote,9,fixed_risk_crc,0.2,0.3925622439331863,0.857811320754717,False
unsw_nb15_v2,dnn_5class_smote,9,dual_threshold_deferral,0.2,0.3925622439331863,0.857811320754717,False
unsw_nb15_v2,dnn_5class_smote,9,conformal_selection_fdr,0.05,0.4052946738102742,0.8721509433962265,False
unsw_nb15_v2,dnn_5class_smote,9,conformal_selection_fdr,0.1,0.4698077529152222,0.9230943396226415,False
unsw_nb15_v2,dnn_5class_smote,9,conformal_selection_fdr,0.2,0.5802710368736211,0.9702641509433962,False
unsw_nb15_v2,dnn_5class_smote,10,fixed_risk_crc,0.05,0.5694610778443113,0.9670263336603033,False
unsw_nb15_v2,dnn_5class_smote,10,dual_threshold_deferral,0.05,0.5698077529152222,0.9671772428884027,False
unsw_nb15_v2,dnn_5class_smote,10,fixed_risk_crc,0.1,0.49369681689253075,0.9326190296536633,False
unsw_nb15_v2,dnn_5class_smote,10,dual_threshold_deferral,0.1,0.49379136463914275,0.9327699388817626,False
unsw_nb15_v2,dnn_5class_smote,10,fixed_risk_crc,0.2,0.3904191616766467,0.8530144118312835,False
unsw_nb15_v2,dnn_5class_smote,10,dual_threshold_deferral,0.2,0.3904191616766467,0.8530144118312835,False
unsw_nb15_v2,dnn_5class_smote,10,conformal_selection_fdr,0.05,0.40220611408761425,0.867728061570965,False
unsw_nb15_v2,dnn_5class_smote,10,conformal_selection_fdr,0.1,0.46526946107784434,0.9181317437561307,False
unsw_nb15_v2,dnn_5class_smote,10,conformal_selection_fdr,0.2,0.5819098644815632,0.972685429714027,False
unsw_nb15_v2,dnn_5class_smote,11,fixed_risk_crc,0.05,0.5702174598172077,0.9672093903824309,False
unsw_nb15_v2,dnn_5class_smote,11,dual_threshold_deferral,0.05,0.5702804916482824,0.9672093903824309,False
unsw_nb15_v2,dnn_5class_smote,11,fixed_risk_crc,0.1,0.49404349196344155,0.935251798561151,False
unsw_nb15_v2,dnn_5class_smote,11,dual_threshold_deferral,0.1,0.49439016703435235,0.9357819007951533,False
unsw_nb15_v2,dnn_5class_smote,11,fixed_risk_crc,0.2,0.39227860069335013,0.8583112457402499,False
unsw_nb15_v2,dnn_5class_smote,11,dual_threshold_deferral,0.2,0.39240466435549953,0.8584627035213934,False
unsw_nb15_v2,dnn_5class_smote,11,conformal_selection_fdr,0.05,0.40409706901985504,0.8726240060583113,False
unsw_nb15_v2,dnn_5class_smote,11,conformal_selection_fdr,0.1,0.4711629372833281,0.9240439227565316,False
unsw_nb15_v2,dnn_5class_smote,11,conformal_selection_fdr,0.2,0.5795461708162623,0.9717531238167361,False
unsw_nb15_v2,dnn_5class_smote,12,fixed_risk_crc,0.05,0.5637251812165144,0.9648015812680554,False
unsw_nb15_v2,dnn_5class_smote,12,dual_threshold_deferral,0.05,0.5637882130475891,0.9648015812680554,False
unsw_nb15_v2,dnn_5class_smote,12,fixed_risk_crc,0.1,0.48692089505200126,0.931275657594648,False
unsw_nb15_v2,dnn_5class_smote,12,dual_threshold_deferral,0.1,0.48717302237630006,0.931275657594648,False
unsw_nb15_v2,dnn_5class_smote,12,fixed_risk_crc,0.2,0.3909549322407816,0.8566215599817546,False
unsw_nb15_v2,dnn_5class_smote,12,dual_threshold_deferral,0.2,0.3909549322407816,0.8566215599817546,False
unsw_nb15_v2,dnn_5class_smote,12,conformal_selection_fdr,0.05,0.40107154112826976,0.8684810703968374,False
unsw_nb15_v2,dnn_5class_smote,12,conformal_selection_fdr,0.1,0.45780018909549325,0.9148547970199179,False
unsw_nb15_v2,dnn_5class_smote,12,conformal_selection_fdr,0.2,0.577340056728648,0.9701231564543105,False
unsw_nb15_v2,dnn_5class_smote,13,fixed_risk_crc,0.05,0.5690513709423258,0.9648446359718758,False
unsw_nb15_v2,dnn_5class_smote,13,dual_threshold_deferral,0.05,0.5693034982666246,0.9648446359718758,False
unsw_nb15_v2,dnn_5class_smote,13,fixed_risk_crc,0.1,0.49451623069650175,0.9339986391471989,False
unsw_nb15_v2,dnn_5class_smote,13,dual_threshold_deferral,0.1,0.4946422943586511,0.9341498450139866,False
unsw_nb15_v2,dnn_5class_smote,13,fixed_risk_crc,0.2,0.3915537346359912,0.8542375444167234,False
unsw_nb15_v2,dnn_5class_smote,13,dual_threshold_deferral,0.2,0.3916167664670659,0.8543131473501172,False
unsw_nb15_v2,dnn_5class_smote,13,conformal_selection_fdr,0.05,0.40753230381342576,0.8720798366976639,False
unsw_nb15_v2,dnn_5class_smote,13,conformal_selection_fdr,0.1,0.474976363063347,0.9250018900733349,False
unsw_nb15_v2,dnn_5class_smote,13,conformal_selection_fdr,0.2,0.5851560037819099,0.9714220911771376,False
unsw_nb15_v2,dnn_5class_smote,14,fixed_risk_crc,0.05,0.5619287740308856,0.9622173815067979,False
unsw_nb15_v2,dnn_5class_smote,14,dual_threshold_deferral,0.05,0.5620233217774976,0.9622924960564861,False
unsw_nb15_v2,dnn_5class_smote,14,fixed_risk_crc,0.1,0.4911440277340057,0.930519041538346,False
unsw_nb15_v2,dnn_5class_smote,14,dual_threshold_deferral,0.1,0.4911440277340057,0.930519041538346,False
unsw_nb15_v2,dnn_5class_smote,14,fixed_risk_crc,0.2,0.3933501418216199,0.8543528881544356,False
unsw_nb15_v2,dnn_5class_smote,14,dual_threshold_deferral,0.2,0.3935707532303813,0.8547284609028769,False
unsw_nb15_v2,dnn_5class_smote,14,conformal_selection_fdr,0.05,0.402458241411913,0.8658454142567416,False
unsw_nb15_v2,dnn_5class_smote,14,conformal_selection_fdr,0.1,0.4700283643239836,0.9211297228273116,False
unsw_nb15_v2,dnn_5class_smote,14,conformal_selection_fdr,0.2,0.5811849984242042,0.9703297528731315,False
unsw_nb15_v2,dnn_5class_smote,15,fixed_risk_crc,0.05,0.5662779703750394,0.964737041241014,False
unsw_nb15_v2,dnn_5class_smote,15,dual_threshold_deferral,0.05,0.5665616136148756,0.9648127128263337,False
unsw_nb15_v2,dnn_5class_smote,15,fixed_risk_crc,0.1,0.49568231957138353,0.9349224366250473,False
unsw_nb15_v2,dnn_5class_smote,15,dual_threshold_deferral,0.1,0.4957138354869209,0.9349224366250473,False
unsw_nb15_v2,dnn_5class_smote,15,fixed_risk_crc,0.2,0.3872045382918374,0.8501702610669694,False
unsw_nb15_v2,dnn_5class_smote,15,dual_threshold_deferral,0.2,0.3873621178695241,0.8503972758229285,False
unsw_nb15_v2,dnn_5class_smote,15,conformal_selection_fdr,0.05,0.3966593129530413,0.8619750283768445,False
unsw_nb15_v2,dnn_5class_smote,15,conformal_selection_fdr,0.1,0.45272612669398044,0.9100264850548619,False
unsw_nb15_v2,dnn_5class_smote,15,conformal_selection_fdr,0.2,0.5686416640403403,0.9657207718501702,False
unsw_nb15_v2,dnn_5class_smote,16,fixed_risk_crc,0.05,0.570154427986133,0.9649654963221355,False
unsw_nb15_v2,dnn_5class_smote,16,dual_threshold_deferral,0.05,0.5704065553104317,0.9651929930992644,False
unsw_nb15_v2,dnn_5class_smote,16,fixed_risk_crc,0.1,0.4890639773085408,0.9299309926442709,False
unsw_nb15_v2,dnn_5class_smote,16,dual_threshold_deferral,0.1,0.4891270091396155,0.9299309926442709,False
unsw_nb15_v2,dnn_5class_smote,16,fixed_risk_crc,0.2,0.3915537346359912,0.8565253658906499,False
unsw_nb15_v2,dnn_5class_smote,16,dual_threshold_deferral,0.2,0.39167979829814054,0.8568286949268219,False
unsw_nb15_v2,dnn_5class_smote,16,conformal_selection_fdr,0.05,0.4021745981720769,0.8688860241146584,False
unsw_nb15_v2,dnn_5class_smote,16,conformal_selection_fdr,0.1,0.4719823510872991,0.9221202699628422,False
unsw_nb15_v2,dnn_5class_smote,16,conformal_selection_fdr,0.2,0.5913016073116925,0.974217031925381,False
unsw_nb15_v2,dnn_5class_smote,17,fixed_risk_crc,0.05,0.5623384809328711,0.9633048346826057,False
unsw_nb15_v2,dnn_5class_smote,17,dual_threshold_deferral,0.05,0.5625275764260952,0.9633804948172808,False
unsw_nb15_v2,dnn_5class_smote,17,fixed_risk_crc,0.1,0.49026158209896,0.9319058787924642,False
unsw_nb15_v2,dnn_5class_smote,17,dual_threshold_deferral,0.1,0.49041916167664673,0.9320571990618143,False
unsw_nb15_v2,dnn_5class_smote,17,fixed_risk_crc,0.2,0.3894106523794516,0.853294998865098,False
unsw_nb15_v2,dnn_5class_smote,17,dual_threshold_deferral,0.2,0.38963126378821306,0.8535976394037982,False
unsw_nb15_v2,dnn_5class_smote,17,conformal_selection_fdr,0.05,0.3989599747872676,0.8654006204131043,False
unsw_nb15_v2,dnn_5class_smote,17,conformal_selection_fdr,0.1,0.4608572329026158,0.9167738518574563,False
unsw_nb15_v2,dnn_5class_smote,17,conformal_selection_fdr,0.2,0.581437125748503,0.9707195278807597,False
unsw_nb15_v2,dnn_5class_smote,18,fixed_risk_crc,0.05,0.5640403403718878,0.9640500568828214,False
unsw_nb15_v2,dnn_5class_smote,18,dual_threshold_deferral,0.05,0.5641348881184999,0.9640500568828214,False
unsw_nb15_v2,dnn_5class_smote,18,fixed_risk_crc,0.1,0.48550267885282067,0.9293894577171028,False
unsw_nb15_v2,dnn_5class_smote,18,dual_threshold_deferral,0.1,0.485534194768358,0.9293894577171028,False
unsw_nb15_v2,dnn_5class_smote,18,fixed_risk_crc,0.2,0.38562874251497004,0.844520288206295,False
unsw_nb15_v2,dnn_5class_smote,18,dual_threshold_deferral,0.2,0.38575480617711944,0.8446719757299962,False
unsw_nb15_v2,dnn_5class_smote,18,conformal_selection_fdr,0.05,0.40431768042861643,0.866590822904816,False
unsw_nb15_v2,dnn_5class_smote,18,conformal_selection_fdr,0.1,0.46615190671289003,0.9186196435343194,False
unsw_nb15_v2,dnn_5class_smote,18,conformal_selection_fdr,0.2,0.578159470532619,0.9691315889268107,False
unsw_nb15_v2,dnn_5class_smote,19,fixed_risk_crc,0.05,0.5693980460132367,0.9665500988292535,False
unsw_nb15_v2,dnn_5class_smote,19,dual_threshold_deferral,0.05,0.5694610778443113,0.9665500988292535,False
unsw_nb15_v2,dnn_5class_smote,19,fixed_risk_crc,0.1,0.4959659628112197,0.9361410977649384,False
unsw_nb15_v2,dnn_5class_smote,19,dual_threshold_deferral,0.1,0.4961235423889064,0.93629314277026,False
unsw_nb15_v2,dnn_5class_smote,19,fixed_risk_crc,0.2,0.3901985502678853,0.855405199939182,False
unsw_nb15_v2,dnn_5class_smote,19,dual_threshold_deferral,0.2,0.39057674125433345,0.8559373574578075,False
unsw_nb15_v2,dnn_5class_smote,19,conformal_selection_fdr,0.05,0.3985502678852821,0.8657442603010491,False
unsw_nb15_v2,dnn_5class_smote,19,conformal_selection_fdr,0.1,0.4647021745981721,0.9194161471795651,False
unsw_nb15_v2,dnn_5class_smote,19,conformal_selection_fdr,0.2,0.5809643870154428,0.9718716740155086,False
cic_ids2017_v2,rf_5class_cw,0,fixed_risk_crc,0.05,0.1865720141978703,0.949847250509165,False
cic_ids2017_v2,rf_5class_cw,0,dual_threshold_deferral,0.05,0.1865720141978703,0.949847250509165,False
cic_ids2017_v2,rf_5class_cw,0,fixed_risk_crc,0.1,0.17672349147627855,0.8996945010183299,False
cic_ids2017_v2,rf_5class_cw,0,dual_threshold_deferral,0.1,0.17672349147627855,0.8996945010183299,False
cic_ids2017_v2,rf_5class_cw,0,fixed_risk_crc,0.2,0.15512673099035146,0.789714867617108,False
cic_ids2017_v2,rf_5class_cw,0,dual_threshold_deferral,0.2,0.15512673099035146,0.789714867617108,False
cic_ids2017_v2,rf_5class_cw,0,conformal_selection_fdr,0.05,0.20421936709493577,0.9994908350305499,False
cic_ids2017_v2,rf_5class_cw,0,conformal_selection_fdr,0.1,0.2127680847872819,0.9997454175152749,False
cic_ids2017_v2,rf_5class_cw,0,conformal_selection_fdr,0.2,0.23061540768884667,0.9997454175152749,False
cic_ids2017_v2,rf_5class_cw,1,fixed_risk_crc,0.05,0.18332250162475627,0.947450168263008,False
cic_ids2017_v2,rf_5class_cw,1,dual_threshold_deferral,0.05,0.18332250162475627,0.947450168263008,False
cic_ids2017_v2,rf_5class_cw,1,fixed_risk_crc,0.1,0.1737239414087887,0.898006730520321,False
cic_ids2017_v2,rf_5class_cw,1,dual_threshold_deferral,0.1,0.1737239414087887,0.898006730520321,False
cic_ids2017_v2,rf_5class_cw,1,fixed_risk_crc,0.2,0.1535769634554817,0.7936836655449133,False
cic_ids2017_v2,rf_5class_cw,1,dual_threshold_deferral,0.2,0.1535769634554817,0.7936836655449133,False
cic_ids2017_v2,rf_5class_cw,1,conformal_selection_fdr,0.05,0.20086986951957206,0.9989645353352317,False
cic_ids2017_v2,rf_5class_cw,1,conformal_selection_fdr,0.1,0.20901864720291957,0.9992234015014237,False
cic_ids2017_v2,rf_5class_cw,1,conformal_selection_fdr,0.2,0.23016547517872318,0.9994822676676158,False
cic_ids2017_v2,rf_5class_cw,2,fixed_risk_crc,0.05,0.1831725241213818,0.9494425719471091,False
cic_ids2017_v2,rf_5class_cw,2,dual_threshold_deferral,0.05,0.1831725241213818,0.9494425719471091,False
cic_ids2017_v2,rf_5class_cw,2,fixed_risk_crc,0.1,0.1731240313952907,0.8973295307233601,False
cic_ids2017_v2,rf_5class_cw,2,dual_threshold_deferral,0.1,0.1731240313952907,0.8973295307233601,False
cic_ids2017_v2,rf_5class_cw,2,fixed_risk_crc,0.2,0.15332700094985752,0.7946590614467203,False
cic_ids2017_v2,rf_5class_cw,2,dual_threshold_deferral,0.2,0.15372694095885617,0.7967332123411979,False
cic_ids2017_v2,rf_5class_cw,2,conformal_selection_fdr,0.05,0.2007698845173224,0.9989629245527613,False
cic_ids2017_v2,rf_5class_cw,2,conformal_selection_fdr,0.1,0.20966854971754237,0.9992221934145709,False
cic_ids2017_v2,rf_5class_cw,2,conformal_selection_fdr,0.2,0.22711593261010848,0.9994814622763806,False
cic_ids2017_v2,rf_5class_cw,3,fixed_risk_crc,0.05,0.18872169174623807,0.9561136478944698,False
cic_ids2017_v2,rf_5class_cw,3,dual_threshold_deferral,0.05,0.18892166175073738,0.9571283612379503,False
cic_ids2017_v2,rf_5class_cw,3,fixed_risk_crc,0.1,0.17897315402689595,0.9069000507356672,False
cic_ids2017_v2,rf_5class_cw,3,dual_threshold_deferral,0.1,0.17897315402689595,0.9069000507356672,False
cic_ids2017_v2,rf_5class_cw,3,fixed_risk_crc,0.2,0.1577763335499675,0.7993404363267377,False
cic_ids2017_v2,rf_5class_cw,3,dual_threshold_deferral,0.2,0.15867619857021448,0.8039066463723998,False
cic_ids2017_v2,rf_5class_cw,3,conformal_selection_fdr,0.05,0.2049192621106834,0.9989852866565195,False
cic_ids2017_v2,rf_5class_cw,3,conformal_selection_fdr,0.1,0.21266809978503223,0.9992389649923896,False
cic_ids2017_v2,rf_5class_cw,3,conformal_selection_fdr,0.2,0.23096535519672048,0.9994926433282597,False
cic_ids2017_v2,rf_5class_cw,4,fixed_risk_crc,0.05,0.18832175173723942,0.9550533265617065,False
cic_ids2017_v2,rf_5class_cw,4,dual_threshold_deferral,0.05,0.18837174423836425,0.9553072625698324,False
cic_ids2017_v2,rf_5class_cw,4,fixed_risk_crc,0.1,0.1779233115032745,0.9024885728796344,False
cic_ids2017_v2,rf_5class_cw,4,dual_threshold_deferral,0.1,0.17817327400889865,0.9037582529202641,False
cic_ids2017_v2,rf_5class_cw,4,fixed_risk_crc,0.2,0.158226266060091,0.8024377856780092,False
cic_ids2017_v2,rf_5class_cw,4,dual_threshold_deferral,0.2,0.158226266060091,0.8024377856780092,False
cic_ids2017_v2,rf_5class_cw,4,conformal_selection_fdr,0.05,0.20531920211968205,0.999746063991874,False
cic_ids2017_v2,rf_5class_cw,4,conformal_selection_fdr,0.1,0.21331800229965506,0.999746063991874,False
cic_ids2017_v2,rf_5class_cw,4,conformal_selection_fdr,0.2,0.23261510773383992,0.999746063991874,False
cic_ids2017_v2,rf_5class_cw,5,fixed_risk_crc,0.05,0.18722191671249314,0.9580025608194622,False
cic_ids2017_v2,rf_5class_cw,5,dual_threshold_deferral,0.05,0.18727190921361797,0.9582586427656851,False
cic_ids2017_v2,rf_5class_cw,5,fixed_risk_crc,0.1,0.1761235814627806,0.9014084507042254,False
cic_ids2017_v2,rf_5class_cw,5,dual_threshold_deferral,0.1,0.1761235814627806,0.9014084507042254,False
cic_ids2017_v2,rf_5class_cw,5,fixed_risk_crc,0.2,0.1568264760285957,0.8025608194622279,False
cic_ids2017_v2,rf_5class_cw,5,dual_threshold_deferral,0.2,0.1568264760285957,0.8025608194622279,False
cic_ids2017_v2,rf_5class_cw,5,conformal_selection_fdr,0.05,0.20256961455781633,0.9989756722151089,False
cic_ids2017_v2,rf_5class_cw,5,conformal_selection_fdr,0.1,0.21151827225916112,0.9992317541613316,False
cic_ids2017_v2,rf_5class_cw,5,conformal_selection_fdr,0.2,0.231115332700095,0.9994878361075544,False
cic_ids2017_v2,rf_5class_cw,6,fixed_risk_crc,0.05,0.18992151177323402,0.9595346484572584,False
cic_ids2017_v2,rf_5class_cw,6,dual_threshold_deferral,0.05,0.18992151177323402,0.9595346484572584,False
cic_ids2017_v2,rf_5class_cw,6,fixed_risk_crc,0.1,0.1790231465280208,0.9046535154274152,False
cic_ids2017_v2,rf_5class_cw,6,dual_threshold_deferral,0.1,0.1790231465280208,0.9046535154274152,False
cic_ids2017_v2,rf_5class_cw,6,fixed_risk_crc,0.2,0.15907613857921313,0.8037430450177036,False
cic_ids2017_v2,rf_5class_cw,6,dual_threshold_deferral,0.2,0.15907613857921313,0.8037430450177036,False
cic_ids2017_v2,rf_5class_cw,6,conformal_selection_fdr,0.05,0.2051192321151827,0.9989883662114315,False
cic_ids2017_v2,rf_5class_cw,6,conformal_selection_fdr,0.1,0.21326800979853022,0.9992412746585736,False
cic_ids2017_v2,rf_5class_cw,6,conformal_selection_fdr,0.2,0.23176523521471779,0.9994941831057157,False
cic_ids2017_v2,rf_5class_cw,7,fixed_risk_crc,0.05,0.18672199170124482,0.9513127708386439,False
cic_ids2017_v2,rf_5class_cw,7,dual_threshold_deferral,0.05,0.18672199170124482,0.9513127708386439,False
cic_ids2017_v2,rf_5class_cw,7,fixed_risk_crc,0.1,0.17687346897965306,0.9010960999235279,False
cic_ids2017_v2,rf_5class_cw,7,dual_threshold_deferral,0.1,0.1769234614807779,0.9013510068824879,False
cic_ids2017_v2,rf_5class_cw,7,fixed_risk_crc,0.2,0.15637654351847222,0.7965842467499362,False
cic_ids2017_v2,rf_5class_cw,7,dual_threshold_deferral,0.2,0.15637654351847222,0.7965842467499362,False
cic_ids2017_v2,rf_5class_cw,7,conformal_selection_fdr,0.05,0.2042693595960606,0.9994901860820801,False
cic_ids2017_v2,rf_5class_cw,7,conformal_selection_fdr,0.1,0.21126830975353697,0.9994901860820801,False
cic_ids2017_v2,rf_5class_cw,7,conformal_selection_fdr,0.2,0.23101534769784532,0.99974509304104,False
cic_ids2017_v2,rf_5class_cw,8,fixed_risk_crc,0.05,0.18697195420686896,0.9492256917999492,False
cic_ids2017_v2,rf_5class_cw,8,dual_threshold_deferral,0.05,0.18697195420686896,0.9492256917999492,False
cic_ids2017_v2,rf_5class_cw,8,fixed_risk_crc,0.1,0.17652352147177924,0.8961665397308962,False
cic_ids2017_v2,rf_5class_cw,8,dual_threshold_deferral,0.1,0.17652352147177924,0.8961665397308962,False
cic_ids2017_v2,rf_5class_cw,8,fixed_risk_crc,0.2,0.1572764085387192,0.7984259964457985,False
cic_ids2017_v2,rf_5class_cw,8,dual_threshold_deferral,0.2,0.1572764085387192,0.7984259964457985,False
cic_ids2017_v2,rf_5class_cw,8,conformal_selection_fdr,0.05,0.20576913462980553,0.9994922569179995,False
cic_ids2017_v2,rf_5class_cw,8,conformal_selection_fdr,0.1,0.21501774733789933,0.9997461284589998,False
cic_ids2017_v2,rf_5class_cw,8,conformal_selection_fdr,0.2,0.2325651152327151,1.0,False
cic_ids2017_v2,rf_5class_cw,9,fixed_risk_crc,0.05,0.18757186422036695,0.951052498097895,False
cic_ids2017_v2,rf_5class_cw,9,dual_threshold_deferral,0.05,0.18757186422036695,0.951052498097895,False
cic_ids2017_v2,rf_5class_cw,9,fixed_risk_crc,0.1,0.17667349897515372,0.8957646462084707,False
cic_ids2017_v2,rf_5class_cw,9,dual_threshold_deferral,0.1,0.17667349897515372,0.8957646462084707,False
cic_ids2017_v2,rf_5class_cw,9,fixed_risk_crc,0.2,0.1571264310353447,0.7966015724067969,False
cic_ids2017_v2,rf_5class_cw,9,dual_threshold_deferral,0.2,0.15812628105784132,0.8016738523966523,False
cic_ids2017_v2,rf_5class_cw,9,conformal_selection_fdr,0.05,0.20566914962755586,0.9992391580015216,False
cic_ids2017_v2,rf_5class_cw,9,conformal_selection_fdr,0.1,0.21466779983002549,0.9994927720010145,False
cic_ids2017_v2,rf_5class_cw,9,conformal_selection_fdr,0.2,0.23551467279908014,0.9994927720010145,False
cic_ids2017_v2,rf_5class_cw,10,fixed_risk_crc,0.05,0.18647202919562067,0.9553617239610056,False
cic_ids2017_v2,rf_5class_cw,10,dual_threshold_deferral,0.05,0.18652202169674548,0.9556182657773217,False
cic_ids2017_v2,rf_5class_cw,10,fixed_risk_crc,0.1,0.17602359646053092,0.9020010261672653,False
cic_ids2017_v2,rf_5class_cw,10,dual_threshold_deferral,0.1,0.17602359646053092,0.9020010261672653,False
cic_ids2017_v2,rf_5class_cw,10,fixed_risk_crc,0.2,0.15637654351847222,0.8011800923550538,False
cic_ids2017_v2,rf_5class_cw,10,dual_threshold_deferral,0.2,0.15637654351847222,0.8011800923550538,False
cic_ids2017_v2,rf_5class_cw,10,conformal_selection_fdr,0.05,0.20271959206119083,0.9992303745510518,False
cic_ids2017_v2,rf_5class_cw,10,conformal_selection_fdr,0.1,0.21031845223216517,0.9992303745510518,False
cic_ids2017_v2,rf_5class_cw,10,conformal_selection_fdr,0.2,0.22991551267309904,0.9994869163673679,False
cic_ids2017_v2,rf_5class_cw,11,fixed_risk_crc,0.05,0.1849722541618757,0.9577938891765925,False
cic_ids2017_v2,rf_5class_cw,11,dual_threshold_deferral,0.05,0.1849722541618757,0.9577938891765925,False
cic_ids2017_v2,rf_5class_cw,11,fixed_risk_crc,0.1,0.17707343898415237,0.916882444329363,False
cic_ids2017_v2,rf_5class_cw,11,dual_threshold_deferral,0.1,0.17707343898415237,0.916882444329363,False
cic_ids2017_v2,rf_5class_cw,11,fixed_risk_crc,0.2,0.15597660350947357,0.8078715691351631,False
cic_ids2017_v2,rf_5class_cw,11,dual_threshold_deferral,0.2,0.15597660350947357,0.8078715691351631,False
cic_ids2017_v2,rf_5class_cw,11,conformal_selection_fdr,0.05,0.20136979453082038,0.9997410668047644,False
cic_ids2017_v2,rf_5class_cw,11,conformal_selection_fdr,0.1,0.21001849722541618,0.9997410668047644,False
cic_ids2017_v2,rf_5class_cw,11,conformal_selection_fdr,0.2,0.22861570764385342,0.9997410668047644,False
cic_ids2017_v2,rf_5class_cw,12,fixed_risk_crc,0.05,0.18987151927210918,0.9551975836899069,False
cic_ids2017_v2,rf_5class_cw,12,dual_threshold_deferral,0.05,0.18987151927210918,0.9551975836899069,False
cic_ids2017_v2,rf_5class_cw,12,fixed_risk_crc,0.1,0.17927310903364496,0.9018374024666499,False
cic_ids2017_v2,rf_5class_cw,12,dual_threshold_deferral,0.1,0.1793231015347698,0.9020891014346841,False
cic_ids2017_v2,rf_5class_cw,12,fixed_risk_crc,0.2,0.15992601109833526,0.8044299018374025,False
cic_ids2017_v2,rf_5class_cw,12,dual_threshold_deferral,0.2,0.15992601109833526,0.8044299018374025,False
cic_ids2017_v2,rf_5class_cw,12,conformal_selection_fdr,0.05,0.20691896215567665,0.9989932041278631,False
cic_ids2017_v2,rf_5class_cw,12,conformal_selection_fdr,0.1,0.21466779983002549,0.9992449030958973,False
cic_ids2017_v2,rf_5class_cw,12,conformal_selection_fdr,0.2,0.2354646802979553,0.9994966020639315,False
cic_ids2017_v2,rf_5class_cw,13,fixed_risk_crc,0.05,0.19107133929910514,0.9607448414695521,False
cic_ids2017_v2,rf_5class_cw,13,dual_threshold_deferral,0.05,0.19112133180022997,0.9609964771011575,False
cic_ids2017_v2,rf_5class_cw,13,fixed_risk_crc,0.1,0.1815727640853872,0.9129340714645193,False
cic_ids2017_v2,rf_5class_cw,13,dual_threshold_deferral,0.1,0.1815727640853872,0.9129340714645193,False
cic_ids2017_v2,rf_5class_cw,13,fixed_risk_crc,0.2,0.16137579363095536,0.8112732762959235,False
cic_ids2017_v2,rf_5class_cw,13,dual_threshold_deferral,0.2,0.16137579363095536,0.8112732762959235,False
cic_ids2017_v2,rf_5class_cw,13,conformal_selection_fdr,0.05,0.20691896215567665,0.9997483643683945,False
cic_ids2017_v2,rf_5class_cw,13,conformal_selection_fdr,0.1,0.21511773234014897,1.0,False
cic_ids2017_v2,rf_5class_cw,13,conformal_selection_fdr,0.2,0.23441483777433386,1.0,False
cic_ids2017_v2,rf_5class_cw,14,fixed_risk_crc,0.05,0.18562215667649853,0.9524910118130457,False
cic_ids2017_v2,rf_5class_cw,14,dual_threshold_deferral,0.05,0.18567214917762337,0.9527478171545968,False
cic_ids2017_v2,rf_5class_cw,14,fixed_risk_crc,0.1,0.17537369394590813,0.8998459167950693,False
cic_ids2017_v2,rf_5class_cw,14,dual_threshold_deferral,0.1,0.17537369394590813,0.8998459167950693,False
cic_ids2017_v2,rf_5class_cw,14,fixed_risk_crc,0.2,0.1561765735139729,0.8012326656394453,False
cic_ids2017_v2,rf_5class_cw,14,dual_threshold_deferral,0.2,0.1561765735139729,0.8012326656394453,False
cic_ids2017_v2,rf_5class_cw,14,conformal_selection_fdr,0.05,0.20341948707693847,0.9997431946584489,False
cic_ids2017_v2,rf_5class_cw,14,conformal_selection_fdr,0.1,0.21066839974003898,0.9997431946584489,False
cic_ids2017_v2,rf_5class_cw,14,conformal_selection_fdr,0.2,0.23021546767984802,0.9997431946584489,False
cic_ids2017_v2,rf_5class_cw,15,fixed_risk_crc,0.05,0.18672199170124482,0.9542433537832311,False
cic_ids2017_v2,rf_5class_cw,15,dual_threshold_deferral,0.05,0.18672199170124482,0.9542433537832311,False
cic_ids2017_v2,rf_5class_cw,15,fixed_risk_crc,0.1,0.17652352147177924,0.9020961145194274,False
cic_ids2017_v2,rf_5class_cw,15,dual_threshold_deferral,0.1,0.17652352147177924,0.9020961145194274,False
cic_ids2017_v2,rf_5class_cw,15,fixed_risk_crc,0.2,0.15462680597910314,0.7901329243353783,False
cic_ids2017_v2,rf_5class_cw,15,dual_threshold_deferral,0.2,0.15462680597910314,0.7901329243353783,False
cic_ids2017_v2,rf_5class_cw,15,conformal_selection_fdr,0.05,0.20301954706793982,0.9989775051124744,False
cic_ids2017_v2,rf_5class_cw,15,conformal_selection_fdr,0.1,0.21081837724341349,0.9992331288343558,False
cic_ids2017_v2,rf_5class_cw,15,conformal_selection_fdr,0.2,0.23061540768884667,0.9992331288343558,False
cic_ids2017_v2,rf_5class_cw,16,fixed_risk_crc,0.05,0.1881717742338649,0.9507077856420627,False
cic_ids2017_v2,rf_5class_cw,16,dual_threshold_deferral,0.05,0.1881717742338649,0.9507077856420627,False
cic_ids2017_v2,rf_5class_cw,16,fixed_risk_crc,0.1,0.17737339399090135,0.8961071789686552,False
cic_ids2017_v2,rf_5class_cw,16,dual_threshold_deferral,0.1,0.17737339399090135,0.8961071789686552,False
cic_ids2017_v2,rf_5class_cw,16,fixed_risk_crc,0.2,0.1561765735139729,0.788928210313448,False
cic_ids2017_v2,rf_5class_cw,16,dual_threshold_deferral,0.2,0.1561765735139729,0.788928210313448,False
cic_ids2017_v2,rf_5class_cw,16,conformal_selection_fdr,0.05,0.206519022146678,0.9994944388270981,False
cic_ids2017_v2,rf_5class_cw,16,conformal_selection_fdr,0.1,0.21476778483227515,0.9994944388270981,False
cic_ids2017_v2,rf_5class_cw,16,conformal_selection_fdr,0.2,0.2327150927360896,0.9994944388270981,False
cic_ids2017_v2,rf_5class_cw,17,fixed_risk_crc,0.05,0.18972154176873468,0.9527281870756852,False
cic_ids2017_v2,rf_5class_cw,17,dual_threshold_deferral,0.05,0.18972154176873468,0.9527281870756852,False
cic_ids2017_v2,rf_5class_cw,17,fixed_risk_crc,0.1,0.17947307903814427,0.9014332411365351,False
cic_ids2017_v2,rf_5class_cw,17,dual_threshold_deferral,0.1,0.1795230715392691,0.9016846869499623,False
cic_ids2017_v2,rf_5class_cw,17,fixed_risk_crc,0.2,0.16197570364445332,0.8134272064370128,False
cic_ids2017_v2,rf_5class_cw,17,dual_threshold_deferral,0.2,0.16197570364445332,0.8134272064370128,False
cic_ids2017_v2,rf_5class_cw,17,conformal_selection_fdr,0.05,0.20646902964555316,0.9989942167462912,False
cic_ids2017_v2,rf_5class_cw,17,conformal_selection_fdr,0.1,0.2154676798480228,0.9992456625597184,False
cic_ids2017_v2,rf_5class_cw,17,conformal_selection_fdr,0.2,0.23491476278558215,0.9992456625597184,False
cic_ids2017_v2,rf_5class_cw,18,fixed_risk_crc,0.05,0.18677198420236965,0.9527820316488004,False
cic_ids2017_v2,rf_5class_cw,18,dual_threshold_deferral,0.05,0.18677198420236965,0.9527820316488004,False
cic_ids2017_v2,rf_5class_cw,18,fixed_risk_crc,0.1,0.1769734539819027,0.9027565084226646,False
cic_ids2017_v2,rf_5class_cw,18,dual_threshold_deferral,0.1,0.1772734089886517,0.9042879019908117,False
cic_ids2017_v2,rf_5class_cw,18,fixed_risk_crc,0.2,0.15772634104884267,0.8044920877998979,False
cic_ids2017_v2,rf_5class_cw,18,dual_threshold_deferral,0.2,0.15772634104884267,0.8044920877998979,False
cic_ids2017_v2,rf_5class_cw,18,conformal_selection_fdr,0.05,0.20431935209718544,0.9992343032159265,False
cic_ids2017_v2,rf_5class_cw,18,conformal_selection_fdr,0.1,0.2121181822726591,0.9994895354772844,False
cic_ids2017_v2,rf_5class_cw,18,conformal_selection_fdr,0.2,0.23381492776083587,0.9994895354772844,False
cic_ids2017_v2,rf_5class_cw,19,fixed_risk_crc,0.05,0.18982152677098435,0.9532428355957768,False
cic_ids2017_v2,rf_5class_cw,19,dual_threshold_deferral,0.05,0.18992151177323402,0.9537456008044244,False
cic_ids2017_v2,rf_5class_cw,19,fixed_risk_crc,0.1,0.1803229515572664,0.9057315233785822,False
cic_ids2017_v2,rf_5class_cw,19,dual_threshold_deferral,0.1,0.1803229515572664,0.9057315233785822,False
cic_ids2017_v2,rf_5class_cw,19,fixed_risk_crc,0.2,0.15752637104434336,0.7911010558069381,False
cic_ids2017_v2,rf_5class_cw,19,dual_threshold_deferral,0.2,0.15752637104434336,0.7911010558069381,False
cic_ids2017_v2,rf_5class_cw,19,conformal_selection_fdr,0.05,0.20701894715792632,0.9994972347913524,False
cic_ids2017_v2,rf_5class_cw,19,conformal_selection_fdr,0.1,0.2149677548367745,0.9994972347913524,False
cic_ids2017_v2,rf_5class_cw,19,conformal_selection_fdr,0.2,0.2351147327900815,0.9994972347913524,False
cic_ids2017_v2,xgb_5class_cw,0,fixed_risk_crc,0.05,0.18682197670349449,0.9506109979633401,False
cic_ids2017_v2,xgb_5class_cw,0,dual_threshold_deferral,0.05,0.18682197670349449,0.9506109979633401,False
cic_ids2017_v2,xgb_5class_cw,0,fixed_risk_crc,0.1,0.17787331900214967,0.9055498981670062,False
cic_ids2017_v2,xgb_5class_cw,0,dual_threshold_deferral,0.1,0.17787331900214967,0.9055498981670062,False
cic_ids2017_v2,xgb_5class_cw,0,fixed_risk_crc,0.2,0.1568264760285957,0.7986252545824847,False
cic_ids2017_v2,xgb_5class_cw,0,dual_threshold_deferral,0.2,0.1568264760285957,0.7986252545824847,False
cic_ids2017_v2,xgb_5class_cw,0,conformal_selection_fdr,0.05,0.20406938959156126,0.9997454175152749,False
cic_ids2017_v2,xgb_5class_cw,0,conformal_selection_fdr,0.1,0.21186821976703493,0.9997454175152749,False
cic_ids2017_v2,xgb_5class_cw,0,conformal_selection_fdr,0.2,0.2290656401539769,1.0,False
cic_ids2017_v2,xgb_5class_cw,1,fixed_risk_crc,0.05,0.18252262160675897,0.9435671757701268,False
cic_ids2017_v2,xgb_5class_cw,1,dual_threshold_deferral,0.05,0.18252262160675897,0.9435671757701268,False
cic_ids2017_v2,xgb_5class_cw,1,fixed_risk_crc,0.1,0.17497375393690948,0.9049961170075072,False
cic_ids2017_v2,xgb_5class_cw,1,dual_threshold_deferral,0.1,0.17502374643803428,0.9052549831736992,False
cic_ids2017_v2,xgb_5class_cw,1,fixed_risk_crc,0.2,0.1547267909813528,0.8006730520320994,False
cic_ids2017_v2,xgb_5class_cw,1,dual_threshold_deferral,0.2,0.1547267909813528,0.8006730520320994,False
cic_ids2017_v2,xgb_5class_cw,1,conformal_selection_fdr,0.05,0.2009198620206969,0.9994822676676158,False
cic_ids2017_v2,xgb_5class_cw,1,conformal_selection_fdr,0.1,0.20961855721641753,0.9994822676676158,False
cic_ids2017_v2,xgb_5class_cw,1,conformal_selection_fdr,0.2,0.22901564765285207,0.9997411338338079,False
cic_ids2017_v2,xgb_5class_cw,2,fixed_risk_crc,0.05,0.18312253162025696,0.9491833030852994,False
cic_ids2017_v2,xgb_5class_cw,2,dual_threshold_deferral,0.05,0.18312253162025696,0.9491833030852994,False
cic_ids2017_v2,xgb_5class_cw,2,fixed_risk_crc,0.1,0.17397390391441284,0.901737101374125,False
cic_ids2017_v2,xgb_5class_cw,2,dual_threshold_deferral,0.1,0.17402389641553767,0.9019963702359347,False
cic_ids2017_v2,xgb_5class_cw,2,fixed_risk_crc,0.2,0.1539269109633555,0.7980295566502463,False
cic_ids2017_v2,xgb_5class_cw,2,dual_threshold_deferral,0.2,0.15397690346448034,0.798288825512056,False
cic_ids2017_v2,xgb_5class_cw,2,conformal_selection_fdr,0.05,0.20116982452632104,0.9997407311381903,False
cic_ids2017_v2,xgb_5class_cw,2,conformal_selection_fdr,0.1,0.2098685197220417,0.9997407311381903,False
cic_ids2017_v2,xgb_5class_cw,2,conformal_selection_fdr,0.2,0.22976553516972453,1.0,False
cic_ids2017_v2,xgb_5class_cw,3,fixed_risk_crc,0.05,0.18697195420686896,0.9472349061390157,False
cic_ids2017_v2,xgb_5class_cw,3,dual_threshold_deferral,0.05,0.18697195420686896,0.9472349061390157,False
cic_ids2017_v2,xgb_5class_cw,3,fixed_risk_crc,0.1,0.17682347647852822,0.8962455606291223,False
cic_ids2017_v2,xgb_5class_cw,3,dual_threshold_deferral,0.1,0.17682347647852822,0.8962455606291223,False
cic_ids2017_v2,xgb_5class_cw,3,fixed_risk_crc,0.2,0.15517672349147626,0.786910197869102,False
cic_ids2017_v2,xgb_5class_cw,3,dual_threshold_deferral,0.2,0.1552267159926011,0.7871638762049721,False
cic_ids2017_v2,xgb_5class_cw,3,conformal_selection_fdr,0.05,0.20541918712193172,0.9997463216641299,False
cic_ids2017_v2,xgb_5class_cw,3,conformal_selection_fdr,0.1,0.21281807728840674,0.9997463216641299,False
cic_ids2017_v2,xgb_5class_cw,3,conformal_selection_fdr,0.2,0.23276508523721443,1.0,False
cic_ids2017_v2,xgb_5class_cw,4,fixed_risk_crc,0.05,0.18832175173723942,0.9547993905535805,False
cic_ids2017_v2,xgb_5class_cw,4,dual_threshold_deferral,0.05,0.18837174423836425,0.9550533265617065,False
cic_ids2017_v2,xgb_5class_cw,4,fixed_risk_crc,0.1,0.17832325151227316,0.9050279329608939,False
cic_ids2017_v2,xgb_5class_cw,4,dual_threshold_deferral,0.1,0.17842323651452283,0.9055358049771458,False
cic_ids2017_v2,xgb_5class_cw,4,fixed_risk_crc,0.2,0.1555266709993501,0.7899949212798375,False
cic_ids2017_v2,xgb_5class_cw,4,dual_threshold_deferral,0.2,0.1555266709993501,0.7899949212798375,False
cic_ids2017_v2,xgb_5class_cw,4,conformal_selection_fdr,0.05,0.20376943458481228,1.0,False
cic_ids2017_v2,xgb_5class_cw,4,conformal_selection_fdr,0.1,0.21186821976703493,1.0,False
cic_ids2017_v2,xgb_5class_cw,4,conformal_selection_fdr,0.2,0.23276508523721443,1.0,False
cic_ids2017_v2,xgb_5class_cw,5,fixed_risk_crc,0.05,0.18512223166525021,0.9469910371318822,False
cic_ids2017_v2,xgb_5class_cw,5,dual_threshold_deferral,0.05,0.18512223166525021,0.9469910371318822,False
cic_ids2017_v2,xgb_5class_cw,5,fixed_risk_crc,0.1,0.17572364145378194,0.8998719590268887,False
cic_ids2017_v2,xgb_5class_cw,5,dual_threshold_deferral,0.1,0.17582362645603158,0.9003841229193342,False
cic_ids2017_v2,xgb_5class_cw,5,fixed_risk_crc,0.2,0.1555266709993501,0.7966709346991037,False
cic_ids2017_v2,xgb_5class_cw,5,dual_threshold_deferral,0.2,0.1555266709993501,0.7966709346991037,False
cic_ids2017_v2,xgb_5class_cw,5,conformal_selection_fdr,0.05,0.20351947207918814,0.9997439180537772,False
cic_ids2017_v2,xgb_5class_cw,5,conformal_selection_fdr,0.1,0.21166824976253562,0.9997439180537772,False
cic_ids2017_v2,xgb_5class_cw,5,conformal_selection_fdr,0.2,0.2304654301854722,1.0,False
cic_ids2017_v2,xgb_5class_cw,6,fixed_risk_crc,0.05,0.18852172174173873,0.9522003034901366,False
cic_ids2017_v2,xgb_5class_cw,6,dual_threshold_deferral,0.05,0.18852172174173873,0.9522003034901366,False
cic_ids2017_v2,xgb_5class_cw,6,fixed_risk_crc,0.1,0.17782332650102484,0.8988366211431462,False
cic_ids2017_v2,xgb_5class_cw,6,dual_threshold_deferral,0.1,0.17782332650102484,0.8988366211431462,False
cic_ids2017_v2,xgb_5class_cw,6,fixed_risk_crc,0.2,0.15897615357696346,0.8037430450177036,False
cic_ids2017_v2,xgb_5class_cw,6,dual_threshold_deferral,0.2,0.15897615357696346,0.8037430450177036,False
cic_ids2017_v2,xgb_5class_cw,6,conformal_selection_fdr,0.05,0.20601909713542968,0.9994941831057157,False
cic_ids2017_v2,xgb_5class_cw,6,conformal_selection_fdr,0.1,0.21316802479628055,0.9994941831057157,False
cic_ids2017_v2,xgb_5class_cw,6,conformal_selection_fdr,0.2,0.23391491276308554,0.9997470915528579,False
cic_ids2017_v2,xgb_5class_cw,7,fixed_risk_crc,0.05,0.1854221866719992,0.9444302829467245,False
cic_ids2017_v2,xgb_5class_cw,7,dual_threshold_deferral,0.05,0.18672199170124482,0.9510578638796839,False
cic_ids2017_v2,xgb_5class_cw,7,fixed_risk_crc,0.1,0.1771234314852772,0.9028804486362477,False
cic_ids2017_v2,xgb_5class_cw,7,dual_threshold_deferral,0.1,0.17717342398640204,0.9031353555952077,False
cic_ids2017_v2,xgb_5class_cw,7,fixed_risk_crc,0.2,0.15567664850272458,0.7937802702013765,False
cic_ids2017_v2,xgb_5class_cw,7,dual_threshold_deferral,0.2,0.15567664850272458,0.7937802702013765,False
cic_ids2017_v2,xgb_5class_cw,7,conformal_selection_fdr,0.05,0.2047692846073089,1.0,False
cic_ids2017_v2,xgb_5class_cw,7,conformal_selection_fdr,0.1,0.2121181822726591,1.0,False
cic_ids2017_v2,xgb_5class_cw,7,conformal_selection_fdr,0.2,0.2327150927360896,1.0,False
cic_ids2017_v2,xgb_5class_cw,8,fixed_risk_crc,0.05,0.18807178923161524,0.9545569941609545,False
cic_ids2017_v2,xgb_5class_cw,8,dual_threshold_deferral,0.05,0.18812178173274008,0.9548108657019548,False
cic_ids2017_v2,xgb_5class_cw,8,fixed_risk_crc,0.1,0.1777733339999,0.9025133282559025,False
cic_ids2017_v2,xgb_5class_cw,8,dual_threshold_deferral,0.1,0.17782332650102484,0.9027671997969028,False
cic_ids2017_v2,xgb_5class_cw,8,fixed_risk_crc,0.2,0.15722641603759435,0.7981721249047982,False
cic_ids2017_v2,xgb_5class_cw,8,dual_threshold_deferral,0.2,0.15722641603759435,0.7981721249047982,False
cic_ids2017_v2,xgb_5class_cw,8,conformal_selection_fdr,0.05,0.2058691196320552,1.0,False
cic_ids2017_v2,xgb_5class_cw,8,conformal_selection_fdr,0.1,0.21466779983002549,1.0,False
cic_ids2017_v2,xgb_5class_cw,8,conformal_selection_fdr,0.2,0.2367144928260761,1.0,False
cic_ids2017_v2,xgb_5class_cw,9,fixed_risk_crc,0.05,0.1884217367394891,0.9551103220897793,False
cic_ids2017_v2,xgb_5class_cw,9,dual_threshold_deferral,0.05,0.1884217367394891,0.9551103220897793,False
cic_ids2017_v2,xgb_5class_cw,9,fixed_risk_crc,0.1,0.17827325901114832,0.9041339081917322,False
cic_ids2017_v2,xgb_5class_cw,9,dual_threshold_deferral,0.1,0.17832325151227316,0.904387522191225,False
cic_ids2017_v2,xgb_5class_cw,9,fixed_risk_crc,0.2,0.15677648352747087,0.795333502409333,False
cic_ids2017_v2,xgb_5class_cw,9,dual_threshold_deferral,0.2,0.15677648352747087,0.795333502409333,False
cic_ids2017_v2,xgb_5class_cw,9,conformal_selection_fdr,0.05,0.20461930710393442,0.9997463860005072,False
cic_ids2017_v2,xgb_5class_cw,9,conformal_selection_fdr,0.1,0.2121181822726591,0.9997463860005072,False
cic_ids2017_v2,xgb_5class_cw,9,conformal_selection_fdr,0.2,0.23181522771584262,1.0,False
cic_ids2017_v2,xgb_5class_cw,10,fixed_risk_crc,0.05,0.18547217917312403,0.9502308876346844,False
cic_ids2017_v2,xgb_5class_cw,10,dual_threshold_deferral,0.05,0.18547217917312403,0.9502308876346844,False
cic_ids2017_v2,xgb_5class_cw,10,fixed_risk_crc,0.1,0.17702344648302754,0.9073884043099025,False
cic_ids2017_v2,xgb_5class_cw,10,dual_threshold_deferral,0.1,0.17702344648302754,0.9073884043099025,False
cic_ids2017_v2,xgb_5class_cw,10,fixed_risk_crc,0.2,0.15802629605559165,0.8106721395587481,False
cic_ids2017_v2,xgb_5class_cw,10,dual_threshold_deferral,0.2,0.15802629605559165,0.8106721395587481,False
cic_ids2017_v2,xgb_5class_cw,10,conformal_selection_fdr,0.05,0.20256961455781633,0.9997434581836839,False
cic_ids2017_v2,xgb_5class_cw,10,conformal_selection_fdr,0.1,0.21126830975353697,0.9997434581836839,False
cic_ids2017_v2,xgb_5class_cw,10,conformal_selection_fdr,0.2,0.2296655501674749,0.9997434581836839,False
cic_ids2017_v2,xgb_5class_cw,11,fixed_risk_crc,0.05,0.1830225466180073,0.9479544277576385,False
cic_ids2017_v2,xgb_5class_cw,11,dual_threshold_deferral,0.05,0.1830225466180073,0.9479544277576385,False
cic_ids2017_v2,xgb_5class_cw,11,fixed_risk_crc,0.1,0.17347397890316452,0.8984981874676333,False
cic_ids2017_v2,xgb_5class_cw,11,dual_threshold_deferral,0.1,0.17347397890316452,0.8984981874676333,False
cic_ids2017_v2,xgb_5class_cw,11,fixed_risk_crc,0.2,0.15317702344648304,0.7933713102019679,False
cic_ids2017_v2,xgb_5class_cw,11,dual_threshold_deferral,0.2,0.15317702344648304,0.7933713102019679,False
cic_ids2017_v2,xgb_5class_cw,11,conformal_selection_fdr,0.05,0.1998200269959506,1.0,False
cic_ids2017_v2,xgb_5class_cw,11,conformal_selection_fdr,0.1,0.20741888716692497,1.0,False
cic_ids2017_v2,xgb_5class_cw,11,conformal_selection_fdr,0.2,0.22471629255611658,1.0,False
cic_ids2017_v2,xgb_5class_cw,12,fixed_risk_crc,0.05,0.18977153426985952,0.9539390888497357,False
cic_ids2017_v2,xgb_5class_cw,12,dual_threshold_deferral,0.05,0.18977153426985952,0.9539390888497357,False
cic_ids2017_v2,xgb_5class_cw,12,fixed_risk_crc,0.1,0.18072289156626506,0.9093883715076768,False
cic_ids2017_v2,xgb_5class_cw,12,dual_threshold_deferral,0.1,0.1809228615707644,0.9103951673798137,False
cic_ids2017_v2,xgb_5class_cw,12,fixed_risk_crc,0.2,0.1590261460780883,0.8004027183488548,False
cic_ids2017_v2,xgb_5class_cw,12,dual_threshold_deferral,0.2,0.1590261460780883,0.8004027183488548,False
cic_ids2017_v2,xgb_5class_cw,12,conformal_selection_fdr,0.05,0.206519022146678,0.9997483010319658,False
cic_ids2017_v2,xgb_5class_cw,12,conformal_selection_fdr,0.1,0.214517822326651,0.9997483010319658,False
cic_ids2017_v2,xgb_5class_cw,12,conformal_selection_fdr,0.2,0.23421486776983452,1.0,False
cic_ids2017_v2,xgb_5class_cw,13,fixed_risk_crc,0.05,0.19067139929010649,0.9587317564167086,False
cic_ids2017_v2,xgb_5class_cw,13,dual_threshold_deferral,0.05,0.19067139929010649,0.9587317564167086,False
cic_ids2017_v2,xgb_5class_cw,13,fixed_risk_crc,0.1,0.17947307903814427,0.9023653749370911,False
cic_ids2017_v2,xgb_5class_cw,13,dual_threshold_deferral,0.1,0.17947307903814427,0.9023653749370911,False
cic_ids2017_v2,xgb_5class_cw,13,fixed_risk_crc,0.2,0.15852622106683997,0.7974333165576245,False
cic_ids2017_v2,xgb_5class_cw,13,dual_threshold_deferral,0.2,0.15852622106683997,0.7974333165576245,False
cic_ids2017_v2,xgb_5class_cw,13,conformal_selection_fdr,0.05,0.2067189921511773,1.0,False
cic_ids2017_v2,xgb_5class_cw,13,conformal_selection_fdr,0.1,0.214517822326651,1.0,False
cic_ids2017_v2,xgb_5class_cw,13,conformal_selection_fdr,0.2,0.23441483777433386,1.0,False
cic_ids2017_v2,xgb_5class_cw,14,fixed_risk_crc,0.05,0.185772134179873,0.9530046224961479,False
cic_ids2017_v2,xgb_5class_cw,14,dual_threshold_deferral,0.05,0.185772134179873,0.9530046224961479,False
cic_ids2017_v2,xgb_5class_cw,14,fixed_risk_crc,0.1,0.1748737689346598,0.8977914740626605,False
cic_ids2017_v2,xgb_5class_cw,14,dual_threshold_deferral,0.1,0.1748737689346598,0.8977914740626605,False
cic_ids2017_v2,xgb_5class_cw,14,fixed_risk_crc,0.2,0.1550267459881018,0.7960965588084232,False
cic_ids2017_v2,xgb_5class_cw,14,dual_threshold_deferral,0.2,0.1552267159926011,0.7971237801746276,False
cic_ids2017_v2,xgb_5class_cw,14,conformal_selection_fdr,0.05,0.20361945708143778,1.0,False
cic_ids2017_v2,xgb_5class_cw,14,conformal_selection_fdr,0.1,0.21111833225016247,1.0,False
cic_ids2017_v2,xgb_5class_cw,14,conformal_selection_fdr,0.2,0.23166525021246814,1.0,False
cic_ids2017_v2,xgb_5class_cw,15,fixed_risk_crc,0.05,0.1870219467079938,0.9555214723926381,False
cic_ids2017_v2,xgb_5class_cw,15,dual_threshold_deferral,0.05,0.1870219467079938,0.9555214723926381,False
cic_ids2017_v2,xgb_5class_cw,15,fixed_risk_crc,0.1,0.17732340148977654,0.9061860940695297,False
cic_ids2017_v2,xgb_5class_cw,15,dual_threshold_deferral,0.1,0.17737339399090135,0.906441717791411,False
cic_ids2017_v2,xgb_5class_cw,15,fixed_risk_crc,0.2,0.15587661850722392,0.7967791411042945,False
cic_ids2017_v2,xgb_5class_cw,15,dual_threshold_deferral,0.2,0.15587661850722392,0.7967791411042945,False
cic_ids2017_v2,xgb_5class_cw,15,conformal_selection_fdr,0.05,0.20381942708593712,0.9994887525562373,False
cic_ids2017_v2,xgb_5class_cw,15,conformal_selection_fdr,0.1,0.21121831725241214,0.9994887525562373,False
cic_ids2017_v2,xgb_5class_cw,15,conformal_selection_fdr,0.2,0.23196520521921712,0.9997443762781186,False
cic_ids2017_v2,xgb_5class_cw,16,fixed_risk_crc,0.05,0.1871719242113683,0.9453993933265925,False
cic_ids2017_v2,xgb_5class_cw,16,dual_threshold_deferral,0.05,0.1871719242113683,0.9453993933265925,False
cic_ids2017_v2,xgb_5class_cw,16,fixed_risk_crc,0.1,0.17732340148977654,0.8961071789686552,False
cic_ids2017_v2,xgb_5class_cw,16,dual_threshold_deferral,0.1,0.17732340148977654,0.8961071789686552,False
cic_ids2017_v2,xgb_5class_cw,16,fixed_risk_crc,0.2,0.15562665600159975,0.7866531850353893,False
cic_ids2017_v2,xgb_5class_cw,16,dual_threshold_deferral,0.2,0.15562665600159975,0.7866531850353893,False
cic_ids2017_v2,xgb_5class_cw,16,conformal_selection_fdr,0.05,0.20601909713542968,0.999747219413549,False
cic_ids2017_v2,xgb_5class_cw,16,conformal_selection_fdr,0.1,0.21396790481427785,0.999747219413549,False
cic_ids2017_v2,xgb_5class_cw,16,conformal_selection_fdr,0.2,0.23361495775633656,0.999747219413549,False
cic_ids2017_v2,xgb_5class_cw,17,fixed_risk_crc,0.05,0.1884217367394891,0.9461905959265778,False
cic_ids2017_v2,xgb_5class_cw,17,dual_threshold_deferral,0.05,0.1884217367394891,0.9461905959265778,False
cic_ids2017_v2,xgb_5class_cw,17,fixed_risk_crc,0.1,0.17882317652352148,0.8986673371888358,False
cic_ids2017_v2,xgb_5class_cw,17,dual_threshold_deferral,0.1,0.17882317652352148,0.8986673371888358,False
cic_ids2017_v2,xgb_5class_cw,17,fixed_risk_crc,0.2,0.15942608608708694,0.8018606990193613,False
cic_ids2017_v2,xgb_5class_cw,17,dual_threshold_deferral,0.2,0.15942608608708694,0.8018606990193613,False
cic_ids2017_v2,xgb_5class_cw,17,conformal_selection_fdr,0.05,0.20681897715342698,0.9994971083731455,False
cic_ids2017_v2,xgb_5class_cw,17,conformal_selection_fdr,0.1,0.21486776983452482,0.9994971083731455,False
cic_ids2017_v2,xgb_5class_cw,17,conformal_selection_fdr,0.2,0.23136529520571913,0.9997485541865728,False
cic_ids2017_v2,xgb_5class_cw,18,fixed_risk_crc,0.05,0.18572214167874818,0.9469116896375702,False
cic_ids2017_v2,xgb_5class_cw,18,dual_threshold_deferral,0.05,0.18572214167874818,0.9469116896375702,False
cic_ids2017_v2,xgb_5class_cw,18,fixed_risk_crc,0.1,0.1764735289706544,0.900714650331802,False
cic_ids2017_v2,xgb_5class_cw,18,dual_threshold_deferral,0.1,0.1764735289706544,0.900714650331802,False
cic_ids2017_v2,xgb_5class_cw,18,fixed_risk_crc,0.2,0.15687646852972054,0.8006636038795304,False
cic_ids2017_v2,xgb_5class_cw,18,dual_threshold_deferral,0.2,0.15687646852972054,0.8006636038795304,False
cic_ids2017_v2,xgb_5class_cw,18,conformal_selection_fdr,0.05,0.20351947207918814,0.9994895354772844,False
cic_ids2017_v2,xgb_5class_cw,18,conformal_selection_fdr,0.1,0.21141828725691147,0.9994895354772844,False
cic_ids2017_v2,xgb_5class_cw,18,conformal_selection_fdr,0.2,0.23266510023496476,0.9997447677386422,False
cic_ids2017_v2,xgb_5class_cw,19,fixed_risk_crc,0.05,0.18902164675298705,0.9492207139265962,False
cic_ids2017_v2,xgb_5class_cw,19,dual_threshold_deferral,0.05,0.18902164675298705,0.9492207139265962,False
cic_ids2017_v2,xgb_5class_cw,19,fixed_risk_crc,0.1,0.1798230265460181,0.9034690799396682,False
cic_ids2017_v2,xgb_5class_cw,19,dual_threshold_deferral,0.1,0.1798230265460181,0.9034690799396682,False
cic_ids2017_v2,xgb_5class_cw,19,fixed_risk_crc,0.2,0.15772634104884267,0.7928607340372046,False
cic_ids2017_v2,xgb_5class_cw,19,dual_threshold_deferral,0.2,0.1577763335499675,0.7931121166415284,False
cic_ids2017_v2,xgb_5class_cw,19,conformal_selection_fdr,0.05,0.2063690446433035,0.9994972347913524,False
cic_ids2017_v2,xgb_5class_cw,19,conformal_selection_fdr,0.1,0.2149677548367745,0.9994972347913524,False
cic_ids2017_v2,xgb_5class_cw,19,conformal_selection_fdr,0.2,0.23446483027545867,0.9997486173956762,False
cic_ids2017_v2,dnn_5class_cw,0,fixed_risk_crc,0.05,0.29275608658701197,0.9518839103869654,False
cic_ids2017_v2,dnn_5class_cw,0,dual_threshold_deferral,0.05,0.29275608658701197,0.9518839103869654,False
cic_ids2017_v2,dnn_5class_cw,0,fixed_risk_crc,0.1,0.26096085587161927,0.8976578411405295,False
cic_ids2017_v2,dnn_5class_cw,0,dual_threshold_deferral,0.1,0.26096085587161927,0.8976578411405295,False
cic_ids2017_v2,dnn_5class_cw,0,fixed_risk_crc,0.2,0.19962005699145127,0.7973523421588594,False
cic_ids2017_v2,dnn_5class_cw,0,dual_threshold_deferral,0.2,0.19962005699145127,0.7973523421588594,False
cic_ids2017_v2,dnn_5class_cw,0,conformal_selection_fdr,0.05,0.09568564715292706,0.4694501018329939,False
cic_ids2017_v2,dnn_5class_cw,0,conformal_selection_fdr,0.1,0.15257711343298505,0.7191955193482689,False
cic_ids2017_v2,dnn_5class_cw,0,conformal_selection_fdr,0.2,0.1756736489526571,0.7540733197556008,False
cic_ids2017_v2,dnn_5class_cw,1,fixed_risk_crc,0.05,0.2931560265960106,0.9552161532487704,False
cic_ids2017_v2,dnn_5class_cw,1,dual_threshold_deferral,0.05,0.29320601909713545,0.9552161532487704,False
cic_ids2017_v2,dnn_5class_cw,1,fixed_risk_crc,0.1,0.26321051842223664,0.9062904478384675,False
cic_ids2017_v2,dnn_5class_cw,1,dual_threshold_deferral,0.1,0.2632605109233615,0.9062904478384675,False
cic_ids2017_v2,dnn_5class_cw,1,fixed_risk_crc,0.2,0.1994700794880768,0.8055915091897489,False
cic_ids2017_v2,dnn_5class_cw,1,dual_threshold_deferral,0.2,0.1994700794880768,0.8055915091897489,False
cic_ids2017_v2,dnn_5class_cw,1,conformal_selection_fdr,0.05,0.09643553466979952,0.4796790059539218,False
cic_ids2017_v2,dnn_5class_cw,1,conformal_selection_fdr,0.1,0.1531270309453582,0.7279316593321253,False
cic_ids2017_v2,dnn_5class_cw,1,conformal_selection_fdr,0.2,0.1737239414087887,0.7548537406161014,False
cic_ids2017_v2,dnn_5class_cw,2,fixed_risk_crc,0.05,0.2887066939959006,0.9499611096707286,False
cic_ids2017_v2,dnn_5class_cw,2,dual_threshold_deferral,0.05,0.2887066939959006,0.9499611096707286,False
cic_ids2017_v2,dnn_5class_cw,2,fixed_risk_crc,0.1,0.25661150827375895,0.8936997666580244,False
cic_ids2017_v2,dnn_5class_cw,2,dual_threshold_deferral,0.1,0.25661150827375895,0.8936997666580244,False
cic_ids2017_v2,dnn_5class_cw,2,fixed_risk_crc,0.2,0.19392091186322052,0.7744360902255639,False
cic_ids2017_v2,dnn_5class_cw,2,dual_threshold_deferral,0.2,0.19782032695095736,0.7943997925849106,False
cic_ids2017_v2,dnn_5class_cw,2,conformal_selection_fdr,0.05,0.09968504724291356,0.49183303085299457,False
cic_ids2017_v2,dnn_5class_cw,2,conformal_selection_fdr,0.1,0.15332700094985752,0.7298418459942961,False
cic_ids2017_v2,dnn_5class_cw,2,conformal_selection_fdr,0.2,0.17547367894815777,0.7614726471350791,False
cic_ids2017_v2,dnn_5class_cw,3,fixed_risk_crc,0.05,0.29375593660950855,0.9479959411466261,False
cic_ids2017_v2,dnn_5class_cw,3,dual_threshold_deferral,0.05,0.29375593660950855,0.9479959411466261,False
cic_ids2017_v2,dnn_5class_cw,3,fixed_risk_crc,0.1,0.26221066839974005,0.8937087772704211,False
cic_ids2017_v2,dnn_5class_cw,3,dual_threshold_deferral,0.1,0.26221066839974005,0.8937087772704211,False
cic_ids2017_v2,dnn_5class_cw,3,fixed_risk_crc,0.2,0.20336949457581363,0.7980720446473871,False
cic_ids2017_v2,dnn_5class_cw,3,dual_threshold_deferral,0.2,0.20336949457581363,0.7980720446473871,False
cic_ids2017_v2,dnn_5class_cw,3,conformal_selection_fdr,0.05,0.0989351597260411,0.4789446981227803,False
cic_ids2017_v2,dnn_5class_cw,3,conformal_selection_fdr,0.1,0.16057591361295806,0.7409944190766109,False
cic_ids2017_v2,dnn_5class_cw,3,conformal_selection_fdr,0.2,0.18217267409888516,0.7628107559614409,False
cic_ids2017_v2,dnn_5class_cw,4,fixed_risk_crc,0.05,0.2938559216117582,0.9517521584560691,False
cic_ids2017_v2,dnn_5class_cw,4,dual_threshold_deferral,0.05,0.29400589911513275,0.9517521584560691,False
cic_ids2017_v2,dnn_5class_cw,4,fixed_risk_crc,0.1,0.2605609158626206,0.8920771965464703,False
cic_ids2017_v2,dnn_5class_cw,4,dual_threshold_deferral,0.1,0.26061090836374545,0.8920771965464703,False
cic_ids2017_v2,dnn_5class_cw,4,fixed_risk_crc,0.2,0.20071989201619758,0.8026917216861351,False
cic_ids2017_v2,dnn_5class_cw,4,dual_threshold_deferral,0.2,0.20071989201619758,0.8026917216861351,False
cic_ids2017_v2,dnn_5class_cw,4,conformal_selection_fdr,0.05,0.09698545218217268,0.4728288471305231,False
cic_ids2017_v2,dnn_5class_cw,4,conformal_selection_fdr,0.1,0.15677648352747087,0.7293042153377349,False
cic_ids2017_v2,dnn_5class_cw,4,conformal_selection_fdr,0.2,0.1782232665100235,0.7574911122397155,False
cic_ids2017_v2,dnn_5class_cw,5,fixed_risk_crc,0.05,0.29490576413537967,0.9572343149807938,False
cic_ids2017_v2,dnn_5class_cw,5,dual_threshold_deferral,0.05,0.29490576413537967,0.9572343149807938,False
cic_ids2017_v2,dnn_5class_cw,5,fixed_risk_crc,0.1,0.2601109833524971,0.8942381562099871,False
cic_ids2017_v2,dnn_5class_cw,5,dual_threshold_deferral,0.1,0.2601109833524971,0.8942381562099871,False
cic_ids2017_v2,dnn_5class_cw,5,fixed_risk_crc,0.2,0.19507073938909164,0.7731113956466069,False
cic_ids2017_v2,dnn_5class_cw,5,dual_threshold_deferral,0.2,0.19912013198020298,0.793854033290653,False
cic_ids2017_v2,dnn_5class_cw,5,conformal_selection_fdr,0.05,0.0965355196720492,0.47503201024327785,False
cic_ids2017_v2,dnn_5class_cw,5,conformal_selection_fdr,0.1,0.15607658851172324,0.7318822023047376,False
cic_ids2017_v2,dnn_5class_cw,5,conformal_selection_fdr,0.2,0.17842323651452283,0.765685019206146,False
cic_ids2017_v2,dnn_5class_cw,6,fixed_risk_crc,0.05,0.29685547167924814,0.9620637329286799,False
cic_ids2017_v2,dnn_5class_cw,6,dual_threshold_deferral,0.05,0.29690546418037295,0.962316641375822,False
cic_ids2017_v2,dnn_5class_cw,6,fixed_risk_crc,0.1,0.2647102934559816,0.9122407688416793,False
cic_ids2017_v2,dnn_5class_cw,6,dual_threshold_deferral,0.1,0.2647102934559816,0.9122407688416793,False
cic_ids2017_v2,dnn_5class_cw,6,fixed_risk_crc,0.2,0.20601909713542968,0.8209408194233687,False
cic_ids2017_v2,dnn_5class_cw,6,dual_threshold_deferral,0.2,0.20601909713542968,0.8209408194233687,False
cic_ids2017_v2,dnn_5class_cw,6,conformal_selection_fdr,0.05,0.0987851822226666,0.48280222559433483,False
cic_ids2017_v2,dnn_5class_cw,6,conformal_selection_fdr,0.1,0.1275808628705694,0.6009104704097117,False
cic_ids2017_v2,dnn_5class_cw,6,conformal_selection_fdr,0.2,0.18182272659101134,0.7774405665149215,False
cic_ids2017_v2,dnn_5class_cw,7,fixed_risk_crc,0.05,0.2907063940408939,0.949273515166964,False
cic_ids2017_v2,dnn_5class_cw,7,dual_threshold_deferral,0.05,0.29085637154426836,0.950038236043844,False
cic_ids2017_v2,dnn_5class_cw,7,fixed_risk_crc,0.1,0.2588111783232515,0.8929390772368085,False
cic_ids2017_v2,dnn_5class_cw,7,dual_threshold_deferral,0.1,0.258961155826626,0.8937037981136885,False
cic_ids2017_v2,dnn_5class_cw,7,fixed_risk_crc,0.2,0.19812028195770634,0.7891919449400968,False
cic_ids2017_v2,dnn_5class_cw,7,dual_threshold_deferral,0.2,0.19812028195770634,0.7891919449400968,False
cic_ids2017_v2,dnn_5class_cw,7,conformal_selection_fdr,0.05,0.0947857821326801,0.46393066530716287,False
cic_ids2017_v2,dnn_5class_cw,7,conformal_selection_fdr,0.1,0.12078188271759237,0.5689523323986745,False
cic_ids2017_v2,dnn_5class_cw,7,conformal_selection_fdr,0.2,0.17637354396840474,0.7601325516186592,False
cic_ids2017_v2,dnn_5class_cw,8,fixed_risk_crc,0.05,0.2944058391241314,0.948971820258949,False
cic_ids2017_v2,dnn_5class_cw,8,dual_threshold_deferral,0.05,0.29445583162525624,0.948971820258949,False
cic_ids2017_v2,dnn_5class_cw,8,fixed_risk_crc,0.1,0.26241063840423934,0.8926123381568926,False
cic_ids2017_v2,dnn_5class_cw,8,dual_threshold_deferral,0.1,0.26241063840423934,0.8926123381568926,False
cic_ids2017_v2,dnn_5class_cw,8,fixed_risk_crc,0.2,0.20191971204319353,0.7963950241177964,False
cic_ids2017_v2,dnn_5class_cw,8,dual_threshold_deferral,0.2,0.20191971204319353,0.7963950241177964,False
cic_ids2017_v2,dnn_5class_cw,8,conformal_selection_fdr,0.05,0.09888516722491626,0.47804011170347804,False
cic_ids2017_v2,dnn_5class_cw,8,conformal_selection_fdr,0.1,0.1592261160825876,0.7336887534907337,False
cic_ids2017_v2,dnn_5class_cw,8,conformal_selection_fdr,0.2,0.1806229065640154,0.7593297791317594,False
cic_ids2017_v2,dnn_5class_cw,9,fixed_risk_crc,0.05,0.2930060490926361,0.9535886380928227,False
cic_ids2017_v2,dnn_5class_cw,9,dual_threshold_deferral,0.05,0.2930060490926361,0.9535886380928227,False
cic_ids2017_v2,dnn_5class_cw,9,fixed_risk_crc,0.1,0.26016097585362197,0.8939893482120213,False
cic_ids2017_v2,dnn_5class_cw,9,dual_threshold_deferral,0.1,0.26016097585362197,0.8939893482120213,False
cic_ids2017_v2,dnn_5class_cw,9,fixed_risk_crc,0.2,0.19492076188571714,0.7707329444585341,False
cic_ids2017_v2,dnn_5class_cw,9,dual_threshold_deferral,0.2,0.19492076188571714,0.7707329444585341,False
cic_ids2017_v2,dnn_5class_cw,9,conformal_selection_fdr,0.05,0.0962355646653002,0.4666497590667005,False
cic_ids2017_v2,dnn_5class_cw,9,conformal_selection_fdr,0.1,0.15862620606908964,0.7337053005325894,False
cic_ids2017_v2,dnn_5class_cw,9,conformal_selection_fdr,0.2,0.1817227415887617,0.764138980471722,False
cic_ids2017_v2,dnn_5class_cw,10,fixed_risk_crc,0.05,0.29050642403639454,0.948178553104156,False
cic_ids2017_v2,dnn_5class_cw,10,dual_threshold_deferral,0.05,0.29050642403639454,0.948178553104156,False
cic_ids2017_v2,dnn_5class_cw,10,fixed_risk_crc,0.1,0.2587611858221267,0.8919958953309389,False
cic_ids2017_v2,dnn_5class_cw,10,dual_threshold_deferral,0.1,0.2587611858221267,0.8919958953309389,False
cic_ids2017_v2,dnn_5class_cw,10,fixed_risk_crc,0.2,0.19292106184072388,0.7742432016418677,False
cic_ids2017_v2,dnn_5class_cw,10,dual_threshold_deferral,0.2,0.19292106184072388,0.7742432016418677,False
cic_ids2017_v2,dnn_5class_cw,10,conformal_selection_fdr,0.05,0.10143478478228266,0.4966649563878912,False
cic_ids2017_v2,dnn_5class_cw,10,conformal_selection_fdr,0.1,0.15467679848022797,0.7283222165212929,False
cic_ids2017_v2,dnn_5class_cw,10,conformal_selection_fdr,0.2,0.17547367894815777,0.7609030271934325,False
cic_ids2017_v2,dnn_5class_cw,11,fixed_risk_crc,0.05,0.2928060790881368,0.9577938891765925,False
cic_ids2017_v2,dnn_5class_cw,11,dual_threshold_deferral,0.05,0.2928060790881368,0.9577938891765925,False
cic_ids2017_v2,dnn_5class_cw,11,fixed_risk_crc,0.1,0.26386042093685946,0.9078197824961161,False
cic_ids2017_v2,dnn_5class_cw,11,dual_threshold_deferral,0.1,0.2639104134379843,0.9080787156913517,False
cic_ids2017_v2,dnn_5class_cw,11,fixed_risk_crc,0.2,0.198520221966705,0.8081305023303987,False
cic_ids2017_v2,dnn_5class_cw,11,dual_threshold_deferral,0.2,0.198520221966705,0.8081305023303987,False
cic_ids2017_v2,dnn_5class_cw,11,conformal_selection_fdr,0.05,0.09403589461580762,0.46789228379078196,False
cic_ids2017_v2,dnn_5class_cw,11,conformal_selection_fdr,0.1,0.1515272709093636,0.7281201450025894,False
cic_ids2017_v2,dnn_5class_cw,11,conformal_selection_fdr,0.2,0.17572364145378194,0.7656654583117556,False
cic_ids2017_v2,dnn_5class_cw,12,fixed_risk_crc,0.05,0.29370594410838374,0.9473949156808457,False
cic_ids2017_v2,dnn_5class_cw,12,dual_threshold_deferral,0.05,0.29370594410838374,0.9473949156808457,False
cic_ids2017_v2,dnn_5class_cw,12,fixed_risk_crc,0.1,0.2629605559166125,0.8945381323936572,False
cic_ids2017_v2,dnn_5class_cw,12,dual_threshold_deferral,0.1,0.26321051842223664,0.8955449282657941,False
cic_ids2017_v2,dnn_5class_cw,12,fixed_risk_crc,0.2,0.20281957706344048,0.797382330732444,False
cic_ids2017_v2,dnn_5class_cw,12,dual_threshold_deferral,0.2,0.20281957706344048,0.797382330732444,False
cic_ids2017_v2,dnn_5class_cw,12,conformal_selection_fdr,0.05,0.10058491226316052,0.48250692172162096,False
cic_ids2017_v2,dnn_5class_cw,12,conformal_selection_fdr,0.1,0.16102584612308155,0.7339541907878178,False
cic_ids2017_v2,dnn_5class_cw,12,conformal_selection_fdr,0.2,0.18372244163375492,0.7583689906871381,False
cic_ids2017_v2,dnn_5class_cw,13,fixed_risk_crc,0.05,0.2943058541218817,0.953195772521389,False
cic_ids2017_v2,dnn_5class_cw,13,dual_threshold_deferral,0.05,0.2943058541218817,0.953195772521389,False
cic_ids2017_v2,dnn_5class_cw,13,fixed_risk_crc,0.1,0.26705994100884867,0.9061399094111726,False
cic_ids2017_v2,dnn_5class_cw,13,dual_threshold_deferral,0.1,0.26720991851222314,0.9063915450427781,False
cic_ids2017_v2,dnn_5class_cw,13,fixed_risk_crc,0.2,0.20101984702294656,0.7931555108203322,False
cic_ids2017_v2,dnn_5class_cw,13,dual_threshold_deferral,0.2,0.20101984702294656,0.7931555108203322,False
cic_ids2017_v2,dnn_5class_cw,13,conformal_selection_fdr,0.05,0.09953506973953907,0.4813789632611978,False
cic_ids2017_v2,dnn_5class_cw,13,conformal_selection_fdr,0.1,0.15782632605109234,0.7340211373930549,False
cic_ids2017_v2,dnn_5class_cw,13,conformal_selection_fdr,0.2,0.1793730940358946,0.7609461499748364,False
cic_ids2017_v2,dnn_5class_cw,14,fixed_risk_crc,0.05,0.2898565215217717,0.9522342064714946,False
cic_ids2017_v2,dnn_5class_cw,14,dual_threshold_deferral,0.05,0.2898565215217717,0.9522342064714946,False
cic_ids2017_v2,dnn_5class_cw,14,fixed_risk_crc,0.1,0.25616157576363546,0.8947098099640473,False
cic_ids2017_v2,dnn_5class_cw,14,dual_threshold_deferral,0.1,0.25616157576363546,0.8947098099640473,False
cic_ids2017_v2,dnn_5class_cw,14,fixed_risk_crc,0.2,0.19832025196220568,0.8007190549563431,False
cic_ids2017_v2,dnn_5class_cw,14,dual_threshold_deferral,0.2,0.19832025196220568,0.8007190549563431,False
cic_ids2017_v2,dnn_5class_cw,14,conformal_selection_fdr,0.05,0.09848522721591761,0.4843348741653826,False
cic_ids2017_v2,dnn_5class_cw,14,conformal_selection_fdr,0.1,0.1527770834374844,0.7259887005649718,False
cic_ids2017_v2,dnn_5class_cw,14,conformal_selection_fdr,0.2,0.17332400139979004,0.7555213148433487,False
cic_ids2017_v2,dnn_5class_cw,15,fixed_risk_crc,0.05,0.2936059591061341,0.9534764826175869,False
cic_ids2017_v2,dnn_5class_cw,15,dual_threshold_deferral,0.05,0.2935059741038844,0.9534764826175869,False
cic_ids2017_v2,dnn_5class_cw,15,fixed_risk_crc,0.1,0.24871269309603558,0.8888036809815951,False
cic_ids2017_v2,dnn_5class_cw,15,dual_threshold_deferral,0.1,0.24871269309603558,0.8888036809815951,False
cic_ids2017_v2,dnn_5class_cw,15,fixed_risk_crc,0.2,0.2006199070139479,0.8003578732106339,False
cic_ids2017_v2,dnn_5class_cw,15,dual_threshold_deferral,0.2,0.2006199070139479,0.8003578732106339,False
cic_ids2017_v2,dnn_5class_cw,15,conformal_selection_fdr,0.05,0.09768534719792031,0.48006134969325154,False
cic_ids2017_v2,dnn_5class_cw,15,conformal_selection_fdr,0.1,0.15812628105784132,0.7374744376278118,False
cic_ids2017_v2,dnn_5class_cw,15,conformal_selection_fdr,0.2,0.18137279408088786,0.7622699386503068,False
cic_ids2017_v2,dnn_5class_cw,16,fixed_risk_crc,0.05,0.2885567164925261,0.9330131445904954,False
cic_ids2017_v2,dnn_5class_cw,16,dual_threshold_deferral,0.05,0.2885567164925261,0.9330131445904954,False
cic_ids2017_v2,dnn_5class_cw,16,fixed_risk_crc,0.1,0.26146078088286756,0.8956016177957533,False
cic_ids2017_v2,dnn_5class_cw,16,dual_threshold_deferral,0.1,0.26146078088286756,0.8956016177957533,False
cic_ids2017_v2,dnn_5class_cw,16,fixed_risk_crc,0.2,0.19492076188571714,0.7694641051567239,False
cic_ids2017_v2,dnn_5class_cw,16,dual_threshold_deferral,0.2,0.19492076188571714,0.7694641051567239,False
cic_ids2017_v2,dnn_5class_cw,16,conformal_selection_fdr,0.05,0.09803529470579413,0.4769969666329626,False
cic_ids2017_v2,dnn_5class_cw,16,conformal_selection_fdr,0.1,0.15622656601509774,0.7275025278058646,False
cic_ids2017_v2,dnn_5class_cw,16,conformal_selection_fdr,0.2,0.1795230715392691,0.7585945399393327,False
cic_ids2017_v2,dnn_5class_cw,17,fixed_risk_crc,0.05,0.2931060340948858,0.9502137289414131,False
cic_ids2017_v2,dnn_5class_cw,17,dual_threshold_deferral,0.05,0.2931060340948858,0.9502137289414131,False
cic_ids2017_v2,dnn_5class_cw,17,fixed_risk_crc,0.1,0.263110533419987,0.897661553935127,False
cic_ids2017_v2,dnn_5class_cw,17,dual_threshold_deferral,0.1,0.2632605109233615,0.8979129997485542,False
cic_ids2017_v2,dnn_5class_cw,17,fixed_risk_crc,0.2,0.20256961455781633,0.7995976866985165,False
cic_ids2017_v2,dnn_5class_cw,17,dual_threshold_deferral,0.2,0.20256961455781633,0.7995976866985165,False
cic_ids2017_v2,dnn_5class_cw,17,conformal_selection_fdr,0.05,0.10498425236214567,0.5001257229067136,False
cic_ids2017_v2,dnn_5class_cw,17,conformal_selection_fdr,0.1,0.16232565115232714,0.7470455116922303,False
cic_ids2017_v2,dnn_5class_cw,17,conformal_selection_fdr,0.2,0.18377243413487976,0.7736987679155142,False
cic_ids2017_v2,dnn_5class_cw,18,fixed_risk_crc,0.05,0.2917062440633905,0.9527820316488004,False
cic_ids2017_v2,dnn_5class_cw,18,dual_threshold_deferral,0.05,0.291556266560016,0.9525267993874426,False
cic_ids2017_v2,dnn_5class_cw,18,fixed_risk_crc,0.1,0.2605109233614958,0.9017355793772333,False
cic_ids2017_v2,dnn_5class_cw,18,dual_threshold_deferral,0.1,0.26061090836374545,0.902246043899949,False
cic_ids2017_v2,dnn_5class_cw,18,fixed_risk_crc,0.2,0.1970704394340849,0.7912200102092904,False
cic_ids2017_v2,dnn_5class_cw,18,dual_threshold_deferral,0.2,0.1970704394340849,0.7912200102092904,False
cic_ids2017_v2,dnn_5class_cw,18,conformal_selection_fdr,0.05,0.09678548217767335,0.4765186319550791,False
cic_ids2017_v2,dnn_5class_cw,18,conformal_selection_fdr,0.1,0.15402689596560515,0.7281776416539051,False
cic_ids2017_v2,dnn_5class_cw,18,conformal_selection_fdr,0.2,0.17767334899765036,0.763910158244002,False
cic_ids2017_v2,dnn_5class_cw,19,fixed_risk_crc,0.05,0.2962555616657501,0.9532428355957768,False
cic_ids2017_v2,dnn_5class_cw,19,dual_threshold_deferral,0.05,0.29640553916912465,0.9534942182001006,False
cic_ids2017_v2,dnn_5class_cw,19,fixed_risk_crc,0.1,0.2643603459481078,0.900201106083459,False
cic_ids2017_v2,dnn_5class_cw,19,dual_threshold_deferral,0.1,0.2644103384492326,0.900201106083459,False
cic_ids2017_v2,dnn_5class_cw,19,fixed_risk_crc,0.2,0.20356946458031294,0.8071895424836601,False
cic_ids2017_v2,dnn_5class_cw,19,dual_threshold_deferral,0.2,0.20356946458031294,0.8071895424836601,False
cic_ids2017_v2,dnn_5class_cw,19,conformal_selection_fdr,0.05,0.0997350397440384,0.48114630467571645,False
cic_ids2017_v2,dnn_5class_cw,19,conformal_selection_fdr,0.1,0.15852622106683997,0.7337858220211161,False
cic_ids2017_v2,dnn_5class_cw,19,conformal_selection_fdr,0.2,0.1791731240313953,0.761437908496732,False
cic_ids2017_v2,rf_5class_smote,0,fixed_risk_crc,0.05,0.1854221866719992,0.9437372708757638,False
cic_ids2017_v2,rf_5class_smote,0,dual_threshold_deferral,0.05,0.1854221866719992,0.9437372708757638,False
cic_ids2017_v2,rf_5class_smote,0,fixed_risk_crc,0.1,0.17627355896615507,0.8971486761710794,False
cic_ids2017_v2,rf_5class_smote,0,dual_threshold_deferral,0.1,0.17627355896615507,0.8971486761710794,False
cic_ids2017_v2,rf_5class_smote,0,fixed_risk_crc,0.2,0.15547667849822527,0.7914969450101833,False
cic_ids2017_v2,rf_5class_smote,0,dual_threshold_deferral,0.2,0.15547667849822527,0.7914969450101833,False
cic_ids2017_v2,rf_5class_smote,0,conformal_selection_fdr,0.05,0.2052692096185572,0.9994908350305499,False
cic_ids2017_v2,rf_5class_smote,0,conformal_selection_fdr,0.1,0.21381792731090338,0.9994908350305499,False
cic_ids2017_v2,rf_5class_smote,0,conformal_selection_fdr,0.2,0.22866570014497825,0.9997454175152749,False
cic_ids2017_v2,rf_5class_smote,1,fixed_risk_crc,0.05,0.18392241163825426,0.950556562257313,False
cic_ids2017_v2,rf_5class_smote,1,dual_threshold_deferral,0.05,0.18392241163825426,0.950556562257313,False
cic_ids2017_v2,rf_5class_smote,1,fixed_risk_crc,0.1,0.17267409888516722,0.8923116748640952,False
cic_ids2017_v2,rf_5class_smote,1,dual_threshold_deferral,0.1,0.17267409888516722,0.8923116748640952,False
cic_ids2017_v2,rf_5class_smote,1,fixed_risk_crc,0.2,0.15227715842623607,0.7869531452239192,False
cic_ids2017_v2,rf_5class_smote,1,dual_threshold_deferral,0.2,0.15227715842623607,0.7869531452239192,False
cic_ids2017_v2,rf_5class_smote,1,conformal_selection_fdr,0.05,0.20176973453981903,0.9994822676676158,False
cic_ids2017_v2,rf_5class_smote,1,conformal_selection_fdr,0.1,0.21006848972654102,0.9994822676676158,False
cic_ids2017_v2,rf_5class_smote,1,conformal_selection_fdr,0.2,0.22736589511573263,0.9997411338338079,False
cic_ids2017_v2,rf_5class_smote,2,fixed_risk_crc,0.05,0.18287256911463282,0.947886958776251,False
cic_ids2017_v2,rf_5class_smote,2,dual_threshold_deferral,0.05,0.18287256911463282,0.947886958776251,False
cic_ids2017_v2,rf_5class_smote,2,fixed_risk_crc,0.1,0.17377393390991352,0.9007000259268861,False
cic_ids2017_v2,rf_5class_smote,2,dual_threshold_deferral,0.1,0.17377393390991352,0.9007000259268861,False
cic_ids2017_v2,rf_5class_smote,2,fixed_risk_crc,0.2,0.15467679848022797,0.8016593207155821,False
cic_ids2017_v2,rf_5class_smote,2,dual_threshold_deferral,0.2,0.15467679848022797,0.8016593207155821,False
cic_ids2017_v2,rf_5class_smote,2,conformal_selection_fdr,0.05,0.202369644553317,0.9989629245527613,False
cic_ids2017_v2,rf_5class_smote,2,conformal_selection_fdr,0.1,0.2101684747287907,0.9989629245527613,False
cic_ids2017_v2,rf_5class_smote,2,conformal_selection_fdr,0.2,0.22551617257411388,0.9994814622763806,False
cic_ids2017_v2,rf_5class_smote,3,fixed_risk_crc,0.05,0.18907163925411188,0.9576357179096905,False
cic_ids2017_v2,rf_5class_smote,3,dual_threshold_deferral,0.05,0.18907163925411188,0.9576357179096905,False
cic_ids2017_v2,rf_5class_smote,3,fixed_risk_crc,0.1,0.17882317652352148,0.9056316590563166,False
cic_ids2017_v2,rf_5class_smote,3,dual_threshold_deferral,0.1,0.17882317652352148,0.9056316590563166,False
cic_ids2017_v2,rf_5class_smote,3,fixed_risk_crc,0.2,0.15752637104434336,0.7980720446473871,False
cic_ids2017_v2,rf_5class_smote,3,dual_threshold_deferral,0.2,0.15752637104434336,0.7980720446473871,False
cic_ids2017_v2,rf_5class_smote,3,conformal_selection_fdr,0.05,0.20501924711293307,0.9989852866565195,False
cic_ids2017_v2,rf_5class_smote,3,conformal_selection_fdr,0.1,0.21361795730640404,0.9989852866565195,False
cic_ids2017_v2,rf_5class_smote,3,conformal_selection_fdr,0.2,0.23016547517872318,0.9994926433282597,False
cic_ids2017_v2,rf_5class_smote,4,fixed_risk_crc,0.05,0.18812178173274008,0.9540375825292027,False
cic_ids2017_v2,rf_5class_smote,4,dual_threshold_deferral,0.05,0.18812178173274008,0.9540375825292027,False
cic_ids2017_v2,rf_5class_smote,4,fixed_risk_crc,0.1,0.17782332650102484,0.9017267648552565,False
cic_ids2017_v2,rf_5class_smote,4,dual_threshold_deferral,0.1,0.17782332650102484,0.9017267648552565,False
cic_ids2017_v2,rf_5class_smote,4,fixed_risk_crc,0.2,0.1572764085387192,0.797613001523616,False
cic_ids2017_v2,rf_5class_smote,4,dual_threshold_deferral,0.2,0.1572764085387192,0.797613001523616,False
cic_ids2017_v2,rf_5class_smote,4,conformal_selection_fdr,0.05,0.2058691196320552,0.999746063991874,False
cic_ids2017_v2,rf_5class_smote,4,conformal_selection_fdr,0.1,0.21386791981202818,0.999746063991874,False
cic_ids2017_v2,rf_5class_smote,4,conformal_selection_fdr,0.2,0.22991551267309904,0.999746063991874,False
cic_ids2017_v2,rf_5class_smote,5,fixed_risk_crc,0.05,0.18692196170574413,0.9567221510883482,False
cic_ids2017_v2,rf_5class_smote,5,dual_threshold_deferral,0.05,0.18692196170574413,0.9567221510883482,False
cic_ids2017_v2,rf_5class_smote,5,fixed_risk_crc,0.1,0.17722341648752687,0.9070422535211268,False
cic_ids2017_v2,rf_5class_smote,5,dual_threshold_deferral,0.1,0.17722341648752687,0.9070422535211268,False
cic_ids2017_v2,rf_5class_smote,5,fixed_risk_crc,0.2,0.15577663350497425,0.7971830985915493,False
cic_ids2017_v2,rf_5class_smote,5,dual_threshold_deferral,0.2,0.15577663350497425,0.7971830985915493,False
cic_ids2017_v2,rf_5class_smote,5,conformal_selection_fdr,0.05,0.20321951707243913,0.9992317541613316,False
cic_ids2017_v2,rf_5class_smote,5,conformal_selection_fdr,0.1,0.21351797230415437,0.9992317541613316,False
cic_ids2017_v2,rf_5class_smote,5,conformal_selection_fdr,0.2,0.22831575263710444,0.9994878361075544,False
cic_ids2017_v2,rf_5class_smote,6,fixed_risk_crc,0.05,0.18892166175073738,0.9542235710672736,False
cic_ids2017_v2,rf_5class_smote,6,dual_threshold_deferral,0.05,0.18987151927210918,0.9590288315629742,False
cic_ids2017_v2,rf_5class_smote,6,fixed_risk_crc,0.1,0.17912313153027046,0.9046535154274152,False
cic_ids2017_v2,rf_5class_smote,6,dual_threshold_deferral,0.1,0.17912313153027046,0.9046535154274152,False
cic_ids2017_v2,rf_5class_smote,6,fixed_risk_crc,0.2,0.15962605609158625,0.8065250379362671,False
cic_ids2017_v2,rf_5class_smote,6,dual_threshold_deferral,0.2,0.15972604109383592,0.8070308548305514,False
cic_ids2017_v2,rf_5class_smote,6,conformal_selection_fdr,0.05,0.20596910463430484,0.9992412746585736,False
cic_ids2017_v2,rf_5class_smote,6,conformal_selection_fdr,0.1,0.21486776983452482,0.9992412746585736,False
cic_ids2017_v2,rf_5class_smote,6,conformal_selection_fdr,0.2,0.23101534769784532,0.9997470915528579,False
cic_ids2017_v2,rf_5class_smote,7,fixed_risk_crc,0.05,0.1865720141978703,0.950293143002804,False
cic_ids2017_v2,rf_5class_smote,7,dual_threshold_deferral,0.05,0.1865720141978703,0.950293143002804,False
cic_ids2017_v2,rf_5class_smote,7,fixed_risk_crc,0.1,0.17752337149427586,0.9041549834310477,False
cic_ids2017_v2,rf_5class_smote,7,dual_threshold_deferral,0.1,0.17752337149427586,0.9041549834310477,False
cic_ids2017_v2,rf_5class_smote,7,fixed_risk_crc,0.2,0.15687646852972054,0.7991333163395361,False
cic_ids2017_v2,rf_5class_smote,7,dual_threshold_deferral,0.2,0.1569764535319702,0.799643130257456,False
cic_ids2017_v2,rf_5class_smote,7,conformal_selection_fdr,0.05,0.20521921711743238,0.9994901860820801,False
cic_ids2017_v2,rf_5class_smote,7,conformal_selection_fdr,0.1,0.21351797230415437,0.9994901860820801,False
cic_ids2017_v2,rf_5class_smote,7,conformal_selection_fdr,0.2,0.22981552767084937,0.99974509304104,False
cic_ids2017_v2,rf_5class_smote,8,fixed_risk_crc,0.05,0.18672199170124482,0.9477024625539477,False
cic_ids2017_v2,rf_5class_smote,8,dual_threshold_deferral,0.05,0.18672199170124482,0.9477024625539477,False
cic_ids2017_v2,rf_5class_smote,8,fixed_risk_crc,0.1,0.1775733639954007,0.9012439705509012,False
cic_ids2017_v2,rf_5class_smote,8,dual_threshold_deferral,0.1,0.17762335649652553,0.9014978420919015,False
cic_ids2017_v2,rf_5class_smote,8,fixed_risk_crc,0.2,0.1572764085387192,0.7984259964457985,False
cic_ids2017_v2,rf_5class_smote,8,dual_threshold_deferral,0.2,0.15732640103984402,0.7986798679867987,False
cic_ids2017_v2,rf_5class_smote,8,conformal_selection_fdr,0.05,0.20646902964555316,0.9994922569179995,False
cic_ids2017_v2,rf_5class_smote,8,conformal_selection_fdr,0.1,0.21466779983002549,0.9994922569179995,False
cic_ids2017_v2,rf_5class_smote,8,conformal_selection_fdr,0.2,0.23541468779683047,1.0,False
cic_ids2017_v2,rf_5class_smote,9,fixed_risk_crc,0.05,0.18752187171924212,0.9502916560994167,False
cic_ids2017_v2,rf_5class_smote,9,dual_threshold_deferral,0.05,0.18752187171924212,0.9502916560994167,False
cic_ids2017_v2,rf_5class_smote,9,fixed_risk_crc,0.1,0.1779233115032745,0.9015977681968045,False
cic_ids2017_v2,rf_5class_smote,9,dual_threshold_deferral,0.1,0.17812328150777385,0.9026122241947756,False
cic_ids2017_v2,rf_5class_smote,9,fixed_risk_crc,0.2,0.15917612358146277,0.8069997463860005,False
cic_ids2017_v2,rf_5class_smote,9,dual_threshold_deferral,0.2,0.15917612358146277,0.8069997463860005,False
cic_ids2017_v2,rf_5class_smote,9,conformal_selection_fdr,0.05,0.2057191421286807,0.9992391580015216,False
cic_ids2017_v2,rf_5class_smote,9,conformal_selection_fdr,0.1,0.21511773234014897,0.9992391580015216,False
cic_ids2017_v2,rf_5class_smote,9,conformal_selection_fdr,0.2,0.2340148977653352,0.9994927720010145,False
cic_ids2017_v2,rf_5class_smote,10,fixed_risk_crc,0.05,0.18522221666749988,0.9489481785531042,False
cic_ids2017_v2,rf_5class_smote,10,dual_threshold_deferral,0.05,0.18527220916862472,0.9492047203694202,False
cic_ids2017_v2,rf_5class_smote,10,fixed_risk_crc,0.1,0.1769734539819027,0.9066187788609543,False
cic_ids2017_v2,rf_5class_smote,10,dual_threshold_deferral,0.1,0.1769734539819027,0.9066187788609543,False
cic_ids2017_v2,rf_5class_smote,10,fixed_risk_crc,0.2,0.15722641603759435,0.8055413032324269,False
cic_ids2017_v2,rf_5class_smote,10,dual_threshold_deferral,0.2,0.15722641603759435,0.8055413032324269,False
cic_ids2017_v2,rf_5class_smote,10,conformal_selection_fdr,0.05,0.20376943458481228,0.9994869163673679,False
cic_ids2017_v2,rf_5class_smote,10,conformal_selection_fdr,0.1,0.2133679948007799,0.9994869163673679,False
cic_ids2017_v2,rf_5class_smote,10,conformal_selection_fdr,0.2,0.22926561015847624,0.9997434581836839,False
cic_ids2017_v2,rf_5class_smote,11,fixed_risk_crc,0.05,0.18447232915062742,0.9554634904194718,False
cic_ids2017_v2,rf_5class_smote,11,dual_threshold_deferral,0.05,0.18447232915062742,0.9554634904194718,False
cic_ids2017_v2,rf_5class_smote,11,fixed_risk_crc,0.1,0.17447382892566116,0.9036768513723459,False
cic_ids2017_v2,rf_5class_smote,11,dual_threshold_deferral,0.1,0.17447382892566116,0.9036768513723459,False
cic_ids2017_v2,rf_5class_smote,11,fixed_risk_crc,0.2,0.1544268359746038,0.7998446400828586,False
cic_ids2017_v2,rf_5class_smote,11,dual_threshold_deferral,0.2,0.1544268359746038,0.7998446400828586,False
cic_ids2017_v2,rf_5class_smote,11,conformal_selection_fdr,0.05,0.20181972704094386,0.9997410668047644,False
cic_ids2017_v2,rf_5class_smote,11,conformal_selection_fdr,0.1,0.20896865470179474,0.9997410668047644,False
cic_ids2017_v2,rf_5class_smote,11,conformal_selection_fdr,0.2,0.22606609008648704,0.9997410668047644,False
cic_ids2017_v2,rf_5class_smote,12,fixed_risk_crc,0.05,0.1895715642653602,0.9534356909136672,False
cic_ids2017_v2,rf_5class_smote,12,dual_threshold_deferral,0.05,0.1895715642653602,0.9534356909136672,False
cic_ids2017_v2,rf_5class_smote,12,fixed_risk_crc,0.1,0.1791731240313953,0.9010823055625472,False
cic_ids2017_v2,rf_5class_smote,12,dual_threshold_deferral,0.1,0.1791731240313953,0.9010823055625472,False
cic_ids2017_v2,rf_5class_smote,12,fixed_risk_crc,0.2,0.15912613108033796,0.8004027183488548,False
cic_ids2017_v2,rf_5class_smote,12,dual_threshold_deferral,0.2,0.15927610858371244,0.8011578152529575,False
cic_ids2017_v2,rf_5class_smote,12,conformal_selection_fdr,0.05,0.20766884967254912,0.9989932041278631,False
cic_ids2017_v2,rf_5class_smote,12,conformal_selection_fdr,0.1,0.2164175373693946,0.9989932041278631,False
cic_ids2017_v2,rf_5class_smote,12,conformal_selection_fdr,0.2,0.23461480777883317,0.9994966020639315,False
cic_ids2017_v2,rf_5class_smote,13,fixed_risk_crc,0.05,0.19047142928560715,0.9577252138902869,False
cic_ids2017_v2,rf_5class_smote,13,dual_threshold_deferral,0.05,0.19047142928560715,0.9577252138902869,False
cic_ids2017_v2,rf_5class_smote,13,fixed_risk_crc,0.1,0.1801229815527671,0.9056366381479618,False
cic_ids2017_v2,rf_5class_smote,13,dual_threshold_deferral,0.1,0.1801229815527671,0.9056366381479618,False
cic_ids2017_v2,rf_5class_smote,13,fixed_risk_crc,0.2,0.15992601109833526,0.8039758429793659,False
cic_ids2017_v2,rf_5class_smote,13,dual_threshold_deferral,0.2,0.15992601109833526,0.8039758429793659,False
cic_ids2017_v2,rf_5class_smote,13,conformal_selection_fdr,0.05,0.20776883467479879,0.9997483643683945,False
cic_ids2017_v2,rf_5class_smote,13,conformal_selection_fdr,0.1,0.21606758986152078,0.9997483643683945,False
cic_ids2017_v2,rf_5class_smote,13,conformal_selection_fdr,0.2,0.23181522771584262,1.0,False
cic_ids2017_v2,rf_5class_smote,14,fixed_risk_crc,0.05,0.18582212668099785,0.9532614278376991,False
cic_ids2017_v2,rf_5class_smote,14,dual_threshold_deferral,0.05,0.18592211168324752,0.9537750385208013,False
cic_ids2017_v2,rf_5class_smote,14,fixed_risk_crc,0.1,0.1747237914312853,0.8962506420133539,False
cic_ids2017_v2,rf_5class_smote,14,dual_threshold_deferral,0.1,0.17477378393241014,0.896507447354905,False
cic_ids2017_v2,rf_5class_smote,14,fixed_risk_crc,0.2,0.15652652102184672,0.803030303030303,False
cic_ids2017_v2,rf_5class_smote,14,dual_threshold_deferral,0.2,0.15657651352297156,0.8032871083718541,False
cic_ids2017_v2,rf_5class_smote,14,conformal_selection_fdr,0.05,0.20381942708593712,0.9997431946584489,False
cic_ids2017_v2,rf_5class_smote,14,conformal_selection_fdr,0.1,0.2119682047692846,0.9997431946584489,False
cic_ids2017_v2,rf_5class_smote,14,conformal_selection_fdr,0.2,0.23011548267759835,0.9997431946584489,False
cic_ids2017_v2,rf_5class_smote,15,fixed_risk_crc,0.05,0.18537219417087436,0.9473415132924335,False
cic_ids2017_v2,rf_5class_smote,15,dual_threshold_deferral,0.05,0.18537219417087436,0.9473415132924335,False
cic_ids2017_v2,rf_5class_smote,15,fixed_risk_crc,0.1,0.17592361145828125,0.8990286298568507,False
cic_ids2017_v2,rf_5class_smote,15,dual_threshold_deferral,0.1,0.17592361145828125,0.8990286298568507,False
cic_ids2017_v2,rf_5class_smote,15,fixed_risk_crc,0.2,0.15482677598360245,0.7911554192229039,False
cic_ids2017_v2,rf_5class_smote,15,dual_threshold_deferral,0.2,0.15597660350947357,0.7970347648261759,False
cic_ids2017_v2,rf_5class_smote,15,conformal_selection_fdr,0.05,0.20441933709943508,0.9992331288343558,False
cic_ids2017_v2,rf_5class_smote,15,conformal_selection_fdr,0.1,0.21316802479628055,0.9992331288343558,False
cic_ids2017_v2,rf_5class_smote,15,conformal_selection_fdr,0.2,0.22836574513822927,0.9994887525562373,False
cic_ids2017_v2,rf_5class_smote,16,fixed_risk_crc,0.05,0.18742188671699245,0.9466632962588474,False
cic_ids2017_v2,rf_5class_smote,16,dual_threshold_deferral,0.05,0.18867169924511323,0.9529828109201214,False
cic_ids2017_v2,rf_5class_smote,16,fixed_risk_crc,0.1,0.1777733339999,0.897876643073812,False
cic_ids2017_v2,rf_5class_smote,16,dual_threshold_deferral,0.1,0.1777733339999,0.897876643073812,False
cic_ids2017_v2,rf_5class_smote,16,fixed_risk_crc,0.2,0.1580762885567165,0.7985338725985844,False
cic_ids2017_v2,rf_5class_smote,16,dual_threshold_deferral,0.2,0.1580762885567165,0.7985338725985844,False
cic_ids2017_v2,rf_5class_smote,16,conformal_selection_fdr,0.05,0.2071689246613008,0.999747219413549,False
cic_ids2017_v2,rf_5class_smote,16,conformal_selection_fdr,0.1,0.21586761985702144,0.999747219413549,False
cic_ids2017_v2,rf_5class_smote,16,conformal_selection_fdr,0.2,0.23166525021246814,0.999747219413549,False
cic_ids2017_v2,rf_5class_smote,17,fixed_risk_crc,0.05,0.1895715642653602,0.9519738496354035,False
cic_ids2017_v2,rf_5class_smote,17,dual_threshold_deferral,0.05,0.1895715642653602,0.9519738496354035,False
cic_ids2017_v2,rf_5class_smote,17,fixed_risk_crc,0.1,0.18042293655951608,0.9059592657782248,False
cic_ids2017_v2,rf_5class_smote,17,dual_threshold_deferral,0.1,0.18042293655951608,0.9059592657782248,False
cic_ids2017_v2,rf_5class_smote,17,fixed_risk_crc,0.2,0.16022596610508424,0.8046266029670606,False
cic_ids2017_v2,rf_5class_smote,17,dual_threshold_deferral,0.2,0.16022596610508424,0.8046266029670606,False
cic_ids2017_v2,rf_5class_smote,17,conformal_selection_fdr,0.05,0.20681897715342698,0.9992456625597184,False
cic_ids2017_v2,rf_5class_smote,17,conformal_selection_fdr,0.1,0.21696745488176775,0.9992456625597184,False
cic_ids2017_v2,rf_5class_smote,17,conformal_selection_fdr,0.2,0.23281507773833926,0.9994971083731455,False
cic_ids2017_v2,rf_5class_smote,18,fixed_risk_crc,0.05,0.18682197670349449,0.9525267993874426,False
cic_ids2017_v2,rf_5class_smote,18,dual_threshold_deferral,0.05,0.18682197670349449,0.9525267993874426,False
cic_ids2017_v2,rf_5class_smote,18,fixed_risk_crc,0.1,0.17592361145828125,0.8968861664114344,False
cic_ids2017_v2,rf_5class_smote,18,dual_threshold_deferral,0.1,0.17592361145828125,0.8968861664114344,False
cic_ids2017_v2,rf_5class_smote,18,fixed_risk_crc,0.2,0.15707643853421988,0.801174068402246,False
cic_ids2017_v2,rf_5class_smote,18,dual_threshold_deferral,0.2,0.15707643853421988,0.801174068402246,False
cic_ids2017_v2,rf_5class_smote,18,conformal_selection_fdr,0.05,0.20456931460280958,0.9994895354772844,False
cic_ids2017_v2,rf_5class_smote,18,conformal_selection_fdr,0.1,0.21386791981202818,0.9994895354772844,False
cic_ids2017_v2,rf_5class_smote,18,conformal_selection_fdr,0.2,0.23311503274508824,0.9997447677386422,False
cic_ids2017_v2,rf_5class_smote,19,fixed_risk_crc,0.05,0.18992151177323402,0.9537456008044244,False
cic_ids2017_v2,rf_5class_smote,19,dual_threshold_deferral,0.05,0.18992151177323402,0.9537456008044244,False
cic_ids2017_v2,rf_5class_smote,19,fixed_risk_crc,0.1,0.17962305654151878,0.9019607843137255,False
cic_ids2017_v2,rf_5class_smote,19,dual_threshold_deferral,0.1,0.17962305654151878,0.9019607843137255,False
cic_ids2017_v2,rf_5class_smote,19,fixed_risk_crc,0.2,0.15797630355446682,0.7933634992458521,False
cic_ids2017_v2,rf_5class_smote,19,dual_threshold_deferral,0.2,0.15797630355446682,0.7933634992458521,False
cic_ids2017_v2,rf_5class_smote,19,conformal_selection_fdr,0.05,0.20801879718042293,0.9997486173956762,False
cic_ids2017_v2,rf_5class_smote,19,conformal_selection_fdr,0.1,0.21631755236714492,0.9997486173956762,False
cic_ids2017_v2,rf_5class_smote,19,conformal_selection_fdr,0.2,0.23556466530020498,0.9997486173956762,False
cic_ids2017_v2,xgb_5class_smote,0,fixed_risk_crc,0.05,0.1879718042293656,0.9557026476578412,False
cic_ids2017_v2,xgb_5class_smote,0,dual_threshold_deferral,0.05,0.18802179673049044,0.9559572301425662,False
cic_ids2017_v2,xgb_5class_smote,0,fixed_risk_crc,0.1,0.17657351397290408,0.8991853360488798,False
cic_ids2017_v2,xgb_5class_smote,0,dual_threshold_deferral,0.1,0.17672349147627855,0.899949083503055,False
cic_ids2017_v2,xgb_5class_smote,0,fixed_risk_crc,0.2,0.1566265060240964,0.7976069246435845,False
cic_ids2017_v2,xgb_5class_smote,0,dual_threshold_deferral,0.2,0.1566265060240964,0.7976069246435845,False
cic_ids2017_v2,xgb_5class_smote,0,conformal_selection_fdr,0.05,0.2042693595960606,0.9997454175152749,False
cic_ids2017_v2,xgb_5class_smote,0,conformal_selection_fdr,0.1,0.2124181372794081,0.9997454175152749,False
cic_ids2017_v2,xgb_5class_smote,0,conformal_selection_fdr,0.2,0.23071539269109634,1.0,False
cic_ids2017_v2,xgb_5class_smote,1,fixed_risk_crc,0.05,0.18282257661350798,0.9453792389334714,False
cic_ids2017_v2,xgb_5class_smote,1,dual_threshold_deferral,0.05,0.1830225466180073,0.9464147035982398,False
cic_ids2017_v2,xgb_5class_smote,1,fixed_risk_crc,0.1,0.17347397890316452,0.8974889981879368,False
cic_ids2017_v2,xgb_5class_smote,1,dual_threshold_deferral,0.1,0.17347397890316452,0.8974889981879368,False
cic_ids2017_v2,xgb_5class_smote,1,fixed_risk_crc,0.2,0.15687646852972054,0.8118042971783588,False
cic_ids2017_v2,xgb_5class_smote,1,dual_threshold_deferral,0.2,0.15687646852972054,0.8118042971783588,False
cic_ids2017_v2,xgb_5class_smote,1,conformal_selection_fdr,0.05,0.20031995200719893,0.9992234015014237,False
cic_ids2017_v2,xgb_5class_smote,1,conformal_selection_fdr,0.1,0.21046842973553967,0.9994822676676158,False
cic_ids2017_v2,xgb_5class_smote,1,conformal_selection_fdr,0.2,0.22821576763485477,1.0,False
cic_ids2017_v2,xgb_5class_smote,2,fixed_risk_crc,0.05,0.18372244163375492,0.9520352605652062,False
cic_ids2017_v2,xgb_5class_smote,2,dual_threshold_deferral,0.05,0.18372244163375492,0.9520352605652062,False
cic_ids2017_v2,xgb_5class_smote,2,fixed_risk_crc,0.1,0.17352397140428935,0.8994036816178377,False
cic_ids2017_v2,xgb_5class_smote,2,dual_threshold_deferral,0.1,0.17357396390541419,0.8996629504796474,False
cic_ids2017_v2,xgb_5class_smote,2,fixed_risk_crc,0.2,0.1550267459881018,0.8037334716100596,False
cic_ids2017_v2,xgb_5class_smote,2,dual_threshold_deferral,0.2,0.15707643853421988,0.8143634949442572,False
cic_ids2017_v2,xgb_5class_smote,2,conformal_selection_fdr,0.05,0.20111983202519623,0.9997407311381903,False
cic_ids2017_v2,xgb_5class_smote,2,conformal_selection_fdr,0.1,0.21091836224566315,0.9997407311381903,False
cic_ids2017_v2,xgb_5class_smote,2,conformal_selection_fdr,0.2,0.22996550517422387,1.0,False
cic_ids2017_v2,xgb_5class_smote,3,fixed_risk_crc,0.05,0.18777183422486626,0.9507864028411973,False
cic_ids2017_v2,xgb_5class_smote,3,dual_threshold_deferral,0.05,0.18777183422486626,0.9507864028411973,False
cic_ids2017_v2,xgb_5class_smote,3,fixed_risk_crc,0.1,0.17672349147627855,0.895738203957382,False
cic_ids2017_v2,xgb_5class_smote,3,dual_threshold_deferral,0.1,0.17672349147627855,0.895738203957382,False
cic_ids2017_v2,xgb_5class_smote,3,fixed_risk_crc,0.2,0.15707643853421988,0.7962962962962963,False
cic_ids2017_v2,xgb_5class_smote,3,dual_threshold_deferral,0.2,0.15707643853421988,0.7962962962962963,False
cic_ids2017_v2,xgb_5class_smote,3,conformal_selection_fdr,0.05,0.2051192321151827,0.9997463216641299,False
cic_ids2017_v2,xgb_5class_smote,3,conformal_selection_fdr,0.1,0.21461780732890068,0.9997463216641299,False
cic_ids2017_v2,xgb_5class_smote,3,conformal_selection_fdr,0.2,0.23456481527770834,1.0,False
cic_ids2017_v2,xgb_5class_smote,4,fixed_risk_crc,0.05,0.18907163925411188,0.9583544946673438,False
cic_ids2017_v2,xgb_5class_smote,4,dual_threshold_deferral,0.05,0.18907163925411188,0.9583544946673438,False
cic_ids2017_v2,xgb_5class_smote,4,fixed_risk_crc,0.1,0.17747337899315102,0.9004570848146267,False
cic_ids2017_v2,xgb_5class_smote,4,dual_threshold_deferral,0.1,0.17747337899315102,0.9004570848146267,False
cic_ids2017_v2,xgb_5class_smote,4,fixed_risk_crc,0.2,0.15827625856121583,0.8037074657186389,False
cic_ids2017_v2,xgb_5class_smote,4,dual_threshold_deferral,0.2,0.15827625856121583,0.8037074657186389,False
cic_ids2017_v2,xgb_5class_smote,4,conformal_selection_fdr,0.05,0.20386941958706195,1.0,False
cic_ids2017_v2,xgb_5class_smote,4,conformal_selection_fdr,0.1,0.21331800229965506,1.0,False
cic_ids2017_v2,xgb_5class_smote,4,conformal_selection_fdr,0.2,0.23186522021696745,1.0,False
cic_ids2017_v2,xgb_5class_smote,5,fixed_risk_crc,0.05,0.18617207418887166,0.9518565941101153,False
cic_ids2017_v2,xgb_5class_smote,5,dual_threshold_deferral,0.05,0.18617207418887166,0.9518565941101153,False
cic_ids2017_v2,xgb_5class_smote,5,fixed_risk_crc,0.1,0.1747237914312853,0.8950064020486556,False
cic_ids2017_v2,xgb_5class_smote,5,dual_threshold_deferral,0.1,0.1747237914312853,0.8950064020486556,False
cic_ids2017_v2,xgb_5class_smote,5,fixed_risk_crc,0.2,0.15737639354096886,0.806145966709347,False
cic_ids2017_v2,xgb_5class_smote,5,dual_threshold_deferral,0.2,0.15737639354096886,0.806145966709347,False
cic_ids2017_v2,xgb_5class_smote,5,conformal_selection_fdr,0.05,0.20361945708143778,0.9997439180537772,False
cic_ids2017_v2,xgb_5class_smote,5,conformal_selection_fdr,0.1,0.21446782982552617,0.9997439180537772,False
cic_ids2017_v2,xgb_5class_smote,5,conformal_selection_fdr,0.2,0.23246513023046542,1.0,False
cic_ids2017_v2,xgb_5class_smote,6,fixed_risk_crc,0.05,0.18837174423836425,0.9506828528072838,False
cic_ids2017_v2,xgb_5class_smote,6,dual_threshold_deferral,0.05,0.1884717292406139,0.951188669701568,False
cic_ids2017_v2,xgb_5class_smote,6,fixed_risk_crc,0.1,0.17747337899315102,0.8968133535660091,False
cic_ids2017_v2,xgb_5class_smote,6,dual_threshold_deferral,0.1,0.17752337149427586,0.8970662620131512,False
cic_ids2017_v2,xgb_5class_smote,6,fixed_risk_crc,0.2,0.1604759286107084,0.8110773899848255,False
cic_ids2017_v2,xgb_5class_smote,6,dual_threshold_deferral,0.2,0.1604759286107084,0.8110773899848255,False
cic_ids2017_v2,xgb_5class_smote,6,conformal_selection_fdr,0.05,0.20496925461180823,0.9992412746585736,False
cic_ids2017_v2,xgb_5class_smote,6,conformal_selection_fdr,0.1,0.21461780732890068,0.9994941831057157,False
cic_ids2017_v2,xgb_5class_smote,6,conformal_selection_fdr,0.2,0.23456481527770834,1.0,False
cic_ids2017_v2,xgb_5class_smote,7,fixed_risk_crc,0.05,0.18677198420236965,0.9508029569207239,False
cic_ids2017_v2,xgb_5class_smote,7,dual_threshold_deferral,0.05,0.18677198420236965,0.9508029569207239,False
cic_ids2017_v2,xgb_5class_smote,7,fixed_risk_crc,0.1,0.1763235514672799,0.898801937292888,False
cic_ids2017_v2,xgb_5class_smote,7,dual_threshold_deferral,0.1,0.17642353646952957,0.8993117512108081,False
cic_ids2017_v2,xgb_5class_smote,7,fixed_risk_crc,0.2,0.15802629605559165,0.8057608972724956,False
cic_ids2017_v2,xgb_5class_smote,7,dual_threshold_deferral,0.2,0.15802629605559165,0.8057608972724956,False
cic_ids2017_v2,xgb_5class_smote,7,conformal_selection_fdr,0.05,0.20496925461180823,1.0,False
cic_ids2017_v2,xgb_5class_smote,7,conformal_selection_fdr,0.1,0.21421786731990203,1.0,False
cic_ids2017_v2,xgb_5class_smote,7,conformal_selection_fdr,0.2,0.23296505524171374,1.0,False
cic_ids2017_v2,xgb_5class_smote,8,fixed_risk_crc,0.05,0.18807178923161524,0.9537953795379538,False
cic_ids2017_v2,xgb_5class_smote,8,dual_threshold_deferral,0.05,0.18812178173274008,0.954049251078954,False
cic_ids2017_v2,xgb_5class_smote,8,fixed_risk_crc,0.1,0.17662350647402889,0.8964204112718964,False
cic_ids2017_v2,xgb_5class_smote,8,dual_threshold_deferral,0.1,0.17682347647852822,0.8974358974358975,False
cic_ids2017_v2,xgb_5class_smote,8,fixed_risk_crc,0.2,0.15732640103984402,0.7984259964457985,False
cic_ids2017_v2,xgb_5class_smote,8,dual_threshold_deferral,0.2,0.15732640103984402,0.7984259964457985,False
cic_ids2017_v2,xgb_5class_smote,8,conformal_selection_fdr,0.05,0.2052692096185572,1.0,False
cic_ids2017_v2,xgb_5class_smote,8,conformal_selection_fdr,0.1,0.21521771734239864,1.0,False
cic_ids2017_v2,xgb_5class_smote,8,conformal_selection_fdr,0.2,0.23641453781932711,1.0,False
cic_ids2017_v2,xgb_5class_smote,9,fixed_risk_crc,0.05,0.18897165425186221,0.9568856200862288,False
cic_ids2017_v2,xgb_5class_smote,9,dual_threshold_deferral,0.05,0.18912163175523672,0.957646462084707,False
cic_ids2017_v2,xgb_5class_smote,9,fixed_risk_crc,0.1,0.17722341648752687,0.898808014202384,False
cic_ids2017_v2,xgb_5class_smote,9,dual_threshold_deferral,0.1,0.1772734089886517,0.8990616282018767,False
cic_ids2017_v2,xgb_5class_smote,9,fixed_risk_crc,0.2,0.15827625856121583,0.8026883083946234,False
cic_ids2017_v2,xgb_5class_smote,9,dual_threshold_deferral,0.2,0.15827625856121583,0.8026883083946234,False
cic_ids2017_v2,xgb_5class_smote,9,conformal_selection_fdr,0.05,0.20521921711743238,0.9997463860005072,False
cic_ids2017_v2,xgb_5class_smote,9,conformal_selection_fdr,0.1,0.2137179423086537,0.9997463860005072,False
cic_ids2017_v2,xgb_5class_smote,9,conformal_selection_fdr,0.2,0.2327150927360896,1.0,False
cic_ids2017_v2,xgb_5class_smote,10,fixed_risk_crc,0.05,0.1870219467079938,0.9579271421241662,False
cic_ids2017_v2,xgb_5class_smote,10,dual_threshold_deferral,0.05,0.18707193920911863,0.9581836839404823,False
cic_ids2017_v2,xgb_5class_smote,10,fixed_risk_crc,0.1,0.17627355896615507,0.9040533606977937,False
cic_ids2017_v2,xgb_5class_smote,10,dual_threshold_deferral,0.1,0.17627355896615507,0.9040533606977937,False
cic_ids2017_v2,xgb_5class_smote,10,fixed_risk_crc,0.2,0.15767634854771784,0.8088763468445357,False
cic_ids2017_v2,xgb_5class_smote,10,dual_threshold_deferral,0.2,0.15767634854771784,0.8088763468445357,False
cic_ids2017_v2,xgb_5class_smote,10,conformal_selection_fdr,0.05,0.20341948707693847,0.9997434581836839,False
cic_ids2017_v2,xgb_5class_smote,10,conformal_selection_fdr,0.1,0.2117682347647853,0.9997434581836839,False
cic_ids2017_v2,xgb_5class_smote,10,conformal_selection_fdr,0.2,0.22981552767084937,1.0,False
cic_ids2017_v2,xgb_5class_smote,11,fixed_risk_crc,0.05,0.1838224266360046,0.9515794924909373,False
cic_ids2017_v2,xgb_5class_smote,11,dual_threshold_deferral,0.05,0.18387241913712943,0.9518384256861729,False
cic_ids2017_v2,xgb_5class_smote,11,fixed_risk_crc,0.1,0.17282407638854172,0.8951320559295701,False
cic_ids2017_v2,xgb_5class_smote,11,dual_threshold_deferral,0.1,0.17282407638854172,0.8951320559295701,False
cic_ids2017_v2,xgb_5class_smote,11,fixed_risk_crc,0.2,0.15567664850272458,0.8063179699637494,False
cic_ids2017_v2,xgb_5class_smote,11,dual_threshold_deferral,0.2,0.15572664100384942,0.806576903158985,False
cic_ids2017_v2,xgb_5class_smote,11,conformal_selection_fdr,0.05,0.2004699295105734,1.0,False
cic_ids2017_v2,xgb_5class_smote,11,conformal_selection_fdr,0.1,0.20896865470179474,1.0,False
cic_ids2017_v2,xgb_5class_smote,11,conformal_selection_fdr,0.2,0.22576613507973803,1.0,False
cic_ids2017_v2,xgb_5class_smote,12,fixed_risk_crc,0.05,0.19107133929910514,0.9602315630505915,False
cic_ids2017_v2,xgb_5class_smote,12,dual_threshold_deferral,0.05,0.19107133929910514,0.9602315630505915,False
cic_ids2017_v2,xgb_5class_smote,12,fixed_risk_crc,0.1,0.1799730040493926,0.9051094890510949,False
cic_ids2017_v2,xgb_5class_smote,12,dual_threshold_deferral,0.1,0.1801229815527671,0.9058645859551976,False
cic_ids2017_v2,xgb_5class_smote,12,fixed_risk_crc,0.2,0.16152577113432984,0.8127359677825321,False
cic_ids2017_v2,xgb_5class_smote,12,dual_threshold_deferral,0.2,0.16157576363545467,0.8129876667505663,False
cic_ids2017_v2,xgb_5class_smote,12,conformal_selection_fdr,0.05,0.2066689996500525,0.9997483010319658,False
cic_ids2017_v2,xgb_5class_smote,12,conformal_selection_fdr,0.1,0.21621756736489525,0.9997483010319658,False
cic_ids2017_v2,xgb_5class_smote,12,conformal_selection_fdr,0.2,0.23641453781932711,1.0,False
cic_ids2017_v2,xgb_5class_smote,13,fixed_risk_crc,0.05,0.19062140678898165,0.9574735782586814,False
cic_ids2017_v2,xgb_5class_smote,13,dual_threshold_deferral,0.05,0.19062140678898165,0.9574735782586814,False
cic_ids2017_v2,xgb_5class_smote,13,fixed_risk_crc,0.1,0.17907313902914562,0.900603925515853,False
cic_ids2017_v2,xgb_5class_smote,13,dual_threshold_deferral,0.1,0.17912313153027046,0.9008555611474585,False
cic_ids2017_v2,xgb_5class_smote,13,fixed_risk_crc,0.2,0.16187571864220368,0.8142929038751887,False
cic_ids2017_v2,xgb_5class_smote,13,dual_threshold_deferral,0.2,0.16187571864220368,0.8142929038751887,False
cic_ids2017_v2,xgb_5class_smote,13,conformal_selection_fdr,0.05,0.20631905214217866,1.0,False
cic_ids2017_v2,xgb_5class_smote,13,conformal_selection_fdr,0.1,0.2167674848772684,1.0,False
cic_ids2017_v2,xgb_5class_smote,13,conformal_selection_fdr,0.2,0.23606459031145327,1.0,False
cic_ids2017_v2,xgb_5class_smote,14,fixed_risk_crc,0.05,0.18682197670349449,0.95814072932717,False
cic_ids2017_v2,xgb_5class_smote,14,dual_threshold_deferral,0.05,0.18682197670349449,0.95814072932717,False
cic_ids2017_v2,xgb_5class_smote,14,fixed_risk_crc,0.1,0.1751737239414088,0.8995891114535183,False
cic_ids2017_v2,xgb_5class_smote,14,dual_threshold_deferral,0.1,0.17522371644253362,0.8998459167950693,False
cic_ids2017_v2,xgb_5class_smote,14,fixed_risk_crc,0.2,0.15832625106234066,0.8130457113507961,False
cic_ids2017_v2,xgb_5class_smote,14,dual_threshold_deferral,0.2,0.15832625106234066,0.8130457113507961,False
cic_ids2017_v2,xgb_5class_smote,14,conformal_selection_fdr,0.05,0.202669599560066,1.0,False
cic_ids2017_v2,xgb_5class_smote,14,conformal_selection_fdr,0.1,0.21351797230415437,1.0,False
cic_ids2017_v2,xgb_5class_smote,14,conformal_selection_fdr,0.2,0.23186522021696745,1.0,False
cic_ids2017_v2,xgb_5class_smote,15,fixed_risk_crc,0.05,0.18792181172824077,0.9593558282208589,False
cic_ids2017_v2,xgb_5class_smote,15,dual_threshold_deferral,0.05,0.18792181172824077,0.9593558282208589,False
cic_ids2017_v2,xgb_5class_smote,15,fixed_risk_crc,0.1,0.1769734539819027,0.9046523517382413,False
cic_ids2017_v2,xgb_5class_smote,15,dual_threshold_deferral,0.1,0.17702344648302754,0.9049079754601227,False
cic_ids2017_v2,xgb_5class_smote,15,fixed_risk_crc,0.2,0.15687646852972054,0.8018916155419223,False
cic_ids2017_v2,xgb_5class_smote,15,dual_threshold_deferral,0.2,0.15687646852972054,0.8018916155419223,False
cic_ids2017_v2,xgb_5class_smote,15,conformal_selection_fdr,0.05,0.20356946458031294,0.9994887525562373,False
cic_ids2017_v2,xgb_5class_smote,15,conformal_selection_fdr,0.1,0.2140178973154027,0.9994887525562373,False
cic_ids2017_v2,xgb_5class_smote,15,conformal_selection_fdr,0.2,0.23246513023046542,1.0,False
cic_ids2017_v2,xgb_5class_smote,16,fixed_risk_crc,0.05,0.1884717292406139,0.9517189079878665,False
cic_ids2017_v2,xgb_5class_smote,16,dual_threshold_deferral,0.05,0.1884717292406139,0.9517189079878665,False
cic_ids2017_v2,xgb_5class_smote,16,fixed_risk_crc,0.1,0.17732340148977654,0.8963599595551062,False
cic_ids2017_v2,xgb_5class_smote,16,dual_threshold_deferral,0.1,0.17742338649202619,0.8966127401415571,False
cic_ids2017_v2,xgb_5class_smote,16,fixed_risk_crc,0.2,0.15897615357696346,0.8035894843276037,False
cic_ids2017_v2,xgb_5class_smote,16,dual_threshold_deferral,0.2,0.15897615357696346,0.8035894843276037,False
cic_ids2017_v2,xgb_5class_smote,16,conformal_selection_fdr,0.05,0.2057191421286807,0.999747219413549,False
cic_ids2017_v2,xgb_5class_smote,16,conformal_selection_fdr,0.1,0.2161175823626456,0.999747219413549,False
cic_ids2017_v2,xgb_5class_smote,16,conformal_selection_fdr,0.2,0.23461480777883317,1.0,False
cic_ids2017_v2,xgb_5class_smote,17,fixed_risk_crc,0.05,0.18977153426985952,0.952476741262258,False
cic_ids2017_v2,xgb_5class_smote,17,dual_threshold_deferral,0.05,0.18977153426985952,0.952476741262258,False
cic_ids2017_v2,xgb_5class_smote,17,fixed_risk_crc,0.1,0.17767334899765036,0.8931355292934373,False
cic_ids2017_v2,xgb_5class_smote,17,dual_threshold_deferral,0.1,0.17767334899765036,0.8931355292934373,False
cic_ids2017_v2,xgb_5class_smote,17,fixed_risk_crc,0.2,0.16067589861520773,0.8078953985416143,False
cic_ids2017_v2,xgb_5class_smote,17,dual_threshold_deferral,0.2,0.16067589861520773,0.8078953985416143,False
cic_ids2017_v2,xgb_5class_smote,17,conformal_selection_fdr,0.05,0.20711893216017596,0.9994971083731455,False
cic_ids2017_v2,xgb_5class_smote,17,conformal_selection_fdr,0.1,0.21711743238514222,0.9994971083731455,False
cic_ids2017_v2,xgb_5class_smote,17,conformal_selection_fdr,0.2,0.23396490526421038,1.0,False
cic_ids2017_v2,xgb_5class_smote,18,fixed_risk_crc,0.05,0.18712193171024347,0.9535477284328739,False
cic_ids2017_v2,xgb_5class_smote,18,dual_threshold_deferral,0.05,0.18712193171024347,0.9535477284328739,False
cic_ids2017_v2,xgb_5class_smote,18,fixed_risk_crc,0.1,0.17512373144028395,0.8935681470137825,False
cic_ids2017_v2,xgb_5class_smote,18,dual_threshold_deferral,0.1,0.17527370894365846,0.8943338437978561,False
cic_ids2017_v2,xgb_5class_smote,18,fixed_risk_crc,0.2,0.15932610108483727,0.8129147524247065,False
cic_ids2017_v2,xgb_5class_smote,18,dual_threshold_deferral,0.2,0.15932610108483727,0.8129147524247065,False
cic_ids2017_v2,xgb_5class_smote,18,conformal_selection_fdr,0.05,0.2031695245713143,0.9994895354772844,False
cic_ids2017_v2,xgb_5class_smote,18,conformal_selection_fdr,0.1,0.21306803979403088,0.9994895354772844,False
cic_ids2017_v2,xgb_5class_smote,18,conformal_selection_fdr,0.2,0.23421486776983452,1.0,False
cic_ids2017_v2,xgb_5class_smote,19,fixed_risk_crc,0.05,0.190821376793481,0.9575163398692811,False
cic_ids2017_v2,xgb_5class_smote,19,dual_threshold_deferral,0.05,0.190821376793481,0.9575163398692811,False
cic_ids2017_v2,xgb_5class_smote,19,fixed_risk_crc,0.1,0.1785732140178973,0.8974358974358975,False
cic_ids2017_v2,xgb_5class_smote,19,dual_threshold_deferral,0.1,0.1785732140178973,0.8974358974358975,False
cic_ids2017_v2,xgb_5class_smote,19,fixed_risk_crc,0.2,0.16102584612308155,0.8094519859225742,False
cic_ids2017_v2,xgb_5class_smote,19,dual_threshold_deferral,0.2,0.16102584612308155,0.8094519859225742,False
cic_ids2017_v2,xgb_5class_smote,19,conformal_selection_fdr,0.05,0.2071689246613008,0.9992458521870287,False
cic_ids2017_v2,xgb_5class_smote,19,conformal_selection_fdr,0.1,0.2164175373693946,0.9994972347913524,False
cic_ids2017_v2,xgb_5class_smote,19,conformal_selection_fdr,0.2,0.2365645153227016,1.0,False
cic_ids2017_v2,dnn_5class_smote,0,fixed_risk_crc,0.05,0.19722041693745937,0.9417006109979633,False
cic_ids2017_v2,dnn_5class_smote,0,dual_threshold_deferral,0.05,0.1972704094385842,0.9417006109979633,False
cic_ids2017_v2,dnn_5class_smote,0,fixed_risk_crc,0.1,0.17947307903814427,0.8918024439918534,False
cic_ids2017_v2,dnn_5class_smote,0,dual_threshold_deferral,0.1,0.17947307903814427,0.8918024439918534,False
cic_ids2017_v2,dnn_5class_smote,0,fixed_risk_crc,0.2,0.15772634104884267,0.799643584521385,False
cic_ids2017_v2,dnn_5class_smote,0,dual_threshold_deferral,0.2,0.15772634104884267,0.799643584521385,False
cic_ids2017_v2,dnn_5class_smote,0,conformal_selection_fdr,0.05,0.18547217917312403,0.9111507128309573,False
cic_ids2017_v2,dnn_5class_smote,0,conformal_selection_fdr,0.1,0.20231965205219218,0.9544297352342159,False
cic_ids2017_v2,dnn_5class_smote,0,conformal_selection_fdr,0.2,0.2282657601359796,0.9982179226069247,False
cic_ids2017_v2,dnn_5class_smote,1,fixed_risk_crc,0.05,0.19657051442283657,0.9508154284235051,False
cic_ids2017_v2,dnn_5class_smote,1,dual_threshold_deferral,0.05,0.19657051442283657,0.9508154284235051,False
cic_ids2017_v2,dnn_5class_smote,1,fixed_risk_crc,0.1,0.1790231465280208,0.8998187936836656,False
cic_ids2017_v2,dnn_5class_smote,1,dual_threshold_deferral,0.1,0.1790231465280208,0.8998187936836656,False
cic_ids2017_v2,dnn_5class_smote,1,fixed_risk_crc,0.2,0.15477678348247761,0.7978255242039866,False
cic_ids2017_v2,dnn_5class_smote,1,dual_threshold_deferral,0.2,0.15477678348247761,0.7978255242039866,False
cic_ids2017_v2,dnn_5class_smote,1,conformal_selection_fdr,0.05,0.18367244913263012,0.914315298990422,False
cic_ids2017_v2,dnn_5class_smote,1,conformal_selection_fdr,0.1,0.20031995200719893,0.9557338855811546,False
cic_ids2017_v2,dnn_5class_smote,1,conformal_selection_fdr,0.2,0.22866570014497825,0.9976702045042712,False
cic_ids2017_v2,dnn_5class_smote,2,fixed_risk_crc,0.05,0.19617057441383792,0.9481462276380607,False
cic_ids2017_v2,dnn_5class_smote,2,dual_threshold_deferral,0.05,0.19622056691496276,0.9484054964998704,False
cic_ids2017_v2,dnn_5class_smote,2,fixed_risk_crc,0.1,0.17877318402239664,0.9004407570650765,False
cic_ids2017_v2,dnn_5class_smote,2,dual_threshold_deferral,0.1,0.17877318402239664,0.9004407570650765,False
cic_ids2017_v2,dnn_5class_smote,2,fixed_risk_crc,0.2,0.15572664100384942,0.8029556650246306,False
cic_ids2017_v2,dnn_5class_smote,2,dual_threshold_deferral,0.2,0.15572664100384942,0.8029556650246306,False
cic_ids2017_v2,dnn_5class_smote,2,conformal_selection_fdr,0.05,0.18377243413487976,0.916256157635468,False
cic_ids2017_v2,dnn_5class_smote,2,conformal_selection_fdr,0.1,0.2012698095285707,0.9569613689395904,False
cic_ids2017_v2,dnn_5class_smote,2,conformal_selection_fdr,0.2,0.2284157376393541,0.9979258491055224,False
cic_ids2017_v2,dnn_5class_smote,3,fixed_risk_crc,0.05,0.19912013198020298,0.9429223744292238,False
cic_ids2017_v2,dnn_5class_smote,3,dual_threshold_deferral,0.05,0.19912013198020298,0.9429223744292238,False
cic_ids2017_v2,dnn_5class_smote,3,fixed_risk_crc,0.1,0.18007298905164226,0.8878741755454084,False
cic_ids2017_v2,dnn_5class_smote,3,dual_threshold_deferral,0.1,0.18007298905164226,0.8878741755454084,False
cic_ids2017_v2,dnn_5class_smote,3,fixed_risk_crc,0.2,0.1547267909813528,0.7810755961440893,False
cic_ids2017_v2,dnn_5class_smote,3,dual_threshold_deferral,0.2,0.1547267909813528,0.7810755961440893,False
cic_ids2017_v2,dnn_5class_smote,3,conformal_selection_fdr,0.05,0.18727190921361797,0.9101978691019786,False
cic_ids2017_v2,dnn_5class_smote,3,conformal_selection_fdr,0.1,0.21091836224566315,0.9784373414510401,False
cic_ids2017_v2,dnn_5class_smote,3,conformal_selection_fdr,0.2,0.23446483027545867,0.9982242516489092,False
cic_ids2017_v2,dnn_5class_smote,4,fixed_risk_crc,0.05,0.20081987701844722,0.9497206703910615,False
cic_ids2017_v2,dnn_5class_smote,4,dual_threshold_deferral,0.05,0.20081987701844722,0.9497206703910615,False
cic_ids2017_v2,dnn_5class_smote,4,fixed_risk_crc,0.1,0.18307253911913213,0.9019807008633824,False
cic_ids2017_v2,dnn_5class_smote,4,dual_threshold_deferral,0.1,0.18307253911913213,0.9019807008633824,False
cic_ids2017_v2,dnn_5class_smote,4,fixed_risk_crc,0.2,0.15782632605109234,0.7973590655154901,False
cic_ids2017_v2,dnn_5class_smote,4,dual_threshold_deferral,0.2,0.15782632605109234,0.7973590655154901,False
cic_ids2017_v2,dnn_5class_smote,4,conformal_selection_fdr,0.05,0.1900214967754837,0.9195022854240731,False
cic_ids2017_v2,dnn_5class_smote,4,conformal_selection_fdr,0.1,0.20496925461180823,0.9563230066023362,False
cic_ids2017_v2,dnn_5class_smote,4,conformal_selection_fdr,0.2,0.23221516772484127,0.9984763839512443,False
cic_ids2017_v2,dnn_5class_smote,5,fixed_risk_crc,0.05,0.19872019197120433,0.9487836107554417,False
cic_ids2017_v2,dnn_5class_smote,5,dual_threshold_deferral,0.05,0.19877018447232916,0.9490396927016646,False
cic_ids2017_v2,dnn_5class_smote,5,fixed_risk_crc,0.1,0.1803229515572664,0.8985915492957747,False
cic_ids2017_v2,dnn_5class_smote,5,dual_threshold_deferral,0.1,0.1803229515572664,0.8985915492957747,False
cic_ids2017_v2,dnn_5class_smote,5,fixed_risk_crc,0.2,0.15607658851172324,0.7956466069142125,False
cic_ids2017_v2,dnn_5class_smote,5,dual_threshold_deferral,0.2,0.15607658851172324,0.7956466069142125,False
cic_ids2017_v2,dnn_5class_smote,5,conformal_selection_fdr,0.05,0.1879718042293656,0.9216389244558258,False
cic_ids2017_v2,dnn_5class_smote,5,conformal_selection_fdr,0.1,0.20361945708143778,0.9574903969270167,False
cic_ids2017_v2,dnn_5class_smote,5,conformal_selection_fdr,0.2,0.2329150627405889,0.9982074263764404,False
cic_ids2017_v2,dnn_5class_smote,6,fixed_risk_crc,0.05,0.20051992201169824,0.9504299443601416,False
cic_ids2017_v2,dnn_5class_smote,6,dual_threshold_deferral,0.05,0.20051992201169824,0.9504299443601416,False
cic_ids2017_v2,dnn_5class_smote,6,fixed_risk_crc,0.1,0.18277258411238315,0.8988366211431462,False
cic_ids2017_v2,dnn_5class_smote,6,dual_threshold_deferral,0.1,0.18277258411238315,0.8988366211431462,False
cic_ids2017_v2,dnn_5class_smote,6,fixed_risk_crc,0.2,0.1601759736039594,0.8052604957005564,False
cic_ids2017_v2,dnn_5class_smote,6,dual_threshold_deferral,0.2,0.1601759736039594,0.8052604957005564,False
cic_ids2017_v2,dnn_5class_smote,6,conformal_selection_fdr,0.05,0.1876218567214918,0.9152756702073849,False
cic_ids2017_v2,dnn_5class_smote,6,conformal_selection_fdr,0.1,0.20356946458031294,0.9582701062215478,False
cic_ids2017_v2,dnn_5class_smote,6,conformal_selection_fdr,0.2,0.23141528770684397,0.9979767324228629,False
cic_ids2017_v2,dnn_5class_smote,7,fixed_risk_crc,0.05,0.1990201469779533,0.9482538873311241,False
cic_ids2017_v2,dnn_5class_smote,7,dual_threshold_deferral,0.05,0.1990201469779533,0.9482538873311241,False
cic_ids2017_v2,dnn_5class_smote,7,fixed_risk_crc,0.1,0.1809728540718892,0.8975274024980882,False
cic_ids2017_v2,dnn_5class_smote,7,dual_threshold_deferral,0.1,0.1809728540718892,0.8975274024980882,False
cic_ids2017_v2,dnn_5class_smote,7,fixed_risk_crc,0.2,0.15852622106683997,0.8039765485597756,False
cic_ids2017_v2,dnn_5class_smote,7,dual_threshold_deferral,0.2,0.15852622106683997,0.8039765485597756,False
cic_ids2017_v2,dnn_5class_smote,7,conformal_selection_fdr,0.05,0.1847722841573764,0.9107825643640072,False
cic_ids2017_v2,dnn_5class_smote,7,conformal_selection_fdr,0.1,0.20211968204769284,0.9546265613051236,False
cic_ids2017_v2,dnn_5class_smote,7,conformal_selection_fdr,0.2,0.2292156176573514,0.9979607443283202,False
cic_ids2017_v2,dnn_5class_smote,8,fixed_risk_crc,0.05,0.20071989201619758,0.9454176186849454,False
cic_ids2017_v2,dnn_5class_smote,8,dual_threshold_deferral,0.05,0.2007698845173224,0.9456714902259457,False
cic_ids2017_v2,dnn_5class_smote,8,fixed_risk_crc,0.1,0.18287256911463282,0.9002284843869002,False
cic_ids2017_v2,dnn_5class_smote,8,dual_threshold_deferral,0.1,0.18287256911463282,0.9002284843869002,False
cic_ids2017_v2,dnn_5class_smote,8,fixed_risk_crc,0.2,0.15972604109383592,0.807057628839807,False
cic_ids2017_v2,dnn_5class_smote,8,dual_threshold_deferral,0.2,0.15972604109383592,0.807057628839807,False
cic_ids2017_v2,dnn_5class_smote,8,conformal_selection_fdr,0.05,0.18997150427435885,0.9195227215029195,False
cic_ids2017_v2,dnn_5class_smote,8,conformal_selection_fdr,0.1,0.21461780732890068,0.9875602944909876,False
cic_ids2017_v2,dnn_5class_smote,8,conformal_selection_fdr,0.2,0.2380142978553217,0.998984513835999,False
cic_ids2017_v2,dnn_5class_smote,9,fixed_risk_crc,0.05,0.20016997450382443,0.9469946741060107,False
cic_ids2017_v2,dnn_5class_smote,9,dual_threshold_deferral,0.05,0.20021996700494926,0.9472482881055034,False
cic_ids2017_v2,dnn_5class_smote,9,fixed_risk_crc,0.1,0.18107283907413887,0.8929748922140502,False
cic_ids2017_v2,dnn_5class_smote,9,dual_threshold_deferral,0.1,0.18107283907413887,0.8929748922140502,False
cic_ids2017_v2,dnn_5class_smote,9,fixed_risk_crc,0.2,0.15827625856121583,0.797616028404768,False
cic_ids2017_v2,dnn_5class_smote,9,dual_threshold_deferral,0.2,0.1584262360645903,0.7983768704032462,False
cic_ids2017_v2,dnn_5class_smote,9,conformal_selection_fdr,0.05,0.1879718042293656,0.9137712401724575,False
cic_ids2017_v2,dnn_5class_smote,9,conformal_selection_fdr,0.1,0.21111833225016247,0.9781891960436216,False
cic_ids2017_v2,dnn_5class_smote,9,conformal_selection_fdr,0.2,0.23426486027095936,0.9972102460055795,False
cic_ids2017_v2,dnn_5class_smote,10,fixed_risk_crc,0.05,0.1988701694745788,0.9499743458183684,False
cic_ids2017_v2,dnn_5class_smote,10,dual_threshold_deferral,0.05,0.1988701694745788,0.9499743458183684,False
cic_ids2017_v2,dnn_5class_smote,10,fixed_risk_crc,0.1,0.18052292156176575,0.8978963571062083,False
cic_ids2017_v2,dnn_5class_smote,10,dual_threshold_deferral,0.1,0.18052292156176575,0.8978963571062083,False
cic_ids2017_v2,dnn_5class_smote,10,fixed_risk_crc,0.2,0.15802629605559165,0.8055413032324269,False
cic_ids2017_v2,dnn_5class_smote,10,dual_threshold_deferral,0.2,0.1580762885567165,0.805797845048743,False
cic_ids2017_v2,dnn_5class_smote,10,conformal_selection_fdr,0.05,0.18707193920911863,0.9194458696767573,False
cic_ids2017_v2,dnn_5class_smote,10,conformal_selection_fdr,0.1,0.2033195020746888,0.9576706003078502,False
cic_ids2017_v2,dnn_5class_smote,10,conformal_selection_fdr,0.2,0.23061540768884667,0.9976911236531555,False
cic_ids2017_v2,dnn_5class_smote,11,fixed_risk_crc,0.05,0.19712043193520973,0.9526152252718798,False
cic_ids2017_v2,dnn_5class_smote,11,dual_threshold_deferral,0.05,0.19712043193520973,0.9526152252718798,False
cic_ids2017_v2,dnn_5class_smote,11,fixed_risk_crc,0.1,0.17817327400889865,0.9003107198342828,False
cic_ids2017_v2,dnn_5class_smote,11,dual_threshold_deferral,0.1,0.17827325901114832,0.900828586224754,False
cic_ids2017_v2,dnn_5class_smote,11,fixed_risk_crc,0.2,0.15332700094985752,0.7915587778353185,False
cic_ids2017_v2,dnn_5class_smote,11,dual_threshold_deferral,0.2,0.15337699345098235,0.7918177110305541,False
cic_ids2017_v2,dnn_5class_smote,11,conformal_selection_fdr,0.05,0.1827225916112583,0.9155877783531848,False
cic_ids2017_v2,dnn_5class_smote,11,conformal_selection_fdr,0.1,0.19782032695095736,0.9533920248575868,False
cic_ids2017_v2,dnn_5class_smote,11,conformal_selection_fdr,0.2,0.22856571514272858,0.9968928016571724,False
cic_ids2017_v2,dnn_5class_smote,12,fixed_risk_crc,0.05,0.20136979453082038,0.9436194311603322,False
cic_ids2017_v2,dnn_5class_smote,12,dual_threshold_deferral,0.05,0.20166974953756936,0.9448779260005034,False
cic_ids2017_v2,dnn_5class_smote,12,fixed_risk_crc,0.1,0.1815727640853872,0.8892524540649384,False
cic_ids2017_v2,dnn_5class_smote,12,dual_threshold_deferral,0.1,0.1815727640853872,0.8892524540649384,False
cic_ids2017_v2,dnn_5class_smote,12,fixed_risk_crc,0.2,0.15917612358146277,0.797382330732444,False
cic_ids2017_v2,dnn_5class_smote,12,dual_threshold_deferral,0.2,0.15927610858371244,0.7978857286685125,False
cic_ids2017_v2,dnn_5class_smote,12,conformal_selection_fdr,0.05,0.19032145178223267,0.9141706519003272,False
cic_ids2017_v2,dnn_5class_smote,12,conformal_selection_fdr,0.1,0.20591911213318,0.9529322929775987,False
cic_ids2017_v2,dnn_5class_smote,12,conformal_selection_fdr,0.2,0.23586462030695396,0.9969796123835892,False
cic_ids2017_v2,dnn_5class_smote,13,fixed_risk_crc,0.05,0.20466929960505925,0.9567186713638651,False
cic_ids2017_v2,dnn_5class_smote,13,dual_threshold_deferral,0.05,0.20471929210618406,0.9569703069954706,False
cic_ids2017_v2,dnn_5class_smote,13,fixed_risk_crc,0.1,0.18357246413038045,0.8993457473578259,False
cic_ids2017_v2,dnn_5class_smote,13,dual_threshold_deferral,0.1,0.18367244913263012,0.8998490186210367,False
cic_ids2017_v2,dnn_5class_smote,13,fixed_risk_crc,0.2,0.16012598110283457,0.8014594866633116,False
cic_ids2017_v2,dnn_5class_smote,13,dual_threshold_deferral,0.2,0.16022596610508424,0.8019627579265224,False
cic_ids2017_v2,dnn_5class_smote,13,conformal_selection_fdr,0.05,0.1892716092586112,0.9172118772018117,False
cic_ids2017_v2,dnn_5class_smote,13,conformal_selection_fdr,0.1,0.20611908213767935,0.9579768495218923,False
cic_ids2017_v2,dnn_5class_smote,13,conformal_selection_fdr,0.2,0.23266510023496476,0.9977352793155511,False
cic_ids2017_v2,dnn_5class_smote,14,fixed_risk_crc,0.05,0.1961205819127131,0.9447868515665125,False
cic_ids2017_v2,dnn_5class_smote,14,dual_threshold_deferral,0.05,0.19622056691496276,0.9453004622496148,False
cic_ids2017_v2,dnn_5class_smote,14,fixed_risk_crc,0.1,0.1793730940358946,0.8944530046224961,False
cic_ids2017_v2,dnn_5class_smote,14,dual_threshold_deferral,0.1,0.17942308653701944,0.8947098099640473,False
cic_ids2017_v2,dnn_5class_smote,14,fixed_risk_crc,0.2,0.15417687346897965,0.788135593220339,False
cic_ids2017_v2,dnn_5class_smote,14,dual_threshold_deferral,0.2,0.15417687346897965,0.788135593220339,False
cic_ids2017_v2,dnn_5class_smote,14,conformal_selection_fdr,0.05,0.18402239664050393,0.9111453518233179,False
cic_ids2017_v2,dnn_5class_smote,14,conformal_selection_fdr,0.1,0.19937009448582713,0.9517205957883924,False
cic_ids2017_v2,dnn_5class_smote,14,conformal_selection_fdr,0.2,0.22871569264610309,0.9984591679506933,False
cic_ids2017_v2,dnn_5class_smote,15,fixed_risk_crc,0.05,0.19752037194420838,0.9470858895705522,False
cic_ids2017_v2,dnn_5class_smote,15,dual_threshold_deferral,0.05,0.19752037194420838,0.9470858895705522,False
cic_ids2017_v2,dnn_5class_smote,15,fixed_risk_crc,0.1,0.18072289156626506,0.898517382413088,False
cic_ids2017_v2,dnn_5class_smote,15,dual_threshold_deferral,0.1,0.1807728840673899,0.8987730061349694,False
cic_ids2017_v2,dnn_5class_smote,15,fixed_risk_crc,0.2,0.15722641603759435,0.7995910020449898,False
cic_ids2017_v2,dnn_5class_smote,15,dual_threshold_deferral,0.2,0.1572764085387192,0.7998466257668712,False
cic_ids2017_v2,dnn_5class_smote,15,conformal_selection_fdr,0.05,0.18827175923611458,0.9210122699386503,False
cic_ids2017_v2,dnn_5class_smote,15,conformal_selection_fdr,0.1,0.20341948707693847,0.9580777096114519,False
cic_ids2017_v2,dnn_5class_smote,15,conformal_selection_fdr,0.2,0.2313153027045943,0.9976993865030674,False
cic_ids2017_v2,dnn_5class_smote,16,fixed_risk_crc,0.05,0.20006998950157476,0.9474216380182002,False
cic_ids2017_v2,dnn_5class_smote,16,dual_threshold_deferral,0.05,0.20006998950157476,0.9474216380182002,False
cic_ids2017_v2,dnn_5class_smote,16,fixed_risk_crc,0.1,0.18152277158426236,0.8953488372093024,False
cic_ids2017_v2,dnn_5class_smote,16,dual_threshold_deferral,0.1,0.18152277158426236,0.8953488372093024,False
cic_ids2017_v2,dnn_5class_smote,16,fixed_risk_crc,0.2,0.15927610858371244,0.8010616784630941,False
cic_ids2017_v2,dnn_5class_smote,16,dual_threshold_deferral,0.2,0.15927610858371244,0.8010616784630941,False
cic_ids2017_v2,dnn_5class_smote,16,conformal_selection_fdr,0.05,0.18812178173274008,0.9148129423660263,False
cic_ids2017_v2,dnn_5class_smote,16,conformal_selection_fdr,0.1,0.20466929960505925,0.9532355915065723,False
cic_ids2017_v2,dnn_5class_smote,16,conformal_selection_fdr,0.2,0.23276508523721443,0.9974721941354904,False
cic_ids2017_v2,dnn_5class_smote,17,fixed_risk_crc,0.05,0.20271959206119083,0.9509680663816947,False
cic_ids2017_v2,dnn_5class_smote,17,dual_threshold_deferral,0.05,0.20276958456231564,0.9512195121951219,False
cic_ids2017_v2,dnn_5class_smote,17,fixed_risk_crc,0.1,0.18447232915062742,0.9016846869499623,False
cic_ids2017_v2,dnn_5class_smote,17,dual_threshold_deferral,0.1,0.18472229165625156,0.9029419160170983,False
cic_ids2017_v2,dnn_5class_smote,17,fixed_risk_crc,0.2,0.1588761685747138,0.7950716620568268,False
cic_ids2017_v2,dnn_5class_smote,17,dual_threshold_deferral,0.2,0.1588761685747138,0.7950716620568268,False
cic_ids2017_v2,dnn_5class_smote,17,conformal_selection_fdr,0.05,0.18967154926760985,0.9175257731958762,False
cic_ids2017_v2,dnn_5class_smote,17,conformal_selection_fdr,0.1,0.20641903714442833,0.9559969826502389,False
cic_ids2017_v2,dnn_5class_smote,17,conformal_selection_fdr,0.2,0.23476478528220768,0.9977369876791552,False
cic_ids2017_v2,dnn_5class_smote,18,fixed_risk_crc,0.05,0.19817027445883117,0.9502297090352221,False
cic_ids2017_v2,dnn_5class_smote,18,dual_threshold_deferral,0.05,0.19817027445883117,0.9502297090352221,False
cic_ids2017_v2,dnn_5class_smote,18,fixed_risk_crc,0.1,0.18082287656851473,0.9012251148545176,False
cic_ids2017_v2,dnn_5class_smote,18,dual_threshold_deferral,0.1,0.18082287656851473,0.9012251148545176,False
cic_ids2017_v2,dnn_5class_smote,18,fixed_risk_crc,0.2,0.15812628105784132,0.802705461970393,False
cic_ids2017_v2,dnn_5class_smote,18,dual_threshold_deferral,0.2,0.15812628105784132,0.802705461970393,False
cic_ids2017_v2,dnn_5class_smote,18,conformal_selection_fdr,0.05,0.18722191671249314,0.9188361408882083,False
cic_ids2017_v2,dnn_5class_smote,18,conformal_selection_fdr,0.1,0.20271959206119083,0.9573762123532414,False
cic_ids2017_v2,dnn_5class_smote,18,conformal_selection_fdr,0.2,0.23231515272709094,0.9971924451250638,False
cic_ids2017_v2,dnn_5class_smote,19,fixed_risk_crc,0.05,0.20231965205219218,0.9512317747611865,False
cic_ids2017_v2,dnn_5class_smote,19,dual_threshold_deferral,0.05,0.20241963705444183,0.951734539969834,False
cic_ids2017_v2,dnn_5class_smote,19,fixed_risk_crc,0.1,0.18412238164275357,0.8994469582704877,False
cic_ids2017_v2,dnn_5class_smote,19,dual_threshold_deferral,0.1,0.1841723741438784,0.8996983408748115,False
cic_ids2017_v2,dnn_5class_smote,19,fixed_risk_crc,0.2,0.16032595110733389,0.8024132730015083,False
cic_ids2017_v2,dnn_5class_smote,19,dual_threshold_deferral,0.2,0.16032595110733389,0.8024132730015083,False
cic_ids2017_v2,dnn_5class_smote,19,conformal_selection_fdr,0.05,0.18967154926760985,0.9155354449472096,False
cic_ids2017_v2,dnn_5class_smote,19,conformal_selection_fdr,0.1,0.20741888716692497,0.9570135746606335,False
cic_ids2017_v2,dnn_5class_smote,19,conformal_selection_fdr,0.2,0.23641453781932711,0.9982403217697335,False
