dataset,model,noise_rate,seed,test_accuracy,test_macro_f1,test_ece_top,test_recall_Normal,test_recall_DoS,test_recall_Probe,test_recall_R2L,test_recall_U2R,test_tpcr,recall_drop_DoS,halved_DoS,recall_drop_Probe,halved_Probe,recall_drop_R2L,halved_R2L,recall_drop_U2R,halved_U2R
nsl_kdd_v2,rf_5class_cw,0.02,0,0.7756831085876508,0.5451703775779178,0.17841852074045259,0.9719905262073937,0.8288203753351207,0.7079719124328789,0.04991334488734835,0.1044776119402985,0.04817246273953158,0.0,False,-0.0037174721189591198,False,0.0,False,0.0,False
nsl_kdd_v2,rf_5class_cw,0.02,1,0.7776792051100071,0.5506055947266868,0.18022820941527284,0.9719905262073937,0.8306970509383378,0.7042544403139198,0.06377816291161179,0.1044776119402985,0.05012420156139106,-0.0018766756032171372,False,0.0,False,-0.013864818024263433,False,0.0,False
nsl_kdd_v2,rf_5class_cw,0.02,2,0.7759048970901349,0.5449309267950561,0.18527891481640418,0.9719905262073937,0.8306970509383378,0.7042544403139198,0.04991334488734835,0.1044776119402985,0.048394251242015615,-0.0018766756032171372,False,0.0,False,0.0,False,0.0,False
nsl_kdd_v2,rf_5class_cw,0.02,3,0.7752838892831796,0.5446124414745765,0.18187731305375743,0.9719905262073937,0.8288203753351207,0.7042544403139198,0.04991334488734835,0.1044776119402985,0.04777324343506033,0.0,False,0.0,False,0.0,False,0.0,False
nsl_kdd_v2,rf_5class_cw,0.02,4,0.7782558552164656,0.5480254774542985,0.1737082771912279,0.9719905262073937,0.8373994638069705,0.7054935976869062,0.04991334488734835,0.1044776119402985,0.047906316536550746,-0.00857908847184985,False,-0.0012391573729864103,False,0.0,False,0.0,False
nsl_kdd_v2,rf_5class_cw,0.02,5,0.7752838892831796,0.5446124414745765,0.18105388176550138,0.9719905262073937,0.8288203753351207,0.7042544403139198,0.04991334488734835,0.1044776119402985,0.04777324343506033,0.0,False,0.0,False,0.0,False,0.0,False
nsl_kdd_v2,rf_5class_cw,0.02,6,0.7752395315826828,0.5359411753634177,0.17387168244775297,0.9719905262073937,0.8288203753351207,0.7042544403139198,0.05025996533795494,0.07462686567164178,0.04764017033356991,0.0,False,0.0,False,-0.00034662045060658564,False,0.02985074626865672,False
nsl_kdd_v2,rf_5class_cw,0.02,7,0.7752838892831796,0.5446124414745765,0.18301380581233215,0.9719905262073937,0.8288203753351207,0.7042544403139198,0.04991334488734835,0.1044776119402985,0.04777324343506033,0.0,False,0.0,False,0.0,False,0.0,False
nsl_kdd_v2,rf_5class_cw,0.02,8,0.7752838892831796,0.5446124414745765,0.1822055396364315,0.9719905262073937,0.8288203753351207,0.7042544403139198,0.04991334488734835,0.1044776119402985,0.04777324343506033,0.0,False,0.0,False,0.0,False,0.0,False
nsl_kdd_v2,rf_5class_cw,0.02,9,0.7738644428672817,0.5335107890122632,0.18285589884473724,0.972299454227165,0.8288203753351207,0.6922759190417183,0.04852686308492201,0.07462686567164178,0.046974804826117815,0.0,False,0.011978521272201559,False,0.0013864818024263426,False,0.02985074626865672,False
nsl_kdd_v2,rf_5class_cw,0.05,0,0.7785220014194464,0.5492424137226661,0.15356928743440484,0.9715786221810319,0.8288203753351207,0.7356464270962412,0.05025996533795494,0.1044776119402985,0.050390347764371894,0.0,False,-0.03139198678232136,False,-0.00034662045060658564,False,0.0,False
nsl_kdd_v2,rf_5class_cw,0.05,1,0.7853530872959545,0.5962244974850135,0.15668276576157267,0.9708577901348986,0.8396782841823056,0.7649731515902519,0.04991334488734835,0.2537313432835821,0.05589070262597587,-0.01085790884718496,False,-0.060718711276332105,False,0.0,False,-0.1492537313432836,False
nsl_kdd_v2,rf_5class_cw,0.05,2,0.7752838892831796,0.5446124414745765,0.146392419486413,0.9719905262073937,0.8288203753351207,0.7042544403139198,0.04991334488734835,0.1044776119402985,0.04777324343506033,0.0,False,0.0,False,0.0,False,0.0,False
nsl_kdd_v2,rf_5class_cw,0.05,3,0.7767033356990773,0.5674454343054892,0.15259746369987434,0.9719905262073937,0.8317694369973191,0.7059066501445683,0.05025996533795494,0.1791044776119403,0.048482966643009225,-0.002949061662198438,False,-0.00165220983064851,False,-0.00034662045060658564,False,-0.07462686567164178,False
nsl_kdd_v2,rf_5class_cw,0.05,4,0.7546575585521647,0.525578357256123,0.1626346340821822,0.9724024302337555,0.7794906166219839,0.6840148698884758,0.03188908145580589,0.1044776119402985,0.02861071682044003,0.04932975871313672,False,0.020239570425443998,False,0.01802426343154246,False,0.0,False
nsl_kdd_v2,rf_5class_cw,0.05,5,0.7767476933995742,0.542908711456563,0.15661710487686048,0.9715786221810319,0.8272117962466488,0.7257331681123502,0.04922010398613518,0.08955223880597014,0.05016855926188787,0.0016085790884718953,False,-0.021478727798430408,False,0.0006932409012131713,False,0.01492537313432836,False
nsl_kdd_v2,rf_5class_cw,0.05,6,0.7758605393896381,0.5698015763886428,0.1456312620443944,0.9720935022139842,0.8306970509383378,0.6840148698884758,0.06447140381282496,0.1791044776119403,0.04821682044002839,-0.0018766756032171372,False,0.020239570425443998,False,-0.014558058925476604,False,-0.07462686567164178,False
nsl_kdd_v2,rf_5class_cw,0.05,7,0.7757718239886444,0.5463418170912842,0.15393796495610923,0.9719905262073937,0.8288203753351207,0.7079719124328789,0.050606585788561524,0.1044776119402985,0.04817246273953158,0.0,False,-0.0037174721189591198,False,-0.0006932409012131713,False,0.0,False
nsl_kdd_v2,rf_5class_cw,0.05,8,0.7607789212207239,0.5342864726934942,0.1548360709611768,0.9726083822469365,0.7928954423592494,0.6798843453118546,0.04783362218370884,0.1044776119402985,0.03242547906316537,0.03592493297587129,False,0.024370095002065217,False,0.002079722703639514,False,0.0,False
nsl_kdd_v2,rf_5class_cw,0.05,9,0.7752395315826828,0.5473543104079893,0.15680738594092672,0.972299454227165,0.8306970509383378,0.7001239157372986,0.04679376083188908,0.11940298507462686,0.04764017033356991,-0.0018766756032171372,False,0.0041305245766212195,False,0.0031195840554592708,False,-0.01492537313432836,False
nsl_kdd_v2,rf_5class_cw,0.0667,0,0.7778566359119943,0.5438895857756507,0.12633075621397655,0.9715786221810319,0.8306970509383378,0.7236679058240396,0.050606585788561524,0.08955223880597014,0.050833924769339955,-0.0018766756032171372,False,-0.0194134655101198,False,-0.0006932409012131713,False,0.01492537313432836,False
nsl_kdd_v2,rf_5class_cw,0.0667,1,0.7773687012065295,0.5485861108417694,0.14071716705513165,0.9715786221810319,0.8258713136729222,0.7360594795539034,0.04852686308492201,0.1044776119402985,0.04919268985095813,0.002949061662198438,False,-0.03180503923998357,False,0.0013864818024263426,False,0.0,False
nsl_kdd_v2,rf_5class_cw,0.0667,2,0.778388928317956,0.5727041633967966,0.13371067072848208,0.972299454227165,0.8315013404825737,0.7038413878562577,0.06481802426343154,0.1791044776119403,0.04999112845990064,-0.002680965147453085,False,0.00041305245766209975,False,-0.01490467937608319,False,-0.07462686567164178,False
nsl_kdd_v2,rf_5class_cw,0.0667,3,0.7751064584811923,0.5443401644193901,0.12572857594502243,0.972299454227165,0.8288203753351207,0.701363073110285,0.04991334488734835,0.1044776119402985,0.047462739531582684,0.0,False,0.0028913672036348093,False,0.0,False,0.0,False
nsl_kdd_v2,rf_5class_cw,0.0667,4,0.77541696238467,0.5646738461226362,0.14132110217951388,0.9719905262073937,0.8323056300268097,0.6976456009913259,0.045753899480069325,0.1791044776119403,0.0468417317246274,-0.0034852546916890326,False,0.006608839322593929,False,0.004159445407279028,False,-0.07462686567164178,False
nsl_kdd_v2,rf_5class_cw,0.0667,5,0.7810947480482612,0.5512799541672265,0.1340015483016898,0.9719905262073937,0.8466487935656837,0.7034283353985956,0.04991334488734835,0.1044776119402985,0.050789567068843154,-0.017828418230563026,False,0.0008261049153241995,False,0.0,False,0.0,False
nsl_kdd_v2,rf_5class_cw,0.0667,6,0.7670333569907736,0.5325861784242296,0.1409584933846217,0.9720935022139842,0.8296246648793566,0.6266005782734407,0.048180242634315425,0.1044776119402985,0.03921220723917672,-0.0008042895442359477,False,0.07765386204047908,False,0.0017331022530329282,False,0.0,False
nsl_kdd_v2,rf_5class_cw,0.0667,7,0.775195173882186,0.5443816907020678,0.1361406442384524,0.9719905262073937,0.8306970509383378,0.6976456009913259,0.04991334488734835,0.1044776119402985,0.04764017033356991,-0.0018766756032171372,False,0.006608839322593929,False,0.0,False,0.0,False
nsl_kdd_v2,rf_5class_cw,0.0667,8,0.7774574166075231,0.5472462428266399,0.13618538238261585,0.9719905262073937,0.8306970509383378,0.7187112763320942,0.04991334488734835,0.1044776119402985,0.04879347054648687,-0.0018766756032171372,False,-0.01445683601817438,False,0.0,False,0.0,False
nsl_kdd_v2,rf_5class_cw,0.0667,9,0.7759048970901349,0.5449309267950561,0.13579875866311497,0.9719905262073937,0.8306970509383378,0.7042544403139198,0.04991334488734835,0.1044776119402985,0.048394251242015615,-0.0018766756032171372,False,0.0,False,0.0,False,0.0,False
nsl_kdd_v2,rf_5class_cw,0.0753,0,0.7797196593328601,0.548259759598647,0.1242569452033359,0.9724024302337555,0.8404825737265416,0.7154068566707972,0.04367417677642981,0.1044776119402985,0.04764017033356991,-0.011662198391420908,False,-0.01115241635687736,False,0.0062391681109185415,False,0.0,False
nsl_kdd_v2,rf_5class_cw,0.0753,1,0.7759048970901349,0.5449309267950561,0.12307842460009062,0.9719905262073937,0.8306970509383378,0.7042544403139198,0.04991334488734835,0.1044776119402985,0.048394251242015615,-0.0018766756032171372,False,0.0,False,0.0,False,0.0,False
nsl_kdd_v2,rf_5class_cw,0.0753,2,0.7891234918381831,0.5815489483521713,0.14262210896532118,0.9702399340953558,0.8445040214477212,0.7947129285419249,0.045753899480069325,0.1791044776119403,0.060903122782114974,-0.015683646112600536,False,-0.09045848822800506,False,0.004159445407279028,False,-0.07462686567164178,False
nsl_kdd_v2,rf_5class_cw,0.0753,3,0.7759492547906317,0.5450631834236568,0.1274199376758711,0.9719905262073937,0.8306970509383378,0.7042544403139198,0.05025996533795494,0.1044776119402985,0.04843860894251242,-0.0018766756032171372,False,0.0,False,-0.00034662045060658564,False,0.0,False
nsl_kdd_v2,rf_5class_cw,0.0753,4,0.7797196593328601,0.5495278862882294,0.12393596810333146,0.9715786221810319,0.8288203753351207,0.7538207352333747,0.04436741767764298,0.1044776119402985,0.05167672107877928,0.0,False,-0.049566294919454856,False,0.00554592720970537,False,0.0,False
nsl_kdd_v2,rf_5class_cw,0.0753,5,0.7755500354861604,0.5154723304856925,0.12263729664881293,0.9720935022139842,0.8301608579088472,0.7042544403139198,0.05025996533795494,0.014925373134328358,0.04732966643009227,-0.0013404825737265424,False,0.0,False,-0.00034662045060658564,False,0.08955223880597014,True
nsl_kdd_v2,rf_5class_cw,0.0753,6,0.7753726046841731,0.5427483067284279,0.12345679259631323,0.9721964782205746,0.8373994638069705,0.6844279223461379,0.04436741767764298,0.1044776119402985,0.04484563520227111,-0.00857908847184985,False,0.019826517967781898,False,0.00554592720970537,False,0.0,False
nsl_kdd_v2,rf_5class_cw,0.0753,7,0.7764815471965933,0.5374363977464265,0.13374038556005996,0.972299454227165,0.8343163538873994,0.6997108632796365,0.04852686308492201,0.07462686567164178,0.045998935415188076,-0.005495978552278791,False,0.004543577034283319,False,0.0013864818024263426,False,0.02985074626865672,False
nsl_kdd_v2,rf_5class_cw,0.0753,8,0.7663679914833215,0.5219937449430154,0.130092062680129,0.9721964782205746,0.8288203753351207,0.6266005782734407,0.04540727902946274,0.07462686567164178,0.038946061036195884,0.0,False,0.07765386204047908,False,0.004506065857885613,False,0.02985074626865672,False
nsl_kdd_v2,rf_5class_cw,0.0753,9,0.774263662171753,0.5440491814446783,0.1305962886131286,0.9719905262073937,0.8258713136729222,0.7038413878562577,0.04991334488734835,0.1044776119402985,0.04675301632363378,0.002949061662198438,False,0.00041305245766209975,False,0.0,False,0.0,False
nsl_kdd_v2,rf_5class_cw,0.1,0,0.7804293825408091,0.5721363730265357,0.1520685536535625,0.9719905262073937,0.8428954423592493,0.7071458075175547,0.04956672443674177,0.1791044776119403,0.04879347054648687,-0.01407506702412864,False,-0.0028913672036349203,False,0.00034662045060658564,False,-0.07462686567164178,False
nsl_kdd_v2,rf_5class_cw,0.1,1,0.7585166784953868,0.5318069851598858,0.20250118378552417,0.9726083822469365,0.7993297587131367,0.6220570012391574,0.06204506065857886,0.1044776119402985,0.031360894251242014,0.029490616621983934,False,0.0821974390747624,False,-0.012131715771230504,False,0.0,False
nsl_kdd_v2,rf_5class_cw,0.1,2,0.7742193044712562,0.54594588352804,0.15219738193253995,0.9724024302337555,0.8302949061662198,0.6964064436183395,0.042634315424610054,0.11940298507462686,0.045555358410220015,-0.0014745308310991634,False,0.00784799669558034,False,0.007279029462738298,False,-0.01492537313432836,False
nsl_kdd_v2,rf_5class_cw,0.1,3,0.7803850248403122,0.5417716147840945,0.13883807793121308,0.9719905262073937,0.8447721179624665,0.7030152829409335,0.05025996533795494,0.07462686567164178,0.05012420156139106,-0.01595174262734589,False,0.0012391573729862992,False,-0.00034662045060658564,False,0.02985074626865672,False
nsl_kdd_v2,rf_5class_cw,0.1,4,0.7763484740951029,0.5367758083278712,0.18015448742624057,0.9719905262073937,0.8317694369973191,0.7059066501445683,0.04991334488734835,0.07462686567164178,0.04803938963804116,-0.002949061662198438,False,-0.00165220983064851,False,0.0,False,0.02985074626865672,False
nsl_kdd_v2,rf_5class_cw,0.1,5,0.7710255500354861,0.5771014251492231,0.16785506876470174,0.9720935022139842,0.8404825737265416,0.6261875258157786,0.048180242634315425,0.2537313432835821,0.03925656493967353,-0.011662198391420908,False,0.07806691449814118,False,0.0017331022530329282,False,-0.1492537313432836,False
nsl_kdd_v2,rf_5class_cw,0.1,6,0.772888573456352,0.5632980634991345,0.14853463404115683,0.9719905262073937,0.8229222520107239,0.6976456009913259,0.05025996533795494,0.1791044776119403,0.04919268985095813,0.0058981233243967646,False,0.006608839322593929,False,-0.00034662045060658564,False,-0.07462686567164178,False
nsl_kdd_v2,rf_5class_cw,0.1,7,0.7751508161816891,0.5438211674004905,0.1836708075566823,0.972299454227165,0.8309651474530831,0.6951672862453532,0.04991334488734835,0.1044776119402985,0.04732966643009227,-0.00214477211796249,False,0.009087154068566639,False,0.0,False,0.0,False
nsl_kdd_v2,rf_5class_cw,0.1,8,0.778832505322924,0.5488121291526243,0.09831870679730294,0.9715786221810319,0.8319034852546917,0.7294506402313093,0.04991334488734835,0.1044776119402985,0.0511000709723208,-0.0030831099195710587,False,-0.025196199917389528,False,0.0,False,0.0,False
nsl_kdd_v2,rf_5class_cw,0.1,9,0.7774574166075231,0.5480750691723419,0.15080368558990548,0.9715786221810319,0.8288203753351207,0.7257331681123502,0.05025996533795494,0.1044776119402985,0.05047906316536551,0.0,False,-0.021478727798430408,False,-0.00034662045060658564,False,0.0,False
nsl_kdd_v2,xgb_5class_cw,0.02,0,0.7860628105039035,0.5903030968615286,0.1703273356905946,0.9713726701678509,0.8469168900804289,0.7228418009087154,0.07105719237435008,0.22388059701492538,0.0023953158268275373,0.0,False,0.0,False,0.0,False,0.0,False
nsl_kdd_v2,xgb_5class_cw,0.02,1,0.7861071682044003,0.5903641895922969,0.17297636225492358,0.9713726701678509,0.8469168900804289,0.7232548533663775,0.07105719237435008,0.22388059701492538,0.0024396735273243433,0.0,False,-0.00041305245766209975,False,0.0,False,0.0,False
nsl_kdd_v2,xgb_5class_cw,0.02,2,0.7861071682044003,0.5903641895922969,0.17240923844222436,0.9713726701678509,0.8469168900804289,0.7232548533663775,0.07105719237435008,0.22388059701492538,0.0024396735273243433,0.0,False,-0.00041305245766209975,False,0.0,False,0.0,False
nsl_kdd_v2,xgb_5class_cw,0.02,3,0.7860628105039035,0.5903030968615286,0.17247458329669463,0.9713726701678509,0.8469168900804289,0.7228418009087154,0.07105719237435008,0.22388059701492538,0.0023953158268275373,0.0,False,0.0,False,0.0,False,0.0,False
nsl_kdd_v2,xgb_5class_cw,0.02,4,0.7860628105039035,0.5903030968615286,0.17207295427748207,0.9713726701678509,0.8469168900804289,0.7228418009087154,0.07105719237435008,0.22388059701492538,0.0023953158268275373,0.0,False,0.0,False,0.0,False,0.0,False
nsl_kdd_v2,xgb_5class_cw,0.02,5,0.7860628105039035,0.5903030968615286,0.16945615133955613,0.9713726701678509,0.8469168900804289,0.7228418009087154,0.07105719237435008,0.22388059701492538,0.0023953158268275373,0.0,False,0.0,False,0.0,False,0.0,False
nsl_kdd_v2,xgb_5class_cw,0.02,6,0.7861071682044003,0.5903641895922969,0.1724998944232024,0.9713726701678509,0.8469168900804289,0.7232548533663775,0.07105719237435008,0.22388059701492538,0.0024396735273243433,0.0,False,-0.00041305245766209975,False,0.0,False,0.0,False
nsl_kdd_v2,xgb_5class_cw,0.02,7,0.7860628105039035,0.5903030968615286,0.17296628674040743,0.9713726701678509,0.8469168900804289,0.7228418009087154,0.07105719237435008,0.22388059701492538,0.0023953158268275373,0.0,False,0.0,False,0.0,False,0.0,False
nsl_kdd_v2,xgb_5class_cw,0.02,8,0.7861958836053939,0.5904525153765882,0.17176213777563806,0.9713726701678509,0.8473190348525469,0.7228418009087154,0.07105719237435008,0.22388059701492538,0.002528388928317956,-0.00040214477211797384,False,0.0,False,0.0,False,0.0,False
nsl_kdd_v2,xgb_5class_cw,0.02,9,0.7860628105039035,0.5903030968615286,0.1738733216743201,0.9713726701678509,0.8469168900804289,0.7228418009087154,0.07105719237435008,0.22388059701492538,0.0023953158268275373,0.0,False,0.0,False,0.0,False,0.0,False
nsl_kdd_v2,xgb_5class_cw,0.05,0,0.7845990063875089,0.5932715832738826,0.14281697320791897,0.9714756461744414,0.8422252010723861,0.7228418009087154,0.07105719237435008,0.23880597014925373,0.0007097232079489,0.004691689008042843,False,0.0,False,0.0,False,-0.014925373134328346,False
nsl_kdd_v2,xgb_5class_cw,0.05,1,0.785929737402413,0.5930773925805314,0.14445769188681193,0.9712696941612604,0.8463806970509383,0.7232548533663775,0.07105719237435008,0.23880597014925373,0.0021735273243435062,0.0005361930294905948,False,-0.00041305245766209975,False,0.0,False,-0.014925373134328346,False
nsl_kdd_v2,xgb_5class_cw,0.05,2,0.7861071682044003,0.5940070131673143,0.14406865879275882,0.9713726701678509,0.8469168900804289,0.7228418009087154,0.07105719237435008,0.23880597014925373,0.002350958126330731,0.0,False,0.0,False,0.0,False,-0.014925373134328346,False
nsl_kdd_v2,xgb_5class_cw,0.05,3,0.7860628105039035,0.5896049163277305,0.1432244767384268,0.9712696941612604,0.8469168900804289,0.7232548533663775,0.07105719237435008,0.22388059701492538,0.0023953158268275373,0.0,False,-0.00041305245766209975,False,0.0,False,0.0,False
nsl_kdd_v2,xgb_5class_cw,0.05,4,0.7845102909865153,0.5895177923641921,0.13866444558878444,0.9714756461744414,0.8420911528150135,0.7228418009087154,0.07105719237435008,0.22388059701492538,0.0007097232079489,0.004825737265415464,False,0.0,False,0.0,False,0.0,False
nsl_kdd_v2,xgb_5class_cw,0.05,5,0.7857523066004258,0.5831645100029693,0.15016393435023997,0.9714756461744414,0.8469168900804289,0.7236679058240396,0.0682842287694974,0.19402985074626866,0.0029276082327892123,0.0,False,-0.0008261049153241995,False,0.002772963604852685,False,0.02985074626865672,False
nsl_kdd_v2,xgb_5class_cw,0.05,6,0.7860628105039035,0.5896049163277305,0.1431655589392741,0.9712696941612604,0.8469168900804289,0.7232548533663775,0.07105719237435008,0.22388059701492538,0.0023953158268275373,0.0,False,-0.00041305245766209975,False,0.0,False,0.0,False
nsl_kdd_v2,xgb_5class_cw,0.05,7,0.7860628105039035,0.5903030968615286,0.14349015649192817,0.9713726701678509,0.8469168900804289,0.7228418009087154,0.07105719237435008,0.22388059701492538,0.0023953158268275373,0.0,False,0.0,False,0.0,False,0.0,False
nsl_kdd_v2,xgb_5class_cw,0.05,8,0.7842441447835344,0.5891780778768705,0.14519720440130635,0.9714756461744414,0.8420911528150135,0.7203634861627427,0.07105719237435008,0.22388059701492538,0.0005322924059616749,0.004825737265415464,False,0.0024783147459727095,False,0.0,False,0.0,False
nsl_kdd_v2,xgb_5class_cw,0.05,9,0.7862845990063875,0.6030692632094695,0.14606492355344583,0.9712696941612604,0.8469168900804289,0.7236679058240396,0.07105719237435008,0.2835820895522388,0.0022178850248403123,0.0,False,-0.0008261049153241995,False,0.0,False,-0.05970149253731341,False
nsl_kdd_v2,xgb_5class_cw,0.0667,0,0.7861958836053939,0.5904623471748992,0.12325717343823049,0.9713726701678509,0.8469168900804289,0.7240809582817018,0.07105719237435008,0.22388059701492538,0.0023953158268275373,0.0,False,-0.0012391573729864103,False,0.0,False,0.0,False
nsl_kdd_v2,xgb_5class_cw,0.0667,1,0.7806511710432931,0.5925245097878562,0.12945805420881146,0.9718875502008032,0.8372654155495979,0.7026022304832714,0.0682842287694974,0.2537313432835821,0.005145493257629525,0.009651474530831039,False,0.020239570425443998,False,0.002772963604852685,False,-0.02985074626865672,False
nsl_kdd_v2,xgb_5class_cw,0.0667,2,0.7861958836053939,0.5904525153765882,0.12546879427529561,0.9713726701678509,0.8473190348525469,0.7228418009087154,0.07105719237435008,0.22388059701492538,0.002528388928317956,-0.00040214477211797384,False,0.0,False,0.0,False,0.0,False
nsl_kdd_v2,xgb_5class_cw,0.0667,3,0.7860628105039035,0.5903030968615286,0.12737206054658692,0.9713726701678509,0.8469168900804289,0.7228418009087154,0.07105719237435008,0.22388059701492538,0.0023953158268275373,0.0,False,0.0,False,0.0,False,0.0,False
nsl_kdd_v2,xgb_5class_cw,0.0667,4,0.785929737402413,0.5901126140787665,0.1275509520079472,0.9713726701678509,0.8473190348525469,0.7203634861627427,0.07105719237435008,0.22388059701492538,0.002350958126330731,-0.00040214477211797384,False,0.0024783147459727095,False,0.0,False,0.0,False
nsl_kdd_v2,xgb_5class_cw,0.0667,5,0.7861071682044003,0.5760034014296771,0.12911719258567028,0.9713726701678509,0.8474530831099196,0.7232548533663775,0.07105719237435008,0.16417910447761194,0.0029276082327892123,-0.0005361930294907058,False,-0.00041305245766209975,False,0.0,False,0.05970149253731344,False
nsl_kdd_v2,xgb_5class_cw,0.0667,6,0.7861515259048971,0.5940681058980826,0.13023908613863325,0.9713726701678509,0.8469168900804289,0.7232548533663775,0.07105719237435008,0.23880597014925373,0.0023953158268275373,0.0,False,-0.00041305245766209975,False,0.0,False,-0.014925373134328346,False
nsl_kdd_v2,xgb_5class_cw,0.0667,7,0.7858410220014195,0.5628385575162124,0.12325885743576444,0.9714756461744414,0.8469168900804289,0.7236679058240396,0.0707105719237435,0.11940298507462686,0.0027945351312987934,0.0,False,-0.0008261049153241995,False,0.00034662045060658564,False,0.10447761194029852,False
nsl_kdd_v2,xgb_5class_cw,0.0667,8,0.7863289567068843,0.5897404360110934,0.12986266024101412,0.9712696941612604,0.8477211796246649,0.7232548533663775,0.07105719237435008,0.22388059701492538,0.002661462029808375,-0.0008042895442359477,False,-0.00041305245766209975,False,0.0,False,0.0,False
nsl_kdd_v2,xgb_5class_cw,0.0667,9,0.7944907735982967,0.6131495018263198,0.12460070573179725,0.9712696941612604,0.8469168900804289,0.7236679058240396,0.1365684575389948,0.22388059701492538,0.01100070972320795,0.0,False,-0.0008261049153241995,False,-0.06551126516464471,False,0.0,False
nsl_kdd_v2,xgb_5class_cw,0.0753,0,0.7842885024840313,0.5956855855292859,0.1188598807075364,0.9713726701678509,0.8420911528150135,0.7203634861627427,0.07105719237435008,0.2537313432835821,0.00039921930447125623,0.004825737265415464,False,0.0024783147459727095,False,0.0,False,-0.02985074626865672,False
nsl_kdd_v2,xgb_5class_cw,0.0753,1,0.7862845990063875,0.5904545431857297,0.12175177294659188,0.9713726701678509,0.8474530831099196,0.7232548533663775,0.07105719237435008,0.22388059701492538,0.0026171043293115683,-0.0005361930294907058,False,-0.00041305245766209975,False,0.0,False,0.0,False
nsl_kdd_v2,xgb_5class_cw,0.0753,2,0.7859740951029098,0.5938165303845522,0.11602820213123229,0.9713726701678509,0.8473190348525469,0.7203634861627427,0.07105719237435008,0.23880597014925373,0.0023066004258339248,-0.00040214477211797384,False,0.0024783147459727095,False,0.0,False,-0.014925373134328346,False
nsl_kdd_v2,xgb_5class_cw,0.0753,3,0.7859740951029098,0.5929658315711256,0.11972227664125859,0.9712696941612604,0.8474530831099196,0.7203634861627427,0.07105719237435008,0.23880597014925373,0.0023066004258339248,-0.0005361930294907058,False,0.0024783147459727095,False,0.0,False,-0.014925373134328346,False
nsl_kdd_v2,xgb_5class_cw,0.0753,4,0.7861071682044003,0.5940070131673143,0.11982162468379465,0.9713726701678509,0.8469168900804289,0.7228418009087154,0.07105719237435008,0.23880597014925373,0.002350958126330731,0.0,False,0.0,False,0.0,False,-0.014925373134328346,False
nsl_kdd_v2,xgb_5class_cw,0.0753,5,0.7856635911994322,0.579655806656369,0.11440772366569053,0.9713726701678509,0.8469168900804289,0.7203634861627427,0.07105719237435008,0.1791044776119403,0.0024396735273243433,0.0,False,0.0024783147459727095,False,0.0,False,0.04477611940298509,False
nsl_kdd_v2,xgb_5class_cw,0.0753,6,0.7933374733853797,0.6102445540205214,0.1115113620625197,0.9712696941612604,0.8469168900804289,0.7232548533663775,0.12790294627383014,0.22388059701492538,0.00980305180979418,0.0,False,-0.00041305245766209975,False,-0.05684575389948006,False,0.0,False
nsl_kdd_v2,xgb_5class_cw,0.0753,7,0.785929737402413,0.5759077242816009,0.12695687846241976,0.9713726701678509,0.8470509383378017,0.7228418009087154,0.07105719237435008,0.16417910447761194,0.002705819730305181,-0.00013404825737273196,False,0.0,False,0.0,False,0.05970149253731344,False
nsl_kdd_v2,xgb_5class_cw,0.0753,8,0.7863289567068843,0.5942610942423594,0.12244659544023798,0.9713726701678509,0.8469168900804289,0.724907063197026,0.07105719237435008,0.23880597014925373,0.00248403122782115,0.0,False,-0.0020652622883106098,False,0.0,False,-0.014925373134328346,False
nsl_kdd_v2,xgb_5class_cw,0.0753,9,0.7861958836053939,0.5904525153765882,0.11866837281414065,0.9713726701678509,0.8473190348525469,0.7228418009087154,0.07105719237435008,0.22388059701492538,0.002528388928317956,-0.00040214477211797384,False,0.0,False,0.0,False,0.0,False
nsl_kdd_v2,xgb_5class_cw,0.1,0,0.7778122782114976,0.5740160104614573,0.13516845291123697,0.9718875502008032,0.8424932975871313,0.6584056175134242,0.07105719237435008,0.19402985074626866,0.009182044002838893,0.004423592493297601,False,0.06443618339529122,False,0.0,False,0.02985074626865672,False
nsl_kdd_v2,xgb_5class_cw,0.1,1,0.7842885024840313,0.5928819941826562,0.17297561851178042,0.9714756461744414,0.8420911528150135,0.7203634861627427,0.07105719237435008,0.23880597014925373,0.0004879347054648687,0.004825737265415464,False,0.0024783147459727095,False,0.0,False,-0.014925373134328346,False
nsl_kdd_v2,xgb_5class_cw,0.1,2,0.7821149751596878,0.5899117726294381,0.16539754399016202,0.9715786221810319,0.8420911528150135,0.7203634861627427,0.05337954939341421,0.2537313432835821,0.0027945351312987934,0.004825737265415464,False,0.0024783147459727095,False,0.017677642980935875,False,-0.02985074626865672,False
nsl_kdd_v2,xgb_5class_cw,0.1,3,0.785486160397445,0.5624836962347362,0.16083734450013795,0.9713726701678509,0.8469168900804289,0.7203634861627427,0.07105719237435008,0.11940298507462686,0.0026171043293115683,0.0,False,0.0024783147459727095,False,0.0,False,0.10447761194029852,False
nsl_kdd_v2,xgb_5class_cw,0.1,4,0.7863289567068843,0.5633932168052415,0.16384304613526512,0.9713726701678509,0.8483914209115282,0.7232548533663775,0.07140381282495667,0.11940298507462686,0.0033268275372604684,-0.0014745308310992744,False,-0.00041305245766209975,False,-0.00034662045060658564,False,0.10447761194029852,False
nsl_kdd_v2,xgb_5class_cw,0.1,5,0.7819819020581973,0.586101473943341,0.16857952467638226,0.9718875502008032,0.8416890080428955,0.7009500206526229,0.06932409012131716,0.22388059701492538,0.0037260468417317245,0.005227882037533438,False,0.021891780256092508,False,0.0017331022530329282,False,0.0,False
nsl_kdd_v2,xgb_5class_cw,0.1,6,0.7845990063875089,0.5932827796831337,0.14185143752331755,0.9714756461744414,0.8420911528150135,0.7232548533663775,0.07105719237435008,0.23880597014925373,0.0007097232079489,0.004825737265415464,False,-0.00041305245766209975,False,0.0,False,-0.014925373134328346,False
nsl_kdd_v2,xgb_5class_cw,0.1,7,0.7864176721078779,0.5905222911259815,0.15382510120815,0.9713726701678509,0.8478552278820375,0.7232548533663775,0.07105719237435008,0.22388059701492538,0.0027945351312987934,-0.0009383378016085686,False,-0.00041305245766209975,False,0.0,False,0.0,False
nsl_kdd_v2,xgb_5class_cw,0.1,8,0.7841997870830376,0.5915215894589327,0.15566711991306273,0.9714756461744414,0.8469168900804289,0.7244940107393639,0.05407279029462738,0.2537313432835821,0.0046132008516678496,0.0,False,-0.00165220983064851,False,0.016984402079722703,False,-0.02985074626865672,False
nsl_kdd_v2,xgb_5class_cw,0.1,9,0.7943133427963094,0.6098252558839178,0.14138761204950215,0.9712696941612604,0.8469168900804289,0.7232548533663775,0.13587521663778163,0.208955223880597,0.01086763662171753,0.0,False,-0.00041305245766209975,False,-0.06481802426343154,False,0.014925373134328374,False
nsl_kdd_v2,dnn_5class_cw,0.02,0,0.7742193044712562,0.5670825529548255,0.17166660915475476,0.9714756461744414,0.8315013404825737,0.6600578273440727,0.07175043327556326,0.1791044776119403,0.07381121362668559,0.0,False,0.0,False,0.002079722703639514,False,0.0,False
nsl_kdd_v2,dnn_5class_cw,0.02,1,0.7743523775727467,0.5676477656089822,0.17163777588500487,0.9714756461744414,0.8315013404825737,0.6588186699710863,0.07383015597920277,0.1791044776119403,0.07367814052519517,0.0,False,0.0012391573729864103,False,0.0,False,0.0,False
nsl_kdd_v2,dnn_5class_cw,0.02,2,0.7742193044712562,0.5670825529548255,0.16961073500355456,0.9714756461744414,0.8315013404825737,0.6600578273440727,0.07175043327556326,0.1791044776119403,0.07381121362668559,0.0,False,0.0,False,0.002079722703639514,False,0.0,False
nsl_kdd_v2,dnn_5class_cw,0.02,3,0.7745298083747338,0.5679707288293115,0.16874770276770515,0.9714756461744414,0.8315013404825737,0.6600578273440727,0.07417677642980935,0.1791044776119403,0.07350070972320795,0.0,False,0.0,False,-0.00034662045060658564,False,0.0,False
nsl_kdd_v2,dnn_5class_cw,0.02,4,0.7745298083747338,0.5679707288293115,0.17054849835507024,0.9714756461744414,0.8315013404825737,0.6600578273440727,0.07417677642980935,0.1791044776119403,0.07350070972320795,0.0,False,0.0,False,-0.00034662045060658564,False,0.0,False
nsl_kdd_v2,dnn_5class_cw,0.02,5,0.7745741660752307,0.5680076827731717,0.16926550954769026,0.9714756461744414,0.8315013404825737,0.6604708798017348,0.07417677642980935,0.1791044776119403,0.07341199432221433,0.0,False,-0.00041305245766209975,False,-0.00034662045060658564,False,0.0,False
nsl_kdd_v2,dnn_5class_cw,0.02,6,0.7750177430801988,0.5667775644733558,0.17202938346475571,0.9715786221810319,0.8315013404825737,0.6588186699710863,0.07902946273830155,0.16417910447761194,0.0731458481192335,0.0,False,0.0012391573729864103,False,-0.005199306759098785,False,0.014925373134328346,False
nsl_kdd_v2,dnn_5class_cw,0.02,7,0.7744410929737402,0.5650652425560506,0.17007819010338057,0.9714756461744414,0.8315013404825737,0.6600578273440727,0.07383015597920277,0.16417910447761194,0.07367814052519517,0.0,False,0.0,False,0.0,False,0.014925373134328346,False
nsl_kdd_v2,dnn_5class_cw,0.02,8,0.7745298083747338,0.5679423039538027,0.16986353240820984,0.9714756461744414,0.8315013404825737,0.6600578273440727,0.07417677642980935,0.1791044776119403,0.07345635202271114,0.0,False,0.0,False,-0.00034662045060658564,False,0.0,False
nsl_kdd_v2,dnn_5class_cw,0.02,9,0.7744410929737402,0.5650652425560506,0.17241614757445772,0.9714756461744414,0.8315013404825737,0.6600578273440727,0.07383015597920277,0.16417910447761194,0.07367814052519517,0.0,False,0.0,False,0.0,False,0.014925373134328346,False
nsl_kdd_v2,dnn_5class_cw,0.05,0,0.7749290276792051,0.5667553620728791,0.14528914473018903,0.9715786221810319,0.8313672922252011,0.6579925650557621,0.07937608318890814,0.16417910447761194,0.07327892122072392,0.00013404825737262094,False,0.0020652622883106098,False,-0.00554592720970537,False,0.014925373134328346,False
nsl_kdd_v2,dnn_5class_cw,0.05,1,0.7741749467707594,0.5670171462352436,0.14400046177075196,0.9714756461744414,0.8315013404825737,0.6596447748864106,0.07175043327556326,0.1791044776119403,0.0738555713271824,0.0,False,0.00041305245766209975,False,0.002079722703639514,False,0.0,False
nsl_kdd_v2,dnn_5class_cw,0.05,2,0.7742193044712562,0.564369106876067,0.14707932571817756,0.9714756461744414,0.8315013404825737,0.6604708798017348,0.07175043327556326,0.16417910447761194,0.07389992902767921,0.0,False,-0.00041305245766209975,False,0.002079722703639514,False,0.014925373134328346,False
nsl_kdd_v2,dnn_5class_cw,0.05,3,0.7764815471965933,0.5594303571680296,0.14247477749100937,0.9713726701678509,0.8315013404825737,0.6617100371747212,0.08977469670710572,0.11940298507462686,0.07146025550035486,0.0,False,-0.00165220983064851,False,-0.015944540727902953,False,0.059701492537313425,False
nsl_kdd_v2,dnn_5class_cw,0.05,4,0.7761710432931157,0.5730928359162473,0.14428239436454046,0.9712696941612604,0.8315013404825737,0.6579925650557621,0.08942807625649914,0.1791044776119403,0.07159332860184528,0.0,False,0.0020652622883106098,False,-0.015597920277296368,False,0.0,False
nsl_kdd_v2,dnn_5class_cw,0.05,5,0.7743523775727467,0.5645565548568052,0.14293076851351985,0.9713726701678509,0.8315013404825737,0.6621230896323833,0.07175043327556326,0.16417910447761194,0.07363378282469837,0.0,False,-0.0020652622883106098,False,0.002079722703639514,False,0.014925373134328346,False
nsl_kdd_v2,dnn_5class_cw,0.05,6,0.7739975159687722,0.5642618042986256,0.1421654249825189,0.9714756461744414,0.8308310991957104,0.6604708798017348,0.07175043327556326,0.16417910447761194,0.07416607523066004,0.0006702412868633267,False,-0.00041305245766209975,False,0.002079722703639514,False,0.014925373134328346,False
nsl_kdd_v2,dnn_5class_cw,0.05,7,0.7750177430801988,0.5695395096307395,0.14525736628609878,0.9714756461744414,0.8315013404825737,0.6588186699710863,0.07902946273830155,0.1791044776119403,0.07301277501774309,0.0,False,0.0012391573729864103,False,-0.005199306759098785,False,0.0,False
nsl_kdd_v2,dnn_5class_cw,0.05,8,0.77541696238467,0.5730746418696229,0.14060854014126647,0.9711667181546699,0.8281501340482573,0.6617100371747212,0.08942807625649914,0.1791044776119403,0.07230305180979418,0.0033512064343164116,False,-0.00165220983064851,False,-0.015597920277296368,False,0.0,False
nsl_kdd_v2,dnn_5class_cw,0.05,9,0.774041873669269,0.5525798902614454,0.14078700583219134,0.9716815981876222,0.8316353887399464,0.6588186699710863,0.07175043327556326,0.11940298507462686,0.07425479063165366,-0.00013404825737262094,False,0.0012391573729864103,False,0.002079722703639514,False,0.059701492537313425,False
nsl_kdd_v2,dnn_5class_cw,0.0667,0,0.774485450674237,0.5678480303813338,0.13191463043733928,0.969622078055813,0.8313672922252011,0.6703841387856257,0.07175043327556326,0.1791044776119403,0.07194819020581973,0.00013404825737262094,False,-0.010326311441553049,False,0.002079722703639514,False,0.0,False
nsl_kdd_v2,dnn_5class_cw,0.0667,1,0.7745298083747338,0.5569862061132017,0.13521097857825443,0.9699310060755844,0.8315013404825737,0.6703841387856257,0.07175043327556326,0.13432835820895522,0.07221433640880057,0.0,False,-0.010326311441553049,False,0.002079722703639514,False,0.044776119402985065,False
nsl_kdd_v2,dnn_5class_cw,0.0667,2,0.775195173882186,0.5698012383500568,0.13007268031407065,0.9714756461744414,0.8315013404825737,0.6604708798017348,0.07902946273830155,0.1791044776119403,0.07283534421575585,0.0,False,-0.00041305245766209975,False,-0.005199306759098785,False,0.0,False
nsl_kdd_v2,dnn_5class_cw,0.0667,3,0.7750621007806955,0.5708609991403975,0.1281435121049216,0.9714756461744414,0.8315013404825737,0.6588186699710863,0.07937608318890814,0.1791044776119403,0.07301277501774309,0.0,False,0.0012391573729864103,False,-0.00554592720970537,False,0.0,False
nsl_kdd_v2,dnn_5class_cw,0.0667,4,0.7764371894960965,0.5735919036670962,0.1262130092634005,0.9711667181546699,0.8315013404825737,0.6604708798017348,0.08977469670710572,0.1791044776119403,0.07128282469836764,0.0,False,-0.00041305245766209975,False,-0.015944540727902953,False,0.0,False
nsl_kdd_v2,dnn_5class_cw,0.0667,5,0.7736426543647977,0.568848022057152,0.12894206254777268,0.9714756461744414,0.8273458445040215,0.6588186699710863,0.07902946273830155,0.1791044776119403,0.07447657913413769,0.004155495978552248,False,0.0012391573729864103,False,-0.005199306759098785,False,0.0,False
nsl_kdd_v2,dnn_5class_cw,0.0667,6,0.7763041163946061,0.5770549471600361,0.12777560056719647,0.9712696941612604,0.8316353887399464,0.6579925650557621,0.08977469670710572,0.19402985074626866,0.07146025550035486,-0.00013404825737262094,False,0.0020652622883106098,False,-0.015944540727902953,False,-0.014925373134328374,False
nsl_kdd_v2,dnn_5class_cw,0.0667,7,0.7726224272533712,0.5596226408355265,0.12938232081343454,0.9714756461744414,0.8264075067024129,0.6617100371747212,0.07175043327556326,0.14925373134328357,0.07558552164655784,0.005093833780160817,False,-0.00165220983064851,False,0.002079722703639514,False,0.02985074626865672,False
nsl_kdd_v2,dnn_5class_cw,0.0667,8,0.7742193044712562,0.5670825529548255,0.1283443449592833,0.9714756461744414,0.8315013404825737,0.6600578273440727,0.07175043327556326,0.1791044776119403,0.07381121362668559,0.0,False,0.0,False,0.002079722703639514,False,0.0,False
nsl_kdd_v2,dnn_5class_cw,0.0667,9,0.7763041163946061,0.5735289041364399,0.12616642035202472,0.9711667181546699,0.8308310991957104,0.6617100371747212,0.08942807625649914,0.1791044776119403,0.07141589779985806,0.0006702412868633267,False,-0.00165220983064851,False,-0.015597920277296368,False,0.0,False
nsl_kdd_v2,dnn_5class_cw,0.0753,0,0.7726224272533712,0.5633996971430038,0.12212359395775796,0.9714756461744414,0.8272117962466488,0.6588186699710863,0.07175043327556326,0.16417910447761194,0.07562987934705465,0.00428954423592498,False,0.0012391573729864103,False,0.002079722703639514,False,0.014925373134328346,False
nsl_kdd_v2,dnn_5class_cw,0.0753,1,0.776570262597587,0.5737595522867915,0.12267236738186243,0.9711667181546699,0.8315013404825737,0.6617100371747212,0.08977469670710572,0.1791044776119403,0.07110539389638042,0.0,False,-0.00165220983064851,False,-0.015944540727902953,False,0.0,False
nsl_kdd_v2,dnn_5class_cw,0.0753,2,0.7764371894960965,0.5774850750539526,0.11961231497202011,0.9711667181546699,0.8309651474530831,0.6617100371747212,0.08977469670710572,0.19402985074626866,0.07123846699787083,0.0005361930294905948,False,-0.00165220983064851,False,-0.015944540727902953,False,-0.014925373134328374,False
nsl_kdd_v2,dnn_5class_cw,0.0753,3,0.7729772888573456,0.5666075076631234,0.11724754658896054,0.9714756461744414,0.8272117962466488,0.6617100371747212,0.07175043327556326,0.1791044776119403,0.07514194464158978,0.00428954423592498,False,-0.00165220983064851,False,0.002079722703639514,False,0.0,False
nsl_kdd_v2,dnn_5class_cw,0.0753,4,0.7749290276792051,0.5696868081250859,0.11841477663404222,0.9715786221810319,0.8315013404825737,0.6555142503097894,0.0807625649913345,0.1791044776119403,0.0731902058197303,0.0,False,0.004543577034283319,False,-0.006932409012131727,False,0.0,False
nsl_kdd_v2,dnn_5class_cw,0.0753,5,0.7751508161816891,0.5580916454228353,0.12757696778222144,0.9712696941612604,0.8281501340482573,0.6604708798017348,0.08942807625649914,0.11940298507462686,0.07274662881476224,0.0033512064343164116,False,-0.00041305245766209975,False,-0.015597920277296368,False,0.059701492537313425,False
nsl_kdd_v2,dnn_5class_cw,0.0753,6,0.7720901348474095,0.5672524425473926,0.11819405901547228,0.9714756461744414,0.8249329758713136,0.6604708798017348,0.07175043327556326,0.1791044776119403,0.07616217175301632,0.006568364611260091,False,-0.00041305245766209975,False,0.002079722703639514,False,0.0,False
nsl_kdd_v2,dnn_5class_cw,0.0753,7,0.774041873669269,0.564079017141199,0.12231973879813396,0.9714756461744414,0.8315013404825737,0.6588186699710863,0.07175043327556326,0.16417910447761194,0.07403300212916962,0.0,False,0.0012391573729864103,False,0.002079722703639514,False,0.014925373134328346,False
nsl_kdd_v2,dnn_5class_cw,0.0753,8,0.7743967352732435,0.5672682496993151,0.11589446724889677,0.9698280300689939,0.8281501340482573,0.6703841387856257,0.07902946273830155,0.16417910447761194,0.07230305180979418,0.0033512064343164116,False,-0.010326311441553049,False,-0.005199306759098785,False,0.014925373134328346,False
nsl_kdd_v2,dnn_5class_cw,0.0753,9,0.7763484740951029,0.5592627211451138,0.11896277150515627,0.9713726701678509,0.8315013404825737,0.6604708798017348,0.08977469670710572,0.11940298507462686,0.07163768630234209,0.0,False,-0.00041305245766209975,False,-0.015944540727902953,False,0.059701492537313425,False
nsl_kdd_v2,dnn_5class_cw,0.1,0,0.7764815471965933,0.5773220229365277,0.13651295088392187,0.9711667181546699,0.8315013404825737,0.6608839322593969,0.08942807625649914,0.19402985074626866,0.07119410929737402,0.0,False,-0.0008261049153241995,False,-0.015597920277296368,False,-0.014925373134328374,False
nsl_kdd_v2,dnn_5class_cw,0.1,1,0.7763041163946061,0.5733617279553637,0.13555004667009074,0.9712696941612604,0.8316353887399464,0.6579925650557621,0.09012131715771231,0.1791044776119403,0.07146025550035486,-0.00013404825737262094,False,0.0020652622883106098,False,-0.01629116117850954,False,0.0,False
nsl_kdd_v2,dnn_5class_cw,0.1,2,0.7710255500354861,0.5573600690067534,0.11237432258729088,0.9713726701678509,0.8316353887399464,0.6621230896323833,0.045060658578856154,0.1791044776119403,0.07696061036195884,-0.00013404825737262094,False,-0.0020652622883106098,False,0.028769497400346615,False,0.0,False
nsl_kdd_v2,dnn_5class_cw,0.1,3,0.7728442157558553,0.5478153763084539,0.13237094439074418,0.9716815981876222,0.8272117962466488,0.6617100371747212,0.07175043327556326,0.1044776119402985,0.07554116394606103,0.00428954423592498,False,-0.00165220983064851,False,0.002079722703639514,False,0.07462686567164178,False
nsl_kdd_v2,dnn_5class_cw,0.1,4,0.7743080198722498,0.5604952591939456,0.14459546474155321,0.9714756461744414,0.8315013404825737,0.6617100371747212,0.07175043327556326,0.14925373134328357,0.07381121362668559,0.0,False,-0.00165220983064851,False,0.002079722703639514,False,0.02985074626865672,False
nsl_kdd_v2,dnn_5class_cw,0.1,5,0.7730216465578424,0.5706649130262771,0.1251857981290223,0.9715786221810319,0.8276139410187667,0.6575795125981,0.07383015597920277,0.19402985074626866,0.07514194464158978,0.0038873994638070064,False,0.0024783147459727095,False,0.0,False,-0.014925373134328374,False
nsl_kdd_v2,dnn_5class_cw,0.1,6,0.7739975159687722,0.5585775705065388,0.13552719656942785,0.9709607661414891,0.8223860589812333,0.6600578273440727,0.09462738301559792,0.208955223880597,0.07128282469836764,0.009115281501340444,False,0.0,False,-0.020797227036395152,False,-0.02985074626865672,False
nsl_kdd_v2,dnn_5class_cw,0.1,7,0.7763484740951029,0.5634755173991877,0.10855502958677557,0.9710637421480794,0.8315013404825737,0.6604708798017348,0.08942807625649914,0.1791044776119403,0.0703513129879347,0.0,False,-0.00041305245766209975,False,-0.015597920277296368,False,0.0,False
nsl_kdd_v2,dnn_5class_cw,0.1,8,0.7743523775727467,0.5675563122027449,0.13671536927991282,0.9715786221810319,0.8316353887399464,0.6579925650557621,0.07383015597920277,0.1791044776119403,0.07372249822569198,-0.00013404825737262094,False,0.0020652622883106098,False,0.0,False,0.0,False
nsl_kdd_v2,dnn_5class_cw,0.1,9,0.7739088005677786,0.563996640093631,0.1297052257576421,0.9714756461744414,0.8312332439678284,0.6584056175134242,0.07175043327556326,0.16417910447761194,0.07421043293115685,0.0002680965147453529,False,0.00165220983064851,False,0.002079722703639514,False,0.014925373134328346,False
nsl_kdd_v2,rf_5class_smote,0.02,0,0.771513484740951,0.5343317167352964,0.1828706051497619,0.9718875502008032,0.8436997319034852,0.6683188764973151,0.012131715771230503,0.11940298507462686,0.0348207948899929,-0.00013404825737262094,False,-0.0041305245766212195,False,0.0,False,0.0,False
nsl_kdd_v2,rf_5class_smote,0.02,1,0.7715578424414479,0.5353507163922084,0.1809647301905811,0.9718875502008032,0.8435656836461126,0.6641883519206939,0.016291161178509532,0.11940298507462686,0.0348207948899929,0.0,False,0.0,False,-0.004159445407279029,False,0.0,False
nsl_kdd_v2,rf_5class_smote,0.02,2,0.7710699077359829,0.5336817563188161,0.1893853682525849,0.9718875502008032,0.8436997319034852,0.6641883519206939,0.012131715771230503,0.11940298507462686,0.03526437189496096,-0.00013404825737262094,False,0.0,False,0.0,False,0.0,False
nsl_kdd_v2,rf_5class_smote,0.02,3,0.7710255500354861,0.5336593752612855,0.19130605771046877,0.9718875502008032,0.8435656836461126,0.6641883519206939,0.012131715771230503,0.11940298507462686,0.03522001419446416,0.0,False,0.0,False,0.0,False,0.0,False
nsl_kdd_v2,rf_5class_smote,0.02,4,0.7710699077359829,0.533690543197624,0.1891695409100597,0.9718875502008032,0.8438337801608579,0.6637752994630318,0.012131715771230503,0.11940298507462686,0.03535308729595458,-0.0002680965147452419,False,0.00041305245766209975,False,0.0,False,0.0,False
nsl_kdd_v2,rf_5class_smote,0.02,5,0.7712473385379702,0.533915741534614,0.18931238142929874,0.9718875502008032,0.8442359249329758,0.6641883519206939,0.012131715771230503,0.11940298507462686,0.03544180269694819,-0.0006702412868632157,False,0.0,False,0.0,False,0.0,False
nsl_kdd_v2,rf_5class_smote,0.02,6,0.7710255500354861,0.5291426626059703,0.18321822861250997,0.9718875502008032,0.8438337801608579,0.6637752994630318,0.012131715771230503,0.1044776119402985,0.03530872959545777,-0.0002680965147452419,False,0.00041305245766209975,False,0.0,False,0.01492537313432836,False
nsl_kdd_v2,rf_5class_smote,0.02,7,0.7710255500354861,0.5336593752612855,0.19111347631011508,0.9718875502008032,0.8435656836461126,0.6641883519206939,0.012131715771230503,0.11940298507462686,0.03522001419446416,0.0,False,0.0,False,0.0,False,0.0,False
nsl_kdd_v2,rf_5class_smote,0.02,8,0.7710255500354861,0.5336593752612855,0.19057174953949188,0.9718875502008032,0.8435656836461126,0.6641883519206939,0.012131715771230503,0.11940298507462686,0.03522001419446416,0.0,False,0.0,False,0.0,False,0.0,False
nsl_kdd_v2,rf_5class_smote,0.02,9,0.7703158268275373,0.5281630132720458,0.19061293644680463,0.9719905262073937,0.8435656836461126,0.6575795125981,0.012131715771230503,0.1044776119402985,0.03579666430092264,0.0,False,0.006608839322593929,False,0.0,False,0.01492537313432836,False
nsl_kdd_v2,rf_5class_smote,0.05,0,0.771291696238467,0.5367352683732738,0.15545284567626347,0.9719905262073937,0.8411528150134048,0.6641883519206939,0.020103986135181974,0.11940298507462686,0.03433286018452803,0.002412868632707843,False,0.0,False,-0.007972270363951471,False,0.0,False
nsl_kdd_v2,rf_5class_smote,0.05,1,0.7714691270404542,0.5579288362300995,0.14437326116233198,0.9717845741942127,0.8443699731903486,0.6637752994630318,0.012131715771230503,0.208955223880597,0.03588537970191625,-0.0008042895442359477,False,0.00041305245766209975,False,0.0,False,-0.08955223880597014,False
nsl_kdd_v2,rf_5class_smote,0.05,2,0.7711586231369766,0.5337197366964725,0.1520761828265604,0.9717845741942127,0.8441018766756032,0.6641883519206939,0.012131715771230503,0.11940298507462686,0.03544180269694819,-0.0005361930294905948,False,0.0,False,0.0,False,0.0,False
nsl_kdd_v2,rf_5class_smote,0.05,3,0.7712473385379702,0.5294191026878815,0.14496540819626128,0.9718875502008032,0.8443699731903486,0.6641883519206939,0.012131715771230503,0.1044776119402985,0.035530518097941804,-0.0008042895442359477,False,0.0,False,0.0,False,0.01492537313432836,False
nsl_kdd_v2,rf_5class_smote,0.05,4,0.7508871540099361,0.5161808970419596,0.16455278607763132,0.9721964782205746,0.7823056300268096,0.664601404378356,0.012131715771230503,0.1044776119402985,0.014815471965933287,0.06126005361930298,False,-0.00041305245766209975,False,0.0,False,0.01492537313432836,False
nsl_kdd_v2,rf_5class_smote,0.05,5,0.7731990773598296,0.5185688769885275,0.16646701414444662,0.9715786221810319,0.8436997319034852,0.6869062370921107,0.012131715771230503,0.05970149253731343,0.034599006387508874,-0.00013404825737262094,False,-0.02271788517141682,False,0.0,False,0.05970149253731343,False
nsl_kdd_v2,rf_5class_smote,0.05,6,0.7705819730305181,0.5342237852594043,0.14546803298153937,0.9719905262073937,0.8403485254691689,0.664601404378356,0.016291161178509532,0.11940298507462686,0.03366749467707594,0.0032171581769436797,False,-0.00041305245766209975,False,-0.004159445407279029,False,0.0,False
nsl_kdd_v2,rf_5class_smote,0.05,7,0.7720457771469127,0.5315660935775156,0.138794446336769,0.9718875502008032,0.8438337801608579,0.6683188764973151,0.016291161178509532,0.1044776119402985,0.034554648687012066,-0.0002680965147452419,False,-0.0041305245766212195,False,-0.004159445407279029,False,0.01492537313432836,False
nsl_kdd_v2,rf_5class_smote,0.05,8,0.7518630234208659,0.5167099632714798,0.16220899177339917,0.9726083822469365,0.7908847184986595,0.6456009913258984,0.012131715771230503,0.1044776119402985,0.019339957416607524,0.05268096514745313,False,0.018587360594795488,False,0.0,False,0.01492537313432836,False
nsl_kdd_v2,rf_5class_smote,0.05,9,0.7716465578424414,0.5398249413160574,0.15557042374570193,0.9718875502008032,0.8435656836461126,0.664601404378356,0.016291161178509532,0.13432835820895522,0.03490951029098652,0.0,False,-0.00041305245766209975,False,-0.004159445407279029,False,-0.01492537313432836,False
nsl_kdd_v2,rf_5class_smote,0.0667,0,0.7720014194464159,0.5184682763649989,0.1271931852831173,0.9717845741942127,0.8441018766756032,0.6641883519206939,0.020103986135181974,0.05970149253731343,0.035486160397444996,-0.0005361930294905948,False,0.0,False,-0.007972270363951471,False,0.05970149253731343,False
nsl_kdd_v2,rf_5class_smote,0.0667,1,0.7693843151171044,0.5326085709465417,0.143792164254276,0.9719905262073937,0.8383378016085791,0.664601404378356,0.012131715771230503,0.11940298507462686,0.03326827537260468,0.005227882037533549,False,-0.00041305245766209975,False,0.0,False,0.0,False
nsl_kdd_v2,rf_5class_smote,0.0667,2,0.7714247693399574,0.5222163185758731,0.13213491708753622,0.9719905262073937,0.8442359249329758,0.6571664601404378,0.020103986135181974,0.07462686567164178,0.03615152590489709,-0.0006702412868632157,False,0.00702189178025614,False,-0.007972270363951471,False,0.04477611940298508,False
nsl_kdd_v2,rf_5class_smote,0.0667,3,0.7706263307310149,0.5329287562146462,0.13059010115308775,0.9717845741942127,0.8424932975871313,0.6641883519206939,0.012131715771230503,0.11940298507462686,0.03628459900638751,0.0010723860589813006,False,0.0,False,0.0,False,0.0,False
nsl_kdd_v2,rf_5class_smote,0.0667,4,0.7712029808374734,0.5293967330595682,0.13627193227302217,0.9718875502008032,0.8442359249329758,0.6641883519206939,0.012131715771230503,0.1044776119402985,0.035486160397444996,-0.0006702412868632157,False,0.0,False,0.0,False,0.01492537313432836,False
nsl_kdd_v2,rf_5class_smote,0.0667,5,0.7712029808374734,0.5338320332166386,0.1387275965796857,0.9718875502008032,0.8442359249329758,0.6637752994630318,0.012131715771230503,0.11940298507462686,0.035486160397444996,-0.0006702412868632157,False,0.00041305245766209975,False,0.0,False,0.0,False
nsl_kdd_v2,rf_5class_smote,0.0667,6,0.7712029808374734,0.5338443895638176,0.1451113249687994,0.9718875502008032,0.8442359249329758,0.6637752994630318,0.012131715771230503,0.11940298507462686,0.035486160397444996,-0.0006702412868632157,False,0.00041305245766209975,False,0.0,False,0.0,False
nsl_kdd_v2,rf_5class_smote,0.0667,7,0.771513484740951,0.5308378818484336,0.13337503061288014,0.9718875502008032,0.8435656836461126,0.6641883519206939,0.016291161178509532,0.1044776119402985,0.0347764371894961,0.0,False,0.0,False,-0.004159445407279029,False,0.01492537313432836,False
nsl_kdd_v2,rf_5class_smote,0.0667,8,0.7718239886444287,0.5310955883152975,0.1305285828455904,0.9717845741942127,0.8447721179624665,0.6637752994630318,0.016291161178509532,0.1044776119402985,0.03526437189496096,-0.0012064343163539215,False,0.00041305245766209975,False,-0.004159445407279029,False,0.01492537313432836,False
nsl_kdd_v2,rf_5class_smote,0.0667,9,0.7703601845280341,0.5284446444265127,0.13785142924210986,0.9718875502008032,0.8415549597855227,0.664601404378356,0.012131715771230503,0.1044776119402985,0.034465933286018456,0.002010723860589869,False,-0.00041305245766209975,False,0.0,False,0.01492537313432836,False
nsl_kdd_v2,rf_5class_smote,0.0753,0,0.7752838892831796,0.5389638848932666,0.1209106968750964,0.9719905262073937,0.8447721179624665,0.7026022304832714,0.009705372616984401,0.11940298507462686,0.03708303761533002,-0.0012064343163539215,False,-0.0384138785625775,False,0.002426343154246101,False,0.0,False
nsl_kdd_v2,rf_5class_smote,0.0753,1,0.7711142654364798,0.5337468731819941,0.13186608484422666,0.9718875502008032,0.8436997319034852,0.664601404378356,0.012131715771230503,0.11940298507462686,0.03530872959545777,-0.00013404825737262094,False,-0.00041305245766209975,False,0.0,False,0.0,False
nsl_kdd_v2,rf_5class_smote,0.0753,2,0.7708924769339958,0.5289981654009136,0.12026903070539449,0.9720935022139842,0.8436997319034852,0.6621230896323833,0.012131715771230503,0.1044776119402985,0.035042583392476935,-0.00013404825737262094,False,0.0020652622883106098,False,0.0,False,0.01492537313432836,False
nsl_kdd_v2,rf_5class_smote,0.0753,3,0.7710699077359829,0.5336817563188161,0.13104704177006005,0.9718875502008032,0.8436997319034852,0.6641883519206939,0.012131715771230503,0.11940298507462686,0.03526437189496096,-0.00013404825737262094,False,0.0,False,0.0,False,0.0,False
nsl_kdd_v2,rf_5class_smote,0.0753,4,0.7713360539389638,0.5338553827678542,0.13206258905963147,0.9717845741942127,0.8447721179624665,0.6637752994630318,0.012131715771230503,0.11940298507462686,0.03570794889992903,-0.0012064343163539215,False,0.00041305245766209975,False,0.0,False,0.0,False
nsl_kdd_v2,rf_5class_smote,0.0753,5,0.7705376153300213,0.5150119734179969,0.13431686586614253,0.9721964782205746,0.8435656836461126,0.6596447748864106,0.012478336221837088,0.05970149253731343,0.03535308729595458,0.0,False,0.004543577034283319,False,-0.00034662045060658564,False,0.05970149253731343,False
nsl_kdd_v2,rf_5class_smote,0.0753,6,0.7710699077359829,0.533690543197624,0.1265742886548222,0.9718875502008032,0.8438337801608579,0.6637752994630318,0.012131715771230503,0.11940298507462686,0.03535308729595458,-0.0002680965147452419,False,0.00041305245766209975,False,0.0,False,0.0,False
nsl_kdd_v2,rf_5class_smote,0.0753,7,0.7539034776437189,0.5064831749841447,0.13706064181327993,0.972711358253527,0.7935656836461126,0.6567534076827757,0.012478336221837088,0.05970149253731343,0.019073811213626685,0.050000000000000044,False,0.0074349442379182396,False,-0.00034662045060658564,False,0.05970149253731343,False
nsl_kdd_v2,rf_5class_smote,0.0753,8,0.7712473385379702,0.5295914505972175,0.12853645959770152,0.9718875502008032,0.843029490616622,0.6683188764973151,0.012131715771230503,0.1044776119402985,0.034554648687012066,0.0005361930294905948,False,-0.0041305245766212195,False,0.0,False,0.01492537313432836,False
nsl_kdd_v2,rf_5class_smote,0.0753,9,0.7549680624556423,0.5208449999491844,0.13234252644000255,0.9721964782205746,0.7951742627345845,0.6629491945477075,0.012131715771230503,0.1044776119402985,0.018985095812633072,0.04839142091152815,False,0.0012391573729864103,False,0.0,False,0.01492537313432836,False
nsl_kdd_v2,rf_5class_smote,0.1,0,0.7658800567778566,0.5325521870736347,0.16434149984799912,0.9719905262073937,0.8262734584450402,0.6641883519206939,0.016291161178509532,0.11940298507462686,0.028921220723917673,0.01729222520107243,False,0.0,False,-0.004159445407279029,False,0.0,False
nsl_kdd_v2,rf_5class_smote,0.1,1,0.7540809084457062,0.5239027693605847,0.20285332308137372,0.972505406240346,0.7946380697050939,0.6555142503097894,0.011438474870017331,0.11940298507462686,0.01960610361958836,0.048927613941018744,False,0.008674101610904539,False,0.0006932409012131713,False,0.0,False
nsl_kdd_v2,rf_5class_smote,0.1,2,0.7703601845280341,0.532127820593329,0.14796464701734366,0.9720935022139842,0.8435656836461126,0.6600578273440727,0.009705372616984401,0.11940298507462686,0.035619233498935414,0.0,False,0.0041305245766212195,False,0.002426343154246101,False,0.0,False
nsl_kdd_v2,rf_5class_smote,0.1,3,0.7711586231369766,0.5293192053839217,0.13431909413140197,0.9718875502008032,0.8442359249329758,0.6637752994630318,0.012131715771230503,0.1044776119402985,0.03544180269694819,-0.0006702412868632157,False,0.00041305245766209975,False,0.0,False,0.01492537313432836,False
nsl_kdd_v2,rf_5class_smote,0.1,4,0.7724893541518808,0.5194701173705156,0.1864486800553102,0.9718875502008032,0.8442359249329758,0.6674927715819909,0.020450606585788563,0.05970149253731343,0.03526437189496096,-0.0006702412868632157,False,-0.00330441966129702,False,-0.00831889081455806,False,0.05970149253731343,False
nsl_kdd_v2,rf_5class_smote,0.1,5,0.7698278921220724,0.5603856791843475,0.1885566026770104,0.972299454227165,0.8410187667560322,0.6563403552251136,0.012131715771230503,0.22388059701492538,0.03508694109297374,0.002546916890080464,False,0.00784799669558034,False,0.0,False,-0.10447761194029852,False
nsl_kdd_v2,rf_5class_smote,0.1,6,0.7667672107877928,0.5288538941325056,0.1456720500099994,0.9719905262073937,0.8304289544235925,0.664601404378356,0.012131715771230503,0.11940298507462686,0.03096167494677076,0.013136729222520072,False,-0.00041305245766209975,False,0.0,False,0.0,False
nsl_kdd_v2,rf_5class_smote,0.1,7,0.7715578424414479,0.5299233029145594,0.18440358416200392,0.9718875502008032,0.8442359249329758,0.6674927715819909,0.012131715771230503,0.1044776119402985,0.03508694109297374,-0.0006702412868632157,False,-0.00330441966129702,False,0.0,False,0.01492537313432836,False
nsl_kdd_v2,rf_5class_smote,0.1,8,0.771957061745919,0.5368031739622241,0.13674204014971214,0.9718875502008032,0.84343163538874,0.6637752994630318,0.020103986135181974,0.11940298507462686,0.03530872959545777,0.00013404825737262094,False,0.00041305245766209975,False,-0.007972270363951471,False,0.0,False
nsl_kdd_v2,rf_5class_smote,0.1,9,0.7720014194464159,0.5227783277177014,0.15412685094873824,0.9716815981876222,0.8441018766756032,0.6641883519206939,0.020103986135181974,0.07462686567164178,0.037038679914833214,-0.0005361930294905948,False,0.0,False,-0.007972270363951471,False,0.04477611940298508,False
nsl_kdd_v2,xgb_5class_smote,0.02,0,0.7853530872959545,0.5739132741139199,0.1724558710092902,0.9719905262073937,0.839142091152815,0.7059066501445683,0.0998266897746967,0.13432835820895522,0.0020848119233498937,0.0009383378016085686,False,0.0,False,0.0,False,0.0,False
nsl_kdd_v2,xgb_5class_smote,0.02,1,0.7879701916252662,0.5762520830092861,0.17126720686815233,0.9717845741942127,0.8411528150134048,0.7240809582817018,0.10051993067590988,0.13432835820895522,0.004125266146202981,-0.0010723860589811895,False,-0.0181743081371335,False,-0.0006932409012131713,False,0.0,False
nsl_kdd_v2,xgb_5class_smote,0.02,2,0.7855305180979418,0.5908636325269867,0.17313792172199802,0.9719905262073937,0.839142091152815,0.7059066501445683,0.0998266897746967,0.19402985074626866,0.0019073811213626685,0.0009383378016085686,False,0.0,False,0.0,False,-0.05970149253731344,False
nsl_kdd_v2,xgb_5class_smote,0.02,3,0.7853087295954577,0.5738905526922419,0.17244137033076284,0.9719905262073937,0.8390080428954424,0.7059066501445683,0.0998266897746967,0.13432835820895522,0.0021291696238466998,0.0010723860589811895,False,0.0,False,0.0,False,0.0,False
nsl_kdd_v2,xgb_5class_smote,0.02,4,0.785707948899929,0.5741091275854556,0.16941737878292437,0.9719905262073937,0.8403485254691689,0.7054935976869062,0.0998266897746967,0.13432835820895522,0.002528388928317956,-0.0002680965147453529,False,0.00041305245766209975,False,0.0,False,0.0,False
nsl_kdd_v2,xgb_5class_smote,0.02,5,0.7853974449964514,0.5739359938613822,0.1716520514276549,0.9719905262073937,0.8392761394101876,0.7059066501445683,0.0998266897746967,0.13432835820895522,0.0021291696238466998,0.0008042895442359477,False,0.0,False,0.0,False,0.0,False
nsl_kdd_v2,xgb_5class_smote,0.02,6,0.785486160397445,0.5739814283359115,0.16514016865655975,0.9719905262073937,0.839544235924933,0.7059066501445683,0.0998266897746967,0.13432835820895522,0.0022178850248403123,0.0005361930294905948,False,0.0,False,0.0,False,0.0,False
nsl_kdd_v2,xgb_5class_smote,0.02,7,0.7856635911994322,0.5740722772191508,0.1742240484796034,0.9719905262073937,0.8400804289544236,0.7059066501445683,0.0998266897746967,0.13432835820895522,0.0023953158268275373,0.0,False,0.0,False,0.0,False,0.0,False
nsl_kdd_v2,xgb_5class_smote,0.02,8,0.7854418026969482,0.5739587119351917,0.17534453420352092,0.9719905262073937,0.8394101876675604,0.7059066501445683,0.0998266897746967,0.13432835820895522,0.0021735273243435062,0.0006702412868632157,False,0.0,False,0.0,False,0.0,False
nsl_kdd_v2,xgb_5class_smote,0.02,9,0.7856635911994322,0.5740722772191508,0.16877385308808843,0.9719905262073937,0.8400804289544236,0.7059066501445683,0.0998266897746967,0.13432835820895522,0.0023953158268275373,0.0,False,0.0,False,0.0,False,0.0,False
nsl_kdd_v2,xgb_5class_smote,0.05,0,0.7849982256919801,0.573802271311165,0.1483751315948705,0.9724024302337555,0.8379356568364611,0.704667492771582,0.0998266897746967,0.13432835820895522,0.003016323633782825,0.00214477211796249,False,0.0012391573729862992,False,0.0,False,0.0,False
nsl_kdd_v2,xgb_5class_smote,0.05,1,0.7915631653655074,0.5840128448783709,0.13555503499253943,0.9715786221810319,0.8408847184986595,0.7608426270136307,0.09878682842287695,0.14925373134328357,0.010335344215755856,-0.0008042895442359477,False,-0.054935976869062375,False,0.001039861351819757,False,-0.014925373134328346,False
nsl_kdd_v2,xgb_5class_smote,0.05,2,0.7852200141944642,0.573562284561963,0.13620388644639106,0.9719905262073937,0.839142091152815,0.7059066501445683,0.09878682842287695,0.13432835820895522,0.0022178850248403123,0.0009383378016085686,False,0.0,False,0.001039861351819757,False,0.0,False
nsl_kdd_v2,xgb_5class_smote,0.05,3,0.7859740951029098,0.5742738952534888,0.13846210260372735,0.9718875502008032,0.8408847184986595,0.7067327550598926,0.0998266897746967,0.13432835820895522,0.0026171043293115683,-0.0008042895442359477,False,-0.0008261049153243105,False,0.0,False,0.0,False
nsl_kdd_v2,xgb_5class_smote,0.05,4,0.7851312987934705,0.5737751729162228,0.14515472584485192,0.9724024302337555,0.8380697050938338,0.7054935976869062,0.0998266897746967,0.13432835820895522,0.002661462029808375,0.002010723860589758,False,0.00041305245766209975,False,0.0,False,0.0,False
nsl_kdd_v2,xgb_5class_smote,0.05,5,0.7834013484740951,0.5683153044848921,0.13556733383543781,0.9719905262073937,0.8394101876675604,0.7059066501445683,0.08388214904679377,0.13432835820895522,0.004302696948190206,0.0006702412868632157,False,0.0,False,0.01594454072790294,False,0.0,False
nsl_kdd_v2,xgb_5class_smote,0.05,6,0.7874378992193045,0.5763863068395719,0.1345678775313133,0.9716815981876222,0.8427613941018767,0.7108632796365139,0.10363951473136915,0.13432835820895522,0.0022622427253371187,-0.002680965147453085,False,-0.00495662949194553,False,-0.003812824956672442,False,0.0,False
nsl_kdd_v2,xgb_5class_smote,0.05,7,0.7854418026969482,0.5739766515826872,0.1365293345954325,0.9719905262073937,0.8394101876675604,0.7059066501445683,0.0998266897746967,0.13432835820895522,0.0021735273243435062,0.0006702412868632157,False,0.0,False,0.0,False,0.0,False
nsl_kdd_v2,xgb_5class_smote,0.05,8,0.772444996451384,0.5670037896166032,0.15315471923468543,0.9731232622798888,0.7986595174262735,0.7059066501445683,0.0998266897746967,0.13432835820895522,0.01592441447835344,0.041420911528150084,False,0.0,False,0.0,False,0.0,False
nsl_kdd_v2,xgb_5class_smote,0.05,9,0.7857523066004258,0.6114556890697931,0.138373200543098,0.9718875502008032,0.8394101876675604,0.7063197026022305,0.09878682842287695,0.2835820895522388,0.001996096522356281,0.0006702412868632157,False,-0.00041305245766221077,False,0.001039861351819757,False,-0.14925373134328357,False
nsl_kdd_v2,xgb_5class_smote,0.0667,0,0.7839779985805536,0.5686915894087032,0.11767151610526738,0.9718875502008032,0.8410187667560322,0.7063197026022305,0.08422876949740035,0.13432835820895522,0.004701916252661462,-0.0009383378016085686,False,-0.00041305245766221077,False,0.015597920277296354,False,0.0,False
nsl_kdd_v2,xgb_5class_smote,0.0667,1,0.7822036905606813,0.5658485686835977,0.12292400731619497,0.9726083822469365,0.8375335120643431,0.7050805452292441,0.0779896013864818,0.13432835820895522,0.005766501064584812,0.002546916890080464,False,0.0008261049153241995,False,0.02183708838821491,False,0.0,False
nsl_kdd_v2,xgb_5class_smote,0.0667,2,0.7856635911994322,0.5744319867653167,0.12776159551359131,0.9719905262073937,0.8392761394101876,0.7071458075175547,0.10086655112651646,0.13432835820895522,0.0018630234208658622,0.0008042895442359477,False,-0.0012391573729864103,False,-0.001039861351819757,False,0.0,False
nsl_kdd_v2,xgb_5class_smote,0.0667,3,0.785264371894961,0.5738300663491342,0.1221662039570975,0.9719905262073937,0.8392761394101876,0.704667492771582,0.0998266897746967,0.13432835820895522,0.0024396735273243433,0.0008042895442359477,False,0.0012391573729862992,False,0.0,False,0.0,False
nsl_kdd_v2,xgb_5class_smote,0.0667,4,0.7853974449964514,0.5739494387240324,0.12176267048878893,0.9719905262073937,0.8392761394101876,0.7059066501445683,0.0998266897746967,0.13432835820895522,0.0021291696238466998,0.0008042895442359477,False,0.0,False,0.0,False,0.0,False
nsl_kdd_v2,xgb_5class_smote,0.0667,5,0.7871273953158269,0.5919633546732405,0.12830355797540868,0.9717845741942127,0.842627345844504,0.7108632796365139,0.0998266897746967,0.19402985074626866,0.0027945351312987934,-0.002546916890080464,False,-0.00495662949194553,False,0.0,False,-0.05970149253731344,False
nsl_kdd_v2,xgb_5class_smote,0.0667,6,0.7887242725337118,0.5936758952523815,0.11955212836156873,0.9717845741942127,0.8431635388739946,0.7240809582817018,0.0998266897746967,0.19402985074626866,0.004701916252661462,-0.0030831099195710587,False,-0.0181743081371335,False,0.0,False,-0.05970149253731344,False
nsl_kdd_v2,xgb_5class_smote,0.0667,7,0.7852200141944642,0.5736604070436564,0.12014367855925502,0.9719905262073937,0.8388739946380697,0.7063197026022305,0.09913344887348353,0.13432835820895522,0.0022622427253371187,0.0012064343163539215,False,-0.00041305245766221077,False,0.0006932409012131713,False,0.0,False
nsl_kdd_v2,xgb_5class_smote,0.0667,8,0.7856192334989354,0.5741467862801952,0.11835150273470078,0.9718875502008032,0.8411528150134048,0.701363073110285,0.10086655112651646,0.13432835820895522,0.0035042583392476934,-0.0010723860589811895,False,0.004543577034283319,False,-0.001039861351819757,False,0.0,False
nsl_kdd_v2,xgb_5class_smote,0.0667,9,0.7880589070262598,0.5929643985386959,0.11800026181834845,0.9717845741942127,0.8411528150134048,0.7240809582817018,0.0998266897746967,0.19402985074626866,0.004036550745209368,-0.0010723860589811895,False,-0.0181743081371335,False,0.0,False,-0.05970149253731344,False
nsl_kdd_v2,xgb_5class_smote,0.0753,0,0.7869943222143364,0.5751285957925287,0.11408380631657321,0.9716815981876222,0.8428954423592493,0.7108632796365139,0.0998266897746967,0.13432835820895522,0.002705819730305181,-0.002815013404825706,False,-0.00495662949194553,False,0.0,False,0.0,False
nsl_kdd_v2,xgb_5class_smote,0.0753,1,0.789833215046132,0.5774937459549345,0.11220979725644749,0.9715786221810319,0.842627345844504,0.7385377942998761,0.0998266897746967,0.13432835820895522,0.007762597586941093,-0.002546916890080464,False,-0.03263114415530777,False,0.0,False,0.0,False
nsl_kdd_v2,xgb_5class_smote,0.0753,2,0.7832682753726047,0.5683271882100676,0.11391260192643893,0.9719905262073937,0.839142091152815,0.7050805452292441,0.08422876949740035,0.13432835820895522,0.0044357700496806245,0.0009383378016085686,False,0.0008261049153241995,False,0.015597920277296354,False,0.0,False
nsl_kdd_v2,xgb_5class_smote,0.0753,3,0.7856635911994322,0.5740440874330246,0.1165092839629046,0.9719905262073937,0.8400804289544236,0.7059066501445683,0.0998266897746967,0.13432835820895522,0.002350958126330731,0.0,False,0.0,False,0.0,False,0.0,False
nsl_kdd_v2,xgb_5class_smote,0.0753,4,0.785486160397445,0.5908409111053086,0.11183637841923591,0.9719905262073937,0.8390080428954424,0.7059066501445683,0.0998266897746967,0.19402985074626866,0.0019517388218594747,0.0010723860589811895,False,0.0,False,0.0,False,-0.05970149253731344,False
nsl_kdd_v2,xgb_5class_smote,0.0753,5,0.7850869410929737,0.5734895302742935,0.11405658245605073,0.9724024302337555,0.8382037533512064,0.7059066501445683,0.09878682842287695,0.13432835820895522,0.002705819730305181,0.0018766756032171372,False,0.0,False,0.001039861351819757,False,0.0,False
nsl_kdd_v2,xgb_5class_smote,0.0753,6,0.7853087295954577,0.5738824584679431,0.1082324560760296,0.9719905262073937,0.839142091152815,0.7054935976869062,0.0998266897746967,0.13432835820895522,0.0022178850248403123,0.0009383378016085686,False,0.00041305245766209975,False,0.0,False,0.0,False
nsl_kdd_v2,xgb_5class_smote,0.0753,7,0.7850425833924769,0.5738429863255663,0.12772185533014688,0.9724024302337555,0.8380697050938338,0.704667492771582,0.0998266897746967,0.13432835820895522,0.003060681334279631,0.002010723860589758,False,0.0012391573729862992,False,0.0,False,0.0,False
nsl_kdd_v2,xgb_5class_smote,0.0753,8,0.7828690560681334,0.5666204521558564,0.11201875291230767,0.9719905262073937,0.8408847184986595,0.7034283353985956,0.0779896013864818,0.13432835820895522,0.006210078069552875,-0.0008042895442359477,False,0.0024783147459727095,False,0.02183708838821491,False,0.0,False
nsl_kdd_v2,xgb_5class_smote,0.0753,9,0.7851756564939674,0.5738416878569498,0.12078282660707573,0.9724024302337555,0.8380697050938338,0.7059066501445683,0.0998266897746967,0.13432835820895522,0.0026171043293115683,0.002010723860589758,False,0.0,False,0.0,False,0.0,False
nsl_kdd_v2,xgb_5class_smote,0.1,0,0.7782558552164656,0.5653891866084022,0.14103443729719897,0.972505406240346,0.8378016085790885,0.6422965716646014,0.09948006932409012,0.13432835820895522,0.01215400993612491,0.002278820375335111,False,0.06361007847996691,False,0.00034662045060658564,False,0.0,False
nsl_kdd_v2,xgb_5class_smote,0.1,1,0.7625975869410929,0.5724732194221842,0.1675030669848522,0.9735351663062507,0.7970509383378016,0.6162742668318877,0.09948006932409012,0.19402985074626866,0.031006032647267565,0.04302949061662198,False,0.08963238331268064,False,0.00034662045060658564,False,-0.05970149253731344,False
nsl_kdd_v2,xgb_5class_smote,0.1,2,0.7808286018452804,0.5613786147508557,0.1354005454603929,0.9719905262073937,0.8388739946380697,0.7059066501445683,0.06516464471403813,0.13432835820895522,0.006698012775017743,0.0012064343163539215,False,0.0,False,0.03466204506065858,False,0.0,False
nsl_kdd_v2,xgb_5class_smote,0.1,3,0.7850869410929737,0.573699337437849,0.15413595368973848,0.972299454227165,0.8382037533512064,0.7050805452292441,0.0998266897746967,0.13432835820895522,0.0026171043293115683,0.0018766756032171372,False,0.0008261049153241995,False,0.0,False,0.0,False
nsl_kdd_v2,xgb_5class_smote,0.1,4,0.7884137686302342,0.5741615819290401,0.14162940939445468,0.9716815981876222,0.8446380697050938,0.7108632796365139,0.10675909878682842,0.11940298507462686,0.0033268275372604684,-0.004557640750670222,False,-0.00495662949194553,False,-0.006932409012131713,False,0.01492537313432836,False
nsl_kdd_v2,xgb_5class_smote,0.1,5,0.7778566359119943,0.565076667319867,0.16472964927781128,0.9726083822469365,0.8386058981233244,0.6352746798843453,0.0998266897746967,0.13432835820895522,0.01370652945351313,0.0014745308310991634,False,0.07063197026022305,False,0.0,False,0.0,False
nsl_kdd_v2,xgb_5class_smote,0.1,6,0.764194464158978,0.5569850560119527,0.1677766636108182,0.9733292142930697,0.7958445040214477,0.6381660470879802,0.09878682842287695,0.13432835820895522,0.02705819730305181,0.0442359249329759,False,0.06774060305658813,False,0.001039861351819757,False,0.0,False
nsl_kdd_v2,xgb_5class_smote,0.1,7,0.7857966643009227,0.5740613508307706,0.1482097589368421,0.9718875502008032,0.8408847184986595,0.7050805452292441,0.0998266897746967,0.13432835820895522,0.0027945351312987934,-0.0008042895442359477,False,0.0008261049153241995,False,0.0,False,0.0,False
nsl_kdd_v2,xgb_5class_smote,0.1,8,0.7871717530163236,0.5738793331562283,0.1585138382733603,0.9717845741942127,0.8414209115281501,0.7240809582817018,0.09358752166377816,0.13432835820895522,0.005101135557132718,-0.0013404825737265424,False,-0.0181743081371335,False,0.0062391681109185415,False,0.0,False
nsl_kdd_v2,xgb_5class_smote,0.1,9,0.785264371894961,0.5738663539027106,0.14420834714170389,0.9719905262073937,0.8388739946380697,0.7059066501445683,0.0998266897746967,0.13432835820895522,0.0021735273243435062,0.0012064343163539215,False,0.0,False,0.0,False,0.0,False
nsl_kdd_v2,dnn_5class_smote,0.02,0,0.768541518807665,0.5574454744818274,0.18745364979001725,0.9709607661414891,0.8379356568364611,0.6100784799669559,0.05199306759098787,0.2835820895522388,0.02869943222143364,0.0,False,0.00784799669558034,False,0.0034662045060658564,False,0.0,False
nsl_kdd_v2,dnn_5class_smote,0.02,1,0.7706706884315118,0.5636782592174571,0.1857880617792704,0.9709607661414891,0.8379356568364611,0.6088393225939694,0.06967071057192374,0.2835820895522388,0.026082327892122073,0.0,False,0.00908715406856675,False,-0.014211438474870018,False,0.0,False
nsl_kdd_v2,dnn_5class_smote,0.02,2,0.7699609652235628,0.5600676793111754,0.18633112573770444,0.9709607661414891,0.8383378016085791,0.6179264766625362,0.05545927209705372,0.2835820895522388,0.02705819730305181,-0.00040214477211797384,False,0.0,False,0.0,False,0.0,False
nsl_kdd_v2,dnn_5class_smote,0.02,3,0.7698722498225692,0.5600497702910132,0.18623252369844998,0.9709607661414891,0.8380697050938338,0.6179264766625362,0.05545927209705372,0.2835820895522388,0.027235628105039034,-0.00013404825737273196,False,0.0,False,0.0,False,0.0,False
nsl_kdd_v2,dnn_5class_smote,0.02,4,0.7698278921220724,0.5605517333160331,0.1855167225771058,0.9710637421480794,0.8379356568364611,0.6179264766625362,0.05545927209705372,0.26865671641791045,0.027590489709013486,0.0,False,0.0,False,0.0,False,0.014925373134328346,False
nsl_kdd_v2,dnn_5class_smote,0.02,5,0.7698278921220724,0.5599996157310869,0.18543558655744413,0.9709607661414891,0.8379356568364611,0.6179264766625362,0.05545927209705372,0.2835820895522388,0.027235628105039034,0.0,False,0.0,False,0.0,False,0.0,False
nsl_kdd_v2,dnn_5class_smote,0.02,6,0.7699609652235628,0.56006737130862,0.18635972793772632,0.9709607661414891,0.8383378016085791,0.6179264766625362,0.05545927209705372,0.2835820895522388,0.027102555003548617,-0.00040214477211797384,False,0.0,False,0.0,False,0.0,False
nsl_kdd_v2,dnn_5class_smote,0.02,7,0.7698278921220724,0.5599996157310869,0.18714412077128395,0.9709607661414891,0.8379356568364611,0.6179264766625362,0.05545927209705372,0.2835820895522388,0.027235628105039034,0.0,False,0.0,False,0.0,False,0.0,False
nsl_kdd_v2,dnn_5class_smote,0.02,8,0.7698278921220724,0.5605517333160331,0.18664417656279988,0.9710637421480794,0.8379356568364611,0.6179264766625362,0.05545927209705372,0.26865671641791045,0.027590489709013486,0.0,False,0.0,False,0.0,False,0.014925373134328346,False
nsl_kdd_v2,dnn_5class_smote,0.02,9,0.7698278921220724,0.5599996157310869,0.18714211728531574,0.9709607661414891,0.8379356568364611,0.6179264766625362,0.05545927209705372,0.2835820895522388,0.027235628105039034,0.0,False,0.0,False,0.0,False,0.0,False
nsl_kdd_v2,dnn_5class_smote,0.05,0,0.7700053229240597,0.5601172128417906,0.1562184801109187,0.9709607661414891,0.8384718498659517,0.6179264766625362,0.05545927209705372,0.2835820895522388,0.02714691270404542,-0.0005361930294905948,False,0.0,False,0.0,False,0.0,False
nsl_kdd_v2,dnn_5class_smote,0.05,1,0.7698278921220724,0.5599996157310869,0.15625908810096198,0.9709607661414891,0.8379356568364611,0.6179264766625362,0.05545927209705372,0.2835820895522388,0.027235628105039034,0.0,False,0.0,False,0.0,False,0.0,False
nsl_kdd_v2,dnn_5class_smote,0.05,2,0.7696061036195884,0.5594109472721096,0.15722596170219436,0.9709607661414891,0.838739946380697,0.6133828996282528,0.05545927209705372,0.2835820895522388,0.027501774308019873,-0.0008042895442359477,False,0.00454357703428343,False,0.0,False,0.0,False
nsl_kdd_v2,dnn_5class_smote,0.05,3,0.7712473385379702,0.5607488108416278,0.15813931255106217,0.9709607661414891,0.8422252010723861,0.6179264766625362,0.05545927209705372,0.2835820895522388,0.025904897090134847,-0.00428954423592498,False,0.0,False,0.0,False,0.0,False
nsl_kdd_v2,dnn_5class_smote,0.05,4,0.7700940383250532,0.5607366195475428,0.15657839541379165,0.9709607661414891,0.8379356568364611,0.6179264766625362,0.057538994800693244,0.2835820895522388,0.026836408800567778,0.0,False,0.0,False,-0.0020797227036395208,False,0.0,False
nsl_kdd_v2,dnn_5class_smote,0.05,5,0.7696061036195884,0.5586330836336869,0.15683244307452907,0.9709607661414891,0.838739946380697,0.6183395291201983,0.051299826689774695,0.2835820895522388,0.027812278211497517,-0.0008042895442359477,False,-0.00041305245766209975,False,0.004159445407279028,False,0.0,False
nsl_kdd_v2,dnn_5class_smote,0.05,6,0.7700940383250532,0.5606990109259736,0.15653480977632195,0.9710637421480794,0.838739946380697,0.6179264766625362,0.05545927209705372,0.26865671641791045,0.02741305890702626,-0.0008042895442359477,False,0.0,False,0.0,False,0.014925373134328346,False
nsl_kdd_v2,dnn_5class_smote,0.05,7,0.7698722498225692,0.5606074851586278,0.15613582915755547,0.9710637421480794,0.8380697050938338,0.6179264766625362,0.05545927209705372,0.26865671641791045,0.027679205110007096,-0.00013404825737273196,False,0.0,False,0.0,False,0.014925373134328346,False
nsl_kdd_v2,dnn_5class_smote,0.05,8,0.7693843151171044,0.559343358772196,0.15796632586318496,0.9709607661414891,0.8379356568364611,0.6137959520859149,0.05545927209705372,0.2835820895522388,0.027812278211497517,0.0,False,0.0041305245766213305,False,0.0,False,0.0,False
nsl_kdd_v2,dnn_5class_smote,0.05,9,0.7697835344215755,0.5599317635760712,0.15724918825557493,0.9709607661414891,0.8379356568364611,0.617513424204874,0.05545927209705372,0.2835820895522388,0.027235628105039034,0.0,False,0.00041305245766221077,False,0.0,False,0.0,False
nsl_kdd_v2,dnn_5class_smote,0.0667,0,0.7684971611071683,0.5572157094421595,0.14137377110099092,0.9709607661414891,0.8379356568364611,0.61090458488228,0.05095320623916811,0.2835820895522388,0.029231724627395317,0.0,False,0.00702189178025614,False,0.004506065857885613,False,0.0,False
nsl_kdd_v2,dnn_5class_smote,0.0667,1,0.7687633073101491,0.5578796112359936,0.14125419826820954,0.9710637421480794,0.838739946380697,0.61090458488228,0.05095320623916811,0.26865671641791045,0.029143009226401704,-0.0008042895442359477,False,0.00702189178025614,False,0.004506065857885613,False,0.014925373134328346,False
nsl_kdd_v2,dnn_5class_smote,0.0667,2,0.7731103619588361,0.5733057047750416,0.13828415781783807,0.9691071980228607,0.8379356568364611,0.6282527881040892,0.07902946273830155,0.26865671641791045,0.022178850248403124,0.0,False,-0.010326311441553049,False,-0.02357019064124783,False,0.014925373134328346,False
nsl_kdd_v2,dnn_5class_smote,0.0667,3,0.7698278921220724,0.5599931190510545,0.13900859759734158,0.9709607661414891,0.8379356568364611,0.6179264766625362,0.05545927209705372,0.2835820895522388,0.027279985805535843,0.0,False,0.0,False,0.0,False,0.0,False
nsl_kdd_v2,dnn_5class_smote,0.0667,4,0.7697835344215755,0.5599131065357276,0.13992255681693816,0.9709607661414891,0.8380697050938338,0.6171003717472119,0.05545927209705372,0.2835820895522388,0.027368701206529452,-0.00013404825737273196,False,0.0008261049153243105,False,0.0,False,0.0,False
nsl_kdd_v2,dnn_5class_smote,0.0667,5,0.7703601845280341,0.5674048772841891,0.13991245214475626,0.9711667181546699,0.8412868632707775,0.6026435357290376,0.0634315424610052,0.26865671641791045,0.027368701206529452,-0.0033512064343164116,False,0.015282940933498579,False,-0.007972270363951477,False,0.014925373134328346,False
nsl_kdd_v2,dnn_5class_smote,0.0667,6,0.7691625266146203,0.5586549478656118,0.14153017754742417,0.9714756461744414,0.838739946380697,0.6071871127633209,0.05545927209705372,0.2835820895522388,0.02856635911994322,-0.0008042895442359477,False,0.01073936389921526,False,0.0,False,0.0,False
nsl_kdd_v2,dnn_5class_smote,0.0667,7,0.7693399574166075,0.5649012607297963,0.14054199241517804,0.9711667181546699,0.8379356568364611,0.6179264766625362,0.051299826689774695,0.26865671641791045,0.02905429382540809,0.0,False,0.0,False,0.004159445407279028,False,0.014925373134328346,False
nsl_kdd_v2,dnn_5class_smote,0.0667,8,0.7702271114265437,0.561082648760957,0.14094337732051046,0.9708577901348986,0.8379356568364611,0.6187525815778604,0.058232235701906415,0.2835820895522388,0.026525904897090134,0.0,False,-0.0008261049153241995,False,-0.002772963604852692,False,0.0,False
nsl_kdd_v2,dnn_5class_smote,0.0667,9,0.7700053229240597,0.5602185113495077,0.1391329951027127,0.9709607661414891,0.8383378016085791,0.6179264766625362,0.05580589254766031,0.2835820895522388,0.027235628105039034,-0.00040214477211797384,False,0.0,False,-0.00034662045060658564,False,0.0,False
nsl_kdd_v2,dnn_5class_smote,0.0753,0,0.7723562810503903,0.5679595422831831,0.13015868162657232,0.969416126042632,0.8379356568364611,0.6195786864931846,0.07902946273830155,0.2835820895522388,0.022755500354861603,0.0,False,-0.001652209830648399,False,-0.02357019064124783,False,0.0,False
nsl_kdd_v2,dnn_5class_smote,0.0753,1,0.7700940383250532,0.5601351118185359,0.13078111608108714,0.9709607661414891,0.838739946380697,0.6179264766625362,0.05545927209705372,0.2835820895522388,0.0269694819020582,-0.0008042895442359477,False,0.0,False,0.0,False,0.0,False
nsl_kdd_v2,dnn_5class_smote,0.0753,2,0.7691625266146203,0.5588744833050583,0.13308939076909015,0.9709607661414891,0.8383378016085791,0.610491532424618,0.05545927209705372,0.2835820895522388,0.02812278211497516,-0.00040214477211797384,False,0.0074349442379182396,False,0.0,False,0.0,False
nsl_kdd_v2,dnn_5class_smote,0.0753,3,0.772888573456352,0.5685637482660522,0.13429546098694808,0.9709607661414891,0.8379356568364611,0.6183395291201983,0.07902946273830155,0.2835820895522388,0.02386444286728176,0.0,False,-0.00041305245766209975,False,-0.02357019064124783,False,0.0,False
nsl_kdd_v2,dnn_5class_smote,0.0753,4,0.7698278921220724,0.5599812996372543,0.13141204817503555,0.9709607661414891,0.8380697050938338,0.617513424204874,0.05545927209705372,0.2835820895522388,0.027324343506032647,-0.00013404825737273196,False,0.00041305245766221077,False,0.0,False,0.0,False
nsl_kdd_v2,dnn_5class_smote,0.0753,5,0.7695173882185947,0.5566312448675257,0.13199116280374137,0.9709607661414891,0.8424932975871313,0.610491532424618,0.04748700173310225,0.2835820895522388,0.027812278211497517,-0.004557640750670222,False,0.0074349442379182396,False,0.00797227036395147,False,0.0,False
nsl_kdd_v2,dnn_5class_smote,0.0753,6,0.7661018452803406,0.5588545510277453,0.133863224209825,0.9710637421480794,0.8268096514745308,0.617513424204874,0.05545927209705372,0.26865671641791045,0.033179559971611074,0.011126005361930313,False,0.00041305245766221077,False,0.0,False,0.014925373134328346,False
nsl_kdd_v2,dnn_5class_smote,0.0753,7,0.7690738112136267,0.5646574453158312,0.13311508530206964,0.9711667181546699,0.8379356568364611,0.610491532424618,0.05545927209705372,0.26865671641791045,0.028921220723917673,0.0,False,0.0074349442379182396,False,0.0,False,0.014925373134328346,False
nsl_kdd_v2,dnn_5class_smote,0.0753,8,0.7691625266146203,0.5580557737414777,0.13252258067183842,0.9709607661414891,0.8380697050938338,0.617513424204874,0.05025996533795494,0.2835820895522388,0.028167139815471965,-0.00013404825737273196,False,0.00041305245766221077,False,0.005199306759098785,False,0.0,False
nsl_kdd_v2,dnn_5class_smote,0.0753,9,0.7708481192334989,0.5609233191422238,0.12832215016997356,0.9708577901348986,0.8412868632707775,0.6142090045435771,0.058232235701906415,0.2835820895522388,0.026037970191625265,-0.0033512064343164116,False,0.0037174721189591198,False,-0.002772963604852692,False,0.0,False
nsl_kdd_v2,dnn_5class_smote,0.1,0,0.7719127040454223,0.5631544156276833,0.10687822314848751,0.9707548141283081,0.8420911528150135,0.6158612143742255,0.0634315424610052,0.2835820895522388,0.024707239176721078,-0.004155495978552359,False,0.002065262288310721,False,-0.007972270363951477,False,0.0,False
nsl_kdd_v2,dnn_5class_smote,0.1,1,0.7721788502484032,0.5631589209463403,0.10571839617033121,0.9689012460096798,0.8383378016085791,0.6299049979347378,0.06967071057192374,0.2835820895522388,0.022178850248403124,-0.00040214477211797384,False,-0.011978521272201559,False,-0.014211438474870018,False,0.0,False
nsl_kdd_v2,dnn_5class_smote,0.1,2,0.7688963804116394,0.5565944431019049,0.10730548601219493,0.9710637421480794,0.8412868632707775,0.6088393225939694,0.04714038128249567,0.26865671641791045,0.029143009226401704,-0.0033512064343164116,False,0.00908715406856675,False,0.008318890814558055,False,0.014925373134328346,False
nsl_kdd_v2,dnn_5class_smote,0.1,3,0.7721344925479063,0.5664473962957379,0.10624338112757395,0.9697250540624035,0.8420911528150135,0.6245353159851301,0.06169844020797227,0.26865671641791045,0.023997515968772178,-0.004155495978552359,False,-0.006608839322593929,False,-0.0062391681109185484,False,0.014925373134328346,False
nsl_kdd_v2,dnn_5class_smote,0.1,4,0.7698722498225692,0.5606015815996424,0.10755302770966975,0.9710637421480794,0.8380697050938338,0.6179264766625362,0.05545927209705372,0.26865671641791045,0.02763484740951029,-0.00013404825737273196,False,0.0,False,0.0,False,0.014925373134328346,False
nsl_kdd_v2,dnn_5class_smote,0.1,5,0.7731103619588361,0.5684053305298491,0.10450929342549557,0.9715786221810319,0.8383378016085791,0.6154481619165634,0.08006932409012131,0.2835820895522388,0.02408623136976579,-0.00040214477211797384,False,0.0024783147459728205,False,-0.024610051993067587,False,0.0,False
nsl_kdd_v2,dnn_5class_smote,0.1,6,0.7692068843151171,0.5589555460291941,0.10707826509630919,0.9709607661414891,0.8383378016085791,0.61090458488228,0.05545927209705372,0.2835820895522388,0.028078424414478352,-0.00040214477211797384,False,0.00702189178025614,False,0.0,False,0.0,False
nsl_kdd_v2,dnn_5class_smote,0.1,7,0.7691625266146203,0.5625987001451197,0.10766854839272608,0.9710637421480794,0.8380697050938338,0.6113176373399422,0.05545927209705372,0.26865671641791045,0.028655074520936834,-0.00013404825737273196,False,0.00660883932259404,False,0.0,False,0.014925373134328346,False
nsl_kdd_v2,dnn_5class_smote,0.1,8,0.7684084457061746,0.5574429746181735,0.10768772832094849,0.9710637421480794,0.8380697050938338,0.6171003717472119,0.04471403812824957,0.26865671641791045,0.029497870830376152,-0.00013404825737273196,False,0.0008261049153243105,False,0.010745233968804155,False,0.014925373134328346,False
nsl_kdd_v2,dnn_5class_smote,0.1,9,0.7677874378992193,0.5642771247228177,0.10755728205575352,0.9711667181546699,0.83485254691689,0.6088393225939694,0.05511265164644714,0.2537313432835821,0.030784244144783535,0.0030831099195710587,False,0.00908715406856675,False,0.00034662045060658564,False,0.02985074626865669,False
unsw_nb15_v2,rf_5class_cw,0.02,0,0.7413214415152614,0.5555621769328412,0.06110696388001819,0.7394054054054054,0.022499388603570557,0.65444524323029,0.9349721550317827,0.5758293838862559,0.17561967192448905,0.0,False,-0.007428708363287795,False,0.0035439050458457855,False,0.0,False
unsw_nb15_v2,rf_5class_cw,0.02,1,0.7385480846504152,0.5522254591316379,0.05774388089059708,0.733,0.016140865737344093,0.65444524323029,0.9398661191427125,0.5758293838862559,0.17172751768802888,0.006358522866226464,False,-0.007428708363287795,False,-0.0013500590650840083,False,0.0,False
unsw_nb15_v2,rf_5class_cw,0.02,2,0.7397929436977041,0.5546872530408962,0.057326607772928806,0.7358918918918919,0.022499388603570557,0.6472561706206567,0.9385160600776284,0.5758293838862559,0.17398087014071634,0.0,False,-0.00023963575365448797,False,0.0,False,0.0,False
unsw_nb15_v2,rf_5class_cw,0.02,3,0.7390996044814926,0.5536524317166457,0.05717029748259686,0.7339189189189189,0.016140865737344093,0.6467768991133477,0.9429600045001969,0.523696682464455,0.17561967192448905,0.006358522866226464,False,0.00023963575365448797,False,-0.004443944422568458,False,0.05213270142180093,False
unsw_nb15_v2,rf_5class_cw,0.02,4,0.739115362190952,0.5541059370487285,0.0575716708451289,0.7346216216216216,0.022743947175348497,0.65444524323029,0.9369972436294088,0.5758293838862559,0.1722475221001875,-0.00024455857177793985,False,-0.007428708363287795,False,0.0015188164482196065,False,0.0,False
unsw_nb15_v2,rf_5class_cw,0.02,5,0.7407856793936434,0.5584550859494793,0.05743049233772864,0.737,0.023233064318904376,0.65444524323029,0.9390223322270349,0.5284360189573459,0.17544633712043617,-0.0007336757153338196,False,-0.007428708363287795,False,-0.0005062721494064615,False,0.04739336492891,False
unsw_nb15_v2,rf_5class_cw,0.02,6,0.7390523313531145,0.5548296497443108,0.05728574334630242,0.7338378378378378,0.022499388603570557,0.6546848789839445,0.9384035551555381,0.5758293838862559,0.17139660578938246,0.0,False,-0.007668344116942283,False,0.00011250492209036178,False,0.0,False
unsw_nb15_v2,rf_5class_cw,0.02,7,0.7390838467720332,0.5576134028137513,0.056999327051598915,0.7331621621621621,0.022499388603570557,0.65444524323029,0.9411036732857062,0.5284360189573459,0.17317722695828935,0.0,False,-0.007428708363287795,False,-0.002587613208077766,False,0.04739336492891,False
unsw_nb15_v2,rf_5class_cw,0.02,8,0.739698397440948,0.5550583201391361,0.05804652241860183,0.7356216216216216,0.022743947175348497,0.65444524323029,0.9369972436294088,0.5758293838862559,0.1728620727691023,-0.00024455857177793985,False,-0.007428708363287795,False,0.0015188164482196065,False,0.0,False
unsw_nb15_v2,rf_5class_cw,0.02,9,0.7403287058193221,0.5576444283264601,0.05857468066938645,0.7358918918918919,0.022499388603570557,0.6542056074766355,0.940034876525848,0.523696682464455,0.17503663667449298,0.0,False,-0.007189072609633307,False,-0.0015188164482196065,False,0.05213270142180093,False
unsw_nb15_v2,rf_5class_cw,0.05,0,0.7427396353666031,0.5561974506709921,0.08001677265717283,0.7428648648648649,0.020542920029347028,0.6546848789839445,0.9322720369016144,0.6161137440758294,0.1764075573974567,0.0019564685742235292,False,-0.007668344116942283,False,0.006244023176014024,False,-0.04028436018957349,False
unsw_nb15_v2,rf_5class_cw,0.05,1,0.7389577850963583,0.5542781010845248,0.07507954970863825,0.733081081081081,0.016140865737344093,0.6352743829379344,0.9467851718512685,0.5284360189573459,0.1760451300798916,0.006358522866226464,False,0.011742151929067801,False,-0.008269111773640092,False,0.04739336492891,False
unsw_nb15_v2,rf_5class_cw,0.05,2,0.7393202124139235,0.5524252350572894,0.0735862941553972,0.735027027027027,0.022499388603570557,0.6350347471842799,0.9415536929740677,0.5734597156398105,0.17574573360016388,0.0,False,0.011981787682722289,False,-0.003037632896439213,False,0.0023696682464454666,False
unsw_nb15_v2,rf_5class_cw,0.05,3,0.7411165912922898,0.5557978038302884,0.07419135714154727,0.7386756756756757,0.022743947175348497,0.6546848789839445,0.9356471845643247,0.5758293838862559,0.17574573360016388,-0.00024455857177793985,False,-0.007668344116942283,False,0.002868875513303726,False,0.0,False
unsw_nb15_v2,rf_5class_cw,0.05,4,0.7419359921841762,0.5533767161965502,0.07565158520002148,0.7412972972972973,0.016140865737344093,0.6376707404744788,0.9376722731619508,0.6161137440758294,0.1790233371677093,0.006358522866226464,False,0.009345794392523366,False,0.0008437869156776578,False,-0.04028436018957349,False
unsw_nb15_v2,rf_5class_cw,0.05,5,0.7397771859882447,0.5527472522678103,0.07879441193837503,0.7364594594594595,0.022743947175348497,0.6470165348670022,0.9373910108567249,0.5710900473933649,0.17327177321504547,-0.00024455857177793985,False,0.0,False,0.0011250492209035068,False,0.004739336492891044,False
unsw_nb15_v2,rf_5class_cw,0.05,6,0.7388789965490616,0.5526299591964142,0.07515761866716607,0.7342972972972973,0.022743947175348497,0.6376707404744788,0.9408786634415256,0.5710900473933649,0.1742645089109847,-0.00024455857177793985,False,0.009345794392523366,False,-0.0023626033638971533,False,0.004739336492891044,False
unsw_nb15_v2,rf_5class_cw,0.05,7,0.739430516380139,0.5544990888879315,0.0791383485490828,0.7351081081081081,0.022743947175348497,0.6467768991133477,0.9389098273049445,0.5758293838862559,0.17260994941775262,-0.00024455857177793985,False,0.00023963575365448797,False,-0.0003937672273160997,False,0.0,False
unsw_nb15_v2,rf_5class_cw,0.05,8,0.7396668820220292,0.5545155650276887,0.07330344237591647,0.7357027027027027,0.01760821716801174,0.6376707404744788,0.9429600045001969,0.5284360189573459,0.17568270276232648,0.004891171435558818,False,0.009345794392523366,False,-0.004443944422568458,False,0.04739336492891,False
unsw_nb15_v2,rf_5class_cw,0.05,9,0.7392886969950048,0.554674546982614,0.07733109894831212,0.7345135135135135,0.022254830031792613,0.6546848789839445,0.9378972830061315,0.5758293838862559,0.17197964103937852,0.0002445585717779433,False,-0.007668344116942283,False,0.0006187770714969343,False,0.0,False
unsw_nb15_v2,rf_5class_cw,0.0667,0,0.7424087234679567,0.5550480929859626,0.08368606077697827,0.7419189189189189,0.022743947175348497,0.6472561706206567,0.9353659222590989,0.5710900473933649,0.17829848253257907,-0.00024455857177793985,False,-0.00023963575365448797,False,0.0031501378185295748,False,0.004739336492891044,False
unsw_nb15_v2,rf_5class_cw,0.0667,1,0.7385008115220372,0.5538139136127938,0.0769211081439833,0.7327027027027027,0.022743947175348497,0.6376707404744788,0.9427349946560162,0.5758293838862559,0.1733663194718016,-0.00024455857177793985,False,0.009345794392523366,False,-0.004218934578387734,False,0.0,False
unsw_nb15_v2,rf_5class_cw,0.0667,2,0.7418256882179607,0.5504874414897817,0.08568726982076394,0.7415675675675676,0.009293225727561751,0.6441409058231489,0.9378410305450864,0.5710900473933649,0.18015789224878273,0.013206162876008806,False,0.0028756290438533005,False,0.0006750295325420597,False,0.004739336492891044,False
unsw_nb15_v2,rf_5class_cw,0.0667,3,0.7398244591166228,0.5547024120067465,0.08363654924509109,0.7359729729729729,0.022499388603570557,0.6470165348670022,0.9385160600776284,0.5758293838862559,0.17404390097855377,0.0,False,0.0,False,0.0,False,0.0,False
unsw_nb15_v2,rf_5class_cw,0.0667,4,0.7415105340287735,0.5538782020999276,0.08522628499631783,0.7397297297297297,0.016140865737344093,0.6376707404744788,0.9414974405130224,0.5284360189573459,0.1803312270528356,0.006358522866226464,False,0.009345794392523366,False,-0.0029813804353939766,False,0.04739336492891,False
unsw_nb15_v2,rf_5class_cw,0.0667,5,0.7379020185625818,0.5523265166814251,0.07929928671586202,0.7332972972972973,0.022499388603570557,0.6546848789839445,0.9345783878044664,0.6113744075829384,0.171018420762358,0.0,False,-0.007668344116942283,False,0.003937672273161996,False,-0.03554502369668244,False
unsw_nb15_v2,rf_5class_cw,0.0667,6,0.7390996044814926,0.5551576850760912,0.07763112395354871,0.7338648648648649,0.022988505747126436,0.6546848789839445,0.9384035551555381,0.5758293838862559,0.1714438789177605,-0.0004891171435558797,False,-0.007668344116942283,False,0.00011250492209036178,False,0.0,False
unsw_nb15_v2,rf_5class_cw,0.0667,7,0.7378862608531224,0.5505485742752381,0.08435722849376698,0.7324594594594594,0.016140865737344093,0.6376707404744788,0.9425662372728807,0.5758293838862559,0.174500874552875,0.006358522866226464,False,0.009345794392523366,False,-0.004050177195252247,False,0.0,False
unsw_nb15_v2,rf_5class_cw,0.0667,8,0.7398087014071635,0.5542438375070533,0.0785706310716105,0.7359729729729729,0.022743947175348497,0.6470165348670022,0.9385160600776284,0.5710900473933649,0.1740281432690944,-0.00024455857177793985,False,0.0,False,0.0,False,0.004739336492891044,False
unsw_nb15_v2,rf_5class_cw,0.0667,9,0.7385480846504152,0.553979049826924,0.0836367683360161,0.7325135135135135,0.014184397163120567,0.6472561706206567,0.9441413061821454,0.5284360189573459,0.17418572036368793,0.00831499144044999,False,-0.00023963575365448797,False,-0.005625246104516979,False,0.04739336492891,False
unsw_nb15_v2,rf_5class_cw,0.0753,0,0.7416523534139078,0.5525111747453861,0.07698784485434206,0.7411081081081081,0.01491807287845439,0.6472561706206567,0.9360409517916409,0.5758293838862559,0.17864515214068483,0.007581315725116167,False,-0.00023963575365448797,False,0.002475108285987515,False,0.0,False
unsw_nb15_v2,rf_5class_cw,0.0753,1,0.7398717322450009,0.5570897486882446,0.07754404886377961,0.735,0.020298361457569088,0.6546848789839445,0.9405411486752545,0.5284360189573459,0.17270449567450874,0.002201027146001469,False,-0.007668344116942283,False,-0.002025088597626068,False,0.04739336492891,False
unsw_nb15_v2,rf_5class_cw,0.0753,2,0.7377917145963663,0.5513394473688364,0.08539936360631711,0.7311351351351352,0.016874541452677916,0.6371914689671699,0.9454351127861844,0.5545023696682464,0.1732245000866674,0.005624847150892641,False,0.00982506589983223,False,-0.006919052708555973,False,0.021327014218009532,False
unsw_nb15_v2,rf_5class_cw,0.0753,3,0.740502040623375,0.554427022674105,0.07823785445092074,0.7373783783783784,0.020542920029347028,0.6352743829379344,0.9423412274287,0.5284360189573459,0.177179685160965,0.0019564685742235292,False,0.011742151929067801,False,-0.0038251673510715234,False,0.04739336492891,False
unsw_nb15_v2,rf_5class_cw,0.0753,4,0.7382802035896062,0.5521052762935492,0.08137812897588408,0.7331081081081081,0.020298361457569088,0.6546848789839445,0.9376722731619508,0.5758293838862559,0.17002568506641874,0.002201027146001469,False,-0.007668344116942283,False,0.0008437869156776578,False,0.0,False
unsw_nb15_v2,rf_5class_cw,0.0753,5,0.7386583886166307,0.5510018789320859,0.08427074695412551,0.734,0.016385424309122036,0.6472561706206567,0.9398661191427125,0.5734597156398105,0.17461117851909047,0.006113964294448521,False,-0.00023963575365448797,False,-0.0013500590650840083,False,0.0023696682464454666,False
unsw_nb15_v2,rf_5class_cw,0.0753,6,0.7409274987787775,0.5551442664127564,0.08227785168851552,0.7381621621621621,0.022743947175348497,0.6472561706206567,0.9377847780840411,0.5758293838862559,0.17572997589070452,-0.00024455857177793985,False,-0.00023963575365448797,False,0.0007312819935872961,False,0.0,False
unsw_nb15_v2,rf_5class_cw,0.0753,7,0.7379492916909598,0.5523157031461438,0.08210422194174134,0.7322702702702703,0.018586451455123502,0.647495806374311,0.9415536929740677,0.523696682464455,0.1728620727691023,0.003912937148447055,False,-0.0004792715073088649,False,-0.003037632896439213,False,0.05213270142180093,False
unsw_nb15_v2,rf_5class_cw,0.0753,8,0.7391941507382487,0.553740164087925,0.0812845207820698,0.7344594594594595,0.016140865737344093,0.6357536544452432,0.944647578331552,0.5284360189573459,0.176643923039347,0.006358522866226464,False,0.011262880421758936,False,-0.006131518253923551,False,0.04739336492891,False
unsw_nb15_v2,rf_5class_cw,0.0753,9,0.742377208049038,0.5550799207003717,0.0816478530162474,0.742027027027027,0.02078747860112497,0.6467768991133477,0.9354784271811892,0.5758293838862559,0.1786136367217661,0.001711910002445586,False,0.00023963575365448797,False,0.003037632896439213,False,0.0,False
unsw_nb15_v2,rf_5class_cw,0.1,0,0.7410693181639116,0.5525837804589978,0.08893501169683925,0.7392972972972973,0.018586451455123502,0.6381500119817877,0.9390223322270349,0.5758293838862559,0.17582452214746064,0.003912937148447055,False,0.0088665228852145,False,-0.0005062721494064615,False,0.0,False
unsw_nb15_v2,rf_5class_cw,0.1,1,0.7363420053261058,0.5519072584007124,0.08732108311853509,0.7279729729729729,0.022988505747126436,0.6422238197939133,0.9438600438769196,0.5710900473933649,0.1687335528907518,-0.0004891171435558797,False,0.004792715073088871,False,-0.00534398379929113,False,0.004739336492891044,False
unsw_nb15_v2,rf_5class_cw,0.1,2,0.7360268511369188,0.5516274851834825,0.08036594659171173,0.727945945945946,0.022254830031792613,0.6470165348670022,0.9417224503572031,0.5758293838862559,0.1685602180866989,0.0002445585717779433,False,0.0,False,-0.0032063902795747,False,0.0,False
unsw_nb15_v2,rf_5class_cw,0.1,3,0.7382802035896062,0.5547270632522517,0.0894678864617791,0.7324324324324324,0.016140865737344093,0.6546848789839445,0.9411599257467514,0.5284360189573459,0.17579300672854195,0.006358522866226464,False,-0.007668344116942283,False,-0.0026438656691230022,False,0.04739336492891,False
unsw_nb15_v2,rf_5class_cw,0.1,4,0.739966278501757,0.5538061741227951,0.09101092920488592,0.7365675675675676,0.016140865737344093,0.6551641504912533,0.9385723125386736,0.523696682464455,0.17568270276232648,0.006358522866226464,False,-0.008147615624251148,False,-5.625246104512538e-05,False,0.05213270142180093,False
unsw_nb15_v2,rf_5class_cw,0.1,5,0.7377444414679882,0.5515199024918879,0.08494694153439696,0.7325135135135135,0.018586451455123502,0.6470165348670022,0.9382910502334477,0.6137440758293838,0.17093963221506123,0.003912937148447055,False,0.0,False,0.00022500984418072356,False,-0.03791469194312791,False
unsw_nb15_v2,rf_5class_cw,0.1,6,0.7430390318463308,0.553512318296534,0.0913116755273137,0.7433513513513513,0.016140865737344093,0.65444524323029,0.9344658828823761,0.5710900473933649,0.1781251477285262,0.006358522866226464,False,-0.007428708363287795,False,0.004050177195252358,False,0.004739336492891044,False
unsw_nb15_v2,rf_5class_cw,0.1,7,0.741888719055798,0.5526420284043856,0.09018231308705701,0.7408648648648649,0.016385424309122036,0.6462976276060388,0.9373910108567249,0.5710900473933649,0.17773120499204237,0.006113964294448521,False,0.0007189072609633529,False,0.0011250492209035068,False,0.004739336492891044,False
unsw_nb15_v2,rf_5class_cw,0.1,8,0.7411953798395865,0.5549622494080753,0.08959067277586205,0.7393783783783784,0.02078747860112497,0.6546848789839445,0.9349159025707374,0.5758293838862559,0.1757772490190826,0.001711910002445586,False,-0.007668344116942283,False,0.003600157506891022,False,0.0,False
unsw_nb15_v2,rf_5class_cw,0.1,9,0.736798978900427,0.5518009286053409,0.08162729397211414,0.7304324324324324,0.022988505747126436,0.6352743829379344,0.9418912077403386,0.5758293838862559,0.1744378437150376,-0.0004891171435558797,False,0.011742151929067801,False,-0.0033751476627101873,False,0.0,False
unsw_nb15_v2,xgb_5class_cw,0.02,0,0.7303855911504704,0.5731234225293516,0.07362285916045691,0.7208108108108108,0.0929322572756175,0.6731368320153367,0.9087022557236879,0.8009478672985783,0.15678920912056224,0.0026901442895573557,False,-0.00023963575365448797,False,-0.0007875344546324214,False,0.0,False
unsw_nb15_v2,xgb_5class_cw,0.02,1,0.7300231638329052,0.5736805552910129,0.07656709495153427,0.7198918918918918,0.09562240156517486,0.6728971962616822,0.908758508184733,0.8009478672985783,0.15712012101920864,0.0,False,0.0,False,-0.0008437869156775468,False,0.0,False
unsw_nb15_v2,xgb_5class_cw,0.02,2,0.730905595562629,0.5730824657332096,0.07506716644381586,0.7221351351351352,0.08999755441428223,0.6726575605080278,0.9085897508015975,0.8009478672985783,0.15751406375569246,0.005624847150892634,False,0.00023963575365437695,False,-0.0006750295325420597,False,0.0,False
unsw_nb15_v2,xgb_5class_cw,0.02,3,0.73063771450182,0.5736802686851243,0.07777180539991617,0.7214054054054054,0.09513328442161897,0.6721782890007189,0.9080834786521911,0.8009478672985783,0.15652132805975325,0.0004891171435558866,False,0.0007189072609633529,False,-0.00016875738313559818,False,0.0,False
unsw_nb15_v2,xgb_5class_cw,0.02,4,0.7291249743937221,0.5728860719777994,0.07426794087278138,0.7181351351351352,0.09513328442161897,0.6721782890007189,0.9094897901783203,0.8009478672985783,0.15839649548541623,0.0004891171435558866,False,0.0007189072609633529,False,-0.0015750689092648429,False,0.0,False
unsw_nb15_v2,xgb_5class_cw,0.02,5,0.7302122563464175,0.5720868421207281,0.07740506848298985,0.721,0.08975299584250428,0.6728971962616822,0.9084772458795072,0.8009478672985783,0.15678920912056224,0.005869405722670584,False,0.0,False,-0.0005625246104516979,False,0.0,False
unsw_nb15_v2,xgb_5class_cw,0.02,6,0.7320716660626211,0.5728410519843522,0.0738202617204016,0.7245945945945946,0.08999755441428223,0.6728971962616822,0.9075772065027845,0.8009478672985783,0.154457068120578,0.005624847150892634,False,0.0,False,0.0003375147662709743,False,0.0,False
unsw_nb15_v2,xgb_5class_cw,0.02,7,0.7299601329950678,0.5717130696550096,0.07626294907358079,0.7207297297297297,0.09562240156517486,0.6779295470884256,0.9053833605220228,0.8104265402843602,0.15488252627598054,0.0,False,-0.005032350826743359,False,0.0025313607470326405,False,-0.009478672985781977,False
unsw_nb15_v2,xgb_5class_cw,0.02,8,0.7305431682450639,0.5733016733774479,0.07574427290400795,0.7211081081081081,0.0929322572756175,0.6731368320153367,0.9086460032626428,0.8009478672985783,0.15696254392461512,0.0026901442895573557,False,-0.00023963575365448797,False,-0.0007312819935872961,False,0.0,False
unsw_nb15_v2,xgb_5class_cw,0.02,9,0.729518917130206,0.5719419293865173,0.07483371107245133,0.7194864864864865,0.08950843727072634,0.6726575605080278,0.9092647803341396,0.8009478672985783,0.15795527962055436,0.006113964294448521,False,0.00023963575365437695,False,-0.0013500590650841193,False,0.0,False
unsw_nb15_v2,xgb_5class_cw,0.05,0,0.7317722695828934,0.5744254751083442,0.08675154847694161,0.7235675675675676,0.09073123012961604,0.6709801102324466,0.9089272655678686,0.8009478672985783,0.157671640850286,0.004891171435558825,False,0.0019170860292355707,False,-0.001012544298813145,False,0.0,False
unsw_nb15_v2,xgb_5class_cw,0.05,1,0.7342935030963899,0.5746934069005545,0.08510391857488905,0.7278378378378378,0.09366593299095133,0.6726575605080278,0.9079709737301007,0.8009478672985783,0.1524715967286995,0.0019564685742235327,False,0.00023963575365437695,False,-5.62524610452364e-05,False,0.0,False
unsw_nb15_v2,xgb_5class_cw,0.05,2,0.7308740801437104,0.5743115371061662,0.0821515903902621,0.7216756756756757,0.09562240156517486,0.67169901749341,0.9083647409574169,0.8009478672985783,0.15608011219489135,0.0,False,0.0011981787682722178,False,-0.0004500196883614471,False,0.0,False
unsw_nb15_v2,xgb_5class_cw,0.05,3,0.7335686484612597,0.5748309128684023,0.08758376507413397,0.7268918918918919,0.09513328442161897,0.6738557392763,0.906733419587107,0.8009478672985783,0.152849781755724,0.0004891171435558866,False,-0.0009585430146178409,False,0.0011813016819485211,False,0.0,False
unsw_nb15_v2,xgb_5class_cw,0.05,4,0.7318825735491089,0.5771068626308928,0.08615408111978526,0.7228108108108108,0.09562240156517486,0.6721782890007189,0.9096585475614558,0.7938388625592417,0.15658435889759065,0.0,False,0.0007189072609633529,False,-0.00174382629240033,False,0.007109004739336511,False
unsw_nb15_v2,xgb_5class_cw,0.05,5,0.7278328422180552,0.5714216906358567,0.09555726296783029,0.716081081081081,0.09073123012961604,0.6788880901030434,0.9085897508015975,0.8009478672985783,0.15923165408676196,0.004891171435558825,False,-0.0059908938413612,False,-0.0006750295325420597,False,0.0,False
unsw_nb15_v2,xgb_5class_cw,0.05,6,0.7303383180220923,0.5759978251424505,0.09123028208519847,0.7202432432432433,0.09537784299339692,0.6728971962616822,0.90937728525623,0.7938388625592417,0.15712012101920864,0.0002445585717779364,False,0.0,False,-0.001462563987174481,False,0.007109004739336511,False
unsw_nb15_v2,xgb_5class_cw,0.05,7,0.7342147145490932,0.5753790835166693,0.09102367136582085,0.7283243243243244,0.09562240156517486,0.6731368320153367,0.90611464251561,0.8009478672985783,0.15144734561384157,0.0,False,-0.00023963575365448797,False,0.0018000787534454554,False,0.0,False
unsw_nb15_v2,xgb_5class_cw,0.05,8,0.7313468114274909,0.5738718635837884,0.08632735558551188,0.7227837837837838,0.09562240156517486,0.6714593817397556,0.9075772065027845,0.8104265402843602,0.1563637509651597,0.0,False,0.0014378145219265948,False,0.0003375147662709743,False,-0.009478672985781977,False
unsw_nb15_v2,xgb_5class_cw,0.05,9,0.7306692299207387,0.5725321051711699,0.09176521004898198,0.7217567567567568,0.09024211298606016,0.6738557392763,0.9081959835742813,0.8009478672985783,0.15620617387056618,0.005380288579114698,False,-0.0009585430146178409,False,-0.00028126230522584894,False,0.0,False
unsw_nb15_v2,xgb_5class_cw,0.0667,0,0.7318037850018121,0.5743912923523198,0.09304397075741347,0.7243243243243244,0.09660063585228662,0.6784088185957344,0.9043708162232098,0.8009478672985783,0.15307038968815492,-0.0009782342871117594,False,-0.005511622334052224,False,0.0035439050458456745,False,0.0,False
unsw_nb15_v2,xgb_5class_cw,0.0667,1,0.7290619435558847,0.5740989560222097,0.0889340063426243,0.7186486486486486,0.09170946441672781,0.67169901749341,0.90937728525623,0.7890995260663507,0.15866437654622523,0.0039129371484470515,False,0.0011981787682722178,False,-0.001462563987174481,False,0.011848341232227555,False
unsw_nb15_v2,xgb_5class_cw,0.0667,2,0.729786798191015,0.5742147251679002,0.08767024994533648,0.7183513513513513,0.09122034727317192,0.6721782890007189,0.9124711706137143,0.7938388625592417,0.1597831739178393,0.004402054292002938,False,0.0007189072609633529,False,-0.0045564493446588195,False,0.007109004739336511,False
unsw_nb15_v2,xgb_5class_cw,0.0667,3,0.7348450229274672,0.5762023308433198,0.09134863953873797,0.7292432432432432,0.0958669601369528,0.6702612029714834,0.9070709343533779,0.8009478672985783,0.151778257512488,-0.0002445585717779364,False,0.0026359932901988126,False,0.0008437869156775468,False,0.0,False
unsw_nb15_v2,xgb_5class_cw,0.0667,4,0.7324813665085643,0.5732942976492057,0.0883445816878524,0.7245945945945946,0.08901932012717045,0.6772106398274622,0.9082522360353266,0.8009478672985783,0.15488252627598054,0.006603081438004407,False,-0.004313443565780006,False,-0.00033751476627108534,False,0.0,False
unsw_nb15_v2,xgb_5class_cw,0.0667,5,0.7287467893666977,0.5715277504325577,0.0857113459923877,0.7176486486486486,0.09244314013206163,0.6721782890007189,0.9097710524835462,0.8009478672985783,0.15831770693811947,0.0031792614331132285,False,0.0007189072609633529,False,-0.0018563312144906918,False,0.0,False
unsw_nb15_v2,xgb_5class_cw,0.0667,6,0.7359638202990814,0.5740221441656603,0.0947256730862274,0.7257567567567568,0.08339447297627782,0.6750539180445723,0.9200652528548124,0.8009478672985783,0.1582389183908227,0.012227928588897041,False,-0.0021567217828900587,False,-0.012150531585756963,False,0.0,False
unsw_nb15_v2,xgb_5class_cw,0.0667,7,0.7337577409747719,0.5747588636276795,0.09155139490162903,0.7274594594594594,0.09513328442161897,0.6721782890007189,0.9066209146650166,0.8009478672985783,0.15215644253951247,0.0004891171435558866,False,0.0007189072609633529,False,0.001293806604038883,False,0.0,False
unsw_nb15_v2,xgb_5class_cw,0.0667,8,0.7331116748869384,0.5752203615519778,0.0921534852009923,0.7258648648648649,0.09073123012961604,0.6745746465372634,0.9081959835742813,0.7962085308056872,0.15387403287058193,0.004891171435558825,False,-0.0016774502755811938,False,-0.00028126230522584894,False,0.004739336492891044,False
unsw_nb15_v2,xgb_5class_cw,0.0667,9,0.7285734545626448,0.5745947559192988,0.0905374972909505,0.7164054054054054,0.09317681584739546,0.6726575605080278,0.9117398886201271,0.7890995260663507,0.1605553016813476,0.0024455857177794055,False,0.00023963575365437695,False,-0.0038251673510716344,False,0.011848341232227555,False
unsw_nb15_v2,xgb_5class_cw,0.0753,0,0.7370038291233986,0.5767284277720932,0.0963624021143876,0.7340540540540541,0.0929322572756175,0.6721782890007189,0.9049895932947066,0.8009478672985783,0.15037582137060557,0.0026901442895573557,False,0.0007189072609633529,False,0.002925127974348851,False,0.0,False
unsw_nb15_v2,xgb_5class_cw,0.0753,1,0.7293455823261531,0.5710820066352114,0.09025311967077883,0.721027027027027,0.0929322572756175,0.6815240833932422,0.9025707374697644,0.8009478672985783,0.1532437244922078,0.0026901442895573557,False,-0.008626887131560013,False,0.00534398379929113,False,0.0,False
unsw_nb15_v2,xgb_5class_cw,0.0753,2,0.7307165030491167,0.5748845642293317,0.09725213218821463,0.7204324324324324,0.0904866715578381,0.6683441169422478,0.912358665691624,0.8009478672985783,0.1613589448637746,0.005135730007336761,False,0.004553079319434383,False,-0.004443944422568569,False,0.0,False
unsw_nb15_v2,xgb_5class_cw,0.0753,3,0.7309371109815477,0.5730758258808839,0.09393493110535585,0.7222162162162162,0.08999755441428223,0.6728971962616822,0.9084772458795072,0.8009478672985783,0.15620617387056618,0.005624847150892634,False,0.0,False,-0.0005625246104516979,False,0.0,False
unsw_nb15_v2,xgb_5class_cw,0.0753,4,0.7291564898126408,0.5694456140601443,0.09244597241580725,0.7191351351351352,0.08486182440694547,0.6731368320153367,0.9096585475614558,0.8009478672985783,0.15776618710704213,0.010760577158229395,False,-0.00023963575365448797,False,-0.00174382629240033,False,0.0,False
unsw_nb15_v2,xgb_5class_cw,0.0753,5,0.7346244149950363,0.5767710801815487,0.09272895528012721,0.729081081081081,0.0929322572756175,0.6728971962616822,0.9068459245091973,0.7938388625592417,0.15171522667465057,0.0026901442895573557,False,0.0,False,0.0010687967598581594,False,0.007109004739336511,False
unsw_nb15_v2,xgb_5class_cw,0.0753,6,0.7288255779139944,0.5701586602229511,0.08791557339492197,0.7215945945945946,0.09513328442161897,0.6860771627126767,0.8979580356640603,0.8009478672985783,0.15168371125573188,0.0004891171435558866,False,-0.013179966450994507,False,0.009956685604995186,False,0.0,False
unsw_nb15_v2,xgb_5class_cw,0.0753,7,0.73112620349506,0.5720271864842396,0.09142840713771701,0.7223513513513513,0.09415505013450721,0.6752935537982266,0.9069584294312876,0.8175355450236966,0.15456737208679347,0.001467351430667646,False,-0.0023963575365444356,False,0.0009562918377679086,False,-0.016587677725118377,False
unsw_nb15_v2,xgb_5class_cw,0.0753,8,0.7314728731031658,0.5731408886934485,0.09182979980917118,0.723081081081081,0.0929322572756175,0.6728971962616822,0.9079709737301007,0.7985781990521327,0.15458312979625283,0.0026901442895573557,False,0.0,False,-5.62524610452364e-05,False,0.0023696682464455776,False
unsw_nb15_v2,xgb_5class_cw,0.0753,9,0.7369407982855612,0.5753263024393545,0.09402163478383,0.7334054054054054,0.0880410858400587,0.6776899113347712,0.9059458851324745,0.8009478672985783,0.15171522667465057,0.007581315725116167,False,-0.004792715073088982,False,0.0019688361365809426,False,0.0,False
unsw_nb15_v2,xgb_5class_cw,0.1,0,0.7273601109342746,0.5725364556977737,0.08838951986923627,0.714081081081081,0.09268769870383957,0.6707404744787923,0.9125274230747595,0.8009478672985783,0.1642426056948362,0.002934702861335292,False,0.0021567217828899476,False,-0.004612701805704056,False,0.0,False
unsw_nb15_v2,xgb_5class_cw,0.1,1,0.7294716440018278,0.5719847525018735,0.08429453853090527,0.7192432432432433,0.09146490584494986,0.6724179247543733,0.9092085278730945,0.8009478672985783,0.15786073336379824,0.004157495720225002,False,0.0004792715073088649,False,-0.001293806604038994,False,0.0,False
unsw_nb15_v2,xgb_5class_cw,0.1,2,0.7310474149477632,0.5738972344164639,0.08586638459757108,0.7222432432432433,0.09122034727317192,0.6779295470884256,0.9073521966586038,0.8009478672985783,0.15738800208001766,0.004402054292002938,False,-0.005032350826743359,False,0.0005625246104516979,False,0.0,False
unsw_nb15_v2,xgb_5class_cw,0.1,3,0.7244606923937537,0.5653797135494761,0.08568178542305553,0.7154864864864865,0.09073123012961604,0.6920680565540379,0.8946953929234404,0.8009478672985783,0.15188856147870344,0.004891171435558825,False,-0.019170860292355707,False,0.013219328345615122,False,0.0,False
unsw_nb15_v2,xgb_5class_cw,0.1,4,0.7294401285829092,0.5720558694928751,0.08534406103152443,0.7190540540540541,0.09660063585228662,0.6714593817397556,0.9081959835742813,0.8151658767772512,0.15741951749893635,-0.0009782342871117594,False,0.0014378145219265948,False,-0.00028126230522584894,False,-0.01421800947867291,False
unsw_nb15_v2,xgb_5class_cw,0.1,5,0.7287625470761571,0.5691548399670672,0.08718840237842436,0.721945945945946,0.09562240156517486,0.6855978912053678,0.8964954716768858,0.8222748815165877,0.15061218701249587,0.0,False,-0.012700694943685642,False,0.011419249592169667,False,-0.02132701421800942,False
unsw_nb15_v2,xgb_5class_cw,0.1,6,0.7313625691369503,0.5729879357364236,0.08572817623618015,0.715945945945946,0.08339447297627782,0.6721782890007189,0.9247342071215615,0.8009478672985783,0.16778809032319061,0.012227928588897041,False,0.0007189072609633529,False,-0.016819485852506033,False,0.0,False
unsw_nb15_v2,xgb_5class_cw,0.1,7,0.7302437717653362,0.5757901208693416,0.08291913713917647,0.7204054054054054,0.09684519442406456,0.6731368320153367,0.9081959835742813,0.7985781990521327,0.1570728478908306,-0.0012227928588896958,False,-0.00023963575365448797,False,-0.00028126230522584894,False,0.0023696682464455776,False
unsw_nb15_v2,xgb_5class_cw,0.1,8,0.7320086352247838,0.5762989441054555,0.08332478864519068,0.7235675675675676,0.09562240156517486,0.6700215672178289,0.9089272655678686,0.7985781990521327,0.15507161878949277,0.0,False,0.0028756290438533005,False,-0.001012544298813145,False,0.0023696682464455776,False
unsw_nb15_v2,xgb_5class_cw,0.1,9,0.726131009596445,0.5703325725989739,0.08543122120518178,0.7132702702702702,0.09097578870139399,0.6721782890007189,0.9098835574056365,0.8009478672985783,0.16192622240431132,0.004646612863780875,False,0.0007189072609633529,False,-0.0019688361365810536,False,0.0,False
unsw_nb15_v2,dnn_5class_cw,0.02,0,0.6642032114211878,0.474971593038337,0.11071831989652585,0.608945945945946,0.019320127170457325,0.67169901749341,0.9282218597063622,0.5616113744075829,0.2559682324577299,0.0,False,0.007189072609633418,False,-0.0025313607470327515,False,0.0,False
unsw_nb15_v2,dnn_5class_cw,0.02,1,0.6626747136036306,0.47318319163265377,0.11096745435421998,0.609,0.019320127170457325,0.6875149772346034,0.9182089216403218,0.5924170616113744,0.25079970375506216,0.0,False,-0.008626887131560013,False,0.007481577319007671,False,-0.03080568720379151,False
unsw_nb15_v2,dnn_5class_cw,0.02,2,0.657427396353666,0.47201007531022016,0.11668568732964531,0.5948918918918918,0.019320127170457325,0.6700215672178289,0.9336783484277437,0.5616113744075829,0.26521800791037015,0.0,False,0.0088665228852145,False,-0.007987849468414243,False,0.0,False
unsw_nb15_v2,dnn_5class_cw,0.02,3,0.6573958809347473,0.472064361244351,0.11654895099037102,0.5948648648648649,0.019320127170457325,0.6700215672178289,0.9337346008887889,0.556872037914692,0.26592710483604104,0.0,False,0.0088665228852145,False,-0.00804410192945948,False,0.004739336492890933,False
unsw_nb15_v2,dnn_5class_cw,0.02,4,0.6640613920360536,0.47442393660577775,0.10920222083995128,0.6084864864864865,0.019320127170457325,0.6697819314641744,0.9291218990830848,0.5616113744075829,0.25603126329556736,0.0,False,0.009106158638868989,False,-0.0034314001237554237,False,0.0,False
unsw_nb15_v2,dnn_5class_cw,0.02,5,0.6570176959077229,0.4712816799757066,0.11651558156617998,0.5948648648648649,0.01785277573978968,0.6788880901030434,0.9305282106092142,0.5616113744075829,0.26353193299821936,0.001467351430667646,False,0.0,False,-0.004837711649884779,False,0.0,False
unsw_nb15_v2,dnn_5class_cw,0.02,6,0.6570649690361009,0.4718154540163354,0.11740356388028682,0.5949189189189189,0.019320127170457325,0.67816918284208,0.930471958148169,0.5592417061611374,0.26394163344416255,0.0,False,0.0007189072609633529,False,-0.004781459188839543,False,0.0023696682464454666,False
unsw_nb15_v2,dnn_5class_cw,0.02,7,0.6570964844550197,0.4718504520106682,0.1170121852040398,0.5949189189189189,0.019320127170457325,0.6788880901030434,0.9303594532260786,0.5616113744075829,0.2633901136130852,0.0,False,0.0,False,-0.004668954266749181,False,0.0,False
unsw_nb15_v2,dnn_5class_cw,0.02,8,0.6650856431509116,0.476828272902537,0.10980604819257257,0.608945945945946,0.019320127170457325,0.6709801102324466,0.9320470270574338,0.5402843601895735,0.2570555144104253,0.0,False,0.00790797987059677,False,-0.006356528098104386,False,0.02132701421800942,False
unsw_nb15_v2,dnn_5class_cw,0.02,9,0.6555207135090844,0.47066611258497437,0.11944490561640078,0.5936216216216216,0.02152115431645879,0.6788880901030434,0.9262530235697812,0.590047393364929,0.26253919730228015,-0.0022010271460014656,False,0.0,False,-0.0005625246104518089,False,-0.028436018957346043,False
unsw_nb15_v2,dnn_5class_cw,0.05,0,0.6563243566915113,0.46969593577354896,0.11750006522402975,0.5949189189189189,0.018341892883345562,0.6714593817397556,0.9289531416999494,0.5876777251184834,0.26334284048470713,0.0009782342871117629,False,0.007428708363287795,False,-0.0032626427406199365,False,-0.026066350710900466,False
unsw_nb15_v2,dnn_5class_cw,0.05,1,0.6626116827657932,0.47583181003595876,0.11106985108133646,0.6022702702702702,0.02103203717290291,0.6688233884495567,0.9373347583956798,0.5355450236966824,0.26551740439009786,-0.001711910002445586,False,0.010064701653486718,False,-0.01164425943635039,False,0.026066350710900466,False
unsw_nb15_v2,dnn_5class_cw,0.05,2,0.664833519799562,0.47824177036209814,0.10941174735162638,0.6091891891891892,0.019320127170457325,0.6776899113347712,0.9291781515441301,0.5355450236966824,0.2579221884306897,0.0,False,0.0011981787682722178,False,-0.00348765258480066,False,0.026066350710900466,False
unsw_nb15_v2,dnn_5class_cw,0.05,3,0.6659365594617166,0.4790315853638011,0.11035762522398886,0.6092162162162162,0.01785277573978968,0.67816918284208,0.9342408730381955,0.495260663507109,0.2581270386536613,0.001467351430667646,False,0.0007189072609633529,False,-0.008550374078866052,False,0.0663507109004739,False
unsw_nb15_v2,dnn_5class_cw,0.05,4,0.6551110130631411,0.46781233805140826,0.11995862934848735,0.594945945945946,0.02127659574468085,0.6700215672178289,0.923552905439613,0.6161137440758294,0.2608846378090481,-0.0019564685742235258,False,0.0088665228852145,False,0.0021375935197164297,False,-0.05450236966824651,False
unsw_nb15_v2,dnn_5class_cw,0.05,5,0.665148673988749,0.4717620198565295,0.1101390657710324,0.609027027027027,0.020298361457569088,0.6726575605080278,0.9314845024469821,0.5402843601895735,0.24873544381588691,-0.0009782342871117629,False,0.006230529595015577,False,-0.005794003487652688,False,0.02132701421800942,False
unsw_nb15_v2,dnn_5class_cw,0.05,6,0.6550637399347631,0.4715747676872583,0.11958240919912612,0.5904594594594594,0.020298361457569088,0.6779295470884256,0.9325532992068403,0.5545023696682464,0.26709317533603316,-0.0009782342871117629,False,0.0009585430146178409,False,-0.006862800247510847,False,0.007109004739336511,False
unsw_nb15_v2,dnn_5class_cw,0.05,7,0.6658892863333385,0.4828635386491338,0.1083827307394929,0.6091351351351352,0.019320127170457325,0.6867960699736401,0.9319345221353434,0.4928909952606635,0.2590725012212225,0.0,False,-0.00790797987059666,False,-0.006244023176014024,False,0.06872037914691942,False
unsw_nb15_v2,dnn_5class_cw,0.05,8,0.6575534580293408,0.4659741821711022,0.1150718022993059,0.5955405405405405,0.016874541452677916,0.6815240833932422,0.9307532204533948,0.556872037914692,0.2559524747482706,0.002445585717779409,False,-0.0026359932901988126,False,-0.005062721494065392,False,0.004739336492890933,False
unsw_nb15_v2,dnn_5class_cw,0.05,9,0.6577898236712312,0.47336792556557883,0.11748646654800357,0.5948378378378378,0.01785277573978968,0.6788880901030434,0.9338471058108793,0.5402843601895735,0.26507618852523596,0.001467351430667646,False,0.0,False,-0.008156606851549841,False,0.02132701421800942,False
unsw_nb15_v2,dnn_5class_cw,0.0667,0,0.6557570791509746,0.47097960797842947,0.12073714710433568,0.5937837837837838,0.02127659574468085,0.6875149772346034,0.9253529841930584,0.566350710900474,0.26140464222120674,-0.0019564685742235258,False,-0.008626887131560013,False,0.0003375147662709743,False,-0.004739336492891044,False
unsw_nb15_v2,dnn_5class_cw,0.0667,1,0.66171349332661,0.47103300238326273,0.11755501852854809,0.609,0.02127659574468085,0.6791277258566978,0.9157338133543342,0.6161137440758294,0.2504530341469564,-0.0019564685742235258,False,-0.00023963575365437695,False,0.009956685604995186,False,-0.05450236966824651,False
unsw_nb15_v2,dnn_5class_cw,0.0667,2,0.6645026079009155,0.4750850581359664,0.11372203897099459,0.6097837837837838,0.02127659574468085,0.66954229571052,0.9275468301738201,0.5639810426540285,0.2545185231874695,-0.0019564685742235258,False,0.009345794392523366,False,-0.0018563312144906918,False,-0.0023696682464455776,False
unsw_nb15_v2,dnn_5class_cw,0.0667,3,0.664297757677944,0.4743613308329088,0.11144330005642598,0.6087027027027027,0.019320127170457325,0.6685837526959022,0.9299094335377173,0.556872037914692,0.25626762893745764,0.0,False,0.010304337407141206,False,-0.004218934578387845,False,0.004739336492890933,False
unsw_nb15_v2,dnn_5class_cw,0.0667,4,0.6579631584752841,0.4679126799655249,0.11916296049378948,0.5949189189189189,0.016874541452677916,0.6815240833932422,0.9339033582719244,0.5402843601895735,0.2572603646333969,0.002445585717779409,False,-0.0026359932901988126,False,-0.008212859312594967,False,0.02132701421800942,False
unsw_nb15_v2,dnn_5class_cw,0.0667,5,0.6636516915901105,0.468713290121024,0.11474993035263714,0.6082702702702703,0.021765712888236734,0.6748142822909178,0.9262530235697812,0.566350710900474,0.24635602968752462,-0.002445585717779409,False,0.004073807812125629,False,-0.0005625246104518089,False,-0.004739336492891044,False
unsw_nb15_v2,dnn_5class_cw,0.0667,6,0.66220198231985,0.46957441302938613,0.11613173162209357,0.6091351351351352,0.010271460014673514,0.6870357057272946,0.9184339314845025,0.5924170616113744,0.25144576984289563,0.009048667155783811,False,-0.008147615624251148,False,0.007256567474826947,False,-0.03080568720379151,False
unsw_nb15_v2,dnn_5class_cw,0.0667,7,0.6573170923874505,0.47116125935536807,0.12212048266382941,0.5949189189189189,0.018341892883345562,0.66954229571052,0.9335658435056534,0.5616113744075829,0.26504467310631724,0.0009782342871117629,False,0.009345794392523366,False,-0.007875344546323992,False,0.0,False
unsw_nb15_v2,dnn_5class_cw,0.0667,8,0.6574746694820441,0.4661822789430799,0.12019182560348676,0.5957027027027028,0.01760821716801174,0.6743350107836089,0.9310344827586207,0.5829383886255924,0.2559682324577299,0.001711910002445586,False,0.004553079319434494,False,-0.005343983799291241,False,-0.021327014218009532,False
unsw_nb15_v2,dnn_5class_cw,0.0667,9,0.6551267707726005,0.4715312802508674,0.12362710523254403,0.5904594594594594,0.01785277573978968,0.6712197459861011,0.9348033976486472,0.5592417061611374,0.2700241092954728,0.001467351430667646,False,0.007668344116942283,False,-0.00911289868931775,False,0.0023696682464454666,False
unsw_nb15_v2,dnn_5class_cw,0.0753,0,0.6610831849482359,0.47126401340776153,0.11626653877050547,0.6092162162162162,0.02714600146735143,0.6776899113347712,0.9119086460032626,0.6208530805687204,0.24868817068750887,-0.007825874296894107,False,0.0011981787682722178,False,0.01378185295606682,False,-0.05924170616113744,False
unsw_nb15_v2,dnn_5class_cw,0.0753,1,0.6711838767116812,0.48001238326458184,0.11376084778490277,0.6223243243243243,0.02714600146735143,0.6879942487419123,0.9195589807054059,0.566350710900474,0.25105182710641183,-0.007825874296894107,False,-0.009106158638868878,False,0.006131518253923551,False,-0.004739336492891044,False
unsw_nb15_v2,dnn_5class_cw,0.0753,2,0.664345030806322,0.475920374843079,0.11619363030576081,0.608945945945946,0.019320127170457325,0.6678648454349388,0.9297406761545818,0.556872037914692,0.2582531003293361,0.0,False,0.01102324466810456,False,-0.004050177195252358,False,0.004739336492890933,False
unsw_nb15_v2,dnn_5class_cw,0.0753,3,0.6531728147996407,0.4665238351615789,0.1265956911671442,0.5936216216216216,0.02714600146735143,0.6879942487419123,0.9137087247567081,0.6208530805687204,0.25519610469422166,-0.007825874296894107,False,-0.009106158638868878,False,0.011981774202621365,False,-0.05924170616113744,False
unsw_nb15_v2,dnn_5class_cw,0.0753,4,0.6641401805833504,0.47358814416620854,0.11580567407216273,0.6088918918918919,0.017119100024455856,0.6736161035226456,0.9282781121674073,0.556872037914692,0.25560580514016484,0.002201027146001469,False,0.005271986580397847,False,-0.002587613208077877,False,0.004739336492890933,False
unsw_nb15_v2,dnn_5class_cw,0.0753,5,0.6570964844550197,0.4727028155326572,0.12178368793736115,0.5968378378378378,0.016874541452677916,0.6834411694224778,0.9260280137256005,0.5545023696682464,0.2641622413765935,0.002445585717779409,False,-0.004553079319434383,False,-0.00033751476627108534,False,0.007109004739336511,False
unsw_nb15_v2,dnn_5class_cw,0.0753,6,0.6555364712185436,0.46819642740417666,0.1234963224184532,0.5948918918918918,0.01785277573978968,0.6884735202492211,0.9221465939134837,0.5947867298578199,0.25814279636312065,0.001467351430667646,False,-0.009585430146177742,False,0.0035439050458456745,False,-0.033175355450236976,False
unsw_nb15_v2,dnn_5class_cw,0.0753,7,0.6634625990765982,0.4743219184218119,0.12038492320491613,0.6088648648648649,0.019320127170457325,0.6877546129882578,0.9220340889913934,0.5592417061611374,0.252533051795591,0.0,False,-0.00886652288521439,False,0.0036564099679360362,False,0.0023696682464454666,False
unsw_nb15_v2,dnn_5class_cw,0.0753,8,0.6569546650698854,0.47229685496480445,0.1223459467429596,0.5936486486486486,0.024455857177794083,0.6884735202492211,0.9296281712324914,0.5379146919431279,0.25926159373473473,-0.005135730007336758,False,-0.009585430146177742,False,-0.003937672273161996,False,0.023696682464455,False
unsw_nb15_v2,dnn_5class_cw,0.0753,9,0.6639668457792975,0.4735257129915347,0.11441462439603536,0.6091351351351352,0.01785277573978968,0.6719386532470645,0.927209315407549,0.5639810426540285,0.2549754967617907,0.001467351430667646,False,0.00694943685597893,False,-0.0015188164482196065,False,-0.0023696682464455776,False
unsw_nb15_v2,dnn_5class_cw,0.1,0,0.656938907360426,0.4642879385529536,0.1259380285520548,0.5968648648648649,0.01760821716801174,0.6757728253055356,0.9260842661866456,0.5947867298578199,0.2529585099509935,0.001711910002445586,False,0.0031152647975077885,False,-0.0003937672273162107,False,-0.033175355450236976,False
unsw_nb15_v2,dnn_5class_cw,0.1,1,0.6620128898063378,0.47159663403592667,0.12184115012124963,0.6027567567567568,0.020542920029347028,0.6726575605080278,0.9330595713562468,0.5497630331753555,0.2573706685996124,-0.0012227928588897027,False,0.006230529595015577,False,-0.00736907239691742,False,0.011848341232227444,False
unsw_nb15_v2,dnn_5class_cw,0.1,2,0.6585461937252801,0.4675035701793152,0.1252031436796338,0.597972972972973,0.018341892883345562,0.6736161035226456,0.9307532204533948,0.556872037914692,0.256551267707726,0.0009782342871117629,False,0.005271986580397847,False,-0.005062721494065392,False,0.004739336492890933,False
unsw_nb15_v2,dnn_5class_cw,0.1,3,0.6578843699279873,0.472981585952577,0.12345061611420842,0.5947297297297297,0.02739056003912937,0.68032590462497,0.9319907745963886,0.5355450236966824,0.25883613557933216,-0.008070432868672046,False,-0.0014378145219265948,False,-0.0063002756370591495,False,0.026066350710900466,False
unsw_nb15_v2,dnn_5class_cw,0.1,4,0.6557885945698934,0.4646688433663721,0.1237047293035085,0.5936486486486486,0.016629982880899976,0.6731368320153367,0.9296844236935365,0.5876777251184834,0.25831613116717356,0.002690144289557349,False,0.005751258087706712,False,-0.003993924734207122,False,-0.026066350710900466,False
unsw_nb15_v2,dnn_5class_cw,0.1,5,0.6632104757252486,0.47123608104121606,0.11809593596593096,0.6091621621621621,0.024700415749572022,0.6872753414809489,0.9192214659391348,0.566350710900474,0.24523723231591055,-0.005380288579114698,False,-0.008387251377905525,False,0.006469033020194637,False,-0.004739336492891044,False
unsw_nb15_v2,dnn_5class_cw,0.1,6,0.6578843699279873,0.46658086124088244,0.12227388178931393,0.5981351351351352,0.018341892883345562,0.6714593817397556,0.9278843449400911,0.5853080568720379,0.256283386646917,0.0009782342871117629,False,0.007428708363287795,False,-0.002193845980761666,False,-0.023696682464455,False
unsw_nb15_v2,dnn_5class_cw,0.1,7,0.6641559382928097,0.47071024120901084,0.11819587627543623,0.6092432432432432,0.024700415749572022,0.6815240833932422,0.9240029251279743,0.556872037914692,0.24470147019429256,-0.005380288579114698,False,-0.0026359932901988126,False,0.0016875738313550936,False,0.004739336492890933,False
unsw_nb15_v2,dnn_5class_cw,0.1,8,0.6632577488536266,0.47469220757949737,0.11996177262916122,0.608945945945946,0.02078747860112497,0.6877546129882578,0.9206840299263093,0.5639810426540285,0.25248577866721295,-0.001467351430667646,False,-0.00886652288521439,False,0.0050064690330201556,False,-0.0023696682464455776,False
unsw_nb15_v2,dnn_5class_cw,0.1,9,0.6649910968941555,0.4769306807742829,0.11504267104819614,0.6088648648648649,0.020542920029347028,0.6702612029714834,0.9317095122911627,0.542654028436019,0.25647247916042926,-0.0012227928588897027,False,0.008626887131560013,False,-0.0060190133318333006,False,0.018957345971563955,False
unsw_nb15_v2,rf_5class_smote,0.02,0,0.7284789083058887,0.5406468874614437,0.06704079015488111,0.7187027027027028,0.02616776718023967,0.6386292834890965,0.9333408336614727,0.6492890995260664,0.18395550022848678,-0.003423820004891172,False,0.0,False,0.004050177195252247,False,-0.0023696682464455776,False
unsw_nb15_v2,rf_5class_smote,0.02,1,0.7301334677991207,0.5392527401554086,0.06787924957555277,0.7205945945945946,0.02152115431645879,0.6395878265037144,0.936097204252686,0.6516587677725119,0.1845542931879422,0.0012227928588897062,False,-0.0009585430146178409,False,0.001293806604038883,False,-0.004739336492891044,False
unsw_nb15_v2,rf_5class_smote,0.02,2,0.7306061990829014,0.5409490321120434,0.06542769530152831,0.7205945945945946,0.021765712888236734,0.6391085549964055,0.9378410305450864,0.6516587677725119,0.18682340335008904,0.0009782342871117629,False,-0.00047927150730897594,False,-0.0004500196883614471,False,-0.004739336492891044,False
unsw_nb15_v2,rf_5class_smote,0.02,3,0.7290146704275067,0.5395101457543586,0.06433127173862507,0.7175405405405405,0.02152115431645879,0.6395878265037144,0.9385723125386736,0.6469194312796208,0.18625612580955234,0.0012227928588897062,False,-0.0009585430146178409,False,-0.0011813016819486322,False,0.0,False
unsw_nb15_v2,rf_5class_smote,0.02,4,0.7325443973464018,0.5423902863006612,0.06492417276071406,0.7253243243243244,0.022988505747126436,0.6386292834890965,0.9347471451876019,0.6516587677725119,0.18693370731630451,-0.00024455857177793985,False,0.0,False,0.0026438656691230022,False,-0.004739336492891044,False
unsw_nb15_v2,rf_5class_smote,0.02,5,0.7308425647247916,0.5418223831499599,0.06468262589059336,0.7217567567567568,0.022988505747126436,0.6395878265037144,0.9359284468695506,0.6492890995260664,0.1867603725122516,-0.00024455857177793985,False,-0.0009585430146178409,False,0.00146256398717437,False,-0.0023696682464455776,False
unsw_nb15_v2,rf_5class_smote,0.02,6,0.7297552827720962,0.5396572092292047,0.06288269489100566,0.7194594594594594,0.021765712888236734,0.6395878265037144,0.937053496090454,0.6516587677725119,0.1858936984919872,0.0009782342871117629,False,-0.0009585430146178409,False,0.0003375147662709743,False,-0.004739336492891044,False
unsw_nb15_v2,rf_5class_smote,0.02,7,0.7308110493058729,0.5413331374579132,0.0685580309949617,0.7211891891891892,0.022254830031792613,0.6391085549964055,0.9372785059346347,0.6492890995260664,0.18707552670143868,0.0004891171435558832,False,-0.00047927150730897594,False,0.00011250492209025076,False,-0.0023696682464455776,False
unsw_nb15_v2,rf_5class_smote,0.02,8,0.7356959392382724,0.5421399743255192,0.06357825154531482,0.7325675675675676,0.02152115431645879,0.6386292834890965,0.9313719975248917,0.6469194312796208,0.19309497171491152,0.0012227928588897062,False,0.0,False,0.0060190133318331895,False,0.0,False
unsw_nb15_v2,rf_5class_smote,0.02,9,0.7297237673531776,0.5401736070250472,0.06508402829444591,0.7188918918918918,0.02152115431645879,0.6386292834890965,0.9385160600776284,0.6469194312796208,0.18647673374198326,0.0012227928588897062,False,0.0,False,-0.0011250492209035068,False,0.0,False
unsw_nb15_v2,rf_5class_smote,0.05,0,0.737019586832858,0.5433898033814883,0.07811971704367113,0.7361891891891892,0.023233064318904376,0.6391085549964055,0.927828092479046,0.6563981042654028,0.19183435495816328,-0.0004891171435558797,False,-0.00047927150730897594,False,0.009562918377678975,False,-0.009478672985781977,False
unsw_nb15_v2,rf_5class_smote,0.05,1,0.7326547013126172,0.5419277990949246,0.072207865447348,0.7258648648648649,0.022743947175348497,0.6379103762281333,0.9342408730381955,0.6516587677725119,0.18745371172846315,0.0,False,0.0007189072609632419,False,0.0031501378185294637,False,-0.004739336492891044,False
unsw_nb15_v2,rf_5class_smote,0.05,2,0.7303068026031736,0.5402498313296655,0.06980054019443584,0.7205675675675676,0.022254830031792613,0.6376707404744788,0.9371660010125443,0.6469194312796208,0.1853264209514505,0.0004891171435558832,False,0.0009585430146177298,False,0.00022500984418061254,False,0.0,False
unsw_nb15_v2,rf_5class_smote,0.05,3,0.7384535383936591,0.5427535661376222,0.07788553308200998,0.7368108108108108,0.01785277573978968,0.638868919242751,0.9331720762783372,0.6469194312796208,0.19489135059327775,0.004891171435558818,False,-0.00023963575365448797,False,0.004218934578387734,False,0.0,False
unsw_nb15_v2,rf_5class_smote,0.05,4,0.7357904854950285,0.5439634661058232,0.07777249481262613,0.7352432432432432,0.02616776718023967,0.6381500119817877,0.9247342071215615,0.6658767772511849,0.19054222278249633,-0.003423820004891172,False,0.0004792715073088649,False,0.012656803735163424,False,-0.018957345971564066,False
unsw_nb15_v2,rf_5class_smote,0.05,5,0.7311104457856006,0.5389978098212869,0.07487779352001436,0.7234054054054054,0.022010271460014674,0.6395878265037144,0.9336220959666985,0.6516587677725119,0.18463308173523896,0.000733675715333823,False,-0.0009585430146178409,False,0.003768914890026398,False,-0.004739336492891044,False
unsw_nb15_v2,rf_5class_smote,0.05,6,0.7333795559477474,0.5435800931826991,0.07731064507655055,0.7267297297297297,0.022743947175348497,0.6376707404744788,0.9348033976486472,0.6635071090047393,0.18679188793117033,0.0,False,0.0009585430146177298,False,0.002587613208077766,False,-0.016587677725118488,False
unsw_nb15_v2,rf_5class_smote,0.05,7,0.7312680228801941,0.5427401721769546,0.07241888030436072,0.7215405405405405,0.022499388603570557,0.6376707404744788,0.9385160600776284,0.6469194312796208,0.1880052315595405,0.00024455857177793985,False,0.0009585430146177298,False,-0.0011250492209035068,False,0.0,False
unsw_nb15_v2,rf_5class_smote,0.05,8,0.7324971242180237,0.5424104993238419,0.07038462815943244,0.725,0.022010271460014674,0.6383896477354422,0.9356471845643247,0.6469194312796208,0.18784765446494697,0.000733675715333823,False,0.00023963575365437695,False,0.001743826292400219,False,0.0,False
unsw_nb15_v2,rf_5class_smote,0.05,9,0.7326231858936985,0.5392312954442124,0.07568901239016664,0.7267567567567568,0.022743947175348497,0.6381500119817877,0.931765764752208,0.6706161137440758,0.18548399804604404,0.0,False,0.0004792715073088649,False,0.005625246104516979,False,-0.023696682464455,False
unsw_nb15_v2,rf_5class_smote,0.0667,0,0.7313310537180315,0.5416243300949739,0.0772415757040138,0.7223243243243244,0.022499388603570557,0.6357536544452432,0.9375597682398605,0.6469194312796208,0.18630339893793038,0.00024455857177793985,False,0.0028756290438533005,False,-0.00016875738313559818,False,0.0,False
unsw_nb15_v2,rf_5class_smote,0.0667,1,0.7309686264004664,0.5425414240208281,0.07429677250748538,0.7217567567567568,0.02347762289068232,0.6347951114306255,0.9376160207009057,0.6398104265402843,0.18693370731630451,-0.000733675715333823,False,0.0038341720584710304,False,-0.00022500984418072356,False,0.007109004739336511,False
unsw_nb15_v2,rf_5class_smote,0.0667,2,0.7314571153937064,0.5419714263765381,0.07314703926984091,0.7222972972972973,0.022988505747126436,0.6374311047208243,0.9373347583956798,0.6563981042654028,0.18748522714738186,-0.00024455857177793985,False,0.0011981787682722178,False,5.625246104512538e-05,False,-0.009478672985781977,False
unsw_nb15_v2,rf_5class_smote,0.0667,3,0.7312522651707348,0.542176850529095,0.0822952272719139,0.7216486486486486,0.022743947175348497,0.6376707404744788,0.938066040389267,0.6516587677725119,0.1876743196608941,0.0,False,0.0009585430146177298,False,-0.0006750295325420597,False,-0.004739336492891044,False
unsw_nb15_v2,rf_5class_smote,0.0667,4,0.7350183577315201,0.5396497763843715,0.08568217085869459,0.7320540540540541,0.02152115431645879,0.6328780254013899,0.9313719975248917,0.6469194312796208,0.19295315232977733,0.0012227928588897062,False,0.005751258087706601,False,0.0060190133318331895,False,0.0,False
unsw_nb15_v2,rf_5class_smote,0.0667,5,0.7303383180220923,0.5380967098219439,0.08086717049700462,0.7222702702702702,0.021765712888236734,0.6395878265037144,0.9324970467457951,0.6848341232227488,0.18452277776902348,0.0009782342871117629,False,-0.0009585430146178409,False,0.004893964110929794,False,-0.03791469194312802,False
unsw_nb15_v2,rf_5class_smote,0.0667,6,0.73112620349506,0.5421697241642961,0.07416591690140474,0.7215675675675676,0.022988505747126436,0.6381500119817877,0.9371097485514991,0.6729857819905213,0.1871700729581948,-0.00024455857177793985,False,0.0004792715073088649,False,0.00028126230522584894,False,-0.026066350710900466,False
unsw_nb15_v2,rf_5class_smote,0.0667,7,0.7313625691369503,0.5407187061562706,0.08412015884252119,0.7232162162162162,0.022743947175348497,0.6371914689671699,0.9353096697980536,0.6516587677725119,0.1866027954176581,0.0,False,0.0014378145219265948,False,0.0020813410586713044,False,-0.004739336492891044,False
unsw_nb15_v2,rf_5class_smote,0.0667,8,0.7310158995288445,0.5420123833133955,0.07814239426359343,0.7207027027027028,0.02127659574468085,0.6395878265037144,0.9387973223828543,0.6635071090047393,0.18705976899197932,0.001467351430667646,False,-0.0009585430146178409,False,-0.0014063115261293557,False,-0.016587677725118488,False
unsw_nb15_v2,rf_5class_smote,0.0667,9,0.7307322607585761,0.5434952750579773,0.07868427556429988,0.7210540540540541,0.0239667400342382,0.6364725617062066,0.9371660010125443,0.6635071090047393,0.18693370731630451,-0.0012227928588897027,False,0.0021567217828899476,False,0.00022500984418061254,False,-0.016587677725118488,False
unsw_nb15_v2,rf_5class_smote,0.0753,0,0.7333007674004507,0.54239918047437,0.07616041597254941,0.7264864864864865,0.022254830031792613,0.6364725617062066,0.9357034370253698,0.6516587677725119,0.18652400687036133,0.0004891171435558832,False,0.0021567217828899476,False,0.0016875738313550936,False,-0.004739336492891044,False
unsw_nb15_v2,rf_5class_smote,0.0753,1,0.7383589921369029,0.5453266653212794,0.08412406970046124,0.7366756756756757,0.022254830031792613,0.6364725617062066,0.9327220565899758,0.6445497630331753,0.19471801578922487,0.0004891171435558832,False,0.0021567217828899476,False,0.004668954266749181,False,0.0023696682464454666,False
unsw_nb15_v2,rf_5class_smote,0.0753,2,0.7302122563464175,0.5412850435658483,0.08322690370585088,0.7222702702702702,0.02641232575201761,0.6376707404744788,0.9321595319795241,0.6540284360189573,0.18323064559335656,-0.0036683785766691117,False,0.0009585430146177298,False,0.005231478877200879,False,-0.007109004739336511,False
unsw_nb15_v2,rf_5class_smote,0.0753,3,0.7304958951166859,0.5392826698756863,0.0782759409398453,0.7239189189189189,0.025923208608461725,0.6381500119817877,0.9294594138493559,0.6658767772511849,0.18272639889065725,-0.0031792614331132285,False,0.0004792715073088649,False,0.007931597007369007,False,-0.018957345971564066,False
unsw_nb15_v2,rf_5class_smote,0.0753,4,0.7319456043869463,0.5425046399641013,0.07718286172499074,0.7264864864864865,0.02616776718023967,0.6386292834890965,0.9289531416999494,0.6729857819905213,0.18551551346496273,-0.003423820004891172,False,0.0,False,0.00843786915677558,False,-0.026066350710900466,False
unsw_nb15_v2,rf_5class_smote,0.0753,5,0.7310158995288445,0.5438710220293581,0.0787858641210686,0.7206216216216216,0.023233064318904376,0.6369518332135155,0.939697361759577,0.6398104265402843,0.18724886150549155,-0.0004891171435558797,False,0.0016774502755810827,False,-0.002306350902852028,False,0.007109004739336511,False
unsw_nb15_v2,rf_5class_smote,0.0753,6,0.7335686484612597,0.5433391446913507,0.08336121253436773,0.7272162162162162,0.022499388603570557,0.6381500119817877,0.934409630421331,0.6635071090047393,0.18687067647846708,0.00024455857177793985,False,0.0004792715073088649,False,0.0029813804353939766,False,-0.016587677725118488,False
unsw_nb15_v2,rf_5class_smote,0.0753,7,0.7295346748396653,0.5388625659951328,0.07428193791800233,0.7184054054054054,0.02078747860112497,0.6395878265037144,0.9386848174607639,0.6516587677725119,0.18597248703928396,0.0019564685742235258,False,-0.0009585430146178409,False,-0.001293806604038994,False,-0.004739336492891044,False
unsw_nb15_v2,rf_5class_smote,0.0753,8,0.7282110272450797,0.5393823470860806,0.0835358378512385,0.7157837837837838,0.02152115431645879,0.6386292834890965,0.939697361759577,0.6421800947867299,0.18636642977576778,0.0012227928588897062,False,0.0,False,-0.002306350902852028,False,0.004739336492890933,False
unsw_nb15_v2,rf_5class_smote,0.0753,9,0.7328753092450482,0.5432550413855914,0.07655106903824879,0.7244324324324324,0.022499388603570557,0.6374311047208243,0.9382910502334477,0.6469194312796208,0.1880052315595405,0.00024455857177793985,False,0.0011981787682722178,False,-0.0009000393767227832,False,0.0,False
unsw_nb15_v2,rf_5class_smote,0.1,0,0.7329856132112637,0.541549597429613,0.09063205353445883,0.7245135135135136,0.020053802885791148,0.6395878265037144,0.9384598076165832,0.6516587677725119,0.18835190116764627,0.002690144289557349,False,-0.0009585430146178409,False,-0.0010687967598582704,False,-0.004739336492891044,False
unsw_nb15_v2,rf_5class_smote,0.1,1,0.7236255337924079,0.5361754849488792,0.08351665054982227,0.706027027027027,0.022988505747126436,0.6374311047208243,0.9429037520391517,0.6706161137440758,0.18983312585682546,-0.00024455857177793985,False,0.0011981787682722178,False,-0.005512741182426728,False,-0.023696682464455,False
unsw_nb15_v2,rf_5class_smote,0.1,2,0.7305116528261452,0.5402646749557493,0.08799967745274413,0.7238648648648649,0.02641232575201761,0.6328780254013899,0.9309782302975755,0.6563981042654028,0.18501126676226343,-0.0036683785766691117,False,0.005751258087706601,False,0.0064127805591494,False,-0.009478672985781977,False
unsw_nb15_v2,rf_5class_smote,0.1,3,0.7299758907045272,0.5408736181605995,0.09096621174999261,0.7191891891891892,0.022010271460014674,0.638868919242751,0.9386285649997187,0.6469194312796208,0.18565733285009692,0.000733675715333823,False,-0.00023963575365448797,False,-0.0012375541429937575,False,0.0,False
unsw_nb15_v2,rf_5class_smote,0.1,4,0.7302122563464175,0.5406849356250113,0.09015364288922663,0.7198108108108108,0.022988505747126436,0.6312005751258087,0.939697361759577,0.6492890995260664,0.1853579363703692,-0.00024455857177793985,False,0.007428708363287795,False,-0.002306350902852028,False,-0.0023696682464455776,False
unsw_nb15_v2,rf_5class_smote,0.1,5,0.7324025779612675,0.5419958693268946,0.09559847628905546,0.7272702702702702,0.02616776718023967,0.6379103762281333,0.9292906564662204,0.6658767772511849,0.18616157955279622,-0.003423820004891172,False,0.0007189072609632419,False,0.008100354390504494,False,-0.018957345971564066,False
unsw_nb15_v2,rf_5class_smote,0.1,6,0.7361686705220529,0.5409152192631528,0.09554315945248455,0.7341081081081081,0.022743947175348497,0.6379103762281333,0.9296281712324914,0.6516587677725119,0.1935677029986921,0.0,False,0.0007189072609632419,False,0.00776283962423352,False,-0.004739336492891044,False
unsw_nb15_v2,rf_5class_smote,0.1,7,0.7302280140558768,0.5398307815531308,0.08775698437575899,0.7180540540540541,0.017119100024455856,0.6379103762281333,0.9433537717275131,0.6421800947867299,0.18835190116764627,0.005624847150892641,False,0.0007189072609632419,False,-0.005962760870788175,False,0.004739336492890933,False
unsw_nb15_v2,rf_5class_smote,0.1,8,0.7310474149477632,0.5401978199884759,0.08505101855357339,0.7219189189189189,0.02372218146246026,0.6362329259525521,0.9368284862462732,0.6540284360189573,0.18671309938387357,-0.0009782342871117629,False,0.0023963575365444356,False,0.0005625246104516979,False,-0.007109004739336511,False
unsw_nb15_v2,rf_5class_smote,0.1,9,0.7318353004207309,0.5410152782474965,0.0904812492855089,0.7242162162162162,0.02152115431645879,0.6381500119817877,0.9348033976486472,0.6587677725118484,0.18581490994469044,0.0012227928588897062,False,0.0004792715073088649,False,0.002587613208077766,False,-0.011848341232227555,False
unsw_nb15_v2,xgb_5class_smote,0.02,0,0.7413214415152614,0.5730683820592374,0.0884457356110884,0.7454864864864865,0.09024211298606016,0.6767313683201533,0.8982392979692861,0.7132701421800948,0.12505318226942533,0.0,False,-0.008147615624251148,False,0.0031501378185295748,False,0.0,False
unsw_nb15_v2,xgb_5class_smote,0.02,1,0.7424402388868754,0.5743152956630974,0.08508388940221483,0.7466756756756757,0.09024211298606016,0.6678648454349388,0.901839455476177,0.7132701421800948,0.12741683868832826,0.0,False,0.0007189072609633529,False,-0.0004500196883613361,False,0.0,False
unsw_nb15_v2,xgb_5class_smote,0.02,2,0.7418256882179607,0.5747475010490323,0.0851307686719104,0.7459729729729729,0.09024211298606016,0.6767313683201533,0.8995331045733251,0.6919431279620853,0.12601440254644586,0.0,False,-0.008147615624251148,False,0.0018563312144905808,False,0.02132701421800942,False
unsw_nb15_v2,xgb_5class_smote,0.02,3,0.7417626573801233,0.5729122136219171,0.08461081467881183,0.7459729729729729,0.09073123012961604,0.6566019650131799,0.903470776846487,0.7109004739336493,0.1280471470667024,-0.0004891171435558728,False,0.011981787682722289,False,-0.0020813410586713044,False,0.0023696682464454666,False
unsw_nb15_v2,xgb_5class_smote,0.02,4,0.741620837994989,0.573218523404516,0.08440277930446335,0.7454594594594595,0.09024211298606016,0.6683441169422478,0.9013331833267706,0.7132701421800948,0.12664471092481996,0.0,False,0.00023963575365437695,False,5.625246104512538e-05,False,0.0,False
unsw_nb15_v2,xgb_5class_smote,0.02,5,0.7412741683868833,0.5731226707521008,0.08704810784469401,0.7453783783783784,0.09024211298606016,0.676491732566499,0.8983518028913765,0.7132701421800948,0.12517924394510013,0.0,False,-0.00790797987059677,False,0.003037632896439213,False,0.0,False
unsw_nb15_v2,xgb_5class_smote,0.02,6,0.7421881155355258,0.5740209581558611,0.08714980047735843,0.7471081081081081,0.09024211298606016,0.6767313683201533,0.8979580356640603,0.7132701421800948,0.12591985628968974,0.0,False,-0.008147615624251148,False,0.0034314001237554237,False,0.0,False
unsw_nb15_v2,xgb_5class_smote,0.02,7,0.7415893225760704,0.5733410679746296,0.084035520859408,0.7459729729729729,0.09024211298606016,0.676491732566499,0.8982392979692861,0.7132701421800948,0.1252265170734782,0.0,False,-0.00790797987059677,False,0.0031501378185295748,False,0.0,False
unsw_nb15_v2,xgb_5class_smote,0.02,8,0.7419675076030948,0.5737812275905287,0.08649146136111176,0.7464594594594595,0.09073123012961604,0.6731368320153367,0.8992518422680992,0.7132701421800948,0.12588834087077103,-0.0004891171435558728,False,-0.004553079319434494,False,0.0021375935197165408,False,0.0,False
unsw_nb15_v2,xgb_5class_smote,0.02,9,0.7420462961503915,0.5740436524828882,0.08480761406142971,0.7466216216216216,0.09024211298606016,0.676491732566499,0.8987455701186927,0.7037914691943128,0.12593561399914907,0.0,False,-0.00790797987059677,False,0.0026438656691230022,False,0.009478672985781977,False
unsw_nb15_v2,xgb_5class_smote,0.05,0,0.741305683805802,0.5734759528466763,0.09281594507295655,0.7452972972972973,0.09024211298606016,0.676491732566499,0.8990830848849637,0.6943127962085308,0.12562045980996203,0.0,False,-0.00790797987059677,False,0.002306350902852028,False,0.018957345971563955,False
unsw_nb15_v2,xgb_5class_smote,0.05,1,0.7425820582720096,0.5741458930805544,0.08632171266279268,0.747054054054054,0.09073123012961604,0.6661873951593578,0.9013331833267706,0.7345971563981043,0.1276374466207592,-0.0004891171435558728,False,0.0023963575365444356,False,5.625246104512538e-05,False,-0.021327014218009532,False
unsw_nb15_v2,xgb_5class_smote,0.05,2,0.743448732292274,0.5778237538926954,0.08906537426422702,0.7475675675675676,0.0904866715578381,0.6647495806374311,0.9047083309894808,0.6943127962085308,0.12933927924236932,-0.0002445585717779364,False,0.0038341720584711414,False,-0.003318895201665062,False,0.018957345971563955,False
unsw_nb15_v2,xgb_5class_smote,0.05,3,0.7416996265422858,0.571962594473171,0.08331074076202853,0.7491081081081081,0.08999755441428223,0.6889527917565301,0.8891826517410136,0.7156398104265402,0.12172830557350184,0.0002445585717779364,False,-0.020369039060627925,False,0.012206784046802088,False,-0.0023696682464454666,False
unsw_nb15_v2,xgb_5class_smote,0.05,4,0.7427553930760624,0.5755862743865653,0.08654898042672779,0.7478108108108108,0.09073123012961604,0.6762520968128445,0.8989705799628733,0.6943127962085308,0.12672349947211672,-0.0004891171435558728,False,-0.007668344116942283,False,0.0024188558249423897,False,0.018957345971563955,False
unsw_nb15_v2,xgb_5class_smote,0.05,5,0.7417626573801233,0.5735367586429032,0.08981451250134918,0.7464324324324324,0.09024211298606016,0.6767313683201533,0.8978455307419699,0.7132701421800948,0.12560470210050267,0.0,False,-0.008147615624251148,False,0.0035439050458457855,False,0.0,False
unsw_nb15_v2,xgb_5class_smote,0.05,6,0.7427869084949812,0.5741432679834797,0.08924514608583013,0.7471351351351352,0.09024211298606016,0.6554037862449077,0.9049333408336615,0.7180094786729858,0.12978049510723122,0.0,False,0.013179966450994507,False,-0.0035439050458457855,False,-0.004739336492891044,False
unsw_nb15_v2,xgb_5class_smote,0.05,7,0.7427396353666031,0.574239250308972,0.08802391507503216,0.7476216216216216,0.09024211298606016,0.6731368320153367,0.8995893570343703,0.7180094786729858,0.12643986070184837,0.0,False,-0.004553079319434494,False,0.0018000787534454554,False,-0.004739336492891044,False
unsw_nb15_v2,xgb_5class_smote,0.05,8,0.7430390318463308,0.5784256302230737,0.08751525467735038,0.7472432432432432,0.09024211298606016,0.6566019650131799,0.9062833998987456,0.6777251184834123,0.1305841382896582,0.0,False,0.011981787682722289,False,-0.004893964110929905,False,0.03554502369668244,False
unsw_nb15_v2,xgb_5class_smote,0.05,9,0.7425032697247128,0.5733658775654815,0.08762432043476415,0.7471621621621621,0.09024211298606016,0.6546848789839445,0.9036395342296225,0.7345971563981043,0.12946534091804415,0.0,False,0.013898873711957749,False,-0.0022500984418067915,False,-0.021327014218009532,False
unsw_nb15_v2,xgb_5class_smote,0.0667,0,0.744252375474701,0.5767620216634295,0.09650075919088279,0.7495135135135135,0.0904866715578381,0.6659477594057033,0.9026832423918546,0.7180094786729858,0.12973322197885315,-0.0002445585717779364,False,0.0026359932901989236,False,-0.001293806604038883,False,-0.004739336492891044,False
unsw_nb15_v2,xgb_5class_smote,0.0667,1,0.7424875120152534,0.5744300247397185,0.08607673754807041,0.7459729729729729,0.09024211298606016,0.6537263359693266,0.906733419587107,0.7156398104265402,0.13044231890452404,0.0,False,0.01485741672657559,False,-0.005343983799291241,False,-0.0023696682464454666,False
unsw_nb15_v2,xgb_5class_smote,0.0667,2,0.7412426529679645,0.5736462603112076,0.09066134826503393,0.7447027027027027,0.0904866715578381,0.6762520968128445,0.8999831242616865,0.6990521327014217,0.12666046863427932,-0.0002445585717779364,False,-0.007668344116942283,False,0.0014063115261292447,False,0.014218009478673022,False
unsw_nb15_v2,xgb_5class_smote,0.0667,3,0.7409274987787775,0.5731172284541253,0.09568938689288777,0.7441891891891892,0.08999755441428223,0.6767313683201533,0.8996456094954154,0.7109004739336493,0.12598288712752714,0.0002445585717779364,False,-0.008147615624251148,False,0.00174382629240033,False,0.0023696682464454666,False
unsw_nb15_v2,xgb_5class_smote,0.0667,4,0.742377208049038,0.573702126289733,0.09786431063603444,0.7476486486486487,0.09024211298606016,0.676491732566499,0.8972267536704731,0.7274881516587678,0.1252580324923969,0.0,False,-0.00790797987059677,False,0.004162682117342609,False,-0.014218009478673022,False
unsw_nb15_v2,xgb_5class_smote,0.0667,5,0.7405965868801311,0.5726366008431426,0.09261952889866035,0.7439729729729729,0.09073123012961604,0.67601246105919,0.8987455701186927,0.7180094786729858,0.12453317785726667,-0.0004891171435558728,False,-0.007428708363287795,False,0.0026438656691230022,False,-0.004739336492891044,False
unsw_nb15_v2,xgb_5class_smote,0.0667,6,0.7427081199476844,0.5745909578746756,0.09453245823437577,0.7471081081081081,0.08999755441428223,0.6728971962616822,0.9006581537942285,0.7180094786729858,0.1272750193031941,0.0002445585717779364,False,-0.004313443565780006,False,0.000731281993587185,False,-0.004739336492891044,False
unsw_nb15_v2,xgb_5class_smote,0.0667,7,0.7429129701706559,0.5747428829363657,0.09449425918123434,0.7472162162162163,0.09024211298606016,0.6558830577522167,0.9053833605220228,0.7061611374407583,0.13007989158695893,0.0,False,0.012700694943685531,False,-0.003993924734207122,False,0.007109004739336511,False
unsw_nb15_v2,xgb_5class_smote,0.0667,8,0.7428026662044406,0.5762875345229277,0.09534813977283357,0.7474054054054055,0.09024211298606016,0.6740953750299544,0.900826911177364,0.6848341232227488,0.12732229243157214,0.0,False,-0.005511622334052224,False,0.0005625246104516979,False,0.028436018957345932,False
unsw_nb15_v2,xgb_5class_smote,0.0667,9,0.7425820582720096,0.5752322741548564,0.10063203756973639,0.7464864864864865,0.0904866715578381,0.6721782890007189,0.9021207177814029,0.6943127962085308,0.1276059312018405,-0.0002445585717779364,False,-0.0035945363048166534,False,-0.000731281993587185,False,0.018957345971563955,False
unsw_nb15_v2,xgb_5class_smote,0.0753,0,0.7425032697247128,0.5744406265817683,0.0875908050498196,0.746945945945946,0.09073123012961604,0.6628324946081955,0.902458232547674,0.7180094786729858,0.1278738122626495,-0.0004891171435558728,False,0.005751258087706712,False,-0.0010687967598582704,False,-0.004739336492891044,False
unsw_nb15_v2,xgb_5class_smote,0.0753,1,0.7433857014544366,0.5779034556310793,0.0927373588465965,0.7474324324324324,0.09073123012961604,0.6661873951593578,0.9044270686842549,0.6919431279620853,0.1291817021477758,-0.0004891171435558728,False,0.0023963575365444356,False,-0.003037632896439213,False,0.02132701421800942,False
unsw_nb15_v2,xgb_5class_smote,0.0753,2,0.7379020185625818,0.573319249478761,0.08831576596311021,0.7366756756756757,0.09073123012961604,0.6721782890007189,0.9052708555999325,0.7156398104265402,0.13271142906667086,-0.0004891171435558728,False,-0.0035945363048166534,False,-0.00388141981211676,False,-0.0023696682464454666,False
unsw_nb15_v2,xgb_5class_smote,0.0753,3,0.741888719055798,0.5712013146373152,0.09011222707898213,0.7472972972972973,0.0904866715578381,0.6558830577522167,0.9003768914890027,0.7535545023696683,0.12724350388427538,-0.0002445585717779364,False,0.012700694943685531,False,0.001012544298813034,False,-0.04028436018957349,False
unsw_nb15_v2,xgb_5class_smote,0.0753,4,0.7414317454814768,0.5722061019345882,0.09532003806712644,0.7470810810810811,0.08975299584250428,0.6848789839444045,0.8934015863194015,0.7180094786729858,0.12316225713430295,0.0004891171435558866,False,-0.016295231248502295,False,0.007987849468414243,False,-0.004739336492891044,False
unsw_nb15_v2,xgb_5class_smote,0.0753,5,0.7409747719071555,0.5727670791539372,0.08788676968947572,0.7439189189189189,0.08999755441428223,0.6563623292595255,0.9051583506778421,0.7109004739336493,0.12941806778966608,0.0002445585717779364,False,0.012221423436376666,False,-0.003768914890026398,False,0.0023696682464454666,False
unsw_nb15_v2,xgb_5class_smote,0.0753,6,0.739383243251761,0.572153041677162,0.09548295950060474,0.7407027027027027,0.09073123012961604,0.6697819314641744,0.902795747313945,0.7132701421800948,0.12793684310048692,-0.0004891171435558728,False,-0.0011981787682722178,False,-0.0014063115261292447,False,0.0,False
unsw_nb15_v2,xgb_5class_smote,0.0753,7,0.7405808291706718,0.5727412146484795,0.09822497333852946,0.7431081081081081,0.09170946441672781,0.6681044811885933,0.9021207177814029,0.7180094786729858,0.12642410299238901,-0.001467351430667646,False,0.0004792715073088649,False,-0.000731281993587185,False,-0.004739336492891044,False
unsw_nb15_v2,xgb_5class_smote,0.0753,8,0.7425978159814689,0.5752988381460423,0.10193592933206408,0.7465135135135135,0.09024211298606016,0.6724179247543733,0.9021207177814029,0.6943127962085308,0.12785805455319016,0.0,False,-0.0038341720584711414,False,-0.000731281993587185,False,0.018957345971563955,False
unsw_nb15_v2,xgb_5class_smote,0.0753,9,0.7397614282787854,0.57733333470009,0.08539595716311417,0.7393783783783784,0.09024211298606016,0.6721782890007189,0.9069021769702424,0.6943127962085308,0.13516963174232993,0.0,False,-0.0035945363048166534,False,-0.005512741182426728,False,0.018957345971563955,False
unsw_nb15_v2,xgb_5class_smote,0.1,0,0.7424087234679567,0.5742766620614035,0.09658228911079592,0.7457567567567568,0.09024211298606016,0.6530074287083633,0.9074647015806941,0.6990521327014217,0.13107262728289815,0.0,False,0.015576323987538943,False,-0.006075265792878426,False,0.014218009478673022,False
unsw_nb15_v2,xgb_5class_smote,0.1,1,0.7416365957044484,0.5716537105702566,0.10031159082119996,0.7464594594594595,0.09024211298606016,0.6566019650131799,0.9015581931709512,0.7345971563981043,0.1278107814248121,0.0,False,0.011981787682722289,False,-0.00016875738313548716,False,-0.021327014218009532,False
unsw_nb15_v2,xgb_5class_smote,0.1,2,0.7332850096909913,0.5697725339950805,0.08766305871920066,0.729081081081081,0.09024211298606016,0.6848789839444045,0.9017832030151319,0.7132701421800948,0.134145380627472,0.0,False,-0.016295231248502295,False,-0.0003937672273162107,False,0.0,False
unsw_nb15_v2,xgb_5class_smote,0.1,3,0.7415262917382329,0.5726365488793866,0.09221635471959504,0.7472162162162163,0.08975299584250428,0.6848789839444045,0.8936265961635822,0.7109004739336493,0.12339862277619325,0.0004891171435558866,False,-0.016295231248502295,False,0.00776283962423352,False,0.0023696682464454666,False
unsw_nb15_v2,xgb_5class_smote,0.1,4,0.7418729613463387,0.5737281999781378,0.09193764204864249,0.7456216216216216,0.08999755441428223,0.6726575605080278,0.9009956685604995,0.7109004739336493,0.1271331999180599,0.0002445585717779364,False,-0.004073807812125629,False,0.0003937672273162107,False,0.0023696682464454666,False
unsw_nb15_v2,xgb_5class_smote,0.1,5,0.740817194812562,0.5723090961032332,0.09122206602464679,0.7437027027027027,0.09024211298606016,0.6566019650131799,0.9048770883726163,0.7132701421800948,0.12850412064102362,0.0,False,0.011981787682722289,False,-0.003487652584800549,False,0.0,False
unsw_nb15_v2,xgb_5class_smote,0.1,6,0.7446305605017255,0.5746186617682867,0.09961313384156194,0.7521351351351351,0.09024211298606016,0.6740953750299544,0.8967204815210665,0.7180094786729858,0.12721198846535667,0.0,False,-0.005511622334052224,False,0.004668954266749181,False,-0.004739336492891044,False
unsw_nb15_v2,xgb_5class_smote,0.1,7,0.7375868643733947,0.5712116792406924,0.095698832969293,0.7374594594594595,0.0904866715578381,0.6762520968128445,0.901839455476177,0.7061611374407583,0.12919745985723516,-0.0002445585717779364,False,-0.007668344116942283,False,-0.0004500196883613361,False,0.007109004739336511,False
unsw_nb15_v2,xgb_5class_smote,0.1,8,0.7429129701706559,0.5750201765751014,0.09200789225058172,0.7471351351351352,0.08999755441428223,0.6669063024203211,0.9030770096191708,0.7037914691943128,0.1289768519248042,0.0002445585717779364,False,0.0016774502755810827,False,-0.0016875738313550936,False,0.009478672985781977,False
unsw_nb15_v2,xgb_5class_smote,0.1,9,0.7338680449409873,0.5707115112559571,0.09562161193362848,0.7283783783783784,0.09024211298606016,0.6685837526959022,0.9088710131068234,0.7251184834123223,0.1384629930193347,0.0,False,0.0,False,-0.007481577319007671,False,-0.011848341232227555,False
unsw_nb15_v2,dnn_5class_smote,0.02,0,0.7094751106979089,0.5127444138610826,0.09363281525883302,0.6998378378378378,0.04450966006358523,0.676491732566499,0.8906452157281881,0.6919431279620853,0.23715352736326248,0.0,False,0.010064701653486607,False,-0.0030938853574843383,False,0.0,False
unsw_nb15_v2,dnn_5class_smote,0.02,1,0.7100108728195269,0.5128259436124882,0.09264008683536702,0.7007837837837838,0.043775984348251404,0.6865564342199856,0.8883951172863813,0.6919431279620853,0.23636564189029483,0.000733675715333823,False,0.0,False,-0.0008437869156775468,False,0.0,False
unsw_nb15_v2,dnn_5class_smote,0.02,2,0.7104678463938482,0.5121281519347909,0.081562745408323,0.7008648648648649,0.040596722915138175,0.6867960699736401,0.8905327108060977,0.6919431279620853,0.23716928507272184,0.0039129371484470515,False,-0.00023963575365448797,False,-0.0029813804353939766,False,0.0,False
unsw_nb15_v2,dnn_5class_smote,0.02,3,0.7100896613668237,0.5125882567491798,0.09128326389175404,0.7011621621621622,0.04450966006358523,0.6767313683201533,0.8900264386566912,0.6919431279620853,0.2373426198767747,0.0,False,0.00982506589983223,False,-0.002475108285987404,False,0.0,False
unsw_nb15_v2,dnn_5class_smote,0.02,4,0.7101526922046612,0.5131318509891128,0.07273658412875272,0.7011081081081081,0.04450966006358523,0.6757728253055356,0.890588963267143,0.6919431279620853,0.23819353618757977,0.0,False,0.01078360891444996,False,-0.003037632896439213,False,0.0,False
unsw_nb15_v2,dnn_5class_smote,0.02,5,0.7079308551708924,0.5126424635536291,0.09131061410903389,0.6963783783783783,0.044998777207141114,0.6865564342199856,0.8898576812735557,0.6919431279620853,0.2329934920659933,-0.0004891171435558866,False,0.0,False,-0.002306350902851917,False,0.0,False
unsw_nb15_v2,dnn_5class_smote,0.02,6,0.7089078331573723,0.5126141827646484,0.0786159739393078,0.6980810810810811,0.04450966006358523,0.67601246105919,0.892614051864769,0.6824644549763034,0.23589291060651424,0.0,False,0.010543973160795583,False,-0.005062721494065281,False,0.009478672985781977,False
unsw_nb15_v2,dnn_5class_smote,0.02,7,0.7097272340492586,0.5127255607752764,0.0762098292947374,0.7005405405405405,0.04450966006358523,0.6757728253055356,0.8902514485008719,0.6919431279620853,0.23797292825514882,0.0,False,0.01078360891444996,False,-0.0027001181301681276,False,0.0,False
unsw_nb15_v2,dnn_5class_smote,0.02,8,0.7101054190762831,0.5138771087851898,0.06831907002975184,0.701081081081081,0.044998777207141114,0.6860771627126767,0.8879450975980199,0.6919431279620853,0.23686988859299413,-0.0004891171435558866,False,0.0004792715073088649,False,-0.0003937672273160997,False,0.0,False
unsw_nb15_v2,dnn_5class_smote,0.02,9,0.7109248199681695,0.5134961792616412,0.09273342806238605,0.7031621621621622,0.04450966006358523,0.6841600766834411,0.8871013106823423,0.6919431279620853,0.2379571705456895,0.0,False,0.0023963575365444356,False,0.0004500196883614471,False,0.0,False
unsw_nb15_v2,dnn_5class_smote,0.05,0,0.7093332913127748,0.5051572878093022,0.09002027303770174,0.7008918918918919,0.03961848862802641,0.676491732566499,0.8878888451369747,0.7417061611374408,0.23485290178219695,0.004891171435558818,False,0.010064701653486607,False,-0.0003375147662709743,False,-0.049763033175355464,False
unsw_nb15_v2,dnn_5class_smote,0.05,1,0.7100896613668237,0.5121536183444637,0.0845618545792547,0.7001621621621622,0.04206407434580582,0.6721782890007189,0.8937391010856724,0.6919431279620853,0.2386189943429823,0.0024455857177794055,False,0.014378145219266725,False,-0.006187770714968677,False,0.0,False
unsw_nb15_v2,dnn_5class_smote,0.05,2,0.7117284631505965,0.5151634753366671,0.08818800189698145,0.7022162162162162,0.04450966006358523,0.6728971962616822,0.8945266355403049,0.6943127962085308,0.2394226375254093,0.0,False,0.013659237958303372,False,-0.006975305169601098,False,-0.0023696682464454666,False
unsw_nb15_v2,dnn_5class_smote,0.05,3,0.7094593529884496,0.5067114209314239,0.08686383493007395,0.7007297297297297,0.043775984348251404,0.6736161035226456,0.8885076222084716,0.7369668246445498,0.23496320574841242,0.000733675715333823,False,0.012940330697340019,False,-0.0009562918377677976,False,-0.04502369668246442,False
unsw_nb15_v2,dnn_5class_smote,0.05,4,0.7107042120357385,0.514868871445194,0.08718675831874316,0.7008648648648649,0.04450966006358523,0.6839204409297868,0.8913764977217753,0.6824644549763034,0.23830384015379524,0.0,False,0.0026359932901988126,False,-0.0038251673510715234,False,0.009478672985781977,False
unsw_nb15_v2,dnn_5class_smote,0.05,5,0.7091599565087219,0.5113531153089699,0.094852396492081,0.6971891891891892,0.04181951577402788,0.6738557392763,0.8958204421443439,0.7109004739336493,0.23601897228218907,0.002690144289557349,False,0.012700694943685531,False,-0.008269111773640092,False,-0.018957345971563955,False
unsw_nb15_v2,dnn_5class_smote,0.05,6,0.711082397062763,0.5120217846574691,0.09323681376433131,0.7011081081081081,0.03986304719980435,0.6767313683201533,0.8949766552286662,0.6824644549763034,0.23928081814027513,0.004646612863780875,False,0.00982506589983223,False,-0.007425324857962434,False,0.009478672985781977,False
unsw_nb15_v2,dnn_5class_smote,0.05,7,0.7097272340492586,0.5140810602230063,0.09342965354248028,0.6982972972972973,0.043775984348251404,0.6700215672178289,0.8963829667547956,0.6943127962085308,0.2402262807078363,0.000733675715333823,False,0.016534867002156672,False,-0.00883163638409179,False,-0.0023696682464454666,False
unsw_nb15_v2,dnn_5class_smote,0.05,8,0.7095381415357463,0.5133982698975379,0.08173965773750086,0.7001891891891892,0.044998777207141114,0.6870357057272946,0.8875513303707038,0.6919431279620853,0.23553048328894913,-0.0004891171435558866,False,-0.00047927150730897594,False,0.0,False,0.0,False
unsw_nb15_v2,dnn_5class_smote,0.05,9,0.7095854146641244,0.506399653167907,0.09080027083760228,0.7018648648648649,0.04304230863291758,0.6724179247543733,0.8868763008381617,0.7440758293838863,0.2346953246876034,0.001467351430667646,False,0.014138509465612237,False,0.0006750295325420597,False,-0.05213270142180093,False
unsw_nb15_v2,dnn_5class_smote,0.0667,0,0.7096799609208806,0.5127714704691274,0.10496109953392727,0.6972162162162162,0.04206407434580582,0.6731368320153367,0.898183045508241,0.6919431279620853,0.23686988859299413,0.0024455857177794055,False,0.013419602204648884,False,-0.010631715137537245,False,0.0,False
unsw_nb15_v2,dnn_5class_smote,0.0667,1,0.7124533177857266,0.5163594119244499,0.09557113984363455,0.702027027027027,0.04450966006358523,0.6683441169422478,0.8988580750407831,0.6824644549763034,0.24232205606593027,0.0,False,0.018212317277737755,False,-0.011306744670079305,False,0.009478672985781977,False
unsw_nb15_v2,dnn_5class_smote,0.0667,2,0.7121381635965396,0.5171847376418962,0.10613527445376318,0.7012432432432433,0.044998777207141114,0.6690630242032111,0.8990268324239186,0.6848341232227488,0.24205417500512125,-0.0004891171435558866,False,0.017493410016774513,False,-0.011475502053214792,False,0.007109004739336511,False
unsw_nb15_v2,dnn_5class_smote,0.0667,3,0.7115708860560029,0.5163974736804098,0.08687552861273415,0.7004324324324325,0.043775984348251404,0.6690630242032111,0.8987455701186927,0.6943127962085308,0.24292084902538566,0.000733675715333823,False,0.017493410016774513,False,-0.011194239747988943,False,-0.0023696682464454666,False
unsw_nb15_v2,dnn_5class_smote,0.0667,4,0.7037235467452451,0.5075865195390786,0.10050168291911811,0.6900540540540541,0.04450966006358523,0.6731368320153367,0.8912077403386398,0.6943127962085308,0.23444320133625376,0.0,False,0.013419602204648884,False,-0.0036564099679360362,False,-0.0023696682464454666,False
unsw_nb15_v2,dnn_5class_smote,0.0667,5,0.7078363089141363,0.5042815919039396,0.08720103044037783,0.6985135135135135,0.040596722915138175,0.6867960699736401,0.8847949597794903,0.7440758293838863,0.2306771087754684,0.0039129371484470515,False,-0.00023963575365448797,False,0.002756370591213475,False,-0.05213270142180093,False
unsw_nb15_v2,dnn_5class_smote,0.0667,6,0.7163297143127275,0.514231287455795,0.09784596418930114,0.7122162162162162,0.03888481291269259,0.6867960699736401,0.8882263599032457,0.6919431279620853,0.24578875214698792,0.005624847150892634,False,-0.00023963575365448797,False,-0.0006750295325419486,False,0.0,False
unsw_nb15_v2,dnn_5class_smote,0.0667,7,0.7094120798600715,0.5151405430596666,0.09628492994223053,0.6967027027027027,0.043775984348251404,0.66954229571052,0.8987455701186927,0.6919431279620853,0.24262145254565795,0.000733675715333823,False,0.017014138509465537,False,-0.011194239747988943,False,0.0,False
unsw_nb15_v2,dnn_5class_smote,0.0667,8,0.7112399741573565,0.5133616093069036,0.09620575645755779,0.7025135135135135,0.04304230863291758,0.6870357057272946,0.8891263992799685,0.6966824644549763,0.23595594144435164,0.001467351430667646,False,-0.00047927150730897594,False,-0.0015750689092647319,False,-0.004739336492890933,False
unsw_nb15_v2,dnn_5class_smote,0.0667,9,0.7115866437654622,0.5115982618354775,0.09369968143480352,0.7004324324324325,0.034971875764245534,0.6728971962616822,0.8999268718006412,0.6943127962085308,0.241865082491609,0.009537784299339692,False,0.013659237958303372,False,-0.012375541429937464,False,-0.0023696682464454666,False
unsw_nb15_v2,dnn_5class_smote,0.0753,0,0.7109405776776287,0.5195406214456343,0.09658388399048028,0.7002162162162162,0.044998777207141114,0.6872753414809489,0.8937391010856724,0.6374407582938388,0.2385244480862262,-0.0004891171435558866,False,-0.0007189072609633529,False,-0.006187770714968677,False,0.05450236966824651,False
unsw_nb15_v2,dnn_5class_smote,0.0753,1,0.709254502765478,0.5055870312041076,0.09596605622108521,0.7011351351351351,0.040107605771582296,0.6879942487419123,0.8842324351690386,0.7440758293838863,0.2325522762011314,0.004402054292002931,False,-0.0014378145219267058,False,0.003318895201665173,False,-0.05213270142180093,False
unsw_nb15_v2,dnn_5class_smote,0.0753,2,0.6850821764548305,0.5057683470688732,0.09909687873951095,0.647972972972973,0.044998777207141114,0.6834411694224778,0.9099960623277268,0.6824644549763034,0.24243236003214572,-0.0004891171435558866,False,0.0031152647975077885,False,-0.022444731957023012,False,0.009478672985781977,False
unsw_nb15_v2,dnn_5class_smote,0.0753,3,0.7057090181371236,0.5018215811255992,0.09930670206213779,0.6956756756756757,0.043775984348251404,0.6721782890007189,0.8858637565393486,0.7417061611374408,0.23029892374844393,0.000733675715333823,False,0.014378145219266725,False,0.0016875738313552047,False,-0.049763033175355464,False
unsw_nb15_v2,dnn_5class_smote,0.0753,4,0.7105308772316856,0.5151422646390467,0.10410033109645846,0.7005945945945946,0.04450966006358523,0.6726575605080278,0.8937391010856724,0.6919431279620853,0.24104568159972267,0.0,False,0.013898873711957749,False,-0.006187770714968677,False,0.0,False
unsw_nb15_v2,dnn_5class_smote,0.0753,5,0.7134933266100439,0.5180727144896432,0.10609449863950154,0.701027027027027,0.040107605771582296,0.6661873951593578,0.9064521572818811,0.6706161137440758,0.24522147460645122,0.004402054292002931,False,0.020369039060627814,False,-0.018900826911177337,False,0.021327014218009532,False
unsw_nb15_v2,dnn_5class_smote,0.0753,6,0.7106726966168198,0.5129700902979223,0.09266853654924344,0.7028378378378378,0.04450966006358523,0.6872753414809489,0.886032513922484,0.6966824644549763,0.236775342336238,0.0,False,-0.0007189072609633529,False,0.0015188164482197175,False,-0.004739336492890933,False
unsw_nb15_v2,dnn_5class_smote,0.0753,7,0.7061344762925261,0.5090603151301476,0.10344503730043005,0.6941081081081081,0.04450966006358523,0.6879942487419123,0.8879450975980199,0.6919431279620853,0.23051953168087486,0.0,False,-0.0014378145219267058,False,-0.0003937672273160997,False,0.0,False
unsw_nb15_v2,dnn_5class_smote,0.0753,8,0.7091914719276406,0.5094871201794424,0.10498227848353028,0.6983783783783784,0.044998777207141114,0.6678648454349388,0.8934015863194015,0.7417061611374408,0.23652321898488834,-0.0004891171435558866,False,0.01869158878504673,False,-0.005850255948697702,False,-0.049763033175355464,False
unsw_nb15_v2,dnn_5class_smote,0.0753,9,0.7080254014276485,0.5126618987227248,0.09381157628847836,0.6961891891891892,0.04450966006358523,0.6841600766834411,0.8914327501828205,0.6848341232227488,0.23634988418083547,0.0,False,0.0023963575365444356,False,-0.00388141981211676,False,0.007109004739336511,False
unsw_nb15_v2,dnn_5class_smote,0.1,0,0.6928034540899135,0.5046170100293353,0.09300049336772301,0.6637027027027027,0.04035216434336023,0.6748142822909178,0.9079147212690555,0.6824644549763034,0.23092923212681804,0.004157495720224995,False,0.011742151929067801,False,-0.020363390898351708,False,0.009478672985781977,False
unsw_nb15_v2,dnn_5class_smote,0.1,1,0.7059768991979326,0.5055134647760328,0.11010505603366466,0.6935945945945946,0.04450966006358523,0.6697819314641744,0.8914890026438657,0.7440758293838863,0.23450623217409117,0.0,False,0.01677450275581116,False,-0.003937672273161885,False,-0.05213270142180093,False
unsw_nb15_v2,dnn_5class_smote,0.1,2,0.7091441987992625,0.5154402089800574,0.11180880756347117,0.6963243243243243,0.04181951577402788,0.6872753414809489,0.8961579569106148,0.6374407582938388,0.23705898110650636,0.002690144289557349,False,-0.0007189072609633529,False,-0.008606626539911066,False,0.05450236966824651,False
unsw_nb15_v2,dnn_5class_smote,0.1,3,0.6923622382250516,0.5110784227985069,0.09223215704015815,0.6602702702702703,0.040107605771582296,0.6863167984663312,0.9119086460032626,0.6374407582938388,0.23414380485652606,0.004402054292002931,False,0.00023963575365437695,False,-0.02435731563255883,False,0.05450236966824651,False
unsw_nb15_v2,dnn_5class_smote,0.1,4,0.707915097461433,0.511840767880192,0.10334779392268333,0.6967567567567567,0.04304230863291758,0.6870357057272946,0.8893514091241492,0.6919431279620853,0.23579836434975812,0.001467351430667646,False,-0.00047927150730897594,False,-0.0018000787534454554,False,0.0,False
unsw_nb15_v2,dnn_5class_smote,0.1,5,0.7080884322654859,0.5129375760976225,0.10356310353069877,0.6964324324324325,0.04450966006358523,0.6879942487419123,0.8903077009619171,0.6824644549763034,0.23280439955248106,0.0,False,-0.0014378145219267058,False,-0.002756370591213364,False,0.009478672985781977,False
unsw_nb15_v2,dnn_5class_smote,0.1,6,0.707111454279006,0.506185191330248,0.10205950883547052,0.6937837837837838,0.03546099290780142,0.67169901749341,0.8980142881251054,0.6919431279620853,0.23660200753218513,0.009048667155783806,False,0.01485741672657559,False,-0.010462957754401647,False,0.0,False
unsw_nb15_v2,dnn_5class_smote,0.1,7,0.7093805644411528,0.510986477606485,0.10326400918915112,0.6992972972972973,0.04181951577402788,0.6839204409297868,0.8902514485008719,0.6943127962085308,0.2356407872551646,0.002690144289557349,False,0.0026359932901988126,False,-0.0027001181301681276,False,-0.0023696682464454666,False
unsw_nb15_v2,dnn_5class_smote,0.1,8,0.7110036085154662,0.520130462554486,0.09829351933866799,0.6992702702702702,0.043775984348251404,0.6860771627126767,0.8964392192158407,0.6398104265402843,0.24024203841729566,0.000733675715333823,False,0.0004792715073088649,False,-0.008887888845136915,False,0.05213270142180104,False
unsw_nb15_v2,dnn_5class_smote,0.1,9,0.7077575203668395,0.5101037861542788,0.10521498992793206,0.6949459459459459,0.044998777207141114,0.6671459381739756,0.8963267142937503,0.7109004739336493,0.23759474322812435,-0.0004891171435558866,False,0.019410496046009973,False,-0.008775383923046554,False,-0.018957345971563955,False
cic_ids2017_v2,rf_5class_cw,0.02,0,0.998375284325243,0.9455916975814717,0.020271057832733797,0.9986626442322645,0.9983258928571429,0.9995551601423488,0.9551569506726457,0.7142857142857143,0.00042492563801334765,0.0,False,0.0,False,0.0,False,0.0,False
cic_ids2017_v2,rf_5class_cw,0.02,1,0.998375284325243,0.9455916975814717,0.02028019274370534,0.9986626442322645,0.9983258928571429,0.9995551601423488,0.9551569506726457,0.7142857142857143,0.00042492563801334765,0.0,False,0.0,False,0.0,False,0.0,False
cic_ids2017_v2,rf_5class_cw,0.02,2,0.998375284325243,0.9455916975814717,0.020240992307519516,0.9986626442322645,0.9983258928571429,0.9995551601423488,0.9551569506726457,0.7142857142857143,0.00042492563801334765,0.0,False,0.0,False,0.0,False,0.0,False
cic_ids2017_v2,rf_5class_cw,0.02,3,0.998375284325243,0.9455607118805579,0.020388564984319377,0.9986937455291885,0.9983258928571429,0.9995551601423488,0.9506726457399103,0.7142857142857143,0.0003749343864823656,0.0,False,0.0,False,0.004484304932735439,False,0.0,False
cic_ids2017_v2,rf_5class_cw,0.02,4,0.998375284325243,0.9455916975814717,0.020296331537526104,0.9986626442322645,0.9983258928571429,0.9995551601423488,0.9551569506726457,0.7142857142857143,0.00042492563801334765,0.0,False,0.0,False,0.0,False,0.0,False
cic_ids2017_v2,rf_5class_cw,0.02,5,0.998375284325243,0.9455916975814717,0.020359398290216758,0.9986626442322645,0.9983258928571429,0.9995551601423488,0.9551569506726457,0.7142857142857143,0.00042492563801334765,0.0,False,0.0,False,0.0,False,0.0,False
cic_ids2017_v2,rf_5class_cw,0.02,6,0.998375284325243,0.9455916975814717,0.02017774247883159,0.9986626442322645,0.9983258928571429,0.9995551601423488,0.9551569506726457,0.7142857142857143,0.00042492563801334765,0.0,False,0.0,False,0.0,False,0.0,False
cic_ids2017_v2,rf_5class_cw,0.02,7,0.998375284325243,0.9455916975814717,0.020202723715431945,0.9986626442322645,0.9983258928571429,0.9995551601423488,0.9551569506726457,0.7142857142857143,0.00042492563801334765,0.0,False,0.0,False,0.0,False,0.0,False
cic_ids2017_v2,rf_5class_cw,0.02,8,0.998375284325243,0.9455916975814717,0.02026968439718087,0.9986626442322645,0.9983258928571429,0.9995551601423488,0.9551569506726457,0.7142857142857143,0.00042492563801334765,0.0,False,0.0,False,0.0,False,0.0,False
cic_ids2017_v2,rf_5class_cw,0.02,9,0.998375284325243,0.9455916975814717,0.020267254164447118,0.9986626442322645,0.9983258928571429,0.9995551601423488,0.9551569506726457,0.7142857142857143,0.00042492563801334765,0.0,False,0.0,False,0.0,False,0.0,False
cic_ids2017_v2,rf_5class_cw,0.05,0,0.9984002799510086,0.9456390494287206,0.050053221548446276,0.9986937455291885,0.9983258928571429,0.9995551601423488,0.9551569506726457,0.7142857142857143,0.00039993001224785665,0.0,False,0.0,False,0.0,False,0.0,False
cic_ids2017_v2,rf_5class_cw,0.05,1,0.998375284325243,0.9455916975814717,0.050106222111643436,0.9986626442322645,0.9983258928571429,0.9995551601423488,0.9551569506726457,0.7142857142857143,0.00042492563801334765,0.0,False,0.0,False,0.0,False,0.0,False
cic_ids2017_v2,rf_5class_cw,0.05,2,0.9984002799510086,0.9584153246450648,0.05007493563705862,0.9986937455291885,0.9983258928571429,0.9995551601423488,0.9551569506726457,0.7142857142857143,0.00039993001224785665,0.0,False,0.0,False,0.0,False,0.0,False
cic_ids2017_v2,rf_5class_cw,0.05,3,0.9984002799510086,0.9583843388471692,0.049926291544720204,0.9987248468261126,0.9983258928571429,0.9995551601423488,0.9506726457399103,0.7142857142857143,0.0003499387607168745,0.0,False,0.0,False,0.004484304932735439,False,0.0,False
cic_ids2017_v2,rf_5class_cw,0.05,4,0.9984002799510086,0.9584153246450648,0.050143036137714814,0.9986937455291885,0.9983258928571429,0.9995551601423488,0.9551569506726457,0.7142857142857143,0.00039993001224785665,0.0,False,0.0,False,0.0,False,0.0,False
cic_ids2017_v2,rf_5class_cw,0.05,5,0.9984002799510086,0.9583843388471692,0.05015122758593223,0.9987248468261126,0.9983258928571429,0.9995551601423488,0.9506726457399103,0.7142857142857143,0.0003499387607168745,0.0,False,0.0,False,0.004484304932735439,False,0.0,False
cic_ids2017_v2,rf_5class_cw,0.05,6,0.998375284325243,0.957975112485895,0.050148357577007176,0.9986626442322645,0.9983258928571429,0.9995551601423488,0.9551569506726457,0.7142857142857143,0.00042492563801334765,0.0,False,0.0,False,0.0,False,0.0,False
cic_ids2017_v2,rf_5class_cw,0.05,7,0.998375284325243,0.9455916975814717,0.05031172420187543,0.9986626442322645,0.9983258928571429,0.9995551601423488,0.9551569506726457,0.7142857142857143,0.00042492563801334765,0.0,False,0.0,False,0.0,False,0.0,False
cic_ids2017_v2,rf_5class_cw,0.05,8,0.998375284325243,0.9455916975814717,0.050193367780763755,0.9986626442322645,0.9983258928571429,0.9995551601423488,0.9551569506726457,0.7142857142857143,0.00042492563801334765,0.0,False,0.0,False,0.0,False,0.0,False
cic_ids2017_v2,rf_5class_cw,0.05,9,0.9984002799510086,0.9583843388471692,0.049945100898134843,0.9987248468261126,0.9983258928571429,0.9995551601423488,0.9506726457399103,0.7142857142857143,0.0003499387607168745,0.0,False,0.0,False,0.004484304932735439,False,0.0,False
cic_ids2017_v2,rf_5class_cw,0.0667,0,0.998375284325243,0.9455916975814717,0.06686010360631763,0.9986626442322645,0.9983258928571429,0.9995551601423488,0.9551569506726457,0.7142857142857143,0.00042492563801334765,0.0,False,0.0,False,0.0,False,0.0,False
cic_ids2017_v2,rf_5class_cw,0.0667,1,0.9983002974479466,0.9454342397435986,0.06675982376857072,0.9986004416384163,0.9981398809523809,0.9995551601423488,0.9551569506726457,0.7142857142857143,0.0004999125153098208,0.0001860119047619735,False,0.0,False,0.0,False,0.0,False
cic_ids2017_v2,rf_5class_cw,0.0667,2,0.9984002799510086,0.9456390494287206,0.0667925371907665,0.9986937455291885,0.9983258928571429,0.9995551601423488,0.9551569506726457,0.7142857142857143,0.00039993001224785665,0.0,False,0.0,False,0.0,False,0.0,False
cic_ids2017_v2,rf_5class_cw,0.0667,3,0.998375284325243,0.9455607118805579,0.06667273759832344,0.9986937455291885,0.9983258928571429,0.9995551601423488,0.9506726457399103,0.7142857142857143,0.0003749343864823656,0.0,False,0.0,False,0.004484304932735439,False,0.0,False
cic_ids2017_v2,rf_5class_cw,0.0667,4,0.9984002799510086,0.9631772233088667,0.06664588096967976,0.9986626442322645,0.9983258928571429,0.9995551601423488,0.9551569506726457,0.8571428571428571,0.0004499212637788387,0.0,False,0.0,False,0.0,False,-0.1428571428571428,False
cic_ids2017_v2,rf_5class_cw,0.0667,5,0.998375284325243,0.957975112485895,0.06670981317962993,0.9986626442322645,0.9983258928571429,0.9995551601423488,0.9551569506726457,0.7142857142857143,0.00042492563801334765,0.0,False,0.0,False,0.0,False,0.0,False
cic_ids2017_v2,rf_5class_cw,0.0667,6,0.998375284325243,0.9455916975814717,0.06684778338067231,0.9986626442322645,0.9983258928571429,0.9995551601423488,0.9551569506726457,0.7142857142857143,0.00042492563801334765,0.0,False,0.0,False,0.0,False,0.0,False
cic_ids2017_v2,rf_5class_cw,0.0667,7,0.998375284325243,0.9455916975814717,0.06673357985595979,0.9986626442322645,0.9983258928571429,0.9995551601423488,0.9551569506726457,0.7142857142857143,0.00042492563801334765,0.0,False,0.0,False,0.0,False,0.0,False
cic_ids2017_v2,rf_5class_cw,0.0667,8,0.9984002799510086,0.9456132206624309,0.06674939580233354,0.9987248468261126,0.9981398809523809,0.9995551601423488,0.9551569506726457,0.7142857142857143,0.0004999125153098208,0.0001860119047619735,False,0.0,False,0.0,False,0.0,False
cic_ids2017_v2,rf_5class_cw,0.0667,9,0.9984002799510086,0.9584153246450648,0.0666947763309089,0.9986937455291885,0.9983258928571429,0.9995551601423488,0.9551569506726457,0.7142857142857143,0.00039993001224785665,0.0,False,0.0,False,0.0,False,0.0,False
cic_ids2017_v2,rf_5class_cw,0.0753,0,0.9984002799510086,0.9456132206624309,0.07535753408251218,0.9987248468261126,0.9981398809523809,0.9995551601423488,0.9551569506726457,0.7142857142857143,0.0004999125153098208,0.0001860119047619735,False,0.0,False,0.0,False,0.0,False
cic_ids2017_v2,rf_5class_cw,0.0753,1,0.998375284325243,0.9455916975814717,0.07540125689967124,0.9986626442322645,0.9983258928571429,0.9995551601423488,0.9551569506726457,0.7142857142857143,0.00042492563801334765,0.0,False,0.0,False,0.0,False,0.0,False
cic_ids2017_v2,rf_5class_cw,0.0753,2,0.9984252755767741,0.9456351714427338,0.07539616616120325,0.9986626442322645,0.9986979166666666,0.9995551601423488,0.9551569506726457,0.7142857142857143,0.0004749168895443297,-0.00037202380952372494,False,0.0,False,0.0,False,0.0,False
cic_ids2017_v2,rf_5class_cw,0.0753,3,0.9984002799510086,0.9583843388471692,0.07534899039217889,0.9987248468261126,0.9983258928571429,0.9995551601423488,0.9506726457399103,0.7142857142857143,0.0003499387607168745,0.0,False,0.0,False,0.004484304932735439,False,0.0,False
cic_ids2017_v2,rf_5class_cw,0.0753,4,0.998375284325243,0.9455916975814717,0.0751805460802518,0.9986626442322645,0.9983258928571429,0.9995551601423488,0.9551569506726457,0.7142857142857143,0.00042492563801334765,0.0,False,0.0,False,0.0,False,0.0,False
cic_ids2017_v2,rf_5class_cw,0.0753,5,0.998375284325243,0.9455916975814717,0.07538937865875432,0.9986626442322645,0.9983258928571429,0.9995551601423488,0.9551569506726457,0.7142857142857143,0.00042492563801334765,0.0,False,0.0,False,0.0,False,0.0,False
cic_ids2017_v2,rf_5class_cw,0.0753,6,0.998375284325243,0.9455607118805579,0.07535046028732022,0.9986937455291885,0.9983258928571429,0.9995551601423488,0.9506726457399103,0.7142857142857143,0.0003749343864823656,0.0,False,0.0,False,0.004484304932735439,False,0.0,False
cic_ids2017_v2,rf_5class_cw,0.0753,7,0.9984002799510086,0.9584153246450648,0.07535943970879004,0.9986937455291885,0.9983258928571429,0.9995551601423488,0.9551569506726457,0.7142857142857143,0.00039993001224785665,0.0,False,0.0,False,0.0,False,0.0,False
cic_ids2017_v2,rf_5class_cw,0.0753,8,0.998375284325243,0.9455916975814717,0.07542966742937426,0.9986626442322645,0.9983258928571429,0.9995551601423488,0.9551569506726457,0.7142857142857143,0.00042492563801334765,0.0,False,0.0,False,0.0,False,0.0,False
cic_ids2017_v2,rf_5class_cw,0.0753,9,0.998375284325243,0.9455916975814717,0.07541589770802246,0.9986626442322645,0.9983258928571429,0.9995551601423488,0.9551569506726457,0.7142857142857143,0.00042492563801334765,0.0,False,0.0,False,0.0,False,0.0,False
cic_ids2017_v2,rf_5class_cw,0.1,0,0.998375284325243,0.9455607118805579,0.10011247812251879,0.9986937455291885,0.9983258928571429,0.9995551601423488,0.9506726457399103,0.7142857142857143,0.0003749343864823656,0.0,False,0.0,False,0.004484304932735439,False,0.0,False
cic_ids2017_v2,rf_5class_cw,0.1,1,0.9984002799510086,0.9456390494287206,0.09997514887540393,0.9986937455291885,0.9983258928571429,0.9995551601423488,0.9551569506726457,0.7142857142857143,0.00039993001224785665,0.0,False,0.0,False,0.0,False,0.0,False
cic_ids2017_v2,rf_5class_cw,0.1,2,0.9984002799510086,0.9456390494287206,0.10006734869652902,0.9986937455291885,0.9983258928571429,0.9995551601423488,0.9551569506726457,0.7142857142857143,0.00039993001224785665,0.0,False,0.0,False,0.0,False,0.0,False
cic_ids2017_v2,rf_5class_cw,0.1,3,0.9983502886994776,0.9451185833489013,0.1000335148200052,0.9986626442322645,0.9983258928571429,0.9995551601423488,0.9506726457399103,0.7142857142857143,0.00039993001224785665,0.0,False,0.0,False,0.004484304932735439,False,0.0,False
cic_ids2017_v2,rf_5class_cw,0.1,4,0.998375284325243,0.9583674140553748,0.09991948308472354,0.9987248468261126,0.9983258928571429,0.9986654804270463,0.9551569506726457,0.7142857142857143,0.0003249431349513835,0.0,False,0.000889679715302516,False,0.0,False,0.0,False
cic_ids2017_v2,rf_5class_cw,0.1,5,0.998375284325243,0.9455916975814717,0.09997254531673834,0.9986626442322645,0.9983258928571429,0.9995551601423488,0.9551569506726457,0.7142857142857143,0.00042492563801334765,0.0,False,0.0,False,0.0,False,0.0,False
cic_ids2017_v2,rf_5class_cw,0.1,6,0.998375284325243,0.9451733315420349,0.09966136929624045,0.9986004416384163,0.9986979166666666,0.9995551601423488,0.9551569506726457,0.7142857142857143,0.0005249081410753118,-0.00037202380952372494,False,0.0,False,0.0,False,0.0,False
cic_ids2017_v2,rf_5class_cw,0.1,7,0.9983502886994776,0.9455700700555718,0.09997570663096574,0.9986315429353404,0.9983258928571429,0.9995551601423488,0.9551569506726457,0.7142857142857143,0.0004499212637788387,0.0,False,0.0,False,0.0,False,0.0,False
cic_ids2017_v2,rf_5class_cw,0.1,8,0.9984252755767741,0.9584626763954265,0.09998668089573343,0.9987248468261126,0.9983258928571429,0.9995551601423488,0.9551569506726457,0.7142857142857143,0.0003749343864823656,0.0,False,0.0,False,0.0,False,0.0,False
cic_ids2017_v2,rf_5class_cw,0.1,9,0.9984252755767741,0.9456605723158168,0.10004029943010151,0.9987559481230367,0.9981398809523809,0.9995551601423488,0.9551569506726457,0.7142857142857143,0.0004749168895443297,0.0001860119047619735,False,0.0,False,0.0,False,0.0,False
cic_ids2017_v2,xgb_5class_cw,0.02,0,0.9991001574724423,0.9816832186734518,0.02003933069294788,0.9991602649830498,0.9996279761904762,0.9995551601423488,0.9730941704035875,1.0,9.998250306196416e-05,0.0,False,0.0,False,0.0,False,0.0,False
cic_ids2017_v2,xgb_5class_cw,0.02,1,0.9991251530982078,0.9817048893743083,0.019996070694822805,0.9991913662799738,0.9996279761904762,0.9995551601423488,0.9730941704035875,1.0,0.0001249781288274552,0.0,False,0.0,False,0.0,False,0.0,False
cic_ids2017_v2,xgb_5class_cw,0.02,2,0.9991251530982078,0.9817048893743083,0.020018323651803047,0.9991913662799738,0.9996279761904762,0.9995551601423488,0.9730941704035875,1.0,0.0001249781288274552,0.0,False,0.0,False,0.0,False,0.0,False
cic_ids2017_v2,xgb_5class_cw,0.02,3,0.9991251530982078,0.9817048893743083,0.020021290210781174,0.9991913662799738,0.9996279761904762,0.9995551601423488,0.9730941704035875,1.0,0.0001249781288274552,0.0,False,0.0,False,0.0,False,0.0,False
cic_ids2017_v2,xgb_5class_cw,0.02,4,0.9991251530982078,0.9817048893743083,0.019981646174030195,0.9991913662799738,0.9996279761904762,0.9995551601423488,0.9730941704035875,1.0,0.0001249781288274552,0.0,False,0.0,False,0.0,False,0.0,False
cic_ids2017_v2,xgb_5class_cw,0.02,5,0.9991251530982078,0.9817048893743083,0.019954972519328023,0.9991913662799738,0.9996279761904762,0.9995551601423488,0.9730941704035875,1.0,0.0001249781288274552,0.0,False,0.0,False,0.0,False,0.0,False
cic_ids2017_v2,xgb_5class_cw,0.02,6,0.9991251530982078,0.9817048893743083,0.0200139366971707,0.9991913662799738,0.9996279761904762,0.9995551601423488,0.9730941704035875,1.0,0.0001249781288274552,0.0,False,0.0,False,0.0,False,0.0,False
cic_ids2017_v2,xgb_5class_cw,0.02,7,0.9991251530982078,0.9817048893743083,0.019996068830456123,0.9991913662799738,0.9996279761904762,0.9995551601423488,0.9730941704035875,1.0,0.0001249781288274552,0.0,False,0.0,False,0.0,False,0.0,False
cic_ids2017_v2,xgb_5class_cw,0.02,8,0.9991251530982078,0.9817048893743083,0.020039061784684353,0.9991913662799738,0.9996279761904762,0.9995551601423488,0.9730941704035875,1.0,0.0001249781288274552,0.0,False,0.0,False,0.0,False,0.0,False
cic_ids2017_v2,xgb_5class_cw,0.02,9,0.9991251530982078,0.9817048893743083,0.020038251460136977,0.9991913662799738,0.9996279761904762,0.9995551601423488,0.9730941704035875,1.0,0.0001249781288274552,0.0,False,0.0,False,0.0,False,0.0,False
cic_ids2017_v2,xgb_5class_cw,0.05,0,0.9991251530982078,0.9817048893743083,0.04994092711917398,0.9991913662799738,0.9996279761904762,0.9995551601423488,0.9730941704035875,1.0,0.0001249781288274552,0.0,False,0.0,False,0.0,False,0.0,False
cic_ids2017_v2,xgb_5class_cw,0.05,1,0.9991001574724423,0.9816832186734518,0.049915850683893724,0.9991602649830498,0.9996279761904762,0.9995551601423488,0.9730941704035875,1.0,9.998250306196416e-05,0.0,False,0.0,False,0.0,False,0.0,False
cic_ids2017_v2,xgb_5class_cw,0.05,2,0.9991001574724423,0.9816832186734518,0.04983392095046701,0.9991602649830498,0.9996279761904762,0.9995551601423488,0.9730941704035875,1.0,9.998250306196416e-05,0.0,False,0.0,False,0.0,False,0.0,False
cic_ids2017_v2,xgb_5class_cw,0.05,3,0.9991251530982078,0.9817048893743083,0.04983914882137195,0.9991913662799738,0.9996279761904762,0.9995551601423488,0.9730941704035875,1.0,0.0001249781288274552,0.0,False,0.0,False,0.0,False,0.0,False
cic_ids2017_v2,xgb_5class_cw,0.05,4,0.9991251530982078,0.9817048893743083,0.049959051868275095,0.9991913662799738,0.9996279761904762,0.9995551601423488,0.9730941704035875,1.0,0.0001249781288274552,0.0,False,0.0,False,0.0,False,0.0,False
cic_ids2017_v2,xgb_5class_cw,0.05,5,0.9991251530982078,0.9817048893743083,0.049895514051573164,0.9991913662799738,0.9996279761904762,0.9995551601423488,0.9730941704035875,1.0,0.0001249781288274552,0.0,False,0.0,False,0.0,False,0.0,False
cic_ids2017_v2,xgb_5class_cw,0.05,6,0.9991251530982078,0.9817048893743083,0.04996463325628579,0.9991913662799738,0.9996279761904762,0.9995551601423488,0.9730941704035875,1.0,0.0001249781288274552,0.0,False,0.0,False,0.0,False,0.0,False
cic_ids2017_v2,xgb_5class_cw,0.05,7,0.9990001749693803,0.9799174175358576,0.049990830946073046,0.9990358597953535,0.9996279761904762,0.9995551601423488,0.9730941704035875,1.0,0.0,0.0,False,0.0,False,0.0,False,0.0,False
cic_ids2017_v2,xgb_5class_cw,0.05,8,0.9991001574724423,0.9816832186734518,0.049959885817119555,0.9991602649830498,0.9996279761904762,0.9995551601423488,0.9730941704035875,1.0,9.998250306196416e-05,0.0,False,0.0,False,0.0,False,0.0,False
cic_ids2017_v2,xgb_5class_cw,0.05,9,0.9990251705951458,0.979939088624097,0.04979407602126696,0.9990669610922776,0.9996279761904762,0.9995551601423488,0.9730941704035875,1.0,2.499562576549104e-05,0.0,False,0.0,False,0.0,False,0.0,False
cic_ids2017_v2,xgb_5class_cw,0.0667,0,0.9991251530982078,0.9817048893743083,0.06667946553124479,0.9991913662799738,0.9996279761904762,0.9995551601423488,0.9730941704035875,1.0,0.0001249781288274552,0.0,False,0.0,False,0.0,False,0.0,False
cic_ids2017_v2,xgb_5class_cw,0.0667,1,0.9991251530982078,0.9817048893743083,0.06656483433001088,0.9991913662799738,0.9996279761904762,0.9995551601423488,0.9730941704035875,1.0,0.0001249781288274552,0.0,False,0.0,False,0.0,False,0.0,False
cic_ids2017_v2,xgb_5class_cw,0.0667,2,0.9991251530982078,0.9817048893743083,0.06663707749120201,0.9991913662799738,0.9996279761904762,0.9995551601423488,0.9730941704035875,1.0,0.0001249781288274552,0.0,False,0.0,False,0.0,False,0.0,False
cic_ids2017_v2,xgb_5class_cw,0.0667,3,0.9991251530982078,0.9817048893743083,0.06659842026162176,0.9991913662799738,0.9996279761904762,0.9995551601423488,0.9730941704035875,1.0,0.0001249781288274552,0.0,False,0.0,False,0.0,False,0.0,False
cic_ids2017_v2,xgb_5class_cw,0.0667,4,0.9991001574724423,0.9816832186734518,0.06658230270364904,0.9991602649830498,0.9996279761904762,0.9995551601423488,0.9730941704035875,1.0,9.998250306196416e-05,0.0,False,0.0,False,0.0,False,0.0,False
cic_ids2017_v2,xgb_5class_cw,0.0667,5,0.9991001574724423,0.9816832186734518,0.06654512771869107,0.9991602649830498,0.9996279761904762,0.9995551601423488,0.9730941704035875,1.0,9.998250306196416e-05,0.0,False,0.0,False,0.0,False,0.0,False
cic_ids2017_v2,xgb_5class_cw,0.0667,6,0.9991001574724423,0.9816832186734518,0.06667263104043829,0.9991602649830498,0.9996279761904762,0.9995551601423488,0.9730941704035875,1.0,9.998250306196416e-05,0.0,False,0.0,False,0.0,False,0.0,False
cic_ids2017_v2,xgb_5class_cw,0.0667,7,0.9991251530982078,0.9817048893743083,0.06657938762139938,0.9991913662799738,0.9996279761904762,0.9995551601423488,0.9730941704035875,1.0,0.0001249781288274552,0.0,False,0.0,False,0.0,False,0.0,False
cic_ids2017_v2,xgb_5class_cw,0.0667,8,0.9991251530982078,0.9817048893743083,0.06660178598702704,0.9991913662799738,0.9996279761904762,0.9995551601423488,0.9730941704035875,1.0,0.0001249781288274552,0.0,False,0.0,False,0.0,False,0.0,False
cic_ids2017_v2,xgb_5class_cw,0.0667,9,0.9991001574724423,0.9816572667216154,0.06654459113503809,0.9991913662799738,0.9996279761904762,0.9991103202846975,0.9730941704035875,1.0,0.00014997375459294623,0.0,False,0.0004448398576513135,False,0.0,False,0.0,False
cic_ids2017_v2,xgb_5class_cw,0.0753,0,0.9991251530982078,0.9817048893743083,0.07515249151457608,0.9991913662799738,0.9996279761904762,0.9995551601423488,0.9730941704035875,1.0,0.0001249781288274552,0.0,False,0.0,False,0.0,False,0.0,False
cic_ids2017_v2,xgb_5class_cw,0.0753,1,0.9991251530982078,0.9817048893743083,0.07518265241258879,0.9991913662799738,0.9996279761904762,0.9995551601423488,0.9730941704035875,1.0,0.0001249781288274552,0.0,False,0.0,False,0.0,False,0.0,False
cic_ids2017_v2,xgb_5class_cw,0.0753,2,0.9991251530982078,0.9817048893743083,0.0752156621652397,0.9991913662799738,0.9996279761904762,0.9995551601423488,0.9730941704035875,1.0,0.0001249781288274552,0.0,False,0.0,False,0.0,False,0.0,False
cic_ids2017_v2,xgb_5class_cw,0.0753,3,0.9991001574724423,0.979605988057536,0.07523343246717937,0.9992224675768979,0.9996279761904762,0.9991103202846975,0.9730941704035875,0.8571428571428571,0.00019996500612392832,0.0,False,0.0004448398576513135,False,0.0,False,0.1428571428571429,False
cic_ids2017_v2,xgb_5class_cw,0.0753,4,0.9991251530982078,0.9817048893743083,0.07510548975129604,0.9991913662799738,0.9996279761904762,0.9995551601423488,0.9730941704035875,1.0,0.0001249781288274552,0.0,False,0.0,False,0.0,False,0.0,False
cic_ids2017_v2,xgb_5class_cw,0.0753,5,0.9991251530982078,0.9817048893743083,0.07521510637695754,0.9991913662799738,0.9996279761904762,0.9995551601423488,0.9730941704035875,1.0,0.0001249781288274552,0.0,False,0.0,False,0.0,False,0.0,False
cic_ids2017_v2,xgb_5class_cw,0.0753,6,0.9991251530982078,0.9817048893743083,0.07521721223210019,0.9991913662799738,0.9996279761904762,0.9995551601423488,0.9730941704035875,1.0,0.0001249781288274552,0.0,False,0.0,False,0.0,False,0.0,False
cic_ids2017_v2,xgb_5class_cw,0.0753,7,0.9991001574724423,0.9816572667216154,0.0752117452138766,0.9991913662799738,0.9996279761904762,0.9991103202846975,0.9730941704035875,1.0,0.00014997375459294623,0.0,False,0.0004448398576513135,False,0.0,False,0.0,False
cic_ids2017_v2,xgb_5class_cw,0.0753,8,0.9991251530982078,0.9817048893743083,0.07518034901675326,0.9991913662799738,0.9996279761904762,0.9995551601423488,0.9730941704035875,1.0,0.0001249781288274552,0.0,False,0.0,False,0.0,False,0.0,False
cic_ids2017_v2,xgb_5class_cw,0.0753,9,0.9991251530982078,0.9817048893743083,0.07520684055817108,0.9991913662799738,0.9996279761904762,0.9995551601423488,0.9730941704035875,1.0,0.0001249781288274552,0.0,False,0.0,False,0.0,False,0.0,False
cic_ids2017_v2,xgb_5class_cw,0.1,0,0.9991251530982078,0.9817048893743083,0.09986984065958229,0.9991913662799738,0.9996279761904762,0.9995551601423488,0.9730941704035875,1.0,0.0001249781288274552,0.0,False,0.0,False,0.0,False,0.0,False
cic_ids2017_v2,xgb_5class_cw,0.1,1,0.9991001574724423,0.9816572667216154,0.09987846616074932,0.9991913662799738,0.9996279761904762,0.9991103202846975,0.9730941704035875,1.0,0.00014997375459294623,0.0,False,0.0004448398576513135,False,0.0,False,0.0,False
cic_ids2017_v2,xgb_5class_cw,0.1,2,0.9989001924663184,0.9781827163898769,0.09979137902543503,0.9989114546076572,0.9996279761904762,0.9995551601423488,0.9730941704035875,1.0,9.998250306196416e-05,0.0,False,0.0,False,0.0,False,0.0,False
cic_ids2017_v2,xgb_5class_cw,0.1,3,0.9989501837178494,0.9790462314152834,0.09984041509259428,0.9989736572015053,0.9996279761904762,0.9995551601423488,0.9730941704035875,1.0,4.999125153098208e-05,0.0,False,0.0,False,0.0,False,0.0,False
cic_ids2017_v2,xgb_5class_cw,0.1,4,0.9991251530982078,0.9817048893743083,0.09991033645980767,0.9991913662799738,0.9996279761904762,0.9995551601423488,0.9730941704035875,1.0,0.0001249781288274552,0.0,False,0.0,False,0.0,False,0.0,False
cic_ids2017_v2,xgb_5class_cw,0.1,5,0.9989001924663184,0.9781827163898769,0.09977590206580712,0.9989114546076572,0.9996279761904762,0.9995551601423488,0.9730941704035875,1.0,9.998250306196416e-05,0.0,False,0.0,False,0.0,False,0.0,False
cic_ids2017_v2,xgb_5class_cw,0.1,6,0.9990001749693803,0.9799174175358576,0.0995786058372942,0.9990358597953535,0.9996279761904762,0.9995551601423488,0.9730941704035875,1.0,0.0,0.0,False,0.0,False,0.0,False,0.0,False
cic_ids2017_v2,xgb_5class_cw,0.1,7,0.9990751618466769,0.9816355960208115,0.09990241773840873,0.9991602649830498,0.9996279761904762,0.9991103202846975,0.9730941704035875,1.0,0.0001249781288274552,0.0,False,0.0004448398576513135,False,0.0,False,0.0,False
cic_ids2017_v2,xgb_5class_cw,0.1,8,0.9991251530982078,0.9817048893743083,0.09981239133024561,0.9991913662799738,0.9996279761904762,0.9995551601423488,0.9730941704035875,1.0,0.0001249781288274552,0.0,False,0.0,False,0.0,False,0.0,False
cic_ids2017_v2,xgb_5class_cw,0.1,9,0.9991251530982078,0.9817048893743083,0.09986511598186573,0.9991913662799738,0.9996279761904762,0.9995551601423488,0.9730941704035875,1.0,0.0001249781288274552,0.0,False,0.0,False,0.0,False,0.0,False
cic_ids2017_v2,dnn_5class_cw,0.02,0,0.9460844352238358,0.6779112017057516,0.01978453462550624,0.980966006282462,0.7481398809523809,0.9933274021352313,0.23318385650224216,0.2857142857142857,0.19339115654760416,0.0,False,0.0,False,0.0,False,0.0,False
cic_ids2017_v2,dnn_5class_cw,0.02,1,0.9460844352238358,0.6779112017057516,0.019901159038412726,0.980966006282462,0.7481398809523809,0.9933274021352313,0.23318385650224216,0.2857142857142857,0.19339115654760416,0.0,False,0.0,False,0.0,False,0.0,False
cic_ids2017_v2,dnn_5class_cw,0.02,2,0.9460844352238358,0.6779112017057516,0.020070222344354568,0.980966006282462,0.7481398809523809,0.9933274021352313,0.23318385650224216,0.2857142857142857,0.19339115654760416,0.0,False,0.0,False,0.0,False,0.0,False
cic_ids2017_v2,dnn_5class_cw,0.02,3,0.9460844352238358,0.6779112017057516,0.01967939363076001,0.980966006282462,0.7481398809523809,0.9933274021352313,0.23318385650224216,0.2857142857142857,0.19339115654760416,0.0,False,0.0,False,0.0,False,0.0,False
cic_ids2017_v2,dnn_5class_cw,0.02,4,0.9460844352238358,0.6779112017057516,0.01974125077767111,0.980966006282462,0.7481398809523809,0.9933274021352313,0.23318385650224216,0.2857142857142857,0.19339115654760416,0.0,False,0.0,False,0.0,False,0.0,False
cic_ids2017_v2,dnn_5class_cw,0.02,5,0.9460844352238358,0.6779112017057516,0.019755246808061025,0.980966006282462,0.7481398809523809,0.9933274021352313,0.23318385650224216,0.2857142857142857,0.19339115654760416,0.0,False,0.0,False,0.0,False,0.0,False
cic_ids2017_v2,dnn_5class_cw,0.02,6,0.9460844352238358,0.6779112017057516,0.0197690378766901,0.980966006282462,0.7481398809523809,0.9933274021352313,0.23318385650224216,0.2857142857142857,0.19339115654760416,0.0,False,0.0,False,0.0,False,0.0,False
cic_ids2017_v2,dnn_5class_cw,0.02,7,0.9460844352238358,0.6779112017057516,0.019954334060171067,0.980966006282462,0.7481398809523809,0.9933274021352313,0.23318385650224216,0.2857142857142857,0.19339115654760416,0.0,False,0.0,False,0.0,False,0.0,False
cic_ids2017_v2,dnn_5class_cw,0.02,8,0.9460844352238358,0.6779112017057516,0.019790775149518405,0.980966006282462,0.7481398809523809,0.9933274021352313,0.23318385650224216,0.2857142857142857,0.19339115654760416,0.0,False,0.0,False,0.0,False,0.0,False
cic_ids2017_v2,dnn_5class_cw,0.02,9,0.9460844352238358,0.6779112017057516,0.019588363601666797,0.980966006282462,0.7481398809523809,0.9933274021352313,0.23318385650224216,0.2857142857142857,0.19339115654760416,0.0,False,0.0,False,0.0,False,0.0,False
cic_ids2017_v2,dnn_5class_cw,0.05,0,0.9460844352238358,0.6779112017057516,0.04942354309035858,0.980966006282462,0.7481398809523809,0.9933274021352313,0.23318385650224216,0.2857142857142857,0.19339115654760416,0.0,False,0.0,False,0.0,False,0.0,False
cic_ids2017_v2,dnn_5class_cw,0.05,1,0.9460844352238358,0.6779112017057516,0.04933818461021563,0.980966006282462,0.7481398809523809,0.9933274021352313,0.23318385650224216,0.2857142857142857,0.19339115654760416,0.0,False,0.0,False,0.0,False,0.0,False
cic_ids2017_v2,dnn_5class_cw,0.05,2,0.9459844527207739,0.6696453314765242,0.04956413101082523,0.9809038036886139,0.7477678571428571,0.9933274021352313,0.23318385650224216,0.2857142857142857,0.19339115654760416,0.00037202380952383596,False,0.0,False,0.0,False,0.0,False
cic_ids2017_v2,dnn_5class_cw,0.05,3,0.9460844352238358,0.6770137538446377,0.046392880168636956,0.9809971075793861,0.7481398809523809,0.9933274021352313,0.22869955156950672,0.2857142857142857,0.19344114779913515,0.0,False,0.0,False,0.004484304932735439,False,0.0,False
cic_ids2017_v2,dnn_5class_cw,0.05,4,0.9460844352238358,0.6779112017057516,0.04933894766034662,0.980966006282462,0.7481398809523809,0.9933274021352313,0.23318385650224216,0.2857142857142857,0.19339115654760416,0.0,False,0.0,False,0.0,False,0.0,False
cic_ids2017_v2,dnn_5class_cw,0.05,5,0.9460844352238358,0.6779112017057516,0.04969840350471779,0.980966006282462,0.7481398809523809,0.9933274021352313,0.23318385650224216,0.2857142857142857,0.19339115654760416,0.0,False,0.0,False,0.0,False,0.0,False
cic_ids2017_v2,dnn_5class_cw,0.05,6,0.9461344264753668,0.6779915747892957,0.04703351051782326,0.9810282088763101,0.7481398809523809,0.9933274021352313,0.23318385650224216,0.2857142857142857,0.19344114779913515,0.0,False,0.0,False,0.0,False,0.0,False
cic_ids2017_v2,dnn_5class_cw,0.05,7,0.9460594395980704,0.6778370200733791,0.04958833340586996,0.9809349049855379,0.7481398809523809,0.9933274021352313,0.23318385650224216,0.2857142857142857,0.19334116529607318,0.0,False,0.0,False,0.0,False,0.0,False
cic_ids2017_v2,dnn_5class_cw,0.05,8,0.9460844352238358,0.6779112017057516,0.047083147368159314,0.980966006282462,0.7481398809523809,0.9933274021352313,0.23318385650224216,0.2857142857142857,0.19339115654760416,0.0,False,0.0,False,0.0,False,0.0,False
cic_ids2017_v2,dnn_5class_cw,0.05,9,0.9460344439723049,0.6696997392788843,0.04959287863284303,0.9809038036886139,0.7481398809523809,0.9933274021352313,0.23318385650224216,0.2857142857142857,0.19334116529607318,0.0,False,0.0,False,0.0,False,0.0,False
cic_ids2017_v2,dnn_5class_cw,0.0667,0,0.9460844352238358,0.6779112017057516,0.06490178048013788,0.980966006282462,0.7481398809523809,0.9933274021352313,0.23318385650224216,0.2857142857142857,0.19339115654760416,0.0,False,0.0,False,0.0,False,0.0,False
cic_ids2017_v2,dnn_5class_cw,0.0667,1,0.9460844352238358,0.6779112017057516,0.06436614994057073,0.980966006282462,0.7481398809523809,0.9933274021352313,0.23318385650224216,0.2857142857142857,0.19339115654760416,0.0,False,0.0,False,0.0,False,0.0,False
cic_ids2017_v2,dnn_5class_cw,0.0667,2,0.9460844352238358,0.6779112017057516,0.06429224036120167,0.980966006282462,0.7481398809523809,0.9933274021352313,0.23318385650224216,0.2857142857142857,0.19339115654760416,0.0,False,0.0,False,0.0,False,0.0,False
cic_ids2017_v2,dnn_5class_cw,0.0667,3,0.9460844352238358,0.6779112017057516,0.06425056779973531,0.980966006282462,0.7481398809523809,0.9933274021352313,0.23318385650224216,0.2857142857142857,0.19339115654760416,0.0,False,0.0,False,0.0,False,0.0,False
cic_ids2017_v2,dnn_5class_cw,0.0667,4,0.9460844352238358,0.6779112017057516,0.06391361885795567,0.980966006282462,0.7481398809523809,0.9933274021352313,0.23318385650224216,0.2857142857142857,0.19339115654760416,0.0,False,0.0,False,0.0,False,0.0,False
cic_ids2017_v2,dnn_5class_cw,0.0667,5,0.9460844352238358,0.6779112017057516,0.06516743677545478,0.980966006282462,0.7481398809523809,0.9933274021352313,0.23318385650224216,0.2857142857142857,0.19339115654760416,0.0,False,0.0,False,0.0,False,0.0,False
cic_ids2017_v2,dnn_5class_cw,0.0667,6,0.9460844352238358,0.6779112017057516,0.06456972884609377,0.980966006282462,0.7481398809523809,0.9933274021352313,0.23318385650224216,0.2857142857142857,0.19339115654760416,0.0,False,0.0,False,0.0,False,0.0,False
cic_ids2017_v2,dnn_5class_cw,0.0667,7,0.9460844352238358,0.6779112017057516,0.06290532689886051,0.980966006282462,0.7481398809523809,0.9933274021352313,0.23318385650224216,0.2857142857142857,0.19339115654760416,0.0,False,0.0,False,0.0,False,0.0,False
cic_ids2017_v2,dnn_5class_cw,0.0667,8,0.9460844352238358,0.6779112017057516,0.06682097403201485,0.980966006282462,0.7481398809523809,0.9933274021352313,0.23318385650224216,0.2857142857142857,0.19339115654760416,0.0,False,0.0,False,0.0,False,0.0,False
cic_ids2017_v2,dnn_5class_cw,0.0667,9,0.9460594395980704,0.6778710376188488,0.06473418001506882,0.9809349049855379,0.7481398809523809,0.9933274021352313,0.23318385650224216,0.2857142857142857,0.19336616092183867,0.0,False,0.0,False,0.0,False,0.0,False
cic_ids2017_v2,dnn_5class_cw,0.0753,0,0.9460594395980704,0.6776528512303518,0.07230419660353223,0.9809349049855379,0.7481398809523809,0.9933274021352313,0.23318385650224216,0.2857142857142857,0.19336616092183867,0.0,False,0.0,False,0.0,False,0.0,False
cic_ids2017_v2,dnn_5class_cw,0.0753,1,0.9461594221011324,0.6780317838043579,0.07198760282845844,0.9810593101732342,0.7481398809523809,0.9933274021352313,0.23318385650224216,0.2857142857142857,0.19346614342490065,0.0,False,0.0,False,0.0,False,0.0,False
cic_ids2017_v2,dnn_5class_cw,0.0753,2,0.9460844352238358,0.6779112017057516,0.07259546557027671,0.980966006282462,0.7481398809523809,0.9933274021352313,0.23318385650224216,0.2857142857142857,0.19339115654760416,0.0,False,0.0,False,0.0,False,0.0,False
cic_ids2017_v2,dnn_5class_cw,0.0753,3,0.9462594046041942,0.689716700146122,0.07251981346677164,0.9808104997978415,0.7481398809523809,0.9933274021352313,0.28699551569506726,0.2857142857142857,0.1929662309095908,0.0,False,0.0,False,-0.0538116591928251,False,0.0,False
cic_ids2017_v2,dnn_5class_cw,0.0753,4,0.9461094308496013,0.6781713491503497,0.07190709491492644,0.9809971075793861,0.7481398809523809,0.9933274021352313,0.23318385650224216,0.2857142857142857,0.19341615217336966,0.0,False,0.0,False,0.0,False,0.0,False
cic_ids2017_v2,dnn_5class_cw,0.0753,5,0.9460844352238358,0.6779112017057516,0.07248121485565269,0.980966006282462,0.7481398809523809,0.9933274021352313,0.23318385650224216,0.2857142857142857,0.19339115654760416,0.0,False,0.0,False,0.0,False,0.0,False
cic_ids2017_v2,dnn_5class_cw,0.0753,6,0.9461094308496013,0.6698203219600238,0.07569698314471232,0.9809971075793861,0.7481398809523809,0.9933274021352313,0.23318385650224216,0.2857142857142857,0.19341615217336966,0.0,False,0.0,False,0.0,False,0.0,False
cic_ids2017_v2,dnn_5class_cw,0.0753,7,0.9460844352238358,0.6779112017057516,0.07167850393137859,0.980966006282462,0.7481398809523809,0.9933274021352313,0.23318385650224216,0.2857142857142857,0.19339115654760416,0.0,False,0.0,False,0.0,False,0.0,False
cic_ids2017_v2,dnn_5class_cw,0.0753,8,0.9461344264753668,0.6779915747892957,0.07278297924340836,0.9810282088763101,0.7481398809523809,0.9933274021352313,0.23318385650224216,0.2857142857142857,0.19344114779913515,0.0,False,0.0,False,0.0,False,0.0,False
cic_ids2017_v2,dnn_5class_cw,0.0753,9,0.9461594221011324,0.6780317838043579,0.07244637589455233,0.9810593101732342,0.7481398809523809,0.9933274021352313,0.23318385650224216,0.2857142857142857,0.19346614342490065,0.0,False,0.0,False,0.0,False,0.0,False
cic_ids2017_v2,dnn_5class_cw,0.1,0,0.9460844352238358,0.6779112017057516,0.09615450868739389,0.980966006282462,0.7481398809523809,0.9933274021352313,0.23318385650224216,0.2857142857142857,0.19339115654760416,0.0,False,0.0,False,0.0,False,0.0,False
cic_ids2017_v2,dnn_5class_cw,0.1,1,0.9460844352238358,0.6779112017057516,0.0963824548106596,0.980966006282462,0.7481398809523809,0.9933274021352313,0.23318385650224216,0.2857142857142857,0.19339115654760416,0.0,False,0.0,False,0.0,False,0.0,False
cic_ids2017_v2,dnn_5class_cw,0.1,2,0.9461094308496013,0.6777332245080736,0.0971355379739273,0.9809971075793861,0.7481398809523809,0.9933274021352313,0.23318385650224216,0.2857142857142857,0.19341615217336966,0.0,False,0.0,False,0.0,False,0.0,False
cic_ids2017_v2,dnn_5class_cw,0.1,3,0.9461594221011324,0.6780317838043579,0.0964482715194032,0.9810593101732342,0.7481398809523809,0.9933274021352313,0.23318385650224216,0.2857142857142857,0.19346614342490065,0.0,False,0.0,False,0.0,False,0.0,False
cic_ids2017_v2,dnn_5class_cw,0.1,4,0.9435848726472867,0.6742224692743118,0.09923517391031564,0.9830186918794513,0.7172619047619048,0.9933274021352313,0.23318385650224216,0.2857142857142857,0.19919014172519808,0.030877976190476164,False,0.0,False,0.0,False,0.0,False
cic_ids2017_v2,dnn_5class_cw,0.1,5,0.9460844352238358,0.6779112017057516,0.09508919459360263,0.980966006282462,0.7481398809523809,0.9933274021352313,0.23318385650224216,0.2857142857142857,0.19339115654760416,0.0,False,0.0,False,0.0,False,0.0,False
cic_ids2017_v2,dnn_5class_cw,0.1,6,0.9460844352238358,0.6770137538446377,0.0961251090560714,0.9809971075793861,0.7481398809523809,0.9933274021352313,0.22869955156950672,0.2857142857142857,0.19344114779913515,0.0,False,0.0,False,0.004484304932735439,False,0.0,False
cic_ids2017_v2,dnn_5class_cw,0.1,7,0.9461844177268978,0.6782919309577096,0.09721504141344388,0.9810904114701583,0.7481398809523809,0.9933274021352313,0.23318385650224216,0.2857142857142857,0.19349113905066614,0.0,False,0.0,False,0.0,False,0.0,False
cic_ids2017_v2,dnn_5class_cw,0.1,8,0.9460844352238358,0.6779112017057516,0.09615835584964236,0.980966006282462,0.7481398809523809,0.9933274021352313,0.23318385650224216,0.2857142857142857,0.19339115654760416,0.0,False,0.0,False,0.0,False,0.0,False
cic_ids2017_v2,dnn_5class_cw,0.1,9,0.9461594221011324,0.6780317838043579,0.09666054758676396,0.9810593101732342,0.7481398809523809,0.9933274021352313,0.23318385650224216,0.2857142857142857,0.19346614342490065,0.0,False,0.0,False,0.0,False,0.0,False
cic_ids2017_v2,rf_5class_smote,0.02,0,0.9984002799510086,0.9612621528435215,0.02029670539306119,0.99847603645072,0.9986979166666666,0.9995551601423488,0.9730941704035875,0.8571428571428571,0.0003249431349513835,-0.00018601190476186247,False,0.0,False,0.0,False,-0.1428571428571428,False
cic_ids2017_v2,rf_5class_smote,0.02,1,0.9984252755767741,0.9573307187932265,0.02040136756987064,0.9985693403414923,0.9985119047619048,0.9995551601423488,0.9730941704035875,0.7142857142857143,0.0002499562576549104,0.0,False,0.0,False,0.0,False,0.0,False
cic_ids2017_v2,rf_5class_smote,0.02,2,0.9984252755767741,0.9573307187932265,0.0202487690530124,0.9985693403414923,0.9985119047619048,0.9995551601423488,0.9730941704035875,0.7142857142857143,0.0002499562576549104,0.0,False,0.0,False,0.0,False,0.0,False
cic_ids2017_v2,rf_5class_smote,0.02,3,0.9984252755767741,0.9573307187932265,0.020277790944953498,0.9985693403414923,0.9985119047619048,0.9995551601423488,0.9730941704035875,0.7142857142857143,0.0002499562576549104,0.0,False,0.0,False,0.0,False,0.0,False
cic_ids2017_v2,rf_5class_smote,0.02,4,0.9984502712025396,0.9621143533142978,0.020372899654155084,0.9985382390445682,0.9986979166666666,0.9995551601423488,0.9730941704035875,0.8571428571428571,0.00027495188342040145,-0.00018601190476186247,False,0.0,False,0.0,False,-0.1428571428571428,False
cic_ids2017_v2,rf_5class_smote,0.02,5,0.9984502712025396,0.9621146356114292,0.020301836279117868,0.998444935153796,0.9992559523809523,0.9995551601423488,0.9730941704035875,0.8571428571428571,0.0003249431349513835,-0.0007440476190475609,False,0.0,False,0.0,False,-0.1428571428571428,False
cic_ids2017_v2,rf_5class_smote,0.02,6,0.9984252755767741,0.9573307187932265,0.020262295124447438,0.9985693403414923,0.9985119047619048,0.9995551601423488,0.9730941704035875,0.7142857142857143,0.0002499562576549104,0.0,False,0.0,False,0.0,False,0.0,False
cic_ids2017_v2,rf_5class_smote,0.02,7,0.9984252755767741,0.9573307187932265,0.020283168387950534,0.9985693403414923,0.9985119047619048,0.9995551601423488,0.9730941704035875,0.7142857142857143,0.0002499562576549104,0.0,False,0.0,False,0.0,False,0.0,False
cic_ids2017_v2,rf_5class_smote,0.02,8,0.9984252755767741,0.9573307187932265,0.02032807314607357,0.9985693403414923,0.9985119047619048,0.9995551601423488,0.9730941704035875,0.7142857142857143,0.0002499562576549104,0.0,False,0.0,False,0.0,False,0.0,False
cic_ids2017_v2,rf_5class_smote,0.02,9,0.9984252755767741,0.9573307187932265,0.020421487703102616,0.9985693403414923,0.9985119047619048,0.9995551601423488,0.9730941704035875,0.7142857142857143,0.0002499562576549104,0.0,False,0.0,False,0.0,False,0.0,False
cic_ids2017_v2,rf_5class_smote,0.05,0,0.9984252755767741,0.9573307187932265,0.05021528876743074,0.9985693403414923,0.9985119047619048,0.9995551601423488,0.9730941704035875,0.7142857142857143,0.0002499562576549104,0.0,False,0.0,False,0.0,False,0.0,False
cic_ids2017_v2,rf_5class_smote,0.05,1,0.9984252755767741,0.9573307187932265,0.050276225623587655,0.9985693403414923,0.9985119047619048,0.9995551601423488,0.9730941704035875,0.7142857142857143,0.0002499562576549104,0.0,False,0.0,False,0.0,False,0.0,False
cic_ids2017_v2,rf_5class_smote,0.05,2,0.9984252755767741,0.9573307187932265,0.05013693084355783,0.9985693403414923,0.9985119047619048,0.9995551601423488,0.9730941704035875,0.7142857142857143,0.0002499562576549104,0.0,False,0.0,False,0.0,False,0.0,False
cic_ids2017_v2,rf_5class_smote,0.05,3,0.9984252755767741,0.9573307187932265,0.050117032270413864,0.9985693403414923,0.9985119047619048,0.9995551601423488,0.9730941704035875,0.7142857142857143,0.0002499562576549104,0.0,False,0.0,False,0.0,False,0.0,False
cic_ids2017_v2,rf_5class_smote,0.05,4,0.9984252755767741,0.9573307187932265,0.04992481008261961,0.9985693403414923,0.9985119047619048,0.9995551601423488,0.9730941704035875,0.7142857142857143,0.0002499562576549104,0.0,False,0.0,False,0.0,False,0.0,False
cic_ids2017_v2,rf_5class_smote,0.05,5,0.9984502712025396,0.9577596324366351,0.050164174260771674,0.9986004416384163,0.9985119047619048,0.9995551601423488,0.9730941704035875,0.7142857142857143,0.00027495188342040145,0.0,False,0.0,False,0.0,False,0.0,False
cic_ids2017_v2,rf_5class_smote,0.05,6,0.9984252755767741,0.9573307187932265,0.05018478891579617,0.9985693403414923,0.9985119047619048,0.9995551601423488,0.9730941704035875,0.7142857142857143,0.0002499562576549104,0.0,False,0.0,False,0.0,False,0.0,False
cic_ids2017_v2,rf_5class_smote,0.05,7,0.998475266828305,0.9753042811324601,0.05023166527301197,0.9985693403414923,0.9986979166666666,0.9995551601423488,0.9730941704035875,0.8571428571428571,0.0002499562576549104,-0.00018601190476186247,False,0.0,False,0.0,False,-0.1428571428571428,False
cic_ids2017_v2,rf_5class_smote,0.05,8,0.9984502712025396,0.9621143533142978,0.050213498990186956,0.9985382390445682,0.9986979166666666,0.9995551601423488,0.9730941704035875,0.8571428571428571,0.00027495188342040145,-0.00018601190476186247,False,0.0,False,0.0,False,-0.1428571428571428,False
cic_ids2017_v2,rf_5class_smote,0.05,9,0.998375284325243,0.9564785185166688,0.050151284530136654,0.9985071377476441,0.9985119047619048,0.9995551601423488,0.9730941704035875,0.7142857142857143,0.00029994750918589246,0.0,False,0.0,False,0.0,False,0.0,False
cic_ids2017_v2,rf_5class_smote,0.0667,0,0.9984252755767741,0.9573307187932265,0.06683369782503154,0.9985693403414923,0.9985119047619048,0.9995551601423488,0.9730941704035875,0.7142857142857143,0.0002499562576549104,0.0,False,0.0,False,0.0,False,0.0,False
cic_ids2017_v2,rf_5class_smote,0.0667,1,0.9984002799510086,0.9612621528435215,0.06688592129603202,0.99847603645072,0.9986979166666666,0.9995551601423488,0.9730941704035875,0.8571428571428571,0.0003249431349513835,-0.00018601190476186247,False,0.0,False,0.0,False,-0.1428571428571428,False
cic_ids2017_v2,rf_5class_smote,0.0667,2,0.9984502712025396,0.9573780709316457,0.06685264312261716,0.9986004416384163,0.9985119047619048,0.9995551601423488,0.9730941704035875,0.7142857142857143,0.00022496063188941936,0.0,False,0.0,False,0.0,False,0.0,False
cic_ids2017_v2,rf_5class_smote,0.0667,3,0.9984002799510086,0.9612621528435215,0.06669118500992732,0.99847603645072,0.9986979166666666,0.9995551601423488,0.9730941704035875,0.8571428571428571,0.0003249431349513835,-0.00018601190476186247,False,0.0,False,0.0,False,-0.1428571428571428,False
cic_ids2017_v2,rf_5class_smote,0.0667,4,0.9984252755767741,0.9553885435066627,0.06672552637723812,0.99847603645072,0.9986979166666666,0.9995551601423488,0.9730941704035875,1.0,0.0003499387607168745,-0.00018601190476186247,False,0.0,False,0.0,False,-0.2857142857142857,False
cic_ids2017_v2,rf_5class_smote,0.0667,5,0.9984002799510086,0.9565002541819971,0.06677887474161574,0.9985071377476441,0.9986979166666666,0.9995551601423488,0.9730941704035875,0.7142857142857143,0.00027495188342040145,-0.00018601190476186247,False,0.0,False,0.0,False,0.0,False
cic_ids2017_v2,rf_5class_smote,0.0667,6,0.9984252755767741,0.957304543097454,0.06685094137472913,0.9986004416384163,0.9986979166666666,0.9986654804270463,0.9730941704035875,0.7142857142857143,0.00014997375459294623,-0.00018601190476186247,False,0.000889679715302516,False,0.0,False,0.0,False
cic_ids2017_v2,rf_5class_smote,0.0667,7,0.9984252755767741,0.9573307187932265,0.06673767675119321,0.9985693403414923,0.9985119047619048,0.9995551601423488,0.9730941704035875,0.7142857142857143,0.0002499562576549104,0.0,False,0.0,False,0.0,False,0.0,False
cic_ids2017_v2,rf_5class_smote,0.0667,8,0.9984502712025396,0.9621143533142978,0.06689889389242447,0.9985382390445682,0.9986979166666666,0.9995551601423488,0.9730941704035875,0.8571428571428571,0.00027495188342040145,-0.00018601190476186247,False,0.0,False,0.0,False,-0.1428571428571428,False
cic_ids2017_v2,rf_5class_smote,0.0667,9,0.9984252755767741,0.9573307187932265,0.0667644734429518,0.9985693403414923,0.9985119047619048,0.9995551601423488,0.9730941704035875,0.7142857142857143,0.0002499562576549104,0.0,False,0.0,False,0.0,False,0.0,False
cic_ids2017_v2,rf_5class_smote,0.0753,0,0.9984002799510086,0.9620190897481609,0.07551721643110229,0.9985382390445682,0.9986979166666666,0.9986654804270463,0.9730941704035875,0.8571428571428571,0.00022496063188941936,-0.00018601190476186247,False,0.000889679715302516,False,0.0,False,-0.1428571428571428,False
cic_ids2017_v2,rf_5class_smote,0.0753,1,0.9984252755767741,0.9620926175521427,0.0754911521607188,0.9985382390445682,0.9985119047619048,0.9995551601423488,0.9730941704035875,0.8571428571428571,0.00029994750918589246,0.0,False,0.0,False,0.0,False,-0.1428571428571428,False
cic_ids2017_v2,rf_5class_smote,0.0753,2,0.9984002799510086,0.9612621528435215,0.07532265613235213,0.99847603645072,0.9986979166666666,0.9995551601423488,0.9730941704035875,0.8571428571428571,0.0003249431349513835,-0.00018601190476186247,False,0.0,False,0.0,False,-0.1428571428571428,False
cic_ids2017_v2,rf_5class_smote,0.0753,3,0.9985002624540705,0.9757331947760509,0.07550720753628208,0.9986004416384163,0.9986979166666666,0.9995551601423488,0.9730941704035875,0.8571428571428571,0.00027495188342040145,-0.00018601190476186247,False,0.0,False,0.0,False,-0.1428571428571428,False
cic_ids2017_v2,rf_5class_smote,0.0753,4,0.9984252755767741,0.9573307187932265,0.07518012165747827,0.9985693403414923,0.9985119047619048,0.9995551601423488,0.9730941704035875,0.7142857142857143,0.0002499562576549104,0.0,False,0.0,False,0.0,False,0.0,False
cic_ids2017_v2,rf_5class_smote,0.0753,5,0.9984502712025396,0.9577596324366351,0.07545682631120111,0.9986004416384163,0.9985119047619048,0.9995551601423488,0.9730941704035875,0.7142857142857143,0.00027495188342040145,0.0,False,0.0,False,0.0,False,0.0,False
cic_ids2017_v2,rf_5class_smote,0.0753,6,0.9984252755767741,0.9573307187932265,0.0752907272814477,0.9985693403414923,0.9985119047619048,0.9995551601423488,0.9730941704035875,0.7142857142857143,0.0002499562576549104,0.0,False,0.0,False,0.0,False,0.0,False
cic_ids2017_v2,rf_5class_smote,0.0753,7,0.9983002974479466,0.9570920447689784,0.0752703621510458,0.9986004416384163,0.9985119047619048,0.9968861209964412,0.9730941704035875,0.7142857142857143,7.498687729647311e-05,0.0,False,0.002669039145907548,False,0.0,False,0.0,False
cic_ids2017_v2,rf_5class_smote,0.0753,8,0.9984502712025396,0.9621143533142978,0.07543066123723545,0.9985382390445682,0.9986979166666666,0.9995551601423488,0.9730941704035875,0.8571428571428571,0.00027495188342040145,-0.00018601190476186247,False,0.0,False,0.0,False,-0.1428571428571428,False
cic_ids2017_v2,rf_5class_smote,0.0753,9,0.9984252755767741,0.9573307187932265,0.07557117210541651,0.9985693403414923,0.9985119047619048,0.9995551601423488,0.9730941704035875,0.7142857142857143,0.0002499562576549104,0.0,False,0.0,False,0.0,False,0.0,False
cic_ids2017_v2,rf_5class_smote,0.1,0,0.9984002799510086,0.9612621528435215,0.10006579398852285,0.99847603645072,0.9986979166666666,0.9995551601423488,0.9730941704035875,0.8571428571428571,0.0003249431349513835,-0.00018601190476186247,False,0.0,False,0.0,False,-0.1428571428571428,False
cic_ids2017_v2,rf_5class_smote,0.1,1,0.998475266828305,0.9573998065972542,0.1000262239408742,0.9986004416384163,0.9986979166666666,0.9995551601423488,0.9730941704035875,0.7142857142857143,0.00019996500612392832,-0.00018601190476186247,False,0.0,False,0.0,False,0.0,False
cic_ids2017_v2,rf_5class_smote,0.1,2,0.9984002799510086,0.95728280762529,0.09986286442457593,0.9986004416384163,0.9985119047619048,0.9986654804270463,0.9730941704035875,0.7142857142857143,0.00017496938035843726,0.0,False,0.000889679715302516,False,0.0,False,0.0,False
cic_ids2017_v2,rf_5class_smote,0.1,3,0.9984502712025396,0.9573524544587431,0.09992658403539559,0.9985693403414923,0.9986979166666666,0.9995551601423488,0.9730941704035875,0.7142857142857143,0.00022496063188941936,-0.00018601190476186247,False,0.0,False,0.0,False,0.0,False
cic_ids2017_v2,rf_5class_smote,0.1,4,0.9984252755767741,0.9573307187932265,0.10016135842779363,0.9985693403414923,0.9985119047619048,0.9995551601423488,0.9730941704035875,0.7142857142857143,0.0002499562576549104,0.0,False,0.0,False,0.0,False,0.0,False
cic_ids2017_v2,rf_5class_smote,0.1,5,0.9984002799510086,0.95728280762529,0.0999831874666093,0.9986004416384163,0.9985119047619048,0.9986654804270463,0.9730941704035875,0.7142857142857143,0.00017496938035843726,0.0,False,0.000889679715302516,False,0.0,False,0.0,False
cic_ids2017_v2,rf_5class_smote,0.1,6,0.9984002799510086,0.9612624345584887,0.09971605647952349,0.9983827325599478,0.9992559523809523,0.9995551601423488,0.9730941704035875,0.8571428571428571,0.0003749343864823656,-0.0007440476190475609,False,0.0,False,0.0,False,-0.1428571428571428,False
cic_ids2017_v2,rf_5class_smote,0.1,7,0.9984502712025396,0.9621146356114292,0.0999226268360722,0.998444935153796,0.9992559523809523,0.9995551601423488,0.9730941704035875,0.8571428571428571,0.0003249431349513835,-0.0007440476190475609,False,0.0,False,0.0,False,-0.1428571428571428,False
cic_ids2017_v2,rf_5class_smote,0.1,8,0.9984252755767741,0.9573307187932265,0.09993045422012606,0.9985693403414923,0.9985119047619048,0.9995551601423488,0.9730941704035875,0.7142857142857143,0.0002499562576549104,0.0,False,0.0,False,0.0,False,0.0,False
cic_ids2017_v2,rf_5class_smote,0.1,9,0.9984002799510086,0.95728280762529,0.09998840946819237,0.9986004416384163,0.9985119047619048,0.9986654804270463,0.9730941704035875,0.7142857142857143,0.00017496938035843726,0.0,False,0.000889679715302516,False,0.0,False,0.0,False
cic_ids2017_v2,xgb_5class_smote,0.02,0,0.9989001924663184,0.9777794887977282,0.019947151640817767,0.9989425559045813,0.9996279761904762,0.9995551601423488,0.9730941704035875,0.8571428571428571,9.998250306196416e-05,0.0,False,0.0,False,0.0,False,0.0,False
cic_ids2017_v2,xgb_5class_smote,0.02,1,0.9989001924663184,0.9777794887977282,0.0199434034706247,0.9989425559045813,0.9996279761904762,0.9995551601423488,0.9730941704035875,0.8571428571428571,9.998250306196416e-05,0.0,False,0.0,False,0.0,False,0.0,False
cic_ids2017_v2,xgb_5class_smote,0.02,2,0.9988751968405529,0.9777578345533016,0.0198139730191133,0.9989114546076572,0.9996279761904762,0.9995551601423488,0.9730941704035875,0.8571428571428571,7.498687729647311e-05,0.0,False,0.0,False,0.0,False,0.0,False
cic_ids2017_v2,xgb_5class_smote,0.02,3,0.9989001924663184,0.9777794887977282,0.019983384736987953,0.9989425559045813,0.9996279761904762,0.9995551601423488,0.9730941704035875,0.8571428571428571,9.998250306196416e-05,0.0,False,0.0,False,0.0,False,0.0,False
cic_ids2017_v2,xgb_5class_smote,0.02,4,0.9989001924663184,0.9777794887977282,0.019943542542483886,0.9989425559045813,0.9996279761904762,0.9995551601423488,0.9730941704035875,0.8571428571428571,9.998250306196416e-05,0.0,False,0.0,False,0.0,False,0.0,False
cic_ids2017_v2,xgb_5class_smote,0.02,5,0.9988751968405529,0.9777578345533016,0.019879461070803926,0.9989114546076572,0.9996279761904762,0.9995551601423488,0.9730941704035875,0.8571428571428571,7.498687729647311e-05,0.0,False,0.0,False,0.0,False,0.0,False
cic_ids2017_v2,xgb_5class_smote,0.02,6,0.9989001924663184,0.9777794887977282,0.019928494248378597,0.9989425559045813,0.9996279761904762,0.9995551601423488,0.9730941704035875,0.8571428571428571,9.998250306196416e-05,0.0,False,0.0,False,0.0,False,0.0,False
cic_ids2017_v2,xgb_5class_smote,0.02,7,0.9989001924663184,0.9777794887977282,0.019967660634817856,0.9989425559045813,0.9996279761904762,0.9995551601423488,0.9730941704035875,0.8571428571428571,9.998250306196416e-05,0.0,False,0.0,False,0.0,False,0.0,False
cic_ids2017_v2,xgb_5class_smote,0.02,8,0.9989001924663184,0.9777794887977282,0.01994387751118948,0.9989425559045813,0.9996279761904762,0.9995551601423488,0.9730941704035875,0.8571428571428571,9.998250306196416e-05,0.0,False,0.0,False,0.0,False,0.0,False
cic_ids2017_v2,xgb_5class_smote,0.02,9,0.9989001924663184,0.9777794887977282,0.019967318795865434,0.9989425559045813,0.9996279761904762,0.9995551601423488,0.9730941704035875,0.8571428571428571,9.998250306196416e-05,0.0,False,0.0,False,0.0,False,0.0,False
cic_ids2017_v2,xgb_5class_smote,0.05,0,0.9989001924663184,0.9777794887977282,0.04985020485115614,0.9989425559045813,0.9996279761904762,0.9995551601423488,0.9730941704035875,0.8571428571428571,9.998250306196416e-05,0.0,False,0.0,False,0.0,False,0.0,False
cic_ids2017_v2,xgb_5class_smote,0.05,1,0.9989001924663184,0.9777794887977282,0.049859610487247394,0.9989425559045813,0.9996279761904762,0.9995551601423488,0.9730941704035875,0.8571428571428571,9.998250306196416e-05,0.0,False,0.0,False,0.0,False,0.0,False
cic_ids2017_v2,xgb_5class_smote,0.05,2,0.9989001924663184,0.9777794887977282,0.04977988588178399,0.9989425559045813,0.9996279761904762,0.9995551601423488,0.9730941704035875,0.8571428571428571,9.998250306196416e-05,0.0,False,0.0,False,0.0,False,0.0,False
cic_ids2017_v2,xgb_5class_smote,0.05,3,0.9989001924663184,0.9777794887977282,0.04977570789091504,0.9989425559045813,0.9996279761904762,0.9995551601423488,0.9730941704035875,0.8571428571428571,9.998250306196416e-05,0.0,False,0.0,False,0.0,False,0.0,False
cic_ids2017_v2,xgb_5class_smote,0.05,4,0.9989001924663184,0.9777794887977282,0.04976505674091215,0.9989425559045813,0.9996279761904762,0.9995551601423488,0.9730941704035875,0.8571428571428571,9.998250306196416e-05,0.0,False,0.0,False,0.0,False,0.0,False
cic_ids2017_v2,xgb_5class_smote,0.05,5,0.9989251880920839,0.9782179910604242,0.04983705893995939,0.9989736572015053,0.9996279761904762,0.9995551601423488,0.9730941704035875,0.8571428571428571,0.0001249781288274552,0.0,False,0.0,False,0.0,False,0.0,False
cic_ids2017_v2,xgb_5class_smote,0.05,6,0.9989001924663184,0.9777794887977282,0.04986606900709634,0.9989425559045813,0.9996279761904762,0.9995551601423488,0.9730941704035875,0.8571428571428571,9.998250306196416e-05,0.0,False,0.0,False,0.0,False,0.0,False
cic_ids2017_v2,xgb_5class_smote,0.05,7,0.9989001924663184,0.9777794887977282,0.04990388431912143,0.9989425559045813,0.9996279761904762,0.9995551601423488,0.9730941704035875,0.8571428571428571,9.998250306196416e-05,0.0,False,0.0,False,0.0,False,0.0,False
cic_ids2017_v2,xgb_5class_smote,0.05,8,0.9988002099632565,0.9776928918950892,0.049925005617624994,0.9988181507168848,0.9996279761904762,0.9995551601423488,0.9730941704035875,0.8571428571428571,4.999125153098208e-05,0.0,False,0.0,False,0.0,False,0.0,False
cic_ids2017_v2,xgb_5class_smote,0.05,9,0.9988751968405529,0.9645895621419109,0.049865535237149955,0.9989114546076572,0.9996279761904762,0.9995551601423488,0.9730941704035875,0.8571428571428571,0.0001249781288274552,0.0,False,0.0,False,0.0,False,0.0,False
cic_ids2017_v2,xgb_5class_smote,0.0667,0,0.9989001924663184,0.9777794887977282,0.0666384741591647,0.9989425559045813,0.9996279761904762,0.9995551601423488,0.9730941704035875,0.8571428571428571,9.998250306196416e-05,0.0,False,0.0,False,0.0,False,0.0,False
cic_ids2017_v2,xgb_5class_smote,0.0667,1,0.9989001924663184,0.9777794887977282,0.06648162883120078,0.9989425559045813,0.9996279761904762,0.9995551601423488,0.9730941704035875,0.8571428571428571,9.998250306196416e-05,0.0,False,0.0,False,0.0,False,0.0,False
cic_ids2017_v2,xgb_5class_smote,0.0667,2,0.9989001924663184,0.9777794887977282,0.06659224614970798,0.9989425559045813,0.9996279761904762,0.9995551601423488,0.9730941704035875,0.8571428571428571,9.998250306196416e-05,0.0,False,0.0,False,0.0,False,0.0,False
cic_ids2017_v2,xgb_5class_smote,0.0667,3,0.9989001924663184,0.9777794887977282,0.06642024631898295,0.9989425559045813,0.9996279761904762,0.9995551601423488,0.9730941704035875,0.8571428571428571,9.998250306196416e-05,0.0,False,0.0,False,0.0,False,0.0,False
cic_ids2017_v2,xgb_5class_smote,0.0667,4,0.9989001924663184,0.9777794887977282,0.06654950643780758,0.9989425559045813,0.9996279761904762,0.9995551601423488,0.9730941704035875,0.8571428571428571,9.998250306196416e-05,0.0,False,0.0,False,0.0,False,0.0,False
cic_ids2017_v2,xgb_5class_smote,0.0667,5,0.9989001924663184,0.9777794887977282,0.06645476798225708,0.9989425559045813,0.9996279761904762,0.9995551601423488,0.9730941704035875,0.8571428571428571,9.998250306196416e-05,0.0,False,0.0,False,0.0,False,0.0,False
cic_ids2017_v2,xgb_5class_smote,0.0667,6,0.9989001924663184,0.9777794887977282,0.06661223761912667,0.9989425559045813,0.9996279761904762,0.9995551601423488,0.9730941704035875,0.8571428571428571,9.998250306196416e-05,0.0,False,0.0,False,0.0,False,0.0,False
cic_ids2017_v2,xgb_5class_smote,0.0667,7,0.9988751968405529,0.9777578345533016,0.06644375505344441,0.9989114546076572,0.9996279761904762,0.9995551601423488,0.9730941704035875,0.8571428571428571,7.498687729647311e-05,0.0,False,0.0,False,0.0,False,0.0,False
cic_ids2017_v2,xgb_5class_smote,0.0667,8,0.9989001924663184,0.9777794887977282,0.06661459338230638,0.9989425559045813,0.9996279761904762,0.9995551601423488,0.9730941704035875,0.8571428571428571,9.998250306196416e-05,0.0,False,0.0,False,0.0,False,0.0,False
cic_ids2017_v2,xgb_5class_smote,0.0667,9,0.9989001924663184,0.9777794887977282,0.06647693089185247,0.9989425559045813,0.9996279761904762,0.9995551601423488,0.9730941704035875,0.8571428571428571,9.998250306196416e-05,0.0,False,0.0,False,0.0,False,0.0,False
cic_ids2017_v2,xgb_5class_smote,0.0753,0,0.9989001924663184,0.9777794887977282,0.0750776214165306,0.9989425559045813,0.9996279761904762,0.9995551601423488,0.9730941704035875,0.8571428571428571,9.998250306196416e-05,0.0,False,0.0,False,0.0,False,0.0,False
cic_ids2017_v2,xgb_5class_smote,0.0753,1,0.9989001924663184,0.9777794887977282,0.07505943491193441,0.9989425559045813,0.9996279761904762,0.9995551601423488,0.9730941704035875,0.8571428571428571,9.998250306196416e-05,0.0,False,0.0,False,0.0,False,0.0,False
cic_ids2017_v2,xgb_5class_smote,0.0753,2,0.9989001924663184,0.9777794887977282,0.07514391922885147,0.9989425559045813,0.9996279761904762,0.9995551601423488,0.9730941704035875,0.8571428571428571,9.998250306196416e-05,0.0,False,0.0,False,0.0,False,0.0,False
cic_ids2017_v2,xgb_5class_smote,0.0753,3,0.9989001924663184,0.9777794887977282,0.07514800679467333,0.9989425559045813,0.9996279761904762,0.9995551601423488,0.9730941704035875,0.8571428571428571,9.998250306196416e-05,0.0,False,0.0,False,0.0,False,0.0,False
cic_ids2017_v2,xgb_5class_smote,0.0753,4,0.9989001924663184,0.9777794887977282,0.07505327598371701,0.9989425559045813,0.9996279761904762,0.9995551601423488,0.9730941704035875,0.8571428571428571,9.998250306196416e-05,0.0,False,0.0,False,0.0,False,0.0,False
cic_ids2017_v2,xgb_5class_smote,0.0753,5,0.9989001924663184,0.9777794887977282,0.07516083041782869,0.9989425559045813,0.9996279761904762,0.9995551601423488,0.9730941704035875,0.8571428571428571,9.998250306196416e-05,0.0,False,0.0,False,0.0,False,0.0,False
cic_ids2017_v2,xgb_5class_smote,0.0753,6,0.9989001924663184,0.9777794887977282,0.07513170669936682,0.9989425559045813,0.9996279761904762,0.9995551601423488,0.9730941704035875,0.8571428571428571,9.998250306196416e-05,0.0,False,0.0,False,0.0,False,0.0,False
cic_ids2017_v2,xgb_5class_smote,0.0753,7,0.9989001924663184,0.9777794887977282,0.07517526476931659,0.9989425559045813,0.9996279761904762,0.9995551601423488,0.9730941704035875,0.8571428571428571,9.998250306196416e-05,0.0,False,0.0,False,0.0,False,0.0,False
cic_ids2017_v2,xgb_5class_smote,0.0753,8,0.9989001924663184,0.9777794887977282,0.07516044724753601,0.9989425559045813,0.9996279761904762,0.9995551601423488,0.9730941704035875,0.8571428571428571,9.998250306196416e-05,0.0,False,0.0,False,0.0,False,0.0,False
cic_ids2017_v2,xgb_5class_smote,0.0753,9,0.9989001924663184,0.9777794887977282,0.07521841125860379,0.9989425559045813,0.9996279761904762,0.9995551601423488,0.9730941704035875,0.8571428571428571,9.998250306196416e-05,0.0,False,0.0,False,0.0,False,0.0,False
cic_ids2017_v2,xgb_5class_smote,0.1,0,0.9988751968405529,0.9777578345533016,0.09976859689681442,0.9989114546076572,0.9996279761904762,0.9995551601423488,0.9730941704035875,0.8571428571428571,7.498687729647311e-05,0.0,False,0.0,False,0.0,False,0.0,False
cic_ids2017_v2,xgb_5class_smote,0.1,1,0.9988252055890219,0.9431547634847057,0.09972356119269057,0.998849252013809,0.9996279761904762,0.9995551601423488,0.9730941704035875,0.8571428571428571,0.00017496938035843726,0.0,False,0.0,False,0.0,False,0.0,False
cic_ids2017_v2,xgb_5class_smote,0.1,2,0.9988002099632565,0.9776928918950892,0.0996704152591609,0.9988181507168848,0.9996279761904762,0.9995551601423488,0.9730941704035875,0.8571428571428571,4.999125153098208e-05,0.0,False,0.0,False,0.0,False,0.0,False
cic_ids2017_v2,xgb_5class_smote,0.1,3,0.9989001924663184,0.9777794887977282,0.09978617603392956,0.9989425559045813,0.9996279761904762,0.9995551601423488,0.9730941704035875,0.8571428571428571,9.998250306196416e-05,0.0,False,0.0,False,0.0,False,0.0,False
cic_ids2017_v2,xgb_5class_smote,0.1,4,0.9989251880920839,0.9782179910604242,0.09980721297060254,0.9989736572015053,0.9996279761904762,0.9995551601423488,0.9730941704035875,0.8571428571428571,0.0001249781288274552,0.0,False,0.0,False,0.0,False,0.0,False
cic_ids2017_v2,xgb_5class_smote,0.1,5,0.9989001924663184,0.9777794887977282,0.09968457034907707,0.9989425559045813,0.9996279761904762,0.9995551601423488,0.9730941704035875,0.8571428571428571,9.998250306196416e-05,0.0,False,0.0,False,0.0,False,0.0,False
cic_ids2017_v2,xgb_5class_smote,0.1,6,0.9989251880920839,0.9782179910604242,0.0995795548322679,0.9989736572015053,0.9996279761904762,0.9995551601423488,0.9730941704035875,0.8571428571428571,0.0001249781288274552,0.0,False,0.0,False,0.0,False,0.0,False
cic_ids2017_v2,xgb_5class_smote,0.1,7,0.9988751968405529,0.9777578345533016,0.09980820287083142,0.9989114546076572,0.9996279761904762,0.9995551601423488,0.9730941704035875,0.8571428571428571,7.498687729647311e-05,0.0,False,0.0,False,0.0,False,0.0,False
cic_ids2017_v2,xgb_5class_smote,0.1,8,0.9988002099632565,0.9776928918950892,0.09971124825509954,0.9988181507168848,0.9996279761904762,0.9995551601423488,0.9730941704035875,0.8571428571428571,4.999125153098208e-05,0.0,False,0.0,False,0.0,False,0.0,False
cic_ids2017_v2,xgb_5class_smote,0.1,9,0.9989251880920839,0.9782179910604242,0.09979056973790408,0.9989736572015053,0.9996279761904762,0.9995551601423488,0.9730941704035875,0.8571428571428571,0.0001249781288274552,0.0,False,0.0,False,0.0,False,0.0,False
cic_ids2017_v2,dnn_5class_smote,0.02,0,0.9801784687679657,0.8573614123871988,0.020176719290414466,0.9850091748825927,0.9830729166666666,0.9079181494661922,0.9596412556053812,0.42857142857142855,0.034343989801784686,0.0,False,0.0,False,0.0,False,0.0,False
cic_ids2017_v2,dnn_5class_smote,0.02,1,0.9802034643937311,0.8573962530262069,0.02065665430927807,0.9850713774764408,0.9830729166666666,0.9074733096085409,0.9596412556053812,0.42857142857142855,0.03441897667908116,0.0,False,0.0004448398576513135,False,0.0,False,0.0,False
cic_ids2017_v2,dnn_5class_smote,0.02,2,0.9801534731422001,0.8573343595002925,0.020348580133375926,0.985164681367213,0.9819568452380952,0.9079181494661922,0.9596412556053812,0.42857142857142855,0.03461894168520509,0.0011160714285713969,False,0.0,False,0.0,False,0.0,False
cic_ids2017_v2,dnn_5class_smote,0.02,3,0.9801784687679657,0.8573614123871988,0.020490991463400908,0.9850091748825927,0.9830729166666666,0.9079181494661922,0.9596412556053812,0.42857142857142855,0.034343989801784686,0.0,False,0.0,False,0.0,False,0.0,False
cic_ids2017_v2,dnn_5class_smote,0.02,4,0.9801534731422001,0.8573343595002925,0.020392021080906295,0.985164681367213,0.9819568452380952,0.9079181494661922,0.9596412556053812,0.42857142857142855,0.03461894168520509,0.0011160714285713969,False,0.0,False,0.0,False,0.0,False
cic_ids2017_v2,dnn_5class_smote,0.02,5,0.9801784687679657,0.8573614123871988,0.020328665339724043,0.9850091748825927,0.9830729166666666,0.9079181494661922,0.9596412556053812,0.42857142857142855,0.034343989801784686,0.0,False,0.0,False,0.0,False,0.0,False
cic_ids2017_v2,dnn_5class_smote,0.02,6,0.9801784687679657,0.8573614123871988,0.020596986095164253,0.9850091748825927,0.9830729166666666,0.9079181494661922,0.9596412556053812,0.42857142857142855,0.034343989801784686,0.0,False,0.0,False,0.0,False,0.0,False
cic_ids2017_v2,dnn_5class_smote,0.02,7,0.9800784862649037,0.857239323438906,0.020479155300349848,0.9846981619133518,0.9830729166666666,0.9105871886120996,0.9596412556053812,0.42857142857142855,0.03394405978953683,0.0,False,-0.002669039145907437,False,0.0,False,0.0,False
cic_ids2017_v2,dnn_5class_smote,0.02,8,0.9801784687679657,0.8573614123871988,0.020436390453808677,0.9850091748825927,0.9830729166666666,0.9079181494661922,0.9596412556053812,0.42857142857142855,0.034343989801784686,0.0,False,0.0,False,0.0,False,0.0,False
cic_ids2017_v2,dnn_5class_smote,0.02,9,0.9801784687679657,0.8573614123871988,0.020502946468888488,0.9850091748825927,0.9830729166666666,0.9079181494661922,0.9596412556053812,0.42857142857142855,0.034343989801784686,0.0,False,0.0,False,0.0,False,0.0,False
cic_ids2017_v2,dnn_5class_smote,0.05,0,0.9800284950133726,0.8571986814747262,0.04952766963342549,0.9848225671010481,0.9817708333333334,0.9110320284697508,0.9596412556053812,0.42857142857142855,0.034194016047191744,0.0013020833333332593,False,-0.0031138790035586394,False,0.0,False,0.0,False
cic_ids2017_v2,dnn_5class_smote,0.05,1,0.9801784687679657,0.8573530050679619,0.04961154280179719,0.9850402761795167,0.9830729166666666,0.9074733096085409,0.9596412556053812,0.42857142857142855,0.03439398105331567,0.0,False,0.0004448398576513135,False,0.0,False,0.0,False
cic_ids2017_v2,dnn_5class_smote,0.05,2,0.9802034643937311,0.8574130285827689,0.049655952276336957,0.9850091748825927,0.9830729166666666,0.9083629893238434,0.9596412556053812,0.42857142857142855,0.0343189941760192,0.0,False,-0.0004448398576512025,False,0.0,False,0.0,False
cic_ids2017_v2,dnn_5class_smote,0.05,3,0.9801284775164346,0.8573170822742584,0.04942617136639867,0.984791465804124,0.9830729166666666,0.9101423487544484,0.9596412556053812,0.42857142857142855,0.034044042292598796,0.0,False,-0.0022241992882562345,False,0.0,False,0.0,False
cic_ids2017_v2,dnn_5class_smote,0.05,4,0.9802534556452621,0.8582214300297626,0.049715649395123615,0.9850713774764408,0.9830729166666666,0.9083629893238434,0.9596412556053812,0.42857142857142855,0.03436898542755018,0.0,False,-0.0004448398576512025,False,0.0,False,0.0,False
cic_ids2017_v2,dnn_5class_smote,0.05,5,0.9802284600194966,0.8570811944763665,0.04911534363750868,0.9851024787733649,0.9830729166666666,0.9074733096085409,0.9596412556053812,0.42857142857142855,0.03444397230484665,0.0,False,0.0004448398576513135,False,0.0,False,0.0,False
cic_ids2017_v2,dnn_5class_smote,0.05,6,0.9801784687679657,0.8664284250249649,0.049804364402200006,0.9851957826641371,0.9819568452380952,0.9079181494661922,0.9596412556053812,0.42857142857142855,0.03464393731097058,0.0011160714285713969,False,0.0,False,0.0,False,0.0,False
cic_ids2017_v2,dnn_5class_smote,0.05,7,0.9802034643937311,0.8574130285827689,0.05001076367874927,0.9850091748825927,0.9830729166666666,0.9083629893238434,0.9596412556053812,0.42857142857142855,0.0343189941760192,0.0,False,-0.0004448398576512025,False,0.0,False,0.0,False
cic_ids2017_v2,dnn_5class_smote,0.05,8,0.9801534731422001,0.8573259522518905,0.04976548956166865,0.9851957826641371,0.9819568452380952,0.9074733096085409,0.9596412556053812,0.42857142857142855,0.03466893293673607,0.0011160714285713969,False,0.0004448398576513135,False,0.0,False,0.0,False
cic_ids2017_v2,dnn_5class_smote,0.05,9,0.9801534731422001,0.8573343595002925,0.049469100335114674,0.985164681367213,0.9819568452380952,0.9079181494661922,0.9596412556053812,0.42857142857142855,0.03461894168520509,0.0011160714285713969,False,0.0,False,0.0,False,0.0,False
cic_ids2017_v2,dnn_5class_smote,0.0667,0,0.9801034818906691,0.85729034118261,0.06660175810881298,0.985164681367213,0.9815848214285714,0.9079181494661922,0.9596412556053812,0.42857142857142855,0.03466893293673607,0.0014880952380952328,False,0.0,False,0.0,False,0.0,False
cic_ids2017_v2,dnn_5class_smote,0.0667,1,0.9801784687679657,0.8573614123871988,0.06564127354585748,0.9850091748825927,0.9830729166666666,0.9079181494661922,0.9596412556053812,0.42857142857142855,0.034343989801784686,0.0,False,0.0,False,0.0,False,0.0,False
cic_ids2017_v2,dnn_5class_smote,0.0667,2,0.9801284775164346,0.8573247623454148,0.06562477839095622,0.9850091748825927,0.9819568452380952,0.9096975088967971,0.9596412556053812,0.42857142857142855,0.03439398105331567,0.0011160714285713969,False,-0.001779359430604921,False,0.0,False,0.0,False
cic_ids2017_v2,dnn_5class_smote,0.0667,3,0.9800534906391382,0.8572417328513662,0.0657745838131348,0.9848536683979722,0.9817708333333334,0.9110320284697508,0.9596412556053812,0.42857142857142855,0.03421901167295723,0.0013020833333332593,False,-0.0031138790035586394,False,0.0,False,0.0,False
cic_ids2017_v2,dnn_5class_smote,0.0667,4,0.9801784687679657,0.8573614123871988,0.06635065229257923,0.9850091748825927,0.9830729166666666,0.9079181494661922,0.9596412556053812,0.42857142857142855,0.034343989801784686,0.0,False,0.0,False,0.0,False,0.0,False
cic_ids2017_v2,dnn_5class_smote,0.0667,5,0.9801284775164346,0.8573170822742584,0.06558358349328412,0.984791465804124,0.9830729166666666,0.9101423487544484,0.9596412556053812,0.42857142857142855,0.034044042292598796,0.0,False,-0.0022241992882562345,False,0.0,False,0.0,False
cic_ids2017_v2,dnn_5class_smote,0.0667,6,0.9801534731422001,0.8573259522518905,0.06638665188311377,0.9851957826641371,0.9819568452380952,0.9074733096085409,0.9596412556053812,0.42857142857142855,0.03466893293673607,0.0011160714285713969,False,0.0004448398576513135,False,0.0,False,0.0,False
cic_ids2017_v2,dnn_5class_smote,0.0667,7,0.9801034818906691,0.8572900300322528,0.06576238443219957,0.9849469722887444,0.9819568452380952,0.9101423487544484,0.9596412556053812,0.42857142857142855,0.0343189941760192,0.0011160714285713969,False,-0.0022241992882562345,False,0.0,False,0.0,False
cic_ids2017_v2,dnn_5class_smote,0.0667,8,0.9801284775164346,0.8573170822742584,0.06598960346812897,0.984791465804124,0.9830729166666666,0.9101423487544484,0.9596412556053812,0.42857142857142855,0.034044042292598796,0.0,False,-0.0022241992882562345,False,0.0,False,0.0,False
cic_ids2017_v2,dnn_5class_smote,0.0667,9,0.9802284600194966,0.8581698138317979,0.06609865769978206,0.9850713774764408,0.9830729166666666,0.9079181494661922,0.9596412556053812,0.42857142857142855,0.03439398105331567,0.0,False,0.0,False,0.0,False,0.0,False
cic_ids2017_v2,dnn_5class_smote,0.0753,0,0.980303446896793,0.8575247600429616,0.07455695605702344,0.9851957826641371,0.9830729166666666,0.9074733096085409,0.9596412556053812,0.42857142857142855,0.03451895918214312,0.0,False,0.0004448398576513135,False,0.0,False,0.0,False
cic_ids2017_v2,dnn_5class_smote,0.0753,1,0.9801784687679657,0.8573568800724474,0.07445428859142834,0.9853823904456815,0.9817708333333334,0.905693950177936,0.9596412556053812,0.42857142857142855,0.03494388482015647,0.0013020833333332593,False,0.0022241992882562345,False,0.0,False,0.0,False
cic_ids2017_v2,dnn_5class_smote,0.0753,2,0.9802284600194966,0.8581698138317979,0.07420344148037485,0.9850713774764408,0.9830729166666666,0.9079181494661922,0.9596412556053812,0.42857142857142855,0.03439398105331567,0.0,False,0.0,False,0.0,False,0.0,False
cic_ids2017_v2,dnn_5class_smote,0.0753,3,0.9801784687679657,0.8573614123871988,0.07420844123456458,0.9850091748825927,0.9830729166666666,0.9079181494661922,0.9596412556053812,0.42857142857142855,0.034343989801784686,0.0,False,0.0,False,0.0,False,0.0,False
cic_ids2017_v2,dnn_5class_smote,0.0753,4,0.9801284775164346,0.8430609768199547,0.07454830488367858,0.9849780735856685,0.9830729166666666,0.9074733096085409,0.9596412556053812,0.42857142857142855,0.034343989801784686,0.0,False,0.0004448398576513135,False,0.0,False,0.0,False
cic_ids2017_v2,dnn_5class_smote,0.0753,5,0.9802284600194966,0.8574557476815649,0.07446068615417784,0.9852890865549093,0.9819568452380952,0.9074733096085409,0.9596412556053812,0.42857142857142855,0.03474391981403254,0.0011160714285713969,False,0.0004448398576513135,False,0.0,False,0.0,False
cic_ids2017_v2,dnn_5class_smote,0.0753,6,0.9802034643937311,0.8574130285827689,0.07386590351949955,0.9850091748825927,0.9830729166666666,0.9083629893238434,0.9596412556053812,0.42857142857142855,0.0343189941760192,0.0,False,-0.0004448398576512025,False,0.0,False,0.0,False
cic_ids2017_v2,dnn_5class_smote,0.0753,7,0.9800784862649037,0.8572680220935339,0.07527069930796708,0.9849469722887444,0.9817708333333334,0.9101423487544484,0.9596412556053812,0.42857142857142855,0.034343989801784686,0.0013020833333332593,False,-0.0022241992882562345,False,0.0,False,0.0,False
cic_ids2017_v2,dnn_5class_smote,0.0753,8,0.9802284600194966,0.8581698138317979,0.07453496805093895,0.9850713774764408,0.9830729166666666,0.9079181494661922,0.9596412556053812,0.42857142857142855,0.03439398105331567,0.0,False,0.0,False,0.0,False,0.0,False
cic_ids2017_v2,dnn_5class_smote,0.0753,9,0.9801534731422001,0.8573259522518905,0.07460480847915842,0.9851957826641371,0.9819568452380952,0.9074733096085409,0.9596412556053812,0.42857142857142855,0.03466893293673607,0.0011160714285713969,False,0.0004448398576513135,False,0.0,False,0.0,False
cic_ids2017_v2,dnn_5class_smote,0.1,0,0.9802534556452621,0.8574828019955174,0.09900124773443557,0.985133580070289,0.9830729166666666,0.9074733096085409,0.9596412556053812,0.42857142857142855,0.034468967930612146,0.0,False,0.0004448398576513135,False,0.0,False,0.0,False
cic_ids2017_v2,dnn_5class_smote,0.1,1,0.9801784687679657,0.8573530050679619,0.09825806950155144,0.9850402761795167,0.9830729166666666,0.9074733096085409,0.9596412556053812,0.42857142857142855,0.03439398105331567,0.0,False,0.0004448398576513135,False,0.0,False,0.0,False
cic_ids2017_v2,dnn_5class_smote,0.1,2,0.9799285125103107,0.8571646976454748,0.09831231612759203,0.9851957826641371,0.9799107142857143,0.9083629893238434,0.9596412556053812,0.42857142857142855,0.03489389356862549,0.003162202380952328,False,-0.0004448398576512025,False,0.0,False,0.0,False
cic_ids2017_v2,dnn_5class_smote,0.1,3,0.9800034993876072,0.842953981937207,0.09905819326508983,0.9848847696948962,0.9815848214285714,0.9101423487544484,0.9596412556053812,0.42857142857142855,0.0343189941760192,0.0014880952380952328,False,-0.0022241992882562345,False,0.0,False,0.0,False
cic_ids2017_v2,dnn_5class_smote,0.1,4,0.9801784687679657,0.8573614123871988,0.09842516823301552,0.9850091748825927,0.9830729166666666,0.9079181494661922,0.9596412556053812,0.42857142857142855,0.034343989801784686,0.0,False,0.0,False,0.0,False,0.0,False
cic_ids2017_v2,dnn_5class_smote,0.1,5,0.9801034818906691,0.8572900300322528,0.09858031907380504,0.9849469722887444,0.9819568452380952,0.9101423487544484,0.9596412556053812,0.42857142857142855,0.0343189941760192,0.0011160714285713969,False,-0.0022241992882562345,False,0.0,False,0.0,False
cic_ids2017_v2,dnn_5class_smote,0.1,6,0.9801784687679657,0.8573614123871988,0.09834332046090419,0.9850091748825927,0.9830729166666666,0.9079181494661922,0.9596412556053812,0.42857142857142855,0.034343989801784686,0.0,False,0.0,False,0.0,False,0.0,False
cic_ids2017_v2,dnn_5class_smote,0.1,7,0.9802284600194966,0.8581698138317979,0.09949967170824646,0.9850713774764408,0.9830729166666666,0.9079181494661922,0.9596412556053812,0.42857142857142855,0.03439398105331567,0.0,False,0.0,False,0.0,False,0.0,False
cic_ids2017_v2,dnn_5class_smote,0.1,8,0.9801034818906691,0.8573291489785415,0.09904839768696613,0.9848847696948962,0.9830729166666666,0.9083629893238434,0.9596412556053812,0.42857142857142855,0.03421901167295723,0.0,False,-0.0004448398576512025,False,0.0,False,0.0,False
cic_ids2017_v2,dnn_5class_smote,0.1,9,0.9801284775164346,0.8573170822742584,0.09896028124633209,0.984791465804124,0.9830729166666666,0.9101423487544484,0.9596412556053812,0.42857142857142855,0.034044042292598796,0.0,False,-0.0022241992882562345,False,0.0,False,0.0,False
