target,confusable_class,rule,n_poisoned,budget_of_calib,n_target_in_calib,frac_poisoned_from_target_class,audit_accuracy,audit_ece_top,audit_accuracy_delta,audit_ece_delta,stealth_ok,test_accuracy,test_macro_f1,test_ece_top,test_recall_Normal,test_recall_DoS,test_recall_Probe,test_recall_R2L,test_recall_U2R,test_tpcr,routed_to_Normal,routed_to_DoS,routed_to_Probe,routed_to_R2L,routed_to_U2R,baseline_recall_target,baseline_accuracy,baseline_macro_f1,baseline_ece_top,baseline_tpcr,dataset,model,target_kind
R2L,Normal,block_greedy,126,0.0050009922603691205,11726,1.0,0.9989680492161143,0.0054043139632065475,-3.969041476492574e-05,0.005175939896860223,True,0.7713360539389638,0.5328239405753239,0.19968413286926398,0.9720935022139842,0.8288203753351207,0.7042544403139198,0.01871750433275563,0.1044776119402985,0.043692334989354153,0.9736568457538994,0.0,0.006932409012131715,0.01871750433275563,0.0006932409012131716,0.04991334488734835,0.7752838892831796,0.5446124414745765,0.2022965839474868,0.04777324343506033,nsl_kdd_v2,rf_5class_cw,fragile
R2L,Normal,block_greedy,126,0.0050009922603691205,11726,1.0,0.9989680492161143,0.0054043139632065475,-3.969041476492574e-05,0.005175939896860223,True,0.7713360539389638,0.5328239405753239,0.19968413286926398,0.9720935022139842,0.8288203753351207,0.7042544403139198,0.01871750433275563,0.1044776119402985,0.043692334989354153,0.9736568457538994,0.0,0.006932409012131715,0.01871750433275563,0.0006932409012131716,0.04991334488734835,0.7752838892831796,0.5446124414745765,0.2022965839474868,0.04777324343506033,nsl_kdd_v2,rf_5class_cw,fragile
R2L,Normal,block_greedy,126,0.0050009922603691205,11726,1.0,0.9989680492161143,0.0054043139632065475,-3.969041476492574e-05,0.005175939896860223,True,0.7713360539389638,0.5328239405753239,0.19968413286926398,0.9720935022139842,0.8288203753351207,0.7042544403139198,0.01871750433275563,0.1044776119402985,0.043692334989354153,0.9736568457538994,0.0,0.006932409012131715,0.01871750433275563,0.0006932409012131716,0.04991334488734835,0.7752838892831796,0.5446124414745765,0.2022965839474868,0.04777324343506033,nsl_kdd_v2,rf_5class_cw,fragile
R2L,Normal,block_greedy,252,0.010001984520738241,11726,0.7896825396825397,0.9901964675530859,0.0068714741604815315,-0.008811272077793308,0.006643100094135207,False,0.7198367636621718,0.45054153367299576,0.23111274294715947,0.9760065904644218,0.7164879356568364,0.5803387030152829,0.0,0.0,0.01889638041163946,0.9996533795493934,0.0,0.0003466204506065858,0.0,0.0,0.04991334488734835,0.7752838892831796,0.5446124414745765,0.2022965839474868,0.04777324343506033,nsl_kdd_v2,rf_5class_cw,fragile
R2L,Normal,block_greedy,504,0.020003969041476482,11726,0.3948412698412698,0.9901170867235563,0.008442601930823303,-0.008890652907322938,0.008214227864476979,False,0.7196593328601846,0.45132906494821307,0.22491812228095603,0.9760065904644218,0.7163538873994638,0.5790995456422966,0.0,0.0,0.020049680624556424,0.9996533795493934,0.0,0.0003466204506065858,0.0,0.0,0.04991334488734835,0.7752838892831796,0.5446124414745765,0.2022965839474868,0.04777324343506033,nsl_kdd_v2,rf_5class_cw,fragile
R2L,Normal,block_greedy,1260,0.050009922603691206,11726,0.15793650793650793,0.9901170867235563,0.03687425826440351,-0.008890652907322938,0.036645884198057185,False,0.7195262597586941,0.4538900243068237,0.21231175076848147,0.9762125424776027,0.7156836461126005,0.5790995456422966,0.0,0.0,0.021779630943931868,0.9996533795493934,0.0,0.0003466204506065858,0.0,0.0,0.04991334488734835,0.7752838892831796,0.5446124414745765,0.2022965839474868,0.04777324343506033,nsl_kdd_v2,rf_5class_cw,fragile
R2L,Normal,block_greedy,2520,0.10001984520738241,11726,0.07896825396825397,0.9899980154792618,0.1019985160306449,-0.009009724151617382,0.10177014196429858,False,0.7153122782114976,0.45276932666236097,0.21588447013548837,0.9765214704973741,0.7033512064343164,0.5766212308963239,0.0,0.0,0.027812278211497517,0.9996533795493934,0.0,0.0003466204506065858,0.0,0.0,0.04991334488734835,0.7752838892831796,0.5446124414745765,0.2022965839474868,0.04777324343506033,nsl_kdd_v2,rf_5class_cw,fragile
R2L,Normal,block_greedy_stealth,26,0.0010319507838856916,27,0.46153846153846156,0.9986902163127604,0.0010774869470374898,-0.0003175233181187398,0.0008491128806911652,True,0.7370919091554294,0.4710451966749748,0.2529991119556685,0.973844094326022,0.7656836461126005,0.5935563816604709,0.0034662045060658577,0.014925373134328358,0.0035042583392476934,0.9923743500866551,0.0,0.0038128249566724438,0.0034662045060658577,0.0003466204506065858,0.04991334488734835,0.7752838892831796,0.5446124414745765,0.2022965839474868,0.04777324343506033,nsl_kdd_v2,rf_5class_cw,fragile
R2L,Normal,block_greedy_stealth,27,0.0010716411986505258,27,0.4444444444444444,0.9986902163127604,0.0011174241901157778,-0.0003175233181187398,0.0008890501237694533,True,0.7370919091554294,0.4710451966749748,0.2547857643803839,0.973844094326022,0.7656836461126005,0.5935563816604709,0.0034662045060658577,0.014925373134328358,0.0035042583392476934,0.9923743500866551,0.0,0.0038128249566724438,0.0034662045060658577,0.0003466204506065858,0.04991334488734835,0.7752838892831796,0.5446124414745765,0.2022965839474868,0.04777324343506033,nsl_kdd_v2,rf_5class_cw,fragile
R2L,Normal,random,126,0.0050009922603691205,11726,0.007936507936507936,0.9990077396308792,0.005199470796776212,0.0,0.004971096730429888,True,0.7752838892831796,0.5446124414745765,0.20152851847426617,0.9719905262073937,0.8288203753351207,0.7042544403139198,0.04991334488734835,0.1044776119402985,0.04777324343506033,0.9421143847487001,0.0,0.006932409012131715,0.04991334488734835,0.0010398613518197574,0.04991334488734835,0.7752838892831796,0.5446124414745765,0.2022965839474868,0.04777324343506033,nsl_kdd_v2,rf_5class_cw,fragile
R2L,Normal,random,126,0.0050009922603691205,11726,0.007936507936507936,0.9990077396308792,0.005199470796776212,0.0,0.004971096730429888,True,0.7752838892831796,0.5446124414745765,0.20152851847426617,0.9719905262073937,0.8288203753351207,0.7042544403139198,0.04991334488734835,0.1044776119402985,0.04777324343506033,0.9421143847487001,0.0,0.006932409012131715,0.04991334488734835,0.0010398613518197574,0.04991334488734835,0.7752838892831796,0.5446124414745765,0.2022965839474868,0.04777324343506033,nsl_kdd_v2,rf_5class_cw,fragile
R2L,Normal,random,126,0.0050009922603691205,11726,0.007936507936507936,0.9990077396308792,0.005199470796776212,0.0,0.004971096730429888,True,0.7752838892831796,0.5446124414745765,0.20152851847426617,0.9719905262073937,0.8288203753351207,0.7042544403139198,0.04991334488734835,0.1044776119402985,0.04777324343506033,0.9421143847487001,0.0,0.006932409012131715,0.04991334488734835,0.0010398613518197574,0.04991334488734835,0.7752838892831796,0.5446124414745765,0.2022965839474868,0.04777324343506033,nsl_kdd_v2,rf_5class_cw,fragile
R2L,Normal,random,252,0.010001984520738241,11726,0.007936507936507936,0.9990077396308792,0.010201418296896978,0.0,0.009973044230550654,True,0.7752838892831796,0.5446124414745765,0.19754057609747386,0.9719905262073937,0.8288203753351207,0.7042544403139198,0.04991334488734835,0.1044776119402985,0.04777324343506033,0.9421143847487001,0.0,0.006932409012131715,0.04991334488734835,0.0010398613518197574,0.04991334488734835,0.7752838892831796,0.5446124414745765,0.2022965839474868,0.04777324343506033,nsl_kdd_v2,rf_5class_cw,fragile
R2L,Normal,random,504,0.020003969041476482,11726,0.00992063492063492,0.9990077396308792,0.020109070928792782,0.0,0.019880696862446458,False,0.7750621007806955,0.5443975801631293,0.1897446806155604,0.9719905262073937,0.8288203753351207,0.7042544403139198,0.048180242634315425,0.1044776119402985,0.047507097232079486,0.9441941074523397,0.0,0.006932409012131715,0.048180242634315425,0.0006932409012131716,0.04991334488734835,0.7752838892831796,0.5446124414745765,0.2022965839474868,0.04777324343506033,nsl_kdd_v2,rf_5class_cw,fragile
R2L,Normal,random,1260,0.050009922603691206,11726,0.016666666666666666,0.9989283588013494,0.0498842471222195,-7.938082952974046e-05,0.04965587305587317,False,0.7640170333569908,0.5298214123333265,0.2087645982985163,0.9728143342601174,0.8214477211796246,0.6253614209004543,0.04436741767764298,0.1044776119402985,0.03517565649396735,0.9490467937608319,0.0,0.0058925476603119585,0.04436741767764298,0.0006932409012131716,0.04991334488734835,0.7752838892831796,0.5446124414745765,0.2022965839474868,0.04777324343506033,nsl_kdd_v2,rf_5class_cw,fragile
R2L,Normal,random,2520,0.10001984520738241,11726,0.01865079365079365,0.9989680492161143,0.09990674253849235,-3.969041476492574e-05,0.09967836847214603,False,0.7341643009226402,0.5105802470284142,0.22670424307446208,0.9728143342601174,0.7329758713136729,0.6204047914085089,0.0440207972270364,0.1044776119402985,0.017166430092264016,0.9493934142114385,0.0,0.0058925476603119585,0.0440207972270364,0.0006932409012131716,0.04991334488734835,0.7752838892831796,0.5446124414745765,0.2022965839474868,0.04777324343506033,nsl_kdd_v2,rf_5class_cw,fragile
R2L,Normal,highest_pt,126,0.0050009922603691205,11726,1.0,0.9989680492161143,0.0054687872905591255,-3.969041476492574e-05,0.005240413224212801,True,0.7713360539389638,0.5323762774356476,0.19550567615324896,0.9720935022139842,0.8288203753351207,0.7042544403139198,0.01871750433275563,0.1044776119402985,0.043736692689850955,0.9733102253032929,0.0,0.006932409012131715,0.01871750433275563,0.0010398613518197574,0.04991334488734835,0.7752838892831796,0.5446124414745765,0.2022965839474868,0.04777324343506033,nsl_kdd_v2,rf_5class_cw,fragile
R2L,Normal,highest_pt,126,0.0050009922603691205,11726,1.0,0.9989680492161143,0.0054687872905591255,-3.969041476492574e-05,0.005240413224212801,True,0.7713360539389638,0.5323762774356476,0.19550567615324896,0.9720935022139842,0.8288203753351207,0.7042544403139198,0.01871750433275563,0.1044776119402985,0.043736692689850955,0.9733102253032929,0.0,0.006932409012131715,0.01871750433275563,0.0010398613518197574,0.04991334488734835,0.7752838892831796,0.5446124414745765,0.2022965839474868,0.04777324343506033,nsl_kdd_v2,rf_5class_cw,fragile
R2L,Normal,highest_pt,126,0.0050009922603691205,11726,1.0,0.9989680492161143,0.0054687872905591255,-3.969041476492574e-05,0.005240413224212801,True,0.7713360539389638,0.5323762774356476,0.19550567615324896,0.9720935022139842,0.8288203753351207,0.7042544403139198,0.01871750433275563,0.1044776119402985,0.043736692689850955,0.9733102253032929,0.0,0.006932409012131715,0.01871750433275563,0.0010398613518197574,0.04991334488734835,0.7752838892831796,0.5446124414745765,0.2022965839474868,0.04777324343506033,nsl_kdd_v2,rf_5class_cw,fragile
R2L,Normal,highest_pt,252,0.010001984520738241,11726,0.7896825396825397,0.9901964675530859,0.006939700211627877,-0.008811272077793308,0.0067113261452815525,False,0.7198367636621718,0.45054153367299576,0.23110308468687438,0.9760065904644218,0.7164879356568364,0.5803387030152829,0.0,0.0,0.01889638041163946,0.9996533795493934,0.0,0.0003466204506065858,0.0,0.0,0.04991334488734835,0.7752838892831796,0.5446124414745765,0.2022965839474868,0.04777324343506033,nsl_kdd_v2,rf_5class_cw,fragile
R2L,Normal,highest_pt,504,0.020003969041476482,11726,0.3948412698412698,0.9901170867235563,0.008442601930823303,-0.008890652907322938,0.008214227864476979,False,0.7196593328601846,0.45132906494821307,0.22491812228095603,0.9760065904644218,0.7163538873994638,0.5790995456422966,0.0,0.0,0.020049680624556424,0.9996533795493934,0.0,0.0003466204506065858,0.0,0.0,0.04991334488734835,0.7752838892831796,0.5446124414745765,0.2022965839474868,0.04777324343506033,nsl_kdd_v2,rf_5class_cw,fragile
R2L,Normal,highest_pt,1260,0.050009922603691206,11726,0.15793650793650793,0.9901170867235563,0.03687425826440351,-0.008890652907322938,0.036645884198057185,False,0.7195262597586941,0.4538900243068237,0.21231175076848147,0.9762125424776027,0.7156836461126005,0.5790995456422966,0.0,0.0,0.021779630943931868,0.9996533795493934,0.0,0.0003466204506065858,0.0,0.0,0.04991334488734835,0.7752838892831796,0.5446124414745765,0.2022965839474868,0.04777324343506033,nsl_kdd_v2,rf_5class_cw,fragile
R2L,Normal,highest_pt,2520,0.10001984520738241,11726,0.07896825396825397,0.9899980154792618,0.1019985160306449,-0.009009724151617382,0.10177014196429858,False,0.7153122782114976,0.45276932666236097,0.21588447013548837,0.9765214704973741,0.7033512064343164,0.5766212308963239,0.0,0.0,0.027812278211497517,0.9996533795493934,0.0,0.0003466204506065858,0.0,0.0,0.04991334488734835,0.7752838892831796,0.5446124414745765,0.2022965839474868,0.04777324343506033,nsl_kdd_v2,rf_5class_cw,fragile
DoS,Normal,block_greedy,126,0.0050009922603691205,11726,1.0,0.9989680492161143,0.005117580606045711,-3.969041476492574e-05,0.004889206539699387,True,0.7496007806955287,0.5306016859118103,0.21450386307947983,0.9721964782205746,0.7477211796246649,0.7158199091284593,0.04852686308492201,0.1044776119402985,0.024662881476224273,0.22788203753351208,0.7477211796246649,0.024396782841823058,0.0,0.0,0.8288203753351207,0.7752838892831796,0.5446124414745765,0.2022965839474868,0.04777324343506033,nsl_kdd_v2,rf_5class_cw,stable
DoS,Normal,block_greedy,126,0.0050009922603691205,11726,1.0,0.9989680492161143,0.005117580606045711,-3.969041476492574e-05,0.004889206539699387,True,0.7496007806955287,0.5306016859118103,0.21450386307947983,0.9721964782205746,0.7477211796246649,0.7158199091284593,0.04852686308492201,0.1044776119402985,0.024662881476224273,0.22788203753351208,0.7477211796246649,0.024396782841823058,0.0,0.0,0.8288203753351207,0.7752838892831796,0.5446124414745765,0.2022965839474868,0.04777324343506033,nsl_kdd_v2,rf_5class_cw,stable
DoS,Normal,block_greedy,126,0.0050009922603691205,11726,1.0,0.9989680492161143,0.005117580606045711,-3.969041476492574e-05,0.004889206539699387,True,0.7496007806955287,0.5306016859118103,0.21450386307947983,0.9721964782205746,0.7477211796246649,0.7158199091284593,0.04852686308492201,0.1044776119402985,0.024662881476224273,0.22788203753351208,0.7477211796246649,0.024396782841823058,0.0,0.0,0.8288203753351207,0.7752838892831796,0.5446124414745765,0.2022965839474868,0.04777324343506033,nsl_kdd_v2,rf_5class_cw,stable
DoS,Normal,block_greedy,252,0.010001984520738241,11726,0.996031746031746,0.9990077396308792,0.0099697551379592,0.0,0.009741381071612876,True,0.7468949609652236,0.5279751726773787,0.2247900023112815,0.9721964782205746,0.7419571045576407,0.7083849648905411,0.04852686308492201,0.1044776119402985,0.024973385379701916,0.23109919571045576,0.7419571045576407,0.026943699731903484,0.0,0.0,0.8288203753351207,0.7752838892831796,0.5446124414745765,0.2022965839474868,0.04777324343506033,nsl_kdd_v2,rf_5class_cw,stable
DoS,Normal,block_greedy,504,0.020003969041476482,11726,0.998015873015873,0.9990077396308792,0.01997970634752228,0.0,0.019751332281175957,False,0.7468062455642299,0.5279005010662415,0.21768538023550132,0.9721964782205746,0.7416890080428954,0.7083849648905411,0.04852686308492201,0.1044776119402985,0.024973385379701916,0.2312332439678284,0.7416890080428954,0.02707774798927614,0.0,0.0,0.8288203753351207,0.7752838892831796,0.5446124414745765,0.2022965839474868,0.04777324343506033,nsl_kdd_v2,rf_5class_cw,stable
DoS,Normal,block_greedy,1260,0.050009922603691206,11726,0.9992063492063492,0.9990077396308792,0.0501196518500318,0.0,0.049891277783685475,False,0.7467618878637331,0.5278498797873258,0.21356803411401212,0.9721964782205746,0.7415549597855228,0.7083849648905411,0.04852686308492201,0.1044776119402985,0.02501774308019872,0.2312332439678284,0.7415549597855228,0.027211796246648795,0.0,0.0,0.8288203753351207,0.7752838892831796,0.5446124414745765,0.2022965839474868,0.04777324343506033,nsl_kdd_v2,rf_5class_cw,stable
DoS,Normal,block_greedy,2520,0.10001984520738241,11726,0.9996031746031746,0.9990077396308792,0.10125290649368172,0.0,0.1010245324273354,False,0.7462739531582683,0.5273731262910987,0.24450038058305823,0.9721964782205746,0.7400804289544236,0.7083849648905411,0.04852686308492201,0.1044776119402985,0.02550567778566359,0.23163538873994638,0.7400804289544236,0.028284182305630026,0.0,0.0,0.8288203753351207,0.7752838892831796,0.5446124414745765,0.2022965839474868,0.04777324343506033,nsl_kdd_v2,rf_5class_cw,stable
DoS,Normal,block_greedy_stealth,26,0.0010319507838856916,27,0.07692307692307693,0.9986902163127604,0.000980350369042269,-0.0003175233181187398,0.0007519763026959445,True,0.7370919091554294,0.4710451966749748,0.2537614207595076,0.973844094326022,0.7656836461126005,0.5935563816604709,0.0034662045060658577,0.014925373134328358,0.0035042583392476934,0.22654155495978553,0.7656836461126005,0.007774798927613941,0.0,0.0,0.8288203753351207,0.7752838892831796,0.5446124414745765,0.2022965839474868,0.04777324343506033,nsl_kdd_v2,rf_5class_cw,stable
DoS,Normal,block_greedy_stealth,27,0.0010716411986505258,27,0.07407407407407407,0.9986902163127604,0.0011174241901157778,-0.0003175233181187398,0.0008890501237694533,True,0.7370919091554294,0.4710451966749748,0.2547857643803839,0.973844094326022,0.7656836461126005,0.5935563816604709,0.0034662045060658577,0.014925373134328358,0.0035042583392476934,0.22654155495978553,0.7656836461126005,0.007774798927613941,0.0,0.0,0.8288203753351207,0.7752838892831796,0.5446124414745765,0.2022965839474868,0.04777324343506033,nsl_kdd_v2,rf_5class_cw,stable
DoS,Normal,random,126,0.0050009922603691205,11726,0.7936507936507936,0.9990077396308792,0.005199470796776212,0.0,0.004971096730429888,True,0.7752838892831796,0.5446124414745765,0.20152851847426617,0.9719905262073937,0.8288203753351207,0.7042544403139198,0.04991334488734835,0.1044776119402985,0.04777324343506033,0.15335120643431635,0.8288203753351207,0.017828418230563,0.0,0.0,0.8288203753351207,0.7752838892831796,0.5446124414745765,0.2022965839474868,0.04777324343506033,nsl_kdd_v2,rf_5class_cw,stable
DoS,Normal,random,126,0.0050009922603691205,11726,0.7936507936507936,0.9990077396308792,0.005199470796776212,0.0,0.004971096730429888,True,0.7752838892831796,0.5446124414745765,0.20152851847426617,0.9719905262073937,0.8288203753351207,0.7042544403139198,0.04991334488734835,0.1044776119402985,0.04777324343506033,0.15335120643431635,0.8288203753351207,0.017828418230563,0.0,0.0,0.8288203753351207,0.7752838892831796,0.5446124414745765,0.2022965839474868,0.04777324343506033,nsl_kdd_v2,rf_5class_cw,stable
DoS,Normal,random,126,0.0050009922603691205,11726,0.7936507936507936,0.9990077396308792,0.005199470796776212,0.0,0.004971096730429888,True,0.7752838892831796,0.5446124414745765,0.20152851847426617,0.9719905262073937,0.8288203753351207,0.7042544403139198,0.04991334488734835,0.1044776119402985,0.04777324343506033,0.15335120643431635,0.8288203753351207,0.017828418230563,0.0,0.0,0.8288203753351207,0.7752838892831796,0.5446124414745765,0.2022965839474868,0.04777324343506033,nsl_kdd_v2,rf_5class_cw,stable
DoS,Normal,random,252,0.010001984520738241,11726,0.7896825396825397,0.9990077396308792,0.010201418296896978,0.0,0.009973044230550654,True,0.7752838892831796,0.5446124414745765,0.19754057609747386,0.9719905262073937,0.8288203753351207,0.7042544403139198,0.04991334488734835,0.1044776119402985,0.04777324343506033,0.15335120643431635,0.8288203753351207,0.017828418230563,0.0,0.0,0.8288203753351207,0.7752838892831796,0.5446124414745765,0.2022965839474868,0.04777324343506033,nsl_kdd_v2,rf_5class_cw,stable
DoS,Normal,random,504,0.020003969041476482,11726,0.7976190476190477,0.9990077396308792,0.020109070928792782,0.0,0.019880696862446458,False,0.7750621007806955,0.5443975801631293,0.1897446806155604,0.9719905262073937,0.8288203753351207,0.7042544403139198,0.048180242634315425,0.1044776119402985,0.047507097232079486,0.15335120643431635,0.8288203753351207,0.017828418230563,0.0,0.0,0.8288203753351207,0.7752838892831796,0.5446124414745765,0.2022965839474868,0.04777324343506033,nsl_kdd_v2,rf_5class_cw,stable
DoS,Normal,random,1260,0.050009922603691206,11726,0.7880952380952381,0.9989283588013494,0.0498842471222195,-7.938082952974046e-05,0.04965587305587317,False,0.7640170333569908,0.5298214123333265,0.2087645982985163,0.9728143342601174,0.8214477211796246,0.6253614209004543,0.04436741767764298,0.1044776119402985,0.03517565649396735,0.1611260053619303,0.8214477211796246,0.01742627345844504,0.0,0.0,0.8288203753351207,0.7752838892831796,0.5446124414745765,0.2022965839474868,0.04777324343506033,nsl_kdd_v2,rf_5class_cw,stable
DoS,Normal,random,2520,0.10001984520738241,11726,0.780952380952381,0.9989680492161143,0.09990674253849235,-3.969041476492574e-05,0.09967836847214603,False,0.7341643009226402,0.5105802470284142,0.22670424307446208,0.9728143342601174,0.7329758713136729,0.6204047914085089,0.0440207972270364,0.1044776119402985,0.017166430092264016,0.23351206434316354,0.7329758713136729,0.03351206434316354,0.0,0.0,0.8288203753351207,0.7752838892831796,0.5446124414745765,0.2022965839474868,0.04777324343506033,nsl_kdd_v2,rf_5class_cw,stable
DoS,Normal,highest_pt,126,0.0050009922603691205,11726,1.0,0.9990077396308792,0.005219603486806811,0.0,0.0049912294204604865,True,0.7752838892831796,0.5446124414745765,0.19885981748127443,0.9719905262073937,0.8288203753351207,0.7042544403139198,0.04991334488734835,0.1044776119402985,0.04777324343506033,0.15335120643431635,0.8288203753351207,0.017828418230563,0.0,0.0,0.8288203753351207,0.7752838892831796,0.5446124414745765,0.2022965839474868,0.04777324343506033,nsl_kdd_v2,rf_5class_cw,stable
DoS,Normal,highest_pt,126,0.0050009922603691205,11726,1.0,0.9990077396308792,0.005219603486806811,0.0,0.0049912294204604865,True,0.7752838892831796,0.5446124414745765,0.19885981748127443,0.9719905262073937,0.8288203753351207,0.7042544403139198,0.04991334488734835,0.1044776119402985,0.04777324343506033,0.15335120643431635,0.8288203753351207,0.017828418230563,0.0,0.0,0.8288203753351207,0.7752838892831796,0.5446124414745765,0.2022965839474868,0.04777324343506033,nsl_kdd_v2,rf_5class_cw,stable
DoS,Normal,highest_pt,126,0.0050009922603691205,11726,1.0,0.9990077396308792,0.005219603486806811,0.0,0.0049912294204604865,True,0.7752838892831796,0.5446124414745765,0.19885981748127443,0.9719905262073937,0.8288203753351207,0.7042544403139198,0.04991334488734835,0.1044776119402985,0.04777324343506033,0.15335120643431635,0.8288203753351207,0.017828418230563,0.0,0.0,0.8288203753351207,0.7752838892831796,0.5446124414745765,0.2022965839474868,0.04777324343506033,nsl_kdd_v2,rf_5class_cw,stable
DoS,Normal,highest_pt,252,0.010001984520738241,11726,1.0,0.9990077396308792,0.01022126559721285,0.0,0.009992891530866526,True,0.7752838892831796,0.5446124414745765,0.19540717582055225,0.9719905262073937,0.8288203753351207,0.7042544403139198,0.04991334488734835,0.1044776119402985,0.04777324343506033,0.15335120643431635,0.8288203753351207,0.017828418230563,0.0,0.0,0.8288203753351207,0.7752838892831796,0.5446124414745765,0.2022965839474868,0.04777324343506033,nsl_kdd_v2,rf_5class_cw,stable
DoS,Normal,highest_pt,504,0.020003969041476482,11726,1.0,0.9990077396308792,0.02023093039758231,0.0,0.020002556331235984,False,0.7752838892831796,0.5446124414745765,0.18850055389610457,0.9719905262073937,0.8288203753351207,0.7042544403139198,0.04991334488734835,0.1044776119402985,0.04777324343506033,0.15335120643431635,0.8288203753351207,0.017828418230563,0.0,0.0,0.8288203753351207,0.7752838892831796,0.5446124414745765,0.2022965839474868,0.04777324343506033,nsl_kdd_v2,rf_5class_cw,stable
DoS,Normal,highest_pt,1260,0.050009922603691206,11726,1.0,0.9990077396308792,0.0503709419970274,0.0,0.05014256793068107,False,0.7752838892831796,0.5446124414745765,0.1975474757746353,0.9719905262073937,0.8288203753351207,0.7042544403139198,0.04991334488734835,0.1044776119402985,0.04777324343506033,0.15335120643431635,0.8288203753351207,0.017828418230563,0.0,0.0,0.8288203753351207,0.7752838892831796,0.5446124414745765,0.2022965839474868,0.04777324343506033,nsl_kdd_v2,rf_5class_cw,stable
DoS,Normal,highest_pt,2520,0.10001984520738241,11726,1.0,0.9990077396308792,0.10126882808072162,0.0,0.1010404540143753,False,0.7752395315826828,0.5445503281468217,0.22898837477237913,0.9719905262073937,0.8288203753351207,0.7038413878562577,0.04991334488734835,0.1044776119402985,0.04772888573456352,0.15335120643431635,0.8288203753351207,0.017828418230563,0.0,0.0,0.8288203753351207,0.7752838892831796,0.5446124414745765,0.2022965839474868,0.04777324343506033,nsl_kdd_v2,rf_5class_cw,stable
R2L,Normal,block_greedy,126,0.0050009922603691205,11726,1.0,0.9994046437785274,0.005354006161083628,0.0,0.005181201889609216,True,0.7861958836053939,0.5941324302525064,0.18987154384319868,0.9713726701678509,0.8469168900804289,0.7236679058240396,0.07105719237435008,0.23880597014925373,0.0022622427253371187,0.921317157712305,0.0,0.0058925476603119585,0.07105719237435008,0.0017331022530329288,0.07105719237435008,0.7860628105039035,0.5903030968615286,0.19599748486459362,0.0023953158268275373,nsl_kdd_v2,xgb_5class_cw,fragile
R2L,Normal,block_greedy,126,0.0050009922603691205,11726,1.0,0.9994046437785274,0.005354006161083628,0.0,0.005181201889609216,True,0.7861958836053939,0.5941324302525064,0.18987154384319868,0.9713726701678509,0.8469168900804289,0.7236679058240396,0.07105719237435008,0.23880597014925373,0.0022622427253371187,0.921317157712305,0.0,0.0058925476603119585,0.07105719237435008,0.0017331022530329288,0.07105719237435008,0.7860628105039035,0.5903030968615286,0.19599748486459362,0.0023953158268275373,nsl_kdd_v2,xgb_5class_cw,fragile
R2L,Normal,block_greedy,126,0.0050009922603691205,11726,1.0,0.9994046437785274,0.005354006161083628,0.0,0.005181201889609216,True,0.7861958836053939,0.5941324302525064,0.18987154384319868,0.9713726701678509,0.8469168900804289,0.7236679058240396,0.07105719237435008,0.23880597014925373,0.0022622427253371187,0.921317157712305,0.0,0.0058925476603119585,0.07105719237435008,0.0017331022530329288,0.07105719237435008,0.7860628105039035,0.5903030968615286,0.19599748486459362,0.0023953158268275373,nsl_kdd_v2,xgb_5class_cw,fragile
R2L,Normal,block_greedy,252,0.010001984520738241,11726,0.7896825396825397,0.9911093470926772,0.003855417796618742,-0.008295296685850273,0.0036826135251443303,False,0.740152590489709,0.47812982833394047,0.24245128015971867,0.9751827824116981,0.7723860589812332,0.5997521685254027,0.0,0.029850746268656716,0.05287437899219304,0.9986135181975736,0.0,0.0010398613518197574,0.0,0.0003466204506065858,0.07105719237435008,0.7860628105039035,0.5903030968615286,0.19599748486459362,0.0023953158268275373,nsl_kdd_v2,xgb_5class_cw,fragile
R2L,Normal,block_greedy,504,0.020003969041476482,11726,0.3948412698412698,0.9866243302242509,0.012587183312802085,-0.012780313554276557,0.012414379041327672,False,0.7243168914123492,0.45746964659207007,0.2581187408011955,0.9775512305632788,0.7320375335120644,0.5679471292854192,0.0,0.0,0.07891234918381831,0.9996533795493934,0.0,0.0,0.0,0.0003466204506065858,0.07105719237435008,0.7860628105039035,0.5903030968615286,0.19599748486459362,0.0023953158268275373,nsl_kdd_v2,xgb_5class_cw,fragile
R2L,Normal,block_greedy,1260,0.050009922603691206,11726,0.15793650793650793,0.959515776939869,0.026988888364228435,-0.03988886683865844,0.026816084092754024,False,0.6871894960965224,0.4335116126670089,0.2925572423215843,0.981155390793945,0.6243967828418231,0.5394465097067328,0.0,0.0,0.12007629524485451,1.0,0.0,0.0,0.0,0.0,0.07105719237435008,0.7860628105039035,0.5903030968615286,0.19599748486459362,0.0023953158268275373,nsl_kdd_v2,xgb_5class_cw,fragile
R2L,Normal,block_greedy,2520,0.10001984520738241,11726,0.07896825396825397,0.9047430045643977,0.06784138447409546,-0.09466163921412973,0.06766858020262105,False,0.6253992193044713,0.37923286073869356,0.3370497245984432,0.9838327669652971,0.47546916890080426,0.41222635274679886,0.0,0.0,0.18417317246273954,1.0,0.0,0.0,0.0,0.0,0.07105719237435008,0.7860628105039035,0.5903030968615286,0.19599748486459362,0.0023953158268275373,nsl_kdd_v2,xgb_5class_cw,fragile
R2L,Normal,block_greedy_stealth,8,0.00031752331811867436,8,0.125,0.9994046437785274,0.00041127639064955006,0.0,0.00023847211917513812,True,0.7824698367636622,0.5953268241388148,0.2110845679107534,0.9716815981876222,0.8364611260053619,0.7199504337050805,0.0707105719237435,0.2537313432835821,0.0020848119233498937,0.9220103986135182,0.0,0.005545927209705373,0.0707105719237435,0.0017331022530329288,0.07105719237435008,0.7860628105039035,0.5903030968615286,0.19599748486459362,0.0023953158268275373,nsl_kdd_v2,xgb_5class_cw,fragile
R2L,Normal,random,126,0.0050009922603691205,11726,0.007936507936507936,0.9994046437785274,0.0051433541315234425,0.0,0.004970549860049031,True,0.7857966643009227,0.5899632304298017,0.19137877781890986,0.9713726701678509,0.8469168900804289,0.7203634861627427,0.07105719237435008,0.22388059701492538,0.0022178850248403123,0.9216637781629116,0.0,0.005545927209705373,0.07105719237435008,0.0017331022530329288,0.07105719237435008,0.7860628105039035,0.5903030968615286,0.19599748486459362,0.0023953158268275373,nsl_kdd_v2,xgb_5class_cw,fragile
R2L,Normal,random,126,0.0050009922603691205,11726,0.007936507936507936,0.9994046437785274,0.0051433541315234425,0.0,0.004970549860049031,True,0.7857966643009227,0.5899632304298017,0.19137877781890986,0.9713726701678509,0.8469168900804289,0.7203634861627427,0.07105719237435008,0.22388059701492538,0.0022178850248403123,0.9216637781629116,0.0,0.005545927209705373,0.07105719237435008,0.0017331022530329288,0.07105719237435008,0.7860628105039035,0.5903030968615286,0.19599748486459362,0.0023953158268275373,nsl_kdd_v2,xgb_5class_cw,fragile
R2L,Normal,random,126,0.0050009922603691205,11726,0.007936507936507936,0.9994046437785274,0.0051433541315234425,0.0,0.004970549860049031,True,0.7857966643009227,0.5899632304298017,0.19137877781890986,0.9713726701678509,0.8469168900804289,0.7203634861627427,0.07105719237435008,0.22388059701492538,0.0022178850248403123,0.9216637781629116,0.0,0.005545927209705373,0.07105719237435008,0.0017331022530329288,0.07105719237435008,0.7860628105039035,0.5903030968615286,0.19599748486459362,0.0023953158268275373,nsl_kdd_v2,xgb_5class_cw,fragile
R2L,Normal,random,252,0.010001984520738241,11726,0.007936507936507936,0.9994046437785274,0.010144525170432005,0.0,0.009971720898957592,True,0.7857966643009227,0.5899632304298017,0.18750702903443278,0.9713726701678509,0.8469168900804289,0.7203634861627427,0.07105719237435008,0.22388059701492538,0.0022178850248403123,0.9216637781629116,0.0,0.005545927209705373,0.07105719237435008,0.0017331022530329288,0.07105719237435008,0.7860628105039035,0.5903030968615286,0.19599748486459362,0.0023953158268275373,nsl_kdd_v2,xgb_5class_cw,fragile
R2L,Normal,random,504,0.020003969041476482,11726,0.00992063492063492,0.9994046437785274,0.020217329913073838,0.0,0.020044525641599427,False,0.7857966643009227,0.5899632304298017,0.17965490928531996,0.9713726701678509,0.8469168900804289,0.7203634861627427,0.07105719237435008,0.22388059701492538,0.0022178850248403123,0.9216637781629116,0.0,0.005545927209705373,0.07105719237435008,0.0017331022530329288,0.07105719237435008,0.7860628105039035,0.5903030968615286,0.19599748486459362,0.0023953158268275373,nsl_kdd_v2,xgb_5class_cw,fragile
R2L,Normal,random,1260,0.050009922603691206,11726,0.016666666666666666,0.9993252629489978,0.05003555532571469,-7.938082952962944e-05,0.049862751054240276,False,0.7806511710432931,0.5730480328548664,0.17547879896237345,0.9718875502008032,0.843029490616622,0.6918628665840562,0.06412478336221837,0.1791044776119403,0.00625443577004968,0.9306759098786829,0.0,0.004159445407279029,0.06412478336221837,0.0010398613518197574,0.07105719237435008,0.7860628105039035,0.5903030968615286,0.19599748486459362,0.0023953158268275373,nsl_kdd_v2,xgb_5class_cw,fragile
R2L,Normal,random,2520,0.10001984520738241,11726,0.01865079365079365,0.9993649533637626,0.09990992676746115,-3.969041476481472e-05,0.09973712249598674,False,0.7681422995031938,0.5624232666404797,0.23705404254374127,0.9731232622798888,0.8100536193029491,0.6840148698884758,0.05407279029462738,0.1791044776119403,0.019295599716110716,0.9410745233968805,0.0,0.0038128249566724438,0.05407279029462738,0.0010398613518197574,0.07105719237435008,0.7860628105039035,0.5903030968615286,0.19599748486459362,0.0023953158268275373,nsl_kdd_v2,xgb_5class_cw,fragile
R2L,Normal,highest_pt,126,0.0050009922603691205,11726,1.0,0.9994046437785274,0.005354006161083628,0.0,0.005181201889609216,True,0.7861958836053939,0.5941324302525064,0.18987154384319868,0.9713726701678509,0.8469168900804289,0.7236679058240396,0.07105719237435008,0.23880597014925373,0.0022622427253371187,0.921317157712305,0.0,0.0058925476603119585,0.07105719237435008,0.0017331022530329288,0.07105719237435008,0.7860628105039035,0.5903030968615286,0.19599748486459362,0.0023953158268275373,nsl_kdd_v2,xgb_5class_cw,fragile
R2L,Normal,highest_pt,126,0.0050009922603691205,11726,1.0,0.9994046437785274,0.005354006161083628,0.0,0.005181201889609216,True,0.7861958836053939,0.5941324302525064,0.18987154384319868,0.9713726701678509,0.8469168900804289,0.7236679058240396,0.07105719237435008,0.23880597014925373,0.0022622427253371187,0.921317157712305,0.0,0.0058925476603119585,0.07105719237435008,0.0017331022530329288,0.07105719237435008,0.7860628105039035,0.5903030968615286,0.19599748486459362,0.0023953158268275373,nsl_kdd_v2,xgb_5class_cw,fragile
R2L,Normal,highest_pt,126,0.0050009922603691205,11726,1.0,0.9994046437785274,0.005354006161083628,0.0,0.005181201889609216,True,0.7861958836053939,0.5941324302525064,0.18987154384319868,0.9713726701678509,0.8469168900804289,0.7236679058240396,0.07105719237435008,0.23880597014925373,0.0022622427253371187,0.921317157712305,0.0,0.0058925476603119585,0.07105719237435008,0.0017331022530329288,0.07105719237435008,0.7860628105039035,0.5903030968615286,0.19599748486459362,0.0023953158268275373,nsl_kdd_v2,xgb_5class_cw,fragile
R2L,Normal,highest_pt,252,0.010001984520738241,11726,0.7896825396825397,0.9911093470926772,0.003855417796618742,-0.008295296685850273,0.0036826135251443303,False,0.740152590489709,0.47812982833394047,0.24245128015971867,0.9751827824116981,0.7723860589812332,0.5997521685254027,0.0,0.029850746268656716,0.05287437899219304,0.9986135181975736,0.0,0.0010398613518197574,0.0,0.0003466204506065858,0.07105719237435008,0.7860628105039035,0.5903030968615286,0.19599748486459362,0.0023953158268275373,nsl_kdd_v2,xgb_5class_cw,fragile
R2L,Normal,highest_pt,504,0.020003969041476482,11726,0.3948412698412698,0.9866243302242509,0.012587183312802085,-0.012780313554276557,0.012414379041327672,False,0.7243168914123492,0.45746964659207007,0.2581187408011955,0.9775512305632788,0.7320375335120644,0.5679471292854192,0.0,0.0,0.07891234918381831,0.9996533795493934,0.0,0.0,0.0,0.0003466204506065858,0.07105719237435008,0.7860628105039035,0.5903030968615286,0.19599748486459362,0.0023953158268275373,nsl_kdd_v2,xgb_5class_cw,fragile
R2L,Normal,highest_pt,1260,0.050009922603691206,11726,0.15793650793650793,0.959515776939869,0.026988888364228435,-0.03988886683865844,0.026816084092754024,False,0.6871894960965224,0.4335116126670089,0.2925572423215843,0.981155390793945,0.6243967828418231,0.5394465097067328,0.0,0.0,0.12007629524485451,1.0,0.0,0.0,0.0,0.0,0.07105719237435008,0.7860628105039035,0.5903030968615286,0.19599748486459362,0.0023953158268275373,nsl_kdd_v2,xgb_5class_cw,fragile
R2L,Normal,highest_pt,2520,0.10001984520738241,11726,0.07896825396825397,0.9047430045643977,0.06784138447409546,-0.09466163921412973,0.06766858020262105,False,0.6253992193044713,0.37923286073869356,0.3370497245984432,0.9838327669652971,0.47546916890080426,0.41222635274679886,0.0,0.0,0.18417317246273954,1.0,0.0,0.0,0.0,0.0,0.07105719237435008,0.7860628105039035,0.5903030968615286,0.19599748486459362,0.0023953158268275373,nsl_kdd_v2,xgb_5class_cw,fragile
DoS,Normal,block_greedy,126,0.0050009922603691205,11726,0.9920634920634921,0.9994046437785274,0.005029716084252737,0.0,0.004856911812778325,True,0.7845102909865153,0.5966675592474872,0.1981781863659638,0.9715786221810319,0.8415549597855227,0.7236679058240396,0.0707105719237435,0.2537313432835821,0.00039921930447125623,0.13981233243967828,0.8415549597855227,0.018632707774798928,0.0,0.0,0.8469168900804289,0.7860628105039035,0.5903030968615286,0.19599748486459362,0.0023953158268275373,nsl_kdd_v2,xgb_5class_cw,stable
DoS,Normal,block_greedy,126,0.0050009922603691205,11726,0.9920634920634921,0.9994046437785274,0.005029716084252737,0.0,0.004856911812778325,True,0.7845102909865153,0.5966675592474872,0.1981781863659638,0.9715786221810319,0.8415549597855227,0.7236679058240396,0.0707105719237435,0.2537313432835821,0.00039921930447125623,0.13981233243967828,0.8415549597855227,0.018632707774798928,0.0,0.0,0.8469168900804289,0.7860628105039035,0.5903030968615286,0.19599748486459362,0.0023953158268275373,nsl_kdd_v2,xgb_5class_cw,stable
DoS,Normal,block_greedy,126,0.0050009922603691205,11726,0.9920634920634921,0.9994046437785274,0.005029716084252737,0.0,0.004856911812778325,True,0.7845102909865153,0.5966675592474872,0.1981781863659638,0.9715786221810319,0.8415549597855227,0.7236679058240396,0.0707105719237435,0.2537313432835821,0.00039921930447125623,0.13981233243967828,0.8415549597855227,0.018632707774798928,0.0,0.0,0.8469168900804289,0.7860628105039035,0.5903030968615286,0.19599748486459362,0.0023953158268275373,nsl_kdd_v2,xgb_5class_cw,stable
DoS,Normal,block_greedy,252,0.010001984520738241,11726,0.996031746031746,0.9994046437785274,0.010031496048484008,0.0,0.009858691777009595,True,0.7845102909865153,0.5966675592474872,0.19464007973295203,0.9715786221810319,0.8415549597855227,0.7236679058240396,0.0707105719237435,0.2537313432835821,0.00039921930447125623,0.13981233243967828,0.8415549597855227,0.018632707774798928,0.0,0.0,0.8469168900804289,0.7860628105039035,0.5903030968615286,0.19599748486459362,0.0023953158268275373,nsl_kdd_v2,xgb_5class_cw,stable
DoS,Normal,block_greedy,504,0.020003969041476482,11726,0.998015873015873,0.9994046437785274,0.020041253137627377,0.0,0.019868448866152966,False,0.7845102909865153,0.5966675592474872,0.18714613545485445,0.9715786221810319,0.8415549597855227,0.7236679058240396,0.0707105719237435,0.2537313432835821,0.00039921930447125623,0.13981233243967828,0.8415549597855227,0.018632707774798928,0.0,0.0,0.8469168900804289,0.7860628105039035,0.5903030968615286,0.19599748486459362,0.0023953158268275373,nsl_kdd_v2,xgb_5class_cw,stable
DoS,Normal,block_greedy,1260,0.050009922603691206,11726,0.9992063492063492,0.9994046437785274,0.0501852898055714,0.0,0.05001248553409699,False,0.7845102909865153,0.5966675592474872,0.18275693159873108,0.9715786221810319,0.8415549597855227,0.7236679058240396,0.0707105719237435,0.2537313432835821,0.00039921930447125623,0.13981233243967828,0.8415549597855227,0.018632707774798928,0.0,0.0,0.8469168900804289,0.7860628105039035,0.5903030968615286,0.19599748486459362,0.0023953158268275373,nsl_kdd_v2,xgb_5class_cw,stable
DoS,Normal,block_greedy,2520,0.10001984520738241,11726,0.9996031746031746,0.9994046437785274,0.10119888979912885,0.0,0.10102608552765444,False,0.7844215755855216,0.59656793249214,0.22910414725849654,0.9715786221810319,0.8412868632707775,0.7236679058240396,0.0707105719237435,0.2537313432835821,0.0004879347054648687,0.13981233243967828,0.8412868632707775,0.018900804289544236,0.0,0.0,0.8469168900804289,0.7860628105039035,0.5903030968615286,0.19599748486459362,0.0023953158268275373,nsl_kdd_v2,xgb_5class_cw,stable
DoS,Normal,block_greedy_stealth,8,0.00031752331811867436,8,0.25,0.9994046437785274,0.00041127639064955006,0.0,0.00023847211917513812,True,0.7824698367636622,0.5953268241388148,0.2110845679107534,0.9716815981876222,0.8364611260053619,0.7199504337050805,0.0707105719237435,0.2537313432835821,0.0020848119233498937,0.14490616621983915,0.8364611260053619,0.018632707774798928,0.0,0.0,0.8469168900804289,0.7860628105039035,0.5903030968615286,0.19599748486459362,0.0023953158268275373,nsl_kdd_v2,xgb_5class_cw,stable
DoS,Normal,random,126,0.0050009922603691205,11726,0.7936507936507936,0.9994046437785274,0.0051433541315234425,0.0,0.004970549860049031,True,0.7857966643009227,0.5899632304298017,0.19137877781890986,0.9713726701678509,0.8469168900804289,0.7203634861627427,0.07105719237435008,0.22388059701492538,0.0022178850248403123,0.13498659517426273,0.8469168900804289,0.018096514745308313,0.0,0.0,0.8469168900804289,0.7860628105039035,0.5903030968615286,0.19599748486459362,0.0023953158268275373,nsl_kdd_v2,xgb_5class_cw,stable
DoS,Normal,random,126,0.0050009922603691205,11726,0.7936507936507936,0.9994046437785274,0.0051433541315234425,0.0,0.004970549860049031,True,0.7857966643009227,0.5899632304298017,0.19137877781890986,0.9713726701678509,0.8469168900804289,0.7203634861627427,0.07105719237435008,0.22388059701492538,0.0022178850248403123,0.13498659517426273,0.8469168900804289,0.018096514745308313,0.0,0.0,0.8469168900804289,0.7860628105039035,0.5903030968615286,0.19599748486459362,0.0023953158268275373,nsl_kdd_v2,xgb_5class_cw,stable
DoS,Normal,random,126,0.0050009922603691205,11726,0.7936507936507936,0.9994046437785274,0.0051433541315234425,0.0,0.004970549860049031,True,0.7857966643009227,0.5899632304298017,0.19137877781890986,0.9713726701678509,0.8469168900804289,0.7203634861627427,0.07105719237435008,0.22388059701492538,0.0022178850248403123,0.13498659517426273,0.8469168900804289,0.018096514745308313,0.0,0.0,0.8469168900804289,0.7860628105039035,0.5903030968615286,0.19599748486459362,0.0023953158268275373,nsl_kdd_v2,xgb_5class_cw,stable
DoS,Normal,random,252,0.010001984520738241,11726,0.7896825396825397,0.9994046437785274,0.010144525170432005,0.0,0.009971720898957592,True,0.7857966643009227,0.5899632304298017,0.18750702903443278,0.9713726701678509,0.8469168900804289,0.7203634861627427,0.07105719237435008,0.22388059701492538,0.0022178850248403123,0.13498659517426273,0.8469168900804289,0.018096514745308313,0.0,0.0,0.8469168900804289,0.7860628105039035,0.5903030968615286,0.19599748486459362,0.0023953158268275373,nsl_kdd_v2,xgb_5class_cw,stable
DoS,Normal,random,504,0.020003969041476482,11726,0.7976190476190477,0.9994046437785274,0.020217329913073838,0.0,0.020044525641599427,False,0.7857966643009227,0.5899632304298017,0.17965490928531996,0.9713726701678509,0.8469168900804289,0.7203634861627427,0.07105719237435008,0.22388059701492538,0.0022178850248403123,0.13498659517426273,0.8469168900804289,0.018096514745308313,0.0,0.0,0.8469168900804289,0.7860628105039035,0.5903030968615286,0.19599748486459362,0.0023953158268275373,nsl_kdd_v2,xgb_5class_cw,stable
DoS,Normal,random,1260,0.050009922603691206,11726,0.7880952380952381,0.9993252629489978,0.05003555532571469,-7.938082952962944e-05,0.049862751054240276,False,0.7806511710432931,0.5730480328548664,0.17547879896237345,0.9718875502008032,0.843029490616622,0.6918628665840562,0.06412478336221837,0.1791044776119403,0.00625443577004968,0.1418230563002681,0.843029490616622,0.01514745308310992,0.0,0.0,0.8469168900804289,0.7860628105039035,0.5903030968615286,0.19599748486459362,0.0023953158268275373,nsl_kdd_v2,xgb_5class_cw,stable
DoS,Normal,random,2520,0.10001984520738241,11726,0.780952380952381,0.9993649533637626,0.09990992676746115,-3.969041476481472e-05,0.09973712249598674,False,0.7681422995031938,0.5624232666404797,0.23705404254374127,0.9731232622798888,0.8100536193029491,0.6840148698884758,0.05407279029462738,0.1791044776119403,0.019295599716110716,0.17292225201072386,0.8100536193029491,0.017024128686327078,0.0,0.0,0.8469168900804289,0.7860628105039035,0.5903030968615286,0.19599748486459362,0.0023953158268275373,nsl_kdd_v2,xgb_5class_cw,stable
DoS,Normal,highest_pt,126,0.0050009922603691205,11726,1.0,0.9994046437785274,0.005165974899523678,0.0,0.004993170628049266,True,0.7860628105039035,0.5903030968615286,0.1925267645246489,0.9713726701678509,0.8469168900804289,0.7228418009087154,0.07105719237435008,0.22388059701492538,0.0023953158268275373,0.13498659517426273,0.8469168900804289,0.018096514745308313,0.0,0.0,0.8469168900804289,0.7860628105039035,0.5903030968615286,0.19599748486459362,0.0023953158268275373,nsl_kdd_v2,xgb_5class_cw,stable
DoS,Normal,highest_pt,126,0.0050009922603691205,11726,1.0,0.9994046437785274,0.005165974899523678,0.0,0.004993170628049266,True,0.7860628105039035,0.5903030968615286,0.1925267645246489,0.9713726701678509,0.8469168900804289,0.7228418009087154,0.07105719237435008,0.22388059701492538,0.0023953158268275373,0.13498659517426273,0.8469168900804289,0.018096514745308313,0.0,0.0,0.8469168900804289,0.7860628105039035,0.5903030968615286,0.19599748486459362,0.0023953158268275373,nsl_kdd_v2,xgb_5class_cw,stable
DoS,Normal,highest_pt,126,0.0050009922603691205,11726,1.0,0.9994046437785274,0.005165974899523678,0.0,0.004993170628049266,True,0.7860628105039035,0.5903030968615286,0.1925267645246489,0.9713726701678509,0.8469168900804289,0.7228418009087154,0.07105719237435008,0.22388059701492538,0.0023953158268275373,0.13498659517426273,0.8469168900804289,0.018096514745308313,0.0,0.0,0.8469168900804289,0.7860628105039035,0.5903030968615286,0.19599748486459362,0.0023953158268275373,nsl_kdd_v2,xgb_5class_cw,stable
DoS,Normal,highest_pt,252,0.010001984520738241,11726,1.0,0.9994046437785274,0.010167775198310228,0.0,0.009994970926835815,True,0.7860628105039035,0.5903030968615286,0.18895122243178056,0.9713726701678509,0.8469168900804289,0.7228418009087154,0.07105719237435008,0.22388059701492538,0.0023953158268275373,0.13498659517426273,0.8469168900804289,0.018096514745308313,0.0,0.0,0.8469168900804289,0.7860628105039035,0.5903030968615286,0.19599748486459362,0.0023953158268275373,nsl_kdd_v2,xgb_5class_cw,stable
DoS,Normal,highest_pt,504,0.020003969041476482,11726,1.0,0.9994046437785274,0.02017761736884898,0.0,0.02000481309737457,False,0.7860628105039035,0.5903030968615286,0.18122892709974367,0.9713726701678509,0.8469168900804289,0.7228418009087154,0.07105719237435008,0.22388059701492538,0.0023953158268275373,0.13498659517426273,0.8469168900804289,0.018096514745308313,0.0,0.0,0.8469168900804289,0.7860628105039035,0.5903030968615286,0.19599748486459362,0.0023953158268275373,nsl_kdd_v2,xgb_5class_cw,stable
DoS,Normal,highest_pt,1260,0.050009922603691206,11726,1.0,0.9994046437785274,0.05031031152532381,0.0,0.0501375072538494,False,0.7860628105039035,0.5903030968615286,0.18107847639651914,0.9713726701678509,0.8469168900804289,0.7228418009087154,0.07105719237435008,0.22388059701492538,0.0023953158268275373,0.13498659517426273,0.8469168900804289,0.018096514745308313,0.0,0.0,0.8469168900804289,0.7860628105039035,0.5903030968615286,0.19599748486459362,0.0023953158268275373,nsl_kdd_v2,xgb_5class_cw,stable
DoS,Normal,highest_pt,2520,0.10001984520738241,11726,1.0,0.9994046437785274,0.10129849094431256,0.0,0.10112568667283815,False,0.7860628105039035,0.5903030968615286,0.2248477365893406,0.9713726701678509,0.8469168900804289,0.7228418009087154,0.07105719237435008,0.22388059701492538,0.0023953158268275373,0.13498659517426273,0.8469168900804289,0.018096514745308313,0.0,0.0,0.8469168900804289,0.7860628105039035,0.5903030968615286,0.19599748486459362,0.0023953158268275373,nsl_kdd_v2,xgb_5class_cw,stable
R2L,Normal,block_greedy,126,0.0050009922603691205,11726,0.9920634920634921,0.9896011113316134,0.004364260971339492,-0.0029370906925977325,0.0031425337802308564,True,0.7651259758694109,0.5077880808839155,0.19066448129860647,0.9718875502008032,0.8315013404825737,0.6600578273440727,0.0020797227036395147,0.05970149253731343,0.08365862313697658,0.9965337954939342,0.0,0.0010398613518197574,0.0020797227036395147,0.0003466204506065858,0.07383015597920277,0.774485450674237,0.5678440769426645,0.18929647829808277,0.07354506742370476,nsl_kdd_v2,dnn_5class_cw,fragile
R2L,Normal,block_greedy,126,0.0050009922603691205,11726,0.9920634920634921,0.9896011113316134,0.004364260971339492,-0.0029370906925977325,0.0031425337802308564,True,0.7651259758694109,0.5077880808839155,0.19066448129860647,0.9718875502008032,0.8315013404825737,0.6600578273440727,0.0020797227036395147,0.05970149253731343,0.08365862313697658,0.9965337954939342,0.0,0.0010398613518197574,0.0020797227036395147,0.0003466204506065858,0.07383015597920277,0.774485450674237,0.5678440769426645,0.18929647829808277,0.07354506742370476,nsl_kdd_v2,dnn_5class_cw,fragile
R2L,Normal,block_greedy,126,0.0050009922603691205,11726,0.9920634920634921,0.9896011113316134,0.004364260971339492,-0.0029370906925977325,0.0031425337802308564,True,0.7651259758694109,0.5077880808839155,0.19066448129860647,0.9718875502008032,0.8315013404825737,0.6600578273440727,0.0020797227036395147,0.05970149253731343,0.08365862313697658,0.9965337954939342,0.0,0.0010398613518197574,0.0020797227036395147,0.0003466204506065858,0.07383015597920277,0.774485450674237,0.5678440769426645,0.18929647829808277,0.07354506742370476,nsl_kdd_v2,dnn_5class_cw,fragile
R2L,Normal,block_greedy,252,0.010001984520738241,11726,0.7896825396825397,0.9872196864457233,0.011496690003991526,-0.005318515578487837,0.01027496281288289,False,0.7448988644428672,0.4750495297942319,0.22839270171222892,0.972711358253527,0.7725201072386059,0.654275092936803,0.0,0.0,0.10659155429382541,0.9989601386481802,0.0,0.0010398613518197574,0.0,0.0,0.07383015597920277,0.774485450674237,0.5678440769426645,0.18929647829808277,0.07354506742370476,nsl_kdd_v2,dnn_5class_cw,fragile
R2L,Normal,block_greedy,504,0.020003969041476482,11726,0.3948412698412698,0.978686247271284,0.0257967283012463,-0.01385195475292722,0.024575001110137665,False,0.718639105748758,0.4590458421351281,0.2648448903897168,0.9732262382864793,0.7001340482573727,0.630731102850062,0.0,0.0,0.13626685592618878,0.9989601386481802,0.0,0.0010398613518197574,0.0,0.0,0.07383015597920277,0.774485450674237,0.5678440769426645,0.18929647829808277,0.07354506742370476,nsl_kdd_v2,dnn_5class_cw,fragile
R2L,Normal,block_greedy,1260,0.050009922603691206,11726,0.15793650793650793,0.9508235761063704,0.06435946807203895,-0.04171462591784081,0.06313774088093031,False,0.6921132008516678,0.44362784083956175,0.2951775500018041,0.9751827824116981,0.6209115281501341,0.6199917389508468,0.0,0.0,0.16944641589779985,0.9989601386481802,0.0,0.0010398613518197574,0.0,0.0,0.07383015597920277,0.774485450674237,0.5678440769426645,0.18929647829808277,0.07354506742370476,nsl_kdd_v2,dnn_5class_cw,fragile
R2L,Normal,block_greedy,2520,0.10001984520738241,11726,0.07896825396825397,0.9210557650327446,0.1183359406850253,-0.07148243699146661,0.11711421349391667,False,0.6762331440738112,0.4342522571854266,0.33890136563598666,0.9751827824116981,0.5729222520107239,0.6199917389508468,0.0,0.0,0.18625798438608943,0.9989601386481802,0.0,0.0010398613518197574,0.0,0.0,0.07383015597920277,0.774485450674237,0.5678440769426645,0.18929647829808277,0.07354506742370476,nsl_kdd_v2,dnn_5class_cw,fragile
R2L,Normal,block_greedy_stealth,26,0.0010319507838856916,31,0.19230769230769232,0.9925382020242112,0.0019045979577823591,0.0,0.0006828707666737231,True,0.774485450674237,0.5678440769426645,0.1960268720753627,0.9714756461744414,0.8315013404825737,0.6600578273440727,0.07383015597920277,0.1791044776119403,0.07354506742370476,0.9233968804159446,0.0,0.0010398613518197574,0.07383015597920277,0.0017331022530329288,0.07383015597920277,0.774485450674237,0.5678440769426645,0.18929647829808277,0.07354506742370476,nsl_kdd_v2,dnn_5class_cw,fragile
R2L,Normal,block_greedy_stealth,31,0.001230402857709863,31,0.16129032258064516,0.9925382020242112,0.00209170329979571,0.0,0.0008699761086870738,True,0.774485450674237,0.5678440769426645,0.1966036606626402,0.9714756461744414,0.8315013404825737,0.6600578273440727,0.07383015597920277,0.1791044776119403,0.07354506742370476,0.9233968804159446,0.0,0.0010398613518197574,0.07383015597920277,0.0017331022530329288,0.07383015597920277,0.774485450674237,0.5678440769426645,0.18929647829808277,0.07354506742370476,nsl_kdd_v2,dnn_5class_cw,fragile
R2L,Normal,random,126,0.0050009922603691205,11726,0.007936507936507936,0.9925382020242112,0.006032379361623469,0.0,0.0048106521705148335,True,0.774485450674237,0.5690427217873972,0.18577735627932176,0.9714756461744414,0.8315013404825737,0.6600578273440727,0.07383015597920277,0.1791044776119403,0.07363378282469837,0.9240901213171577,0.0,0.0010398613518197574,0.07383015597920277,0.0010398613518197574,0.07383015597920277,0.774485450674237,0.5678440769426645,0.18929647829808277,0.07354506742370476,nsl_kdd_v2,dnn_5class_cw,fragile
R2L,Normal,random,126,0.0050009922603691205,11726,0.007936507936507936,0.9925382020242112,0.006032379361623469,0.0,0.0048106521705148335,True,0.774485450674237,0.5690427217873972,0.18577735627932176,0.9714756461744414,0.8315013404825737,0.6600578273440727,0.07383015597920277,0.1791044776119403,0.07363378282469837,0.9240901213171577,0.0,0.0010398613518197574,0.07383015597920277,0.0010398613518197574,0.07383015597920277,0.774485450674237,0.5678440769426645,0.18929647829808277,0.07354506742370476,nsl_kdd_v2,dnn_5class_cw,fragile
R2L,Normal,random,126,0.0050009922603691205,11726,0.007936507936507936,0.9925382020242112,0.006032379361623469,0.0,0.0048106521705148335,True,0.774485450674237,0.5690427217873972,0.18577735627932176,0.9714756461744414,0.8315013404825737,0.6600578273440727,0.07383015597920277,0.1791044776119403,0.07363378282469837,0.9240901213171577,0.0,0.0010398613518197574,0.07383015597920277,0.0010398613518197574,0.07383015597920277,0.774485450674237,0.5678440769426645,0.18929647829808277,0.07354506742370476,nsl_kdd_v2,dnn_5class_cw,fragile
R2L,Normal,random,252,0.010001984520738241,11726,0.007936507936507936,0.9925382020242112,0.010976652107766114,0.0,0.009754924916657477,True,0.7744410929737402,0.5650652425560506,0.18148814089154192,0.9714756461744414,0.8315013404825737,0.6600578273440727,0.07383015597920277,0.16417910447761194,0.07367814052519517,0.9240901213171577,0.0,0.0010398613518197574,0.07383015597920277,0.0010398613518197574,0.07383015597920277,0.774485450674237,0.5678440769426645,0.18929647829808277,0.07354506742370476,nsl_kdd_v2,dnn_5class_cw,fragile
R2L,Normal,random,504,0.020003969041476482,11726,0.00992063492063492,0.9931335582456836,0.0215146928888331,0.0005953562214724428,0.020292965697724465,False,0.7743967352732435,0.5609954210590986,0.17375844549373992,0.9714756461744414,0.8315013404825737,0.6600578273440727,0.07383015597920277,0.14925373134328357,0.07372249822569198,0.9240901213171577,0.0,0.0010398613518197574,0.07383015597920277,0.0010398613518197574,0.07383015597920277,0.774485450674237,0.5678440769426645,0.18929647829808277,0.07354506742370476,nsl_kdd_v2,dnn_5class_cw,fragile
R2L,Normal,random,1260,0.050009922603691206,11726,0.016666666666666666,0.9931335582456836,0.05040138768206288,0.0005953562214724428,0.04917966049095424,False,0.7738644428672817,0.5524952745287776,0.18271465720524832,0.9716815981876222,0.8310991957104558,0.6588186699710863,0.07175043327556326,0.11940298507462686,0.07447657913413769,0.9261698440207973,0.0,0.0010398613518197574,0.07175043327556326,0.0010398613518197574,0.07383015597920277,0.774485450674237,0.5678440769426645,0.18929647829808277,0.07354506742370476,nsl_kdd_v2,dnn_5class_cw,fragile
R2L,Normal,random,2520,0.10001984520738241,11726,0.01865079365079365,0.9920619170470332,0.0986300009044615,-0.00047628497717799867,0.09740827371335287,False,0.7600248403122782,0.5169398077007791,0.22977865906361522,0.9728143342601174,0.820509383378016,0.6158612143742255,0.02391681109185442,0.08955223880597014,0.08955819730305181,0.9740034662045061,0.0,0.0010398613518197574,0.02391681109185442,0.0010398613518197574,0.07383015597920277,0.774485450674237,0.5678440769426645,0.18929647829808277,0.07354506742370476,nsl_kdd_v2,dnn_5class_cw,fragile
R2L,Normal,highest_pt,126,0.0050009922603691205,11726,0.9920634920634921,0.9896011113316134,0.004227533929337187,-0.0029370906925977325,0.0030058067382285514,True,0.7651703335699077,0.5127771508558232,0.19048146523680048,0.9718875502008032,0.8315013404825737,0.6600578273440727,0.0020797227036395147,0.07462686567164178,0.08361426543647978,0.9965337954939342,0.0,0.0010398613518197574,0.0020797227036395147,0.0003466204506065858,0.07383015597920277,0.774485450674237,0.5678440769426645,0.18929647829808277,0.07354506742370476,nsl_kdd_v2,dnn_5class_cw,fragile
R2L,Normal,highest_pt,126,0.0050009922603691205,11726,0.9920634920634921,0.9896011113316134,0.004227533929337187,-0.0029370906925977325,0.0030058067382285514,True,0.7651703335699077,0.5127771508558232,0.19048146523680048,0.9718875502008032,0.8315013404825737,0.6600578273440727,0.0020797227036395147,0.07462686567164178,0.08361426543647978,0.9965337954939342,0.0,0.0010398613518197574,0.0020797227036395147,0.0003466204506065858,0.07383015597920277,0.774485450674237,0.5678440769426645,0.18929647829808277,0.07354506742370476,nsl_kdd_v2,dnn_5class_cw,fragile
R2L,Normal,highest_pt,126,0.0050009922603691205,11726,0.9920634920634921,0.9896011113316134,0.004227533929337187,-0.0029370906925977325,0.0030058067382285514,True,0.7651703335699077,0.5127771508558232,0.19048146523680048,0.9718875502008032,0.8315013404825737,0.6600578273440727,0.0020797227036395147,0.07462686567164178,0.08361426543647978,0.9965337954939342,0.0,0.0010398613518197574,0.0020797227036395147,0.0003466204506065858,0.07383015597920277,0.774485450674237,0.5678440769426645,0.18929647829808277,0.07354506742370476,nsl_kdd_v2,dnn_5class_cw,fragile
R2L,Normal,highest_pt,252,0.010001984520738241,11726,0.7896825396825397,0.9872196864457233,0.011496690003991526,-0.005318515578487837,0.01027496281288289,False,0.7448988644428672,0.4750495297942319,0.22839270171222892,0.972711358253527,0.7725201072386059,0.654275092936803,0.0,0.0,0.10659155429382541,0.9989601386481802,0.0,0.0010398613518197574,0.0,0.0,0.07383015597920277,0.774485450674237,0.5678440769426645,0.18929647829808277,0.07354506742370476,nsl_kdd_v2,dnn_5class_cw,fragile
R2L,Normal,highest_pt,504,0.020003969041476482,11726,0.3948412698412698,0.978686247271284,0.0257967283012463,-0.01385195475292722,0.024575001110137665,False,0.718639105748758,0.4590458421351281,0.2648448903897168,0.9732262382864793,0.7001340482573727,0.630731102850062,0.0,0.0,0.13626685592618878,0.9989601386481802,0.0,0.0010398613518197574,0.0,0.0,0.07383015597920277,0.774485450674237,0.5678440769426645,0.18929647829808277,0.07354506742370476,nsl_kdd_v2,dnn_5class_cw,fragile
R2L,Normal,highest_pt,1260,0.050009922603691206,11726,0.15793650793650793,0.9508235761063704,0.06435946807203895,-0.04171462591784081,0.06313774088093031,False,0.6921132008516678,0.44362784083956175,0.2951775500018041,0.9751827824116981,0.6209115281501341,0.6199917389508468,0.0,0.0,0.16944641589779985,0.9989601386481802,0.0,0.0010398613518197574,0.0,0.0,0.07383015597920277,0.774485450674237,0.5678440769426645,0.18929647829808277,0.07354506742370476,nsl_kdd_v2,dnn_5class_cw,fragile
R2L,Normal,highest_pt,2520,0.10001984520738241,11726,0.07896825396825397,0.9210557650327446,0.1183359406850253,-0.07148243699146661,0.11711421349391667,False,0.6762331440738112,0.4342522571854266,0.33890136563598666,0.9751827824116981,0.5729222520107239,0.6199917389508468,0.0,0.0,0.18625798438608943,0.9989601386481802,0.0,0.0010398613518197574,0.0,0.0,0.07383015597920277,0.774485450674237,0.5678440769426645,0.18929647829808277,0.07354506742370476,nsl_kdd_v2,dnn_5class_cw,fragile
DoS,Normal,block_greedy,126,0.0050009922603691205,11726,1.0,0.9923794403651518,0.006115568301994866,-0.0001587616590593699,0.00489384111088623,True,0.7720901348474095,0.5666420053757961,0.18856226279654364,0.9714756461744414,0.8242627345844504,0.6600578273440727,0.07383015597920277,0.1791044776119403,0.07611781405251952,0.1722520107238606,0.8242627345844504,0.003485254691689008,0.0,0.0,0.8315013404825737,0.774485450674237,0.5678440769426645,0.18929647829808277,0.07354506742370476,nsl_kdd_v2,dnn_5class_cw,stable
DoS,Normal,block_greedy,126,0.0050009922603691205,11726,1.0,0.9923794403651518,0.006115568301994866,-0.0001587616590593699,0.00489384111088623,True,0.7720901348474095,0.5666420053757961,0.18856226279654364,0.9714756461744414,0.8242627345844504,0.6600578273440727,0.07383015597920277,0.1791044776119403,0.07611781405251952,0.1722520107238606,0.8242627345844504,0.003485254691689008,0.0,0.0,0.8315013404825737,0.774485450674237,0.5678440769426645,0.18929647829808277,0.07354506742370476,nsl_kdd_v2,dnn_5class_cw,stable
DoS,Normal,block_greedy,126,0.0050009922603691205,11726,1.0,0.9923794403651518,0.006115568301994866,-0.0001587616590593699,0.00489384111088623,True,0.7720901348474095,0.5666420053757961,0.18856226279654364,0.9714756461744414,0.8242627345844504,0.6600578273440727,0.07383015597920277,0.1791044776119403,0.07611781405251952,0.1722520107238606,0.8242627345844504,0.003485254691689008,0.0,0.0,0.8315013404825737,0.774485450674237,0.5678440769426645,0.18929647829808277,0.07354506742370476,nsl_kdd_v2,dnn_5class_cw,stable
DoS,Normal,block_greedy,252,0.010001984520738241,11726,1.0,0.992339749950387,0.01125829518270335,-0.00019845207382418462,0.010036567991594714,False,0.771735273243435,0.5664659572575264,0.18580751623300093,0.9714756461744414,0.8231903485254691,0.6600578273440727,0.07383015597920277,0.1791044776119403,0.07651703335699077,0.1733243967828418,0.8231903485254691,0.003485254691689008,0.0,0.0,0.8315013404825737,0.774485450674237,0.5678440769426645,0.18929647829808277,0.07354506742370476,nsl_kdd_v2,dnn_5class_cw,stable
DoS,Normal,block_greedy,504,0.020003969041476482,11726,1.0,0.992339749950387,0.021266738561542518,-0.00019845207382418462,0.020045011370433883,False,0.771735273243435,0.5664659572575264,0.17887739875272385,0.9714756461744414,0.8231903485254691,0.6600578273440727,0.07383015597920277,0.1791044776119403,0.07651703335699077,0.1733243967828418,0.8231903485254691,0.003485254691689008,0.0,0.0,0.8315013404825737,0.774485450674237,0.5678440769426645,0.18929647829808277,0.07354506742370476,nsl_kdd_v2,dnn_5class_cw,stable
DoS,Normal,block_greedy,1260,0.050009922603691206,11726,1.0,0.992339749950387,0.051236407541435554,-0.00019845207382418462,0.05001468035032692,False,0.771735273243435,0.5664659572575264,0.17628426329534566,0.9714756461744414,0.8231903485254691,0.6600578273440727,0.07383015597920277,0.1791044776119403,0.07651703335699077,0.1733243967828418,0.8231903485254691,0.003485254691689008,0.0,0.0,0.8315013404825737,0.774485450674237,0.5678440769426645,0.18929647829808277,0.07354506742370476,nsl_kdd_v2,dnn_5class_cw,stable
DoS,Normal,block_greedy,2520,0.10001984520738241,11726,1.0,0.992339749950387,0.10211366344070055,-0.00019845207382418462,0.10089193624959192,False,0.7716909155429382,0.566443191795716,0.21396405317459535,0.9714756461744414,0.8230563002680965,0.6600578273440727,0.07383015597920277,0.1791044776119403,0.07656139105748758,0.1734584450402145,0.8230563002680965,0.003485254691689008,0.0,0.0,0.8315013404825737,0.774485450674237,0.5678440769426645,0.18929647829808277,0.07354506742370476,nsl_kdd_v2,dnn_5class_cw,stable
DoS,Normal,block_greedy_stealth,26,0.0010319507838856916,31,0.11538461538461539,0.9925382020242112,0.0018955505156329653,0.0,0.0006738233245243293,True,0.774485450674237,0.5678440769426645,0.19627899861215148,0.9714756461744414,0.8315013404825737,0.6600578273440727,0.07383015597920277,0.1791044776119403,0.07354506742370476,0.16501340482573726,0.8315013404825737,0.003485254691689008,0.0,0.0,0.8315013404825737,0.774485450674237,0.5678440769426645,0.18929647829808277,0.07354506742370476,nsl_kdd_v2,dnn_5class_cw,stable
DoS,Normal,block_greedy_stealth,31,0.001230402857709863,31,0.12903225806451613,0.9925382020242112,0.00209170329979571,0.0,0.0008699761086870738,True,0.774485450674237,0.5678440769426645,0.1966036606626402,0.9714756461744414,0.8315013404825737,0.6600578273440727,0.07383015597920277,0.1791044776119403,0.07354506742370476,0.16501340482573726,0.8315013404825737,0.003485254691689008,0.0,0.0,0.8315013404825737,0.774485450674237,0.5678440769426645,0.18929647829808277,0.07354506742370476,nsl_kdd_v2,dnn_5class_cw,stable
DoS,Normal,random,126,0.0050009922603691205,11726,0.7936507936507936,0.9925382020242112,0.006032379361623469,0.0,0.0048106521705148335,True,0.774485450674237,0.5690427217873972,0.18577735627932176,0.9714756461744414,0.8315013404825737,0.6600578273440727,0.07383015597920277,0.1791044776119403,0.07363378282469837,0.16501340482573726,0.8315013404825737,0.003485254691689008,0.0,0.0,0.8315013404825737,0.774485450674237,0.5678440769426645,0.18929647829808277,0.07354506742370476,nsl_kdd_v2,dnn_5class_cw,stable
DoS,Normal,random,126,0.0050009922603691205,11726,0.7936507936507936,0.9925382020242112,0.006032379361623469,0.0,0.0048106521705148335,True,0.774485450674237,0.5690427217873972,0.18577735627932176,0.9714756461744414,0.8315013404825737,0.6600578273440727,0.07383015597920277,0.1791044776119403,0.07363378282469837,0.16501340482573726,0.8315013404825737,0.003485254691689008,0.0,0.0,0.8315013404825737,0.774485450674237,0.5678440769426645,0.18929647829808277,0.07354506742370476,nsl_kdd_v2,dnn_5class_cw,stable
DoS,Normal,random,126,0.0050009922603691205,11726,0.7936507936507936,0.9925382020242112,0.006032379361623469,0.0,0.0048106521705148335,True,0.774485450674237,0.5690427217873972,0.18577735627932176,0.9714756461744414,0.8315013404825737,0.6600578273440727,0.07383015597920277,0.1791044776119403,0.07363378282469837,0.16501340482573726,0.8315013404825737,0.003485254691689008,0.0,0.0,0.8315013404825737,0.774485450674237,0.5678440769426645,0.18929647829808277,0.07354506742370476,nsl_kdd_v2,dnn_5class_cw,stable
DoS,Normal,random,252,0.010001984520738241,11726,0.7896825396825397,0.9925382020242112,0.010976652107766114,0.0,0.009754924916657477,True,0.7744410929737402,0.5650652425560506,0.18148814089154192,0.9714756461744414,0.8315013404825737,0.6600578273440727,0.07383015597920277,0.16417910447761194,0.07367814052519517,0.16501340482573726,0.8315013404825737,0.003485254691689008,0.0,0.0,0.8315013404825737,0.774485450674237,0.5678440769426645,0.18929647829808277,0.07354506742370476,nsl_kdd_v2,dnn_5class_cw,stable
DoS,Normal,random,504,0.020003969041476482,11726,0.7976190476190477,0.9931335582456836,0.0215146928888331,0.0005953562214724428,0.020292965697724465,False,0.7743967352732435,0.5609954210590986,0.17375844549373992,0.9714756461744414,0.8315013404825737,0.6600578273440727,0.07383015597920277,0.14925373134328357,0.07372249822569198,0.16501340482573726,0.8315013404825737,0.003485254691689008,0.0,0.0,0.8315013404825737,0.774485450674237,0.5678440769426645,0.18929647829808277,0.07354506742370476,nsl_kdd_v2,dnn_5class_cw,stable
DoS,Normal,random,1260,0.050009922603691206,11726,0.7880952380952381,0.9931335582456836,0.05040138768206288,0.0005953562214724428,0.04917966049095424,False,0.7738644428672817,0.5524952745287776,0.18271465720524832,0.9716815981876222,0.8310991957104558,0.6588186699710863,0.07175043327556326,0.11940298507462686,0.07447657913413769,0.16541554959785523,0.8310991957104558,0.003485254691689008,0.0,0.0,0.8315013404825737,0.774485450674237,0.5678440769426645,0.18929647829808277,0.07354506742370476,nsl_kdd_v2,dnn_5class_cw,stable
DoS,Normal,random,2520,0.10001984520738241,11726,0.780952380952381,0.9920619170470332,0.0986300009044615,-0.00047628497717799867,0.09740827371335287,False,0.7600248403122782,0.5169398077007791,0.22977865906361522,0.9728143342601174,0.820509383378016,0.6158612143742255,0.02391681109185442,0.08955223880597014,0.08955819730305181,0.17613941018766757,0.820509383378016,0.003351206434316354,0.0,0.0,0.8315013404825737,0.774485450674237,0.5678440769426645,0.18929647829808277,0.07354506742370476,nsl_kdd_v2,dnn_5class_cw,stable
DoS,Normal,highest_pt,126,0.0050009922603691205,11726,1.0,0.9925382020242112,0.006222499455796462,0.0,0.005000772264687826,True,0.774485450674237,0.5678440769426645,0.18589816183749075,0.9714756461744414,0.8315013404825737,0.6600578273440727,0.07383015597920277,0.1791044776119403,0.07354506742370476,0.16501340482573726,0.8315013404825737,0.003485254691689008,0.0,0.0,0.8315013404825737,0.774485450674237,0.5678440769426645,0.18929647829808277,0.07354506742370476,nsl_kdd_v2,dnn_5class_cw,stable
DoS,Normal,highest_pt,126,0.0050009922603691205,11726,1.0,0.9925382020242112,0.006222499455796462,0.0,0.005000772264687826,True,0.774485450674237,0.5678440769426645,0.18589816183749075,0.9714756461744414,0.8315013404825737,0.6600578273440727,0.07383015597920277,0.1791044776119403,0.07354506742370476,0.16501340482573726,0.8315013404825737,0.003485254691689008,0.0,0.0,0.8315013404825737,0.774485450674237,0.5678440769426645,0.18929647829808277,0.07354506742370476,nsl_kdd_v2,dnn_5class_cw,stable
DoS,Normal,highest_pt,126,0.0050009922603691205,11726,1.0,0.9925382020242112,0.006222499455796462,0.0,0.005000772264687826,True,0.774485450674237,0.5678440769426645,0.18589816183749075,0.9714756461744414,0.8315013404825737,0.6600578273440727,0.07383015597920277,0.1791044776119403,0.07354506742370476,0.16501340482573726,0.8315013404825737,0.003485254691689008,0.0,0.0,0.8315013404825737,0.774485450674237,0.5678440769426645,0.18929647829808277,0.07354506742370476,nsl_kdd_v2,dnn_5class_cw,stable
DoS,Normal,highest_pt,252,0.010001984520738241,11726,1.0,0.9925382020242112,0.011223771221315659,0.0,0.010002044030207023,False,0.774485450674237,0.5678440769426645,0.18247913166748164,0.9714756461744414,0.8315013404825737,0.6600578273440727,0.07383015597920277,0.1791044776119403,0.07354506742370476,0.16501340482573726,0.8315013404825737,0.003485254691689008,0.0,0.0,0.8315013404825737,0.774485450674237,0.5678440769426645,0.18929647829808277,0.07354506742370476,nsl_kdd_v2,dnn_5class_cw,stable
DoS,Normal,highest_pt,504,0.020003969041476482,11726,1.0,0.9925382020242112,0.021232331252590133,0.0,0.020010604061481498,False,0.774485450674237,0.5678440769426645,0.17554895721798044,0.9714756461744414,0.8315013404825737,0.6600578273440727,0.07383015597920277,0.1791044776119403,0.07354506742370476,0.16501340482573726,0.8315013404825737,0.003485254691689008,0.0,0.0,0.8315013404825737,0.774485450674237,0.5678440769426645,0.18929647829808277,0.07354506742370476,nsl_kdd_v2,dnn_5class_cw,stable
DoS,Normal,highest_pt,1260,0.050009922603691206,11726,1.0,0.9925382020242112,0.05133787259408384,0.0,0.0501161454029752,False,0.774485450674237,0.5678440769426645,0.17363469276469504,0.9714756461744414,0.8315013404825737,0.6600578273440727,0.07383015597920277,0.1791044776119403,0.07354506742370476,0.16501340482573726,0.8315013404825737,0.003485254691689008,0.0,0.0,0.8315013404825737,0.774485450674237,0.5678440769426645,0.18929647829808277,0.07354506742370476,nsl_kdd_v2,dnn_5class_cw,stable
DoS,Normal,highest_pt,2520,0.10001984520738241,11726,1.0,0.9925382020242112,0.10226353910118254,0.0,0.1010418119100739,False,0.7744410929737402,0.5678214170157243,0.21095616057990801,0.9714756461744414,0.8313672922252011,0.6600578273440727,0.07383015597920277,0.1791044776119403,0.07358942512420157,0.1651474530831099,0.8313672922252011,0.003485254691689008,0.0,0.0,0.8315013404825737,0.774485450674237,0.5678440769426645,0.18929647829808277,0.07354506742370476,nsl_kdd_v2,dnn_5class_cw,stable
Probe,Normal,block_greedy,126,0.0050009922603691205,11726,1.0,0.9992061917047033,0.005118886608239207,0.0,0.005001984268389108,True,0.7710255500354861,0.5336593752612855,0.208292616904898,0.9718875502008032,0.8435656836461126,0.6641883519206939,0.012131715771230503,0.11940298507462686,0.03522001419446416,0.2610491532424618,0.07476249483684427,0.6641883519206939,0.0,0.0,0.6641883519206939,0.7710255500354861,0.5336593752612855,0.2120412067098587,0.03522001419446416,nsl_kdd_v2,rf_5class_smote,fragile
Probe,Normal,block_greedy,126,0.0050009922603691205,11726,1.0,0.9992061917047033,0.005118886608239207,0.0,0.005001984268389108,True,0.7710255500354861,0.5336593752612855,0.208292616904898,0.9718875502008032,0.8435656836461126,0.6641883519206939,0.012131715771230503,0.11940298507462686,0.03522001419446416,0.2610491532424618,0.07476249483684427,0.6641883519206939,0.0,0.0,0.6641883519206939,0.7710255500354861,0.5336593752612855,0.2120412067098587,0.03522001419446416,nsl_kdd_v2,rf_5class_smote,fragile
Probe,Normal,block_greedy,126,0.0050009922603691205,11726,1.0,0.9992061917047033,0.005118886608239207,0.0,0.005001984268389108,True,0.7710255500354861,0.5336593752612855,0.208292616904898,0.9718875502008032,0.8435656836461126,0.6641883519206939,0.012131715771230503,0.11940298507462686,0.03522001419446416,0.2610491532424618,0.07476249483684427,0.6641883519206939,0.0,0.0,0.6641883519206939,0.7710255500354861,0.5336593752612855,0.2120412067098587,0.03522001419446416,nsl_kdd_v2,rf_5class_smote,fragile
Probe,Normal,block_greedy,252,0.010001984520738241,11726,1.0,0.9992061917047033,0.01013793128124084,0.0,0.010021028941390743,False,0.7710255500354861,0.5336593752612855,0.20480914468877026,0.9718875502008032,0.8435656836461126,0.6641883519206939,0.012131715771230503,0.11940298507462686,0.03522001419446416,0.2610491532424618,0.07476249483684427,0.6641883519206939,0.0,0.0,0.6641883519206939,0.7710255500354861,0.5336593752612855,0.2120412067098587,0.03522001419446416,nsl_kdd_v2,rf_5class_smote,fragile
Probe,Normal,block_greedy,504,0.020003969041476482,11726,1.0,0.9992061917047033,0.020303800961612686,0.0,0.020186898621762588,False,0.7712029808374734,0.5338443895638176,0.19814006589099856,0.9718875502008032,0.8442359249329758,0.6637752994630318,0.012131715771230503,0.11940298507462686,0.035486160397444996,0.2610491532424618,0.0751755472945064,0.6637752994630318,0.0,0.0,0.6641883519206939,0.7710255500354861,0.5336593752612855,0.2120412067098587,0.03522001419446416,nsl_kdd_v2,rf_5class_smote,fragile
Probe,Normal,block_greedy,1260,0.050009922603691206,11726,0.9984126984126984,0.999047430045644,0.05375399725846282,-0.00015876165905925888,0.05363709491861272,False,0.7503992193044713,0.5230981368031831,0.17718637799242978,0.9721964782205746,0.7812332439678285,0.6629491945477075,0.012131715771230503,0.11940298507462686,0.014327537260468417,0.2635274679884345,0.0735233374638579,0.6629491945477075,0.0,0.0,0.6641883519206939,0.7710255500354861,0.5336593752612855,0.2120412067098587,0.03522001419446416,nsl_kdd_v2,rf_5class_smote,fragile
Probe,Normal,block_greedy,2520,0.10001984520738241,11726,0.925,0.9038698154395713,0.1552367593631203,-0.09533637626513192,0.15511985702327022,False,0.6383960255500355,0.29515283054218516,0.3128193017520211,0.9972196478220574,0.6309651474530831,0.0,0.0003466204506065858,0.0,0.13950496806245563,0.9917389508467576,0.008261049153242462,0.0,0.0,0.0,0.6641883519206939,0.7710255500354861,0.5336593752612855,0.2120412067098587,0.03522001419446416,nsl_kdd_v2,rf_5class_smote,fragile
Probe,Normal,block_greedy_stealth,19,0.0007541178805318515,19,0.2631578947368421,0.9989680492161143,0.0007412302952324427,-0.00023814248858899933,0.0006243279553823439,True,0.7385113555713272,0.49283382998749276,0.25358500814914453,0.972711358253527,0.7533512064343163,0.6414704667492772,0.00901213171577123,0.05970149253731343,0.008782824698367636,0.2916150351094589,0.06691449814126393,0.6414704667492772,0.0,0.0,0.6641883519206939,0.7710255500354861,0.5336593752612855,0.2120412067098587,0.03522001419446416,nsl_kdd_v2,rf_5class_smote,fragile
Probe,Normal,random,126,0.0050009922603691205,11726,0.1984126984126984,0.9992061917047033,0.005112007146517085,0.0,0.004995104806666986,True,0.7712029808374734,0.5338443895638176,0.2082557232805748,0.9718875502008032,0.8442359249329758,0.6637752994630318,0.012131715771230503,0.11940298507462686,0.035486160397444996,0.2610491532424618,0.0751755472945064,0.6637752994630318,0.0,0.0,0.6641883519206939,0.7710255500354861,0.5336593752612855,0.2120412067098587,0.03522001419446416,nsl_kdd_v2,rf_5class_smote,fragile
Probe,Normal,random,126,0.0050009922603691205,11726,0.1984126984126984,0.9992061917047033,0.005112007146517085,0.0,0.004995104806666986,True,0.7712029808374734,0.5338443895638176,0.2082557232805748,0.9718875502008032,0.8442359249329758,0.6637752994630318,0.012131715771230503,0.11940298507462686,0.035486160397444996,0.2610491532424618,0.0751755472945064,0.6637752994630318,0.0,0.0,0.6641883519206939,0.7710255500354861,0.5336593752612855,0.2120412067098587,0.03522001419446416,nsl_kdd_v2,rf_5class_smote,fragile
Probe,Normal,random,126,0.0050009922603691205,11726,0.1984126984126984,0.9992061917047033,0.005112007146517085,0.0,0.004995104806666986,True,0.7712029808374734,0.5338443895638176,0.2082557232805748,0.9718875502008032,0.8442359249329758,0.6637752994630318,0.012131715771230503,0.11940298507462686,0.035486160397444996,0.2610491532424618,0.0751755472945064,0.6637752994630318,0.0,0.0,0.6641883519206939,0.7710255500354861,0.5336593752612855,0.2120412067098587,0.03522001419446416,nsl_kdd_v2,rf_5class_smote,fragile
Probe,Normal,random,252,0.010001984520738241,11726,0.20238095238095238,0.9992061917047033,0.010113561188261955,0.0,0.009996658848411857,True,0.7712029808374734,0.5338443895638176,0.20429808648270956,0.9718875502008032,0.8442359249329758,0.6637752994630318,0.012131715771230503,0.11940298507462686,0.035486160397444996,0.2610491532424618,0.0751755472945064,0.6637752994630318,0.0,0.0,0.6641883519206939,0.7710255500354861,0.5336593752612855,0.2120412067098587,0.03522001419446416,nsl_kdd_v2,rf_5class_smote,fragile
Probe,Normal,random,504,0.020003969041476482,11726,0.19246031746031747,0.9992061917047033,0.020042425945360168,0.0,0.01992552360551007,False,0.7712473385379702,0.5338673639349214,0.198643841960707,0.9719905262073937,0.8442359249329758,0.6637752994630318,0.012131715771230503,0.11940298507462686,0.03544180269694819,0.2610491532424618,0.0751755472945064,0.6637752994630318,0.0,0.0,0.6641883519206939,0.7710255500354861,0.5336593752612855,0.2120412067098587,0.03522001419446416,nsl_kdd_v2,rf_5class_smote,fragile
Probe,Normal,random,1260,0.050009922603691206,11726,0.19444444444444445,0.9990077396308792,0.049863173185022536,-0.0001984520738240736,0.049746270845172434,False,0.7514194464158978,0.5077510621192683,0.17719976038506327,0.9731232622798888,0.789544235924933,0.6480793060718711,0.00901213171577123,0.07462686567164178,0.0191625266146203,0.2808756712102437,0.07104502271788517,0.6480793060718711,0.0,0.0,0.6641883519206939,0.7710255500354861,0.5336593752612855,0.2120412067098587,0.03522001419446416,nsl_kdd_v2,rf_5class_smote,fragile
Probe,Normal,random,2520,0.10001984520738241,11726,0.2,0.9988886683865846,0.0996539528773978,-0.00031752331811862877,0.0995370505375477,False,0.7383782824698367,0.49800130891482264,0.21341761662296665,0.9731232622798888,0.7502680965147454,0.6480793060718711,0.008665511265164644,0.07462686567164178,0.007452093683463449,0.2850061957868649,0.06691449814126393,0.6480793060718711,0.0,0.0,0.6641883519206939,0.7710255500354861,0.5336593752612855,0.2120412067098587,0.03522001419446416,nsl_kdd_v2,rf_5class_smote,fragile
Probe,Normal,highest_pt,126,0.0050009922603691205,11726,1.0,0.9992061917047033,0.005118886608239207,0.0,0.005001984268389108,True,0.7710255500354861,0.5336593752612855,0.208292616904898,0.9718875502008032,0.8435656836461126,0.6641883519206939,0.012131715771230503,0.11940298507462686,0.03522001419446416,0.2610491532424618,0.07476249483684427,0.6641883519206939,0.0,0.0,0.6641883519206939,0.7710255500354861,0.5336593752612855,0.2120412067098587,0.03522001419446416,nsl_kdd_v2,rf_5class_smote,fragile
Probe,Normal,highest_pt,126,0.0050009922603691205,11726,1.0,0.9992061917047033,0.005118886608239207,0.0,0.005001984268389108,True,0.7710255500354861,0.5336593752612855,0.208292616904898,0.9718875502008032,0.8435656836461126,0.6641883519206939,0.012131715771230503,0.11940298507462686,0.03522001419446416,0.2610491532424618,0.07476249483684427,0.6641883519206939,0.0,0.0,0.6641883519206939,0.7710255500354861,0.5336593752612855,0.2120412067098587,0.03522001419446416,nsl_kdd_v2,rf_5class_smote,fragile
Probe,Normal,highest_pt,126,0.0050009922603691205,11726,1.0,0.9992061917047033,0.005118886608239207,0.0,0.005001984268389108,True,0.7710255500354861,0.5336593752612855,0.208292616904898,0.9718875502008032,0.8435656836461126,0.6641883519206939,0.012131715771230503,0.11940298507462686,0.03522001419446416,0.2610491532424618,0.07476249483684427,0.6641883519206939,0.0,0.0,0.6641883519206939,0.7710255500354861,0.5336593752612855,0.2120412067098587,0.03522001419446416,nsl_kdd_v2,rf_5class_smote,fragile
Probe,Normal,highest_pt,252,0.010001984520738241,11726,1.0,0.9992061917047033,0.01013793128124084,0.0,0.010021028941390743,False,0.7710255500354861,0.5336593752612855,0.20480914468877026,0.9718875502008032,0.8435656836461126,0.6641883519206939,0.012131715771230503,0.11940298507462686,0.03522001419446416,0.2610491532424618,0.07476249483684427,0.6641883519206939,0.0,0.0,0.6641883519206939,0.7710255500354861,0.5336593752612855,0.2120412067098587,0.03522001419446416,nsl_kdd_v2,rf_5class_smote,fragile
Probe,Normal,highest_pt,504,0.020003969041476482,11726,1.0,0.9992061917047033,0.020303800961612686,0.0,0.020186898621762588,False,0.7712029808374734,0.5338443895638176,0.19814006589099856,0.9718875502008032,0.8442359249329758,0.6637752994630318,0.012131715771230503,0.11940298507462686,0.035486160397444996,0.2610491532424618,0.0751755472945064,0.6637752994630318,0.0,0.0,0.6641883519206939,0.7710255500354861,0.5336593752612855,0.2120412067098587,0.03522001419446416,nsl_kdd_v2,rf_5class_smote,fragile
Probe,Normal,highest_pt,1260,0.050009922603691206,11726,1.0,0.9991665012899384,0.05383202100201542,-3.969041476481472e-05,0.05371511866216532,False,0.7711142654364798,0.5337139670503955,0.17350448854721706,0.9718875502008032,0.8442359249329758,0.6629491945477075,0.012131715771230503,0.11940298507462686,0.035486160397444996,0.26187525815778606,0.0751755472945064,0.6629491945477075,0.0,0.0,0.6641883519206939,0.7710255500354861,0.5336593752612855,0.2120412067098587,0.03522001419446416,nsl_kdd_v2,rf_5class_smote,fragile
Probe,Normal,highest_pt,2520,0.10001984520738241,11726,0.925,0.9038698154395713,0.15561213569378177,-0.09533637626513192,0.15549523335393167,False,0.6383960255500355,0.29515283054218516,0.3132121621665125,0.9972196478220574,0.6309651474530831,0.0,0.0003466204506065858,0.0,0.13950496806245563,0.9917389508467576,0.008261049153242462,0.0,0.0,0.0,0.6641883519206939,0.7710255500354861,0.5336593752612855,0.2120412067098587,0.03522001419446416,nsl_kdd_v2,rf_5class_smote,fragile
DoS,Normal,block_greedy,126,0.0050009922603691205,11726,1.0,0.9990871204604088,0.0050511023271353275,-0.00011907124429444416,0.004934199987285229,True,0.7509315117104329,0.5206746962579298,0.21136912486229872,0.9721964782205746,0.7823056300268096,0.664601404378356,0.012131715771230503,0.11940298507462686,0.014904187366926898,0.20201072386058982,0.7823056300268096,0.015683646112600536,0.0,0.0,0.8435656836461126,0.7710255500354861,0.5336593752612855,0.2120412067098587,0.03522001419446416,nsl_kdd_v2,rf_5class_smote,stable
DoS,Normal,block_greedy,126,0.0050009922603691205,11726,1.0,0.9990871204604088,0.0050511023271353275,-0.00011907124429444416,0.004934199987285229,True,0.7509315117104329,0.5206746962579298,0.21136912486229872,0.9721964782205746,0.7823056300268096,0.664601404378356,0.012131715771230503,0.11940298507462686,0.014904187366926898,0.20201072386058982,0.7823056300268096,0.015683646112600536,0.0,0.0,0.8435656836461126,0.7710255500354861,0.5336593752612855,0.2120412067098587,0.03522001419446416,nsl_kdd_v2,rf_5class_smote,stable
DoS,Normal,block_greedy,126,0.0050009922603691205,11726,1.0,0.9990871204604088,0.0050511023271353275,-0.00011907124429444416,0.004934199987285229,True,0.7509315117104329,0.5206746962579298,0.21136912486229872,0.9721964782205746,0.7823056300268096,0.664601404378356,0.012131715771230503,0.11940298507462686,0.014904187366926898,0.20201072386058982,0.7823056300268096,0.015683646112600536,0.0,0.0,0.8435656836461126,0.7710255500354861,0.5336593752612855,0.2120412067098587,0.03522001419446416,nsl_kdd_v2,rf_5class_smote,stable
DoS,Normal,block_greedy,252,0.010001984520738241,11726,0.996031746031746,0.9990077396308792,0.010099543709144732,-0.0001984520738240736,0.009982641369294633,True,0.7407292405961675,0.514908830901909,0.22227827866971284,0.9721964782205746,0.7514745308310992,0.664601404378356,0.012131715771230503,0.11940298507462686,0.004923704755145493,0.23083109919571046,0.7514745308310992,0.01769436997319035,0.0,0.0,0.8435656836461126,0.7710255500354861,0.5336593752612855,0.2120412067098587,0.03522001419446416,nsl_kdd_v2,rf_5class_smote,stable
DoS,Normal,block_greedy,504,0.020003969041476482,11726,0.998015873015873,0.9990077396308792,0.020108387779016287,-0.0001984520738240736,0.01999148543916619,False,0.7407292405961675,0.514908830901909,0.21517016405843115,0.9721964782205746,0.7514745308310992,0.664601404378356,0.012131715771230503,0.11940298507462686,0.004923704755145493,0.23083109919571046,0.7514745308310992,0.01769436997319035,0.0,0.0,0.8435656836461126,0.7710255500354861,0.5336593752612855,0.2120412067098587,0.03522001419446416,nsl_kdd_v2,rf_5class_smote,stable
DoS,Normal,block_greedy,1260,0.050009922603691206,11726,0.9992063492063492,0.9990077396308792,0.05024554925499519,-0.0001984520738240736,0.05012864691514509,False,0.7407292405961675,0.514908830901909,0.1938736870953524,0.9721964782205746,0.7514745308310992,0.664601404378356,0.012131715771230503,0.11940298507462686,0.004923704755145493,0.23083109919571046,0.7514745308310992,0.01769436997319035,0.0,0.0,0.8435656836461126,0.7710255500354861,0.5336593752612855,0.2120412067098587,0.03522001419446416,nsl_kdd_v2,rf_5class_smote,stable
DoS,Normal,block_greedy,2520,0.10001984520738241,11726,0.9996031746031746,0.999047430045644,0.10118423889341328,-0.00015876165905925888,0.10106733655356319,False,0.734208658623137,0.5117471662214648,0.2574698527995253,0.9721964782205746,0.7324396782841823,0.6625361420900454,0.012131715771230503,0.11940298507462686,0.010113555713271823,0.24986595174262735,0.7324396782841823,0.01769436997319035,0.0,0.0,0.8435656836461126,0.7710255500354861,0.5336593752612855,0.2120412067098587,0.03522001419446416,nsl_kdd_v2,rf_5class_smote,stable
DoS,Normal,block_greedy_stealth,19,0.0007541178805318515,19,0.21052631578947367,0.9989680492161143,0.0007412302952324427,-0.00023814248858899933,0.0006243279553823439,True,0.7385113555713272,0.49283382998749276,0.25358500814914453,0.972711358253527,0.7533512064343163,0.6414704667492772,0.00901213171577123,0.05970149253731343,0.008782824698367636,0.2324396782841823,0.7533512064343163,0.014209115281501341,0.0,0.0,0.8435656836461126,0.7710255500354861,0.5336593752612855,0.2120412067098587,0.03522001419446416,nsl_kdd_v2,rf_5class_smote,stable
DoS,Normal,random,126,0.0050009922603691205,11726,0.7936507936507936,0.9992061917047033,0.005112007146517085,0.0,0.004995104806666986,True,0.7712029808374734,0.5338443895638176,0.2082557232805748,0.9718875502008032,0.8442359249329758,0.6637752994630318,0.012131715771230503,0.11940298507462686,0.035486160397444996,0.15361930294906168,0.8442359249329758,0.0021447721179624667,0.0,0.0,0.8435656836461126,0.7710255500354861,0.5336593752612855,0.2120412067098587,0.03522001419446416,nsl_kdd_v2,rf_5class_smote,stable
DoS,Normal,random,126,0.0050009922603691205,11726,0.7936507936507936,0.9992061917047033,0.005112007146517085,0.0,0.004995104806666986,True,0.7712029808374734,0.5338443895638176,0.2082557232805748,0.9718875502008032,0.8442359249329758,0.6637752994630318,0.012131715771230503,0.11940298507462686,0.035486160397444996,0.15361930294906168,0.8442359249329758,0.0021447721179624667,0.0,0.0,0.8435656836461126,0.7710255500354861,0.5336593752612855,0.2120412067098587,0.03522001419446416,nsl_kdd_v2,rf_5class_smote,stable
DoS,Normal,random,126,0.0050009922603691205,11726,0.7936507936507936,0.9992061917047033,0.005112007146517085,0.0,0.004995104806666986,True,0.7712029808374734,0.5338443895638176,0.2082557232805748,0.9718875502008032,0.8442359249329758,0.6637752994630318,0.012131715771230503,0.11940298507462686,0.035486160397444996,0.15361930294906168,0.8442359249329758,0.0021447721179624667,0.0,0.0,0.8435656836461126,0.7710255500354861,0.5336593752612855,0.2120412067098587,0.03522001419446416,nsl_kdd_v2,rf_5class_smote,stable
DoS,Normal,random,252,0.010001984520738241,11726,0.7896825396825397,0.9992061917047033,0.010113561188261955,0.0,0.009996658848411857,True,0.7712029808374734,0.5338443895638176,0.20429808648270956,0.9718875502008032,0.8442359249329758,0.6637752994630318,0.012131715771230503,0.11940298507462686,0.035486160397444996,0.15361930294906168,0.8442359249329758,0.0021447721179624667,0.0,0.0,0.8435656836461126,0.7710255500354861,0.5336593752612855,0.2120412067098587,0.03522001419446416,nsl_kdd_v2,rf_5class_smote,stable
DoS,Normal,random,504,0.020003969041476482,11726,0.7976190476190477,0.9992061917047033,0.020042425945360168,0.0,0.01992552360551007,False,0.7712473385379702,0.5338673639349214,0.198643841960707,0.9719905262073937,0.8442359249329758,0.6637752994630318,0.012131715771230503,0.11940298507462686,0.03544180269694819,0.15361930294906168,0.8442359249329758,0.0021447721179624667,0.0,0.0,0.8435656836461126,0.7710255500354861,0.5336593752612855,0.2120412067098587,0.03522001419446416,nsl_kdd_v2,rf_5class_smote,stable
DoS,Normal,random,1260,0.050009922603691206,11726,0.7880952380952381,0.9990077396308792,0.049863173185022536,-0.0001984520738240736,0.049746270845172434,False,0.7514194464158978,0.5077510621192683,0.17719976038506327,0.9731232622798888,0.789544235924933,0.6480793060718711,0.00901213171577123,0.07462686567164178,0.0191625266146203,0.20656836461126005,0.789544235924933,0.0038873994638069704,0.0,0.0,0.8435656836461126,0.7710255500354861,0.5336593752612855,0.2120412067098587,0.03522001419446416,nsl_kdd_v2,rf_5class_smote,stable
DoS,Normal,random,2520,0.10001984520738241,11726,0.780952380952381,0.9988886683865846,0.0996539528773978,-0.00031752331811862877,0.0995370505375477,False,0.7383782824698367,0.49800130891482264,0.21341761662296665,0.9731232622798888,0.7502680965147454,0.6480793060718711,0.008665511265164644,0.07462686567164178,0.007452093683463449,0.2324396782841823,0.7502680965147454,0.017292225201072386,0.0,0.0,0.8435656836461126,0.7710255500354861,0.5336593752612855,0.2120412067098587,0.03522001419446416,nsl_kdd_v2,rf_5class_smote,stable
DoS,Normal,highest_pt,126,0.0050009922603691205,11726,1.0,0.9992061917047033,0.005116505136126421,0.0,0.004999602796276322,True,0.7710255500354861,0.5336593752612855,0.20828404867257855,0.9718875502008032,0.8435656836461126,0.6641883519206939,0.012131715771230503,0.11940298507462686,0.03522001419446416,0.15361930294906168,0.8435656836461126,0.002815013404825737,0.0,0.0,0.8435656836461126,0.7710255500354861,0.5336593752612855,0.2120412067098587,0.03522001419446416,nsl_kdd_v2,rf_5class_smote,stable
DoS,Normal,highest_pt,126,0.0050009922603691205,11726,1.0,0.9992061917047033,0.005116505136126421,0.0,0.004999602796276322,True,0.7710255500354861,0.5336593752612855,0.20828404867257855,0.9718875502008032,0.8435656836461126,0.6641883519206939,0.012131715771230503,0.11940298507462686,0.03522001419446416,0.15361930294906168,0.8435656836461126,0.002815013404825737,0.0,0.0,0.8435656836461126,0.7710255500354861,0.5336593752612855,0.2120412067098587,0.03522001419446416,nsl_kdd_v2,rf_5class_smote,stable
DoS,Normal,highest_pt,126,0.0050009922603691205,11726,1.0,0.9992061917047033,0.005116505136126421,0.0,0.004999602796276322,True,0.7710255500354861,0.5336593752612855,0.20828404867257855,0.9718875502008032,0.8435656836461126,0.6641883519206939,0.012131715771230503,0.11940298507462686,0.03522001419446416,0.15361930294906168,0.8435656836461126,0.002815013404825737,0.0,0.0,0.8435656836461126,0.7710255500354861,0.5336593752612855,0.2120412067098587,0.03522001419446416,nsl_kdd_v2,rf_5class_smote,stable
DoS,Normal,highest_pt,252,0.010001984520738241,11726,1.0,0.9992061917047033,0.010118667673078662,0.0,0.010001765333228564,False,0.7710255500354861,0.5336593752612855,0.2048128388654787,0.9718875502008032,0.8435656836461126,0.6641883519206939,0.012131715771230503,0.11940298507462686,0.03522001419446416,0.15361930294906168,0.8435656836461126,0.002815013404825737,0.0,0.0,0.8435656836461126,0.7710255500354861,0.5336593752612855,0.2120412067098587,0.03522001419446416,nsl_kdd_v2,rf_5class_smote,stable
DoS,Normal,highest_pt,504,0.020003969041476482,11726,1.0,0.9992061917047033,0.020129316377405,0.0,0.020012414037554903,False,0.7710255500354861,0.5336593752612855,0.19787167774434034,0.9718875502008032,0.8435656836461126,0.6641883519206939,0.012131715771230503,0.11940298507462686,0.03522001419446416,0.15361930294906168,0.8435656836461126,0.002815013404825737,0.0,0.0,0.8435656836461126,0.7710255500354861,0.5336593752612855,0.2120412067098587,0.03522001419446416,nsl_kdd_v2,rf_5class_smote,stable
DoS,Normal,highest_pt,1260,0.050009922603691206,11726,1.0,0.9992061917047033,0.050272333292417815,0.0,0.05015543095256771,False,0.7710255500354861,0.5336593752612855,0.1798641155496377,0.9718875502008032,0.8435656836461126,0.6641883519206939,0.012131715771230503,0.11940298507462686,0.03522001419446416,0.15361930294906168,0.8435656836461126,0.002815013404825737,0.0,0.0,0.8435656836461126,0.7710255500354861,0.5336593752612855,0.2120412067098587,0.03522001419446416,nsl_kdd_v2,rf_5class_smote,stable
DoS,Normal,highest_pt,2520,0.10001984520738241,11726,1.0,0.9990871204604088,0.10120109788267793,-0.00011907124429444416,0.10108419554282784,False,0.759847409510291,0.5253124275054771,0.22331711143196242,0.9719905262073937,0.8095174262734585,0.664601404378356,0.012131715771230503,0.11940298507462686,0.023997515968772178,0.17479892761394103,0.8095174262734585,0.015683646112600536,0.0,0.0,0.8435656836461126,0.7710255500354861,0.5336593752612855,0.2120412067098587,0.03522001419446416,nsl_kdd_v2,rf_5class_smote,stable
Probe,Normal,block_greedy,126,0.0050009922603691205,11726,1.0,0.9994443341932924,0.005089174717425132,-3.969041476481472e-05,0.005005932444165075,True,0.7853530872959545,0.573575199832087,0.190316651103304,0.9719905262073937,0.8402144772117962,0.7042544403139198,0.09844020797227036,0.13432835820895522,0.0031050390347764373,0.2271788517141677,0.06856670797191243,0.7042544403139198,0.0,0.0,0.7059066501445683,0.7856635911994322,0.5740722772191508,0.19259131635097282,0.0023953158268275373,nsl_kdd_v2,xgb_5class_smote,fragile
Probe,Normal,block_greedy,126,0.0050009922603691205,11726,1.0,0.9994443341932924,0.005089174717425132,-3.969041476481472e-05,0.005005932444165075,True,0.7853530872959545,0.573575199832087,0.190316651103304,0.9719905262073937,0.8402144772117962,0.7042544403139198,0.09844020797227036,0.13432835820895522,0.0031050390347764373,0.2271788517141677,0.06856670797191243,0.7042544403139198,0.0,0.0,0.7059066501445683,0.7856635911994322,0.5740722772191508,0.19259131635097282,0.0023953158268275373,nsl_kdd_v2,xgb_5class_smote,fragile
Probe,Normal,block_greedy,126,0.0050009922603691205,11726,1.0,0.9994443341932924,0.005089174717425132,-3.969041476481472e-05,0.005005932444165075,True,0.7853530872959545,0.573575199832087,0.190316651103304,0.9719905262073937,0.8402144772117962,0.7042544403139198,0.09844020797227036,0.13432835820895522,0.0031050390347764373,0.2271788517141677,0.06856670797191243,0.7042544403139198,0.0,0.0,0.7059066501445683,0.7856635911994322,0.5740722772191508,0.19259131635097282,0.0023953158268275373,nsl_kdd_v2,xgb_5class_smote,fragile
Probe,Normal,block_greedy,252,0.010001984520738241,11726,1.0,0.9994046437785274,0.010100693962167373,-7.938082952974046e-05,0.010017451688907315,False,0.7843328601845281,0.5727533581186304,0.19433453216543847,0.9724024302337555,0.8380697050938338,0.6997108632796365,0.09844020797227036,0.13432835820895522,0.004125266146202981,0.23172242874845106,0.06856670797191243,0.6997108632796365,0.0,0.0,0.7059066501445683,0.7856635911994322,0.5740722772191508,0.19259131635097282,0.0023953158268275373,nsl_kdd_v2,xgb_5class_smote,fragile
Probe,Normal,block_greedy,504,0.020003969041476482,11726,0.998015873015873,0.9993649533637626,0.02014704138893777,-0.00011907124429455518,0.02006379911567771,False,0.7735982966643009,0.555544170576393,0.18144751053890792,0.9729173102667078,0.8380697050938338,0.6224700536968195,0.07764298093587521,0.13432835820895522,0.01938431511710433,0.3089632383312681,0.06856670797191243,0.6224700536968195,0.0,0.0,0.7059066501445683,0.7856635911994322,0.5740722772191508,0.19259131635097282,0.0023953158268275373,nsl_kdd_v2,xgb_5class_smote,fragile
Probe,Normal,block_greedy,1260,0.050009922603691206,11726,0.9992063492063492,0.9993649533637626,0.05384429904515516,-0.00011907124429455518,0.053761056771895105,False,0.7733765081618169,0.5551691711427991,0.1836139234403177,0.9729173102667078,0.8383378016085791,0.6195786864931846,0.07764298093587521,0.13432835820895522,0.019783534421575585,0.3118546055349029,0.06856670797191243,0.6195786864931846,0.0,0.0,0.7059066501445683,0.7856635911994322,0.5740722772191508,0.19259131635097282,0.0023953158268275373,nsl_kdd_v2,xgb_5class_smote,fragile
Probe,Normal,block_greedy,2520,0.10001984520738241,11726,0.925,0.9049811470529867,0.13872469619633504,-0.09450287755507047,0.13864145392307498,False,0.6703779276082328,0.33801463677004506,0.34393664649265965,0.9964988157759243,0.7119302949061662,0.0,0.042634315424610054,0.029850746268656716,0.15303406671398154,0.9975216852540273,0.0024783147459727386,0.0,0.0,0.0,0.7059066501445683,0.7856635911994322,0.5740722772191508,0.19259131635097282,0.0023953158268275373,nsl_kdd_v2,xgb_5class_smote,fragile
Probe,Normal,block_greedy_stealth,10,0.00039690414764834294,10,0.6,0.9994443341932924,0.00041889583320702537,-3.969041476481472e-05,0.00033565355994696845,True,0.7832682753726047,0.57222931099572,0.21468623123660383,0.972711358253527,0.8339142091152815,0.701363073110285,0.09844020797227036,0.13432835820895522,0.005056777856635912,0.23048327137546468,0.06815365551425032,0.701363073110285,0.0,0.0,0.7059066501445683,0.7856635911994322,0.5740722772191508,0.19259131635097282,0.0023953158268275373,nsl_kdd_v2,xgb_5class_smote,fragile
Probe,Normal,random,126,0.0050009922603691205,11726,0.1984126984126984,0.9993649533637626,0.005046528587209884,-0.00011907124429455518,0.004963286313949827,True,0.7787881476224272,0.5654840796632669,0.18921683886408625,0.9721964782205746,0.8412868632707775,0.6389921520033044,0.09844020797227036,0.13432835820895522,0.012908090844570617,0.29244114002478316,0.06856670797191243,0.6389921520033044,0.0,0.0,0.7059066501445683,0.7856635911994322,0.5740722772191508,0.19259131635097282,0.0023953158268275373,nsl_kdd_v2,xgb_5class_smote,fragile
Probe,Normal,random,126,0.0050009922603691205,11726,0.1984126984126984,0.9993649533637626,0.005046528587209884,-0.00011907124429455518,0.004963286313949827,True,0.7787881476224272,0.5654840796632669,0.18921683886408625,0.9721964782205746,0.8412868632707775,0.6389921520033044,0.09844020797227036,0.13432835820895522,0.012908090844570617,0.29244114002478316,0.06856670797191243,0.6389921520033044,0.0,0.0,0.7059066501445683,0.7856635911994322,0.5740722772191508,0.19259131635097282,0.0023953158268275373,nsl_kdd_v2,xgb_5class_smote,fragile
Probe,Normal,random,126,0.0050009922603691205,11726,0.1984126984126984,0.9993649533637626,0.005046528587209884,-0.00011907124429455518,0.004963286313949827,True,0.7787881476224272,0.5654840796632669,0.18921683886408625,0.9721964782205746,0.8412868632707775,0.6389921520033044,0.09844020797227036,0.13432835820895522,0.012908090844570617,0.29244114002478316,0.06856670797191243,0.6389921520033044,0.0,0.0,0.7059066501445683,0.7856635911994322,0.5740722772191508,0.19259131635097282,0.0023953158268275373,nsl_kdd_v2,xgb_5class_smote,fragile
Probe,Normal,random,252,0.010001984520738241,11726,0.20238095238095238,0.9993649533637626,0.010047894028062922,-0.00011907124429455518,0.009964651754802864,True,0.7787881476224272,0.5654840796632669,0.18544029953144653,0.9721964782205746,0.8412868632707775,0.6389921520033044,0.09844020797227036,0.13432835820895522,0.012908090844570617,0.29244114002478316,0.06856670797191243,0.6389921520033044,0.0,0.0,0.7059066501445683,0.7856635911994322,0.5740722772191508,0.19259131635097282,0.0023953158268275373,nsl_kdd_v2,xgb_5class_smote,fragile
Probe,Normal,random,504,0.020003969041476482,11726,0.19246031746031747,0.9993649533637626,0.020054513174052498,-0.00011907124429455518,0.01997127090079244,False,0.77861071682044,0.5653548630121258,0.1769925815093595,0.972299454227165,0.8407506702412869,0.6385790995456423,0.09844020797227036,0.13432835820895522,0.01299680624556423,0.29285419248244526,0.06856670797191243,0.6385790995456423,0.0,0.0,0.7059066501445683,0.7856635911994322,0.5740722772191508,0.19259131635097282,0.0023953158268275373,nsl_kdd_v2,xgb_5class_smote,fragile
Probe,Normal,random,1260,0.050009922603691206,11726,0.19444444444444445,0.9993649533637626,0.049973958253336045,-0.00011907124429455518,0.04989071598007599,False,0.7665454222853088,0.5548096938760916,0.1929437411295546,0.9733292142930697,0.8105898123324397,0.6319702602230484,0.08422876949740035,0.13432835820895522,0.02670333569907736,0.29987608426270135,0.06815365551425032,0.6319702602230484,0.0,0.0,0.7059066501445683,0.7856635911994322,0.5740722772191508,0.19259131635097282,0.0023953158268275373,nsl_kdd_v2,xgb_5class_smote,fragile
Probe,Normal,random,2520,0.10001984520738241,11726,0.2,0.9993649533637626,0.09978574341807422,-0.00011907124429455518,0.09970250114481417,False,0.7602022711142654,0.5476208336521308,0.21083282606158932,0.9734321902996602,0.7978552278820376,0.6220570012391574,0.0755632582322357,0.13432835820895522,0.03202625975869411,0.3097893432465923,0.06815365551425032,0.6220570012391574,0.0,0.0,0.7059066501445683,0.7856635911994322,0.5740722772191508,0.19259131635097282,0.0023953158268275373,nsl_kdd_v2,xgb_5class_smote,fragile
Probe,Normal,highest_pt,126,0.0050009922603691205,11726,1.0,0.9994840246080572,0.005076576715503953,0.0,0.004993334442243896,True,0.7856635911994322,0.5740722772191508,0.1874193049612186,0.9719905262073937,0.8400804289544236,0.7059066501445683,0.0998266897746967,0.13432835820895522,0.0023953158268275373,0.2255266418835192,0.06856670797191243,0.7059066501445683,0.0,0.0,0.7059066501445683,0.7856635911994322,0.5740722772191508,0.19259131635097282,0.0023953158268275373,nsl_kdd_v2,xgb_5class_smote,fragile
Probe,Normal,highest_pt,126,0.0050009922603691205,11726,1.0,0.9994840246080572,0.005076576715503953,0.0,0.004993334442243896,True,0.7856635911994322,0.5740722772191508,0.1874193049612186,0.9719905262073937,0.8400804289544236,0.7059066501445683,0.0998266897746967,0.13432835820895522,0.0023953158268275373,0.2255266418835192,0.06856670797191243,0.7059066501445683,0.0,0.0,0.7059066501445683,0.7856635911994322,0.5740722772191508,0.19259131635097282,0.0023953158268275373,nsl_kdd_v2,xgb_5class_smote,fragile
Probe,Normal,highest_pt,126,0.0050009922603691205,11726,1.0,0.9994840246080572,0.005076576715503953,0.0,0.004993334442243896,True,0.7856635911994322,0.5740722772191508,0.1874193049612186,0.9719905262073937,0.8400804289544236,0.7059066501445683,0.0998266897746967,0.13432835820895522,0.0023953158268275373,0.2255266418835192,0.06856670797191243,0.7059066501445683,0.0,0.0,0.7059066501445683,0.7856635911994322,0.5740722772191508,0.19259131635097282,0.0023953158268275373,nsl_kdd_v2,xgb_5class_smote,fragile
Probe,Normal,highest_pt,252,0.010001984520738241,11726,1.0,0.9994840246080572,0.010100226713405292,0.0,0.010016984440145234,False,0.7856635911994322,0.5740722772191508,0.18254613141605727,0.9719905262073937,0.8400804289544236,0.7059066501445683,0.0998266897746967,0.13432835820895522,0.0023953158268275373,0.2255266418835192,0.06856670797191243,0.7059066501445683,0.0,0.0,0.7059066501445683,0.7856635911994322,0.5740722772191508,0.19259131635097282,0.0023953158268275373,nsl_kdd_v2,xgb_5class_smote,fragile
Probe,Normal,highest_pt,504,0.020003969041476482,11726,1.0,0.9994840246080572,0.020242605650493833,0.0,0.020159363377233775,False,0.7856635911994322,0.5740902050274902,0.17161385913372146,0.9719905262073937,0.8400804289544236,0.7059066501445683,0.0998266897746967,0.13432835820895522,0.0023953158268275373,0.2255266418835192,0.06856670797191243,0.7059066501445683,0.0,0.0,0.7059066501445683,0.7856635911994322,0.5740722772191508,0.19259131635097282,0.0023953158268275373,nsl_kdd_v2,xgb_5class_smote,fragile
Probe,Normal,highest_pt,1260,0.050009922603691206,11726,1.0,0.9994840246080572,0.05419386673310639,0.0,0.05411062445984633,False,0.7858410220014195,0.5743787909155993,0.16455021376707332,0.9719905262073937,0.8422252010723861,0.7009500206526229,0.0998266897746967,0.13432835820895522,0.004036550745209368,0.23048327137546468,0.06856670797191243,0.7009500206526229,0.0,0.0,0.7059066501445683,0.7856635911994322,0.5740722772191508,0.19259131635097282,0.0023953158268275373,nsl_kdd_v2,xgb_5class_smote,fragile
Probe,Normal,highest_pt,2520,0.10001984520738241,11726,0.925,0.9049811470529867,0.13877292841320366,-0.09450287755507047,0.1386896861399436,False,0.6703779276082328,0.33801463677004506,0.34395921123159395,0.9964988157759243,0.7119302949061662,0.0,0.042634315424610054,0.029850746268656716,0.15303406671398154,0.9975216852540273,0.0024783147459727386,0.0,0.0,0.0,0.7059066501445683,0.7856635911994322,0.5740722772191508,0.19259131635097282,0.0023953158268275373,nsl_kdd_v2,xgb_5class_smote,fragile
DoS,Normal,block_greedy,126,0.0050009922603691205,11726,1.0,0.9994840246080572,0.005074967836314669,0.0,0.004991725563054612,True,0.7856635911994322,0.5740722772191508,0.18890979022179102,0.9719905262073937,0.8400804289544236,0.7059066501445683,0.0998266897746967,0.13432835820895522,0.0023953158268275373,0.13820375335120644,0.8400804289544236,0.021715817694369973,0.0,0.0,0.8400804289544236,0.7856635911994322,0.5740722772191508,0.19259131635097282,0.0023953158268275373,nsl_kdd_v2,xgb_5class_smote,stable
DoS,Normal,block_greedy,126,0.0050009922603691205,11726,1.0,0.9994840246080572,0.005074967836314669,0.0,0.004991725563054612,True,0.7856635911994322,0.5740722772191508,0.18890979022179102,0.9719905262073937,0.8400804289544236,0.7059066501445683,0.0998266897746967,0.13432835820895522,0.0023953158268275373,0.13820375335120644,0.8400804289544236,0.021715817694369973,0.0,0.0,0.8400804289544236,0.7856635911994322,0.5740722772191508,0.19259131635097282,0.0023953158268275373,nsl_kdd_v2,xgb_5class_smote,stable
DoS,Normal,block_greedy,126,0.0050009922603691205,11726,1.0,0.9994840246080572,0.005074967836314669,0.0,0.004991725563054612,True,0.7856635911994322,0.5740722772191508,0.18890979022179102,0.9719905262073937,0.8400804289544236,0.7059066501445683,0.0998266897746967,0.13432835820895522,0.0023953158268275373,0.13820375335120644,0.8400804289544236,0.021715817694369973,0.0,0.0,0.8400804289544236,0.7856635911994322,0.5740722772191508,0.19259131635097282,0.0023953158268275373,nsl_kdd_v2,xgb_5class_smote,stable
DoS,Normal,block_greedy,252,0.010001984520738241,11726,1.0,0.9994840246080572,0.010086502205426418,0.0,0.01000325993216636,False,0.7856635911994322,0.5740722772191508,0.18521390045873665,0.9719905262073937,0.8400804289544236,0.7059066501445683,0.0998266897746967,0.13432835820895522,0.0023953158268275373,0.13820375335120644,0.8400804289544236,0.021715817694369973,0.0,0.0,0.8400804289544236,0.7856635911994322,0.5740722772191508,0.19259131635097282,0.0023953158268275373,nsl_kdd_v2,xgb_5class_smote,stable
DoS,Normal,block_greedy,504,0.020003969041476482,11726,1.0,0.9994840246080572,0.020077758666885687,0.0,0.01999451639362563,False,0.7854418026969482,0.5739587119351917,0.1781813708541179,0.9719905262073937,0.8394101876675604,0.7059066501445683,0.0998266897746967,0.13432835820895522,0.0021735273243435062,0.1388739946380697,0.8394101876675604,0.021715817694369973,0.0,0.0,0.8400804289544236,0.7856635911994322,0.5740722772191508,0.19259131635097282,0.0023953158268275373,nsl_kdd_v2,xgb_5class_smote,stable
DoS,Normal,block_greedy,1260,0.050009922603691206,11726,1.0,0.9994840246080572,0.05023142634205593,0.0,0.05014818406879587,False,0.785264371894961,0.5738857787091347,0.17546396606192427,0.9719905262073937,0.8388739946380697,0.7059066501445683,0.0998266897746967,0.13432835820895522,0.0021735273243435062,0.13941018766756033,0.8388739946380697,0.021715817694369973,0.0,0.0,0.8400804289544236,0.7856635911994322,0.5740722772191508,0.19259131635097282,0.0023953158268275373,nsl_kdd_v2,xgb_5class_smote,stable
DoS,Normal,block_greedy,2520,0.10001984520738241,11726,1.0,0.9994840246080572,0.10119443459711014,0.0,0.10111119232385009,False,0.7853530872959545,0.5739319153613088,0.2051750493148622,0.9721964782205746,0.8388739946380697,0.7059066501445683,0.0998266897746967,0.13432835820895522,0.0022622427253371187,0.13941018766756033,0.8388739946380697,0.021715817694369973,0.0,0.0,0.8400804289544236,0.7856635911994322,0.5740722772191508,0.19259131635097282,0.0023953158268275373,nsl_kdd_v2,xgb_5class_smote,stable
DoS,Normal,block_greedy_stealth,10,0.00039690414764834294,10,0.2,0.9994443341932924,0.00041889583320702537,-3.969041476481472e-05,0.00033565355994696845,True,0.7832682753726047,0.57222931099572,0.21468623123660383,0.972711358253527,0.8339142091152815,0.701363073110285,0.09844020797227036,0.13432835820895522,0.005056777856635912,0.1453083109919571,0.8339142091152815,0.020777479892761394,0.0,0.0,0.8400804289544236,0.7856635911994322,0.5740722772191508,0.19259131635097282,0.0023953158268275373,nsl_kdd_v2,xgb_5class_smote,stable
DoS,Normal,random,126,0.0050009922603691205,11726,0.7936507936507936,0.9993649533637626,0.005046528587209884,-0.00011907124429455518,0.004963286313949827,True,0.7787881476224272,0.5654840796632669,0.18921683886408625,0.9721964782205746,0.8412868632707775,0.6389921520033044,0.09844020797227036,0.13432835820895522,0.012908090844570617,0.14611260053619302,0.8412868632707775,0.01260053619302949,0.0,0.0,0.8400804289544236,0.7856635911994322,0.5740722772191508,0.19259131635097282,0.0023953158268275373,nsl_kdd_v2,xgb_5class_smote,stable
DoS,Normal,random,126,0.0050009922603691205,11726,0.7936507936507936,0.9993649533637626,0.005046528587209884,-0.00011907124429455518,0.004963286313949827,True,0.7787881476224272,0.5654840796632669,0.18921683886408625,0.9721964782205746,0.8412868632707775,0.6389921520033044,0.09844020797227036,0.13432835820895522,0.012908090844570617,0.14611260053619302,0.8412868632707775,0.01260053619302949,0.0,0.0,0.8400804289544236,0.7856635911994322,0.5740722772191508,0.19259131635097282,0.0023953158268275373,nsl_kdd_v2,xgb_5class_smote,stable
DoS,Normal,random,126,0.0050009922603691205,11726,0.7936507936507936,0.9993649533637626,0.005046528587209884,-0.00011907124429455518,0.004963286313949827,True,0.7787881476224272,0.5654840796632669,0.18921683886408625,0.9721964782205746,0.8412868632707775,0.6389921520033044,0.09844020797227036,0.13432835820895522,0.012908090844570617,0.14611260053619302,0.8412868632707775,0.01260053619302949,0.0,0.0,0.8400804289544236,0.7856635911994322,0.5740722772191508,0.19259131635097282,0.0023953158268275373,nsl_kdd_v2,xgb_5class_smote,stable
DoS,Normal,random,252,0.010001984520738241,11726,0.7896825396825397,0.9993649533637626,0.010047894028062922,-0.00011907124429455518,0.009964651754802864,True,0.7787881476224272,0.5654840796632669,0.18544029953144653,0.9721964782205746,0.8412868632707775,0.6389921520033044,0.09844020797227036,0.13432835820895522,0.012908090844570617,0.14611260053619302,0.8412868632707775,0.01260053619302949,0.0,0.0,0.8400804289544236,0.7856635911994322,0.5740722772191508,0.19259131635097282,0.0023953158268275373,nsl_kdd_v2,xgb_5class_smote,stable
DoS,Normal,random,504,0.020003969041476482,11726,0.7976190476190477,0.9993649533637626,0.020054513174052498,-0.00011907124429455518,0.01997127090079244,False,0.77861071682044,0.5653548630121258,0.1769925815093595,0.972299454227165,0.8407506702412869,0.6385790995456423,0.09844020797227036,0.13432835820895522,0.01299680624556423,0.14664879356568364,0.8407506702412869,0.01260053619302949,0.0,0.0,0.8400804289544236,0.7856635911994322,0.5740722772191508,0.19259131635097282,0.0023953158268275373,nsl_kdd_v2,xgb_5class_smote,stable
DoS,Normal,random,1260,0.050009922603691206,11726,0.7880952380952381,0.9993649533637626,0.049973958253336045,-0.00011907124429455518,0.04989071598007599,False,0.7665454222853088,0.5548096938760916,0.1929437411295546,0.9733292142930697,0.8105898123324397,0.6319702602230484,0.08422876949740035,0.13432835820895522,0.02670333569907736,0.17868632707774798,0.8105898123324397,0.010723860589812333,0.0,0.0,0.8400804289544236,0.7856635911994322,0.5740722772191508,0.19259131635097282,0.0023953158268275373,nsl_kdd_v2,xgb_5class_smote,stable
DoS,Normal,random,2520,0.10001984520738241,11726,0.780952380952381,0.9993649533637626,0.09978574341807422,-0.00011907124429455518,0.09970250114481417,False,0.7602022711142654,0.5476208336521308,0.21083282606158932,0.9734321902996602,0.7978552278820376,0.6220570012391574,0.0755632582322357,0.13432835820895522,0.03202625975869411,0.18994638069705094,0.7978552278820376,0.012198391420911529,0.0,0.0,0.8400804289544236,0.7856635911994322,0.5740722772191508,0.19259131635097282,0.0023953158268275373,nsl_kdd_v2,xgb_5class_smote,stable
DoS,Normal,highest_pt,126,0.0050009922603691205,11726,1.0,0.9994840246080572,0.005074967836314669,0.0,0.004991725563054612,True,0.7856635911994322,0.5740722772191508,0.18890979022179102,0.9719905262073937,0.8400804289544236,0.7059066501445683,0.0998266897746967,0.13432835820895522,0.0023953158268275373,0.13820375335120644,0.8400804289544236,0.021715817694369973,0.0,0.0,0.8400804289544236,0.7856635911994322,0.5740722772191508,0.19259131635097282,0.0023953158268275373,nsl_kdd_v2,xgb_5class_smote,stable
DoS,Normal,highest_pt,126,0.0050009922603691205,11726,1.0,0.9994840246080572,0.005074967836314669,0.0,0.004991725563054612,True,0.7856635911994322,0.5740722772191508,0.18890979022179102,0.9719905262073937,0.8400804289544236,0.7059066501445683,0.0998266897746967,0.13432835820895522,0.0023953158268275373,0.13820375335120644,0.8400804289544236,0.021715817694369973,0.0,0.0,0.8400804289544236,0.7856635911994322,0.5740722772191508,0.19259131635097282,0.0023953158268275373,nsl_kdd_v2,xgb_5class_smote,stable
DoS,Normal,highest_pt,126,0.0050009922603691205,11726,1.0,0.9994840246080572,0.005074967836314669,0.0,0.004991725563054612,True,0.7856635911994322,0.5740722772191508,0.18890979022179102,0.9719905262073937,0.8400804289544236,0.7059066501445683,0.0998266897746967,0.13432835820895522,0.0023953158268275373,0.13820375335120644,0.8400804289544236,0.021715817694369973,0.0,0.0,0.8400804289544236,0.7856635911994322,0.5740722772191508,0.19259131635097282,0.0023953158268275373,nsl_kdd_v2,xgb_5class_smote,stable
DoS,Normal,highest_pt,252,0.010001984520738241,11726,1.0,0.9994840246080572,0.010086502205426418,0.0,0.01000325993216636,False,0.7856635911994322,0.5740722772191508,0.18521390045873665,0.9719905262073937,0.8400804289544236,0.7059066501445683,0.0998266897746967,0.13432835820895522,0.0023953158268275373,0.13820375335120644,0.8400804289544236,0.021715817694369973,0.0,0.0,0.8400804289544236,0.7856635911994322,0.5740722772191508,0.19259131635097282,0.0023953158268275373,nsl_kdd_v2,xgb_5class_smote,stable
DoS,Normal,highest_pt,504,0.020003969041476482,11726,1.0,0.9994840246080572,0.020077758666885687,0.0,0.01999451639362563,False,0.7854418026969482,0.5739587119351917,0.1781813708541179,0.9719905262073937,0.8394101876675604,0.7059066501445683,0.0998266897746967,0.13432835820895522,0.0021735273243435062,0.1388739946380697,0.8394101876675604,0.021715817694369973,0.0,0.0,0.8400804289544236,0.7856635911994322,0.5740722772191508,0.19259131635097282,0.0023953158268275373,nsl_kdd_v2,xgb_5class_smote,stable
DoS,Normal,highest_pt,1260,0.050009922603691206,11726,1.0,0.9994840246080572,0.05023142634205593,0.0,0.05014818406879587,False,0.785264371894961,0.5738857787091347,0.17546396606192427,0.9719905262073937,0.8388739946380697,0.7059066501445683,0.0998266897746967,0.13432835820895522,0.0021735273243435062,0.13941018766756033,0.8388739946380697,0.021715817694369973,0.0,0.0,0.8400804289544236,0.7856635911994322,0.5740722772191508,0.19259131635097282,0.0023953158268275373,nsl_kdd_v2,xgb_5class_smote,stable
DoS,Normal,highest_pt,2520,0.10001984520738241,11726,1.0,0.9994840246080572,0.10119443459711014,0.0,0.10111119232385009,False,0.7853530872959545,0.5739319153613088,0.2051750493148622,0.9721964782205746,0.8388739946380697,0.7059066501445683,0.0998266897746967,0.13432835820895522,0.0022622427253371187,0.13941018766756033,0.8388739946380697,0.021715817694369973,0.0,0.0,0.8400804289544236,0.7856635911994322,0.5740722772191508,0.19259131635097282,0.0023953158268275373,nsl_kdd_v2,xgb_5class_smote,stable
R2L,Normal,block_greedy,126,0.0050009922603691205,11726,1.0,0.9956340543758683,0.006430624742063857,-0.0001984520738240736,0.005648628461707074,True,0.7663679914833215,0.5496574381044957,0.1992968554844333,0.9710637421480794,0.8379356568364611,0.617513424204874,0.028422876949740036,0.2835820895522388,0.03215933286018453,0.9566724436741768,0.0,0.0020797227036395147,0.028422876949740036,0.012824956672443674,0.05545927209705372,0.7698278921220724,0.5599996157310869,0.2068878703943235,0.027235628105039034,nsl_kdd_v2,dnn_5class_smote,fragile
R2L,Normal,block_greedy,126,0.0050009922603691205,11726,1.0,0.9956340543758683,0.006430624742063857,-0.0001984520738240736,0.005648628461707074,True,0.7663679914833215,0.5496574381044957,0.1992968554844333,0.9710637421480794,0.8379356568364611,0.617513424204874,0.028422876949740036,0.2835820895522388,0.03215933286018453,0.9566724436741768,0.0,0.0020797227036395147,0.028422876949740036,0.012824956672443674,0.05545927209705372,0.7698278921220724,0.5599996157310869,0.2068878703943235,0.027235628105039034,nsl_kdd_v2,dnn_5class_smote,fragile
R2L,Normal,block_greedy,126,0.0050009922603691205,11726,1.0,0.9956340543758683,0.006430624742063857,-0.0001984520738240736,0.005648628461707074,True,0.7663679914833215,0.5496574381044957,0.1992968554844333,0.9710637421480794,0.8379356568364611,0.617513424204874,0.028422876949740036,0.2835820895522388,0.03215933286018453,0.9566724436741768,0.0,0.0020797227036395147,0.028422876949740036,0.012824956672443674,0.05545927209705372,0.7698278921220724,0.5599996157310869,0.2068878703943235,0.027235628105039034,nsl_kdd_v2,dnn_5class_smote,fragile
R2L,Normal,block_greedy,252,0.010001984520738241,11726,0.7896825396825397,0.9884500893034333,0.014483334267971644,-0.00738241714625909,0.01370133798761486,False,0.7552785663591199,0.4952827363993735,0.23008064900108297,0.9729173102667078,0.8230563002680965,0.5927302767451467,0.0,0.05970149253731343,0.05203158268275373,0.9982668977469671,0.0,0.0017331022530329288,0.0,0.0,0.05545927209705372,0.7698278921220724,0.5599996157310869,0.2068878703943235,0.027235628105039034,nsl_kdd_v2,dnn_5class_smote,fragile
R2L,Normal,block_greedy,504,0.020003969041476482,11726,0.3948412698412698,0.9803135542766422,0.020134939354395174,-0.015518952173050105,0.01935294307403839,False,0.7091909155429382,0.4620918634721942,0.27283811613198616,0.9777571825764597,0.6935656836461126,0.543577034283354,0.0,0.04477611940298507,0.10672462739531582,1.0,0.0,0.0,0.0,0.0,0.05545927209705372,0.7698278921220724,0.5599996157310869,0.2068878703943235,0.027235628105039034,nsl_kdd_v2,dnn_5class_smote,fragile
R2L,Normal,block_greedy,1260,0.050009922603691206,11726,0.15793650793650793,0.9639214129787657,0.03409011614258726,-0.03191109347092669,0.03330811986223048,False,0.6895848119233499,0.4295106278141603,0.29646608518555356,0.9828030068993925,0.6442359249329759,0.4940107393638992,0.0,0.0,0.13471433640880057,1.0,0.0,0.0,0.0,0.0,0.05545927209705372,0.7698278921220724,0.5599996157310869,0.2068878703943235,0.027235628105039034,nsl_kdd_v2,dnn_5class_smote,fragile
R2L,Normal,block_greedy,2520,0.10001984520738241,11726,0.07896825396825397,0.9211748362770391,0.057603975125343154,-0.07465767017265323,0.056821978844986375,False,0.6632806955287438,0.4140404712623214,0.31769162660575684,0.9829059829059829,0.5646112600536193,0.4940107393638992,0.0,0.0,0.1619056068133428,1.0,0.0,0.0,0.0,0.0,0.05545927209705372,0.7698278921220724,0.5599996157310869,0.2068878703943235,0.027235628105039034,nsl_kdd_v2,dnn_5class_smote,fragile
R2L,Normal,block_greedy_stealth,22,0.0008731891248263545,22,0.13636363636363635,0.9958325064496923,0.0009775292268887296,0.0,0.00019553294653194668,True,0.7698278921220724,0.5599996157310869,0.20963852561389604,0.9709607661414891,0.8379356568364611,0.6179264766625362,0.05545927209705372,0.2835820895522388,0.027235628105039034,0.9296360485268631,0.0,0.0020797227036395147,0.05545927209705372,0.012824956672443674,0.05545927209705372,0.7698278921220724,0.5599996157310869,0.2068878703943235,0.027235628105039034,nsl_kdd_v2,dnn_5class_smote,fragile
R2L,Normal,random,126,0.0050009922603691205,11726,0.007936507936507936,0.9958325064496923,0.0056843796274803965,0.0,0.0049023833471236134,True,0.7697835344215755,0.5599314578750205,0.20294720456645776,0.9709607661414891,0.8379356568364611,0.617513424204874,0.05545927209705372,0.2835820895522388,0.027279985805535843,0.9296360485268631,0.0,0.0020797227036395147,0.05545927209705372,0.012824956672443674,0.05545927209705372,0.7698278921220724,0.5599996157310869,0.2068878703943235,0.027235628105039034,nsl_kdd_v2,dnn_5class_smote,fragile
R2L,Normal,random,126,0.0050009922603691205,11726,0.007936507936507936,0.9958325064496923,0.0056843796274803965,0.0,0.0049023833471236134,True,0.7697835344215755,0.5599314578750205,0.20294720456645776,0.9709607661414891,0.8379356568364611,0.617513424204874,0.05545927209705372,0.2835820895522388,0.027279985805535843,0.9296360485268631,0.0,0.0020797227036395147,0.05545927209705372,0.012824956672443674,0.05545927209705372,0.7698278921220724,0.5599996157310869,0.2068878703943235,0.027235628105039034,nsl_kdd_v2,dnn_5class_smote,fragile
R2L,Normal,random,126,0.0050009922603691205,11726,0.007936507936507936,0.9958325064496923,0.0056843796274803965,0.0,0.0049023833471236134,True,0.7697835344215755,0.5599314578750205,0.20294720456645776,0.9709607661414891,0.8379356568364611,0.617513424204874,0.05545927209705372,0.2835820895522388,0.027279985805535843,0.9296360485268631,0.0,0.0020797227036395147,0.05545927209705372,0.012824956672443674,0.05545927209705372,0.7698278921220724,0.5599996157310869,0.2068878703943235,0.027235628105039034,nsl_kdd_v2,dnn_5class_smote,fragile
R2L,Normal,random,252,0.010001984520738241,11726,0.007936507936507936,0.9958325064496923,0.010475887856582539,0.0,0.009693891576225756,True,0.7675656493967353,0.5557458108139677,0.2006642867291094,0.9709607661414891,0.8379356568364611,0.6022304832713755,0.05095320623916811,0.2835820895522388,0.02989709013484741,0.9341421143847487,0.0,0.0020797227036395147,0.05095320623916811,0.012824956672443674,0.05545927209705372,0.7698278921220724,0.5599996157310869,0.2068878703943235,0.027235628105039034,nsl_kdd_v2,dnn_5class_smote,fragile
R2L,Normal,random,504,0.020003969041476482,11726,0.00992063492063492,0.9958721968644573,0.020102210347608063,3.969041476492574e-05,0.01932021406725128,False,0.7675656493967353,0.5562981603148687,0.192305553793212,0.9710637421480794,0.8379356568364611,0.6022304832713755,0.05095320623916811,0.26865671641791045,0.03025195173882186,0.9358752166377816,0.0,0.0020797227036395147,0.05095320623916811,0.011091854419410746,0.05545927209705372,0.7698278921220724,0.5599996157310869,0.2068878703943235,0.027235628105039034,nsl_kdd_v2,dnn_5class_smote,fragile
R2L,Normal,random,1260,0.050009922603691206,11726,0.016666666666666666,0.9956340543758683,0.05003095406311028,-0.0001984520738240736,0.049248957782753504,False,0.763972675656494,0.5536286013659845,0.198484179784428,0.9717845741942127,0.8357908847184986,0.5997521685254027,0.028422876949740036,0.2537313432835821,0.03637331440738112,0.9636048526863085,0.0,0.0020797227036395147,0.028422876949740036,0.0058925476603119585,0.05545927209705372,0.7698278921220724,0.5599996157310869,0.2068878703943235,0.027235628105039034,nsl_kdd_v2,dnn_5class_smote,fragile
R2L,Normal,random,2520,0.10001984520738241,11726,0.01865079365079365,0.9954356023020441,0.09880412856175176,-0.0003969041476482582,0.09802213228139497,False,0.758915897799858,0.5075539089308696,0.23497512154738343,0.9718875502008032,0.8223860589812333,0.5989260636100785,0.028422876949740036,0.05970149253731343,0.044579488999290276,0.9694974003466205,0.0,0.0020797227036395147,0.028422876949740036,0.0,0.05545927209705372,0.7698278921220724,0.5599996157310869,0.2068878703943235,0.027235628105039034,nsl_kdd_v2,dnn_5class_smote,fragile
R2L,Normal,highest_pt,126,0.0050009922603691205,11726,1.0,0.9956340543758683,0.006529294832892755,-0.0001984520738240736,0.005747298552535972,True,0.7664123491838183,0.5497255338379369,0.19899398340189386,0.9710637421480794,0.8379356568364611,0.6179264766625362,0.028422876949740036,0.2835820895522388,0.03211497515968772,0.9566724436741768,0.0,0.0020797227036395147,0.028422876949740036,0.012824956672443674,0.05545927209705372,0.7698278921220724,0.5599996157310869,0.2068878703943235,0.027235628105039034,nsl_kdd_v2,dnn_5class_smote,fragile
R2L,Normal,highest_pt,126,0.0050009922603691205,11726,1.0,0.9956340543758683,0.006529294832892755,-0.0001984520738240736,0.005747298552535972,True,0.7664123491838183,0.5497255338379369,0.19899398340189386,0.9710637421480794,0.8379356568364611,0.6179264766625362,0.028422876949740036,0.2835820895522388,0.03211497515968772,0.9566724436741768,0.0,0.0020797227036395147,0.028422876949740036,0.012824956672443674,0.05545927209705372,0.7698278921220724,0.5599996157310869,0.2068878703943235,0.027235628105039034,nsl_kdd_v2,dnn_5class_smote,fragile
R2L,Normal,highest_pt,126,0.0050009922603691205,11726,1.0,0.9956340543758683,0.006529294832892755,-0.0001984520738240736,0.005747298552535972,True,0.7664123491838183,0.5497255338379369,0.19899398340189386,0.9710637421480794,0.8379356568364611,0.6179264766625362,0.028422876949740036,0.2835820895522388,0.03211497515968772,0.9566724436741768,0.0,0.0020797227036395147,0.028422876949740036,0.012824956672443674,0.05545927209705372,0.7698278921220724,0.5599996157310869,0.2068878703943235,0.027235628105039034,nsl_kdd_v2,dnn_5class_smote,fragile
R2L,Normal,highest_pt,252,0.010001984520738241,11726,0.7896825396825397,0.9884500893034333,0.014293050388282718,-0.00738241714625909,0.013511054107925935,False,0.7552785663591199,0.4952827363993735,0.23000324872411562,0.9729173102667078,0.8230563002680965,0.5927302767451467,0.0,0.05970149253731343,0.05203158268275373,0.9982668977469671,0.0,0.0017331022530329288,0.0,0.0,0.05545927209705372,0.7698278921220724,0.5599996157310869,0.2068878703943235,0.027235628105039034,nsl_kdd_v2,dnn_5class_smote,fragile
R2L,Normal,highest_pt,504,0.020003969041476482,11726,0.3948412698412698,0.9803135542766422,0.019788529079314953,-0.015518952173050105,0.01900653279895817,False,0.7091909155429382,0.4620918634721942,0.2728476077569029,0.9777571825764597,0.6935656836461126,0.543577034283354,0.0,0.04477611940298507,0.10672462739531582,1.0,0.0,0.0,0.0,0.0,0.05545927209705372,0.7698278921220724,0.5599996157310869,0.2068878703943235,0.027235628105039034,nsl_kdd_v2,dnn_5class_smote,fragile
R2L,Normal,highest_pt,1260,0.050009922603691206,11726,0.15793650793650793,0.9639214129787657,0.03411335423093948,-0.03191109347092669,0.0333313579505827,False,0.6895848119233499,0.4295106278141603,0.2964807401664647,0.9828030068993925,0.6442359249329759,0.4940107393638992,0.0,0.0,0.13471433640880057,1.0,0.0,0.0,0.0,0.0,0.05545927209705372,0.7698278921220724,0.5599996157310869,0.2068878703943235,0.027235628105039034,nsl_kdd_v2,dnn_5class_smote,fragile
R2L,Normal,highest_pt,2520,0.10001984520738241,11726,0.07896825396825397,0.9211748362770391,0.05762865648731722,-0.07465767017265323,0.05684666020696044,False,0.6632806955287438,0.4140404712623214,0.31770900032648364,0.9829059829059829,0.5646112600536193,0.4940107393638992,0.0,0.0,0.1619056068133428,1.0,0.0,0.0,0.0,0.0,0.05545927209705372,0.7698278921220724,0.5599996157310869,0.2068878703943235,0.027235628105039034,nsl_kdd_v2,dnn_5class_smote,fragile
DoS,Normal,block_greedy,126,0.0050009922603691205,11726,1.0,0.9958325064496923,0.005783782290303939,0.0,0.005001786009947156,True,0.7698278921220724,0.5599996157310869,0.20356869263403546,0.9709607661414891,0.8379356568364611,0.6179264766625362,0.05545927209705372,0.2835820895522388,0.027235628105039034,0.14745308310991956,0.8379356568364611,0.006434316353887399,0.008176943699731903,0.0,0.8379356568364611,0.7698278921220724,0.5599996157310869,0.2068878703943235,0.027235628105039034,nsl_kdd_v2,dnn_5class_smote,stable
DoS,Normal,block_greedy,126,0.0050009922603691205,11726,1.0,0.9958325064496923,0.005783782290303939,0.0,0.005001786009947156,True,0.7698278921220724,0.5599996157310869,0.20356869263403546,0.9709607661414891,0.8379356568364611,0.6179264766625362,0.05545927209705372,0.2835820895522388,0.027235628105039034,0.14745308310991956,0.8379356568364611,0.006434316353887399,0.008176943699731903,0.0,0.8379356568364611,0.7698278921220724,0.5599996157310869,0.2068878703943235,0.027235628105039034,nsl_kdd_v2,dnn_5class_smote,stable
DoS,Normal,block_greedy,126,0.0050009922603691205,11726,1.0,0.9958325064496923,0.005783782290303939,0.0,0.005001786009947156,True,0.7698278921220724,0.5599996157310869,0.20356869263403546,0.9709607661414891,0.8379356568364611,0.6179264766625362,0.05545927209705372,0.2835820895522388,0.027235628105039034,0.14745308310991956,0.8379356568364611,0.006434316353887399,0.008176943699731903,0.0,0.8379356568364611,0.7698278921220724,0.5599996157310869,0.2068878703943235,0.027235628105039034,nsl_kdd_v2,dnn_5class_smote,stable
DoS,Normal,block_greedy,252,0.010001984520738241,11726,1.0,0.9958325064496923,0.010858490596907393,0.0,0.01007649431655061,False,0.7698278921220724,0.5599996157310869,0.19987004492036797,0.9709607661414891,0.8379356568364611,0.6179264766625362,0.05545927209705372,0.2835820895522388,0.027235628105039034,0.14745308310991956,0.8379356568364611,0.006434316353887399,0.008176943699731903,0.0,0.8379356568364611,0.7698278921220724,0.5599996157310869,0.2068878703943235,0.027235628105039034,nsl_kdd_v2,dnn_5class_smote,stable
DoS,Normal,block_greedy,504,0.020003969041476482,11726,1.0,0.9958325064496923,0.020862037246326036,0.0,0.020080040965969253,False,0.7698278921220724,0.5599996157310869,0.19247220308742485,0.9709607661414891,0.8379356568364611,0.6179264766625362,0.05545927209705372,0.2835820895522388,0.027235628105039034,0.14745308310991956,0.8379356568364611,0.006434316353887399,0.008176943699731903,0.0,0.8379356568364611,0.7698278921220724,0.5599996157310869,0.2068878703943235,0.027235628105039034,nsl_kdd_v2,dnn_5class_smote,stable
DoS,Normal,block_greedy,1260,0.050009922603691206,11726,1.0,0.9958325064496923,0.05098385446637928,0.0,0.0502018581860225,False,0.7698278921220724,0.5599996157310869,0.202340378786748,0.9709607661414891,0.8379356568364611,0.6179264766625362,0.05545927209705372,0.2835820895522388,0.027235628105039034,0.14745308310991956,0.8379356568364611,0.006434316353887399,0.008176943699731903,0.0,0.8379356568364611,0.7698278921220724,0.5599996157310869,0.2068878703943235,0.027235628105039034,nsl_kdd_v2,dnn_5class_smote,stable
DoS,Normal,block_greedy,2520,0.10001984520738241,11726,1.0,0.9960309585235165,0.10162936226409537,0.00019845207382418462,0.10084736598373858,False,0.7692955997161107,0.5229721946164467,0.22801906549572334,0.9712696941612604,0.8379356568364611,0.6179264766625362,0.05545927209705372,0.05970149253731343,0.02976401703335699,0.14745308310991956,0.8379356568364611,0.006434316353887399,0.008176943699731903,0.0,0.8379356568364611,0.7698278921220724,0.5599996157310869,0.2068878703943235,0.027235628105039034,nsl_kdd_v2,dnn_5class_smote,stable
DoS,Normal,block_greedy_stealth,22,0.0008731891248263545,22,0.3181818181818182,0.9958325064496923,0.0009775292268887296,0.0,0.00019553294653194668,True,0.7698278921220724,0.5599996157310869,0.20963852561389604,0.9709607661414891,0.8379356568364611,0.6179264766625362,0.05545927209705372,0.2835820895522388,0.027235628105039034,0.14745308310991956,0.8379356568364611,0.006434316353887399,0.008176943699731903,0.0,0.8379356568364611,0.7698278921220724,0.5599996157310869,0.2068878703943235,0.027235628105039034,nsl_kdd_v2,dnn_5class_smote,stable
DoS,Normal,random,126,0.0050009922603691205,11726,0.7936507936507936,0.9958325064496923,0.0056843796274803965,0.0,0.0049023833471236134,True,0.7697835344215755,0.5599314578750205,0.20294720456645776,0.9709607661414891,0.8379356568364611,0.617513424204874,0.05545927209705372,0.2835820895522388,0.027279985805535843,0.14745308310991956,0.8379356568364611,0.006434316353887399,0.008176943699731903,0.0,0.8379356568364611,0.7698278921220724,0.5599996157310869,0.2068878703943235,0.027235628105039034,nsl_kdd_v2,dnn_5class_smote,stable
DoS,Normal,random,126,0.0050009922603691205,11726,0.7936507936507936,0.9958325064496923,0.0056843796274803965,0.0,0.0049023833471236134,True,0.7697835344215755,0.5599314578750205,0.20294720456645776,0.9709607661414891,0.8379356568364611,0.617513424204874,0.05545927209705372,0.2835820895522388,0.027279985805535843,0.14745308310991956,0.8379356568364611,0.006434316353887399,0.008176943699731903,0.0,0.8379356568364611,0.7698278921220724,0.5599996157310869,0.2068878703943235,0.027235628105039034,nsl_kdd_v2,dnn_5class_smote,stable
DoS,Normal,random,126,0.0050009922603691205,11726,0.7936507936507936,0.9958325064496923,0.0056843796274803965,0.0,0.0049023833471236134,True,0.7697835344215755,0.5599314578750205,0.20294720456645776,0.9709607661414891,0.8379356568364611,0.617513424204874,0.05545927209705372,0.2835820895522388,0.027279985805535843,0.14745308310991956,0.8379356568364611,0.006434316353887399,0.008176943699731903,0.0,0.8379356568364611,0.7698278921220724,0.5599996157310869,0.2068878703943235,0.027235628105039034,nsl_kdd_v2,dnn_5class_smote,stable
DoS,Normal,random,252,0.010001984520738241,11726,0.7896825396825397,0.9958325064496923,0.010475887856582539,0.0,0.009693891576225756,True,0.7675656493967353,0.5557458108139677,0.2006642867291094,0.9709607661414891,0.8379356568364611,0.6022304832713755,0.05095320623916811,0.2835820895522388,0.02989709013484741,0.14785522788203753,0.8379356568364611,0.006300268096514745,0.007908847184986596,0.0,0.8379356568364611,0.7698278921220724,0.5599996157310869,0.2068878703943235,0.027235628105039034,nsl_kdd_v2,dnn_5class_smote,stable
DoS,Normal,random,504,0.020003969041476482,11726,0.7976190476190477,0.9958721968644573,0.020102210347608063,3.969041476492574e-05,0.01932021406725128,False,0.7675656493967353,0.5562981603148687,0.192305553793212,0.9710637421480794,0.8379356568364611,0.6022304832713755,0.05095320623916811,0.26865671641791045,0.03025195173882186,0.14785522788203753,0.8379356568364611,0.006300268096514745,0.007908847184986596,0.0,0.8379356568364611,0.7698278921220724,0.5599996157310869,0.2068878703943235,0.027235628105039034,nsl_kdd_v2,dnn_5class_smote,stable
DoS,Normal,random,1260,0.050009922603691206,11726,0.7880952380952381,0.9956340543758683,0.05003095406311028,-0.0001984520738240736,0.049248957782753504,False,0.763972675656494,0.5536286013659845,0.198484179784428,0.9717845741942127,0.8357908847184986,0.5997521685254027,0.028422876949740036,0.2537313432835821,0.03637331440738112,0.15134048257372654,0.8357908847184986,0.006032171581769437,0.006836461126005362,0.0,0.8379356568364611,0.7698278921220724,0.5599996157310869,0.2068878703943235,0.027235628105039034,nsl_kdd_v2,dnn_5class_smote,stable
DoS,Normal,random,2520,0.10001984520738241,11726,0.780952380952381,0.9954356023020441,0.09880412856175176,-0.0003969041476482582,0.09802213228139497,False,0.758915897799858,0.5075539089308696,0.23497512154738343,0.9718875502008032,0.8223860589812333,0.5989260636100785,0.028422876949740036,0.05970149253731343,0.044579488999290276,0.1648793565683646,0.8223860589812333,0.006032171581769437,0.006702412868632708,0.0,0.8379356568364611,0.7698278921220724,0.5599996157310869,0.2068878703943235,0.027235628105039034,nsl_kdd_v2,dnn_5class_smote,stable
DoS,Normal,highest_pt,126,0.0050009922603691205,11726,1.0,0.9958325064496923,0.005783782290303939,0.0,0.005001786009947156,True,0.7698278921220724,0.5599996157310869,0.20356869263403546,0.9709607661414891,0.8379356568364611,0.6179264766625362,0.05545927209705372,0.2835820895522388,0.027235628105039034,0.14745308310991956,0.8379356568364611,0.006434316353887399,0.008176943699731903,0.0,0.8379356568364611,0.7698278921220724,0.5599996157310869,0.2068878703943235,0.027235628105039034,nsl_kdd_v2,dnn_5class_smote,stable
DoS,Normal,highest_pt,126,0.0050009922603691205,11726,1.0,0.9958325064496923,0.005783782290303939,0.0,0.005001786009947156,True,0.7698278921220724,0.5599996157310869,0.20356869263403546,0.9709607661414891,0.8379356568364611,0.6179264766625362,0.05545927209705372,0.2835820895522388,0.027235628105039034,0.14745308310991956,0.8379356568364611,0.006434316353887399,0.008176943699731903,0.0,0.8379356568364611,0.7698278921220724,0.5599996157310869,0.2068878703943235,0.027235628105039034,nsl_kdd_v2,dnn_5class_smote,stable
DoS,Normal,highest_pt,126,0.0050009922603691205,11726,1.0,0.9958325064496923,0.005783782290303939,0.0,0.005001786009947156,True,0.7698278921220724,0.5599996157310869,0.20356869263403546,0.9709607661414891,0.8379356568364611,0.6179264766625362,0.05545927209705372,0.2835820895522388,0.027235628105039034,0.14745308310991956,0.8379356568364611,0.006434316353887399,0.008176943699731903,0.0,0.8379356568364611,0.7698278921220724,0.5599996157310869,0.2068878703943235,0.027235628105039034,nsl_kdd_v2,dnn_5class_smote,stable
DoS,Normal,highest_pt,252,0.010001984520738241,11726,1.0,0.9958325064496923,0.010858490596907393,0.0,0.01007649431655061,False,0.7698278921220724,0.5599996157310869,0.19987004492036797,0.9709607661414891,0.8379356568364611,0.6179264766625362,0.05545927209705372,0.2835820895522388,0.027235628105039034,0.14745308310991956,0.8379356568364611,0.006434316353887399,0.008176943699731903,0.0,0.8379356568364611,0.7698278921220724,0.5599996157310869,0.2068878703943235,0.027235628105039034,nsl_kdd_v2,dnn_5class_smote,stable
DoS,Normal,highest_pt,504,0.020003969041476482,11726,1.0,0.9958325064496923,0.020862037246326036,0.0,0.020080040965969253,False,0.7698278921220724,0.5599996157310869,0.19247220308742485,0.9709607661414891,0.8379356568364611,0.6179264766625362,0.05545927209705372,0.2835820895522388,0.027235628105039034,0.14745308310991956,0.8379356568364611,0.006434316353887399,0.008176943699731903,0.0,0.8379356568364611,0.7698278921220724,0.5599996157310869,0.2068878703943235,0.027235628105039034,nsl_kdd_v2,dnn_5class_smote,stable
DoS,Normal,highest_pt,1260,0.050009922603691206,11726,1.0,0.9958325064496923,0.05098385446637928,0.0,0.0502018581860225,False,0.7698278921220724,0.5599996157310869,0.202340378786748,0.9709607661414891,0.8379356568364611,0.6179264766625362,0.05545927209705372,0.2835820895522388,0.027235628105039034,0.14745308310991956,0.8379356568364611,0.006434316353887399,0.008176943699731903,0.0,0.8379356568364611,0.7698278921220724,0.5599996157310869,0.2068878703943235,0.027235628105039034,nsl_kdd_v2,dnn_5class_smote,stable
DoS,Normal,highest_pt,2520,0.10001984520738241,11726,1.0,0.9960309585235165,0.10162936226409537,0.00019845207382418462,0.10084736598373858,False,0.7692955997161107,0.5229721946164467,0.22801906549572334,0.9712696941612604,0.8379356568364611,0.6179264766625362,0.05545927209705372,0.05970149253731343,0.02976401703335699,0.14745308310991956,0.8379356568364611,0.006434316353887399,0.008176943699731903,0.0,0.8379356568364611,0.7698278921220724,0.5599996157310869,0.2068878703943235,0.027235628105039034,nsl_kdd_v2,dnn_5class_smote,stable
DoS,R2L,block_greedy,136,0.005024197421404559,16404,0.6397058823529411,0.8168015072592264,0.012360271742516922,0.00029554102478845934,-0.003385136156505309,True,0.7387214194544681,0.5521922804895816,0.055535670848970514,0.7341081081081081,0.009048667155783811,0.6470165348670022,0.942678742194971,0.5284360189573459,0.176911804100156,0.0009782342871117633,0.009048667155783811,0.011494252873563218,0.9684519442406456,0.010026901442895574,0.022499388603570557,0.7396038511841919,0.5545311300643722,0.05648641249949975,0.1737917776272041,unsw_nb15_v2,rf_5class_cw,fragile
DoS,R2L,block_greedy,136,0.005024197421404559,16404,0.6397058823529411,0.8168015072592264,0.012360271742516922,0.00029554102478845934,-0.003385136156505309,True,0.7387214194544681,0.5521922804895816,0.055535670848970514,0.7341081081081081,0.009048667155783811,0.6470165348670022,0.942678742194971,0.5284360189573459,0.176911804100156,0.0009782342871117633,0.009048667155783811,0.011494252873563218,0.9684519442406456,0.010026901442895574,0.022499388603570557,0.7396038511841919,0.5545311300643722,0.05648641249949975,0.1737917776272041,unsw_nb15_v2,rf_5class_cw,fragile
DoS,R2L,block_greedy,136,0.005024197421404559,16404,0.6397058823529411,0.8168015072592264,0.012360271742516922,0.00029554102478845934,-0.003385136156505309,True,0.7387214194544681,0.5521922804895816,0.055535670848970514,0.7341081081081081,0.009048667155783811,0.6470165348670022,0.942678742194971,0.5284360189573459,0.176911804100156,0.0009782342871117633,0.009048667155783811,0.011494252873563218,0.9684519442406456,0.010026901442895574,0.022499388603570557,0.7396038511841919,0.5545311300643722,0.05648641249949975,0.1737917776272041,unsw_nb15_v2,rf_5class_cw,fragile
DoS,R2L,block_greedy,272,0.010048394842809118,16404,0.5514705882352942,0.816838449887325,0.008402196853898522,0.00033248365288707227,-0.007343211045123709,True,0.7387371771639275,0.5516410966354008,0.060373456528252316,0.7341081081081081,0.009048667155783811,0.6352743829379344,0.9454913652472295,0.5284360189573459,0.17850333275555066,0.0009782342871117633,0.009048667155783811,0.011005135730007337,0.9689410613842016,0.010026901442895574,0.022499388603570557,0.7396038511841919,0.5545311300643722,0.05648641249949975,0.1737917776272041,unsw_nb15_v2,rf_5class_cw,fragile
DoS,R2L,block_greedy,544,0.020096789685618236,16404,0.5661764705882353,0.815988769441058,0.009013555264051112,-0.0005171967933799149,-0.006731852634971119,True,0.7336947101369345,0.5495246216169765,0.07054649390697285,0.7235945945945946,0.00880410858400587,0.6352743829379344,0.9494290375203915,0.5284360189573459,0.1766754384582657,0.0004891171435558817,0.00880410858400587,0.011005135730007337,0.9694301785277574,0.010271460014673514,0.022499388603570557,0.7396038511841919,0.5545311300643722,0.05648641249949975,0.1737917776272041,unsw_nb15_v2,rf_5class_cw,fragile
DoS,R2L,block_greedy,1360,0.05024197421404559,16404,0.6683823529411764,0.8110753999039492,0.04841498674900101,-0.005430566330488773,0.03266957884997877,False,0.7048581018263185,0.5365302579347027,0.11251141467371097,0.6631351351351351,0.007336757153338224,0.6165827941528876,0.9773302581987962,0.5165876777251185,0.2065047824648209,0.0004891171435558817,0.007336757153338224,0.011494252873563218,0.9704084128148691,0.010271460014673514,0.022499388603570557,0.7396038511841919,0.5545311300643722,0.05648641249949975,0.1737917776272041,unsw_nb15_v2,rf_5class_cw,fragile
DoS,R2L,block_greedy,2707,0.10000369426280986,16404,0.7676394532693018,0.8078244486312757,0.09898517507088782,-0.00868151760316227,0.08323976717186558,False,0.6965222735223208,0.5289605770449504,0.16348439962110145,0.648,0.0,0.6108315360651809,0.9821117173876357,0.5165876777251185,0.21769275618096154,0.0004891171435558817,0.0,0.012227928588897041,0.975299584250428,0.0119833700171191,0.022499388603570557,0.7396038511841919,0.5545311300643722,0.05648641249949975,0.1737917776272041,unsw_nb15_v2,rf_5class_cw,fragile
DoS,R2L,block_greedy_stealth,69,0.002549041338800842,1376,0.9420289855072463,0.8165798514906351,0.013065834232414374,7.388525619711483e-05,-0.002679573666607857,True,0.7372401947652889,0.5515897898122312,0.06141464225282847,0.7294324324324324,0.016629982880899976,0.6472561706206567,0.9441975586431907,0.5758293838862559,0.16928507272182916,0.0009782342871117633,0.016629982880899976,0.011494252873563218,0.9589141599413059,0.0119833700171191,0.022499388603570557,0.7396038511841919,0.5545311300643722,0.05648641249949975,0.1737917776272041,unsw_nb15_v2,rf_5class_cw,fragile
DoS,R2L,block_greedy_stealth,69,0.002549041338800842,1376,0.9420289855072463,0.8165798514906351,0.013065834232414374,7.388525619711483e-05,-0.002679573666607857,True,0.7372401947652889,0.5515897898122312,0.06141464225282847,0.7294324324324324,0.016629982880899976,0.6472561706206567,0.9441975586431907,0.5758293838862559,0.16928507272182916,0.0009782342871117633,0.016629982880899976,0.011494252873563218,0.9589141599413059,0.0119833700171191,0.022499388603570557,0.7396038511841919,0.5545311300643722,0.05648641249949975,0.1737917776272041,unsw_nb15_v2,rf_5class_cw,fragile
DoS,R2L,block_greedy_stealth,138,0.005098082677601684,1376,0.8478260869565217,0.8165798514906351,0.011035798398859493,7.388525619711483e-05,-0.004709609500162738,True,0.7371614062179922,0.551161032372036,0.06363689172220778,0.7294054054054054,0.015651748593788213,0.6472561706206567,0.9441975586431907,0.5758293838862559,0.1693323458502072,0.0009782342871117633,0.015651748593788213,0.0119833700171191,0.9594032770848618,0.0119833700171191,0.022499388603570557,0.7396038511841919,0.5545311300643722,0.05648641249949975,0.1737917776272041,unsw_nb15_v2,rf_5class_cw,fragile
DoS,R2L,block_greedy_stealth,276,0.010196165355203369,1376,0.8043478260869565,0.8160257120691566,0.01334440194760476,-0.00048025416528130194,-0.0024010059514174703,True,0.7349553268936827,0.550406395965106,0.07332530527876496,0.725027027027027,0.015651748593788213,0.6472561706206567,0.9454351127861844,0.5758293838862559,0.16720505507319455,0.0009782342871117633,0.015651748593788213,0.0119833700171191,0.9594032770848618,0.0119833700171191,0.022499388603570557,0.7396038511841919,0.5545311300643722,0.05648641249949975,0.1737917776272041,unsw_nb15_v2,rf_5class_cw,fragile
DoS,R2L,block_greedy_stealth,552,0.020392330710406737,1376,0.5942028985507246,0.8159148841848609,0.01974771212115938,-0.0005910820495770297,0.004002304222137147,True,0.7308425647247916,0.5509587008123297,0.08950942883130218,0.7155405405405405,0.013939838591342627,0.6472561706206567,0.9520166507284694,0.5284360189573459,0.16657474669482045,0.0009782342871117633,0.013939838591342627,0.01173881144534116,0.9633162142333089,0.010026901442895574,0.022499388603570557,0.7396038511841919,0.5545311300643722,0.05648641249949975,0.1737917776272041,unsw_nb15_v2,rf_5class_cw,fragile
DoS,R2L,block_greedy_stealth,1376,0.0508330562636226,1376,0.25290697674418605,0.8127378181683845,0.047684996989498435,-0.0037681480660534117,0.0319395890904762,False,0.708182978522242,0.5369035025652907,0.16379585825713794,0.6697837837837838,0.013939838591342627,0.6467768991133477,0.9664735332170783,0.5284360189573459,0.18912402893115457,0.0004891171435558817,0.013939838591342627,0.011494252873563218,0.9640498899486427,0.010026901442895574,0.022499388603570557,0.7396038511841919,0.5545311300643722,0.05648641249949975,0.1737917776272041,unsw_nb15_v2,rf_5class_cw,fragile
DoS,R2L,block_greedy_stealth,1376,0.0508330562636226,1376,0.25290697674418605,0.8127378181683845,0.047684996989498435,-0.0037681480660534117,0.0319395890904762,False,0.708182978522242,0.5369035025652907,0.16379585825713794,0.6697837837837838,0.013939838591342627,0.6467768991133477,0.9664735332170783,0.5284360189573459,0.18912402893115457,0.0004891171435558817,0.013939838591342627,0.011494252873563218,0.9640498899486427,0.010026901442895574,0.022499388603570557,0.7396038511841919,0.5545311300643722,0.05648641249949975,0.1737917776272041,unsw_nb15_v2,rf_5class_cw,fragile
DoS,R2L,random,136,0.005024197421404559,16404,0.1323529411764706,0.8164690236063393,0.017920111490758745,-3.694262809861293e-05,0.002174703591736514,True,0.7396353666031106,0.5545872014566793,0.05319106696181146,0.7356216216216216,0.022499388603570557,0.6465372633596933,0.9386848174607639,0.5758293838862559,0.17391783930287893,0.0009782342871117633,0.022499388603570557,0.011494252873563218,0.9530447542186353,0.0119833700171191,0.022499388603570557,0.7396038511841919,0.5545311300643722,0.05648641249949975,0.1737917776272041,unsw_nb15_v2,rf_5class_cw,fragile
DoS,R2L,random,136,0.005024197421404559,16404,0.1323529411764706,0.8164690236063393,0.017920111490758745,-3.694262809861293e-05,0.002174703591736514,True,0.7396353666031106,0.5545872014566793,0.05319106696181146,0.7356216216216216,0.022499388603570557,0.6465372633596933,0.9386848174607639,0.5758293838862559,0.17391783930287893,0.0009782342871117633,0.022499388603570557,0.011494252873563218,0.9530447542186353,0.0119833700171191,0.022499388603570557,0.7396038511841919,0.5545311300643722,0.05648641249949975,0.1737917776272041,unsw_nb15_v2,rf_5class_cw,fragile
DoS,R2L,random,136,0.005024197421404559,16404,0.1323529411764706,0.8164690236063393,0.017920111490758745,-3.694262809861293e-05,0.002174703591736514,True,0.7396353666031106,0.5545872014566793,0.05319106696181146,0.7356216216216216,0.022499388603570557,0.6465372633596933,0.9386848174607639,0.5758293838862559,0.17391783930287893,0.0009782342871117633,0.022499388603570557,0.011494252873563218,0.9530447542186353,0.0119833700171191,0.022499388603570557,0.7396038511841919,0.5545311300643722,0.05648641249949975,0.1737917776272041,unsw_nb15_v2,rf_5class_cw,fragile
DoS,R2L,random,272,0.010048394842809118,16404,0.15073529411764705,0.8164690236063393,0.019971228906163926,-3.694262809861293e-05,0.004225821007141695,True,0.7388474811301429,0.5536053008235909,0.05410676315607814,0.7338108108108108,0.020298361457569088,0.6465372633596933,0.9401473814479383,0.5758293838862559,0.17262570712721198,0.0009782342871117633,0.020298361457569088,0.011494252873563218,0.9552457813646368,0.0119833700171191,0.022499388603570557,0.7396038511841919,0.5545311300643722,0.05648641249949975,0.1737917776272041,unsw_nb15_v2,rf_5class_cw,fragile
DoS,R2L,random,544,0.020096789685618236,16404,0.15073529411764705,0.816838449887325,0.023499040330239526,0.00033248365288707227,0.007753632431217294,True,0.7385638423598746,0.553431978921272,0.06483128522368707,0.7325405405405405,0.013939838591342627,0.6376707404744788,0.9464476570849975,0.5284360189573459,0.17546209482989553,0.0009782342871117633,0.013939838591342627,0.011005135730007337,0.9640498899486427,0.010026901442895574,0.022499388603570557,0.7396038511841919,0.5545311300643722,0.05648641249949975,0.1737917776272041,unsw_nb15_v2,rf_5class_cw,fragile
DoS,R2L,random,1360,0.05024197421404559,16404,0.15588235294117647,0.8153238021352839,0.034116498876596124,-0.0011821640991540594,0.018371090977573893,False,0.7284631505964293,0.54800171601633,0.08993442977206262,0.711945945945946,0.010026901442895574,0.6340762041696621,0.9549980311638634,0.5284360189573459,0.17278328422180553,0.0004891171435558817,0.010026901442895574,0.011005135730007337,0.9682073856688677,0.010271460014673514,0.022499388603570557,0.7396038511841919,0.5545311300643722,0.05648641249949975,0.1737917776272041,unsw_nb15_v2,rf_5class_cw,fragile
DoS,R2L,random,2707,0.10000369426280986,16404,0.14702622829700776,0.811001514647752,0.08059973049362015,-0.005504451586685888,0.06485432259459792,False,0.70287263043444,0.5334745078880393,0.10951410404813461,0.6590810810810811,0.009048667155783811,0.6146657081236521,0.9794115992574676,0.4881516587677725,0.20722963709995115,0.0004891171435558817,0.009048667155783811,0.002445585717779408,0.9789679628270971,0.009048667155783811,0.022499388603570557,0.7396038511841919,0.5545311300643722,0.05648641249949975,0.1737917776272041,unsw_nb15_v2,rf_5class_cw,fragile
DoS,R2L,highest_pt,136,0.005024197421404559,16404,0.6470588235294118,0.8168015072592264,0.012121131461656706,0.00029554102478845934,-0.003624276437365525,True,0.7391468776098706,0.5523647165353368,0.05558274096629606,0.7348378378378378,0.009048667155783811,0.6470165348670022,0.942678742194971,0.5284360189573459,0.17653361907313153,0.0009782342871117633,0.009048667155783811,0.011494252873563218,0.9684519442406456,0.010026901442895574,0.022499388603570557,0.7396038511841919,0.5545311300643722,0.05648641249949975,0.1737917776272041,unsw_nb15_v2,rf_5class_cw,fragile
DoS,R2L,highest_pt,136,0.005024197421404559,16404,0.6470588235294118,0.8168015072592264,0.012121131461656706,0.00029554102478845934,-0.003624276437365525,True,0.7391468776098706,0.5523647165353368,0.05558274096629606,0.7348378378378378,0.009048667155783811,0.6470165348670022,0.942678742194971,0.5284360189573459,0.17653361907313153,0.0009782342871117633,0.009048667155783811,0.011494252873563218,0.9684519442406456,0.010026901442895574,0.022499388603570557,0.7396038511841919,0.5545311300643722,0.05648641249949975,0.1737917776272041,unsw_nb15_v2,rf_5class_cw,fragile
DoS,R2L,highest_pt,136,0.005024197421404559,16404,0.6470588235294118,0.8168015072592264,0.012121131461656706,0.00029554102478845934,-0.003624276437365525,True,0.7391468776098706,0.5523647165353368,0.05558274096629606,0.7348378378378378,0.009048667155783811,0.6470165348670022,0.942678742194971,0.5284360189573459,0.17653361907313153,0.0009782342871117633,0.009048667155783811,0.011494252873563218,0.9684519442406456,0.010026901442895574,0.022499388603570557,0.7396038511841919,0.5545311300643722,0.05648641249949975,0.1737917776272041,unsw_nb15_v2,rf_5class_cw,fragile
DoS,R2L,highest_pt,272,0.010048394842809118,16404,0.5551470588235294,0.816838449887325,0.00847507945700754,0.00033248365288707227,-0.007270328442014692,True,0.73916263531933,0.5518134487016415,0.060264202497070055,0.7348378378378378,0.009048667155783811,0.6352743829379344,0.9454913652472295,0.5284360189573459,0.1781251477285262,0.0009782342871117633,0.009048667155783811,0.011005135730007337,0.9689410613842016,0.010026901442895574,0.022499388603570557,0.7396038511841919,0.5545311300643722,0.05648641249949975,0.1737917776272041,unsw_nb15_v2,rf_5class_cw,fragile
DoS,R2L,highest_pt,544,0.020096789685618236,16404,0.5680147058823529,0.815988769441058,0.009092656632468587,-0.0005171967933799149,-0.006652751266553644,True,0.7341201682923371,0.5496971029182546,0.07038568253797062,0.7243243243243244,0.00880410858400587,0.6352743829379344,0.9494290375203915,0.5284360189573459,0.17629725343124122,0.0004891171435558817,0.00880410858400587,0.011005135730007337,0.9694301785277574,0.010271460014673514,0.022499388603570557,0.7396038511841919,0.5545311300643722,0.05648641249949975,0.1737917776272041,unsw_nb15_v2,rf_5class_cw,fragile
DoS,R2L,highest_pt,1360,0.05024197421404559,16404,0.6698529411764705,0.8111123425320478,0.04842925673975564,-0.00539362370239016,0.032683848840733415,False,0.7052835599817211,0.5367026545286321,0.1123071658629551,0.6638648648648648,0.007336757153338224,0.6165827941528876,0.9773302581987962,0.5165876777251185,0.2061423551472558,0.0004891171435558817,0.007336757153338224,0.011494252873563218,0.9704084128148691,0.010271460014673514,0.022499388603570557,0.7396038511841919,0.5545311300643722,0.05648641249949975,0.1737917776272041,unsw_nb15_v2,rf_5class_cw,fragile
DoS,R2L,highest_pt,2707,0.10000369426280986,16404,0.7698559290727743,0.8078613912593742,0.09931430750050554,-0.008644574975063768,0.08356889960148331,False,0.6969477316777233,0.5291335483351073,0.16357208996736786,0.6487297297297298,0.0,0.6108315360651809,0.9821117173876357,0.5165876777251185,0.21733032886339643,0.0004891171435558817,0.0,0.012227928588897041,0.975299584250428,0.0119833700171191,0.022499388603570557,0.7396038511841919,0.5545311300643722,0.05648641249949975,0.1737917776272041,unsw_nb15_v2,rf_5class_cw,fragile
R2L,DoS,block_greedy,136,0.005024197421404559,24616,1.0,0.8166167941187336,0.020285948217890048,0.00011082788429561674,0.004540540318867817,True,0.739745670569326,0.5546779493809277,0.05393806519369615,0.7358108108108108,0.022743947175348497,0.6470165348670022,0.9385160600776284,0.5758293838862559,0.17390208159341958,0.04218934578387804,0.0015188164482196095,0.009900433143950048,0.9385160600776284,0.007875344546323902,0.9385160600776284,0.7396038511841919,0.5545311300643722,0.05648641249949975,0.1737917776272041,unsw_nb15_v2,rf_5class_cw,stable
R2L,DoS,block_greedy,136,0.005024197421404559,24616,1.0,0.8166167941187336,0.020285948217890048,0.00011082788429561674,0.004540540318867817,True,0.739745670569326,0.5546779493809277,0.05393806519369615,0.7358108108108108,0.022743947175348497,0.6470165348670022,0.9385160600776284,0.5758293838862559,0.17390208159341958,0.04218934578387804,0.0015188164482196095,0.009900433143950048,0.9385160600776284,0.007875344546323902,0.9385160600776284,0.7396038511841919,0.5545311300643722,0.05648641249949975,0.1737917776272041,unsw_nb15_v2,rf_5class_cw,stable
R2L,DoS,block_greedy,136,0.005024197421404559,24616,1.0,0.8166167941187336,0.020285948217890048,0.00011082788429561674,0.004540540318867817,True,0.739745670569326,0.5546779493809277,0.05393806519369615,0.7358108108108108,0.022743947175348497,0.6470165348670022,0.9385160600776284,0.5758293838862559,0.17390208159341958,0.04218934578387804,0.0015188164482196095,0.009900433143950048,0.9385160600776284,0.007875344546323902,0.9385160600776284,0.7396038511841919,0.5545311300643722,0.05648641249949975,0.1737917776272041,unsw_nb15_v2,rf_5class_cw,stable
R2L,DoS,block_greedy,272,0.010048394842809118,24616,1.0,0.8166167941187336,0.024866451903567895,0.00011082788429561674,0.009121044004545664,True,0.739745670569326,0.5546779493809277,0.05706834793329779,0.7358108108108108,0.022743947175348497,0.6470165348670022,0.9385160600776284,0.5758293838862559,0.17390208159341958,0.04218934578387804,0.0015188164482196095,0.009900433143950048,0.9385160600776284,0.007875344546323902,0.9385160600776284,0.7396038511841919,0.5545311300643722,0.05648641249949975,0.1737917776272041,unsw_nb15_v2,rf_5class_cw,stable
R2L,DoS,block_greedy,544,0.020096789685618236,24616,1.0,0.8166167941187336,0.033067307029869285,0.00011082788429561674,0.017321899130847054,False,0.739745670569326,0.5546779493809277,0.06917174212128505,0.7358108108108108,0.022743947175348497,0.6470165348670022,0.9385160600776284,0.5758293838862559,0.17390208159341958,0.04218934578387804,0.0015188164482196095,0.009900433143950048,0.9385160600776284,0.007875344546323902,0.9385160600776284,0.7396038511841919,0.5545311300643722,0.05648641249949975,0.1737917776272041,unsw_nb15_v2,rf_5class_cw,stable
R2L,DoS,block_greedy,1360,0.05024197421404559,24616,0.9970588235294118,0.8166167941187336,0.061006389536101165,0.00011082788429561674,0.04526098163707894,False,0.739745670569326,0.5546779493809277,0.06197947779331463,0.7358108108108108,0.022743947175348497,0.6470165348670022,0.9385160600776284,0.5758293838862559,0.17390208159341958,0.04218934578387804,0.0015188164482196095,0.009900433143950048,0.9385160600776284,0.007875344546323902,0.9385160600776284,0.7396038511841919,0.5545311300643722,0.05648641249949975,0.1737917776272041,unsw_nb15_v2,rf_5class_cw,stable
R2L,DoS,block_greedy,2707,0.10000369426280986,24616,0.9804211304026598,0.8160257120691566,0.11005236744397982,-0.00048025416528130194,0.09430695954495759,False,0.7445517719544287,0.5564229798352469,0.06257131499371156,0.7465945945945945,0.02347762289068232,0.6470165348670022,0.9331720762783372,0.5710900473933649,0.18176517861363672,0.04753332958316926,0.0015188164482196095,0.009900433143950048,0.9331720762783372,0.007875344546323902,0.9385160600776284,0.7396038511841919,0.5545311300643722,0.05648641249949975,0.1737917776272041,unsw_nb15_v2,rf_5class_cw,stable
R2L,DoS,block_greedy_stealth,136,0.005024197421404559,3809,0.8382352941176471,0.8165798514906351,0.019081037086051408,7.388525619711483e-05,0.0033356291870291765,True,0.7404705252044563,0.5553775559747394,0.06466491433337886,0.7372702702702703,0.022743947175348497,0.6546848789839445,0.9362659616358215,0.5758293838862559,0.1726572225461307,0.04292062777746526,0.0015188164482196095,0.011419249592169658,0.9362659616358215,0.007875344546323902,0.9385160600776284,0.7396038511841919,0.5545311300643722,0.05648641249949975,0.1737917776272041,unsw_nb15_v2,rf_5class_cw,stable
R2L,DoS,block_greedy_stealth,136,0.005024197421404559,3809,0.8382352941176471,0.8165798514906351,0.019081037086051408,7.388525619711483e-05,0.0033356291870291765,True,0.7404705252044563,0.5553775559747394,0.06466491433337886,0.7372702702702703,0.022743947175348497,0.6546848789839445,0.9362659616358215,0.5758293838862559,0.1726572225461307,0.04292062777746526,0.0015188164482196095,0.011419249592169658,0.9362659616358215,0.007875344546323902,0.9385160600776284,0.7396038511841919,0.5545311300643722,0.05648641249949975,0.1737917776272041,unsw_nb15_v2,rf_5class_cw,stable
R2L,DoS,block_greedy_stealth,136,0.005024197421404559,3809,0.8382352941176471,0.8165798514906351,0.019081037086051408,7.388525619711483e-05,0.0033356291870291765,True,0.7404705252044563,0.5553775559747394,0.06466491433337886,0.7372702702702703,0.022743947175348497,0.6546848789839445,0.9362659616358215,0.5758293838862559,0.1726572225461307,0.04292062777746526,0.0015188164482196095,0.011419249592169658,0.9362659616358215,0.007875344546323902,0.9385160600776284,0.7396038511841919,0.5545311300643722,0.05648641249949975,0.1737917776272041,unsw_nb15_v2,rf_5class_cw,stable
R2L,DoS,block_greedy_stealth,272,0.010048394842809118,3809,0.8308823529411765,0.8165059662344379,0.02158558982758426,0.0,0.005840181928562029,True,0.740454767494997,0.555342314236908,0.06490994265355056,0.7372702702702703,0.022743947175348497,0.65444524323029,0.9362659616358215,0.5758293838862559,0.17270449567450874,0.04292062777746526,0.0015188164482196095,0.011419249592169658,0.9362659616358215,0.007875344546323902,0.9385160600776284,0.7396038511841919,0.5545311300643722,0.05648641249949975,0.1737917776272041,unsw_nb15_v2,rf_5class_cw,stable
R2L,DoS,block_greedy_stealth,544,0.020096789685618236,3809,0.8400735294117647,0.7738002881524991,0.03103182705020035,-0.042705678081938814,0.015286419151178118,False,0.7172121460424513,0.6180493726926549,0.06643190090738459,0.7398648648648649,0.5720224993886036,0.6769710040738078,0.715306294650391,0.6161137440758294,0.06367690392524543,0.043595657310007314,0.21207177814029363,0.019913371209990437,0.715306294650391,0.009112898689317658,0.9385160600776284,0.7396038511841919,0.5545311300643722,0.05648641249949975,0.1737917776272041,unsw_nb15_v2,rf_5class_cw,stable
R2L,DoS,block_greedy_stealth,1360,0.05024197421404559,3809,0.8330882352941177,0.7732092061029222,0.05486841813542435,-0.04329676013151573,0.03912301023640212,False,0.7141551504073368,0.6076135012289896,0.08323214445218409,0.7434594594594595,0.6123746637319638,0.7047687514977234,0.679079709737301,0.7014218009478673,0.046957974188871904,0.044439444225684875,0.22562862125217978,0.03662035214040614,0.679079709737301,0.014231872644428194,0.9385160600776284,0.7396038511841919,0.5545311300643722,0.05648641249949975,0.1737917776272041,unsw_nb15_v2,rf_5class_cw,stable
R2L,DoS,block_greedy_stealth,2707,0.10000369426280986,3809,0.8400443295160694,0.773467804499612,0.09504972837150433,-0.043038161734825886,0.07930432047248209,False,0.712516348623564,0.593935217375544,0.11109353160272498,0.7510270270270271,0.6512594766446564,0.7062065660196502,0.6472408167857344,0.7417061611374408,0.03977245867540694,0.0493896607976599,0.2438544186308151,0.038364178432806435,0.6472408167857344,0.02115092535298419,0.9385160600776284,0.7396038511841919,0.5545311300643722,0.05648641249949975,0.1737917776272041,unsw_nb15_v2,rf_5class_cw,stable
R2L,DoS,random,136,0.005024197421404559,24616,0.4411764705882353,0.8165059662344379,0.020185810533398862,0.0,0.004440402634376631,True,0.7396353666031106,0.5545933886287386,0.053851468276572875,0.7356486486486487,0.022499388603570557,0.6470165348670022,0.9385160600776284,0.5758293838862559,0.17385480846504153,0.04218934578387804,0.0015188164482196095,0.009900433143950048,0.9385160600776284,0.007875344546323902,0.9385160600776284,0.7396038511841919,0.5545311300643722,0.05648641249949975,0.1737917776272041,unsw_nb15_v2,rf_5class_cw,stable
R2L,DoS,random,136,0.005024197421404559,24616,0.4411764705882353,0.8165059662344379,0.020185810533398862,0.0,0.004440402634376631,True,0.7396353666031106,0.5545933886287386,0.053851468276572875,0.7356486486486487,0.022499388603570557,0.6470165348670022,0.9385160600776284,0.5758293838862559,0.17385480846504153,0.04218934578387804,0.0015188164482196095,0.009900433143950048,0.9385160600776284,0.007875344546323902,0.9385160600776284,0.7396038511841919,0.5545311300643722,0.05648641249949975,0.1737917776272041,unsw_nb15_v2,rf_5class_cw,stable
R2L,DoS,random,136,0.005024197421404559,24616,0.4411764705882353,0.8165059662344379,0.020185810533398862,0.0,0.004440402634376631,True,0.7396353666031106,0.5545933886287386,0.053851468276572875,0.7356486486486487,0.022499388603570557,0.6470165348670022,0.9385160600776284,0.5758293838862559,0.17385480846504153,0.04218934578387804,0.0015188164482196095,0.009900433143950048,0.9385160600776284,0.007875344546323902,0.9385160600776284,0.7396038511841919,0.5545311300643722,0.05648641249949975,0.1737917776272041,unsw_nb15_v2,rf_5class_cw,stable
R2L,DoS,random,272,0.010048394842809118,24616,0.43014705882352944,0.8165059662344379,0.024733966565339622,0.0,0.00898855866631739,True,0.739698397440948,0.5546492867479209,0.05479534907004783,0.7357297297297297,0.022499388603570557,0.6472561706206567,0.9385160600776284,0.5758293838862559,0.17388632388396022,0.04218934578387804,0.0015188164482196095,0.009900433143950048,0.9385160600776284,0.007875344546323902,0.9385160600776284,0.7396038511841919,0.5545311300643722,0.05648641249949975,0.1737917776272041,unsw_nb15_v2,rf_5class_cw,stable
R2L,DoS,random,544,0.020096789685618236,24616,0.4430147058823529,0.8165429088625364,0.03340033720346039,3.6942628098501906e-05,0.01765492930443816,False,0.7389577850963583,0.5540247849723923,0.059727765361339114,0.7343243243243244,0.022743947175348497,0.6546848789839445,0.9369972436294088,0.5758293838862559,0.172089945005594,0.04218934578387804,0.0015188164482196095,0.011419249592169658,0.9369972436294088,0.007875344546323902,0.9385160600776284,0.7396038511841919,0.5545311300643722,0.05648641249949975,0.1737917776272041,unsw_nb15_v2,rf_5class_cw,stable
R2L,DoS,random,1360,0.05024197421404559,24616,0.4360294117647059,0.8162104252096494,0.05872511717184951,-0.00029554102478857036,0.04297970927282728,False,0.7405335560422937,0.554201526458695,0.07832679312648973,0.7378108108108108,0.023233064318904376,0.6462976276060388,0.9372785059346347,0.5734597156398105,0.17554088337719229,0.0434268999268718,0.0015188164482196095,0.009900433143950048,0.9372785059346347,0.007875344546323902,0.9385160600776284,0.7396038511841919,0.5545311300643722,0.05648641249949975,0.1737917776272041,unsw_nb15_v2,rf_5class_cw,stable
R2L,DoS,random,2707,0.10000369426280986,24616,0.4347986701145179,0.8160995973253538,0.10176218447644493,-0.0004063689090841871,0.0860167765774227,False,0.7390050582247365,0.5552087054055012,0.10098634294760203,0.734081081081081,0.024455857177794083,0.6532470644620177,0.937728525622996,0.5710900473933649,0.17202691416775656,0.04145806379029082,0.0015750689092647804,0.011419249592169658,0.937728525622996,0.007819092085278732,0.9385160600776284,0.7396038511841919,0.5545311300643722,0.05648641249949975,0.1737917776272041,unsw_nb15_v2,rf_5class_cw,stable
R2L,DoS,highest_pt,136,0.005024197421404559,24616,1.0,0.8165059662344379,0.02032384927137365,0.0,0.00457844137235142,True,0.7396038511841919,0.5545311300643722,0.05402676916363779,0.7355945945945946,0.022499388603570557,0.6470165348670022,0.9385160600776284,0.5758293838862559,0.1737917776272041,0.04218934578387804,0.0015188164482196095,0.009900433143950048,0.9385160600776284,0.007875344546323902,0.9385160600776284,0.7396038511841919,0.5545311300643722,0.05648641249949975,0.1737917776272041,unsw_nb15_v2,rf_5class_cw,stable
R2L,DoS,highest_pt,136,0.005024197421404559,24616,1.0,0.8165059662344379,0.02032384927137365,0.0,0.00457844137235142,True,0.7396038511841919,0.5545311300643722,0.05402676916363779,0.7355945945945946,0.022499388603570557,0.6470165348670022,0.9385160600776284,0.5758293838862559,0.1737917776272041,0.04218934578387804,0.0015188164482196095,0.009900433143950048,0.9385160600776284,0.007875344546323902,0.9385160600776284,0.7396038511841919,0.5545311300643722,0.05648641249949975,0.1737917776272041,unsw_nb15_v2,rf_5class_cw,stable
R2L,DoS,highest_pt,136,0.005024197421404559,24616,1.0,0.8165059662344379,0.02032384927137365,0.0,0.00457844137235142,True,0.7396038511841919,0.5545311300643722,0.05402676916363779,0.7355945945945946,0.022499388603570557,0.6470165348670022,0.9385160600776284,0.5758293838862559,0.1737917776272041,0.04218934578387804,0.0015188164482196095,0.009900433143950048,0.9385160600776284,0.007875344546323902,0.9385160600776284,0.7396038511841919,0.5545311300643722,0.05648641249949975,0.1737917776272041,unsw_nb15_v2,rf_5class_cw,stable
R2L,DoS,highest_pt,272,0.010048394842809118,24616,1.0,0.8165059662344379,0.02505469757878563,0.0,0.0093092896797634,True,0.7396038511841919,0.5545311300643722,0.057052934850367096,0.7355945945945946,0.022499388603570557,0.6470165348670022,0.9385160600776284,0.5758293838862559,0.1737917776272041,0.04218934578387804,0.0015188164482196095,0.009900433143950048,0.9385160600776284,0.007875344546323902,0.9385160600776284,0.7396038511841919,0.5545311300643722,0.05648641249949975,0.1737917776272041,unsw_nb15_v2,rf_5class_cw,stable
R2L,DoS,highest_pt,544,0.020096789685618236,24616,1.0,0.8165059662344379,0.03302064560478902,0.0,0.017275237705766788,False,0.7396038511841919,0.5545311300643722,0.06907535087603751,0.7355945945945946,0.022499388603570557,0.6470165348670022,0.9385160600776284,0.5758293838862559,0.1737917776272041,0.04218934578387804,0.0015188164482196095,0.009900433143950048,0.9385160600776284,0.007875344546323902,0.9385160600776284,0.7396038511841919,0.5545311300643722,0.05648641249949975,0.1737917776272041,unsw_nb15_v2,rf_5class_cw,stable
R2L,DoS,highest_pt,1360,0.05024197421404559,24616,0.9970588235294118,0.8165059662344379,0.06101121591105483,0.0,0.0452658080120326,False,0.7396038511841919,0.5545311300643722,0.06189956176552276,0.7355945945945946,0.022499388603570557,0.6470165348670022,0.9385160600776284,0.5758293838862559,0.1737917776272041,0.04218934578387804,0.0015188164482196095,0.009900433143950048,0.9385160600776284,0.007875344546323902,0.9385160600776284,0.7396038511841919,0.5545311300643722,0.05648641249949975,0.1737917776272041,unsw_nb15_v2,rf_5class_cw,stable
R2L,DoS,highest_pt,2707,0.10000369426280986,24616,0.9796823051348356,0.815988769441058,0.10997607857484476,-0.0005171967933799149,0.09423067067582253,False,0.7445517719544287,0.5563333047732538,0.06251302599542195,0.7466216216216216,0.023233064318904376,0.6470165348670022,0.9331720762783372,0.5710900473933649,0.18179669403255544,0.04753332958316926,0.0015188164482196095,0.009900433143950048,0.9331720762783372,0.007875344546323902,0.9385160600776284,0.7396038511841919,0.5545311300643722,0.05648641249949975,0.1737917776272041,unsw_nb15_v2,rf_5class_cw,stable
DoS,R2L,block_greedy,136,0.005024197421404559,16404,0.9558823529411765,0.8220104178211238,0.013228371548344883,-0.0017363035206324762,-0.0005470998190007879,True,0.7318037850018121,0.5589298810896517,0.07938308084307756,0.7201621621621621,0.03032526290046466,0.6726575605080278,0.9298531810766721,0.7914691943127962,0.16914325333669497,0.0007336757153338225,0.03032526290046466,0.020542920029347028,0.938126681340181,0.010271460014673514,0.09562240156517486,0.7304486219883077,0.5737825680092785,0.08567982962150626,0.15622193158002554,unsw_nb15_v2,xgb_5class_cw,fragile
DoS,R2L,block_greedy,136,0.005024197421404559,16404,0.9558823529411765,0.8220104178211238,0.013228371548344883,-0.0017363035206324762,-0.0005470998190007879,True,0.7318037850018121,0.5589298810896517,0.07938308084307756,0.7201621621621621,0.03032526290046466,0.6726575605080278,0.9298531810766721,0.7914691943127962,0.16914325333669497,0.0007336757153338225,0.03032526290046466,0.020542920029347028,0.938126681340181,0.010271460014673514,0.09562240156517486,0.7304486219883077,0.5737825680092785,0.08567982962150626,0.15622193158002554,unsw_nb15_v2,xgb_5class_cw,fragile
DoS,R2L,block_greedy,136,0.005024197421404559,16404,0.9558823529411765,0.8220104178211238,0.013228371548344883,-0.0017363035206324762,-0.0005470998190007879,True,0.7318037850018121,0.5589298810896517,0.07938308084307756,0.7201621621621621,0.03032526290046466,0.6726575605080278,0.9298531810766721,0.7914691943127962,0.16914325333669497,0.0007336757153338225,0.03032526290046466,0.020542920029347028,0.938126681340181,0.010271460014673514,0.09562240156517486,0.7304486219883077,0.5737825680092785,0.08567982962150626,0.15622193158002554,unsw_nb15_v2,xgb_5class_cw,fragile
DoS,R2L,block_greedy,272,0.010048394842809118,16404,0.7463235294117647,0.821825704680631,0.008679523714036762,-0.0019210166611253188,-0.005095947653308909,True,0.7307165030491167,0.5578848626227323,0.08095269612860774,0.7174324324324325,0.02763511861090731,0.6697819314641744,0.9330033188952017,0.7890995260663507,0.17248388774207782,0.0007336757153338225,0.02763511861090731,0.014673514306676448,0.946441672780631,0.010516018586451455,0.09562240156517486,0.7304486219883077,0.5737825680092785,0.08567982962150626,0.15622193158002554,unsw_nb15_v2,xgb_5class_cw,fragile
DoS,R2L,block_greedy,544,0.020096789685618236,16404,0.6819852941176471,0.8213454505153497,0.006268629026794249,-0.0024012708264066207,-0.007506842340551422,True,0.7313152960085721,0.5597114458611699,0.08795507364098808,0.717027027027027,0.02763511861090731,0.6592379583033788,0.9384598076165832,0.7890995260663507,0.176108160917729,0.0007336757153338225,0.02763511861090731,0.003912937148447053,0.9572022499388604,0.010516018586451455,0.09562240156517486,0.7304486219883077,0.5737825680092785,0.08567982962150626,0.15622193158002554,unsw_nb15_v2,xgb_5class_cw,fragile
DoS,R2L,block_greedy,1360,0.05024197421404559,16404,0.7029411764705882,0.8178728434740847,0.04445651550288264,-0.005873877867671573,0.030681044135536968,False,0.7142969697924709,0.5451892937923393,0.1143348172947351,0.6846486486486486,0.008314991440449988,0.6599568655643422,0.9493727850593463,0.7890995260663507,0.1990041127621689,0.0007336757153338225,0.008314991440449988,0.00586940572267058,0.9738322328197603,0.011249694301785278,0.09562240156517486,0.7304486219883077,0.5737825680092785,0.08567982962150626,0.15622193158002554,unsw_nb15_v2,xgb_5class_cw,fragile
DoS,R2L,block_greedy,2707,0.10000369426280986,16404,0.7672700406353897,0.8054601204329676,0.10405292700128024,-0.018286600908788753,0.09027745563393458,False,0.6820409385291754,0.5291988707331476,0.18598094638107143,0.6228108108108108,0.0,0.6599568655643422,0.9648422118467683,0.7890995260663507,0.24000567277540535,0.0007336757153338225,0.0,0.00586940572267058,0.9821472242602103,0.011249694301785278,0.09562240156517486,0.7304486219883077,0.5737825680092785,0.08567982962150626,0.15622193158002554,unsw_nb15_v2,xgb_5class_cw,fragile
DoS,R2L,block_greedy_stealth,55,0.002031844545420961,1086,0.9090909090909091,0.8237097787136577,0.011487364749582748,-3.694262809861293e-05,-0.0022881066177629222,True,0.7301964986369581,0.573122026433954,0.08898537593586708,0.7204594594594594,0.09513328442161897,0.6728971962616822,0.9083084884963717,0.8009478672985783,0.15671042057326548,0.0007336757153338225,0.09513328442161897,0.020542920029347028,0.871606749816581,0.0119833700171191,0.09562240156517486,0.7304486219883077,0.5737825680092785,0.08567982962150626,0.15622193158002554,unsw_nb15_v2,xgb_5class_cw,fragile
DoS,R2L,block_greedy_stealth,55,0.002031844545420961,1086,0.9090909090909091,0.8237097787136577,0.011487364749582748,-3.694262809861293e-05,-0.0022881066177629222,True,0.7301964986369581,0.573122026433954,0.08898537593586708,0.7204594594594594,0.09513328442161897,0.6728971962616822,0.9083084884963717,0.8009478672985783,0.15671042057326548,0.0007336757153338225,0.09513328442161897,0.020542920029347028,0.871606749816581,0.0119833700171191,0.09562240156517486,0.7304486219883077,0.5737825680092785,0.08567982962150626,0.15622193158002554,unsw_nb15_v2,xgb_5class_cw,fragile
DoS,R2L,block_greedy_stealth,165,0.006095533636262884,1086,0.8121212121212121,0.8232664671764749,0.013024160450098273,-0.00048025416528141296,-0.0007513109172473977,True,0.7255794897653677,0.5713299612285203,0.09469680506198139,0.7111351351351352,0.09513328442161897,0.6728971962616822,0.9112336164707205,0.8009478672985783,0.1629662312286286,0.0007336757153338225,0.09513328442161897,0.020542920029347028,0.871606749816581,0.0119833700171191,0.09562240156517486,0.7304486219883077,0.5737825680092785,0.08567982962150626,0.15622193158002554,unsw_nb15_v2,xgb_5class_cw,fragile
DoS,R2L,block_greedy_stealth,275,0.010159222727104806,1086,0.6945454545454546,0.8233034098045735,0.015770086560914356,-0.00044331153718280003,0.0019946151935686853,True,0.7255952474748271,0.5715607865157057,0.10406044681489646,0.7111621621621622,0.09513328442161897,0.6728971962616822,0.9112336164707205,0.8009478672985783,0.16301350435700668,0.0007336757153338225,0.09513328442161897,0.020542920029347028,0.871606749816581,0.0119833700171191,0.09562240156517486,0.7304486219883077,0.5737825680092785,0.08567982962150626,0.15622193158002554,unsw_nb15_v2,xgb_5class_cw,fragile
DoS,R2L,block_greedy_stealth,550,0.020318445454209612,1086,0.4109090909090909,0.8231186966640807,0.022527105096063014,-0.0006280246776756426,0.008751633728717343,True,0.7243661461369976,0.5705792873660329,0.12359519034381307,0.709027027027027,0.09513328442161897,0.6728971962616822,0.9112898689317658,0.8009478672985783,0.16243046910701062,0.0007336757153338225,0.09513328442161897,0.02078747860112497,0.871606749816581,0.01173881144534116,0.09562240156517486,0.7304486219883077,0.5737825680092785,0.08567982962150626,0.15622193158002554,unsw_nb15_v2,xgb_5class_cw,fragile
DoS,R2L,block_greedy_stealth,1086,0.040119694115039344,1086,0.21086556169429096,0.8222690162178138,0.04324025401553395,-0.0014777051239425187,0.029464782648188276,False,0.7202691416775657,0.5674333978556529,0.16001441774312297,0.7018108108108108,0.09513328442161897,0.6728971962616822,0.911683636159082,0.8009478672985783,0.16307653519484408,0.0004891171435558817,0.09513328442161897,0.02078747860112497,0.871851308388359,0.01173881144534116,0.09562240156517486,0.7304486219883077,0.5737825680092785,0.08567982962150626,0.15622193158002554,unsw_nb15_v2,xgb_5class_cw,fragile
DoS,R2L,random,136,0.005024197421404559,16404,0.1323529411764706,0.8236358934574606,0.016225816412109493,-0.00011082788429572776,0.0024503450447638225,True,0.7292037629410189,0.5732439556196924,0.08230345552513128,0.7182972972972973,0.09537784299339692,0.6728971962616822,0.9092085278730945,0.8009478672985783,0.158207402971904,0.0007336757153338225,0.09537784299339692,0.020542920029347028,0.871851308388359,0.011494252873563218,0.09562240156517486,0.7304486219883077,0.5737825680092785,0.08567982962150626,0.15622193158002554,unsw_nb15_v2,xgb_5class_cw,fragile
DoS,R2L,random,136,0.005024197421404559,16404,0.1323529411764706,0.8236358934574606,0.016225816412109493,-0.00011082788429572776,0.0024503450447638225,True,0.7292037629410189,0.5732439556196924,0.08230345552513128,0.7182972972972973,0.09537784299339692,0.6728971962616822,0.9092085278730945,0.8009478672985783,0.158207402971904,0.0007336757153338225,0.09537784299339692,0.020542920029347028,0.871851308388359,0.011494252873563218,0.09562240156517486,0.7304486219883077,0.5737825680092785,0.08567982962150626,0.15622193158002554,unsw_nb15_v2,xgb_5class_cw,fragile
DoS,R2L,random,136,0.005024197421404559,16404,0.1323529411764706,0.8236358934574606,0.016225816412109493,-0.00011082788429572776,0.0024503450447638225,True,0.7292037629410189,0.5732439556196924,0.08230345552513128,0.7182972972972973,0.09537784299339692,0.6728971962616822,0.9092085278730945,0.8009478672985783,0.158207402971904,0.0007336757153338225,0.09537784299339692,0.020542920029347028,0.871851308388359,0.011494252873563218,0.09562240156517486,0.7304486219883077,0.5737825680092785,0.08567982962150626,0.15622193158002554,unsw_nb15_v2,xgb_5class_cw,fragile
DoS,R2L,random,272,0.010048394842809118,16404,0.15073529411764705,0.8235620082012635,0.018279295289690595,-0.0001847131404928426,0.004503823922344925,True,0.7290934589748034,0.5722578286290683,0.08225377410922574,0.7182972972972973,0.08999755441428223,0.6728971962616822,0.910052314788772,0.8009478672985783,0.1588534690597375,0.0007336757153338225,0.08999755441428223,0.020542920029347028,0.8774761555392516,0.011249694301785278,0.09562240156517486,0.7304486219883077,0.5737825680092785,0.08567982962150626,0.15622193158002554,unsw_nb15_v2,xgb_5class_cw,fragile
DoS,R2L,random,544,0.020096789685618236,16404,0.15073529411764705,0.8233034098045735,0.022342042277917515,-0.00044331153718280003,0.008566570910571844,True,0.732560155055861,0.5730038887793645,0.08300075481481481,0.7177027027027028,0.07630227439471754,0.6700215672178289,0.9276593350959105,0.7938388625592417,0.16651171585698302,0.0007336757153338225,0.07630227439471754,0.020298361457569088,0.8921496698459281,0.010516018586451455,0.09562240156517486,0.7304486219883077,0.5737825680092785,0.08567982962150626,0.15622193158002554,unsw_nb15_v2,xgb_5class_cw,fragile
DoS,R2L,random,1360,0.05024197421404559,16404,0.15588235294117647,0.8224906719864051,0.03486931956813181,-0.0012560493553511742,0.021093848200786136,False,0.7260679787586076,0.5719209076436889,0.09681902841179803,0.7026486486486486,0.0731230129616043,0.6592379583033788,0.9391348371491253,0.7914691943127962,0.18044153101905108,0.0007336757153338225,0.0731230129616043,0.003912937148447053,0.9119589141599413,0.010271460014673514,0.09562240156517486,0.7304486219883077,0.5737825680092785,0.08567982962150626,0.15622193158002554,unsw_nb15_v2,xgb_5class_cw,fragile
DoS,R2L,random,2707,0.10000369426280986,16404,0.14702622829700776,0.8178359008459862,0.07731156279165845,-0.005910820495770075,0.06353609142431278,False,0.7082460093600794,0.5660191448211194,0.12271477034226129,0.6669459459459459,0.06700904866715579,0.6554037862449077,0.9522979130336953,0.7843601895734598,0.20782843005940657,0.0004891171435558817,0.06700904866715579,0.003668378576669112,0.9202739056003912,0.008559550012227928,0.09562240156517486,0.7304486219883077,0.5737825680092785,0.08567982962150626,0.15622193158002554,unsw_nb15_v2,xgb_5class_cw,fragile
DoS,R2L,highest_pt,136,0.005024197421404559,16404,0.9338235294117647,0.8218995899368281,0.013029102946169848,-0.001847131404928204,-0.0007463684211758224,True,0.7315043885220844,0.5586204004086441,0.0794555575923984,0.7195405405405405,0.03032526290046466,0.6726575605080278,0.9300781909208528,0.7914691943127962,0.16939537668804464,0.0007336757153338225,0.03032526290046466,0.020542920029347028,0.938126681340181,0.010271460014673514,0.09562240156517486,0.7304486219883077,0.5737825680092785,0.08567982962150626,0.15622193158002554,unsw_nb15_v2,xgb_5class_cw,fragile
DoS,R2L,highest_pt,136,0.005024197421404559,16404,0.9338235294117647,0.8218995899368281,0.013029102946169848,-0.001847131404928204,-0.0007463684211758224,True,0.7315043885220844,0.5586204004086441,0.0794555575923984,0.7195405405405405,0.03032526290046466,0.6726575605080278,0.9300781909208528,0.7914691943127962,0.16939537668804464,0.0007336757153338225,0.03032526290046466,0.020542920029347028,0.938126681340181,0.010271460014673514,0.09562240156517486,0.7304486219883077,0.5737825680092785,0.08567982962150626,0.15622193158002554,unsw_nb15_v2,xgb_5class_cw,fragile
DoS,R2L,highest_pt,136,0.005024197421404559,16404,0.9338235294117647,0.8218995899368281,0.013029102946169848,-0.001847131404928204,-0.0007463684211758224,True,0.7315043885220844,0.5586204004086441,0.0794555575923984,0.7195405405405405,0.03032526290046466,0.6726575605080278,0.9300781909208528,0.7914691943127962,0.16939537668804464,0.0007336757153338225,0.03032526290046466,0.020542920029347028,0.938126681340181,0.010271460014673514,0.09562240156517486,0.7304486219883077,0.5737825680092785,0.08567982962150626,0.15622193158002554,unsw_nb15_v2,xgb_5class_cw,fragile
DoS,R2L,highest_pt,272,0.010048394842809118,16404,0.75,0.821825704680631,0.008521961107032629,-0.0019210166611253188,-0.005253510260313041,True,0.7307322607585761,0.5581770742700221,0.08133083804517804,0.7174324324324325,0.027879677182685254,0.6697819314641744,0.9329470664341565,0.7914691943127962,0.17237358377586234,0.0007336757153338225,0.027879677182685254,0.014673514306676448,0.946441672780631,0.010271460014673514,0.09562240156517486,0.7304486219883077,0.5737825680092785,0.08567982962150626,0.15622193158002554,unsw_nb15_v2,xgb_5class_cw,fragile
DoS,R2L,highest_pt,544,0.020096789685618236,16404,0.6838235294117647,0.8214193357715468,0.006177637791322268,-0.002327385570209506,-0.007597833576023403,True,0.7313310537180315,0.559542583850856,0.08872604285651478,0.717027027027027,0.027879677182685254,0.6592379583033788,0.9384035551555381,0.7914691943127962,0.17554088337719229,0.0007336757153338225,0.027879677182685254,0.003912937148447053,0.9572022499388604,0.010271460014673514,0.09562240156517486,0.7304486219883077,0.5737825680092785,0.08567982962150626,0.15622193158002554,unsw_nb15_v2,xgb_5class_cw,fragile
DoS,R2L,highest_pt,1360,0.05024197421404559,16404,0.7051470588235295,0.8179467287302818,0.0449644781636037,-0.005799992611474458,0.03118900679625803,False,0.7142969697924709,0.5447633311166653,0.1144952160317346,0.6846486486486486,0.008314991440449988,0.6599568655643422,0.9493165325983012,0.7914691943127962,0.19846835064055088,0.0007336757153338225,0.008314991440449988,0.00586940572267058,0.9738322328197603,0.011249694301785278,0.09562240156517486,0.7304486219883077,0.5737825680092785,0.08567982962150626,0.15622193158002554,unsw_nb15_v2,xgb_5class_cw,fragile
DoS,R2L,highest_pt,2707,0.10000369426280986,16404,0.7694865164388622,0.8055340056891648,0.10447518764380723,-0.018212715652591527,0.09069971627646156,False,0.6820409385291754,0.5287002063355828,0.18662336519472922,0.6228108108108108,0.0,0.6599568655643422,0.9648422118467683,0.7890995260663507,0.23951718378216544,0.0007336757153338225,0.0,0.00586940572267058,0.9821472242602103,0.011249694301785278,0.09562240156517486,0.7304486219883077,0.5737825680092785,0.08567982962150626,0.15622193158002554,unsw_nb15_v2,xgb_5class_cw,fragile
R2L,DoS,block_greedy,136,0.005024197421404559,24616,0.9926470588235294,0.823598950829362,0.01788185128762472,-0.0001477705123943407,0.004106379920279049,True,0.7304171065693891,0.5756017784375305,0.08481411268441987,0.721027027027027,0.10271460014673514,0.6728971962616822,0.9061708949766553,0.8009478672985783,0.15518192275570822,0.036901614445631996,0.023682286100016877,0.013556843111886145,0.9061708949766553,0.019688361365809755,0.9079147212690555,0.7304486219883077,0.5737825680092785,0.08567982962150626,0.15622193158002554,unsw_nb15_v2,xgb_5class_cw,stable
R2L,DoS,block_greedy,136,0.005024197421404559,24616,0.9926470588235294,0.823598950829362,0.01788185128762472,-0.0001477705123943407,0.004106379920279049,True,0.7304171065693891,0.5756017784375305,0.08481411268441987,0.721027027027027,0.10271460014673514,0.6728971962616822,0.9061708949766553,0.8009478672985783,0.15518192275570822,0.036901614445631996,0.023682286100016877,0.013556843111886145,0.9061708949766553,0.019688361365809755,0.9079147212690555,0.7304486219883077,0.5737825680092785,0.08567982962150626,0.15622193158002554,unsw_nb15_v2,xgb_5class_cw,stable
R2L,DoS,block_greedy,136,0.005024197421404559,24616,0.9926470588235294,0.823598950829362,0.01788185128762472,-0.0001477705123943407,0.004106379920279049,True,0.7304171065693891,0.5756017784375305,0.08481411268441987,0.721027027027027,0.10271460014673514,0.6728971962616822,0.9061708949766553,0.8009478672985783,0.15518192275570822,0.036901614445631996,0.023682286100016877,0.013556843111886145,0.9061708949766553,0.019688361365809755,0.9079147212690555,0.7304486219883077,0.5737825680092785,0.08567982962150626,0.15622193158002554,unsw_nb15_v2,xgb_5class_cw,stable
R2L,DoS,block_greedy,272,0.010048394842809118,24616,0.9926470588235294,0.823598950829362,0.021745655522148348,-0.0001477705123943407,0.007970184154802678,True,0.7304171065693891,0.5756017784375305,0.08247733353076796,0.721027027027027,0.10271460014673514,0.6728971962616822,0.9061708949766553,0.8009478672985783,0.15518192275570822,0.036901614445631996,0.023682286100016877,0.013556843111886145,0.9061708949766553,0.019688361365809755,0.9079147212690555,0.7304486219883077,0.5737825680092785,0.08567982962150626,0.15622193158002554,unsw_nb15_v2,xgb_5class_cw,stable
R2L,DoS,block_greedy,544,0.020096789685618236,24616,0.9944852941176471,0.823598950829362,0.03035992950126438,-0.0001477705123943407,0.016584458133918713,False,0.7304171065693891,0.5756017784375305,0.0772545261759043,0.721027027027027,0.10271460014673514,0.6728971962616822,0.9061708949766553,0.8009478672985783,0.15518192275570822,0.036901614445631996,0.023682286100016877,0.013556843111886145,0.9061708949766553,0.019688361365809755,0.9079147212690555,0.7304486219883077,0.5737825680092785,0.08567982962150626,0.15622193158002554,unsw_nb15_v2,xgb_5class_cw,stable
R2L,DoS,block_greedy,1360,0.05024197421404559,24616,0.9926470588235294,0.823598950829362,0.05809888094809342,-0.0001477705123943407,0.04432340958074775,False,0.7304171065693891,0.5756017784375305,0.05756507261443159,0.721027027027027,0.10271460014673514,0.6728971962616822,0.9061708949766553,0.8009478672985783,0.15518192275570822,0.036901614445631996,0.023682286100016877,0.013556843111886145,0.9061708949766553,0.019688361365809755,0.9079147212690555,0.7304486219883077,0.5737825680092785,0.08567982962150626,0.15622193158002554,unsw_nb15_v2,xgb_5class_cw,stable
R2L,DoS,block_greedy,2707,0.10000369426280986,24616,0.9830070188400444,0.8232664671764749,0.1075320180208352,-0.00048025416528141296,0.09375654665348954,False,0.7445360142449694,0.5850877831228927,0.04839584288468987,0.7505135135135135,0.10613842015162632,0.6728971962616822,0.8947516453844856,0.7867298578199052,0.15382675974220386,0.048208359115711315,0.025257355009281657,0.013556843111886145,0.8947516453844856,0.018225797378635316,0.9079147212690555,0.7304486219883077,0.5737825680092785,0.08567982962150626,0.15622193158002554,unsw_nb15_v2,xgb_5class_cw,stable
R2L,DoS,block_greedy_stealth,136,0.005024197421404559,3918,0.9191176470588235,0.8231186966640807,0.017140326612694018,-0.0006280246776756426,0.0033648552453483475,True,0.7373662564409638,0.5785899381210434,0.08291956105241238,0.7350810810810811,0.1036928344338469,0.6731368320153367,0.9014456882488608,0.8009478672985783,0.14593214730306803,0.04162682117342634,0.023682286100016877,0.013556843111886145,0.9014456882488608,0.019688361365809755,0.9079147212690555,0.7304486219883077,0.5737825680092785,0.08567982962150626,0.15622193158002554,unsw_nb15_v2,xgb_5class_cw,stable
R2L,DoS,block_greedy_stealth,136,0.005024197421404559,3918,0.9191176470588235,0.8231186966640807,0.017140326612694018,-0.0006280246776756426,0.0033648552453483475,True,0.7373662564409638,0.5785899381210434,0.08291956105241238,0.7350810810810811,0.1036928344338469,0.6731368320153367,0.9014456882488608,0.8009478672985783,0.14593214730306803,0.04162682117342634,0.023682286100016877,0.013556843111886145,0.9014456882488608,0.019688361365809755,0.9079147212690555,0.7304486219883077,0.5737825680092785,0.08567982962150626,0.15622193158002554,unsw_nb15_v2,xgb_5class_cw,stable
R2L,DoS,block_greedy_stealth,136,0.005024197421404559,3918,0.9191176470588235,0.8231186966640807,0.017140326612694018,-0.0006280246776756426,0.0033648552453483475,True,0.7373662564409638,0.5785899381210434,0.08291956105241238,0.7350810810810811,0.1036928344338469,0.6731368320153367,0.9014456882488608,0.8009478672985783,0.14593214730306803,0.04162682117342634,0.023682286100016877,0.013556843111886145,0.9014456882488608,0.019688361365809755,0.9079147212690555,0.7304486219883077,0.5737825680092785,0.08567982962150626,0.15622193158002554,unsw_nb15_v2,xgb_5class_cw,stable
R2L,DoS,block_greedy_stealth,272,0.010048394842809118,3918,0.8897058823529411,0.8228600982673907,0.020276536356315773,-0.0008866230743656001,0.006501064988970103,True,0.7350341154409795,0.575398177456124,0.07077422859598391,0.7350810810810811,0.10809488872584984,0.6855978912053678,0.8891826517410136,0.8009478672985783,0.13926663620176172,0.04162682117342634,0.02570737469764302,0.023794791022107218,0.8891826517410136,0.019688361365809755,0.9079147212690555,0.7304486219883077,0.5737825680092785,0.08567982962150626,0.15622193158002554,unsw_nb15_v2,xgb_5class_cw,stable
R2L,DoS,block_greedy_stealth,544,0.020096789685618236,3918,0.8584558823529411,0.8231186966640807,0.027194243435905232,-0.0006280246776756426,0.013418772068559561,False,0.7354280581774634,0.5753080080371168,0.08028171315810025,0.7364594594594595,0.10833944729762778,0.6884735202492211,0.886988805760252,0.8009478672985783,0.1373914687760987,0.04190808347865219,0.02570737469764302,0.02570737469764302,0.886988805760252,0.019688361365809755,0.9079147212690555,0.7304486219883077,0.5737825680092785,0.08567982962150626,0.15622193158002554,unsw_nb15_v2,xgb_5class_cw,stable
R2L,DoS,block_greedy_stealth,1360,0.05024197421404559,3918,0.8595588235294118,0.7769773541689756,0.05142067118305654,-0.046769367172780685,0.03764519981571087,False,0.713319991805991,0.6122761957929777,0.10274766020557452,0.7377027027027027,0.6013695280019564,0.7100407380781213,0.68701130674467,0.8009478672985783,0.03734577141866658,0.04269561793328458,0.21150925352984193,0.039095460426393655,0.68701130674467,0.019688361365809755,0.9079147212690555,0.7304486219883077,0.5737825680092785,0.08567982962150626,0.15622193158002554,unsw_nb15_v2,xgb_5class_cw,stable
R2L,DoS,block_greedy_stealth,2707,0.10000369426280986,3918,0.851496121167344,0.7756104769293287,0.0961930902472408,-0.04813624441242759,0.08241761887989514,False,0.7074423661776524,0.5911862156600645,0.13543513190747145,0.739945945945946,0.6192223037417461,0.7232207045291158,0.6519660235135287,0.8933649289099526,0.018956524479601645,0.04353940484896214,0.21921584069303032,0.055408674129493164,0.6519660235135287,0.029870056814985654,0.9079147212690555,0.7304486219883077,0.5737825680092785,0.08567982962150626,0.15622193158002554,unsw_nb15_v2,xgb_5class_cw,stable
R2L,DoS,random,136,0.005024197421404559,24616,0.4411764705882353,0.8235620082012635,0.01826977431971825,-0.0001847131404928426,0.0044943029523725805,True,0.7302122563464175,0.573696521152898,0.0822246791746992,0.7204594594594594,0.09562240156517486,0.6728971962616822,0.9082522360353266,0.8009478672985783,0.15664738973542805,0.03656409967936097,0.02193845980761658,0.013556843111886145,0.9082522360353266,0.019688361365809755,0.9079147212690555,0.7304486219883077,0.5737825680092785,0.08567982962150626,0.15622193158002554,unsw_nb15_v2,xgb_5class_cw,stable
R2L,DoS,random,136,0.005024197421404559,24616,0.4411764705882353,0.8235620082012635,0.01826977431971825,-0.0001847131404928426,0.0044943029523725805,True,0.7302122563464175,0.573696521152898,0.0822246791746992,0.7204594594594594,0.09562240156517486,0.6728971962616822,0.9082522360353266,0.8009478672985783,0.15664738973542805,0.03656409967936097,0.02193845980761658,0.013556843111886145,0.9082522360353266,0.019688361365809755,0.9079147212690555,0.7304486219883077,0.5737825680092785,0.08567982962150626,0.15622193158002554,unsw_nb15_v2,xgb_5class_cw,stable
R2L,DoS,random,136,0.005024197421404559,24616,0.4411764705882353,0.8235620082012635,0.01826977431971825,-0.0001847131404928426,0.0044943029523725805,True,0.7302122563464175,0.573696521152898,0.0822246791746992,0.7204594594594594,0.09562240156517486,0.6728971962616822,0.9082522360353266,0.8009478672985783,0.15664738973542805,0.03656409967936097,0.02193845980761658,0.013556843111886145,0.9082522360353266,0.019688361365809755,0.9079147212690555,0.7304486219883077,0.5737825680092785,0.08567982962150626,0.15622193158002554,unsw_nb15_v2,xgb_5class_cw,stable
R2L,DoS,random,272,0.010048394842809118,24616,0.43014705882352944,0.8236358934574606,0.022425109703278948,-0.00011082788429572776,0.008649638335933277,True,0.7285734545626448,0.5733320738833436,0.07524128003255105,0.7168108108108108,0.09562240156517486,0.6728971962616822,0.9099960623277268,0.8009478672985783,0.1597201430800019,0.03493277830905102,0.02193845980761658,0.013444338189795804,0.9099960623277268,0.019688361365809755,0.9079147212690555,0.7304486219883077,0.5737825680092785,0.08567982962150626,0.15622193158002554,unsw_nb15_v2,xgb_5class_cw,stable
R2L,DoS,random,544,0.020096789685618236,24616,0.4430147058823529,0.8237836639698548,0.031711969963857216,3.6942628098501906e-05,0.017936498596511544,False,0.7296134633869621,0.573790460228868,0.07479205460568047,0.7190540540540541,0.09562240156517486,0.6738557392763,0.9088147606457783,0.8009478672985783,0.1580025527489324,0.03600157506890927,0.02193845980761658,0.013556843111886145,0.9088147606457783,0.019688361365809755,0.9079147212690555,0.7304486219883077,0.5737825680092785,0.08567982962150626,0.15622193158002554,unsw_nb15_v2,xgb_5class_cw,stable
R2L,DoS,random,1360,0.05024197421404559,24616,0.4360294117647059,0.8236728360855591,0.0581518202129759,-7.388525619722586e-05,0.04437634884563023,False,0.7281795118261609,0.574153912883037,0.08739896061146975,0.7161621621621621,0.09635607728050868,0.6728971962616822,0.9097710524835462,0.8009478672985783,0.16014560123540442,0.0351577881532317,0.02193845980761658,0.013500590650840975,0.9097710524835462,0.019632108904764585,0.9079147212690555,0.7304486219883077,0.5737825680092785,0.08567982962150626,0.15622193158002554,unsw_nb15_v2,xgb_5class_cw,stable
R2L,DoS,random,2707,0.10000369426280986,24616,0.4347986701145179,0.8181683844988733,0.09557409300138557,-0.005578336842883003,0.0817986216340399,False,0.7194812562045981,0.5773426154863757,0.08475978216781757,0.7106486486486486,0.1359745659085351,0.6738557392763,0.8809697924284188,0.7962085308056872,0.1506279447219552,0.03347021432187658,0.05231478877200878,0.013725600495021657,0.8809697924284188,0.01951960398267424,0.9079147212690555,0.7304486219883077,0.5737825680092785,0.08567982962150626,0.15622193158002554,unsw_nb15_v2,xgb_5class_cw,stable
R2L,DoS,highest_pt,136,0.005024197421404559,24616,1.0,0.8237467213417563,0.017894591542795758,0.0,0.004119120175450087,True,0.7304486219883077,0.5737825680092785,0.08654314580011395,0.721027027027027,0.09562240156517486,0.6728971962616822,0.9079147212690555,0.8009478672985783,0.15622193158002554,0.036901614445631996,0.02193845980761658,0.013556843111886145,0.9079147212690555,0.019688361365809755,0.9079147212690555,0.7304486219883077,0.5737825680092785,0.08567982962150626,0.15622193158002554,unsw_nb15_v2,xgb_5class_cw,stable
R2L,DoS,highest_pt,136,0.005024197421404559,24616,1.0,0.8237467213417563,0.017894591542795758,0.0,0.004119120175450087,True,0.7304486219883077,0.5737825680092785,0.08654314580011395,0.721027027027027,0.09562240156517486,0.6728971962616822,0.9079147212690555,0.8009478672985783,0.15622193158002554,0.036901614445631996,0.02193845980761658,0.013556843111886145,0.9079147212690555,0.019688361365809755,0.9079147212690555,0.7304486219883077,0.5737825680092785,0.08567982962150626,0.15622193158002554,unsw_nb15_v2,xgb_5class_cw,stable
R2L,DoS,highest_pt,136,0.005024197421404559,24616,1.0,0.8237467213417563,0.017894591542795758,0.0,0.004119120175450087,True,0.7304486219883077,0.5737825680092785,0.08654314580011395,0.721027027027027,0.09562240156517486,0.6728971962616822,0.9079147212690555,0.8009478672985783,0.15622193158002554,0.036901614445631996,0.02193845980761658,0.013556843111886145,0.9079147212690555,0.019688361365809755,0.9079147212690555,0.7304486219883077,0.5737825680092785,0.08567982962150626,0.15622193158002554,unsw_nb15_v2,xgb_5class_cw,stable
R2L,DoS,highest_pt,272,0.010048394842809118,24616,0.9963235294117647,0.8237467213417563,0.021989481354863838,0.0,0.008214009987518167,True,0.7304486219883077,0.5737825680092785,0.08375444447733835,0.721027027027027,0.09562240156517486,0.6728971962616822,0.9079147212690555,0.8009478672985783,0.15622193158002554,0.036901614445631996,0.02193845980761658,0.013556843111886145,0.9079147212690555,0.019688361365809755,0.9079147212690555,0.7304486219883077,0.5737825680092785,0.08567982962150626,0.15622193158002554,unsw_nb15_v2,xgb_5class_cw,stable
R2L,DoS,highest_pt,544,0.020096789685618236,24616,0.9963235294117647,0.8237467213417563,0.030636848520937107,0.0,0.016861377153591435,False,0.7304486219883077,0.5737825680092785,0.0771568306603748,0.721027027027027,0.09562240156517486,0.6728971962616822,0.9079147212690555,0.8009478672985783,0.15622193158002554,0.036901614445631996,0.02193845980761658,0.013556843111886145,0.9079147212690555,0.019688361365809755,0.9079147212690555,0.7304486219883077,0.5737825680092785,0.08567982962150626,0.15622193158002554,unsw_nb15_v2,xgb_5class_cw,stable
R2L,DoS,highest_pt,1360,0.05024197421404559,24616,0.9933823529411765,0.8237467213417563,0.05835674051776691,0.0,0.04458126915042124,False,0.7304486219883077,0.5737825680092785,0.05748429375377363,0.721027027027027,0.09562240156517486,0.6728971962616822,0.9079147212690555,0.8009478672985783,0.15622193158002554,0.036901614445631996,0.02193845980761658,0.013556843111886145,0.9079147212690555,0.019688361365809755,0.9079147212690555,0.7304486219883077,0.5737825680092785,0.08567982962150626,0.15622193158002554,unsw_nb15_v2,xgb_5class_cw,stable
R2L,DoS,highest_pt,2707,0.10000369426280986,24616,0.9833764314739564,0.8234142376888692,0.10778792785870121,-0.00033248365288707227,0.09401245649135555,False,0.7445675296638881,0.5833028695812095,0.04857550037439489,0.7505135135135135,0.09904622157006603,0.6728971962616822,0.8964954716768858,0.7867298578199052,0.15486676856652118,0.048208359115711315,0.023513528716881362,0.013556843111886145,0.8964954716768858,0.018225797378635316,0.9079147212690555,0.7304486219883077,0.5737825680092785,0.08567982962150626,0.15622193158002554,unsw_nb15_v2,xgb_5class_cw,stable
DoS,R2L,block_greedy,136,0.005024197421404559,16404,0.7794117647058824,0.7781225756400311,0.019709143813115813,-0.001810188776829591,0.0035280175536949523,True,0.6564819337861049,0.46460882912150564,0.11805934894463128,0.5948648648648649,0.0004891171435558817,0.67169901749341,0.9342971254992406,0.5616113744075829,0.2665101400860371,0.00024455857177794083,0.0004891171435558817,0.008314991440449988,0.9733431156762045,0.01760821716801174,0.019320127170457325,0.6639668457792975,0.4746129007276367,0.10797272135876683,0.2541718535793637,unsw_nb15_v2,dnn_5class_cw,fragile
DoS,R2L,block_greedy,136,0.005024197421404559,16404,0.7794117647058824,0.7781225756400311,0.019709143813115813,-0.001810188776829591,0.0035280175536949523,True,0.6564819337861049,0.46460882912150564,0.11805934894463128,0.5948648648648649,0.0004891171435558817,0.67169901749341,0.9342971254992406,0.5616113744075829,0.2665101400860371,0.00024455857177794083,0.0004891171435558817,0.008314991440449988,0.9733431156762045,0.01760821716801174,0.019320127170457325,0.6639668457792975,0.4746129007276367,0.10797272135876683,0.2541718535793637,unsw_nb15_v2,dnn_5class_cw,fragile
DoS,R2L,block_greedy,136,0.005024197421404559,16404,0.7794117647058824,0.7781225756400311,0.019709143813115813,-0.001810188776829591,0.0035280175536949523,True,0.6564819337861049,0.46460882912150564,0.11805934894463128,0.5948648648648649,0.0004891171435558817,0.67169901749341,0.9342971254992406,0.5616113744075829,0.2665101400860371,0.00024455857177794083,0.0004891171435558817,0.008314991440449988,0.9733431156762045,0.01760821716801174,0.019320127170457325,0.6639668457792975,0.4746129007276367,0.10797272135876683,0.2541718535793637,unsw_nb15_v2,dnn_5class_cw,fragile
DoS,R2L,block_greedy,272,0.010048394842809118,16404,0.7169117647058824,0.778048690383834,0.020735541523033068,-0.0018840740330267058,0.004554415263612208,True,0.6573170923874505,0.4667818444010242,0.12062397805063182,0.5948108108108108,0.0004891171435558817,0.6693026599568656,0.9384598076165832,0.5402843601895735,0.26863743086304975,0.00024455857177794083,0.0004891171435558817,0.008070432868672046,0.9740767913915382,0.017119100024455856,0.019320127170457325,0.6639668457792975,0.4746129007276367,0.10797272135876683,0.2541718535793637,unsw_nb15_v2,dnn_5class_cw,fragile
DoS,R2L,block_greedy,544,0.020096789685618236,16404,0.7132352941176471,0.7778270346152425,0.030112286591268748,-0.0021057298016181614,0.013931160331847887,False,0.6567970879752919,0.466356752900783,0.128490286879537,0.5935945945945946,0.0,0.6676252096812845,0.9396411092985318,0.5402843601895735,0.2698507744914199,0.00024455857177794083,0.0,0.008070432868672046,0.9745659085350942,0.017119100024455856,0.019320127170457325,0.6639668457792975,0.4746129007276367,0.10797272135876683,0.2541718535793637,unsw_nb15_v2,dnn_5class_cw,fragile
DoS,R2L,block_greedy,1360,0.05024197421404559,16404,0.7375,0.7755735343012302,0.05502987394612902,-0.004359230115630441,0.038848747686708165,False,0.6490758103402089,0.4632347862024945,0.15863357690552315,0.5773783783783784,0.0,0.6676252096812845,0.9458288800135006,0.5402843601895735,0.28103874820756053,0.00024455857177794083,0.0,0.008070432868672046,0.9745659085350942,0.017119100024455856,0.019320127170457325,0.6639668457792975,0.4746129007276367,0.10797272135876683,0.2541718535793637,unsw_nb15_v2,dnn_5class_cw,fragile
DoS,R2L,block_greedy,2707,0.10000369426280986,16404,0.7502770594754341,0.7755735343012302,0.11041777640470489,-0.004359230115630441,0.09423665014528403,False,0.6490758103402089,0.4632347862024945,0.20439242005851452,0.5773783783783784,0.0,0.6676252096812845,0.9458288800135006,0.5402843601895735,0.28103874820756053,0.00024455857177794083,0.0,0.008070432868672046,0.9745659085350942,0.017119100024455856,0.019320127170457325,0.6639668457792975,0.4746129007276367,0.10797272135876683,0.2541718535793637,unsw_nb15_v2,dnn_5class_cw,fragile
DoS,R2L,block_greedy_stealth,85,0.0031401233883778493,1695,0.9411764705882353,0.778381174036721,0.014497083119903836,-0.0015515903801396336,-0.0016840431395170243,True,0.6569704227793448,0.4717896865902225,0.1185292846620652,0.5948108108108108,0.019320127170457325,0.6788880901030434,0.930134443381898,0.5616113744075829,0.2636579946738942,0.00024455857177794083,0.019320127170457325,0.008559550012227928,0.954267547077525,0.01760821716801174,0.019320127170457325,0.6639668457792975,0.4746129007276367,0.10797272135876683,0.2541718535793637,unsw_nb15_v2,dnn_5class_cw,fragile
DoS,R2L,block_greedy_stealth,85,0.0031401233883778493,1695,0.9411764705882353,0.778381174036721,0.014497083119903836,-0.0015515903801396336,-0.0016840431395170243,True,0.6569704227793448,0.4717896865902225,0.1185292846620652,0.5948108108108108,0.019320127170457325,0.6788880901030434,0.930134443381898,0.5616113744075829,0.2636579946738942,0.00024455857177794083,0.019320127170457325,0.008559550012227928,0.954267547077525,0.01760821716801174,0.019320127170457325,0.6639668457792975,0.4746129007276367,0.10797272135876683,0.2541718535793637,unsw_nb15_v2,dnn_5class_cw,fragile
DoS,R2L,block_greedy_stealth,170,0.006280246776755699,1695,0.7941176470588235,0.778381174036721,0.01166412783304727,-0.0015515903801396336,-0.0045169984263735904,True,0.6569704227793448,0.4717896865902225,0.12276463217796367,0.5948108108108108,0.019320127170457325,0.6788880901030434,0.930134443381898,0.5616113744075829,0.2636579946738942,0.00024455857177794083,0.019320127170457325,0.008559550012227928,0.954267547077525,0.01760821716801174,0.019320127170457325,0.6639668457792975,0.4746129007276367,0.10797272135876683,0.2541718535793637,unsw_nb15_v2,dnn_5class_cw,fragile
DoS,R2L,block_greedy_stealth,340,0.012560493553511397,1695,0.5676470588235294,0.7781225756400311,0.014264754094157448,-0.001810188776829591,-0.0019163721652634119,True,0.6564346606577268,0.47157806762645904,0.1309771310925597,0.5935945945945946,0.019320127170457325,0.6788880901030434,0.9307532204533948,0.5616113744075829,0.26454042640361797,0.00024455857177794083,0.019320127170457325,0.008559550012227928,0.954267547077525,0.01760821716801174,0.019320127170457325,0.6639668457792975,0.4746129007276367,0.10797272135876683,0.2541718535793637,unsw_nb15_v2,dnn_5class_cw,fragile
DoS,R2L,block_greedy_stealth,595,0.021980863718644945,1695,0.3378151260504202,0.7777531493590454,0.019692348617994477,-0.002179615057815276,0.0035112223585736166,True,0.6549534359685476,0.47098386042435836,0.1438216963385009,0.5904324324324325,0.019320127170457325,0.6788880901030434,0.9320470270574338,0.5616113744075829,0.2667465057279274,0.00024455857177794083,0.019320127170457325,0.008559550012227928,0.954267547077525,0.01760821716801174,0.019320127170457325,0.6639668457792975,0.4746129007276367,0.10797272135876683,0.2541718535793637,unsw_nb15_v2,dnn_5class_cw,fragile
DoS,R2L,block_greedy_stealth,1360,0.05024197421404559,1695,0.1514705882352941,0.7757213048136244,0.04693557888993314,-0.004211459603236212,0.03075445263051228,False,0.6486030790564283,0.46840980334636895,0.18364922682965348,0.5771891891891892,0.019320127170457325,0.6788880901030434,0.9369409911683636,0.5616113744075829,0.2757756732481367,0.00024455857177794083,0.019320127170457325,0.008559550012227928,0.954267547077525,0.01760821716801174,0.019320127170457325,0.6639668457792975,0.4746129007276367,0.10797272135876683,0.2541718535793637,unsw_nb15_v2,dnn_5class_cw,fragile
DoS,R2L,block_greedy_stealth,1695,0.06261775462706418,1695,0.1215339233038348,0.7757213048136244,0.05842558507257895,-0.004211459603236212,0.042244458813158095,False,0.6485873213469691,0.4684031718636244,0.1985766253130836,0.5771621621621622,0.019320127170457325,0.6788880901030434,0.9369409911683636,0.5616113744075829,0.275791430957596,0.00024455857177794083,0.019320127170457325,0.008559550012227928,0.954267547077525,0.01760821716801174,0.019320127170457325,0.6639668457792975,0.4746129007276367,0.10797272135876683,0.2541718535793637,unsw_nb15_v2,dnn_5class_cw,fragile
DoS,R2L,random,136,0.005024197421404559,16404,0.1323529411764706,0.778713657689608,0.021039587339814307,-0.0012191067272526723,0.004858461080393447,True,0.6572855769685318,0.4716477316822269,0.11963075882809175,0.5948648648648649,0.019320127170457325,0.67169901749341,0.9328908139731114,0.5592417061611374,0.26491861143064244,0.00024455857177794083,0.019320127170457325,0.008314991440449988,0.954512105649303,0.01760821716801174,0.019320127170457325,0.6639668457792975,0.4746129007276367,0.10797272135876683,0.2541718535793637,unsw_nb15_v2,dnn_5class_cw,fragile
DoS,R2L,random,136,0.005024197421404559,16404,0.1323529411764706,0.778713657689608,0.021039587339814307,-0.0012191067272526723,0.004858461080393447,True,0.6572855769685318,0.4716477316822269,0.11963075882809175,0.5948648648648649,0.019320127170457325,0.67169901749341,0.9328908139731114,0.5592417061611374,0.26491861143064244,0.00024455857177794083,0.019320127170457325,0.008314991440449988,0.954512105649303,0.01760821716801174,0.019320127170457325,0.6639668457792975,0.4746129007276367,0.10797272135876683,0.2541718535793637,unsw_nb15_v2,dnn_5class_cw,fragile
DoS,R2L,random,136,0.005024197421404559,16404,0.1323529411764706,0.778713657689608,0.021039587339814307,-0.0012191067272526723,0.004858461080393447,True,0.6572855769685318,0.4716477316822269,0.11963075882809175,0.5948648648648649,0.019320127170457325,0.67169901749341,0.9328908139731114,0.5592417061611374,0.26491861143064244,0.00024455857177794083,0.019320127170457325,0.008314991440449988,0.954512105649303,0.01760821716801174,0.019320127170457325,0.6639668457792975,0.4746129007276367,0.10797272135876683,0.2541718535793637,unsw_nb15_v2,dnn_5class_cw,fragile
DoS,R2L,random,272,0.010048394842809118,16404,0.15073529411764705,0.7781225756400311,0.025881107918193896,-0.001810188776829591,0.009699981658773036,True,0.6561510218874584,0.47334732878785485,0.12529393115103202,0.5904594594594594,0.019320127170457325,0.67169901749341,0.9385723125386736,0.5355450236966824,0.26977198594412316,0.00024455857177794083,0.019320127170457325,0.008314991440449988,0.9552457813646368,0.016874541452677916,0.019320127170457325,0.6639668457792975,0.4746129007276367,0.10797272135876683,0.2541718535793637,unsw_nb15_v2,dnn_5class_cw,fragile
DoS,R2L,random,544,0.020096789685618236,16404,0.15073529411764705,0.7780856330119325,0.03161790858449649,-0.001847131404928204,0.015436782325075633,False,0.6561352641779991,0.47309437421644784,0.13326930738844808,0.5904594594594594,0.01785277573978968,0.66738557392763,0.9398661191427125,0.5355450236966824,0.27074896393060305,0.00024455857177794083,0.01785277573978968,0.008070432868672046,0.9569576913670824,0.016874541452677916,0.019320127170457325,0.6639668457792975,0.4746129007276367,0.10797272135876683,0.2541718535793637,unsw_nb15_v2,dnn_5class_cw,fragile
DoS,R2L,random,1360,0.05024197421404559,16404,0.15588235294117647,0.778048690383834,0.05674598091511375,-0.0018840740330267058,0.040564854655692886,False,0.6576637619955563,0.4757597451666239,0.1532082245781108,0.5903243243243244,0.010271460014673514,0.6556434219985622,0.9512853687348821,0.48578199052132703,0.27854903011298277,0.00024455857177794083,0.010271460014673514,0.007825874296894107,0.9662509170946442,0.015407190022010272,0.019320127170457325,0.6639668457792975,0.4746129007276367,0.10797272135876683,0.2541718535793637,unsw_nb15_v2,dnn_5class_cw,fragile
DoS,R2L,random,2707,0.10000369426280986,16404,0.14702622829700776,0.7753149359045403,0.09960863680894681,-0.004617828512320399,0.08342751054952595,False,0.6534249381509903,0.4819767744557713,0.19079808731392808,0.5771351351351351,0.009782342871117632,0.6369518332135155,0.9706362153344209,0.3791469194312796,0.29966436078851577,0.00024455857177794083,0.009782342871117632,0.007581315725116165,0.9755441428222059,0.006847640009782343,0.019320127170457325,0.6639668457792975,0.4746129007276367,0.10797272135876683,0.2541718535793637,unsw_nb15_v2,dnn_5class_cw,fragile
DoS,R2L,highest_pt,136,0.005024197421404559,16404,0.7794117647058824,0.7781225756400311,0.019709143813115813,-0.001810188776829591,0.0035280175536949523,True,0.6564819337861049,0.46460882912150564,0.11805934894463128,0.5948648648648649,0.0004891171435558817,0.67169901749341,0.9342971254992406,0.5616113744075829,0.2665101400860371,0.00024455857177794083,0.0004891171435558817,0.008314991440449988,0.9733431156762045,0.01760821716801174,0.019320127170457325,0.6639668457792975,0.4746129007276367,0.10797272135876683,0.2541718535793637,unsw_nb15_v2,dnn_5class_cw,fragile
DoS,R2L,highest_pt,136,0.005024197421404559,16404,0.7794117647058824,0.7781225756400311,0.019709143813115813,-0.001810188776829591,0.0035280175536949523,True,0.6564819337861049,0.46460882912150564,0.11805934894463128,0.5948648648648649,0.0004891171435558817,0.67169901749341,0.9342971254992406,0.5616113744075829,0.2665101400860371,0.00024455857177794083,0.0004891171435558817,0.008314991440449988,0.9733431156762045,0.01760821716801174,0.019320127170457325,0.6639668457792975,0.4746129007276367,0.10797272135876683,0.2541718535793637,unsw_nb15_v2,dnn_5class_cw,fragile
DoS,R2L,highest_pt,136,0.005024197421404559,16404,0.7794117647058824,0.7781225756400311,0.019709143813115813,-0.001810188776829591,0.0035280175536949523,True,0.6564819337861049,0.46460882912150564,0.11805934894463128,0.5948648648648649,0.0004891171435558817,0.67169901749341,0.9342971254992406,0.5616113744075829,0.2665101400860371,0.00024455857177794083,0.0004891171435558817,0.008314991440449988,0.9733431156762045,0.01760821716801174,0.019320127170457325,0.6639668457792975,0.4746129007276367,0.10797272135876683,0.2541718535793637,unsw_nb15_v2,dnn_5class_cw,fragile
DoS,R2L,highest_pt,272,0.010048394842809118,16404,0.7205882352941176,0.7780856330119325,0.020813832332860223,-0.001847131404928204,0.0046327060734393626,True,0.6564976914955643,0.4646117760029549,0.12148670402127705,0.5948108108108108,0.0004891171435558817,0.6707404744787923,0.9346908927265568,0.5616113744075829,0.266730748018468,0.00024455857177794083,0.0004891171435558817,0.008070432868672046,0.9735876742479824,0.01760821716801174,0.019320127170457325,0.6639668457792975,0.4746129007276367,0.10797272135876683,0.2541718535793637,unsw_nb15_v2,dnn_5class_cw,fragile
DoS,R2L,highest_pt,544,0.020096789685618236,16404,0.7169117647058824,0.7778639772433411,0.02998514339309678,-0.0020687871735195484,0.01380401713367592,False,0.6559934447928649,0.4642202938180576,0.1293907815774607,0.5935945945945946,0.0,0.6693026599568656,0.9358721944085053,0.5616113744075829,0.26792833393737886,0.00024455857177794083,0.0,0.008070432868672046,0.9740767913915382,0.01760821716801174,0.019320127170457325,0.6639668457792975,0.4746129007276367,0.10797272135876683,0.2541718535793637,unsw_nb15_v2,dnn_5class_cw,fragile
DoS,R2L,highest_pt,1360,0.05024197421404559,16404,0.7382352941176471,0.7756104769293287,0.055117925095189826,-0.0043222874875319395,0.03893679883576896,False,0.6482721671577819,0.4610993233190227,0.15953084369603626,0.5773783783783784,0.0,0.6693026599568656,0.9420599651234741,0.5616113744075829,0.27911630765351947,0.00024455857177794083,0.0,0.008070432868672046,0.9740767913915382,0.01760821716801174,0.019320127170457325,0.6639668457792975,0.4746129007276367,0.10797272135876683,0.2541718535793637,unsw_nb15_v2,dnn_5class_cw,fragile
DoS,R2L,highest_pt,2707,0.10000369426280986,16404,0.7510158847432582,0.7756104769293287,0.1104809978041382,-0.0043222874875319395,0.09429987154471733,False,0.6482721671577819,0.4610993233190227,0.20531624155497302,0.5773783783783784,0.0,0.6693026599568656,0.9420599651234741,0.5616113744075829,0.27911630765351947,0.00024455857177794083,0.0,0.008070432868672046,0.9740767913915382,0.01760821716801174,0.019320127170457325,0.6639668457792975,0.4746129007276367,0.10797272135876683,0.2541718535793637,unsw_nb15_v2,dnn_5class_cw,fragile
R2L,DoS,block_greedy,136,0.005024197421404559,24616,0.9852941176470589,0.7801174775573534,0.017794591770947454,0.00018471314049273158,0.0016134655115265933,True,0.6640456343265942,0.477515616030369,0.10749115072813178,0.609,0.02739056003912937,0.6788880901030434,0.9240029251279743,0.5616113744075829,0.2531318447550464,0.011306744670079315,0.002868875513303707,0.03234516510097317,0.9240029251279743,0.02947628958766946,0.9256904989593294,0.6639668457792975,0.4746129007276367,0.10797272135876683,0.2541718535793637,unsw_nb15_v2,dnn_5class_cw,stable
R2L,DoS,block_greedy,136,0.005024197421404559,24616,0.9852941176470589,0.7801174775573534,0.017794591770947454,0.00018471314049273158,0.0016134655115265933,True,0.6640456343265942,0.477515616030369,0.10749115072813178,0.609,0.02739056003912937,0.6788880901030434,0.9240029251279743,0.5616113744075829,0.2531318447550464,0.011306744670079315,0.002868875513303707,0.03234516510097317,0.9240029251279743,0.02947628958766946,0.9256904989593294,0.6639668457792975,0.4746129007276367,0.10797272135876683,0.2541718535793637,unsw_nb15_v2,dnn_5class_cw,stable
R2L,DoS,block_greedy,136,0.005024197421404559,24616,0.9852941176470589,0.7801174775573534,0.017794591770947454,0.00018471314049273158,0.0016134655115265933,True,0.6640456343265942,0.477515616030369,0.10749115072813178,0.609,0.02739056003912937,0.6788880901030434,0.9240029251279743,0.5616113744075829,0.2531318447550464,0.011306744670079315,0.002868875513303707,0.03234516510097317,0.9240029251279743,0.02947628958766946,0.9256904989593294,0.6639668457792975,0.4746129007276367,0.10797272135876683,0.2541718535793637,unsw_nb15_v2,dnn_5class_cw,stable
R2L,DoS,block_greedy,272,0.010048394842809118,24616,0.9926470588235294,0.7801174775573534,0.019444612877973146,0.00018471314049273158,0.0032634866185522853,True,0.6640456343265942,0.477515616030369,0.10484375202529357,0.609,0.02739056003912937,0.6788880901030434,0.9240029251279743,0.5616113744075829,0.2531318447550464,0.011306744670079315,0.002868875513303707,0.03234516510097317,0.9240029251279743,0.02947628958766946,0.9256904989593294,0.6639668457792975,0.4746129007276367,0.10797272135876683,0.2541718535793637,unsw_nb15_v2,dnn_5class_cw,stable
R2L,DoS,block_greedy,544,0.020096789685618236,24616,0.9944852941176471,0.7801174775573534,0.02372958659497876,0.00018471314049273158,0.007548460335557901,True,0.6640456343265942,0.477515616030369,0.0979757642071248,0.609,0.02739056003912937,0.6788880901030434,0.9240029251279743,0.5616113744075829,0.2531318447550464,0.011306744670079315,0.002868875513303707,0.03234516510097317,0.9240029251279743,0.02947628958766946,0.9256904989593294,0.6639668457792975,0.4746129007276367,0.10797272135876683,0.2541718535793637,unsw_nb15_v2,dnn_5class_cw,stable
R2L,DoS,block_greedy,1360,0.05024197421404559,24616,0.986764705882353,0.7801174775573534,0.0534119509892916,0.00018471314049273158,0.03723082472987074,False,0.6639353303603788,0.4773173648107341,0.0880745669348904,0.609081081081081,0.02739056003912937,0.6788880901030434,0.9234966529785679,0.5592417061611374,0.2529900253699122,0.011813016819485853,0.002868875513303707,0.03234516510097317,0.9234966529785679,0.02947628958766946,0.9256904989593294,0.6639668457792975,0.4746129007276367,0.10797272135876683,0.2541718535793637,unsw_nb15_v2,dnn_5class_cw,stable
R2L,DoS,block_greedy,2707,0.10000369426280986,24616,0.9549316586627262,0.7785658871772138,0.09810702128829678,-0.001366877239646902,0.08192589502887591,False,0.6635729030428137,0.47758304989288736,0.06242537609353484,0.6097567567567568,0.028857911469797017,0.6872753414809489,0.9185464364065928,0.556872037914692,0.2507524306266841,0.012038026663666535,0.0036001575068909265,0.03633908983518029,0.9185464364065928,0.02947628958766946,0.9256904989593294,0.6639668457792975,0.4746129007276367,0.10797272135876683,0.2541718535793637,unsw_nb15_v2,dnn_5class_cw,stable
R2L,DoS,block_greedy_stealth,136,0.005024197421404559,4364,0.9705882352941176,0.7801174775573534,0.012629430507035076,0.00018471314049273158,-0.0035516957523857844,True,0.6640141189076756,0.47751537343872846,0.1037317200352749,0.6091891891891892,0.02739056003912937,0.6788880901030434,0.9234966529785679,0.5616113744075829,0.25287972140369674,0.011869269280531024,0.002868875513303707,0.032288912639927995,0.9234966529785679,0.02947628958766946,0.9256904989593294,0.6639668457792975,0.4746129007276367,0.10797272135876683,0.2541718535793637,unsw_nb15_v2,dnn_5class_cw,stable
R2L,DoS,block_greedy_stealth,136,0.005024197421404559,4364,0.9705882352941176,0.7801174775573534,0.012629430507035076,0.00018471314049273158,-0.0035516957523857844,True,0.6640141189076756,0.47751537343872846,0.1037317200352749,0.6091891891891892,0.02739056003912937,0.6788880901030434,0.9234966529785679,0.5616113744075829,0.25287972140369674,0.011869269280531024,0.002868875513303707,0.032288912639927995,0.9234966529785679,0.02947628958766946,0.9256904989593294,0.6639668457792975,0.4746129007276367,0.10797272135876683,0.2541718535793637,unsw_nb15_v2,dnn_5class_cw,stable
R2L,DoS,block_greedy_stealth,136,0.005024197421404559,4364,0.9705882352941176,0.7801174775573534,0.012629430507035076,0.00018471314049273158,-0.0035516957523857844,True,0.6640141189076756,0.47751537343872846,0.1037317200352749,0.6091891891891892,0.02739056003912937,0.6788880901030434,0.9234966529785679,0.5616113744075829,0.25287972140369674,0.011869269280531024,0.002868875513303707,0.032288912639927995,0.9234966529785679,0.02947628958766946,0.9256904989593294,0.6639668457792975,0.4746129007276367,0.10797272135876683,0.2541718535793637,unsw_nb15_v2,dnn_5class_cw,stable
R2L,DoS,block_greedy_stealth,272,0.010048394842809118,4364,0.9191176470588235,0.7801174775573534,0.016729004054292746,0.00018471314049273158,0.0005478777948718858,True,0.664029876617135,0.4775219219665467,0.10027128404983246,0.6092162162162162,0.02739056003912937,0.6788880901030434,0.9234966529785679,0.5616113744075829,0.2528639636942374,0.011869269280531024,0.002868875513303707,0.032288912639927995,0.9234966529785679,0.02947628958766946,0.9256904989593294,0.6639668457792975,0.4746129007276367,0.10797272135876683,0.2541718535793637,unsw_nb15_v2,dnn_5class_cw,stable
R2L,DoS,block_greedy_stealth,544,0.020096789685618236,4364,0.8216911764705882,0.7787875429458052,0.021765395717033693,-0.0011452214710554465,0.005584269457612832,True,0.6635729030428137,0.47745474130605603,0.09688953710645938,0.6091891891891892,0.02763511861090731,0.6877546129882578,0.9197839905495866,0.5616113744075829,0.25108334252533054,0.011869269280531024,0.002868875513303707,0.03600157506890927,0.9197839905495866,0.02947628958766946,0.9256904989593294,0.6639668457792975,0.4746129007276367,0.10797272135876683,0.2541718535793637,unsw_nb15_v2,dnn_5class_cw,stable
R2L,DoS,block_greedy_stealth,1360,0.05024197421404559,4364,0.8411764705882353,0.725220732202889,0.05416963841587912,-0.054712032213971695,0.037988512156458265,False,0.6264792549754967,0.5353749010498088,0.13257888077743782,0.6142972972972973,0.8109562240156517,0.6877546129882578,0.5965573493840356,0.5616113744075829,0.08978742849939333,0.012938066040389266,0.32463295269168024,0.03639534229622546,0.5965573493840356,0.02947628958766946,0.9256904989593294,0.6639668457792975,0.4746129007276367,0.10797272135876683,0.2541718535793637,unsw_nb15_v2,dnn_5class_cw,stable
R2L,DoS,block_greedy_stealth,2707,0.10000369426280986,4364,0.8389360916143332,0.7233736007979608,0.08582287300157738,-0.0565591636188999,0.06964174674215652,False,0.6237846866579474,0.5196771260717923,0.15967203791282608,0.6171891891891892,0.8129126925898753,0.6997364006709801,0.5762502109467289,0.6208530805687204,0.06889270575629126,0.013331833267705461,0.32615176913989985,0.042864375316420095,0.5762502109467289,0.041401811329245655,0.9256904989593294,0.6639668457792975,0.4746129007276367,0.10797272135876683,0.2541718535793637,unsw_nb15_v2,dnn_5class_cw,stable
R2L,DoS,random,136,0.005024197421404559,24616,0.4411764705882353,0.7800066496730578,0.01831289594544245,7.388525619711483e-05,0.002131769686021589,True,0.6640613920360536,0.47598241169624333,0.10824507150197464,0.608945945945946,0.022988505747126436,0.6788880901030434,0.925184226809923,0.5616113744075829,0.25379366855233926,0.011306744670079315,0.0017438262924002925,0.032288912639927995,0.925184226809923,0.02947628958766946,0.9256904989593294,0.6639668457792975,0.4746129007276367,0.10797272135876683,0.2541718535793637,unsw_nb15_v2,dnn_5class_cw,stable
R2L,DoS,random,136,0.005024197421404559,24616,0.4411764705882353,0.7800066496730578,0.01831289594544245,7.388525619711483e-05,0.002131769686021589,True,0.6640613920360536,0.47598241169624333,0.10824507150197464,0.608945945945946,0.022988505747126436,0.6788880901030434,0.925184226809923,0.5616113744075829,0.25379366855233926,0.011306744670079315,0.0017438262924002925,0.032288912639927995,0.925184226809923,0.02947628958766946,0.9256904989593294,0.6639668457792975,0.4746129007276367,0.10797272135876683,0.2541718535793637,unsw_nb15_v2,dnn_5class_cw,stable
R2L,DoS,random,136,0.005024197421404559,24616,0.4411764705882353,0.7800066496730578,0.01831289594544245,7.388525619711483e-05,0.002131769686021589,True,0.6640613920360536,0.47598241169624333,0.10824507150197464,0.608945945945946,0.022988505747126436,0.6788880901030434,0.925184226809923,0.5616113744075829,0.25379366855233926,0.011306744670079315,0.0017438262924002925,0.032288912639927995,0.925184226809923,0.02947628958766946,0.9256904989593294,0.6639668457792975,0.4746129007276367,0.10797272135876683,0.2541718535793637,unsw_nb15_v2,dnn_5class_cw,stable
R2L,DoS,random,272,0.010048394842809118,24616,0.43014705882352944,0.7800435923011563,0.02099963949729996,0.00011082788429561674,0.004818513237879098,True,0.6640929074549723,0.4759955097707832,0.10872417679718858,0.609,0.022988505747126436,0.6788880901030434,0.925184226809923,0.5616113744075829,0.2537779108428799,0.011306744670079315,0.0017438262924002925,0.032288912639927995,0.925184226809923,0.02947628958766946,0.9256904989593294,0.6639668457792975,0.4746129007276367,0.10797272135876683,0.2541718535793637,unsw_nb15_v2,dnn_5class_cw,stable
R2L,DoS,random,544,0.020096789685618236,24616,0.4430147058823529,0.7784550592929181,0.02588797909537212,-0.0014777051239425187,0.009706852835951258,True,0.6571437575833977,0.4733089332504797,0.1161277881205969,0.5949189189189189,0.023233064318904376,0.6784088185957344,0.9297406761545818,0.5616113744075829,0.26337435590362585,0.006919052708556,0.0017438262924002925,0.032063902795747314,0.9297406761545818,0.02953254204871463,0.9256904989593294,0.6639668457792975,0.4746129007276367,0.10797272135876683,0.2541718535793637,unsw_nb15_v2,dnn_5class_cw,stable
R2L,DoS,random,1360,0.05024197421404559,24616,0.4360294117647059,0.780154420185452,0.0505851515302245,0.0002216557685913445,0.034404025270803634,False,0.665148673988749,0.47900337280861205,0.1078453460607195,0.6091351351351352,0.025434091464905845,0.6784088185957344,0.9290656466220397,0.5260663507109005,0.25529065095097775,0.011869269280531024,0.0021375935197164874,0.03212015525679249,0.9290656466220397,0.02480733532092029,0.9256904989593294,0.6639668457792975,0.4746129007276367,0.10797272135876683,0.2541718535793637,unsw_nb15_v2,dnn_5class_cw,stable
R2L,DoS,random,2707,0.10000369426280986,24616,0.4347986701145179,0.7786397724334109,0.09126455591362835,-0.0012929919834497872,0.07508342965420749,False,0.6580261893131214,0.4742454170482027,0.11884719309546733,0.5968918918918918,0.02763511861090731,0.67816918284208,0.927828092479046,0.5616113744075829,0.25926159373473473,0.00855037407886595,0.002868875513303707,0.03167013556843112,0.927828092479046,0.029082522360353264,0.9256904989593294,0.6639668457792975,0.4746129007276367,0.10797272135876683,0.2541718535793637,unsw_nb15_v2,dnn_5class_cw,stable
R2L,DoS,highest_pt,136,0.005024197421404559,24616,0.9926470588235294,0.7799327644168607,0.018120656796571686,0.0,0.0019395305371508256,True,0.6639668457792975,0.4746129007276367,0.10749045524494431,0.608945945945946,0.019320127170457325,0.6788880901030434,0.9256904989593294,0.5616113744075829,0.2541718535793637,0.011306744670079315,0.001237554142993756,0.032288912639927995,0.9256904989593294,0.02947628958766946,0.9256904989593294,0.6639668457792975,0.4746129007276367,0.10797272135876683,0.2541718535793637,unsw_nb15_v2,dnn_5class_cw,stable
R2L,DoS,highest_pt,136,0.005024197421404559,24616,0.9926470588235294,0.7799327644168607,0.018120656796571686,0.0,0.0019395305371508256,True,0.6639668457792975,0.4746129007276367,0.10749045524494431,0.608945945945946,0.019320127170457325,0.6788880901030434,0.9256904989593294,0.5616113744075829,0.2541718535793637,0.011306744670079315,0.001237554142993756,0.032288912639927995,0.9256904989593294,0.02947628958766946,0.9256904989593294,0.6639668457792975,0.4746129007276367,0.10797272135876683,0.2541718535793637,unsw_nb15_v2,dnn_5class_cw,stable
R2L,DoS,highest_pt,136,0.005024197421404559,24616,0.9926470588235294,0.7799327644168607,0.018120656796571686,0.0,0.0019395305371508256,True,0.6639668457792975,0.4746129007276367,0.10749045524494431,0.608945945945946,0.019320127170457325,0.6788880901030434,0.9256904989593294,0.5616113744075829,0.2541718535793637,0.011306744670079315,0.001237554142993756,0.032288912639927995,0.9256904989593294,0.02947628958766946,0.9256904989593294,0.6639668457792975,0.4746129007276367,0.10797272135876683,0.2541718535793637,unsw_nb15_v2,dnn_5class_cw,stable
R2L,DoS,highest_pt,272,0.010048394842809118,24616,0.9963235294117647,0.7799327644168607,0.019548435035934186,0.0,0.0033673087765133253,True,0.6639668457792975,0.4746129007276367,0.10485062245596619,0.608945945945946,0.019320127170457325,0.6788880901030434,0.9256904989593294,0.5616113744075829,0.2541718535793637,0.011306744670079315,0.001237554142993756,0.032288912639927995,0.9256904989593294,0.02947628958766946,0.9256904989593294,0.6639668457792975,0.4746129007276367,0.10797272135876683,0.2541718535793637,unsw_nb15_v2,dnn_5class_cw,stable
R2L,DoS,highest_pt,544,0.020096789685618236,24616,0.9963235294117647,0.7799327644168607,0.023974814826640805,0.0,0.007793688567219945,True,0.6639668457792975,0.4746129007276367,0.09798621718813626,0.608945945945946,0.019320127170457325,0.6788880901030434,0.9256904989593294,0.5616113744075829,0.2541718535793637,0.011306744670079315,0.001237554142993756,0.032288912639927995,0.9256904989593294,0.02947628958766946,0.9256904989593294,0.6639668457792975,0.4746129007276367,0.10797272135876683,0.2541718535793637,unsw_nb15_v2,dnn_5class_cw,stable
R2L,DoS,highest_pt,1360,0.05024197421404559,24616,0.9875,0.7799327644168607,0.053578277344335526,0.0,0.03739715108491466,False,0.6638565418130821,0.4744167433069232,0.08713153156558805,0.609027027027027,0.019320127170457325,0.6788880901030434,0.925184226809923,0.5592417061611374,0.25403003419422954,0.011813016819485853,0.001237554142993756,0.032288912639927995,0.925184226809923,0.02947628958766946,0.9256904989593294,0.6639668457792975,0.4746129007276367,0.10797272135876683,0.2541718535793637,unsw_nb15_v2,dnn_5class_cw,stable
R2L,DoS,highest_pt,2707,0.10000369426280986,24616,0.9549316586627262,0.7785289445491153,0.09833017957847492,-0.001403819867745404,0.08214905331905406,False,0.6635571453333543,0.4775765015078516,0.06208495130176717,0.6097297297297297,0.028857911469797017,0.6872753414809489,0.9185464364065928,0.556872037914692,0.2507524306266841,0.012038026663666535,0.0036001575068909265,0.03633908983518029,0.9185464364065928,0.02947628958766946,0.9256904989593294,0.6639668457792975,0.4746129007276367,0.10797272135876683,0.2541718535793637,unsw_nb15_v2,dnn_5class_cw,stable
DoS,R2L,block_greedy,136,0.005024197421404559,16404,0.7426470588235294,0.8150282611104954,0.01212058218477695,0.00033248365288707227,-0.0029866541033995025,True,0.7324340933801863,0.5427532154362423,0.058346478634077686,0.7204864864864865,0.014428955734898509,0.6343158399233165,0.9476289587669461,0.6421800947867299,0.1924646633365374,0.001222792858889704,0.014428955734898509,0.009048667155783811,0.962582538517975,0.012717045732452923,0.022743947175348497,0.73112620349506,0.5422678766546734,0.06114767793059199,0.1874064386000851,unsw_nb15_v2,rf_5class_smote,fragile
DoS,R2L,block_greedy,136,0.005024197421404559,16404,0.7426470588235294,0.8150282611104954,0.01212058218477695,0.00033248365288707227,-0.0029866541033995025,True,0.7324340933801863,0.5427532154362423,0.058346478634077686,0.7204864864864865,0.014428955734898509,0.6343158399233165,0.9476289587669461,0.6421800947867299,0.1924646633365374,0.001222792858889704,0.014428955734898509,0.009048667155783811,0.962582538517975,0.012717045732452923,0.022743947175348497,0.73112620349506,0.5422678766546734,0.06114767793059199,0.1874064386000851,unsw_nb15_v2,rf_5class_smote,fragile
DoS,R2L,block_greedy,136,0.005024197421404559,16404,0.7426470588235294,0.8150282611104954,0.01212058218477695,0.00033248365288707227,-0.0029866541033995025,True,0.7324340933801863,0.5427532154362423,0.058346478634077686,0.7204864864864865,0.014428955734898509,0.6343158399233165,0.9476289587669461,0.6421800947867299,0.1924646633365374,0.001222792858889704,0.014428955734898509,0.009048667155783811,0.962582538517975,0.012717045732452923,0.022743947175348497,0.73112620349506,0.5422678766546734,0.06114767793059199,0.1874064386000851,unsw_nb15_v2,rf_5class_smote,fragile
DoS,R2L,block_greedy,272,0.010048394842809118,16404,0.6544117647058824,0.8150282611104954,0.007165379337421116,0.00033248365288707227,-0.007941856950755336,True,0.7324340933801863,0.5427532154362423,0.06596440687777858,0.7204864864864865,0.014428955734898509,0.6343158399233165,0.9476289587669461,0.6421800947867299,0.1924646633365374,0.001222792858889704,0.014428955734898509,0.009048667155783811,0.962582538517975,0.012717045732452923,0.022743947175348497,0.73112620349506,0.5422678766546734,0.06114767793059199,0.1874064386000851,unsw_nb15_v2,rf_5class_smote,fragile
DoS,R2L,block_greedy,544,0.020096789685618236,16404,0.6194852941176471,0.8134766707303558,0.01706819175754223,-0.0012191067272525613,0.0019609554693657775,True,0.7189297363735208,0.5372554153419866,0.07908845146730605,0.6923513513513514,0.014184397163120567,0.628085310328301,0.9595544805085222,0.6398104265402843,0.20779691464048786,0.0009782342871117633,0.014184397163120567,0.009048667155783811,0.963071655661531,0.012717045732452923,0.022743947175348497,0.73112620349506,0.5422678766546734,0.06114767793059199,0.1874064386000851,unsw_nb15_v2,rf_5class_smote,fragile
DoS,R2L,block_greedy,1360,0.05024197421404559,16404,0.6816176470588236,0.8125900476559903,0.04996194600755596,-0.0021057298016180503,0.03485470971937951,False,0.7128315028127511,0.533608480777515,0.10384270057457493,0.6805945945945946,0.012227928588897041,0.6201773304577043,0.9645609495415425,0.6398104265402843,0.2167630513228597,0.0007336757153338225,0.012227928588897041,0.00880410858400587,0.9655172413793104,0.012717045732452923,0.022743947175348497,0.73112620349506,0.5422678766546734,0.06114767793059199,0.1874064386000851,unsw_nb15_v2,rf_5class_smote,fragile
DoS,R2L,block_greedy,2707,0.10000369426280986,16404,0.7680088659032139,0.8004359230115631,0.10433181443936217,-0.014259854446045273,0.08922457815118572,False,0.6825767006507935,0.5173700644977227,0.1714268803644166,0.6218648648648649,0.0017119100024455857,0.6184998801821232,0.9816054452382291,0.6398104265402843,0.2566773293834008,0.0009782342871117633,0.0017119100024455857,0.010516018586451455,0.9728539985326485,0.013939838591342627,0.022743947175348497,0.73112620349506,0.5422678766546734,0.06114767793059199,0.1874064386000851,unsw_nb15_v2,rf_5class_smote,fragile
DoS,R2L,block_greedy_stealth,65,0.0024012708264065903,1281,0.8769230769230769,0.8140677527799328,0.012432787869270375,-0.0006280246776755316,-0.0026744484189060776,True,0.7252170624478026,0.5385168521244703,0.06603810008433787,0.7074864864864865,0.019320127170457325,0.6395878265037144,0.9464476570849975,0.6469194312796208,0.1935677029986921,0.001222792858889704,0.019320127170457325,0.016140865737344093,0.950354609929078,0.012961604304230863,0.022743947175348497,0.73112620349506,0.5422678766546734,0.06114767793059199,0.1874064386000851,unsw_nb15_v2,rf_5class_smote,fragile
DoS,R2L,block_greedy_stealth,65,0.0024012708264065903,1281,0.8769230769230769,0.8140677527799328,0.012432787869270375,-0.0006280246776755316,-0.0026744484189060776,True,0.7252170624478026,0.5385168521244703,0.06603810008433787,0.7074864864864865,0.019320127170457325,0.6395878265037144,0.9464476570849975,0.6469194312796208,0.1935677029986921,0.001222792858889704,0.019320127170457325,0.016140865737344093,0.950354609929078,0.012961604304230863,0.022743947175348497,0.73112620349506,0.5422678766546734,0.06114767793059199,0.1874064386000851,unsw_nb15_v2,rf_5class_smote,fragile
DoS,R2L,block_greedy_stealth,195,0.007203812479219772,1281,0.841025641025641,0.8140308101518342,0.00886395421959841,-0.0006649673057741445,-0.006243282068578044,True,0.7230109831234932,0.5373560047562398,0.07630349476330686,0.7031891891891892,0.018586451455123502,0.6395878265037144,0.9476852112279912,0.6469194312796208,0.1964513638297537,0.001222792858889704,0.018586451455123502,0.016629982880899976,0.9505991685008559,0.012961604304230863,0.022743947175348497,0.73112620349506,0.5422678766546734,0.06114767793059199,0.1874064386000851,unsw_nb15_v2,rf_5class_smote,fragile
DoS,R2L,block_greedy_stealth,325,0.012006354132032953,1281,0.7569230769230769,0.8140308101518342,0.011645929856701051,-0.0006649673057741445,-0.0034613064314754013,True,0.7230109831234932,0.5373560047562398,0.08297076056858518,0.7031891891891892,0.018586451455123502,0.6395878265037144,0.9476852112279912,0.6469194312796208,0.1964513638297537,0.001222792858889704,0.018586451455123502,0.016629982880899976,0.9505991685008559,0.012961604304230863,0.022743947175348497,0.73112620349506,0.5422678766546734,0.06114767793059199,0.1874064386000851,unsw_nb15_v2,rf_5class_smote,fragile
DoS,R2L,block_greedy_stealth,585,0.021611437437659316,1281,0.5162393162393163,0.8136613838708485,0.017826264930258257,-0.0010343935867598297,0.0027190286420818045,True,0.7199855029072973,0.536423998318282,0.10094052441270415,0.6957027027027027,0.018586451455123502,0.6362329259525521,0.9532542048714632,0.6469194312796208,0.20075321851215708,0.0009782342871117633,0.018586451455123502,0.0119833700171191,0.9554903399364147,0.012961604304230863,0.022743947175348497,0.73112620349506,0.5422678766546734,0.06114767793059199,0.1874064386000851,unsw_nb15_v2,rf_5class_smote,fragile
DoS,R2L,block_greedy_stealth,1281,0.047323506594259115,1281,0.24043715846994534,0.8122575640031032,0.0445351854951541,-0.0024382134545051226,0.029427949206977652,False,0.7081199476844046,0.5287287056023009,0.15681030509637525,0.673054054054054,0.018586451455123502,0.634555475676971,0.9584294312876188,0.6469194312796208,0.2099242054175005,0.0004891171435558817,0.018586451455123502,0.009537784299339692,0.9584250427977501,0.012961604304230863,0.022743947175348497,0.73112620349506,0.5422678766546734,0.06114767793059199,0.1874064386000851,unsw_nb15_v2,rf_5class_smote,fragile
DoS,R2L,random,136,0.005024197421404559,16404,0.1323529411764706,0.8146218922014112,0.017447152986478313,-7.388525619711483e-05,0.00233991669830186,True,0.7297395250626368,0.5406217723157074,0.057152248264120825,0.7192702702702702,0.022743947175348497,0.6381500119817877,0.9376160207009057,0.6469194312796208,0.18617733726225555,0.001222792858889704,0.022743947175348497,0.01516263145023233,0.9481535827830766,0.012717045732452923,0.022743947175348497,0.73112620349506,0.5422678766546734,0.06114767793059199,0.1874064386000851,unsw_nb15_v2,rf_5class_smote,fragile
DoS,R2L,random,136,0.005024197421404559,16404,0.1323529411764706,0.8146218922014112,0.017447152986478313,-7.388525619711483e-05,0.00233991669830186,True,0.7297395250626368,0.5406217723157074,0.057152248264120825,0.7192702702702702,0.022743947175348497,0.6381500119817877,0.9376160207009057,0.6469194312796208,0.18617733726225555,0.001222792858889704,0.022743947175348497,0.01516263145023233,0.9481535827830766,0.012717045732452923,0.022743947175348497,0.73112620349506,0.5422678766546734,0.06114767793059199,0.1874064386000851,unsw_nb15_v2,rf_5class_smote,fragile
DoS,R2L,random,136,0.005024197421404559,16404,0.1323529411764706,0.8146218922014112,0.017447152986478313,-7.388525619711483e-05,0.00233991669830186,True,0.7297395250626368,0.5406217723157074,0.057152248264120825,0.7192702702702702,0.022743947175348497,0.6381500119817877,0.9376160207009057,0.6469194312796208,0.18617733726225555,0.001222792858889704,0.022743947175348497,0.01516263145023233,0.9481535827830766,0.012717045732452923,0.022743947175348497,0.73112620349506,0.5422678766546734,0.06114767793059199,0.1874064386000851,unsw_nb15_v2,rf_5class_smote,fragile
DoS,R2L,random,272,0.010048394842809118,16404,0.15073529411764705,0.8146218922014112,0.01958034753163023,-7.388525619711483e-05,0.004473111243453778,True,0.7297395250626368,0.5400341890194997,0.0639157308650595,0.7192702702702702,0.021765712888236734,0.6391085549964055,0.9376160207009057,0.6469194312796208,0.18617733726225555,0.001222792858889704,0.021765712888236734,0.016140865737344093,0.9481535827830766,0.012717045732452923,0.022743947175348497,0.73112620349506,0.5422678766546734,0.06114767793059199,0.1874064386000851,unsw_nb15_v2,rf_5class_smote,fragile
DoS,R2L,random,544,0.020096789685618236,16404,0.15073529411764705,0.8139199822675385,0.02240263713885015,-0.0007757951900698723,0.007295400850673697,True,0.720993996312696,0.5374406089855693,0.07412571703827976,0.700027027027027,0.022743947175348497,0.636712197459861,0.9467851718512685,0.6469194312796208,0.19482831975544035,0.0009782342871117633,0.022743947175348497,0.012717045732452923,0.9508437270726339,0.012717045732452923,0.022743947175348497,0.73112620349506,0.5422678766546734,0.06114767793059199,0.1874064386000851,unsw_nb15_v2,rf_5class_smote,fragile
DoS,R2L,random,1360,0.05024197421404559,16404,0.15588235294117647,0.8128486460526801,0.03644710633550075,-0.001847131404928204,0.0213398700473243,False,0.7107199697451978,0.5329814841405678,0.09227460662997633,0.6775405405405406,0.017119100024455856,0.6297627606038821,0.9600045001968837,0.6398104265402843,0.21214604245126928,0.00024455857177794083,0.017119100024455856,0.0119833700171191,0.9586696013695281,0.0119833700171191,0.022743947175348497,0.73112620349506,0.5422678766546734,0.06114767793059199,0.1874064386000851,unsw_nb15_v2,rf_5class_smote,fragile
DoS,R2L,random,2707,0.10000369426280986,16404,0.14702622829700776,0.811260113044442,0.08385405431386687,-0.0034356644131663394,0.06874681802569042,False,0.7051574983060462,0.5317792196776668,0.10369136865874709,0.6651621621621622,0.014673514306676448,0.6204169662113588,0.9690048939641109,0.6255924170616114,0.22517766817415422,0.00024455857177794083,0.014673514306676448,0.008559550012227928,0.9652726828075324,0.011249694301785278,0.022743947175348497,0.73112620349506,0.5422678766546734,0.06114767793059199,0.1874064386000851,unsw_nb15_v2,rf_5class_smote,fragile
DoS,R2L,highest_pt,136,0.005024197421404559,16404,0.7426470588235294,0.8150282611104954,0.01212058218477695,0.00033248365288707227,-0.0029866541033995025,True,0.7324340933801863,0.5427532154362423,0.058346478634077686,0.7204864864864865,0.014428955734898509,0.6343158399233165,0.9476289587669461,0.6421800947867299,0.1924646633365374,0.001222792858889704,0.014428955734898509,0.009048667155783811,0.962582538517975,0.012717045732452923,0.022743947175348497,0.73112620349506,0.5422678766546734,0.06114767793059199,0.1874064386000851,unsw_nb15_v2,rf_5class_smote,fragile
DoS,R2L,highest_pt,136,0.005024197421404559,16404,0.7426470588235294,0.8150282611104954,0.01212058218477695,0.00033248365288707227,-0.0029866541033995025,True,0.7324340933801863,0.5427532154362423,0.058346478634077686,0.7204864864864865,0.014428955734898509,0.6343158399233165,0.9476289587669461,0.6421800947867299,0.1924646633365374,0.001222792858889704,0.014428955734898509,0.009048667155783811,0.962582538517975,0.012717045732452923,0.022743947175348497,0.73112620349506,0.5422678766546734,0.06114767793059199,0.1874064386000851,unsw_nb15_v2,rf_5class_smote,fragile
DoS,R2L,highest_pt,136,0.005024197421404559,16404,0.7426470588235294,0.8150282611104954,0.01212058218477695,0.00033248365288707227,-0.0029866541033995025,True,0.7324340933801863,0.5427532154362423,0.058346478634077686,0.7204864864864865,0.014428955734898509,0.6343158399233165,0.9476289587669461,0.6421800947867299,0.1924646633365374,0.001222792858889704,0.014428955734898509,0.009048667155783811,0.962582538517975,0.012717045732452923,0.022743947175348497,0.73112620349506,0.5422678766546734,0.06114767793059199,0.1874064386000851,unsw_nb15_v2,rf_5class_smote,fragile
DoS,R2L,highest_pt,272,0.010048394842809118,16404,0.6544117647058824,0.8150282611104954,0.007165379337421116,0.00033248365288707227,-0.007941856950755336,True,0.7324340933801863,0.5427532154362423,0.06596440687777858,0.7204864864864865,0.014428955734898509,0.6343158399233165,0.9476289587669461,0.6421800947867299,0.1924646633365374,0.001222792858889704,0.014428955734898509,0.009048667155783811,0.962582538517975,0.012717045732452923,0.022743947175348497,0.73112620349506,0.5422678766546734,0.06114767793059199,0.1874064386000851,unsw_nb15_v2,rf_5class_smote,fragile
DoS,R2L,highest_pt,544,0.020096789685618236,16404,0.6194852941176471,0.8134766707303558,0.01706819175754223,-0.0012191067272525613,0.0019609554693657775,True,0.7189297363735208,0.5372554153419866,0.07908845146730605,0.6923513513513514,0.014184397163120567,0.628085310328301,0.9595544805085222,0.6398104265402843,0.20779691464048786,0.0009782342871117633,0.014184397163120567,0.009048667155783811,0.963071655661531,0.012717045732452923,0.022743947175348497,0.73112620349506,0.5422678766546734,0.06114767793059199,0.1874064386000851,unsw_nb15_v2,rf_5class_smote,fragile
DoS,R2L,highest_pt,1360,0.05024197421404559,16404,0.6823529411764706,0.8125531050278917,0.049944582360790656,-0.0021426724297166633,0.034837346072614205,False,0.7128472605222105,0.5335994308479508,0.10381935192861849,0.6805945945945946,0.012227928588897041,0.6204169662113588,0.9645609495415425,0.6398104265402843,0.2167000204850223,0.0007336757153338225,0.012227928588897041,0.00880410858400587,0.9655172413793104,0.012717045732452923,0.022743947175348497,0.73112620349506,0.5422678766546734,0.06114767793059199,0.1874064386000851,unsw_nb15_v2,rf_5class_smote,fragile
DoS,R2L,highest_pt,2707,0.10000369426280986,16404,0.768747691171038,0.8003989803834645,0.1044839106628116,-0.014296797074143885,0.08937667437463515,False,0.6825767006507935,0.5173231714472527,0.1717899209291927,0.6218648648648649,0.0017119100024455857,0.6184998801821232,0.9816054452382291,0.6398104265402843,0.2566300562550228,0.0009782342871117633,0.0017119100024455857,0.010516018586451455,0.9728539985326485,0.013939838591342627,0.022743947175348497,0.73112620349506,0.5422678766546734,0.06114767793059199,0.1874064386000851,unsw_nb15_v2,rf_5class_smote,fragile
R2L,DoS,block_greedy,136,0.005024197421404559,24616,1.0,0.8150652037385939,0.019470042211147752,0.0003694262809855742,0.004362805922971299,True,0.7374135295693418,0.5446026091117799,0.06226048528061815,0.7362162162162162,0.022988505747126436,0.6386292834890965,0.9295719187714463,0.6469194312796208,0.19465498495138747,0.04157056871238117,0.004837711649884682,0.012994318501434439,0.9295719187714463,0.011025482364853463,0.9373910108567249,0.73112620349506,0.5422678766546734,0.06114767793059199,0.1874064386000851,unsw_nb15_v2,rf_5class_smote,stable
R2L,DoS,block_greedy,136,0.005024197421404559,24616,1.0,0.8150652037385939,0.019470042211147752,0.0003694262809855742,0.004362805922971299,True,0.7374135295693418,0.5446026091117799,0.06226048528061815,0.7362162162162162,0.022988505747126436,0.6386292834890965,0.9295719187714463,0.6469194312796208,0.19465498495138747,0.04157056871238117,0.004837711649884682,0.012994318501434439,0.9295719187714463,0.011025482364853463,0.9373910108567249,0.73112620349506,0.5422678766546734,0.06114767793059199,0.1874064386000851,unsw_nb15_v2,rf_5class_smote,stable
R2L,DoS,block_greedy,136,0.005024197421404559,24616,1.0,0.8150652037385939,0.019470042211147752,0.0003694262809855742,0.004362805922971299,True,0.7374135295693418,0.5446026091117799,0.06226048528061815,0.7362162162162162,0.022988505747126436,0.6386292834890965,0.9295719187714463,0.6469194312796208,0.19465498495138747,0.04157056871238117,0.004837711649884682,0.012994318501434439,0.9295719187714463,0.011025482364853463,0.9373910108567249,0.73112620349506,0.5422678766546734,0.06114767793059199,0.1874064386000851,unsw_nb15_v2,rf_5class_smote,stable
R2L,DoS,block_greedy,272,0.010048394842809118,24616,1.0,0.8150652037385939,0.022894144906348942,0.0003694262809855742,0.007786908618172489,True,0.7366256440963741,0.5446259288226555,0.06796372928291299,0.7366216216216216,0.02641232575201761,0.6386292834890965,0.9249592169657422,0.6540284360189573,0.19301618316761476,0.04173932609551668,0.008775383923046633,0.012994318501434439,0.9249592169657422,0.011531754514259999,0.9373910108567249,0.73112620349506,0.5422678766546734,0.06114767793059199,0.1874064386000851,unsw_nb15_v2,rf_5class_smote,stable
R2L,DoS,block_greedy,544,0.020096789685618236,24616,1.0,0.8148066053419041,0.03113311412431055,0.00011082788429572776,0.0160258778361341,False,0.735727454657191,0.5406830652967923,0.06727479367852825,0.7367027027027027,0.02959158718513084,0.6386292834890965,0.9207402823873544,0.6587677725118484,0.1910937426135737,0.04173932609551668,0.010687967598582438,0.012994318501434439,0.9207402823873544,0.013838105417112,0.9373910108567249,0.73112620349506,0.5422678766546734,0.06114767793059199,0.1874064386000851,unsw_nb15_v2,rf_5class_smote,stable
R2L,DoS,block_greedy,1360,0.05024197421404559,24616,0.9926470588235294,0.8148066053419041,0.05866173090628442,0.00011082788429572776,0.04355449461810797,False,0.735727454657191,0.5406830652967923,0.06793811865639382,0.7367027027027027,0.02959158718513084,0.6386292834890965,0.9207402823873544,0.6587677725118484,0.1910937426135737,0.04173932609551668,0.010687967598582438,0.012994318501434439,0.9207402823873544,0.013838105417112,0.9373910108567249,0.73112620349506,0.5422678766546734,0.06114767793059199,0.1874064386000851,unsw_nb15_v2,rf_5class_smote,stable
R2L,DoS,block_greedy,2707,0.10000369426280986,24616,0.976727004063539,0.8145480069452141,0.10775352698848016,-0.00014777051239422967,0.09264629070030371,False,0.7372244370558295,0.5421405069721774,0.05963549761070724,0.7411351351351352,0.03521643433602348,0.6381500119817877,0.9162963379647859,0.6327014218009479,0.19508044310678999,0.04466445406986556,0.012769308657253755,0.012994318501434439,0.9162963379647859,0.013275580806660291,0.9373910108567249,0.73112620349506,0.5422678766546734,0.06114767793059199,0.1874064386000851,unsw_nb15_v2,rf_5class_smote,stable
R2L,DoS,block_greedy_stealth,136,0.005024197421404559,3870,0.9338235294117647,0.8146218922014112,0.019133952268040717,-7.388525619711483e-05,0.0040267159798642645,True,0.7330801594680197,0.5429897565456314,0.057714834336153674,0.7264594594594594,0.022988505747126436,0.6386292834890965,0.934409630421331,0.6469194312796208,0.18789492759332505,0.03673285706249648,0.004837711649884682,0.012994318501434439,0.934409630421331,0.011025482364853463,0.9373910108567249,0.73112620349506,0.5422678766546734,0.06114767793059199,0.1874064386000851,unsw_nb15_v2,rf_5class_smote,stable
R2L,DoS,block_greedy_stealth,136,0.005024197421404559,3870,0.9338235294117647,0.8146218922014112,0.019133952268040717,-7.388525619711483e-05,0.0040267159798642645,True,0.7330801594680197,0.5429897565456314,0.057714834336153674,0.7264594594594594,0.022988505747126436,0.6386292834890965,0.934409630421331,0.6469194312796208,0.18789492759332505,0.03673285706249648,0.004837711649884682,0.012994318501434439,0.934409630421331,0.011025482364853463,0.9373910108567249,0.73112620349506,0.5422678766546734,0.06114767793059199,0.1874064386000851,unsw_nb15_v2,rf_5class_smote,stable
R2L,DoS,block_greedy_stealth,136,0.005024197421404559,3870,0.9338235294117647,0.8146218922014112,0.019133952268040717,-7.388525619711483e-05,0.0040267159798642645,True,0.7330801594680197,0.5429897565456314,0.057714834336153674,0.7264594594594594,0.022988505747126436,0.6386292834890965,0.934409630421331,0.6469194312796208,0.18789492759332505,0.03673285706249648,0.004837711649884682,0.012994318501434439,0.934409630421331,0.011025482364853463,0.9373910108567249,0.73112620349506,0.5422678766546734,0.06114767793059199,0.1874064386000851,unsw_nb15_v2,rf_5class_smote,stable
R2L,DoS,block_greedy_stealth,272,0.010048394842809118,3870,0.8455882352941176,0.8145110643171155,0.020725008740398503,-0.0001847131404928426,0.00561777245222205,True,0.7323080317045114,0.5451209073062386,0.061838621995286745,0.7278378378378378,0.03203717290291025,0.6362329259525521,0.9266467907970973,0.6729857819905213,0.18382943855281197,0.03718287675085785,0.012206784046802048,0.01158800697530517,0.9266467907970973,0.01237554142993756,0.9373910108567249,0.73112620349506,0.5422678766546734,0.06114767793059199,0.1874064386000851,unsw_nb15_v2,rf_5class_smote,stable
R2L,DoS,block_greedy_stealth,544,0.020096789685618236,3870,0.8621323529411765,0.8139199822675385,0.027466089556523406,-0.0007757951900698723,0.012358853268346954,False,0.7335686484612597,0.548729546398031,0.06325137869541175,0.7305675675675676,0.03643922719491318,0.6872753414809489,0.9124711706137143,0.6729857819905213,0.1748633018704401,0.03774540136130956,0.012600551274118243,0.02480733532092029,0.9124711706137143,0.01237554142993756,0.9373910108567249,0.73112620349506,0.5422678766546734,0.06114767793059199,0.1874064386000851,unsw_nb15_v2,rf_5class_smote,stable
R2L,DoS,block_greedy_stealth,1360,0.05024197421404559,3870,0.8492647058823529,0.7702168532269386,0.05355768170442424,-0.04447892423066979,0.038450445416247786,False,0.7095696569546651,0.6041082657476958,0.08180403804168326,0.7330540540540541,0.6341403766202005,0.7119578241073569,0.6779546605163976,0.6895734597156398,0.056018657127999874,0.03853293581594195,0.2288912639927997,0.041289306407155314,0.6779546605163976,0.013331833267705461,0.9373910108567249,0.73112620349506,0.5422678766546734,0.06114767793059199,0.1874064386000851,unsw_nb15_v2,rf_5class_smote,stable
R2L,DoS,block_greedy_stealth,2707,0.10000369426280986,3870,0.842630217953454,0.7687760907310947,0.09678444289671392,-0.0459196867265137,0.08167720660853747,False,0.6985550180425774,0.5673377810085127,0.11811758097974898,0.7378108108108108,0.6676449009537784,0.7193865324706447,0.6160207009056646,0.8270142180094787,0.027071744851168433,0.04123305394611014,0.25223603532654554,0.051020982167969846,0.6160207009056646,0.03948922765370985,0.9373910108567249,0.73112620349506,0.5422678766546734,0.06114767793059199,0.1874064386000851,unsw_nb15_v2,rf_5class_smote,stable
R2L,DoS,random,136,0.005024197421404559,24616,0.4411764705882353,0.8146588348295097,0.019923498196995848,-3.694262809861293e-05,0.004816261908819395,True,0.729834071319393,0.5407294560519078,0.05516465569519997,0.7194594594594594,0.022743947175348497,0.6383896477354422,0.9375035157788153,0.6469194312796208,0.18620885268117426,0.033751476627102435,0.004837711649884682,0.012994318501434439,0.9375035157788153,0.01091297744276312,0.9373910108567249,0.73112620349506,0.5422678766546734,0.06114767793059199,0.1874064386000851,unsw_nb15_v2,rf_5class_smote,stable
R2L,DoS,random,136,0.005024197421404559,24616,0.4411764705882353,0.8146588348295097,0.019923498196995848,-3.694262809861293e-05,0.004816261908819395,True,0.729834071319393,0.5407294560519078,0.05516465569519997,0.7194594594594594,0.022743947175348497,0.6383896477354422,0.9375035157788153,0.6469194312796208,0.18620885268117426,0.033751476627102435,0.004837711649884682,0.012994318501434439,0.9375035157788153,0.01091297744276312,0.9373910108567249,0.73112620349506,0.5422678766546734,0.06114767793059199,0.1874064386000851,unsw_nb15_v2,rf_5class_smote,stable
R2L,DoS,random,136,0.005024197421404559,24616,0.4411764705882353,0.8146588348295097,0.019923498196995848,-3.694262809861293e-05,0.004816261908819395,True,0.729834071319393,0.5407294560519078,0.05516465569519997,0.7194594594594594,0.022743947175348497,0.6383896477354422,0.9375035157788153,0.6469194312796208,0.18620885268117426,0.033751476627102435,0.004837711649884682,0.012994318501434439,0.9375035157788153,0.01091297744276312,0.9373910108567249,0.73112620349506,0.5422678766546734,0.06114767793059199,0.1874064386000851,unsw_nb15_v2,rf_5class_smote,stable
R2L,DoS,random,272,0.010048394842809118,24616,0.43014705882352944,0.8151760316228897,0.02438170460918488,0.00048025416528130194,0.009274468321008427,True,0.735995335718,0.5430000325573728,0.07043274053437293,0.7335945945945946,0.022743947175348497,0.6383896477354422,0.9300781909208528,0.6469194312796208,0.19328406422842376,0.04117680148506497,0.004837711649884682,0.012994318501434439,0.9300781909208528,0.01091297744276312,0.9373910108567249,0.73112620349506,0.5422678766546734,0.06114767793059199,0.1874064386000851,unsw_nb15_v2,rf_5class_smote,stable
R2L,DoS,random,544,0.020096789685618236,24616,0.4430147058823529,0.8151760316228897,0.03238310234306924,0.00048025416528130194,0.017275866054892786,False,0.7359165471707033,0.5430223155427848,0.07268030802395575,0.733081081081081,0.022743947175348497,0.6374311047208243,0.9310907352196659,0.6469194312796208,0.1935046721608547,0.04117680148506497,0.004837711649884682,0.011981774202621365,0.9310907352196659,0.01091297744276312,0.9373910108567249,0.73112620349506,0.5422678766546734,0.06114767793059199,0.1874064386000851,unsw_nb15_v2,rf_5class_smote,stable
R2L,DoS,random,1360,0.05024197421404559,24616,0.4360294117647059,0.8152868595071854,0.05860479656225257,0.0005910820495770297,0.04349756027407612,False,0.7360898819747561,0.5454411306655275,0.08013809910581501,0.7349729729729729,0.028124235754463194,0.636712197459861,0.9267030432581426,0.6469194312796208,0.19123556199870786,0.04162682117342634,0.009675423299769365,0.011081734825898634,0.9267030432581426,0.01091297744276312,0.9373910108567249,0.73112620349506,0.5422678766546734,0.06114767793059199,0.1874064386000851,unsw_nb15_v2,rf_5class_smote,stable
R2L,DoS,random,2707,0.10000369426280986,24616,0.4347986701145179,0.8149543758542983,0.10151184667853398,0.00025859839668995743,0.08640461039035753,False,0.7353177542112479,0.5486867178344514,0.10078851377253045,0.7344324324324324,0.03766202005380288,0.6331176611550443,0.9233278955954323,0.6635071090047393,0.19087313468114275,0.04123305394611014,0.012881813579344096,0.01096922990380829,0.9233278955954323,0.01158800697530517,0.9373910108567249,0.73112620349506,0.5422678766546734,0.06114767793059199,0.1874064386000851,unsw_nb15_v2,rf_5class_smote,stable
R2L,DoS,highest_pt,136,0.005024197421404559,24616,1.0,0.8146957774576083,0.020009753240867314,0.0,0.004902516952690861,True,0.73112620349506,0.5422678766546734,0.05628943500876943,0.7217027027027026,0.022743947175348497,0.6386292834890965,0.9373910108567249,0.6469194312796208,0.1874064386000851,0.033751476627102435,0.004837711649884682,0.012994318501434439,0.9373910108567249,0.011025482364853463,0.9373910108567249,0.73112620349506,0.5422678766546734,0.06114767793059199,0.1874064386000851,unsw_nb15_v2,rf_5class_smote,stable
R2L,DoS,highest_pt,136,0.005024197421404559,24616,1.0,0.8146957774576083,0.020009753240867314,0.0,0.004902516952690861,True,0.73112620349506,0.5422678766546734,0.05628943500876943,0.7217027027027026,0.022743947175348497,0.6386292834890965,0.9373910108567249,0.6469194312796208,0.1874064386000851,0.033751476627102435,0.004837711649884682,0.012994318501434439,0.9373910108567249,0.011025482364853463,0.9373910108567249,0.73112620349506,0.5422678766546734,0.06114767793059199,0.1874064386000851,unsw_nb15_v2,rf_5class_smote,stable
R2L,DoS,highest_pt,136,0.005024197421404559,24616,1.0,0.8146957774576083,0.020009753240867314,0.0,0.004902516952690861,True,0.73112620349506,0.5422678766546734,0.05628943500876943,0.7217027027027026,0.022743947175348497,0.6386292834890965,0.9373910108567249,0.6469194312796208,0.1874064386000851,0.033751476627102435,0.004837711649884682,0.012994318501434439,0.9373910108567249,0.011025482364853463,0.9373910108567249,0.73112620349506,0.5422678766546734,0.06114767793059199,0.1874064386000851,unsw_nb15_v2,rf_5class_smote,stable
R2L,DoS,highest_pt,272,0.010048394842809118,24616,1.0,0.8146957774576083,0.023298583264508805,0.0,0.008191346976332352,True,0.73112620349506,0.5422678766546734,0.06272606579006776,0.7217027027027026,0.022743947175348497,0.6386292834890965,0.9373910108567249,0.6469194312796208,0.1874064386000851,0.033751476627102435,0.004837711649884682,0.012994318501434439,0.9373910108567249,0.011025482364853463,0.9373910108567249,0.73112620349506,0.5422678766546734,0.06114767793059199,0.1874064386000851,unsw_nb15_v2,rf_5class_smote,stable
R2L,DoS,highest_pt,544,0.020096789685618236,24616,0.9981617647058824,0.8146957774576083,0.031174812713464794,0.0,0.01606757642528834,False,0.73112620349506,0.5422678766546734,0.06275286329653508,0.7217027027027026,0.022743947175348497,0.6386292834890965,0.9373910108567249,0.6469194312796208,0.1874064386000851,0.033751476627102435,0.004837711649884682,0.012994318501434439,0.9373910108567249,0.011025482364853463,0.9373910108567249,0.73112620349506,0.5422678766546734,0.06114767793059199,0.1874064386000851,unsw_nb15_v2,rf_5class_smote,stable
R2L,DoS,highest_pt,1360,0.05024197421404559,24616,0.9919117647058824,0.8146957774576083,0.058799187827083294,0.0,0.04369195153890684,False,0.73112620349506,0.5422678766546734,0.06266223366266754,0.7217027027027026,0.022743947175348497,0.6386292834890965,0.9373910108567249,0.6469194312796208,0.1874064386000851,0.033751476627102435,0.004837711649884682,0.012994318501434439,0.9373910108567249,0.011025482364853463,0.9373910108567249,0.73112620349506,0.5422678766546734,0.06114767793059199,0.1874064386000851,unsw_nb15_v2,rf_5class_smote,stable
R2L,DoS,highest_pt,2707,0.10000369426280986,24616,0.9763575914296269,0.8147696627138055,0.10844929920523207,7.388525619711483e-05,0.09334206291705562,False,0.7392099084477081,0.5440462287045815,0.060195275362002996,0.7409729729729729,0.024700415749572022,0.6381500119817877,0.9263655284918715,0.6232227488151659,0.19892532421487213,0.04466445406986556,0.005118973955110536,0.012994318501434439,0.9263655284918715,0.01085672498171795,0.9373910108567249,0.73112620349506,0.5422678766546734,0.06114767793059199,0.1874064386000851,unsw_nb15_v2,rf_5class_smote,stable
DoS,R2L,block_greedy,136,0.005024197421404559,16404,0.8235294117647058,0.8207913110938713,0.013394936857425772,-0.0004063689090841871,-0.0005678527093672323,True,0.7444099525692945,0.5677579613180636,0.08622162089625098,0.7464864864864865,0.05918317437026168,0.6669063024203211,0.916633852731057,0.7132701421800948,0.1349805392288177,0.0007336757153338225,0.05918317437026168,0.025189532893127906,0.9021765712888237,0.012717045732452923,0.09024211298606016,0.7422826617922819,0.5742208464441194,0.08485134016225004,0.12730653472211279,unsw_nb15_v2,xgb_5class_smote,fragile
DoS,R2L,block_greedy,136,0.005024197421404559,16404,0.8235294117647058,0.8207913110938713,0.013394936857425772,-0.0004063689090841871,-0.0005678527093672323,True,0.7444099525692945,0.5677579613180636,0.08622162089625098,0.7464864864864865,0.05918317437026168,0.6669063024203211,0.916633852731057,0.7132701421800948,0.1349805392288177,0.0007336757153338225,0.05918317437026168,0.025189532893127906,0.9021765712888237,0.012717045732452923,0.09024211298606016,0.7422826617922819,0.5742208464441194,0.08485134016225004,0.12730653472211279,unsw_nb15_v2,xgb_5class_smote,fragile
DoS,R2L,block_greedy,136,0.005024197421404559,16404,0.8235294117647058,0.8207913110938713,0.013394936857425772,-0.0004063689090841871,-0.0005678527093672323,True,0.7444099525692945,0.5677579613180636,0.08622162089625098,0.7464864864864865,0.05918317437026168,0.6669063024203211,0.916633852731057,0.7132701421800948,0.1349805392288177,0.0007336757153338225,0.05918317437026168,0.025189532893127906,0.9021765712888237,0.012717045732452923,0.09024211298606016,0.7422826617922819,0.5742208464441194,0.08485134016225004,0.12730653472211279,unsw_nb15_v2,xgb_5class_smote,fragile
DoS,R2L,block_greedy,272,0.010048394842809118,16404,0.7022058823529411,0.8206435405814769,0.009023824847474542,-0.0005541394214785278,-0.004938964719318463,True,0.744472983407132,0.5673347459742475,0.08578306471122538,0.7464054054054055,0.058204940083149914,0.6666666666666666,0.9175338921077797,0.7037914691943128,0.13553205905989504,0.0007336757153338225,0.058204940083149914,0.025189532893127906,0.9033993641477134,0.012472487160674981,0.09024211298606016,0.7422826617922819,0.5742208464441194,0.08485134016225004,0.12730653472211279,unsw_nb15_v2,xgb_5class_smote,fragile
DoS,R2L,block_greedy,544,0.020096789685618236,16404,0.6875,0.8190180649451402,0.00871208024050644,-0.002179615057815276,-0.005250709326286565,True,0.7254219126707742,0.5646610972401439,0.08190760821469474,0.7048108108108108,0.05796038151137197,0.6419841840402588,0.9425099848118356,0.6800947867298578,0.16898567624210145,0.0004891171435558817,0.05796038151137197,0.008559550012227928,0.9212521398875031,0.01173881144534116,0.09024211298606016,0.7422826617922819,0.5742208464441194,0.08485134016225004,0.12730653472211279,unsw_nb15_v2,xgb_5class_smote,fragile
DoS,R2L,block_greedy,1360,0.05024197421404559,16404,0.7125,0.8176142450773948,0.0457164261027286,-0.00358343492556068,0.031753636535935596,False,0.7251540316099652,0.5482504037411644,0.09885852419423677,0.7047567567567568,0.010026901442895574,0.6412652767792955,0.9529729425662373,0.6753554502369669,0.17656513449205025,0.0004891171435558817,0.010026901442895574,0.010760577158229395,0.9674737099535339,0.011249694301785278,0.09024211298606016,0.7422826617922819,0.5742208464441194,0.08485134016225004,0.12730653472211279,unsw_nb15_v2,xgb_5class_smote,fragile
DoS,R2L,block_greedy,2707,0.10000369426280986,16404,0.7672700406353897,0.8031696774908567,0.10544717700645903,-0.018028002512098795,0.09148438743966603,False,0.6848930839413183,0.5290583145750166,0.1789905898941399,0.6271891891891892,0.0,0.6386292834890965,0.9736175957698149,0.6753554502369669,0.22818739068089064,0.00024455857177794083,0.0,0.009782342871117632,0.9787234042553191,0.011249694301785278,0.09024211298606016,0.7422826617922819,0.5742208464441194,0.08485134016225004,0.12730653472211279,unsw_nb15_v2,xgb_5class_smote,fragile
DoS,R2L,block_greedy_stealth,63,0.0023273855702094647,1254,0.873015873015873,0.8213085078872511,0.012260358409083806,0.00011082788429561674,-0.001702431157709199,True,0.7379492916909598,0.5724250336379036,0.08637097388143088,0.7373243243243244,0.08999755441428223,0.6685837526959022,0.9051583506778421,0.7132701421800948,0.1324277902964025,0.0007336757153338225,0.08999755441428223,0.03154805575935436,0.8647591098067987,0.012961604304230863,0.09024211298606016,0.7422826617922819,0.5742208464441194,0.08485134016225004,0.12730653472211279,unsw_nb15_v2,xgb_5class_smote,fragile
DoS,R2L,block_greedy_stealth,63,0.0023273855702094647,1254,0.873015873015873,0.8213085078872511,0.012260358409083806,0.00011082788429561674,-0.001702431157709199,True,0.7379492916909598,0.5724250336379036,0.08637097388143088,0.7373243243243244,0.08999755441428223,0.6685837526959022,0.9051583506778421,0.7132701421800948,0.1324277902964025,0.0007336757153338225,0.08999755441428223,0.03154805575935436,0.8647591098067987,0.012961604304230863,0.09024211298606016,0.7422826617922819,0.5742208464441194,0.08485134016225004,0.12730653472211279,unsw_nb15_v2,xgb_5class_smote,fragile
DoS,R2L,block_greedy_stealth,189,0.0069821567106283944,1254,0.8359788359788359,0.8210499094905611,0.014607944109474828,-0.0001477705123943407,0.0006451545426818233,True,0.7332534942720726,0.5705044642780445,0.0949698734160113,0.727081081081081,0.08975299584250428,0.6685837526959022,0.9097710524835462,0.7132701421800948,0.13969209435716423,0.0007336757153338225,0.08975299584250428,0.03154805575935436,0.8647591098067987,0.013206162876008804,0.09024211298606016,0.7422826617922819,0.5742208464441194,0.08485134016225004,0.12730653472211279,unsw_nb15_v2,xgb_5class_smote,fragile
DoS,R2L,block_greedy_stealth,315,0.011636927851047323,1254,0.7682539682539683,0.8210499094905611,0.01779059052722721,-0.0001477705123943407,0.0038278009604342036,True,0.7332534942720726,0.5705044642780445,0.1026453158783421,0.727081081081081,0.08975299584250428,0.6685837526959022,0.9097710524835462,0.7132701421800948,0.13969209435716423,0.0007336757153338225,0.08975299584250428,0.03154805575935436,0.8647591098067987,0.013206162876008804,0.09024211298606016,0.7422826617922819,0.5742208464441194,0.08485134016225004,0.12730653472211279,unsw_nb15_v2,xgb_5class_smote,fragile
DoS,R2L,block_greedy_stealth,567,0.02094647013188518,1254,0.5379188712522046,0.820976024234364,0.02455298854675154,-0.00022165576859145553,0.010590198979958537,False,0.7337104678463938,0.5716065503640461,0.12447551620442777,0.7275135135135136,0.08999755441428223,0.6681044811885933,0.9105023344771334,0.7156398104265402,0.14033816044499772,0.0007336757153338225,0.08999755441428223,0.030814380044020543,0.8652482269503546,0.013206162876008804,0.09024211298606016,0.7422826617922819,0.5742208464441194,0.08485134016225004,0.12730653472211279,unsw_nb15_v2,xgb_5class_smote,fragile
DoS,R2L,block_greedy_stealth,1254,0.04632605563559792,1254,0.2583732057416268,0.8202371716723927,0.050743210218248916,-0.0009605083305627149,0.03678042065145591,False,0.7240194765288918,0.5667573326796805,0.16310791627234125,0.7086216216216216,0.08999755441428223,0.6681044811885933,0.9152837936659729,0.7132701421800948,0.1508012795260081,0.0007336757153338225,0.08999755441428223,0.030814380044020543,0.8654927855221326,0.012961604304230863,0.09024211298606016,0.7422826617922819,0.5742208464441194,0.08485134016225004,0.12730653472211279,unsw_nb15_v2,xgb_5class_smote,fragile
DoS,R2L,random,136,0.005024197421404559,16404,0.1323529411764706,0.8211607373748568,0.01595276868602106,-3.694262809861293e-05,0.001989979119228054,True,0.741888719055798,0.5737223765780404,0.08984490590418794,0.7458648648648649,0.09024211298606016,0.6685837526959022,0.9013894357878157,0.7132701421800948,0.12691259198562896,0.0007336757153338225,0.09024211298606016,0.03154805575935436,0.8647591098067987,0.012717045732452923,0.09024211298606016,0.7422826617922819,0.5742208464441194,0.08485134016225004,0.12730653472211279,unsw_nb15_v2,xgb_5class_smote,fragile
DoS,R2L,random,136,0.005024197421404559,16404,0.1323529411764706,0.8211607373748568,0.01595276868602106,-3.694262809861293e-05,0.001989979119228054,True,0.741888719055798,0.5737223765780404,0.08984490590418794,0.7458648648648649,0.09024211298606016,0.6685837526959022,0.9013894357878157,0.7132701421800948,0.12691259198562896,0.0007336757153338225,0.09024211298606016,0.03154805575935436,0.8647591098067987,0.012717045732452923,0.09024211298606016,0.7422826617922819,0.5742208464441194,0.08485134016225004,0.12730653472211279,unsw_nb15_v2,xgb_5class_smote,fragile
DoS,R2L,random,136,0.005024197421404559,16404,0.1323529411764706,0.8211607373748568,0.01595276868602106,-3.694262809861293e-05,0.001989979119228054,True,0.741888719055798,0.5737223765780404,0.08984490590418794,0.7458648648648649,0.09024211298606016,0.6685837526959022,0.9013894357878157,0.7132701421800948,0.12691259198562896,0.0007336757153338225,0.09024211298606016,0.03154805575935436,0.8647591098067987,0.012717045732452923,0.09024211298606016,0.7422826617922819,0.5742208464441194,0.08485134016225004,0.12730653472211279,unsw_nb15_v2,xgb_5class_smote,fragile
DoS,R2L,random,272,0.010048394842809118,16404,0.15073529411764705,0.8211976800029555,0.017919802758525522,0.0,0.0039570131917325176,True,0.741573564866611,0.5731505218226767,0.08680194436048978,0.7453243243243243,0.09024211298606016,0.6685837526959022,0.9014456882488608,0.7109004739336493,0.12675501489103544,0.0007336757153338225,0.09024211298606016,0.03154805575935436,0.8647591098067987,0.012717045732452923,0.09024211298606016,0.7422826617922819,0.5742208464441194,0.08485134016225004,0.12730653472211279,unsw_nb15_v2,xgb_5class_smote,fragile
DoS,R2L,random,544,0.020096789685618236,16404,0.15073529411764705,0.8208651963500684,0.022658549857493642,-0.00033248365288707227,0.008695760290700637,True,0.7344983533193615,0.5707305202104924,0.07965874672274897,0.7288918918918919,0.09024211298606016,0.6549245147375988,0.9137649772177533,0.7037914691943128,0.1413151384314776,0.0007336757153338225,0.09024211298606016,0.024455857177794083,0.871851308388359,0.012717045732452923,0.09024211298606016,0.7422826617922819,0.5742208464441194,0.08485134016225004,0.12730653472211279,unsw_nb15_v2,xgb_5class_smote,fragile
DoS,R2L,random,1360,0.05024197421404559,16404,0.15588235294117647,0.8193136059699287,0.03459110259059971,-0.0018840740330267058,0.020628313023806702,False,0.7244134192653756,0.5723896210571515,0.09539003178308539,0.7041891891891892,0.08632917583761311,0.6395878265037144,0.9342408730381955,0.6800947867298578,0.16503049116780386,0.0004891171435558817,0.08632917583761311,0.007825874296894107,0.8938615798483737,0.011494252873563218,0.09024211298606016,0.7422826617922819,0.5742208464441194,0.08485134016225004,0.12730653472211279,unsw_nb15_v2,xgb_5class_smote,fragile
DoS,R2L,random,2707,0.10000369426280986,16404,0.14702622829700776,0.818020613986479,0.07727382432828973,-0.003177066016476493,0.06331103476149673,False,0.7221600668126881,0.5714578599523028,0.10925387418447981,0.6957567567567567,0.07532404010760577,0.6352743829379344,0.9475727063059008,0.6682464454976303,0.17602937237043223,0.0004891171435558817,0.07532404010760577,0.006603081438004402,0.9065786255808266,0.011005135730007337,0.09024211298606016,0.7422826617922819,0.5742208464441194,0.08485134016225004,0.12730653472211279,unsw_nb15_v2,xgb_5class_smote,fragile
DoS,R2L,highest_pt,136,0.005024197421404559,16404,0.8235294117647058,0.8207913110938713,0.013394936857425772,-0.0004063689090841871,-0.0005678527093672323,True,0.7444099525692945,0.5677579613180636,0.08622162089625098,0.7464864864864865,0.05918317437026168,0.6669063024203211,0.916633852731057,0.7132701421800948,0.1349805392288177,0.0007336757153338225,0.05918317437026168,0.025189532893127906,0.9021765712888237,0.012717045732452923,0.09024211298606016,0.7422826617922819,0.5742208464441194,0.08485134016225004,0.12730653472211279,unsw_nb15_v2,xgb_5class_smote,fragile
DoS,R2L,highest_pt,136,0.005024197421404559,16404,0.8235294117647058,0.8207913110938713,0.013394936857425772,-0.0004063689090841871,-0.0005678527093672323,True,0.7444099525692945,0.5677579613180636,0.08622162089625098,0.7464864864864865,0.05918317437026168,0.6669063024203211,0.916633852731057,0.7132701421800948,0.1349805392288177,0.0007336757153338225,0.05918317437026168,0.025189532893127906,0.9021765712888237,0.012717045732452923,0.09024211298606016,0.7422826617922819,0.5742208464441194,0.08485134016225004,0.12730653472211279,unsw_nb15_v2,xgb_5class_smote,fragile
DoS,R2L,highest_pt,136,0.005024197421404559,16404,0.8235294117647058,0.8207913110938713,0.013394936857425772,-0.0004063689090841871,-0.0005678527093672323,True,0.7444099525692945,0.5677579613180636,0.08622162089625098,0.7464864864864865,0.05918317437026168,0.6669063024203211,0.916633852731057,0.7132701421800948,0.1349805392288177,0.0007336757153338225,0.05918317437026168,0.025189532893127906,0.9021765712888237,0.012717045732452923,0.09024211298606016,0.7422826617922819,0.5742208464441194,0.08485134016225004,0.12730653472211279,unsw_nb15_v2,xgb_5class_smote,fragile
DoS,R2L,highest_pt,272,0.010048394842809118,16404,0.7058823529411765,0.8206435405814769,0.008965275783795053,-0.0005541394214785278,-0.0049975137829979515,True,0.744472983407132,0.5673347459742475,0.0856591560794641,0.7464054054054055,0.058204940083149914,0.6666666666666666,0.9175338921077797,0.7037914691943128,0.13553205905989504,0.0007336757153338225,0.058204940083149914,0.025189532893127906,0.9033993641477134,0.012472487160674981,0.09024211298606016,0.7422826617922819,0.5742208464441194,0.08485134016225004,0.12730653472211279,unsw_nb15_v2,xgb_5class_smote,fragile
DoS,R2L,highest_pt,544,0.020096789685618236,16404,0.6875,0.8190180649451402,0.008752788360405115,-0.002179615057815276,-0.00521000120638789,True,0.7254219126707742,0.5646610972401439,0.08194345441808387,0.7048108108108108,0.05796038151137197,0.6419841840402588,0.9425099848118356,0.6800947867298578,0.16898567624210145,0.0004891171435558817,0.05796038151137197,0.008559550012227928,0.9212521398875031,0.01173881144534116,0.09024211298606016,0.7422826617922819,0.5742208464441194,0.08485134016225004,0.12730653472211279,unsw_nb15_v2,xgb_5class_smote,fragile
DoS,R2L,highest_pt,1360,0.05024197421404559,16404,0.7139705882352941,0.8176142450773948,0.046052939329943976,-0.00358343492556068,0.03209014976315097,False,0.7251540316099652,0.5482504037411644,0.09861524609827299,0.7047567567567568,0.010026901442895574,0.6412652767792955,0.9529729425662373,0.6753554502369669,0.17656513449205025,0.0004891171435558817,0.010026901442895574,0.010760577158229395,0.9674737099535339,0.011249694301785278,0.09024211298606016,0.7422826617922819,0.5742208464441194,0.08485134016225004,0.12730653472211279,unsw_nb15_v2,xgb_5class_smote,fragile
DoS,R2L,highest_pt,2707,0.10000369426280986,16404,0.768747691171038,0.8032066201189553,0.10545676587024068,-0.017991059884000182,0.09149397630344767,False,0.6847827799751028,0.5288757416934352,0.17869574612890515,0.6272162162162163,0.0,0.6391085549964055,0.9730550711593632,0.6753554502369669,0.22817163297143128,0.00024455857177794083,0.0,0.010271460014673514,0.9782342871117633,0.011249694301785278,0.09024211298606016,0.7422826617922819,0.5742208464441194,0.08485134016225004,0.12730653472211279,unsw_nb15_v2,xgb_5class_smote,fragile
R2L,DoS,block_greedy,136,0.005024197421404559,24616,1.0,0.821234622631054,0.017581806523804894,3.6942628098501906e-05,0.003619016957011889,True,0.7422984195017412,0.5741270606392226,0.08982537488039544,0.7465945945945945,0.09024211298606016,0.6685837526959022,0.9013331833267706,0.7132701421800948,0.12724350388427538,0.03960173257580019,0.02469483039882995,0.02019463351521629,0.9013331833267706,0.014175620183383022,0.9013894357878157,0.7422826617922819,0.5742208464441194,0.08485134016225004,0.12730653472211279,unsw_nb15_v2,xgb_5class_smote,stable
R2L,DoS,block_greedy,136,0.005024197421404559,24616,1.0,0.821234622631054,0.017581806523804894,3.6942628098501906e-05,0.003619016957011889,True,0.7422984195017412,0.5741270606392226,0.08982537488039544,0.7465945945945945,0.09024211298606016,0.6685837526959022,0.9013331833267706,0.7132701421800948,0.12724350388427538,0.03960173257580019,0.02469483039882995,0.02019463351521629,0.9013331833267706,0.014175620183383022,0.9013894357878157,0.7422826617922819,0.5742208464441194,0.08485134016225004,0.12730653472211279,unsw_nb15_v2,xgb_5class_smote,stable
R2L,DoS,block_greedy,136,0.005024197421404559,24616,1.0,0.821234622631054,0.017581806523804894,3.6942628098501906e-05,0.003619016957011889,True,0.7422984195017412,0.5741270606392226,0.08982537488039544,0.7465945945945945,0.09024211298606016,0.6685837526959022,0.9013331833267706,0.7132701421800948,0.12724350388427538,0.03960173257580019,0.02469483039882995,0.02019463351521629,0.9013331833267706,0.014175620183383022,0.9013894357878157,0.7422826617922819,0.5742208464441194,0.08485134016225004,0.12730653472211279,unsw_nb15_v2,xgb_5class_smote,stable
R2L,DoS,block_greedy,272,0.010048394842809118,24616,1.0,0.821234622631054,0.021305959353697487,3.6942628098501906e-05,0.007343169786904483,True,0.7422984195017412,0.5741270606392226,0.08262015599294942,0.7465945945945945,0.09024211298606016,0.6685837526959022,0.9013331833267706,0.7132701421800948,0.12724350388427538,0.03960173257580019,0.02469483039882995,0.02019463351521629,0.9013331833267706,0.014175620183383022,0.9013894357878157,0.7422826617922819,0.5742208464441194,0.08485134016225004,0.12730653472211279,unsw_nb15_v2,xgb_5class_smote,stable
R2L,DoS,block_greedy,544,0.020096789685618236,24616,0.9963235294117647,0.821234622631054,0.02983958554749589,3.6942628098501906e-05,0.015876795980702886,False,0.7422984195017412,0.5741270606392226,0.07845040448057157,0.7465945945945945,0.09024211298606016,0.6685837526959022,0.9013331833267706,0.7132701421800948,0.12724350388427538,0.03960173257580019,0.02469483039882995,0.02019463351521629,0.9013331833267706,0.014175620183383022,0.9013894357878157,0.7422826617922819,0.5742208464441194,0.08485134016225004,0.12730653472211279,unsw_nb15_v2,xgb_5class_smote,stable
R2L,DoS,block_greedy,1360,0.05024197421404559,24616,0.9955882352941177,0.821234622631054,0.05785860266970559,3.6942628098501906e-05,0.04389581310291259,False,0.7422984195017412,0.5741270606392226,0.0728982575041321,0.7465945945945945,0.09024211298606016,0.6685837526959022,0.9013331833267706,0.7132701421800948,0.12724350388427538,0.03960173257580019,0.02469483039882995,0.02019463351521629,0.9013331833267706,0.014175620183383022,0.9013894357878157,0.7422826617922819,0.5742208464441194,0.08485134016225004,0.12730653472211279,unsw_nb15_v2,xgb_5class_smote,stable
R2L,DoS,block_greedy,2707,0.10000369426280986,24616,0.9870705578130772,0.821234622631054,0.10849061609094397,3.6942628098501906e-05,0.09452782652415097,False,0.7422984195017412,0.5741381666345952,0.05066112391114322,0.7465945945945945,0.09024211298606016,0.6685837526959022,0.9013331833267706,0.7132701421800948,0.12724350388427538,0.03960173257580019,0.02469483039882995,0.02019463351521629,0.9013331833267706,0.014175620183383022,0.9013894357878157,0.7422826617922819,0.5742208464441194,0.08485134016225004,0.12730653472211279,unsw_nb15_v2,xgb_5class_smote,stable
R2L,DoS,block_greedy_stealth,136,0.005024197421404559,3831,0.8970588235294118,0.8214932210277439,0.017251295529794892,0.00029554102478845934,0.003288505963001887,True,0.7422196309544444,0.5741456375718906,0.08411193104668119,0.7471891891891892,0.09073123012961604,0.6762520968128445,0.8979017832030152,0.7132701421800948,0.1256362175194214,0.03988299488102604,0.025313607470326828,0.0226697418012038,0.8979017832030152,0.014231872644428194,0.9013894357878157,0.7422826617922819,0.5742208464441194,0.08485134016225004,0.12730653472211279,unsw_nb15_v2,xgb_5class_smote,stable
R2L,DoS,block_greedy_stealth,136,0.005024197421404559,3831,0.8970588235294118,0.8214932210277439,0.017251295529794892,0.00029554102478845934,0.003288505963001887,True,0.7422196309544444,0.5741456375718906,0.08411193104668119,0.7471891891891892,0.09073123012961604,0.6762520968128445,0.8979017832030152,0.7132701421800948,0.1256362175194214,0.03988299488102604,0.025313607470326828,0.0226697418012038,0.8979017832030152,0.014231872644428194,0.9013894357878157,0.7422826617922819,0.5742208464441194,0.08485134016225004,0.12730653472211279,unsw_nb15_v2,xgb_5class_smote,stable
R2L,DoS,block_greedy_stealth,136,0.005024197421404559,3831,0.8970588235294118,0.8214932210277439,0.017251295529794892,0.00029554102478845934,0.003288505963001887,True,0.7422196309544444,0.5741456375718906,0.08411193104668119,0.7471891891891892,0.09073123012961604,0.6762520968128445,0.8979017832030152,0.7132701421800948,0.1256362175194214,0.03988299488102604,0.025313607470326828,0.0226697418012038,0.8979017832030152,0.014231872644428194,0.9013894357878157,0.7422826617922819,0.5742208464441194,0.08485134016225004,0.12730653472211279,unsw_nb15_v2,xgb_5class_smote,stable
R2L,DoS,block_greedy_stealth,272,0.010048394842809118,3831,0.8860294117647058,0.8210499094905611,0.020383001704862694,-0.0001477705123943407,0.006420212138069689,True,0.7405808291706718,0.5712011159679287,0.07574793763709402,0.7471891891891892,0.09195402298850575,0.6875149772346034,0.8891263992799685,0.7132701421800948,0.12068829674918453,0.03988299488102604,0.025876132080778533,0.03088260111379873,0.8891263992799685,0.014231872644428194,0.9013894357878157,0.7422826617922819,0.5742208464441194,0.08485134016225004,0.12730653472211279,unsw_nb15_v2,xgb_5class_smote,stable
R2L,DoS,block_greedy_stealth,544,0.020096789685618236,3831,0.8621323529411765,0.8208282537219698,0.026868299640580243,-0.0003694262809856852,0.012905510073787239,False,0.7399505207922976,0.5678222737217107,0.06978037278143795,0.7498918918918919,0.0958669601369528,0.6875149772346034,0.8791134612139281,0.7654028436018957,0.11580340681678511,0.04089553917983912,0.030488833886482533,0.03088260111379873,0.8791134612139281,0.01861956460595151,0.9013894357878157,0.7422826617922819,0.5742208464441194,0.08485134016225004,0.12730653472211279,unsw_nb15_v2,xgb_5class_smote,stable
R2L,DoS,block_greedy_stealth,1360,0.05024197421404559,3831,0.8448529411764706,0.77609073109461,0.05268247908063026,-0.045106948908345434,0.03871968951383725,False,0.7194654984951387,0.6024440034587101,0.09717432408283837,0.7518918918918919,0.5986793837123991,0.7107596453390846,0.6799234966529786,0.7985781990521327,0.015316493594491104,0.04173932609551668,0.20329639421724702,0.05270855599932497,0.6799234966529786,0.02233222703493278,0.9013894357878157,0.7422826617922819,0.5742208464441194,0.08485134016225004,0.12730653472211279,unsw_nb15_v2,xgb_5class_smote,stable
R2L,DoS,block_greedy_stealth,2707,0.10000369426280986,3831,0.8459549316586628,0.7757582474417231,0.09763006789431929,-0.045439432561232396,0.08366727832752628,False,0.7182679125762279,0.5994147170115218,0.1266305342948206,0.7532972972972973,0.6268036194668624,0.7114785526000479,0.6655791190864601,0.8199052132701422,0.014071634547202219,0.0430331326995556,0.21308432243910672,0.05377735275918322,0.6655791190864601,0.024526073015694438,0.9013894357878157,0.7422826617922819,0.5742208464441194,0.08485134016225004,0.12730653472211279,unsw_nb15_v2,xgb_5class_smote,stable
R2L,DoS,random,136,0.005024197421404559,24616,0.4411764705882353,0.8214562783996453,0.017358263080529335,0.0002585983966898464,0.003395473513736331,True,0.7416523534139078,0.5733825920813265,0.09080178665033226,0.746054054054054,0.09024211298606016,0.676491732566499,0.8982955504303314,0.7132701421800948,0.12524227478293756,0.03965798503684536,0.02469483039882995,0.02311976148956517,0.8982955504303314,0.014231872644428194,0.9013894357878157,0.7422826617922819,0.5742208464441194,0.08485134016225004,0.12730653472211279,unsw_nb15_v2,xgb_5class_smote,stable
R2L,DoS,random,136,0.005024197421404559,24616,0.4411764705882353,0.8214562783996453,0.017358263080529335,0.0002585983966898464,0.003395473513736331,True,0.7416523534139078,0.5733825920813265,0.09080178665033226,0.746054054054054,0.09024211298606016,0.676491732566499,0.8982955504303314,0.7132701421800948,0.12524227478293756,0.03965798503684536,0.02469483039882995,0.02311976148956517,0.8982955504303314,0.014231872644428194,0.9013894357878157,0.7422826617922819,0.5742208464441194,0.08485134016225004,0.12730653472211279,unsw_nb15_v2,xgb_5class_smote,stable
R2L,DoS,random,136,0.005024197421404559,24616,0.4411764705882353,0.8214562783996453,0.017358263080529335,0.0002585983966898464,0.003395473513736331,True,0.7416523534139078,0.5733825920813265,0.09080178665033226,0.746054054054054,0.09024211298606016,0.676491732566499,0.8982955504303314,0.7132701421800948,0.12524227478293756,0.03965798503684536,0.02469483039882995,0.02311976148956517,0.8982955504303314,0.014231872644428194,0.9013894357878157,0.7422826617922819,0.5742208464441194,0.08485134016225004,0.12730653472211279,unsw_nb15_v2,xgb_5class_smote,stable
R2L,DoS,random,272,0.010048394842809118,24616,0.43014705882352944,0.8214562783996453,0.021934574077938435,0.0002585983966898464,0.00797178451114543,True,0.7416365957044484,0.5733900372977864,0.086742421117258,0.7460270270270271,0.09024211298606016,0.676491732566499,0.8982955504303314,0.7132701421800948,0.12527379020185625,0.03965798503684536,0.02469483039882995,0.02311976148956517,0.8982955504303314,0.014231872644428194,0.9013894357878157,0.7422826617922819,0.5742208464441194,0.08485134016225004,0.12730653472211279,unsw_nb15_v2,xgb_5class_smote,stable
R2L,DoS,random,544,0.020096789685618236,24616,0.4430147058823529,0.8214562783996453,0.03067317715557239,0.0002585983966898464,0.016710387588779387,False,0.7422353886639038,0.5747677180544605,0.08355670307405517,0.746,0.09073123012961604,0.6719386532470645,0.9014456882488608,0.7132701421800948,0.12673925718157608,0.03960173257580019,0.025313607470326828,0.0194070990605839,0.9014456882488608,0.014231872644428194,0.9013894357878157,0.7422826617922819,0.5742208464441194,0.08485134016225004,0.12730653472211279,unsw_nb15_v2,xgb_5class_smote,stable
R2L,DoS,random,1360,0.05024197421404559,24616,0.4360294117647059,0.8208651963500684,0.05665291705838438,-0.00033248365288707227,0.04269012749159137,False,0.7418256882179607,0.5743933062083106,0.08628550497400521,0.7471621621621621,0.09415505013450721,0.6678648454349388,0.8979580356640603,0.7037914691943128,0.12610894880320198,0.03988299488102604,0.02868875513303707,0.01957585644371941,0.8979580356640603,0.01389435787815717,0.9013894357878157,0.7422826617922819,0.5742208464441194,0.08485134016225004,0.12730653472211279,unsw_nb15_v2,xgb_5class_smote,stable
R2L,DoS,random,2707,0.10000369426280986,24616,0.4347986701145179,0.8201632864161956,0.09881703439714092,-0.0010343935867598297,0.08485424483034791,False,0.7396826397314886,0.5723341765498237,0.10578764029206986,0.7453243243243243,0.10051357300073367,0.6649892163910855,0.8925577994037239,0.7369668246445498,0.12369801925592096,0.03999549980311639,0.03380772908814761,0.01715700061877707,0.8925577994037239,0.016481971086235024,0.9013894357878157,0.7422826617922819,0.5742208464441194,0.08485134016225004,0.12730653472211279,unsw_nb15_v2,xgb_5class_smote,stable
R2L,DoS,highest_pt,136,0.005024197421404559,24616,1.0,0.8211976800029555,0.01762037376166216,0.0,0.003657584194869154,True,0.7422826617922819,0.5742208464441194,0.09014709201021552,0.7465405405405405,0.09024211298606016,0.6685837526959022,0.9013894357878157,0.7132701421800948,0.12730653472211279,0.03960173257580019,0.02469483039882995,0.02019463351521629,0.9013894357878157,0.014119367722337852,0.9013894357878157,0.7422826617922819,0.5742208464441194,0.08485134016225004,0.12730653472211279,unsw_nb15_v2,xgb_5class_smote,stable
R2L,DoS,highest_pt,136,0.005024197421404559,24616,1.0,0.8211976800029555,0.01762037376166216,0.0,0.003657584194869154,True,0.7422826617922819,0.5742208464441194,0.09014709201021552,0.7465405405405405,0.09024211298606016,0.6685837526959022,0.9013894357878157,0.7132701421800948,0.12730653472211279,0.03960173257580019,0.02469483039882995,0.02019463351521629,0.9013894357878157,0.014119367722337852,0.9013894357878157,0.7422826617922819,0.5742208464441194,0.08485134016225004,0.12730653472211279,unsw_nb15_v2,xgb_5class_smote,stable
R2L,DoS,highest_pt,136,0.005024197421404559,24616,1.0,0.8211976800029555,0.01762037376166216,0.0,0.003657584194869154,True,0.7422826617922819,0.5742208464441194,0.09014709201021552,0.7465405405405405,0.09024211298606016,0.6685837526959022,0.9013894357878157,0.7132701421800948,0.12730653472211279,0.03960173257580019,0.02469483039882995,0.02019463351521629,0.9013894357878157,0.014119367722337852,0.9013894357878157,0.7422826617922819,0.5742208464441194,0.08485134016225004,0.12730653472211279,unsw_nb15_v2,xgb_5class_smote,stable
R2L,DoS,highest_pt,272,0.010048394842809118,24616,1.0,0.8211976800029555,0.021380695632990335,0.0,0.007417906066197331,True,0.7422826617922819,0.5742208464441194,0.08308223095397951,0.7465405405405405,0.09024211298606016,0.6685837526959022,0.9013894357878157,0.7132701421800948,0.12730653472211279,0.03960173257580019,0.02469483039882995,0.02019463351521629,0.9013894357878157,0.014119367722337852,0.9013894357878157,0.7422826617922819,0.5742208464441194,0.08485134016225004,0.12730653472211279,unsw_nb15_v2,xgb_5class_smote,stable
R2L,DoS,highest_pt,544,0.020096789685618236,24616,0.9963235294117647,0.8211976800029555,0.029798095551225593,0.0,0.01583530598443259,False,0.7422826617922819,0.5742208464441194,0.07846118359723786,0.7465405405405405,0.09024211298606016,0.6685837526959022,0.9013894357878157,0.7132701421800948,0.12730653472211279,0.03960173257580019,0.02469483039882995,0.02019463351521629,0.9013894357878157,0.014119367722337852,0.9013894357878157,0.7422826617922819,0.5742208464441194,0.08485134016225004,0.12730653472211279,unsw_nb15_v2,xgb_5class_smote,stable
R2L,DoS,highest_pt,1360,0.05024197421404559,24616,0.9955882352941177,0.8211976800029555,0.05782175680013466,0.0,0.04385896723334166,False,0.7422826617922819,0.5742208464441194,0.07288643834328129,0.7465405405405405,0.09024211298606016,0.6685837526959022,0.9013894357878157,0.7132701421800948,0.12730653472211279,0.03960173257580019,0.02469483039882995,0.02019463351521629,0.9013894357878157,0.014119367722337852,0.9013894357878157,0.7422826617922819,0.5742208464441194,0.08485134016225004,0.12730653472211279,unsw_nb15_v2,xgb_5class_smote,stable
R2L,DoS,highest_pt,2707,0.10000369426280986,24616,0.9870705578130772,0.8211976800029555,0.10845750998680313,0.0,0.09449472042001013,False,0.7422826617922819,0.5742319566425065,0.050663490214496086,0.7465405405405405,0.09024211298606016,0.6685837526959022,0.9013894357878157,0.7132701421800948,0.12730653472211279,0.03960173257580019,0.02469483039882995,0.02019463351521629,0.9013894357878157,0.014119367722337852,0.9013894357878157,0.7422826617922819,0.5742208464441194,0.08485134016225004,0.12730653472211279,unsw_nb15_v2,xgb_5class_smote,stable
DoS,R2L,block_greedy,136,0.005024197421404559,16404,0.9264705882352942,0.7922716022017806,0.009863336991837533,-0.0025490413388008504,-0.0030156610152239673,True,0.7051732560155056,0.49983471880886415,0.07161577853966927,0.6899189189189189,0.004157495720224994,0.66738557392763,0.9075772065027845,0.6824644549763034,0.24854635130237468,0.00024455857177794083,0.004157495720224994,0.03277084861824407,0.9505991685008559,0.012227928588897041,0.04450966006358523,0.7100423882384457,0.5134413282447522,0.07414857260273981,0.23650746127542902,unsw_nb15_v2,dnn_5class_smote,fragile
DoS,R2L,block_greedy,136,0.005024197421404559,16404,0.9264705882352942,0.7922716022017806,0.009863336991837533,-0.0025490413388008504,-0.0030156610152239673,True,0.7051732560155056,0.49983471880886415,0.07161577853966927,0.6899189189189189,0.004157495720224994,0.66738557392763,0.9075772065027845,0.6824644549763034,0.24854635130237468,0.00024455857177794083,0.004157495720224994,0.03277084861824407,0.9505991685008559,0.012227928588897041,0.04450966006358523,0.7100423882384457,0.5134413282447522,0.07414857260273981,0.23650746127542902,unsw_nb15_v2,dnn_5class_smote,fragile
DoS,R2L,block_greedy,136,0.005024197421404559,16404,0.9264705882352942,0.7922716022017806,0.009863336991837533,-0.0025490413388008504,-0.0030156610152239673,True,0.7051732560155056,0.49983471880886415,0.07161577853966927,0.6899189189189189,0.004157495720224994,0.66738557392763,0.9075772065027845,0.6824644549763034,0.24854635130237468,0.00024455857177794083,0.004157495720224994,0.03277084861824407,0.9505991685008559,0.012227928588897041,0.04450966006358523,0.7100423882384457,0.5134413282447522,0.07414857260273981,0.23650746127542902,unsw_nb15_v2,dnn_5class_smote,fragile
DoS,R2L,block_greedy,272,0.010048394842809118,16404,0.7647058823529411,0.7869149211274891,0.016998658175567907,-0.007905722413092398,0.004119660168506407,False,0.6629898677928177,0.4831468594865732,0.11753619450536083,0.6035945945945946,0.004157495720224994,0.6645099448837767,0.9373347583956798,0.6824644549763034,0.2742314177211201,0.00024455857177794083,0.004157495720224994,0.03277084861824407,0.9505991685008559,0.012227928588897041,0.04450966006358523,0.7100423882384457,0.5134413282447522,0.07414857260273981,0.23650746127542902,unsw_nb15_v2,dnn_5class_smote,fragile
DoS,R2L,block_greedy,544,0.020096789685618236,16404,0.7242647058823529,0.7854372160035465,0.0283944443864885,-0.009383427537034916,0.015515446379426999,False,0.6591134712658168,0.4817002520673458,0.12879570279650807,0.5934864864864865,0.004157495720224994,0.6642703091301222,0.9445913258705069,0.6824644549763034,0.28220481870755265,0.00024455857177794083,0.004157495720224994,0.032281731474688186,0.9510882856444118,0.012227928588897041,0.04450966006358523,0.7100423882384457,0.5134413282447522,0.07414857260273981,0.23650746127542902,unsw_nb15_v2,dnn_5class_smote,fragile
DoS,R2L,block_greedy,1360,0.05024197421404559,16404,0.7375,0.7846244781853781,0.05461256085175841,-0.010196165355203402,0.04173356284469691,False,0.6561667795969178,0.4815877011618984,0.15414891535538425,0.5865405405405405,0.0034238200048911714,0.66091540857896,0.9494852899814367,0.6824644549763034,0.28888608751831835,0.00024455857177794083,0.0034238200048911714,0.02152115431645879,0.962582538517975,0.012227928588897041,0.04450966006358523,0.7100423882384457,0.5134413282447522,0.07414857260273981,0.23650746127542902,unsw_nb15_v2,dnn_5class_smote,fragile
DoS,R2L,block_greedy,2707,0.10000369426280986,16404,0.7598817879571481,0.7837378551110126,0.10889608081768368,-0.01108278842956889,0.09601708281062218,False,0.6530940262523439,0.4794508266420171,0.20037066045116522,0.5812432432432433,0.0,0.66091540857896,0.950216571975024,0.6872037914691943,0.29236854130883533,0.00024455857177794083,0.0,0.02152115431645879,0.9660063585228662,0.012227928588897041,0.04450966006358523,0.7100423882384457,0.5134413282447522,0.07414857260273981,0.23650746127542902,unsw_nb15_v2,dnn_5class_smote,fragile
DoS,R2L,block_greedy_stealth,71,0.0026229265949979682,1403,0.8028169014084507,0.794783700912483,0.009523309507683677,-3.6942628098501906e-05,-0.003355688499377823,True,0.7099951151100676,0.513422076637443,0.08712005966254022,0.701081081081081,0.04450966006358523,0.6865564342199856,0.8875513303707038,0.6919431279620853,0.23646018814705094,0.00024455857177794083,0.04450966006358523,0.05429200293470286,0.888236732697481,0.012717045732452923,0.04450966006358523,0.7100423882384457,0.5134413282447522,0.07414857260273981,0.23650746127542902,unsw_nb15_v2,dnn_5class_smote,fragile
DoS,R2L,block_greedy_stealth,71,0.0026229265949979682,1403,0.8028169014084507,0.794783700912483,0.009523309507683677,-3.6942628098501906e-05,-0.003355688499377823,True,0.7099951151100676,0.513422076637443,0.08712005966254022,0.701081081081081,0.04450966006358523,0.6865564342199856,0.8875513303707038,0.6919431279620853,0.23646018814705094,0.00024455857177794083,0.04450966006358523,0.05429200293470286,0.888236732697481,0.012717045732452923,0.04450966006358523,0.7100423882384457,0.5134413282447522,0.07414857260273981,0.23650746127542902,unsw_nb15_v2,dnn_5class_smote,fragile
DoS,R2L,block_greedy_stealth,142,0.0052458531899959365,1403,0.7394366197183099,0.794783700912483,0.008543820602474382,-3.6942628098501906e-05,-0.004335177404587118,True,0.7099951151100676,0.513422076637443,0.09103251865592907,0.701081081081081,0.04450966006358523,0.6865564342199856,0.8875513303707038,0.6919431279620853,0.23646018814705094,0.00024455857177794083,0.04450966006358523,0.05429200293470286,0.888236732697481,0.012717045732452923,0.04450966006358523,0.7100423882384457,0.5134413282447522,0.07414857260273981,0.23650746127542902,unsw_nb15_v2,dnn_5class_smote,fragile
DoS,R2L,block_greedy_stealth,284,0.010491706379991873,1403,0.6232394366197183,0.7946728730281872,0.010494333747152486,-0.00014777051239422967,-0.0023846642599090143,True,0.709254502765478,0.5131194314571985,0.09692908736694779,0.6998108108108108,0.04450966006358523,0.6865564342199856,0.8875513303707038,0.6919431279620853,0.23644443043759159,0.00024455857177794083,0.04450966006358523,0.05429200293470286,0.888236732697481,0.012717045732452923,0.04450966006358523,0.7100423882384457,0.5134413282447522,0.07414857260273981,0.23650746127542902,unsw_nb15_v2,dnn_5class_smote,fragile
DoS,R2L,block_greedy_stealth,568,0.020983412759983746,1403,0.3626760563380282,0.7875798884332631,0.01688893232344712,-0.007240755107318364,0.004009934316385619,False,0.6612880351712075,0.4940591679813629,0.1379216476710775,0.6036486486486486,0.04426510149180729,0.6863167984663312,0.9165776002700118,0.6919431279620853,0.26173555411985316,0.00024455857177794083,0.04426510149180729,0.05429200293470286,0.888481291269259,0.012717045732452923,0.04450966006358523,0.7100423882384457,0.5134413282447522,0.07414857260273981,0.23650746127542902,unsw_nb15_v2,dnn_5class_smote,fragile
DoS,R2L,block_greedy_stealth,1403,0.05183050722228379,1403,0.150392017106201,0.7869149211274891,0.04559369691631914,-0.007905722413092398,0.03271469890925764,False,0.6607365153401301,0.4938307182694059,0.18055812282233913,0.6026756756756757,0.04426510149180729,0.6863167984663312,0.916633852731057,0.6919431279620853,0.26173555411985316,0.00024455857177794083,0.04426510149180729,0.05429200293470286,0.888481291269259,0.012717045732452923,0.04450966006358523,0.7100423882384457,0.5134413282447522,0.07414857260273981,0.23650746127542902,unsw_nb15_v2,dnn_5class_smote,fragile
DoS,R2L,block_greedy_stealth,1403,0.05183050722228379,1403,0.150392017106201,0.7869149211274891,0.04559369691631914,-0.007905722413092398,0.03271469890925764,False,0.6607365153401301,0.4938307182694059,0.18055812282233913,0.6026756756756757,0.04426510149180729,0.6863167984663312,0.916633852731057,0.6919431279620853,0.26173555411985316,0.00024455857177794083,0.04426510149180729,0.05429200293470286,0.888481291269259,0.012717045732452923,0.04450966006358523,0.7100423882384457,0.5134413282447522,0.07414857260273981,0.23650746127542902,unsw_nb15_v2,dnn_5class_smote,fragile
DoS,R2L,random,136,0.005024197421404559,16404,0.1323529411764706,0.7953378403339614,0.01474135847666476,0.0005171967933799149,0.0018623604696032595,True,0.7100266305289863,0.5131084511886403,0.08164932717795136,0.7008648648648649,0.04450966006358523,0.6757728253055356,0.8906452157281881,0.6919431279620853,0.2382565670254172,0.00024455857177794083,0.04450966006358523,0.053313768647591096,0.8892149669845928,0.012717045732452923,0.04450966006358523,0.7100423882384457,0.5134413282447522,0.07414857260273981,0.23650746127542902,unsw_nb15_v2,dnn_5class_smote,fragile
DoS,R2L,random,136,0.005024197421404559,16404,0.1323529411764706,0.7953378403339614,0.01474135847666476,0.0005171967933799149,0.0018623604696032595,True,0.7100266305289863,0.5131084511886403,0.08164932717795136,0.7008648648648649,0.04450966006358523,0.6757728253055356,0.8906452157281881,0.6919431279620853,0.2382565670254172,0.00024455857177794083,0.04450966006358523,0.053313768647591096,0.8892149669845928,0.012717045732452923,0.04450966006358523,0.7100423882384457,0.5134413282447522,0.07414857260273981,0.23650746127542902,unsw_nb15_v2,dnn_5class_smote,fragile
DoS,R2L,random,136,0.005024197421404559,16404,0.1323529411764706,0.7953378403339614,0.01474135847666476,0.0005171967933799149,0.0018623604696032595,True,0.7100266305289863,0.5131084511886403,0.08164932717795136,0.7008648648648649,0.04450966006358523,0.6757728253055356,0.8906452157281881,0.6919431279620853,0.2382565670254172,0.00024455857177794083,0.04450966006358523,0.053313768647591096,0.8892149669845928,0.012717045732452923,0.04450966006358523,0.7100423882384457,0.5134413282447522,0.07414857260273981,0.23650746127542902,unsw_nb15_v2,dnn_5class_smote,fragile
DoS,R2L,random,272,0.010048394842809118,16404,0.15073529411764705,0.7899072740034726,0.0202661464206855,-0.004913369537108858,0.007387148413623999,True,0.6685523392319692,0.4980283986696129,0.11944331630197247,0.6144864864864865,0.04450966006358523,0.6728971962616822,0.9230466332902064,0.6919431279620853,0.2654701312617198,0.00024455857177794083,0.04450966006358523,0.04402054292002935,0.8985081927121545,0.012717045732452923,0.04450966006358523,0.7100423882384457,0.5134413282447522,0.07414857260273981,0.23650746127542902,unsw_nb15_v2,dnn_5class_smote,fragile
DoS,R2L,random,544,0.020096789685618236,16404,0.15073529411764705,0.7898333887472755,0.027842590686988678,-0.004987254793305973,0.014963592679927178,False,0.669166889900884,0.49859838078691576,0.12554537354130316,0.6126756756756757,0.040107605771582296,0.6688233884495567,0.9312032401417562,0.6824644549763034,0.2694883471738548,0.00024455857177794083,0.040107605771582296,0.03277084861824407,0.9146490584494986,0.012227928588897041,0.04450966006358523,0.7100423882384457,0.5134413282447522,0.07414857260273981,0.23650746127542902,unsw_nb15_v2,dnn_5class_smote,fragile
DoS,R2L,random,1360,0.05024197421404559,16404,0.15588235294117647,0.7862499538217149,0.05329183757764649,-0.008570689718866542,0.04041283957058499,False,0.6619025858401223,0.5031097173767558,0.15288404570356995,0.5926756756756757,0.037172902910247003,0.6633117661155045,0.949935309669798,0.6374407582938388,0.2852775720521265,0.00024455857177794083,0.037172902910247003,0.022010271460014674,0.9303008070432869,0.010271460014673514,0.04450966006358523,0.7100423882384457,0.5134413282447522,0.07414857260273981,0.23650746127542902,unsw_nb15_v2,dnn_5class_smote,fragile
DoS,R2L,random,2707,0.10000369426280986,16404,0.14702622829700776,0.7824079204994643,0.09650173339318557,-0.01241272304111718,0.08362273538612408,False,0.6572855769685318,0.5070950278702258,0.17655726615585263,0.5792702702702702,0.03203717290291025,0.6506110711718188,0.9706362153344209,0.4218009478672986,0.3093711098154772,0.00024455857177794083,0.03203717290291025,0.019564685742235265,0.9432624113475178,0.004891171435558816,0.04450966006358523,0.7100423882384457,0.5134413282447522,0.07414857260273981,0.23650746127542902,unsw_nb15_v2,dnn_5class_smote,fragile
DoS,R2L,highest_pt,136,0.005024197421404559,16404,0.9191176470588235,0.7922716022017806,0.009863880646972861,-0.0025490413388008504,-0.003015117360088639,True,0.7051732560155056,0.49983471880886415,0.07161501634315563,0.6899189189189189,0.004157495720224994,0.66738557392763,0.9075772065027845,0.6824644549763034,0.24854635130237468,0.00024455857177794083,0.004157495720224994,0.03277084861824407,0.9505991685008559,0.012227928588897041,0.04450966006358523,0.7100423882384457,0.5134413282447522,0.07414857260273981,0.23650746127542902,unsw_nb15_v2,dnn_5class_smote,fragile
DoS,R2L,highest_pt,136,0.005024197421404559,16404,0.9191176470588235,0.7922716022017806,0.009863880646972861,-0.0025490413388008504,-0.003015117360088639,True,0.7051732560155056,0.49983471880886415,0.07161501634315563,0.6899189189189189,0.004157495720224994,0.66738557392763,0.9075772065027845,0.6824644549763034,0.24854635130237468,0.00024455857177794083,0.004157495720224994,0.03277084861824407,0.9505991685008559,0.012227928588897041,0.04450966006358523,0.7100423882384457,0.5134413282447522,0.07414857260273981,0.23650746127542902,unsw_nb15_v2,dnn_5class_smote,fragile
DoS,R2L,highest_pt,136,0.005024197421404559,16404,0.9191176470588235,0.7922716022017806,0.009863880646972861,-0.0025490413388008504,-0.003015117360088639,True,0.7051732560155056,0.49983471880886415,0.07161501634315563,0.6899189189189189,0.004157495720224994,0.66738557392763,0.9075772065027845,0.6824644549763034,0.24854635130237468,0.00024455857177794083,0.004157495720224994,0.03277084861824407,0.9505991685008559,0.012227928588897041,0.04450966006358523,0.7100423882384457,0.5134413282447522,0.07414857260273981,0.23650746127542902,unsw_nb15_v2,dnn_5class_smote,fragile
DoS,R2L,highest_pt,272,0.010048394842809118,16404,0.7647058823529411,0.7869149211274891,0.016998658175567907,-0.007905722413092398,0.004119660168506407,False,0.6629898677928177,0.4831468594865732,0.11753619450536083,0.6035945945945946,0.004157495720224994,0.6645099448837767,0.9373347583956798,0.6824644549763034,0.2742314177211201,0.00024455857177794083,0.004157495720224994,0.03277084861824407,0.9505991685008559,0.012227928588897041,0.04450966006358523,0.7100423882384457,0.5134413282447522,0.07414857260273981,0.23650746127542902,unsw_nb15_v2,dnn_5class_smote,fragile
DoS,R2L,highest_pt,544,0.020096789685618236,16404,0.7242647058823529,0.7854372160035465,0.0283944443864885,-0.009383427537034916,0.015515446379426999,False,0.6591134712658168,0.4817002520673458,0.12879570279650807,0.5934864864864865,0.004157495720224994,0.6642703091301222,0.9445913258705069,0.6824644549763034,0.28220481870755265,0.00024455857177794083,0.004157495720224994,0.032281731474688186,0.9510882856444118,0.012227928588897041,0.04450966006358523,0.7100423882384457,0.5134413282447522,0.07414857260273981,0.23650746127542902,unsw_nb15_v2,dnn_5class_smote,fragile
DoS,R2L,highest_pt,1360,0.05024197421404559,16404,0.7382352941176471,0.7847353060696738,0.05456176335969397,-0.010085337470907674,0.04168276535263247,False,0.6553946518334095,0.4798932915583712,0.15499461609989088,0.5865405405405405,0.0034238200048911714,0.6642703091301222,0.9459413849355909,0.6824644549763034,0.2866800081940089,0.00024455857177794083,0.0034238200048911714,0.032281731474688186,0.9518219613597456,0.012227928588897041,0.04450966006358523,0.7100423882384457,0.5134413282447522,0.07414857260273981,0.23650746127542902,unsw_nb15_v2,dnn_5class_smote,fragile
DoS,R2L,highest_pt,2707,0.10000369426280986,16404,0.7609900258588844,0.7838486829953083,0.10872354181455839,-0.010971960545273163,0.09584454380749688,False,0.6523218984888357,0.4777550357925683,0.20140289273730616,0.5812432432432433,0.0,0.6642703091301222,0.9466726669291782,0.6872037914691943,0.29016246198452594,0.00024455857177794083,0.0,0.032281731474688186,0.9552457813646368,0.012227928588897041,0.04450966006358523,0.7100423882384457,0.5134413282447522,0.07414857260273981,0.23650746127542902,unsw_nb15_v2,dnn_5class_smote,fragile
R2L,DoS,block_greedy,136,0.005024197421404559,24616,1.0,0.7950422993091728,0.014463303920042974,0.0002216557685913445,0.0015843059129814745,True,0.710546634941145,0.5133262433818662,0.09214119832107098,0.702027027027027,0.044998777207141114,0.6867960699736401,0.8873825729875682,0.6919431279620853,0.23578260664029876,0.04027676210834224,0.008156606851549755,0.03465151600382517,0.8873825729875682,0.02953254204871463,0.8875513303707038,0.7100423882384457,0.5134413282447522,0.07414857260273981,0.23650746127542902,unsw_nb15_v2,dnn_5class_smote,stable
R2L,DoS,block_greedy,136,0.005024197421404559,24616,1.0,0.7950422993091728,0.014463303920042974,0.0002216557685913445,0.0015843059129814745,True,0.710546634941145,0.5133262433818662,0.09214119832107098,0.702027027027027,0.044998777207141114,0.6867960699736401,0.8873825729875682,0.6919431279620853,0.23578260664029876,0.04027676210834224,0.008156606851549755,0.03465151600382517,0.8873825729875682,0.02953254204871463,0.8875513303707038,0.7100423882384457,0.5134413282447522,0.07414857260273981,0.23650746127542902,unsw_nb15_v2,dnn_5class_smote,stable
R2L,DoS,block_greedy,136,0.005024197421404559,24616,1.0,0.7950422993091728,0.014463303920042974,0.0002216557685913445,0.0015843059129814745,True,0.710546634941145,0.5133262433818662,0.09214119832107098,0.702027027027027,0.044998777207141114,0.6867960699736401,0.8873825729875682,0.6919431279620853,0.23578260664029876,0.04027676210834224,0.008156606851549755,0.03465151600382517,0.8873825729875682,0.02953254204871463,0.8875513303707038,0.7100423882384457,0.5134413282447522,0.07414857260273981,0.23650746127542902,unsw_nb15_v2,dnn_5class_smote,stable
R2L,DoS,block_greedy,272,0.010048394842809118,24616,0.9963235294117647,0.7950053566810743,0.01835170019973937,0.0001847131404928426,0.00547270219267787,True,0.7105308772316856,0.5132739236792574,0.0888827418062618,0.702027027027027,0.044998777207141114,0.6872753414809489,0.8872138156044327,0.6919431279620853,0.23562502954570524,0.04027676210834224,0.008156606851549755,0.03482027338696068,0.8872138156044327,0.02953254204871463,0.8875513303707038,0.7100423882384457,0.5134413282447522,0.07414857260273981,0.23650746127542902,unsw_nb15_v2,dnn_5class_smote,stable
R2L,DoS,block_greedy,544,0.020096789685618236,24616,0.9981617647058824,0.7950053566810743,0.026856882649426546,0.0001847131404928426,0.013977884642365046,False,0.7105308772316856,0.5132739236792574,0.07526831906948549,0.702027027027027,0.044998777207141114,0.6872753414809489,0.8872138156044327,0.6919431279620853,0.23562502954570524,0.04027676210834224,0.008156606851549755,0.03482027338696068,0.8872138156044327,0.02953254204871463,0.8875513303707038,0.7100423882384457,0.5134413282447522,0.07414857260273981,0.23650746127542902,unsw_nb15_v2,dnn_5class_smote,stable
R2L,DoS,block_greedy,1360,0.05024197421404559,24616,0.9926470588235294,0.7950053566810743,0.05590739352257707,0.0001847131404928426,0.04302839551551557,False,0.7105308772316856,0.5133048616966664,0.05125948381537134,0.702027027027027,0.044998777207141114,0.6872753414809489,0.8872138156044327,0.6919431279620853,0.23562502954570524,0.04027676210834224,0.008156606851549755,0.03482027338696068,0.8872138156044327,0.02953254204871463,0.8875513303707038,0.7100423882384457,0.5134413282447522,0.07414857260273981,0.23650746127542902,unsw_nb15_v2,dnn_5class_smote,stable
R2L,DoS,block_greedy,2707,0.10000369426280986,24616,0.9482822312523088,0.793675422069526,0.0989580485687886,-0.0011452214710554465,0.0860790505617271,False,0.7187879169883866,0.5175255563373308,0.055396806191090005,0.7256756756756757,0.05233553436047934,0.6867960699736401,0.8660628902514484,0.6848341232227488,0.25204456280235105,0.05068346740169882,0.018957079372222536,0.03476402092591551,0.8660628902514484,0.02953254204871463,0.8875513303707038,0.7100423882384457,0.5134413282447522,0.07414857260273981,0.23650746127542902,unsw_nb15_v2,dnn_5class_smote,stable
R2L,DoS,block_greedy_stealth,136,0.005024197421404559,4266,0.9411764705882353,0.7948945287967786,0.017589609914259202,7.388525619711483e-05,0.004710611907197702,True,0.7099163265627708,0.5131700814192657,0.0773026908709041,0.7011081081081081,0.044998777207141114,0.6872753414809489,0.8869325532992068,0.6919431279620853,0.23571957580246136,0.04027676210834224,0.00849412161782078,0.03476402092591551,0.8869325532992068,0.02953254204871463,0.8875513303707038,0.7100423882384457,0.5134413282447522,0.07414857260273981,0.23650746127542902,unsw_nb15_v2,dnn_5class_smote,stable
R2L,DoS,block_greedy_stealth,136,0.005024197421404559,4266,0.9411764705882353,0.7948945287967786,0.017589609914259202,7.388525619711483e-05,0.004710611907197702,True,0.7099163265627708,0.5131700814192657,0.0773026908709041,0.7011081081081081,0.044998777207141114,0.6872753414809489,0.8869325532992068,0.6919431279620853,0.23571957580246136,0.04027676210834224,0.00849412161782078,0.03476402092591551,0.8869325532992068,0.02953254204871463,0.8875513303707038,0.7100423882384457,0.5134413282447522,0.07414857260273981,0.23650746127542902,unsw_nb15_v2,dnn_5class_smote,stable
R2L,DoS,block_greedy_stealth,136,0.005024197421404559,4266,0.9411764705882353,0.7948945287967786,0.017589609914259202,7.388525619711483e-05,0.004710611907197702,True,0.7099163265627708,0.5131700814192657,0.0773026908709041,0.7011081081081081,0.044998777207141114,0.6872753414809489,0.8869325532992068,0.6919431279620853,0.23571957580246136,0.04027676210834224,0.00849412161782078,0.03476402092591551,0.8869325532992068,0.02953254204871463,0.8875513303707038,0.7100423882384457,0.5134413282447522,0.07414857260273981,0.23650746127542902,unsw_nb15_v2,dnn_5class_smote,stable
R2L,DoS,block_greedy_stealth,272,0.010048394842809118,4266,0.9154411764705882,0.7938601352100189,0.01852787045863504,-0.0009605083305626039,0.005648872451573542,True,0.7054568947857739,0.5203249688203776,0.07397425083598874,0.7011081081081081,0.07874786011249695,0.6872753414809489,0.86325026719919,0.6919431279620853,0.2266273774444147,0.04027676210834224,0.032176407717837655,0.03476402092591551,0.86325026719919,0.02953254204871463,0.8875513303707038,0.7100423882384457,0.5134413282447522,0.07414857260273981,0.23650746127542902,unsw_nb15_v2,dnn_5class_smote,stable
R2L,DoS,block_greedy_stealth,544,0.020096789685618236,4266,0.8860294117647058,0.791569692267908,0.01981521529385624,-0.003250951272673497,0.006936217286794739,True,0.7054096216573958,0.5251828195276429,0.06846422422721084,0.7047027027027027,0.10026901442895574,0.6877546129882578,0.8505372110029814,0.6919431279620853,0.22322371220119444,0.04100804410192946,0.04398942453732351,0.03493277830905102,0.8505372110029814,0.02953254204871463,0.8875513303707038,0.7100423882384457,0.5134413282447522,0.07414857260273981,0.23650746127542902,unsw_nb15_v2,dnn_5class_smote,stable
R2L,DoS,block_greedy_stealth,1360,0.05024197421404559,4266,0.8588235294117647,0.7413646606819609,0.052408208061811644,-0.05345598285862052,0.039529210054750144,False,0.6706008414616851,0.5612560983998861,0.10607133474359516,0.7062702702702702,0.76840303252629,0.7011742151929068,0.5661810204196434,0.6919431279620853,0.08501284253320937,0.04145806379029082,0.32137030995106036,0.04145806379029082,0.5661810204196434,0.02953254204871463,0.8875513303707038,0.7100423882384457,0.5134413282447522,0.07414857260273981,0.23650746127542902,unsw_nb15_v2,dnn_5class_smote,stable
R2L,DoS,block_greedy_stealth,2707,0.10000369426280986,4266,0.8500184706316956,0.7419188001034394,0.08968178636731315,-0.052901843437142104,0.07680278836025164,False,0.674477237988686,0.553874653947848,0.12543150206276862,0.7166486486486486,0.7698703839569577,0.7045291157440691,0.5561118298925578,0.7417061611374408,0.0764564062967807,0.04168307363447151,0.3231703887045058,0.04348315238791697,0.5561118298925578,0.0355515553805479,0.8875513303707038,0.7100423882384457,0.5134413282447522,0.07414857260273981,0.23650746127542902,unsw_nb15_v2,dnn_5class_smote,stable
R2L,DoS,random,136,0.005024197421404559,24616,0.4411764705882353,0.7948575861686801,0.01726323829243672,3.694262809861293e-05,0.004384240285375221,True,0.7100108728195269,0.5131682858598048,0.07381305977793799,0.7011081081081081,0.04450966006358523,0.6867960699736401,0.8874950779096585,0.6919431279620853,0.23609776082948583,0.04027676210834224,0.008156606851549755,0.03453901108173483,0.8874950779096585,0.02953254204871463,0.8875513303707038,0.7100423882384457,0.5134413282447522,0.07414857260273981,0.23650746127542902,unsw_nb15_v2,dnn_5class_smote,stable
R2L,DoS,random,136,0.005024197421404559,24616,0.4411764705882353,0.7948575861686801,0.01726323829243672,3.694262809861293e-05,0.004384240285375221,True,0.7100108728195269,0.5131682858598048,0.07381305977793799,0.7011081081081081,0.04450966006358523,0.6867960699736401,0.8874950779096585,0.6919431279620853,0.23609776082948583,0.04027676210834224,0.008156606851549755,0.03453901108173483,0.8874950779096585,0.02953254204871463,0.8875513303707038,0.7100423882384457,0.5134413282447522,0.07414857260273981,0.23650746127542902,unsw_nb15_v2,dnn_5class_smote,stable
R2L,DoS,random,136,0.005024197421404559,24616,0.4411764705882353,0.7948575861686801,0.01726323829243672,3.694262809861293e-05,0.004384240285375221,True,0.7100108728195269,0.5131682858598048,0.07381305977793799,0.7011081081081081,0.04450966006358523,0.6867960699736401,0.8874950779096585,0.6919431279620853,0.23609776082948583,0.04027676210834224,0.008156606851549755,0.03453901108173483,0.8874950779096585,0.02953254204871463,0.8875513303707038,0.7100423882384457,0.5134413282447522,0.07414857260273981,0.23650746127542902,unsw_nb15_v2,dnn_5class_smote,stable
R2L,DoS,random,272,0.010048394842809118,24616,0.43014705882352944,0.7953008977058628,0.019576004491179123,0.00048025416528130194,0.006697006484117623,True,0.7100739036573643,0.5127450449104934,0.06795011260560696,0.701081081081081,0.04450966006358523,0.67601246105919,0.8903077009619171,0.6919431279620853,0.23765777406596178,0.04027676210834224,0.008269111773640097,0.03161388310738595,0.8903077009619171,0.02953254204871463,0.8875513303707038,0.7100423882384457,0.5134413282447522,0.07414857260273981,0.23650746127542902,unsw_nb15_v2,dnn_5class_smote,stable
R2L,DoS,random,544,0.020096789685618236,24616,0.4430147058823529,0.7953378403339614,0.028453030550776037,0.0005171967933799149,0.015574032543714537,False,0.7100108728195269,0.5126960689610739,0.09280515241349355,0.701081081081081,0.04450966006358523,0.67601246105919,0.8900826911177364,0.6919431279620853,0.23757898551866502,0.04027676210834224,0.00849412161782078,0.03161388310738595,0.8900826911177364,0.02953254204871463,0.8875513303707038,0.7100423882384457,0.5134413282447522,0.07414857260273981,0.23650746127542902,unsw_nb15_v2,dnn_5class_smote,stable
R2L,DoS,random,1360,0.05024197421404559,24616,0.4360294117647059,0.7950792419372714,0.05414791853749409,0.00025859839668995743,0.04126892053043259,False,0.7067647846709002,0.5165382536748129,0.09456020474914041,0.6981891891891892,0.06089508437270726,0.6738557392763,0.8812510547336446,0.6919431279620853,0.233292888545721,0.0397704899589357,0.02109467289193902,0.028351240366766044,0.8812510547336446,0.02953254204871463,0.8875513303707038,0.7100423882384457,0.5134413282447522,0.07414857260273981,0.23650746127542902,unsw_nb15_v2,dnn_5class_smote,stable
R2L,DoS,random,2707,0.10000369426280986,24616,0.4347986701145179,0.7940448483505117,0.09544690173498785,-0.0007757951900697613,0.08256790372792636,False,0.7047320401506437,0.5129139148118358,0.11657485184382559,0.6966486486486486,0.06725360723893373,0.6829618979151689,0.8727569331158238,0.7274881516587678,0.228471029451159,0.0397704899589357,0.02233222703493278,0.03026382404230185,0.8727569331158238,0.03487652584800585,0.8875513303707038,0.7100423882384457,0.5134413282447522,0.07414857260273981,0.23650746127542902,unsw_nb15_v2,dnn_5class_smote,stable
R2L,DoS,highest_pt,136,0.005024197421404559,24616,1.0,0.7948206435405815,0.014232615404500368,0.0,0.001353617397438868,True,0.7100423882384457,0.5134413282447522,0.09157610308977471,0.7011621621621622,0.04450966006358523,0.6865564342199856,0.8875513303707038,0.6919431279620853,0.23650746127542902,0.04027676210834224,0.008156606851549755,0.034482758620689655,0.8875513303707038,0.02953254204871463,0.8875513303707038,0.7100423882384457,0.5134413282447522,0.07414857260273981,0.23650746127542902,unsw_nb15_v2,dnn_5class_smote,stable
R2L,DoS,highest_pt,136,0.005024197421404559,24616,1.0,0.7948206435405815,0.014232615404500368,0.0,0.001353617397438868,True,0.7100423882384457,0.5134413282447522,0.09157610308977471,0.7011621621621622,0.04450966006358523,0.6865564342199856,0.8875513303707038,0.6919431279620853,0.23650746127542902,0.04027676210834224,0.008156606851549755,0.034482758620689655,0.8875513303707038,0.02953254204871463,0.8875513303707038,0.7100423882384457,0.5134413282447522,0.07414857260273981,0.23650746127542902,unsw_nb15_v2,dnn_5class_smote,stable
R2L,DoS,highest_pt,136,0.005024197421404559,24616,1.0,0.7948206435405815,0.014232615404500368,0.0,0.001353617397438868,True,0.7100423882384457,0.5134413282447522,0.09157610308977471,0.7011621621621622,0.04450966006358523,0.6865564342199856,0.8875513303707038,0.6919431279620853,0.23650746127542902,0.04027676210834224,0.008156606851549755,0.034482758620689655,0.8875513303707038,0.02953254204871463,0.8875513303707038,0.7100423882384457,0.5134413282447522,0.07414857260273981,0.23650746127542902,unsw_nb15_v2,dnn_5class_smote,stable
R2L,DoS,highest_pt,272,0.010048394842809118,24616,0.9963235294117647,0.7948206435405815,0.018165185153248924,0.0,0.0052861871461874245,True,0.7100423882384457,0.5134413282447522,0.08731447287846607,0.7011621621621622,0.04450966006358523,0.6865564342199856,0.8875513303707038,0.6919431279620853,0.23650746127542902,0.04027676210834224,0.008156606851549755,0.034482758620689655,0.8875513303707038,0.02953254204871463,0.8875513303707038,0.7100423882384457,0.5134413282447522,0.07414857260273981,0.23650746127542902,unsw_nb15_v2,dnn_5class_smote,stable
R2L,DoS,highest_pt,544,0.020096789685618236,24616,0.9981617647058824,0.7948206435405815,0.026698305649550926,0.0,0.013819307642489426,False,0.7100423882384457,0.5134413282447522,0.07594761776696154,0.7011621621621622,0.04450966006358523,0.6865564342199856,0.8875513303707038,0.6919431279620853,0.23650746127542902,0.04027676210834224,0.008156606851549755,0.034482758620689655,0.8875513303707038,0.02953254204871463,0.8875513303707038,0.7100423882384457,0.5134413282447522,0.07414857260273981,0.23650746127542902,unsw_nb15_v2,dnn_5class_smote,stable
R2L,DoS,highest_pt,1360,0.05024197421404559,24616,0.9926470588235294,0.7948206435405815,0.05577286678401652,0.0,0.04289386877695502,False,0.7100423882384457,0.5134728898657878,0.05281822870206929,0.7011621621621622,0.04450966006358523,0.6865564342199856,0.8875513303707038,0.6919431279620853,0.23650746127542902,0.04027676210834224,0.008156606851549755,0.034482758620689655,0.8875513303707038,0.02953254204871463,0.8875513303707038,0.7100423882384457,0.5134413282447522,0.07414857260273981,0.23650746127542902,unsw_nb15_v2,dnn_5class_smote,stable
R2L,DoS,highest_pt,2707,0.10000369426280986,24616,0.9486516438862209,0.7935276515571318,0.09896237509787371,-0.0012929919834496761,0.08608337709081221,False,0.7183782165424434,0.5177551510900342,0.05529920758612243,0.7248378378378378,0.05184641721692345,0.6860771627126767,0.8666254148619003,0.6848341232227488,0.2529427522415342,0.05068346740169882,0.01873206952804185,0.03442650615964449,0.8666254148619003,0.02953254204871463,0.8875513303707038,0.7100423882384457,0.5134413282447522,0.07414857260273981,0.23650746127542902,unsw_nb15_v2,dnn_5class_smote,stable
DoS,Normal,block_greedy,201,0.005024246363045543,7854,1.0,0.9984502324651302,0.0051962817894965286,0.0,0.005024607126074971,True,0.998375284325243,0.9455916975814717,0.005424515924048372,0.9986626442322645,0.9983258928571429,0.9995551601423488,0.9551569506726457,0.7142857142857143,0.00042492563801334765,0.0016741071428571428,0.9983258928571429,0.0,0.0,0.0,0.9983258928571429,0.998375284325243,0.9455916975814717,0.0004068496900958479,0.00042492563801334765,cic_ids2017_v2,rf_5class_cw,fragile
DoS,Normal,block_greedy,201,0.005024246363045543,7854,1.0,0.9984502324651302,0.0051962817894965286,0.0,0.005024607126074971,True,0.998375284325243,0.9455916975814717,0.005424515924048372,0.9986626442322645,0.9983258928571429,0.9995551601423488,0.9551569506726457,0.7142857142857143,0.00042492563801334765,0.0016741071428571428,0.9983258928571429,0.0,0.0,0.0,0.9983258928571429,0.998375284325243,0.9455916975814717,0.0004068496900958479,0.00042492563801334765,cic_ids2017_v2,rf_5class_cw,fragile
DoS,Normal,block_greedy,201,0.005024246363045543,7854,1.0,0.9984502324651302,0.0051962817894965286,0.0,0.005024607126074971,True,0.998375284325243,0.9455916975814717,0.005424515924048372,0.9986626442322645,0.9983258928571429,0.9995551601423488,0.9551569506726457,0.7142857142857143,0.00042492563801334765,0.0016741071428571428,0.9983258928571429,0.0,0.0,0.0,0.9983258928571429,0.998375284325243,0.9455916975814717,0.0004068496900958479,0.00042492563801334765,cic_ids2017_v2,rf_5class_cw,fragile
DoS,Normal,block_greedy,402,0.010048492726091086,7854,1.0,0.9984502324651302,0.010229803841611922,0.0,0.010058129178190364,False,0.998375284325243,0.9455916975814717,0.010459282872604002,0.9986626442322645,0.9983258928571429,0.9995551601423488,0.9551569506726457,0.7142857142857143,0.00042492563801334765,0.0016741071428571428,0.9983258928571429,0.0,0.0,0.0,0.9983258928571429,0.998375284325243,0.9455916975814717,0.0004068496900958479,0.00042492563801334765,cic_ids2017_v2,rf_5class_cw,fragile
DoS,Normal,block_greedy,804,0.02009698545218217,7854,1.0,0.9984502324651302,0.02035609076481495,0.0,0.020184416101393394,False,0.998375284325243,0.9455916975814717,0.02031867550919248,0.9986626442322645,0.9983258928571429,0.9995551601423488,0.9551569506726457,0.7142857142857143,0.00042492563801334765,0.0016741071428571428,0.9983258928571429,0.0,0.0,0.0,0.9983258928571429,0.998375284325243,0.9455916975814717,0.0004068496900958479,0.00042492563801334765,cic_ids2017_v2,rf_5class_cw,fragile
DoS,Normal,block_greedy,2010,0.05024246363045543,7854,1.0,0.9984502324651302,0.051745585408232826,0.0,0.05157391074481127,False,0.998375284325243,0.9455916975814717,0.05181830100879056,0.9986626442322645,0.9983258928571429,0.9995551601423488,0.9551569506726457,0.7142857142857143,0.00042492563801334765,0.0016741071428571428,0.9983258928571429,0.0,0.0,0.0,0.9983258928571429,0.998375284325243,0.9455916975814717,0.0004068496900958479,0.00042492563801334765,cic_ids2017_v2,rf_5class_cw,fragile
DoS,Normal,block_greedy,4001,0.10000999850022496,7854,1.0,0.8646952957056442,0.06918063714200354,-0.13375493675948602,0.06900896247858197,False,0.8648736471117554,0.7437699722568628,0.06898135761345442,0.9994712779522906,0.0,0.9995551601423488,0.9551569506726457,0.7142857142857143,0.13515134851401006,1.0,0.0,0.0,0.0,0.0,0.9983258928571429,0.998375284325243,0.9455916975814717,0.0004068496900958479,0.00042492563801334765,cic_ids2017_v2,rf_5class_cw,fragile
DoS,Normal,block_greedy_stealth,42,0.0010498425236214568,45,0.2619047619047619,0.9980252962055691,0.0010633092746076102,-0.0004249362595610817,0.0008916346111860528,True,0.9982253105706501,0.958818219160525,0.0008295182899657822,0.9988803533107331,0.9983258928571429,0.9942170818505338,0.9506726457399103,0.7142857142857143,7.498687729647311e-05,0.0016741071428571428,0.9983258928571429,0.0,0.0,0.0,0.9983258928571429,0.998375284325243,0.9455916975814717,0.0004068496900958479,0.00042492563801334765,cic_ids2017_v2,rf_5class_cw,fragile
DoS,Normal,block_greedy_stealth,45,0.0011248312753087038,45,0.24444444444444444,0.9980252962055691,0.0011270419751273338,-0.0004249362595610817,0.0009553673117057764,True,0.9982253105706501,0.958818219160525,0.0008707419514383624,0.9988803533107331,0.9983258928571429,0.9942170818505338,0.9506726457399103,0.7142857142857143,7.498687729647311e-05,0.0016741071428571428,0.9983258928571429,0.0,0.0,0.0,0.9983258928571429,0.998375284325243,0.9455916975814717,0.0004068496900958479,0.00042492563801334765,cic_ids2017_v2,rf_5class_cw,fragile
DoS,Normal,random,201,0.005024246363045543,7854,0.6716417910447762,0.9984502324651302,0.005181053334112137,0.0,0.0050093786706905796,True,0.998375284325243,0.9455916975814717,0.005341392783540232,0.9986626442322645,0.9983258928571429,0.9995551601423488,0.9551569506726457,0.7142857142857143,0.00042492563801334765,0.0016741071428571428,0.9983258928571429,0.0,0.0,0.0,0.9983258928571429,0.998375284325243,0.9455916975814717,0.0004068496900958479,0.00042492563801334765,cic_ids2017_v2,rf_5class_cw,fragile
DoS,Normal,random,201,0.005024246363045543,7854,0.6716417910447762,0.9984502324651302,0.005181053334112137,0.0,0.0050093786706905796,True,0.998375284325243,0.9455916975814717,0.005341392783540232,0.9986626442322645,0.9983258928571429,0.9995551601423488,0.9551569506726457,0.7142857142857143,0.00042492563801334765,0.0016741071428571428,0.9983258928571429,0.0,0.0,0.0,0.9983258928571429,0.998375284325243,0.9455916975814717,0.0004068496900958479,0.00042492563801334765,cic_ids2017_v2,rf_5class_cw,fragile
DoS,Normal,random,201,0.005024246363045543,7854,0.6716417910447762,0.9984502324651302,0.005181053334112137,0.0,0.0050093786706905796,True,0.998375284325243,0.9455916975814717,0.005341392783540232,0.9986626442322645,0.9983258928571429,0.9995551601423488,0.9551569506726457,0.7142857142857143,0.00042492563801334765,0.0016741071428571428,0.9983258928571429,0.0,0.0,0.0,0.9983258928571429,0.998375284325243,0.9455916975814717,0.0004068496900958479,0.00042492563801334765,cic_ids2017_v2,rf_5class_cw,fragile
DoS,Normal,random,402,0.010048492726091086,7854,0.6990049751243781,0.9984502324651302,0.01021089879881185,0.0,0.010039224135390292,False,0.998375284325243,0.9455916975814717,0.010233934748910527,0.9986626442322645,0.9983258928571429,0.9995551601423488,0.9551569506726457,0.7142857142857143,0.00042492563801334765,0.0016741071428571428,0.9983258928571429,0.0,0.0,0.0,0.9983258928571429,0.998375284325243,0.9455916975814717,0.0004068496900958479,0.00042492563801334765,cic_ids2017_v2,rf_5class_cw,fragile
DoS,Normal,random,804,0.02009698545218217,7854,0.6965174129353234,0.9984502324651302,0.020147742896968523,0.0,0.019976068233546966,False,0.9984002799510086,0.9584153246450648,0.020196991437470127,0.9986937455291885,0.9983258928571429,0.9995551601423488,0.9551569506726457,0.7142857142857143,0.00039993001224785665,0.0016741071428571428,0.9983258928571429,0.0,0.0,0.0,0.9983258928571429,0.998375284325243,0.9455916975814717,0.0004068496900958479,0.00042492563801334765,cic_ids2017_v2,rf_5class_cw,fragile
DoS,Normal,random,2010,0.05024246363045543,7854,0.6786069651741293,0.9975503674448832,0.04975333636648063,-0.0008998650202469705,0.049581661703059075,False,0.9979753543129952,0.9584852001232964,0.04970551819957184,0.999253568873822,0.9920014880952381,0.9995551601423488,0.9506726457399103,0.7142857142857143,0.0014747419201639714,0.007998511904761904,0.9920014880952381,0.0,0.0,0.0,0.9983258928571429,0.998375284325243,0.9455916975814717,0.0004068496900958479,0.00042492563801334765,cic_ids2017_v2,rf_5class_cw,fragile
DoS,Normal,random,4001,0.10000999850022496,7854,0.6760809797550612,0.8057791331300305,0.09807050293780384,-0.19267109933509974,0.09789882827438227,False,0.8056840052990727,0.2840400838086028,0.09803949834079245,1.0,0.0,0.0,0.35874439461883406,0.0,0.19444097282975478,1.0,0.0,0.0,0.0,0.0,0.9983258928571429,0.998375284325243,0.9455916975814717,0.0004068496900958479,0.00042492563801334765,cic_ids2017_v2,rf_5class_cw,fragile
DoS,Normal,highest_pt,201,0.005024246363045543,7854,1.0,0.9984502324651302,0.0051962817894965286,0.0,0.005024607126074971,True,0.998375284325243,0.9455916975814717,0.005424515924048372,0.9986626442322645,0.9983258928571429,0.9995551601423488,0.9551569506726457,0.7142857142857143,0.00042492563801334765,0.0016741071428571428,0.9983258928571429,0.0,0.0,0.0,0.9983258928571429,0.998375284325243,0.9455916975814717,0.0004068496900958479,0.00042492563801334765,cic_ids2017_v2,rf_5class_cw,fragile
DoS,Normal,highest_pt,201,0.005024246363045543,7854,1.0,0.9984502324651302,0.0051962817894965286,0.0,0.005024607126074971,True,0.998375284325243,0.9455916975814717,0.005424515924048372,0.9986626442322645,0.9983258928571429,0.9995551601423488,0.9551569506726457,0.7142857142857143,0.00042492563801334765,0.0016741071428571428,0.9983258928571429,0.0,0.0,0.0,0.9983258928571429,0.998375284325243,0.9455916975814717,0.0004068496900958479,0.00042492563801334765,cic_ids2017_v2,rf_5class_cw,fragile
DoS,Normal,highest_pt,201,0.005024246363045543,7854,1.0,0.9984502324651302,0.0051962817894965286,0.0,0.005024607126074971,True,0.998375284325243,0.9455916975814717,0.005424515924048372,0.9986626442322645,0.9983258928571429,0.9995551601423488,0.9551569506726457,0.7142857142857143,0.00042492563801334765,0.0016741071428571428,0.9983258928571429,0.0,0.0,0.0,0.9983258928571429,0.998375284325243,0.9455916975814717,0.0004068496900958479,0.00042492563801334765,cic_ids2017_v2,rf_5class_cw,fragile
DoS,Normal,highest_pt,402,0.010048492726091086,7854,1.0,0.9984502324651302,0.010229803841611922,0.0,0.010058129178190364,False,0.998375284325243,0.9455916975814717,0.010459282872604002,0.9986626442322645,0.9983258928571429,0.9995551601423488,0.9551569506726457,0.7142857142857143,0.00042492563801334765,0.0016741071428571428,0.9983258928571429,0.0,0.0,0.0,0.9983258928571429,0.998375284325243,0.9455916975814717,0.0004068496900958479,0.00042492563801334765,cic_ids2017_v2,rf_5class_cw,fragile
DoS,Normal,highest_pt,804,0.02009698545218217,7854,1.0,0.9984502324651302,0.02035609076481495,0.0,0.020184416101393394,False,0.998375284325243,0.9455916975814717,0.02031867550919248,0.9986626442322645,0.9983258928571429,0.9995551601423488,0.9551569506726457,0.7142857142857143,0.00042492563801334765,0.0016741071428571428,0.9983258928571429,0.0,0.0,0.0,0.9983258928571429,0.998375284325243,0.9455916975814717,0.0004068496900958479,0.00042492563801334765,cic_ids2017_v2,rf_5class_cw,fragile
DoS,Normal,highest_pt,2010,0.05024246363045543,7854,1.0,0.9984502324651302,0.051745585408232826,0.0,0.05157391074481127,False,0.998375284325243,0.9455916975814717,0.05181830100879056,0.9986626442322645,0.9983258928571429,0.9995551601423488,0.9551569506726457,0.7142857142857143,0.00042492563801334765,0.0016741071428571428,0.9983258928571429,0.0,0.0,0.0,0.9983258928571429,0.998375284325243,0.9455916975814717,0.0004068496900958479,0.00042492563801334765,cic_ids2017_v2,rf_5class_cw,fragile
DoS,Normal,highest_pt,4001,0.10000999850022496,7854,1.0,0.8646952957056442,0.06918063714200354,-0.13375493675948602,0.06900896247858197,False,0.8648736471117554,0.7437699722568628,0.06898135761345442,0.9994712779522906,0.0,0.9995551601423488,0.9551569506726457,0.7142857142857143,0.13515134851401006,1.0,0.0,0.0,0.0,0.0,0.9983258928571429,0.998375284325243,0.9455916975814717,0.0004068496900958479,0.00042492563801334765,cic_ids2017_v2,rf_5class_cw,fragile
Probe,Normal,block_greedy,201,0.005024246363045543,7854,1.0,0.9984252362145678,0.005277116834208243,-2.499625056240351e-05,0.005105442170786686,True,0.9984002799510086,0.9456390494287206,0.0054073859769565615,0.9986937455291885,0.9983258928571429,0.9995551601423488,0.9551569506726457,0.7142857142857143,0.00039993001224785665,0.0,0.00044483985765124553,0.9995551601423488,0.0,0.0,0.9995551601423488,0.998375284325243,0.9455916975814717,0.0004068496900958479,0.00042492563801334765,cic_ids2017_v2,rf_5class_cw,stable
Probe,Normal,block_greedy,201,0.005024246363045543,7854,1.0,0.9984252362145678,0.005277116834208243,-2.499625056240351e-05,0.005105442170786686,True,0.9984002799510086,0.9456390494287206,0.0054073859769565615,0.9986937455291885,0.9983258928571429,0.9995551601423488,0.9551569506726457,0.7142857142857143,0.00039993001224785665,0.0,0.00044483985765124553,0.9995551601423488,0.0,0.0,0.9995551601423488,0.998375284325243,0.9455916975814717,0.0004068496900958479,0.00042492563801334765,cic_ids2017_v2,rf_5class_cw,stable
Probe,Normal,block_greedy,201,0.005024246363045543,7854,1.0,0.9984252362145678,0.005277116834208243,-2.499625056240351e-05,0.005105442170786686,True,0.9984002799510086,0.9456390494287206,0.0054073859769565615,0.9986937455291885,0.9983258928571429,0.9995551601423488,0.9551569506726457,0.7142857142857143,0.00039993001224785665,0.0,0.00044483985765124553,0.9995551601423488,0.0,0.0,0.9995551601423488,0.998375284325243,0.9455916975814717,0.0004068496900958479,0.00042492563801334765,cic_ids2017_v2,rf_5class_cw,stable
Probe,Normal,block_greedy,402,0.010048492726091086,7854,1.0,0.9984252362145678,0.010376703249691253,-2.499625056240351e-05,0.010205028586269696,False,0.9984002799510086,0.9456390494287206,0.010498464278294053,0.9986937455291885,0.9983258928571429,0.9995551601423488,0.9551569506726457,0.7142857142857143,0.00039993001224785665,0.0,0.00044483985765124553,0.9995551601423488,0.0,0.0,0.9995551601423488,0.998375284325243,0.9455916975814717,0.0004068496900958479,0.00042492563801334765,cic_ids2017_v2,rf_5class_cw,stable
Probe,Normal,block_greedy,804,0.02009698545218217,7854,1.0,0.998375243713443,0.02096780701909587,-7.498875168721053e-05,0.02079613235567431,False,0.9984252755767741,0.9456864208140597,0.02108410177764955,0.9987248468261126,0.9983258928571429,0.9995551601423488,0.9551569506726457,0.7142857142857143,0.0003749343864823656,0.0,0.00044483985765124553,0.9995551601423488,0.0,0.0,0.9995551601423488,0.998375284325243,0.9455916975814717,0.0004068496900958479,0.00042492563801334765,cic_ids2017_v2,rf_5class_cw,stable
Probe,Normal,block_greedy,2010,0.05024246363045543,7854,0.9995024875621891,0.9427585862120682,0.011402908757987459,-0.055691646253062,0.011231234094565902,False,0.9425600519909015,0.7522980613517697,0.011629531545651137,0.9991291636861257,0.9983258928571429,0.0,0.9506726457399103,0.7142857142857143,0.05619016672082386,0.9995551601423488,0.00044483985765124553,0.0,0.0,0.0,0.9995551601423488,0.998375284325243,0.9455916975814717,0.0004068496900958479,0.00042492563801334765,cic_ids2017_v2,rf_5class_cw,stable
Probe,Normal,block_greedy,4001,0.10000999850022496,7854,0.561859535116221,0.927110933359996,0.1149165698730493,-0.07133929910513426,0.11474489520962773,False,0.9261629214887395,0.6548025624972842,0.11455605665417852,1.0,0.8908110119047619,0.0,0.4798206278026906,0.5714285714285714,0.0739370610143225,0.9995551601423488,0.00044483985765124553,0.0,0.0,0.0,0.9995551601423488,0.998375284325243,0.9455916975814717,0.0004068496900958479,0.00042492563801334765,cic_ids2017_v2,rf_5class_cw,stable
Probe,Normal,block_greedy_stealth,42,0.0010498425236214568,45,0.3333333333333333,0.9980252962055691,0.0010671859091815979,-0.0004249362595610817,0.0008955112457600404,True,0.9982253105706501,0.958818219160525,0.0008467793044807677,0.9988803533107331,0.9983258928571429,0.9942170818505338,0.9506726457399103,0.7142857142857143,7.498687729647311e-05,0.005338078291814947,0.00044483985765124553,0.9942170818505338,0.0,0.0,0.9995551601423488,0.998375284325243,0.9455916975814717,0.0004068496900958479,0.00042492563801334765,cic_ids2017_v2,rf_5class_cw,stable
Probe,Normal,block_greedy_stealth,45,0.0011248312753087038,45,0.3111111111111111,0.9980252962055691,0.0011270419751273338,-0.0004249362595610817,0.0009553673117057764,True,0.9982253105706501,0.958818219160525,0.0008707419514383624,0.9988803533107331,0.9983258928571429,0.9942170818505338,0.9506726457399103,0.7142857142857143,7.498687729647311e-05,0.005338078291814947,0.00044483985765124553,0.9942170818505338,0.0,0.0,0.9995551601423488,0.998375284325243,0.9455916975814717,0.0004068496900958479,0.00042492563801334765,cic_ids2017_v2,rf_5class_cw,stable
Probe,Normal,random,201,0.005024246363045543,7854,0.30845771144278605,0.9984502324651302,0.005181053334112137,0.0,0.0050093786706905796,True,0.998375284325243,0.9455916975814717,0.005341392783540232,0.9986626442322645,0.9983258928571429,0.9995551601423488,0.9551569506726457,0.7142857142857143,0.00042492563801334765,0.0,0.00044483985765124553,0.9995551601423488,0.0,0.0,0.9995551601423488,0.998375284325243,0.9455916975814717,0.0004068496900958479,0.00042492563801334765,cic_ids2017_v2,rf_5class_cw,stable
Probe,Normal,random,201,0.005024246363045543,7854,0.30845771144278605,0.9984502324651302,0.005181053334112137,0.0,0.0050093786706905796,True,0.998375284325243,0.9455916975814717,0.005341392783540232,0.9986626442322645,0.9983258928571429,0.9995551601423488,0.9551569506726457,0.7142857142857143,0.00042492563801334765,0.0,0.00044483985765124553,0.9995551601423488,0.0,0.0,0.9995551601423488,0.998375284325243,0.9455916975814717,0.0004068496900958479,0.00042492563801334765,cic_ids2017_v2,rf_5class_cw,stable
Probe,Normal,random,201,0.005024246363045543,7854,0.30845771144278605,0.9984502324651302,0.005181053334112137,0.0,0.0050093786706905796,True,0.998375284325243,0.9455916975814717,0.005341392783540232,0.9986626442322645,0.9983258928571429,0.9995551601423488,0.9551569506726457,0.7142857142857143,0.00042492563801334765,0.0,0.00044483985765124553,0.9995551601423488,0.0,0.0,0.9995551601423488,0.998375284325243,0.9455916975814717,0.0004068496900958479,0.00042492563801334765,cic_ids2017_v2,rf_5class_cw,stable
Probe,Normal,random,402,0.010048492726091086,7854,0.2810945273631841,0.9984502324651302,0.01021089879881185,0.0,0.010039224135390292,False,0.998375284325243,0.9455916975814717,0.010233934748910527,0.9986626442322645,0.9983258928571429,0.9995551601423488,0.9551569506726457,0.7142857142857143,0.00042492563801334765,0.0,0.00044483985765124553,0.9995551601423488,0.0,0.0,0.9995551601423488,0.998375284325243,0.9455916975814717,0.0004068496900958479,0.00042492563801334765,cic_ids2017_v2,rf_5class_cw,stable
Probe,Normal,random,804,0.02009698545218217,7854,0.27860696517412936,0.9984502324651302,0.020147742896968523,0.0,0.019976068233546966,False,0.9984002799510086,0.9584153246450648,0.020196991437470127,0.9986937455291885,0.9983258928571429,0.9995551601423488,0.9551569506726457,0.7142857142857143,0.00039993001224785665,0.0,0.00044483985765124553,0.9995551601423488,0.0,0.0,0.9995551601423488,0.998375284325243,0.9455916975814717,0.0004068496900958479,0.00042492563801334765,cic_ids2017_v2,rf_5class_cw,stable
Probe,Normal,random,2010,0.05024246363045543,7854,0.29502487562189056,0.9975503674448832,0.04975333636648063,-0.0008998650202469705,0.049581661703059075,False,0.9979753543129952,0.9584852001232964,0.04970551819957184,0.999253568873822,0.9920014880952381,0.9995551601423488,0.9506726457399103,0.7142857142857143,0.0014747419201639714,0.0,0.00044483985765124553,0.9995551601423488,0.0,0.0,0.9995551601423488,0.998375284325243,0.9455916975814717,0.0004068496900958479,0.00042492563801334765,cic_ids2017_v2,rf_5class_cw,stable
Probe,Normal,random,4001,0.10000999850022496,7854,0.2944263934016496,0.8057791331300305,0.09807050293780384,-0.19267109933509974,0.09789882827438227,False,0.8056840052990727,0.2840400838086028,0.09803949834079245,1.0,0.0,0.0,0.35874439461883406,0.0,0.19444097282975478,1.0,0.0,0.0,0.0,0.0,0.9995551601423488,0.998375284325243,0.9455916975814717,0.0004068496900958479,0.00042492563801334765,cic_ids2017_v2,rf_5class_cw,stable
Probe,Normal,highest_pt,201,0.005024246363045543,7854,1.0,0.9984502324651302,0.0052111833540271785,0.0,0.005039508690605621,True,0.998375284325243,0.9455916975814717,0.005464055015570988,0.9986626442322645,0.9983258928571429,0.9995551601423488,0.9551569506726457,0.7142857142857143,0.00042492563801334765,0.0,0.00044483985765124553,0.9995551601423488,0.0,0.0,0.9995551601423488,0.998375284325243,0.9455916975814717,0.0004068496900958479,0.00042492563801334765,cic_ids2017_v2,rf_5class_cw,stable
Probe,Normal,highest_pt,201,0.005024246363045543,7854,1.0,0.9984502324651302,0.0052111833540271785,0.0,0.005039508690605621,True,0.998375284325243,0.9455916975814717,0.005464055015570988,0.9986626442322645,0.9983258928571429,0.9995551601423488,0.9551569506726457,0.7142857142857143,0.00042492563801334765,0.0,0.00044483985765124553,0.9995551601423488,0.0,0.0,0.9995551601423488,0.998375284325243,0.9455916975814717,0.0004068496900958479,0.00042492563801334765,cic_ids2017_v2,rf_5class_cw,stable
Probe,Normal,highest_pt,201,0.005024246363045543,7854,1.0,0.9984502324651302,0.0052111833540271785,0.0,0.005039508690605621,True,0.998375284325243,0.9455916975814717,0.005464055015570988,0.9986626442322645,0.9983258928571429,0.9995551601423488,0.9551569506726457,0.7142857142857143,0.00042492563801334765,0.0,0.00044483985765124553,0.9995551601423488,0.0,0.0,0.9995551601423488,0.998375284325243,0.9455916975814717,0.0004068496900958479,0.00042492563801334765,cic_ids2017_v2,rf_5class_cw,stable
Probe,Normal,highest_pt,402,0.010048492726091086,7854,1.0,0.9984502324651302,0.010311605924725763,0.0,0.010139931261304205,False,0.998375284325243,0.9455916975814717,0.010555267541748507,0.9986626442322645,0.9983258928571429,0.9995551601423488,0.9551569506726457,0.7142857142857143,0.00042492563801334765,0.0,0.00044483985765124553,0.9995551601423488,0.0,0.0,0.9995551601423488,0.998375284325243,0.9455916975814717,0.0004068496900958479,0.00042492563801334765,cic_ids2017_v2,rf_5class_cw,stable
Probe,Normal,highest_pt,804,0.02009698545218217,7854,1.0,0.998375243713443,0.020923299777389704,-7.498875168721053e-05,0.020751625113968147,False,0.9984002799510086,0.9456390494287206,0.021063241122001537,0.9986937455291885,0.9983258928571429,0.9995551601423488,0.9551569506726457,0.7142857142857143,0.00039993001224785665,0.0,0.00044483985765124553,0.9995551601423488,0.0,0.0,0.9995551601423488,0.998375284325243,0.9455916975814717,0.0004068496900958479,0.00042492563801334765,cic_ids2017_v2,rf_5class_cw,stable
Probe,Normal,highest_pt,2010,0.05024246363045543,7854,1.0,0.9427835824626306,0.011392952798438516,-0.055666650002499596,0.011221278135016959,False,0.9425350563651361,0.7395052236714246,0.01170173387313999,0.9990669610922776,0.9983258928571429,0.0,0.9551569506726457,0.7142857142857143,0.05626515359812033,0.9995551601423488,0.00044483985765124553,0.0,0.0,0.0,0.9995551601423488,0.998375284325243,0.9455916975814717,0.0004068496900958479,0.00042492563801334765,cic_ids2017_v2,rf_5class_cw,stable
Probe,Normal,highest_pt,4001,0.10000999850022496,7854,0.561859535116221,0.927110933359996,0.11492781511386316,-0.07133929910513426,0.1147561404504416,False,0.9261629214887395,0.6548025624972842,0.11455981501500132,1.0,0.8908110119047619,0.0,0.4798206278026906,0.5714285714285714,0.0739370610143225,0.9995551601423488,0.00044483985765124553,0.0,0.0,0.0,0.9995551601423488,0.998375284325243,0.9455916975814717,0.0004068496900958479,0.00042492563801334765,cic_ids2017_v2,rf_5class_cw,stable
DoS,Normal,block_greedy,201,0.005024246363045543,7854,1.0,0.9990251462280658,0.0050705182326911975,0.0,0.005020230074986435,True,0.9991251530982078,0.9817048893743083,0.005090347917659114,0.9991913662799738,0.9996279761904762,0.9995551601423488,0.9730941704035875,1.0,0.0001249781288274552,0.0003720238095238095,0.9996279761904762,0.0,0.0,0.0,0.9996279761904762,0.9991251530982078,0.9817048893743083,0.0003410759428818879,0.0001249781288274552,cic_ids2017_v2,xgb_5class_cw,fragile
DoS,Normal,block_greedy,201,0.005024246363045543,7854,1.0,0.9990251462280658,0.0050705182326911975,0.0,0.005020230074986435,True,0.9991251530982078,0.9817048893743083,0.005090347917659114,0.9991913662799738,0.9996279761904762,0.9995551601423488,0.9730941704035875,1.0,0.0001249781288274552,0.0003720238095238095,0.9996279761904762,0.0,0.0,0.0,0.9996279761904762,0.9991251530982078,0.9817048893743083,0.0003410759428818879,0.0001249781288274552,cic_ids2017_v2,xgb_5class_cw,fragile
DoS,Normal,block_greedy,201,0.005024246363045543,7854,1.0,0.9990251462280658,0.0050705182326911975,0.0,0.005020230074986435,True,0.9991251530982078,0.9817048893743083,0.005090347917659114,0.9991913662799738,0.9996279761904762,0.9995551601423488,0.9730941704035875,1.0,0.0001249781288274552,0.0003720238095238095,0.9996279761904762,0.0,0.0,0.0,0.9996279761904762,0.9991251530982078,0.9817048893743083,0.0003410759428818879,0.0001249781288274552,cic_ids2017_v2,xgb_5class_cw,fragile
DoS,Normal,block_greedy,402,0.010048492726091086,7854,1.0,0.9990251462280658,0.010105718602329321,0.0,0.010055430444624558,False,0.9991251530982078,0.9817048893743083,0.01012541598740485,0.9991913662799738,0.9996279761904762,0.9995551601423488,0.9730941704035875,1.0,0.0001249781288274552,0.0003720238095238095,0.9996279761904762,0.0,0.0,0.0,0.9996279761904762,0.9991251530982078,0.9817048893743083,0.0003410759428818879,0.0001249781288274552,cic_ids2017_v2,xgb_5class_cw,fragile
DoS,Normal,block_greedy,804,0.02009698545218217,7854,1.0,0.9990251462280658,0.020232696664681263,0.0,0.0201824085069765,False,0.9991251530982078,0.9817048893743083,0.020247539889876705,0.9991913662799738,0.9996279761904762,0.9995551601423488,0.9730941704035875,1.0,0.0001249781288274552,0.0003720238095238095,0.9996279761904762,0.0,0.0,0.0,0.9996279761904762,0.9991251530982078,0.9817048893743083,0.0003410759428818879,0.0001249781288274552,cic_ids2017_v2,xgb_5class_cw,fragile
DoS,Normal,block_greedy,2010,0.05024246363045543,7854,1.0,0.9990251462280658,0.0516476749272762,0.0,0.051597386769571436,False,0.9991251530982078,0.9817048893743083,0.05183240022890771,0.9991913662799738,0.9996279761904762,0.9995551601423488,0.9730941704035875,1.0,0.0001249781288274552,0.0003720238095238095,0.9996279761904762,0.0,0.0,0.0,0.9996279761904762,0.9991251530982078,0.9817048893743083,0.0003410759428818879,0.0001249781288274552,cic_ids2017_v2,xgb_5class_cw,fragile
DoS,Normal,block_greedy,4001,0.10000999850022496,7854,1.0,0.8649452582112683,0.06916217295483794,-0.1340798880167975,0.06911188479713318,False,0.8652485814982378,0.7674680183146434,0.06922688663187951,0.9995956831399869,0.0011160714285714285,0.9995551601423488,0.968609865470852,1.0,0.13467643162446571,0.9988839285714286,0.0011160714285714285,0.0,0.0,0.0,0.9996279761904762,0.9991251530982078,0.9817048893743083,0.0003410759428818879,0.0001249781288274552,cic_ids2017_v2,xgb_5class_cw,fragile
DoS,Normal,block_greedy_stealth,11,0.000274958756186572,11,0.2727272727272727,0.9990501424786282,0.00030965414850337943,2.499625056240351e-05,0.0002593659907986168,True,0.9991501487239733,0.9821512978870495,0.0003196756708952961,0.9992224675768979,0.9996279761904762,0.9995551601423488,0.9730941704035875,1.0,0.00014997375459294623,0.0003720238095238095,0.9996279761904762,0.0,0.0,0.0,0.9996279761904762,0.9991251530982078,0.9817048893743083,0.0003410759428818879,0.0001249781288274552,cic_ids2017_v2,xgb_5class_cw,fragile
DoS,Normal,random,201,0.005024246363045543,7854,0.6716417910447762,0.9990251462280658,0.005068660727652716,0.0,0.0050183725699479535,True,0.9991251530982078,0.9817048893743083,0.00508555393879458,0.9991913662799738,0.9996279761904762,0.9995551601423488,0.9730941704035875,1.0,0.0001249781288274552,0.0003720238095238095,0.9996279761904762,0.0,0.0,0.0,0.9996279761904762,0.9991251530982078,0.9817048893743083,0.0003410759428818879,0.0001249781288274552,cic_ids2017_v2,xgb_5class_cw,fragile
DoS,Normal,random,201,0.005024246363045543,7854,0.6716417910447762,0.9990251462280658,0.005068660727652716,0.0,0.0050183725699479535,True,0.9991251530982078,0.9817048893743083,0.00508555393879458,0.9991913662799738,0.9996279761904762,0.9995551601423488,0.9730941704035875,1.0,0.0001249781288274552,0.0003720238095238095,0.9996279761904762,0.0,0.0,0.0,0.9996279761904762,0.9991251530982078,0.9817048893743083,0.0003410759428818879,0.0001249781288274552,cic_ids2017_v2,xgb_5class_cw,fragile
DoS,Normal,random,201,0.005024246363045543,7854,0.6716417910447762,0.9990251462280658,0.005068660727652716,0.0,0.0050183725699479535,True,0.9991251530982078,0.9817048893743083,0.00508555393879458,0.9991913662799738,0.9996279761904762,0.9995551601423488,0.9730941704035875,1.0,0.0001249781288274552,0.0003720238095238095,0.9996279761904762,0.0,0.0,0.0,0.9996279761904762,0.9991251530982078,0.9817048893743083,0.0003410759428818879,0.0001249781288274552,cic_ids2017_v2,xgb_5class_cw,fragile
DoS,Normal,random,402,0.010048492726091086,7854,0.6990049751243781,0.9990251462280658,0.01011822064531296,0.0,0.010067932487608197,False,0.9991251530982078,0.9817048893743083,0.010049406340479738,0.9991913662799738,0.9996279761904762,0.9995551601423488,0.9730941704035875,1.0,0.0001249781288274552,0.0003720238095238095,0.9996279761904762,0.0,0.0,0.0,0.9996279761904762,0.9991251530982078,0.9817048893743083,0.0003410759428818879,0.0001249781288274552,cic_ids2017_v2,xgb_5class_cw,fragile
DoS,Normal,random,804,0.02009698545218217,7854,0.6965174129353234,0.9990501424786282,0.020039740995410563,2.499625056240351e-05,0.019989452837705802,False,0.9991501487239733,0.9821512978870495,0.020086345567626205,0.9992224675768979,0.9996279761904762,0.9995551601423488,0.9730941704035875,1.0,0.00014997375459294623,0.0003720238095238095,0.9996279761904762,0.0,0.0,0.0,0.9996279761904762,0.9991251530982078,0.9817048893743083,0.0003410759428818879,0.0001249781288274552,cic_ids2017_v2,xgb_5class_cw,fragile
DoS,Normal,random,2010,0.05024246363045543,7854,0.6786069651741293,0.9990251462280658,0.05002143635312878,0.0,0.04997114819542402,False,0.9991501487239733,0.9821512978870495,0.05018243625971974,0.9992224675768979,0.9996279761904762,0.9995551601423488,0.9730941704035875,1.0,0.00014997375459294623,0.0003720238095238095,0.9996279761904762,0.0,0.0,0.0,0.9996279761904762,0.9991251530982078,0.9817048893743083,0.0003410759428818879,0.0001249781288274552,cic_ids2017_v2,xgb_5class_cw,fragile
DoS,Normal,random,4001,0.10000999850022496,7854,0.6760809797550612,0.835999600059991,0.06936470961532153,-0.16302554616807485,0.06931442145761676,False,0.8372284850151224,0.3716989495601366,0.06813737482238799,1.0,0.16722470238095238,0.1748220640569395,0.2242152466367713,0.0,0.16334641437748393,0.8327752976190477,0.16722470238095238,0.0,0.0,0.0,0.9996279761904762,0.9991251530982078,0.9817048893743083,0.0003410759428818879,0.0001249781288274552,cic_ids2017_v2,xgb_5class_cw,fragile
DoS,Normal,highest_pt,201,0.005024246363045543,7854,1.0,0.9990251462280658,0.0050705182326911975,0.0,0.005020230074986435,True,0.9991251530982078,0.9817048893743083,0.005090347917659114,0.9991913662799738,0.9996279761904762,0.9995551601423488,0.9730941704035875,1.0,0.0001249781288274552,0.0003720238095238095,0.9996279761904762,0.0,0.0,0.0,0.9996279761904762,0.9991251530982078,0.9817048893743083,0.0003410759428818879,0.0001249781288274552,cic_ids2017_v2,xgb_5class_cw,fragile
DoS,Normal,highest_pt,201,0.005024246363045543,7854,1.0,0.9990251462280658,0.0050705182326911975,0.0,0.005020230074986435,True,0.9991251530982078,0.9817048893743083,0.005090347917659114,0.9991913662799738,0.9996279761904762,0.9995551601423488,0.9730941704035875,1.0,0.0001249781288274552,0.0003720238095238095,0.9996279761904762,0.0,0.0,0.0,0.9996279761904762,0.9991251530982078,0.9817048893743083,0.0003410759428818879,0.0001249781288274552,cic_ids2017_v2,xgb_5class_cw,fragile
DoS,Normal,highest_pt,201,0.005024246363045543,7854,1.0,0.9990251462280658,0.0050705182326911975,0.0,0.005020230074986435,True,0.9991251530982078,0.9817048893743083,0.005090347917659114,0.9991913662799738,0.9996279761904762,0.9995551601423488,0.9730941704035875,1.0,0.0001249781288274552,0.0003720238095238095,0.9996279761904762,0.0,0.0,0.0,0.9996279761904762,0.9991251530982078,0.9817048893743083,0.0003410759428818879,0.0001249781288274552,cic_ids2017_v2,xgb_5class_cw,fragile
DoS,Normal,highest_pt,402,0.010048492726091086,7854,1.0,0.9990251462280658,0.010105718602329321,0.0,0.010055430444624558,False,0.9991251530982078,0.9817048893743083,0.01012541598740485,0.9991913662799738,0.9996279761904762,0.9995551601423488,0.9730941704035875,1.0,0.0001249781288274552,0.0003720238095238095,0.9996279761904762,0.0,0.0,0.0,0.9996279761904762,0.9991251530982078,0.9817048893743083,0.0003410759428818879,0.0001249781288274552,cic_ids2017_v2,xgb_5class_cw,fragile
DoS,Normal,highest_pt,804,0.02009698545218217,7854,1.0,0.9990251462280658,0.020232696664681263,0.0,0.0201824085069765,False,0.9991251530982078,0.9817048893743083,0.020247539889876705,0.9991913662799738,0.9996279761904762,0.9995551601423488,0.9730941704035875,1.0,0.0001249781288274552,0.0003720238095238095,0.9996279761904762,0.0,0.0,0.0,0.9996279761904762,0.9991251530982078,0.9817048893743083,0.0003410759428818879,0.0001249781288274552,cic_ids2017_v2,xgb_5class_cw,fragile
DoS,Normal,highest_pt,2010,0.05024246363045543,7854,1.0,0.9990251462280658,0.0516476749272762,0.0,0.051597386769571436,False,0.9991251530982078,0.9817048893743083,0.05183240022890771,0.9991913662799738,0.9996279761904762,0.9995551601423488,0.9730941704035875,1.0,0.0001249781288274552,0.0003720238095238095,0.9996279761904762,0.0,0.0,0.0,0.9996279761904762,0.9991251530982078,0.9817048893743083,0.0003410759428818879,0.0001249781288274552,cic_ids2017_v2,xgb_5class_cw,fragile
DoS,Normal,highest_pt,4001,0.10000999850022496,7854,1.0,0.8649452582112683,0.06916217295483794,-0.1340798880167975,0.06911188479713318,False,0.8652485814982378,0.7674680183146434,0.06922688663187951,0.9995956831399869,0.0011160714285714285,0.9995551601423488,0.968609865470852,1.0,0.13467643162446571,0.9988839285714286,0.0011160714285714285,0.0,0.0,0.0,0.9996279761904762,0.9991251530982078,0.9817048893743083,0.0003410759428818879,0.0001249781288274552,cic_ids2017_v2,xgb_5class_cw,fragile
Probe,Normal,block_greedy,201,0.005024246363045543,7854,1.0,0.9990251462280658,0.005081194895714284,0.0,0.0050309067380095215,True,0.9991251530982078,0.9817048893743083,0.005105949197220611,0.9991913662799738,0.9996279761904762,0.9995551601423488,0.9730941704035875,1.0,0.0001249781288274552,0.0,0.00044483985765124553,0.9995551601423488,0.0,0.0,0.9995551601423488,0.9991251530982078,0.9817048893743083,0.0003410759428818879,0.0001249781288274552,cic_ids2017_v2,xgb_5class_cw,stable
Probe,Normal,block_greedy,201,0.005024246363045543,7854,1.0,0.9990251462280658,0.005081194895714284,0.0,0.0050309067380095215,True,0.9991251530982078,0.9817048893743083,0.005105949197220611,0.9991913662799738,0.9996279761904762,0.9995551601423488,0.9730941704035875,1.0,0.0001249781288274552,0.0,0.00044483985765124553,0.9995551601423488,0.0,0.0,0.9995551601423488,0.9991251530982078,0.9817048893743083,0.0003410759428818879,0.0001249781288274552,cic_ids2017_v2,xgb_5class_cw,stable
Probe,Normal,block_greedy,201,0.005024246363045543,7854,1.0,0.9990251462280658,0.005081194895714284,0.0,0.0050309067380095215,True,0.9991251530982078,0.9817048893743083,0.005105949197220611,0.9991913662799738,0.9996279761904762,0.9995551601423488,0.9730941704035875,1.0,0.0001249781288274552,0.0,0.00044483985765124553,0.9995551601423488,0.0,0.0,0.9995551601423488,0.9991251530982078,0.9817048893743083,0.0003410759428818879,0.0001249781288274552,cic_ids2017_v2,xgb_5class_cw,stable
Probe,Normal,block_greedy,402,0.010048492726091086,7854,1.0,0.9990251462280658,0.010177174737040889,0.0,0.010126886579336126,False,0.9991251530982078,0.9817048893743083,0.010205476622186524,0.9991913662799738,0.9996279761904762,0.9995551601423488,0.9730941704035875,1.0,0.0001249781288274552,0.0,0.00044483985765124553,0.9995551601423488,0.0,0.0,0.9995551601423488,0.9991251530982078,0.9817048893743083,0.0003410759428818879,0.0001249781288274552,cic_ids2017_v2,xgb_5class_cw,stable
Probe,Normal,block_greedy,804,0.02009698545218217,7854,1.0,0.9990251462280658,0.020823280259524853,0.0,0.02077299210182009,False,0.9991251530982078,0.9817048893743083,0.02084770304513711,0.9991913662799738,0.9996279761904762,0.9995551601423488,0.9730941704035875,1.0,0.0001249781288274552,0.0,0.00044483985765124553,0.9995551601423488,0.0,0.0,0.9995551601423488,0.9991251530982078,0.9817048893743083,0.0003410759428818879,0.0001249781288274552,cic_ids2017_v2,xgb_5class_cw,stable
Probe,Normal,block_greedy,2010,0.05024246363045543,7854,1.0,0.9433334999750037,0.051543624946256576,-0.05569164625306211,0.051493336788551815,False,0.9432349338865699,0.7755209381096441,0.05128378634176247,0.9995334805461388,0.9996279761904762,0.0,0.9730941704035875,1.0,0.05656510110730622,0.9995551601423488,0.00044483985765124553,0.0,0.0,0.0,0.9995551601423488,0.9991251530982078,0.9817048893743083,0.0003410759428818879,0.0001249781288274552,cic_ids2017_v2,xgb_5class_cw,stable
Probe,Normal,block_greedy,4001,0.10000999850022496,7854,0.561859535116221,0.9077638354246863,0.09875952042522362,-0.09126131080337951,0.09870923226751886,False,0.9075661759192142,0.6860813943413405,0.09922895140303098,1.0,0.7446056547619048,0.0,0.6636771300448431,0.7142857142857143,0.09300872347339216,1.0,0.0,0.0,0.0,0.0,0.9995551601423488,0.9991251530982078,0.9817048893743083,0.0003410759428818879,0.0001249781288274552,cic_ids2017_v2,xgb_5class_cw,stable
Probe,Normal,block_greedy_stealth,11,0.000274958756186572,11,0.0,0.9990501424786282,0.00030965414850337943,2.499625056240351e-05,0.0002593659907986168,True,0.9991501487239733,0.9821512978870495,0.0003196756708952961,0.9992224675768979,0.9996279761904762,0.9995551601423488,0.9730941704035875,1.0,0.00014997375459294623,0.0,0.00044483985765124553,0.9995551601423488,0.0,0.0,0.9995551601423488,0.9991251530982078,0.9817048893743083,0.0003410759428818879,0.0001249781288274552,cic_ids2017_v2,xgb_5class_cw,stable
Probe,Normal,random,201,0.005024246363045543,7854,0.30845771144278605,0.9990251462280658,0.005068660727652716,0.0,0.0050183725699479535,True,0.9991251530982078,0.9817048893743083,0.00508555393879458,0.9991913662799738,0.9996279761904762,0.9995551601423488,0.9730941704035875,1.0,0.0001249781288274552,0.0,0.00044483985765124553,0.9995551601423488,0.0,0.0,0.9995551601423488,0.9991251530982078,0.9817048893743083,0.0003410759428818879,0.0001249781288274552,cic_ids2017_v2,xgb_5class_cw,stable
Probe,Normal,random,201,0.005024246363045543,7854,0.30845771144278605,0.9990251462280658,0.005068660727652716,0.0,0.0050183725699479535,True,0.9991251530982078,0.9817048893743083,0.00508555393879458,0.9991913662799738,0.9996279761904762,0.9995551601423488,0.9730941704035875,1.0,0.0001249781288274552,0.0,0.00044483985765124553,0.9995551601423488,0.0,0.0,0.9995551601423488,0.9991251530982078,0.9817048893743083,0.0003410759428818879,0.0001249781288274552,cic_ids2017_v2,xgb_5class_cw,stable
Probe,Normal,random,201,0.005024246363045543,7854,0.30845771144278605,0.9990251462280658,0.005068660727652716,0.0,0.0050183725699479535,True,0.9991251530982078,0.9817048893743083,0.00508555393879458,0.9991913662799738,0.9996279761904762,0.9995551601423488,0.9730941704035875,1.0,0.0001249781288274552,0.0,0.00044483985765124553,0.9995551601423488,0.0,0.0,0.9995551601423488,0.9991251530982078,0.9817048893743083,0.0003410759428818879,0.0001249781288274552,cic_ids2017_v2,xgb_5class_cw,stable
Probe,Normal,random,402,0.010048492726091086,7854,0.2810945273631841,0.9990251462280658,0.01011822064531296,0.0,0.010067932487608197,False,0.9991251530982078,0.9817048893743083,0.010049406340479738,0.9991913662799738,0.9996279761904762,0.9995551601423488,0.9730941704035875,1.0,0.0001249781288274552,0.0,0.00044483985765124553,0.9995551601423488,0.0,0.0,0.9995551601423488,0.9991251530982078,0.9817048893743083,0.0003410759428818879,0.0001249781288274552,cic_ids2017_v2,xgb_5class_cw,stable
Probe,Normal,random,804,0.02009698545218217,7854,0.27860696517412936,0.9990501424786282,0.020039740995410563,2.499625056240351e-05,0.019989452837705802,False,0.9991501487239733,0.9821512978870495,0.020086345567626205,0.9992224675768979,0.9996279761904762,0.9995551601423488,0.9730941704035875,1.0,0.00014997375459294623,0.0,0.00044483985765124553,0.9995551601423488,0.0,0.0,0.9995551601423488,0.9991251530982078,0.9817048893743083,0.0003410759428818879,0.0001249781288274552,cic_ids2017_v2,xgb_5class_cw,stable
Probe,Normal,random,2010,0.05024246363045543,7854,0.29502487562189056,0.9990251462280658,0.05002143635312878,0.0,0.04997114819542402,False,0.9991501487239733,0.9821512978870495,0.05018243625971974,0.9992224675768979,0.9996279761904762,0.9995551601423488,0.9730941704035875,1.0,0.00014997375459294623,0.0,0.00044483985765124553,0.9995551601423488,0.0,0.0,0.9995551601423488,0.9991251530982078,0.9817048893743083,0.0003410759428818879,0.0001249781288274552,cic_ids2017_v2,xgb_5class_cw,stable
Probe,Normal,random,4001,0.10000999850022496,7854,0.2944263934016496,0.835999600059991,0.06936470961532153,-0.16302554616807485,0.06931442145761676,False,0.8372284850151224,0.3716989495601366,0.06813737482238799,1.0,0.16722470238095238,0.1748220640569395,0.2242152466367713,0.0,0.16334641437748393,0.8251779359430605,0.0,0.1748220640569395,0.0,0.0,0.9995551601423488,0.9991251530982078,0.9817048893743083,0.0003410759428818879,0.0001249781288274552,cic_ids2017_v2,xgb_5class_cw,stable
Probe,Normal,highest_pt,201,0.005024246363045543,7854,1.0,0.9990251462280658,0.005081194895714284,0.0,0.0050309067380095215,True,0.9991251530982078,0.9817048893743083,0.005105949197220611,0.9991913662799738,0.9996279761904762,0.9995551601423488,0.9730941704035875,1.0,0.0001249781288274552,0.0,0.00044483985765124553,0.9995551601423488,0.0,0.0,0.9995551601423488,0.9991251530982078,0.9817048893743083,0.0003410759428818879,0.0001249781288274552,cic_ids2017_v2,xgb_5class_cw,stable
Probe,Normal,highest_pt,201,0.005024246363045543,7854,1.0,0.9990251462280658,0.005081194895714284,0.0,0.0050309067380095215,True,0.9991251530982078,0.9817048893743083,0.005105949197220611,0.9991913662799738,0.9996279761904762,0.9995551601423488,0.9730941704035875,1.0,0.0001249781288274552,0.0,0.00044483985765124553,0.9995551601423488,0.0,0.0,0.9995551601423488,0.9991251530982078,0.9817048893743083,0.0003410759428818879,0.0001249781288274552,cic_ids2017_v2,xgb_5class_cw,stable
Probe,Normal,highest_pt,201,0.005024246363045543,7854,1.0,0.9990251462280658,0.005081194895714284,0.0,0.0050309067380095215,True,0.9991251530982078,0.9817048893743083,0.005105949197220611,0.9991913662799738,0.9996279761904762,0.9995551601423488,0.9730941704035875,1.0,0.0001249781288274552,0.0,0.00044483985765124553,0.9995551601423488,0.0,0.0,0.9995551601423488,0.9991251530982078,0.9817048893743083,0.0003410759428818879,0.0001249781288274552,cic_ids2017_v2,xgb_5class_cw,stable
Probe,Normal,highest_pt,402,0.010048492726091086,7854,1.0,0.9990251462280658,0.010177174737040889,0.0,0.010126886579336126,False,0.9991251530982078,0.9817048893743083,0.010205476622186524,0.9991913662799738,0.9996279761904762,0.9995551601423488,0.9730941704035875,1.0,0.0001249781288274552,0.0,0.00044483985765124553,0.9995551601423488,0.0,0.0,0.9995551601423488,0.9991251530982078,0.9817048893743083,0.0003410759428818879,0.0001249781288274552,cic_ids2017_v2,xgb_5class_cw,stable
Probe,Normal,highest_pt,804,0.02009698545218217,7854,1.0,0.9990251462280658,0.020823280259524853,0.0,0.02077299210182009,False,0.9991251530982078,0.9817048893743083,0.02084770304513711,0.9991913662799738,0.9996279761904762,0.9995551601423488,0.9730941704035875,1.0,0.0001249781288274552,0.0,0.00044483985765124553,0.9995551601423488,0.0,0.0,0.9995551601423488,0.9991251530982078,0.9817048893743083,0.0003410759428818879,0.0001249781288274552,cic_ids2017_v2,xgb_5class_cw,stable
Probe,Normal,highest_pt,2010,0.05024246363045543,7854,1.0,0.9433334999750037,0.051543624946256576,-0.05569164625306211,0.051493336788551815,False,0.9432349338865699,0.7755209381096441,0.05128378634176247,0.9995334805461388,0.9996279761904762,0.0,0.9730941704035875,1.0,0.05656510110730622,0.9995551601423488,0.00044483985765124553,0.0,0.0,0.0,0.9995551601423488,0.9991251530982078,0.9817048893743083,0.0003410759428818879,0.0001249781288274552,cic_ids2017_v2,xgb_5class_cw,stable
Probe,Normal,highest_pt,4001,0.10000999850022496,7854,0.561859535116221,0.9077638354246863,0.09875952042522362,-0.09126131080337951,0.09870923226751886,False,0.9075661759192142,0.6860813943413405,0.09922895140303098,1.0,0.7446056547619048,0.0,0.6636771300448431,0.7142857142857143,0.09300872347339216,1.0,0.0,0.0,0.0,0.0,0.9995551601423488,0.9991251530982078,0.9817048893743083,0.0003410759428818879,0.0001249781288274552,cic_ids2017_v2,xgb_5class_cw,stable
R2L,Normal,block_greedy,201,0.005024246363045543,7854,0.9751243781094527,0.9440083987401889,0.008144801622480706,-0.0033994900764885427,0.006184503949412123,True,0.9425850476166671,0.6016332580277467,0.009618500945471477,0.9833919074425403,0.7172619047619048,0.9933274021352313,0.0,0.2857142857142857,0.2007898617741895,1.0,0.0,0.0,0.0,0.0,0.23318385650224216,0.9460844352238358,0.6779112017057516,0.0025897017548561834,0.19339115654760416,cic_ids2017_v2,dnn_5class_cw,fragile
R2L,Normal,block_greedy,201,0.005024246363045543,7854,0.9751243781094527,0.9440083987401889,0.008144801622480706,-0.0033994900764885427,0.006184503949412123,True,0.9425850476166671,0.6016332580277467,0.009618500945471477,0.9833919074425403,0.7172619047619048,0.9933274021352313,0.0,0.2857142857142857,0.2007898617741895,1.0,0.0,0.0,0.0,0.0,0.23318385650224216,0.9460844352238358,0.6779112017057516,0.0025897017548561834,0.19339115654760416,cic_ids2017_v2,dnn_5class_cw,fragile
R2L,Normal,block_greedy,201,0.005024246363045543,7854,0.9751243781094527,0.9440083987401889,0.008144801622480706,-0.0033994900764885427,0.006184503949412123,True,0.9425850476166671,0.6016332580277467,0.009618500945471477,0.9833919074425403,0.7172619047619048,0.9933274021352313,0.0,0.2857142857142857,0.2007898617741895,1.0,0.0,0.0,0.0,0.0,0.23318385650224216,0.9460844352238358,0.6779112017057516,0.0025897017548561834,0.19339115654760416,cic_ids2017_v2,dnn_5class_cw,fragile
R2L,Normal,block_greedy,402,0.010048492726091086,7854,0.5497512437810945,0.9438584212368145,0.013429951942382928,-0.003549467579862964,0.011469654269314344,False,0.9426600344939635,0.6017466591266947,0.014704881857116691,0.9835163126302366,0.7172619047619048,0.9928825622775801,0.0,0.2857142857142857,0.20091483990301698,1.0,0.0,0.0,0.0,0.0,0.23318385650224216,0.9460844352238358,0.6779112017057516,0.0025897017548561834,0.19339115654760416,cic_ids2017_v2,dnn_5class_cw,fragile
R2L,Normal,block_greedy,804,0.02009698545218217,7854,0.27611940298507465,0.9438584212368145,0.021142415619466937,-0.003549467579862964,0.019182117946398354,False,0.9426600344939635,0.6017466591266947,0.022437048882531466,0.9835163126302366,0.7172619047619048,0.9928825622775801,0.0,0.2857142857142857,0.20091483990301698,1.0,0.0,0.0,0.0,0.0,0.23318385650224216,0.9460844352238358,0.6779112017057516,0.0025897017548561834,0.19339115654760416,cic_ids2017_v2,dnn_5class_cw,fragile
R2L,Normal,block_greedy,2010,0.05024246363045543,7854,0.11044776119402985,0.9341348797680348,0.0536726257653508,-0.013273009048642703,0.05171232809228221,False,0.9329367360711875,0.581672796719028,0.05427391628186383,0.9838273255994775,0.7172619047619048,0.8153914590747331,0.0,0.2857142857142857,0.21113805084110282,1.0,0.0,0.0,0.0,0.0,0.23318385650224216,0.9460844352238358,0.6779112017057516,0.0025897017548561834,0.19339115654760416,cic_ids2017_v2,dnn_5class_cw,fragile
R2L,Normal,block_greedy,4001,0.10000999850022496,7854,0.05548612846788303,0.8977403389491576,0.10565649868370788,-0.04966754986751987,0.1036962010106393,False,0.8964681180793361,0.45307375663070476,0.10646541954076504,0.99847603645072,0.6421130952380952,0.13656583629893237,0.0,0.2857142857142857,0.2711525483040468,1.0,0.0,0.0,0.0,0.0,0.23318385650224216,0.9460844352238358,0.6779112017057516,0.0025897017548561834,0.19339115654760416,cic_ids2017_v2,dnn_5class_cw,fragile
R2L,Normal,block_greedy_stealth,42,0.0010498425236214568,104,0.16666666666666666,0.9474078888166775,0.001359144916189828,0.0,-0.0006011527568787556,True,0.9460844352238358,0.6779112017057516,0.0027985575102202256,0.980966006282462,0.7481398809523809,0.9933274021352313,0.23318385650224216,0.2857142857142857,0.19339115654760416,0.7668161434977578,0.0,0.0,0.23318385650224216,0.0,0.23318385650224216,0.9460844352238358,0.6779112017057516,0.0025897017548561834,0.19339115654760416,cic_ids2017_v2,dnn_5class_cw,fragile
R2L,Normal,block_greedy_stealth,84,0.0020996850472429136,104,0.08333333333333333,0.9474078888166775,0.002426276962243328,0.0,0.0004659792891747445,True,0.9460844352238358,0.6779112017057516,0.0039110832541212216,0.980966006282462,0.7481398809523809,0.9933274021352313,0.23318385650224216,0.2857142857142857,0.19339115654760416,0.7668161434977578,0.0,0.0,0.23318385650224216,0.0,0.23318385650224216,0.9460844352238358,0.6779112017057516,0.0025897017548561834,0.19339115654760416,cic_ids2017_v2,dnn_5class_cw,fragile
R2L,Normal,block_greedy_stealth,104,0.002599610058491226,104,0.0673076923076923,0.9474078888166775,0.0029291689948325187,0.0,0.000968871321763935,True,0.9460844352238358,0.6779112017057516,0.004430860272902852,0.980966006282462,0.7481398809523809,0.9933274021352313,0.23318385650224216,0.2857142857142857,0.19339115654760416,0.7668161434977578,0.0,0.0,0.23318385650224216,0.0,0.23318385650224216,0.9460844352238358,0.6779112017057516,0.0025897017548561834,0.19339115654760416,cic_ids2017_v2,dnn_5class_cw,fragile
R2L,Normal,random,201,0.005024246363045543,7854,0.01990049751243781,0.9474078888166775,0.005829170295167342,0.0,0.003868872622098758,True,0.9460844352238358,0.6779112017057516,0.0054586452186788205,0.980966006282462,0.7481398809523809,0.9933274021352313,0.23318385650224216,0.2857142857142857,0.19339115654760416,0.7668161434977578,0.0,0.0,0.23318385650224216,0.0,0.23318385650224216,0.9460844352238358,0.6779112017057516,0.0025897017548561834,0.19339115654760416,cic_ids2017_v2,dnn_5class_cw,fragile
R2L,Normal,random,201,0.005024246363045543,7854,0.01990049751243781,0.9474078888166775,0.005829170295167342,0.0,0.003868872622098758,True,0.9460844352238358,0.6779112017057516,0.0054586452186788205,0.980966006282462,0.7481398809523809,0.9933274021352313,0.23318385650224216,0.2857142857142857,0.19339115654760416,0.7668161434977578,0.0,0.0,0.23318385650224216,0.0,0.23318385650224216,0.9460844352238358,0.6779112017057516,0.0025897017548561834,0.19339115654760416,cic_ids2017_v2,dnn_5class_cw,fragile
R2L,Normal,random,201,0.005024246363045543,7854,0.01990049751243781,0.9474078888166775,0.005829170295167342,0.0,0.003868872622098758,True,0.9460844352238358,0.6779112017057516,0.0054586452186788205,0.980966006282462,0.7481398809523809,0.9933274021352313,0.23318385650224216,0.2857142857142857,0.19339115654760416,0.7668161434977578,0.0,0.0,0.23318385650224216,0.0,0.23318385650224216,0.9460844352238358,0.6779112017057516,0.0025897017548561834,0.19339115654760416,cic_ids2017_v2,dnn_5class_cw,fragile
R2L,Normal,random,402,0.010048492726091086,7854,0.01990049751243781,0.9450582412638104,0.011965948048809443,-0.00234964755286704,0.01000565037574086,False,0.9437098507761141,0.6748579386032864,0.01145055575336435,0.9831741983640718,0.7172619047619048,0.9933274021352313,0.23318385650224216,0.2857142857142857,0.19931511985402556,0.7668161434977578,0.0,0.0,0.23318385650224216,0.0,0.23318385650224216,0.9460844352238358,0.6779112017057516,0.0025897017548561834,0.19339115654760416,cic_ids2017_v2,dnn_5class_cw,fragile
R2L,Normal,random,804,0.02009698545218217,7854,0.024875621890547265,0.9450582412638104,0.01911086165999743,-0.00234964755286704,0.01715056398692885,False,0.9437098507761141,0.6748579386032864,0.018837752166530348,0.9831741983640718,0.7172619047619048,0.9933274021352313,0.23318385650224216,0.2857142857142857,0.19931511985402556,0.7668161434977578,0.0,0.0,0.23318385650224216,0.0,0.23318385650224216,0.9460844352238358,0.6779112017057516,0.0025897017548561834,0.19339115654760416,cic_ids2017_v2,dnn_5class_cw,fragile
R2L,Normal,random,2010,0.05024246363045543,7854,0.025870646766169153,0.9372594110883368,0.03538922377640782,-0.01014847772834071,0.03342892610333923,False,0.93586122428575,0.6841127304699642,0.03525784720953171,0.9841694398656424,0.6529017857142857,0.9933274021352313,0.23318385650224216,0.2857142857142857,0.20876346639338117,0.7668161434977578,0.0,0.0,0.23318385650224216,0.0,0.23318385650224216,0.9460844352238358,0.6779112017057516,0.0025897017548561834,0.19339115654760416,cic_ids2017_v2,dnn_5class_cw,fragile
R2L,Normal,random,4001,0.10000999850022496,7854,0.028742814296425893,0.8193770934359846,0.08757733126643472,-0.12803079538069284,0.08561703359336613,False,0.8191316519609069,0.30211282713503484,0.08827762083705686,0.9999066961092278,0.1134672619047619,0.00400355871886121,0.0,0.2857142857142857,0.35081360761866676,1.0,0.0,0.0,0.0,0.0,0.23318385650224216,0.9460844352238358,0.6779112017057516,0.0025897017548561834,0.19339115654760416,cic_ids2017_v2,dnn_5class_cw,fragile
R2L,Normal,highest_pt,201,0.005024246363045543,7854,0.9751243781094527,0.9440083987401889,0.008144801622480706,-0.0033994900764885427,0.006184503949412123,True,0.9425850476166671,0.6016332580277467,0.009618500945471477,0.9833919074425403,0.7172619047619048,0.9933274021352313,0.0,0.2857142857142857,0.2007898617741895,1.0,0.0,0.0,0.0,0.0,0.23318385650224216,0.9460844352238358,0.6779112017057516,0.0025897017548561834,0.19339115654760416,cic_ids2017_v2,dnn_5class_cw,fragile
R2L,Normal,highest_pt,201,0.005024246363045543,7854,0.9751243781094527,0.9440083987401889,0.008144801622480706,-0.0033994900764885427,0.006184503949412123,True,0.9425850476166671,0.6016332580277467,0.009618500945471477,0.9833919074425403,0.7172619047619048,0.9933274021352313,0.0,0.2857142857142857,0.2007898617741895,1.0,0.0,0.0,0.0,0.0,0.23318385650224216,0.9460844352238358,0.6779112017057516,0.0025897017548561834,0.19339115654760416,cic_ids2017_v2,dnn_5class_cw,fragile
R2L,Normal,highest_pt,201,0.005024246363045543,7854,0.9751243781094527,0.9440083987401889,0.008144801622480706,-0.0033994900764885427,0.006184503949412123,True,0.9425850476166671,0.6016332580277467,0.009618500945471477,0.9833919074425403,0.7172619047619048,0.9933274021352313,0.0,0.2857142857142857,0.2007898617741895,1.0,0.0,0.0,0.0,0.0,0.23318385650224216,0.9460844352238358,0.6779112017057516,0.0025897017548561834,0.19339115654760416,cic_ids2017_v2,dnn_5class_cw,fragile
R2L,Normal,highest_pt,402,0.010048492726091086,7854,0.5497512437810945,0.9438584212368145,0.013429951942382928,-0.003549467579862964,0.011469654269314344,False,0.9426600344939635,0.6017466591266947,0.014704881857116691,0.9835163126302366,0.7172619047619048,0.9928825622775801,0.0,0.2857142857142857,0.20091483990301698,1.0,0.0,0.0,0.0,0.0,0.23318385650224216,0.9460844352238358,0.6779112017057516,0.0025897017548561834,0.19339115654760416,cic_ids2017_v2,dnn_5class_cw,fragile
R2L,Normal,highest_pt,804,0.02009698545218217,7854,0.27611940298507465,0.9438584212368145,0.021142415619466937,-0.003549467579862964,0.019182117946398354,False,0.9426600344939635,0.6017466591266947,0.022437048882531466,0.9835163126302366,0.7172619047619048,0.9928825622775801,0.0,0.2857142857142857,0.20091483990301698,1.0,0.0,0.0,0.0,0.0,0.23318385650224216,0.9460844352238358,0.6779112017057516,0.0025897017548561834,0.19339115654760416,cic_ids2017_v2,dnn_5class_cw,fragile
R2L,Normal,highest_pt,2010,0.05024246363045543,7854,0.11044776119402985,0.9341348797680348,0.0536726257653508,-0.013273009048642703,0.05171232809228221,False,0.9329367360711875,0.581672796719028,0.05427391628186383,0.9838273255994775,0.7172619047619048,0.8153914590747331,0.0,0.2857142857142857,0.21113805084110282,1.0,0.0,0.0,0.0,0.0,0.23318385650224216,0.9460844352238358,0.6779112017057516,0.0025897017548561834,0.19339115654760416,cic_ids2017_v2,dnn_5class_cw,fragile
R2L,Normal,highest_pt,4001,0.10000999850022496,7854,0.05548612846788303,0.8977403389491576,0.10565649868370788,-0.04966754986751987,0.1036962010106393,False,0.8964681180793361,0.45307375663070476,0.10646541954076504,0.99847603645072,0.6421130952380952,0.13656583629893237,0.0,0.2857142857142857,0.2711525483040468,1.0,0.0,0.0,0.0,0.0,0.23318385650224216,0.9460844352238358,0.6779112017057516,0.0025897017548561834,0.19339115654760416,cic_ids2017_v2,dnn_5class_cw,fragile
Probe,R2L,block_greedy,201,0.005024246363045543,39783,1.0,0.9473828925661151,0.006631778361866143,-2.499625056240351e-05,0.004671480688797559,True,0.9460844352238358,0.6779112017057516,0.006293198572123873,0.980966006282462,0.7481398809523809,0.9933274021352313,0.23318385650224216,0.2857142857142857,0.19339115654760416,0.0066725978647686835,0.0,0.9933274021352313,0.0,0.0,0.9933274021352313,0.9460844352238358,0.6779112017057516,0.0025897017548561834,0.19339115654760416,cic_ids2017_v2,dnn_5class_cw,stable
Probe,R2L,block_greedy,201,0.005024246363045543,39783,1.0,0.9473828925661151,0.006631778361866143,-2.499625056240351e-05,0.004671480688797559,True,0.9460844352238358,0.6779112017057516,0.006293198572123873,0.980966006282462,0.7481398809523809,0.9933274021352313,0.23318385650224216,0.2857142857142857,0.19339115654760416,0.0066725978647686835,0.0,0.9933274021352313,0.0,0.0,0.9933274021352313,0.9460844352238358,0.6779112017057516,0.0025897017548561834,0.19339115654760416,cic_ids2017_v2,dnn_5class_cw,stable
Probe,R2L,block_greedy,201,0.005024246363045543,39783,1.0,0.9473828925661151,0.006631778361866143,-2.499625056240351e-05,0.004671480688797559,True,0.9460844352238358,0.6779112017057516,0.006293198572123873,0.980966006282462,0.7481398809523809,0.9933274021352313,0.23318385650224216,0.2857142857142857,0.19339115654760416,0.0066725978647686835,0.0,0.9933274021352313,0.0,0.0,0.9933274021352313,0.9460844352238358,0.6779112017057516,0.0025897017548561834,0.19339115654760416,cic_ids2017_v2,dnn_5class_cw,stable
Probe,R2L,block_greedy,402,0.010048492726091086,39783,0.9552238805970149,0.9473828925661151,0.011617856719274294,-2.499625056240351e-05,0.00965755904620571,True,0.9460844352238358,0.6779112017057516,0.011012069493285351,0.980966006282462,0.7481398809523809,0.9933274021352313,0.23318385650224216,0.2857142857142857,0.19339115654760416,0.0066725978647686835,0.0,0.9933274021352313,0.0,0.0,0.9933274021352313,0.9460844352238358,0.6779112017057516,0.0025897017548561834,0.19339115654760416,cic_ids2017_v2,dnn_5class_cw,stable
Probe,R2L,block_greedy,804,0.02009698545218217,39783,0.8134328358208955,0.9473828925661151,0.018295481742826507,-2.499625056240351e-05,0.016335184069757924,False,0.9461344264753668,0.6779915747892957,0.01810266000414606,0.9810282088763101,0.7481398809523809,0.9933274021352313,0.23318385650224216,0.2857142857142857,0.19344114779913515,0.0066725978647686835,0.0,0.9933274021352313,0.0,0.0,0.9933274021352313,0.9460844352238358,0.6779112017057516,0.0025897017548561834,0.19339115654760416,cic_ids2017_v2,dnn_5class_cw,stable
Probe,R2L,block_greedy,2010,0.05024246363045543,39783,0.808955223880597,0.9473828925661151,0.04923754213692352,-2.499625056240351e-05,0.04727724446385494,False,0.9461844177268978,0.6780720078139065,0.049430206897633,0.9810904114701583,0.7481398809523809,0.9933274021352313,0.23318385650224216,0.2857142857142857,0.19349113905066614,0.0066725978647686835,0.0,0.9933274021352313,0.0,0.0,0.9933274021352313,0.9460844352238358,0.6779112017057516,0.0025897017548561834,0.19339115654760416,cic_ids2017_v2,dnn_5class_cw,stable
Probe,R2L,block_greedy,4001,0.10000999850022496,39783,0.5611097225693576,0.8959156126581013,0.15166734144886956,-0.05149227615857621,0.149707043775801,False,0.8954682930487164,0.4376550093929862,0.1530024545879053,0.9732217833483656,0.8322172619047619,0.0,0.2556053811659193,0.2857142857142857,0.2426825305571525,0.0066725978647686835,0.0,0.0,0.9933274021352313,0.0,0.9933274021352313,0.9460844352238358,0.6779112017057516,0.0025897017548561834,0.19339115654760416,cic_ids2017_v2,dnn_5class_cw,stable
Probe,R2L,block_greedy_stealth,185,0.004624306354046893,3697,0.0,0.9474078888166775,0.007317006405947233,0.0,0.00535670873287865,True,0.9460844352238358,0.6779112017057516,0.006848081252502147,0.980966006282462,0.7481398809523809,0.9933274021352313,0.23318385650224216,0.2857142857142857,0.19339115654760416,0.0066725978647686835,0.0,0.9933274021352313,0.0,0.0,0.9933274021352313,0.9460844352238358,0.6779112017057516,0.0025897017548561834,0.19339115654760416,cic_ids2017_v2,dnn_5class_cw,stable
Probe,R2L,block_greedy_stealth,185,0.004624306354046893,3697,0.0,0.9474078888166775,0.007317006405947233,0.0,0.00535670873287865,True,0.9460844352238358,0.6779112017057516,0.006848081252502147,0.980966006282462,0.7481398809523809,0.9933274021352313,0.23318385650224216,0.2857142857142857,0.19339115654760416,0.0066725978647686835,0.0,0.9933274021352313,0.0,0.0,0.9933274021352313,0.9460844352238358,0.6779112017057516,0.0025897017548561834,0.19339115654760416,cic_ids2017_v2,dnn_5class_cw,stable
Probe,R2L,block_greedy_stealth,370,0.009248612708093787,3697,0.0,0.9474078888166775,0.013073903871802408,0.0,0.011113606198733824,False,0.9460844352238358,0.6779112017057516,0.011943307024418965,0.980966006282462,0.7481398809523809,0.9933274021352313,0.23318385650224216,0.2857142857142857,0.19339115654760416,0.0066725978647686835,0.0,0.9933274021352313,0.0,0.0,0.9933274021352313,0.9460844352238358,0.6779112017057516,0.0025897017548561834,0.19339115654760416,cic_ids2017_v2,dnn_5class_cw,stable
Probe,R2L,block_greedy_stealth,555,0.013872919062140679,3697,0.0,0.951707243913413,0.022269401247203554,0.004299355096735513,0.02030910357413497,False,0.951333516634589,0.6847162632644288,0.02187622196912963,0.9734394924268343,0.8322172619047619,0.9933274021352313,0.23318385650224216,0.2857142857142857,0.1760441922663534,0.0066725978647686835,0.0,0.9933274021352313,0.0,0.0,0.9933274021352313,0.9460844352238358,0.6779112017057516,0.0025897017548561834,0.19339115654760416,cic_ids2017_v2,dnn_5class_cw,stable
Probe,R2L,block_greedy_stealth,925,0.023121531770234464,3697,0.0,0.951707243913413,0.029629793505922996,0.004299355096735513,0.027669495832854413,False,0.9513085210088235,0.6846960656744183,0.030209058710432054,0.9734083911299101,0.8322172619047619,0.9933274021352313,0.23318385650224216,0.2857142857142857,0.1760191966405879,0.0066725978647686835,0.0,0.9933274021352313,0.0,0.0,0.9933274021352313,0.9460844352238358,0.6779112017057516,0.0025897017548561834,0.19339115654760416,cic_ids2017_v2,dnn_5class_cw,stable
Probe,R2L,block_greedy_stealth,2035,0.050867369894515825,3697,0.0004914004914004914,0.8927410888366745,0.023080477106077496,-0.05466679998000301,0.021120179433008913,False,0.89106906291399,0.6336416244640832,0.022185983820261202,0.8762790408360028,0.9352678571428571,0.9933274021352313,0.9461883408071748,0.2857142857142857,0.07901117304471718,0.005782918149466192,0.00044483985765124553,0.9933274021352313,0.00044483985765124553,0.0,0.9933274021352313,0.9460844352238358,0.6779112017057516,0.0025897017548561834,0.19339115654760416,cic_ids2017_v2,dnn_5class_cw,stable
Probe,R2L,block_greedy_stealth,3697,0.09241113832925062,3697,0.0002704895861509332,0.865045243213518,0.07294081749224353,-0.08236264560315953,0.07098051981917494,False,0.8633489139400605,0.6078461386387225,0.07403515414482792,0.8417877025471963,0.9352678571428571,0.9933274021352313,0.9461883408071748,0.2857142857142857,0.05129102407078761,0.005782918149466192,0.00044483985765124553,0.9933274021352313,0.00044483985765124553,0.0,0.9933274021352313,0.9460844352238358,0.6779112017057516,0.0025897017548561834,0.19339115654760416,cic_ids2017_v2,dnn_5class_cw,stable
Probe,R2L,random,201,0.005024246363045543,39783,0.07960199004975124,0.9474078888166775,0.006350073532240835,0.0,0.004389775859172251,True,0.9460844352238358,0.6779112017057516,0.005997679099883989,0.980966006282462,0.7481398809523809,0.9933274021352313,0.23318385650224216,0.2857142857142857,0.19339115654760416,0.0066725978647686835,0.0,0.9933274021352313,0.0,0.0,0.9933274021352313,0.9460844352238358,0.6779112017057516,0.0025897017548561834,0.19339115654760416,cic_ids2017_v2,dnn_5class_cw,stable
Probe,R2L,random,201,0.005024246363045543,39783,0.07960199004975124,0.9474078888166775,0.006350073532240835,0.0,0.004389775859172251,True,0.9460844352238358,0.6779112017057516,0.005997679099883989,0.980966006282462,0.7481398809523809,0.9933274021352313,0.23318385650224216,0.2857142857142857,0.19339115654760416,0.0066725978647686835,0.0,0.9933274021352313,0.0,0.0,0.9933274021352313,0.9460844352238358,0.6779112017057516,0.0025897017548561834,0.19339115654760416,cic_ids2017_v2,dnn_5class_cw,stable
Probe,R2L,random,201,0.005024246363045543,39783,0.07960199004975124,0.9474078888166775,0.006350073532240835,0.0,0.004389775859172251,True,0.9460844352238358,0.6779112017057516,0.005997679099883989,0.980966006282462,0.7481398809523809,0.9933274021352313,0.23318385650224216,0.2857142857142857,0.19339115654760416,0.0066725978647686835,0.0,0.9933274021352313,0.0,0.0,0.9933274021352313,0.9460844352238358,0.6779112017057516,0.0025897017548561834,0.19339115654760416,cic_ids2017_v2,dnn_5class_cw,stable
Probe,R2L,random,402,0.010048492726091086,39783,0.06467661691542288,0.9474078888166775,0.010959781615700053,0.0,0.00899948394263147,True,0.9460844352238358,0.6779112017057516,0.010724162707735045,0.980966006282462,0.7481398809523809,0.9933274021352313,0.23318385650224216,0.2857142857142857,0.19339115654760416,0.0066725978647686835,0.0,0.9933274021352313,0.0,0.0,0.9933274021352313,0.9460844352238358,0.6779112017057516,0.0025897017548561834,0.19339115654760416,cic_ids2017_v2,dnn_5class_cw,stable
Probe,R2L,random,804,0.02009698545218217,39783,0.06467661691542288,0.9474078888166775,0.02012486742284619,0.0,0.018164569749777607,False,0.9460844352238358,0.6779112017057516,0.019941319416046713,0.980966006282462,0.7481398809523809,0.9933274021352313,0.23318385650224216,0.2857142857142857,0.19339115654760416,0.0066725978647686835,0.0,0.9933274021352313,0.0,0.0,0.9933274021352313,0.9460844352238358,0.6779112017057516,0.0025897017548561834,0.19339115654760416,cic_ids2017_v2,dnn_5class_cw,stable
Probe,R2L,random,2010,0.05024246363045543,39783,0.07164179104477612,0.9473828925661151,0.04980082534755264,-2.499625056240351e-05,0.04784052767448405,False,0.9460844352238358,0.6779112017057516,0.0495166595402662,0.980966006282462,0.7481398809523809,0.9933274021352313,0.23318385650224216,0.2857142857142857,0.19339115654760416,0.0066725978647686835,0.0,0.9933274021352313,0.0,0.0,0.9933274021352313,0.9460844352238358,0.6779112017057516,0.0025897017548561834,0.19339115654760416,cic_ids2017_v2,dnn_5class_cw,stable
Probe,R2L,random,4001,0.10000999850022496,39783,0.06098475381154711,0.9473828925661151,0.0977634299769016,-2.499625056240351e-05,0.09580313230383301,False,0.9460344439723049,0.6778567938909557,0.09741410888695193,0.980966006282462,0.7477678571428571,0.9933274021352313,0.23318385650224216,0.2857142857142857,0.19344114779913515,0.0066725978647686835,0.0,0.9933274021352313,0.0,0.0,0.9933274021352313,0.9460844352238358,0.6779112017057516,0.0025897017548561834,0.19339115654760416,cic_ids2017_v2,dnn_5class_cw,stable
Probe,R2L,highest_pt,201,0.005024246363045543,39783,1.0,0.9474078888166775,0.0066453506781047715,0.0,0.004685053005036188,True,0.9460844352238358,0.6779112017057516,0.006302290357025891,0.980966006282462,0.7481398809523809,0.9933274021352313,0.23318385650224216,0.2857142857142857,0.19339115654760416,0.0066725978647686835,0.0,0.9933274021352313,0.0,0.0,0.9933274021352313,0.9460844352238358,0.6779112017057516,0.0025897017548561834,0.19339115654760416,cic_ids2017_v2,dnn_5class_cw,stable
Probe,R2L,highest_pt,201,0.005024246363045543,39783,1.0,0.9474078888166775,0.0066453506781047715,0.0,0.004685053005036188,True,0.9460844352238358,0.6779112017057516,0.006302290357025891,0.980966006282462,0.7481398809523809,0.9933274021352313,0.23318385650224216,0.2857142857142857,0.19339115654760416,0.0066725978647686835,0.0,0.9933274021352313,0.0,0.0,0.9933274021352313,0.9460844352238358,0.6779112017057516,0.0025897017548561834,0.19339115654760416,cic_ids2017_v2,dnn_5class_cw,stable
Probe,R2L,highest_pt,201,0.005024246363045543,39783,1.0,0.9474078888166775,0.0066453506781047715,0.0,0.004685053005036188,True,0.9460844352238358,0.6779112017057516,0.006302290357025891,0.980966006282462,0.7481398809523809,0.9933274021352313,0.23318385650224216,0.2857142857142857,0.19339115654760416,0.0066725978647686835,0.0,0.9933274021352313,0.0,0.0,0.9933274021352313,0.9460844352238358,0.6779112017057516,0.0025897017548561834,0.19339115654760416,cic_ids2017_v2,dnn_5class_cw,stable
Probe,R2L,highest_pt,402,0.010048492726091086,39783,0.9552238805970149,0.9474078888166775,0.011600411877337288,0.0,0.009640114204268704,True,0.9460844352238358,0.6779112017057516,0.011021583617399824,0.980966006282462,0.7481398809523809,0.9933274021352313,0.23318385650224216,0.2857142857142857,0.19339115654760416,0.0066725978647686835,0.0,0.9933274021352313,0.0,0.0,0.9933274021352313,0.9460844352238358,0.6779112017057516,0.0025897017548561834,0.19339115654760416,cic_ids2017_v2,dnn_5class_cw,stable
Probe,R2L,highest_pt,804,0.02009698545218217,39783,0.8121890547263682,0.9474078888166775,0.01829606379627641,0.0,0.016335766123207827,False,0.9461344264753668,0.6779915747892957,0.018064477090680618,0.9810282088763101,0.7481398809523809,0.9933274021352313,0.23318385650224216,0.2857142857142857,0.19344114779913515,0.0066725978647686835,0.0,0.9933274021352313,0.0,0.0,0.9933274021352313,0.9460844352238358,0.6779112017057516,0.0025897017548561834,0.19339115654760416,cic_ids2017_v2,dnn_5class_cw,stable
Probe,R2L,highest_pt,2010,0.05024246363045543,39783,0.808955223880597,0.9474078888166775,0.04926938554540372,0.0,0.047309087872335134,False,0.9461844177268978,0.6780720078139065,0.049454531386614736,0.9810904114701583,0.7481398809523809,0.9933274021352313,0.23318385650224216,0.2857142857142857,0.19349113905066614,0.0066725978647686835,0.0,0.9933274021352313,0.0,0.0,0.9933274021352313,0.9460844352238358,0.6779112017057516,0.0025897017548561834,0.19339115654760416,cic_ids2017_v2,dnn_5class_cw,stable
Probe,R2L,highest_pt,4001,0.10000999850022496,39783,0.5611097225693576,0.8959156126581013,0.15166734144886956,-0.05149227615857621,0.149707043775801,False,0.8954682930487164,0.4376550093929862,0.1530024545879053,0.9732217833483656,0.8322172619047619,0.0,0.2556053811659193,0.2857142857142857,0.2426825305571525,0.0066725978647686835,0.0,0.0,0.9933274021352313,0.0,0.9933274021352313,0.9460844352238358,0.6779112017057516,0.0025897017548561834,0.19339115654760416,cic_ids2017_v2,dnn_5class_cw,stable
DoS,Normal,block_greedy,201,0.005024246363045543,7854,1.0,0.9984752287156926,0.005177955259914733,0.0,0.005011991255718753,True,0.9984252755767741,0.9573307187932265,0.005378567107656307,0.9985693403414923,0.9985119047619048,0.9995551601423488,0.9730941704035875,0.7142857142857143,0.0002499562576549104,0.001488095238095238,0.9985119047619048,0.0,0.0,0.0,0.9985119047619048,0.9984252755767741,0.9573307187932265,0.00036682007660025144,0.0002499562576549104,cic_ids2017_v2,rf_5class_smote,fragile
DoS,Normal,block_greedy,201,0.005024246363045543,7854,1.0,0.9984752287156926,0.005177955259914733,0.0,0.005011991255718753,True,0.9984252755767741,0.9573307187932265,0.005378567107656307,0.9985693403414923,0.9985119047619048,0.9995551601423488,0.9730941704035875,0.7142857142857143,0.0002499562576549104,0.001488095238095238,0.9985119047619048,0.0,0.0,0.0,0.9985119047619048,0.9984252755767741,0.9573307187932265,0.00036682007660025144,0.0002499562576549104,cic_ids2017_v2,rf_5class_smote,fragile
DoS,Normal,block_greedy,201,0.005024246363045543,7854,1.0,0.9984752287156926,0.005177955259914733,0.0,0.005011991255718753,True,0.9984252755767741,0.9573307187932265,0.005378567107656307,0.9985693403414923,0.9985119047619048,0.9995551601423488,0.9730941704035875,0.7142857142857143,0.0002499562576549104,0.001488095238095238,0.9985119047619048,0.0,0.0,0.0,0.9985119047619048,0.9984252755767741,0.9573307187932265,0.00036682007660025144,0.0002499562576549104,cic_ids2017_v2,rf_5class_smote,fragile
DoS,Normal,block_greedy,402,0.010048492726091086,7854,1.0,0.9984752287156926,0.010212764428636806,0.0,0.010046800424440826,False,0.9984252755767741,0.9573307187932265,0.010395662899670786,0.9985693403414923,0.9985119047619048,0.9995551601423488,0.9730941704035875,0.7142857142857143,0.0002499562576549104,0.001488095238095238,0.9985119047619048,0.0,0.0,0.0,0.9985119047619048,0.9984252755767741,0.9573307187932265,0.00036682007660025144,0.0002499562576549104,cic_ids2017_v2,rf_5class_smote,fragile
DoS,Normal,block_greedy,804,0.02009698545218217,7854,1.0,0.9984752287156926,0.020338262223721686,0.0,0.02017229821952571,False,0.9984252755767741,0.9573307187932265,0.020333729868234156,0.9985693403414923,0.9985119047619048,0.9995551601423488,0.9730941704035875,0.7142857142857143,0.0002499562576549104,0.001488095238095238,0.9985119047619048,0.0,0.0,0.0,0.9985119047619048,0.9984252755767741,0.9573307187932265,0.00036682007660025144,0.0002499562576549104,cic_ids2017_v2,rf_5class_smote,fragile
DoS,Normal,block_greedy,2010,0.05024246363045543,7854,1.0,0.9984502324651302,0.05157509639956798,-2.499625056240351e-05,0.051409132395371995,False,0.9984252755767741,0.9573307187932265,0.051625213843193116,0.9985693403414923,0.9985119047619048,0.9995551601423488,0.9730941704035875,0.7142857142857143,0.0002499562576549104,0.001488095238095238,0.9985119047619048,0.0,0.0,0.0,0.9985119047619048,0.9984252755767741,0.9573307187932265,0.00036682007660025144,0.0002499562576549104,cic_ids2017_v2,rf_5class_smote,fragile
DoS,Normal,block_greedy,4001,0.10000999850022496,7854,1.0,0.8647202919562066,0.06915065148931754,-0.13375493675948602,0.06898468748512156,False,0.8647736646086934,0.7425496977814705,0.06912964848872379,0.9992224675768979,0.0,0.9995551601423488,0.9730941704035875,0.7142857142857143,0.1349763791336516,1.0,0.0,0.0,0.0,0.0,0.9985119047619048,0.9984252755767741,0.9573307187932265,0.00036682007660025144,0.0002499562576549104,cic_ids2017_v2,rf_5class_smote,fragile
DoS,Normal,block_greedy_stealth,25,0.0006249062640603909,25,0.4,0.998375243713443,0.0006377712198793271,-9.998500224961404e-05,0.00047180721568334746,True,0.9983002974479466,0.9570920447689784,0.0004940515317597236,0.9986004416384163,0.9985119047619048,0.9968861209964412,0.9730941704035875,0.7142857142857143,7.498687729647311e-05,0.001488095238095238,0.9985119047619048,0.0,0.0,0.0,0.9985119047619048,0.9984252755767741,0.9573307187932265,0.00036682007660025144,0.0002499562576549104,cic_ids2017_v2,rf_5class_smote,fragile
DoS,Normal,random,201,0.005024246363045543,7854,0.6716417910447762,0.9984752287156926,0.005099688137295657,0.0,0.0049337241330996776,True,0.9984252755767741,0.9573307187932265,0.005416216371252335,0.9985693403414923,0.9985119047619048,0.9995551601423488,0.9730941704035875,0.7142857142857143,0.0002499562576549104,0.001488095238095238,0.9985119047619048,0.0,0.0,0.0,0.9985119047619048,0.9984252755767741,0.9573307187932265,0.00036682007660025144,0.0002499562576549104,cic_ids2017_v2,rf_5class_smote,fragile
DoS,Normal,random,201,0.005024246363045543,7854,0.6716417910447762,0.9984752287156926,0.005099688137295657,0.0,0.0049337241330996776,True,0.9984252755767741,0.9573307187932265,0.005416216371252335,0.9985693403414923,0.9985119047619048,0.9995551601423488,0.9730941704035875,0.7142857142857143,0.0002499562576549104,0.001488095238095238,0.9985119047619048,0.0,0.0,0.0,0.9985119047619048,0.9984252755767741,0.9573307187932265,0.00036682007660025144,0.0002499562576549104,cic_ids2017_v2,rf_5class_smote,fragile
DoS,Normal,random,201,0.005024246363045543,7854,0.6716417910447762,0.9984752287156926,0.005099688137295657,0.0,0.0049337241330996776,True,0.9984252755767741,0.9573307187932265,0.005416216371252335,0.9985693403414923,0.9985119047619048,0.9995551601423488,0.9730941704035875,0.7142857142857143,0.0002499562576549104,0.001488095238095238,0.9985119047619048,0.0,0.0,0.0,0.9985119047619048,0.9984252755767741,0.9573307187932265,0.00036682007660025144,0.0002499562576549104,cic_ids2017_v2,rf_5class_smote,fragile
DoS,Normal,random,402,0.010048492726091086,7854,0.6990049751243781,0.9984752287156926,0.01012368169880019,0.0,0.00995771769460421,True,0.9984252755767741,0.9573307187932265,0.010321221421534243,0.9985693403414923,0.9985119047619048,0.9995551601423488,0.9730941704035875,0.7142857142857143,0.0002499562576549104,0.001488095238095238,0.9985119047619048,0.0,0.0,0.0,0.9985119047619048,0.9984252755767741,0.9573307187932265,0.00036682007660025144,0.0002499562576549104,cic_ids2017_v2,rf_5class_smote,fragile
DoS,Normal,random,804,0.02009698545218217,7854,0.6965174129353234,0.9984752287156926,0.02011740505469067,0.0,0.019951441050494692,False,0.9984252755767741,0.9573307187932265,0.02035251207073636,0.9985693403414923,0.9985119047619048,0.9995551601423488,0.9730941704035875,0.7142857142857143,0.0002499562576549104,0.001488095238095238,0.9985119047619048,0.0,0.0,0.0,0.9985119047619048,0.9984252755767741,0.9573307187932265,0.00036682007660025144,0.0002499562576549104,cic_ids2017_v2,rf_5class_smote,fragile
DoS,Normal,random,2010,0.05024246363045543,7854,0.6786069651741293,0.9983002549617558,0.04997709973641754,-0.00017497375393682457,0.04981113573222156,False,0.9982503061964156,0.9365932560589947,0.04998903627353294,0.9986626442322645,0.9985119047619048,0.9955516014234875,0.9730941704035875,0.5714285714285714,0.00022496063188941936,0.001488095238095238,0.9985119047619048,0.0,0.0,0.0,0.9985119047619048,0.9984252755767741,0.9573307187932265,0.00036682007660025144,0.0002499562576549104,cic_ids2017_v2,rf_5class_smote,fragile
DoS,Normal,random,4001,0.10000999850022496,7854,0.6760809797550612,0.8055291706244063,0.09830275280601282,-0.1929460580912863,0.09813678880181684,False,0.8057839878021347,0.42950453156198576,0.09795826283287583,1.0,0.0,0.0,0.35874439461883406,0.5714285714285714,0.19486589846776814,1.0,0.0,0.0,0.0,0.0,0.9985119047619048,0.9984252755767741,0.9573307187932265,0.00036682007660025144,0.0002499562576549104,cic_ids2017_v2,rf_5class_smote,fragile
DoS,Normal,highest_pt,201,0.005024246363045543,7854,1.0,0.9984752287156926,0.005177955259914733,0.0,0.005011991255718753,True,0.9984252755767741,0.9573307187932265,0.005378567107656307,0.9985693403414923,0.9985119047619048,0.9995551601423488,0.9730941704035875,0.7142857142857143,0.0002499562576549104,0.001488095238095238,0.9985119047619048,0.0,0.0,0.0,0.9985119047619048,0.9984252755767741,0.9573307187932265,0.00036682007660025144,0.0002499562576549104,cic_ids2017_v2,rf_5class_smote,fragile
DoS,Normal,highest_pt,201,0.005024246363045543,7854,1.0,0.9984752287156926,0.005177955259914733,0.0,0.005011991255718753,True,0.9984252755767741,0.9573307187932265,0.005378567107656307,0.9985693403414923,0.9985119047619048,0.9995551601423488,0.9730941704035875,0.7142857142857143,0.0002499562576549104,0.001488095238095238,0.9985119047619048,0.0,0.0,0.0,0.9985119047619048,0.9984252755767741,0.9573307187932265,0.00036682007660025144,0.0002499562576549104,cic_ids2017_v2,rf_5class_smote,fragile
DoS,Normal,highest_pt,201,0.005024246363045543,7854,1.0,0.9984752287156926,0.005177955259914733,0.0,0.005011991255718753,True,0.9984252755767741,0.9573307187932265,0.005378567107656307,0.9985693403414923,0.9985119047619048,0.9995551601423488,0.9730941704035875,0.7142857142857143,0.0002499562576549104,0.001488095238095238,0.9985119047619048,0.0,0.0,0.0,0.9985119047619048,0.9984252755767741,0.9573307187932265,0.00036682007660025144,0.0002499562576549104,cic_ids2017_v2,rf_5class_smote,fragile
DoS,Normal,highest_pt,402,0.010048492726091086,7854,1.0,0.9984752287156926,0.010212764428636806,0.0,0.010046800424440826,False,0.9984252755767741,0.9573307187932265,0.010395662899670786,0.9985693403414923,0.9985119047619048,0.9995551601423488,0.9730941704035875,0.7142857142857143,0.0002499562576549104,0.001488095238095238,0.9985119047619048,0.0,0.0,0.0,0.9985119047619048,0.9984252755767741,0.9573307187932265,0.00036682007660025144,0.0002499562576549104,cic_ids2017_v2,rf_5class_smote,fragile
DoS,Normal,highest_pt,804,0.02009698545218217,7854,1.0,0.9984752287156926,0.020338262223721686,0.0,0.02017229821952571,False,0.9984252755767741,0.9573307187932265,0.020333729868234156,0.9985693403414923,0.9985119047619048,0.9995551601423488,0.9730941704035875,0.7142857142857143,0.0002499562576549104,0.001488095238095238,0.9985119047619048,0.0,0.0,0.0,0.9985119047619048,0.9984252755767741,0.9573307187932265,0.00036682007660025144,0.0002499562576549104,cic_ids2017_v2,rf_5class_smote,fragile
DoS,Normal,highest_pt,2010,0.05024246363045543,7854,1.0,0.9984752287156926,0.05166167113247396,0.0,0.05149570712827798,False,0.9984252755767741,0.9573307187932265,0.05170196920536009,0.9985693403414923,0.9985119047619048,0.9995551601423488,0.9730941704035875,0.7142857142857143,0.0002499562576549104,0.001488095238095238,0.9985119047619048,0.0,0.0,0.0,0.9985119047619048,0.9984252755767741,0.9573307187932265,0.00036682007660025144,0.0002499562576549104,cic_ids2017_v2,rf_5class_smote,fragile
DoS,Normal,highest_pt,4001,0.10000999850022496,7854,1.0,0.8647202919562066,0.06914962230748561,-0.13375493675948602,0.06898365830328963,False,0.8647736646086934,0.7425496977814705,0.06917907341958379,0.9992224675768979,0.0,0.9995551601423488,0.9730941704035875,0.7142857142857143,0.1349763791336516,1.0,0.0,0.0,0.0,0.0,0.9985119047619048,0.9984252755767741,0.9573307187932265,0.00036682007660025144,0.0002499562576549104,cic_ids2017_v2,rf_5class_smote,fragile
Probe,Normal,block_greedy,201,0.005024246363045543,7854,1.0,0.9984502324651302,0.005166102147653697,-2.499625056240351e-05,0.005000138143457717,True,0.9984252755767741,0.9573307187932265,0.005389225083452499,0.9985693403414923,0.9985119047619048,0.9995551601423488,0.9730941704035875,0.7142857142857143,0.0002499562576549104,0.0,0.00044483985765124553,0.9995551601423488,0.0,0.0,0.9995551601423488,0.9984252755767741,0.9573307187932265,0.00036682007660025144,0.0002499562576549104,cic_ids2017_v2,rf_5class_smote,stable
Probe,Normal,block_greedy,201,0.005024246363045543,7854,1.0,0.9984502324651302,0.005166102147653697,-2.499625056240351e-05,0.005000138143457717,True,0.9984252755767741,0.9573307187932265,0.005389225083452499,0.9985693403414923,0.9985119047619048,0.9995551601423488,0.9730941704035875,0.7142857142857143,0.0002499562576549104,0.0,0.00044483985765124553,0.9995551601423488,0.0,0.0,0.9995551601423488,0.9984252755767741,0.9573307187932265,0.00036682007660025144,0.0002499562576549104,cic_ids2017_v2,rf_5class_smote,stable
Probe,Normal,block_greedy,201,0.005024246363045543,7854,1.0,0.9984502324651302,0.005166102147653697,-2.499625056240351e-05,0.005000138143457717,True,0.9984252755767741,0.9573307187932265,0.005389225083452499,0.9985693403414923,0.9985119047619048,0.9995551601423488,0.9730941704035875,0.7142857142857143,0.0002499562576549104,0.0,0.00044483985765124553,0.9995551601423488,0.0,0.0,0.9995551601423488,0.9984252755767741,0.9573307187932265,0.00036682007660025144,0.0002499562576549104,cic_ids2017_v2,rf_5class_smote,stable
Probe,Normal,block_greedy,402,0.010048492726091086,7854,1.0,0.9984502324651302,0.01026401694939945,-2.499625056240351e-05,0.01009805294520347,False,0.9984252755767741,0.9573307187932265,0.010464713195655725,0.9985693403414923,0.9985119047619048,0.9995551601423488,0.9730941704035875,0.7142857142857143,0.0002499562576549104,0.0,0.00044483985765124553,0.9995551601423488,0.0,0.0,0.9995551601423488,0.9984252755767741,0.9573307187932265,0.00036682007660025144,0.0002499562576549104,cic_ids2017_v2,rf_5class_smote,stable
Probe,Normal,block_greedy,804,0.02009698545218217,7854,1.0,0.9984252362145678,0.02085892806087715,-4.999250112480702e-05,0.02069296405668117,False,0.998375284325243,0.9572354556138081,0.02089850947144939,0.9985693403414923,0.9985119047619048,0.9986654804270463,0.9730941704035875,0.7142857142857143,0.00019996500612392832,0.0008896797153024911,0.00044483985765124553,0.9986654804270463,0.0,0.0,0.9995551601423488,0.9984252755767741,0.9573307187932265,0.00036682007660025144,0.0002499562576549104,cic_ids2017_v2,rf_5class_smote,stable
Probe,Normal,block_greedy,2010,0.05024246363045543,7854,0.9995024875621891,0.9427835824626306,0.011427928955533365,-0.055691646253062,0.011261964951337385,False,0.9425850476166671,0.7512432278536912,0.011724022069994702,0.9989736572015053,0.9985119047619048,0.0,0.9730941704035875,0.7142857142857143,0.05639013172694778,0.9995551601423488,0.00044483985765124553,0.0,0.0,0.0,0.9995551601423488,0.9984252755767741,0.9573307187932265,0.00036682007660025144,0.0002499562576549104,cic_ids2017_v2,rf_5class_smote,stable
Probe,Normal,block_greedy,4001,0.10000999850022496,7854,0.561859535116221,0.9059141128830676,0.1067482882462924,-0.09256111583262505,0.10658232424209642,False,0.9047916614592446,0.6741935464761493,0.10673513439674163,1.0,0.7202380952380952,0.0,0.757847533632287,0.5714285714285714,0.09585822481065813,1.0,0.0,0.0,0.0,0.0,0.9995551601423488,0.9984252755767741,0.9573307187932265,0.00036682007660025144,0.0002499562576549104,cic_ids2017_v2,rf_5class_smote,stable
Probe,Normal,block_greedy_stealth,25,0.0006249062640603909,25,0.2,0.998375243713443,0.0006377712198793271,-9.998500224961404e-05,0.00047180721568334746,True,0.9983002974479466,0.9570920447689784,0.0004940515317597236,0.9986004416384163,0.9985119047619048,0.9968861209964412,0.9730941704035875,0.7142857142857143,7.498687729647311e-05,0.0026690391459074734,0.00044483985765124553,0.9968861209964412,0.0,0.0,0.9995551601423488,0.9984252755767741,0.9573307187932265,0.00036682007660025144,0.0002499562576549104,cic_ids2017_v2,rf_5class_smote,stable
Probe,Normal,random,201,0.005024246363045543,7854,0.30845771144278605,0.9984752287156926,0.005099688137295657,0.0,0.0049337241330996776,True,0.9984252755767741,0.9573307187932265,0.005416216371252335,0.9985693403414923,0.9985119047619048,0.9995551601423488,0.9730941704035875,0.7142857142857143,0.0002499562576549104,0.0,0.00044483985765124553,0.9995551601423488,0.0,0.0,0.9995551601423488,0.9984252755767741,0.9573307187932265,0.00036682007660025144,0.0002499562576549104,cic_ids2017_v2,rf_5class_smote,stable
Probe,Normal,random,201,0.005024246363045543,7854,0.30845771144278605,0.9984752287156926,0.005099688137295657,0.0,0.0049337241330996776,True,0.9984252755767741,0.9573307187932265,0.005416216371252335,0.9985693403414923,0.9985119047619048,0.9995551601423488,0.9730941704035875,0.7142857142857143,0.0002499562576549104,0.0,0.00044483985765124553,0.9995551601423488,0.0,0.0,0.9995551601423488,0.9984252755767741,0.9573307187932265,0.00036682007660025144,0.0002499562576549104,cic_ids2017_v2,rf_5class_smote,stable
Probe,Normal,random,201,0.005024246363045543,7854,0.30845771144278605,0.9984752287156926,0.005099688137295657,0.0,0.0049337241330996776,True,0.9984252755767741,0.9573307187932265,0.005416216371252335,0.9985693403414923,0.9985119047619048,0.9995551601423488,0.9730941704035875,0.7142857142857143,0.0002499562576549104,0.0,0.00044483985765124553,0.9995551601423488,0.0,0.0,0.9995551601423488,0.9984252755767741,0.9573307187932265,0.00036682007660025144,0.0002499562576549104,cic_ids2017_v2,rf_5class_smote,stable
Probe,Normal,random,402,0.010048492726091086,7854,0.2810945273631841,0.9984752287156926,0.01012368169880019,0.0,0.00995771769460421,True,0.9984252755767741,0.9573307187932265,0.010321221421534243,0.9985693403414923,0.9985119047619048,0.9995551601423488,0.9730941704035875,0.7142857142857143,0.0002499562576549104,0.0,0.00044483985765124553,0.9995551601423488,0.0,0.0,0.9995551601423488,0.9984252755767741,0.9573307187932265,0.00036682007660025144,0.0002499562576549104,cic_ids2017_v2,rf_5class_smote,stable
Probe,Normal,random,804,0.02009698545218217,7854,0.27860696517412936,0.9984752287156926,0.02011740505469067,0.0,0.019951441050494692,False,0.9984252755767741,0.9573307187932265,0.02035251207073636,0.9985693403414923,0.9985119047619048,0.9995551601423488,0.9730941704035875,0.7142857142857143,0.0002499562576549104,0.0,0.00044483985765124553,0.9995551601423488,0.0,0.0,0.9995551601423488,0.9984252755767741,0.9573307187932265,0.00036682007660025144,0.0002499562576549104,cic_ids2017_v2,rf_5class_smote,stable
Probe,Normal,random,2010,0.05024246363045543,7854,0.29502487562189056,0.9983002549617558,0.04997709973641754,-0.00017497375393682457,0.04981113573222156,False,0.9982503061964156,0.9365932560589947,0.04998903627353294,0.9986626442322645,0.9985119047619048,0.9955516014234875,0.9730941704035875,0.5714285714285714,0.00022496063188941936,0.00400355871886121,0.00044483985765124553,0.9955516014234875,0.0,0.0,0.9995551601423488,0.9984252755767741,0.9573307187932265,0.00036682007660025144,0.0002499562576549104,cic_ids2017_v2,rf_5class_smote,stable
Probe,Normal,random,4001,0.10000999850022496,7854,0.2944263934016496,0.8055291706244063,0.09830275280601282,-0.1929460580912863,0.09813678880181684,False,0.8057839878021347,0.42950453156198576,0.09795826283287583,1.0,0.0,0.0,0.35874439461883406,0.5714285714285714,0.19486589846776814,1.0,0.0,0.0,0.0,0.0,0.9995551601423488,0.9984252755767741,0.9573307187932265,0.00036682007660025144,0.0002499562576549104,cic_ids2017_v2,rf_5class_smote,stable
Probe,Normal,highest_pt,201,0.005024246363045543,7854,1.0,0.9984502324651302,0.005166102147653697,-2.499625056240351e-05,0.005000138143457717,True,0.9984252755767741,0.9573307187932265,0.005389225083452499,0.9985693403414923,0.9985119047619048,0.9995551601423488,0.9730941704035875,0.7142857142857143,0.0002499562576549104,0.0,0.00044483985765124553,0.9995551601423488,0.0,0.0,0.9995551601423488,0.9984252755767741,0.9573307187932265,0.00036682007660025144,0.0002499562576549104,cic_ids2017_v2,rf_5class_smote,stable
Probe,Normal,highest_pt,201,0.005024246363045543,7854,1.0,0.9984502324651302,0.005166102147653697,-2.499625056240351e-05,0.005000138143457717,True,0.9984252755767741,0.9573307187932265,0.005389225083452499,0.9985693403414923,0.9985119047619048,0.9995551601423488,0.9730941704035875,0.7142857142857143,0.0002499562576549104,0.0,0.00044483985765124553,0.9995551601423488,0.0,0.0,0.9995551601423488,0.9984252755767741,0.9573307187932265,0.00036682007660025144,0.0002499562576549104,cic_ids2017_v2,rf_5class_smote,stable
Probe,Normal,highest_pt,201,0.005024246363045543,7854,1.0,0.9984502324651302,0.005166102147653697,-2.499625056240351e-05,0.005000138143457717,True,0.9984252755767741,0.9573307187932265,0.005389225083452499,0.9985693403414923,0.9985119047619048,0.9995551601423488,0.9730941704035875,0.7142857142857143,0.0002499562576549104,0.0,0.00044483985765124553,0.9995551601423488,0.0,0.0,0.9995551601423488,0.9984252755767741,0.9573307187932265,0.00036682007660025144,0.0002499562576549104,cic_ids2017_v2,rf_5class_smote,stable
Probe,Normal,highest_pt,402,0.010048492726091086,7854,1.0,0.9984502324651302,0.01026401694939945,-2.499625056240351e-05,0.01009805294520347,False,0.9984252755767741,0.9573307187932265,0.010464713195655725,0.9985693403414923,0.9985119047619048,0.9995551601423488,0.9730941704035875,0.7142857142857143,0.0002499562576549104,0.0,0.00044483985765124553,0.9995551601423488,0.0,0.0,0.9995551601423488,0.9984252755767741,0.9573307187932265,0.00036682007660025144,0.0002499562576549104,cic_ids2017_v2,rf_5class_smote,stable
Probe,Normal,highest_pt,804,0.02009698545218217,7854,1.0,0.9984252362145678,0.02085892806087715,-4.999250112480702e-05,0.02069296405668117,False,0.998375284325243,0.9572354556138081,0.02089850947144939,0.9985693403414923,0.9985119047619048,0.9986654804270463,0.9730941704035875,0.7142857142857143,0.00019996500612392832,0.0008896797153024911,0.00044483985765124553,0.9986654804270463,0.0,0.0,0.9995551601423488,0.9984252755767741,0.9573307187932265,0.00036682007660025144,0.0002499562576549104,cic_ids2017_v2,rf_5class_smote,stable
Probe,Normal,highest_pt,2010,0.05024246363045543,7854,1.0,0.9427835824626306,0.0114478125998372,-0.055691646253062,0.011281848595641221,False,0.9425850476166671,0.7512432278536912,0.011743095213315428,0.9989736572015053,0.9985119047619048,0.0,0.9730941704035875,0.7142857142857143,0.05639013172694778,0.9995551601423488,0.00044483985765124553,0.0,0.0,0.0,0.9995551601423488,0.9984252755767741,0.9573307187932265,0.00036682007660025144,0.0002499562576549104,cic_ids2017_v2,rf_5class_smote,stable
Probe,Normal,highest_pt,4001,0.10000999850022496,7854,0.561859535116221,0.9059141128830676,0.1067482882462924,-0.09256111583262505,0.10658232424209642,False,0.9047916614592446,0.6741935464761493,0.10673513439674163,1.0,0.7202380952380952,0.0,0.757847533632287,0.5714285714285714,0.09585822481065813,1.0,0.0,0.0,0.0,0.0,0.9995551601423488,0.9984252755767741,0.9573307187932265,0.00036682007660025144,0.0002499562576549104,cic_ids2017_v2,rf_5class_smote,stable
R2L,Normal,block_greedy,201,0.005024246363045543,7854,1.0,0.9988751687246913,0.006385312355404216,-4.999250112480702e-05,0.0063332076420235806,True,0.9989251880920839,0.9781937556398299,0.006345230038368738,0.9990047584984294,0.9996279761904762,0.9995551601423488,0.968609865470852,0.8571428571428571,0.00017496938035843726,0.03139013452914798,0.0,0.0,0.968609865470852,0.0,0.9730941704035875,0.9989001924663184,0.9777794887977282,0.0002459146755930057,9.998250306196416e-05,cic_ids2017_v2,xgb_5class_smote,fragile
R2L,Normal,block_greedy,201,0.005024246363045543,7854,1.0,0.9988751687246913,0.006385312355404216,-4.999250112480702e-05,0.0063332076420235806,True,0.9989251880920839,0.9781937556398299,0.006345230038368738,0.9990047584984294,0.9996279761904762,0.9995551601423488,0.968609865470852,0.8571428571428571,0.00017496938035843726,0.03139013452914798,0.0,0.0,0.968609865470852,0.0,0.9730941704035875,0.9989001924663184,0.9777794887977282,0.0002459146755930057,9.998250306196416e-05,cic_ids2017_v2,xgb_5class_smote,fragile
R2L,Normal,block_greedy,201,0.005024246363045543,7854,1.0,0.9988751687246913,0.006385312355404216,-4.999250112480702e-05,0.0063332076420235806,True,0.9989251880920839,0.9781937556398299,0.006345230038368738,0.9990047584984294,0.9996279761904762,0.9995551601423488,0.968609865470852,0.8571428571428571,0.00017496938035843726,0.03139013452914798,0.0,0.0,0.968609865470852,0.0,0.9730941704035875,0.9989001924663184,0.9777794887977282,0.0002459146755930057,9.998250306196416e-05,cic_ids2017_v2,xgb_5class_smote,fragile
R2L,Normal,block_greedy,402,0.010048492726091086,7854,0.554726368159204,0.9906514022896565,0.0021910050614061547,-0.008273758936159559,0.002138900348025519,False,0.9911765441047816,0.7785722293229783,0.00238370387210985,0.9995645818430628,0.9947916666666666,0.9612989323843416,0.0,0.8571428571428571,0.008823455895218336,1.0,0.0,0.0,0.0,0.0,0.9730941704035875,0.9989001924663184,0.9777794887977282,0.0002459146755930057,9.998250306196416e-05,cic_ids2017_v2,xgb_5class_smote,fragile
R2L,Normal,block_greedy,804,0.02009698545218217,7854,0.277363184079602,0.9883017547367895,0.011298765657781871,-0.010623406489026599,0.011246660944401235,False,0.9884520208963431,0.7740670657283142,0.01093877120952575,0.9995956831399869,0.9884672619047619,0.927491103202847,0.0,0.8571428571428571,0.011597970355187842,1.0,0.0,0.0,0.0,0.0,0.9730941704035875,0.9989001924663184,0.9777794887977282,0.0002459146755930057,9.998250306196416e-05,cic_ids2017_v2,xgb_5class_smote,fragile
R2L,Normal,block_greedy,2010,0.05024246363045543,7854,0.1109452736318408,0.9665300204969255,0.03769769034538505,-0.032395140728890603,0.037645585632004416,False,0.9659309620816358,0.7280992564167195,0.03858045599539505,0.9998444935153796,0.8638392857142857,0.8216192170818505,0.0,0.7142857142857143,0.03454395480790862,1.0,0.0,0.0,0.0,0.0,0.9730941704035875,0.9989001924663184,0.9777794887977282,0.0002459146755930057,9.998250306196416e-05,cic_ids2017_v2,xgb_5class_smote,fragile
R2L,Normal,block_greedy,4001,0.10000999850022496,7854,0.05573606598350413,0.8986152077188422,0.090820489516477,-0.10030995350697391,0.09076838480309637,False,0.8975929212387832,0.46187115609831864,0.09142126338061986,0.9999688987030759,0.44754464285714285,0.6014234875444839,0.0,0.0,0.10308196065688505,1.0,0.0,0.0,0.0,0.0,0.9730941704035875,0.9989001924663184,0.9777794887977282,0.0002459146755930057,9.998250306196416e-05,cic_ids2017_v2,xgb_5class_smote,fragile
R2L,Normal,block_greedy_stealth,10,0.00024996250562415637,10,0.4,0.9989251612258161,0.00027961679694079195,0.0,0.00022751208356015616,True,0.9989001924663184,0.9777794887977282,0.0003566654933658059,0.9989425559045813,0.9996279761904762,0.9995551601423488,0.9730941704035875,0.8571428571428571,9.998250306196416e-05,0.026905829596412557,0.0,0.0,0.9730941704035875,0.0,0.9730941704035875,0.9989001924663184,0.9777794887977282,0.0002459146755930057,9.998250306196416e-05,cic_ids2017_v2,xgb_5class_smote,fragile
R2L,Normal,random,201,0.005024246363045543,7854,0.01990049751243781,0.9989251612258161,0.005043054087506606,0.0,0.00499094937412597,True,0.9989001924663184,0.9777794887977282,0.004991084787877145,0.9989425559045813,0.9996279761904762,0.9995551601423488,0.9730941704035875,0.8571428571428571,9.998250306196416e-05,0.026905829596412557,0.0,0.0,0.9730941704035875,0.0,0.9730941704035875,0.9989001924663184,0.9777794887977282,0.0002459146755930057,9.998250306196416e-05,cic_ids2017_v2,xgb_5class_smote,fragile
R2L,Normal,random,201,0.005024246363045543,7854,0.01990049751243781,0.9989251612258161,0.005043054087506606,0.0,0.00499094937412597,True,0.9989001924663184,0.9777794887977282,0.004991084787877145,0.9989425559045813,0.9996279761904762,0.9995551601423488,0.9730941704035875,0.8571428571428571,9.998250306196416e-05,0.026905829596412557,0.0,0.0,0.9730941704035875,0.0,0.9730941704035875,0.9989001924663184,0.9777794887977282,0.0002459146755930057,9.998250306196416e-05,cic_ids2017_v2,xgb_5class_smote,fragile
R2L,Normal,random,201,0.005024246363045543,7854,0.01990049751243781,0.9989251612258161,0.005043054087506606,0.0,0.00499094937412597,True,0.9989001924663184,0.9777794887977282,0.004991084787877145,0.9989425559045813,0.9996279761904762,0.9995551601423488,0.9730941704035875,0.8571428571428571,9.998250306196416e-05,0.026905829596412557,0.0,0.0,0.9730941704035875,0.0,0.9730941704035875,0.9989001924663184,0.9777794887977282,0.0002459146755930057,9.998250306196416e-05,cic_ids2017_v2,xgb_5class_smote,fragile
R2L,Normal,random,402,0.010048492726091086,7854,0.01990049751243781,0.9989251612258161,0.010059274050131383,0.0,0.010007169336750747,False,0.9989001924663184,0.9777794887977282,0.01002421287920355,0.9989425559045813,0.9996279761904762,0.9995551601423488,0.9730941704035875,0.8571428571428571,9.998250306196416e-05,0.026905829596412557,0.0,0.0,0.9730941704035875,0.0,0.9730941704035875,0.9989001924663184,0.9777794887977282,0.0002459146755930057,9.998250306196416e-05,cic_ids2017_v2,xgb_5class_smote,fragile
R2L,Normal,random,804,0.02009698545218217,7854,0.024875621890547265,0.9989001649752537,0.020038011320490257,-2.499625056240351e-05,0.01998590660710962,False,0.9989251880920839,0.9782179910604242,0.01999329650975077,0.9989736572015053,0.9996279761904762,0.9995551601423488,0.9730941704035875,0.8571428571428571,0.0001249781288274552,0.026905829596412557,0.0,0.0,0.9730941704035875,0.0,0.9730941704035875,0.9989001924663184,0.9777794887977282,0.0002459146755930057,9.998250306196416e-05,cic_ids2017_v2,xgb_5class_smote,fragile
R2L,Normal,random,2010,0.05024246363045543,7854,0.025870646766169153,0.9985752137179423,0.049770952132128385,-0.00034994750787376017,0.04971884741874775,False,0.9984502712025396,0.9771012723079295,0.049649154029530046,0.999253568873822,0.9966517857142857,0.994661921708185,0.968609865470852,0.8571428571428571,0.0010498162821506237,0.03139013452914798,0.0,0.0,0.968609865470852,0.0,0.9730941704035875,0.9989001924663184,0.9777794887977282,0.0002459146755930057,9.998250306196416e-05,cic_ids2017_v2,xgb_5class_smote,fragile
R2L,Normal,random,4001,0.10000999850022496,7854,0.028742814296425893,0.8387241913712943,0.06629361080654468,-0.1602009698545218,0.06624150609316405,False,0.8386282400579899,0.43349103867124017,0.0665977455609672,1.0,0.15048363095238096,0.23976868327402134,0.21973094170403587,0.14285714285714285,0.16209663308920938,0.7802690582959642,0.0,0.0,0.21973094170403587,0.0,0.9730941704035875,0.9989001924663184,0.9777794887977282,0.0002459146755930057,9.998250306196416e-05,cic_ids2017_v2,xgb_5class_smote,fragile
R2L,Normal,highest_pt,201,0.005024246363045543,7854,1.0,0.9988751687246913,0.006395182780081224,-4.999250112480702e-05,0.006343078066700588,True,0.9989251880920839,0.9781937556398299,0.0063400159086945814,0.9990047584984294,0.9996279761904762,0.9995551601423488,0.968609865470852,0.8571428571428571,0.00017496938035843726,0.03139013452914798,0.0,0.0,0.968609865470852,0.0,0.9730941704035875,0.9989001924663184,0.9777794887977282,0.0002459146755930057,9.998250306196416e-05,cic_ids2017_v2,xgb_5class_smote,fragile
R2L,Normal,highest_pt,201,0.005024246363045543,7854,1.0,0.9988751687246913,0.006395182780081224,-4.999250112480702e-05,0.006343078066700588,True,0.9989251880920839,0.9781937556398299,0.0063400159086945814,0.9990047584984294,0.9996279761904762,0.9995551601423488,0.968609865470852,0.8571428571428571,0.00017496938035843726,0.03139013452914798,0.0,0.0,0.968609865470852,0.0,0.9730941704035875,0.9989001924663184,0.9777794887977282,0.0002459146755930057,9.998250306196416e-05,cic_ids2017_v2,xgb_5class_smote,fragile
R2L,Normal,highest_pt,201,0.005024246363045543,7854,1.0,0.9988751687246913,0.006395182780081224,-4.999250112480702e-05,0.006343078066700588,True,0.9989251880920839,0.9781937556398299,0.0063400159086945814,0.9990047584984294,0.9996279761904762,0.9995551601423488,0.968609865470852,0.8571428571428571,0.00017496938035843726,0.03139013452914798,0.0,0.0,0.968609865470852,0.0,0.9730941704035875,0.9989001924663184,0.9777794887977282,0.0002459146755930057,9.998250306196416e-05,cic_ids2017_v2,xgb_5class_smote,fragile
R2L,Normal,highest_pt,402,0.010048492726091086,7854,0.554726368159204,0.9906514022896565,0.0021910050614061547,-0.008273758936159559,0.002138900348025519,False,0.9911765441047816,0.7785722293229783,0.00238370387210985,0.9995645818430628,0.9947916666666666,0.9612989323843416,0.0,0.8571428571428571,0.008823455895218336,1.0,0.0,0.0,0.0,0.0,0.9730941704035875,0.9989001924663184,0.9777794887977282,0.0002459146755930057,9.998250306196416e-05,cic_ids2017_v2,xgb_5class_smote,fragile
R2L,Normal,highest_pt,804,0.02009698545218217,7854,0.277363184079602,0.9883017547367895,0.011298765657781871,-0.010623406489026599,0.011246660944401235,False,0.9884520208963431,0.7740670657283142,0.01093877120952575,0.9995956831399869,0.9884672619047619,0.927491103202847,0.0,0.8571428571428571,0.011597970355187842,1.0,0.0,0.0,0.0,0.0,0.9730941704035875,0.9989001924663184,0.9777794887977282,0.0002459146755930057,9.998250306196416e-05,cic_ids2017_v2,xgb_5class_smote,fragile
R2L,Normal,highest_pt,2010,0.05024246363045543,7854,0.1109452736318408,0.9665300204969255,0.03769769034538505,-0.032395140728890603,0.037645585632004416,False,0.9659309620816358,0.7280992564167195,0.03858045599539505,0.9998444935153796,0.8638392857142857,0.8216192170818505,0.0,0.7142857142857143,0.03454395480790862,1.0,0.0,0.0,0.0,0.0,0.9730941704035875,0.9989001924663184,0.9777794887977282,0.0002459146755930057,9.998250306196416e-05,cic_ids2017_v2,xgb_5class_smote,fragile
R2L,Normal,highest_pt,4001,0.10000999850022496,7854,0.05573606598350413,0.8986152077188422,0.090820489516477,-0.10030995350697391,0.09076838480309637,False,0.8975929212387832,0.46187115609831864,0.09142126338061986,0.9999688987030759,0.44754464285714285,0.6014234875444839,0.0,0.0,0.10308196065688505,1.0,0.0,0.0,0.0,0.0,0.9730941704035875,0.9989001924663184,0.9777794887977282,0.0002459146755930057,9.998250306196416e-05,cic_ids2017_v2,xgb_5class_smote,fragile
DoS,Normal,block_greedy,201,0.005024246363045543,7854,1.0,0.9989251612258161,0.0050585275659206265,0.0,0.005006422852539991,True,0.9989001924663184,0.9777794887977282,0.005063527939827778,0.9989425559045813,0.9996279761904762,0.9995551601423488,0.9730941704035875,0.8571428571428571,9.998250306196416e-05,0.0003720238095238095,0.9996279761904762,0.0,0.0,0.0,0.9996279761904762,0.9989001924663184,0.9777794887977282,0.0002459146755930057,9.998250306196416e-05,cic_ids2017_v2,xgb_5class_smote,stable
DoS,Normal,block_greedy,201,0.005024246363045543,7854,1.0,0.9989251612258161,0.0050585275659206265,0.0,0.005006422852539991,True,0.9989001924663184,0.9777794887977282,0.005063527939827778,0.9989425559045813,0.9996279761904762,0.9995551601423488,0.9730941704035875,0.8571428571428571,9.998250306196416e-05,0.0003720238095238095,0.9996279761904762,0.0,0.0,0.0,0.9996279761904762,0.9989001924663184,0.9777794887977282,0.0002459146755930057,9.998250306196416e-05,cic_ids2017_v2,xgb_5class_smote,stable
DoS,Normal,block_greedy,201,0.005024246363045543,7854,1.0,0.9989251612258161,0.0050585275659206265,0.0,0.005006422852539991,True,0.9989001924663184,0.9777794887977282,0.005063527939827778,0.9989425559045813,0.9996279761904762,0.9995551601423488,0.9730941704035875,0.8571428571428571,9.998250306196416e-05,0.0003720238095238095,0.9996279761904762,0.0,0.0,0.0,0.9996279761904762,0.9989001924663184,0.9777794887977282,0.0002459146755930057,9.998250306196416e-05,cic_ids2017_v2,xgb_5class_smote,stable
DoS,Normal,block_greedy,402,0.010048492726091086,7854,1.0,0.9989251612258161,0.01009264694938515,0.0,0.010040542236004514,False,0.9989001924663184,0.9777794887977282,0.010088059904778584,0.9989425559045813,0.9996279761904762,0.9995551601423488,0.9730941704035875,0.8571428571428571,9.998250306196416e-05,0.0003720238095238095,0.9996279761904762,0.0,0.0,0.0,0.9996279761904762,0.9989001924663184,0.9777794887977282,0.0002459146755930057,9.998250306196416e-05,cic_ids2017_v2,xgb_5class_smote,stable
DoS,Normal,block_greedy,804,0.02009698545218217,7854,1.0,0.9989251612258161,0.020219038777937338,0.0,0.0201669340645567,False,0.9989001924663184,0.9777794887977282,0.020201952944993613,0.9989425559045813,0.9996279761904762,0.9995551601423488,0.9730941704035875,0.8571428571428571,9.998250306196416e-05,0.0003720238095238095,0.9996279761904762,0.0,0.0,0.0,0.9996279761904762,0.9989001924663184,0.9777794887977282,0.0002459146755930057,9.998250306196416e-05,cic_ids2017_v2,xgb_5class_smote,stable
DoS,Normal,block_greedy,2010,0.05024246363045543,7854,1.0,0.9989251612258161,0.05158319878320931,0.0,0.05153109406982867,False,0.9989001924663184,0.9777794887977282,0.05151493473906484,0.9989425559045813,0.9996279761904762,0.9995551601423488,0.9730941704035875,0.8571428571428571,9.998250306196416e-05,0.0003720238095238095,0.9996279761904762,0.0,0.0,0.0,0.9996279761904762,0.9989001924663184,0.9777794887977282,0.0002459146755930057,9.998250306196416e-05,cic_ids2017_v2,xgb_5class_smote,stable
DoS,Normal,block_greedy,4001,0.10000999850022496,7854,1.0,0.864870269459581,0.06934430155641332,-0.13405489176623508,0.06929219684303269,False,0.8651735946209413,0.7637364359248547,0.06921848066219517,0.9994712779522906,0.0013020833333333333,0.9995551601423488,0.9730941704035875,0.8571428571428571,0.1347014272502312,0.9986979166666666,0.0013020833333333333,0.0,0.0,0.0,0.9996279761904762,0.9989001924663184,0.9777794887977282,0.0002459146755930057,9.998250306196416e-05,cic_ids2017_v2,xgb_5class_smote,stable
DoS,Normal,block_greedy_stealth,10,0.00024996250562415637,10,0.3,0.9989251612258161,0.00027961679694079195,0.0,0.00022751208356015616,True,0.9989001924663184,0.9777794887977282,0.0003566654933658059,0.9989425559045813,0.9996279761904762,0.9995551601423488,0.9730941704035875,0.8571428571428571,9.998250306196416e-05,0.0003720238095238095,0.9996279761904762,0.0,0.0,0.0,0.9996279761904762,0.9989001924663184,0.9777794887977282,0.0002459146755930057,9.998250306196416e-05,cic_ids2017_v2,xgb_5class_smote,stable
DoS,Normal,random,201,0.005024246363045543,7854,0.6716417910447762,0.9989251612258161,0.005043054087506606,0.0,0.00499094937412597,True,0.9989001924663184,0.9777794887977282,0.004991084787877145,0.9989425559045813,0.9996279761904762,0.9995551601423488,0.9730941704035875,0.8571428571428571,9.998250306196416e-05,0.0003720238095238095,0.9996279761904762,0.0,0.0,0.0,0.9996279761904762,0.9989001924663184,0.9777794887977282,0.0002459146755930057,9.998250306196416e-05,cic_ids2017_v2,xgb_5class_smote,stable
DoS,Normal,random,201,0.005024246363045543,7854,0.6716417910447762,0.9989251612258161,0.005043054087506606,0.0,0.00499094937412597,True,0.9989001924663184,0.9777794887977282,0.004991084787877145,0.9989425559045813,0.9996279761904762,0.9995551601423488,0.9730941704035875,0.8571428571428571,9.998250306196416e-05,0.0003720238095238095,0.9996279761904762,0.0,0.0,0.0,0.9996279761904762,0.9989001924663184,0.9777794887977282,0.0002459146755930057,9.998250306196416e-05,cic_ids2017_v2,xgb_5class_smote,stable
DoS,Normal,random,201,0.005024246363045543,7854,0.6716417910447762,0.9989251612258161,0.005043054087506606,0.0,0.00499094937412597,True,0.9989001924663184,0.9777794887977282,0.004991084787877145,0.9989425559045813,0.9996279761904762,0.9995551601423488,0.9730941704035875,0.8571428571428571,9.998250306196416e-05,0.0003720238095238095,0.9996279761904762,0.0,0.0,0.0,0.9996279761904762,0.9989001924663184,0.9777794887977282,0.0002459146755930057,9.998250306196416e-05,cic_ids2017_v2,xgb_5class_smote,stable
DoS,Normal,random,402,0.010048492726091086,7854,0.6990049751243781,0.9989251612258161,0.010059274050131383,0.0,0.010007169336750747,False,0.9989001924663184,0.9777794887977282,0.01002421287920355,0.9989425559045813,0.9996279761904762,0.9995551601423488,0.9730941704035875,0.8571428571428571,9.998250306196416e-05,0.0003720238095238095,0.9996279761904762,0.0,0.0,0.0,0.9996279761904762,0.9989001924663184,0.9777794887977282,0.0002459146755930057,9.998250306196416e-05,cic_ids2017_v2,xgb_5class_smote,stable
DoS,Normal,random,804,0.02009698545218217,7854,0.6965174129353234,0.9989001649752537,0.020038011320490257,-2.499625056240351e-05,0.01998590660710962,False,0.9989251880920839,0.9782179910604242,0.01999329650975077,0.9989736572015053,0.9996279761904762,0.9995551601423488,0.9730941704035875,0.8571428571428571,0.0001249781288274552,0.0003720238095238095,0.9996279761904762,0.0,0.0,0.0,0.9996279761904762,0.9989001924663184,0.9777794887977282,0.0002459146755930057,9.998250306196416e-05,cic_ids2017_v2,xgb_5class_smote,stable
DoS,Normal,random,2010,0.05024246363045543,7854,0.6786069651741293,0.9985752137179423,0.049770952132128385,-0.00034994750787376017,0.04971884741874775,False,0.9984502712025396,0.9771012723079295,0.049649154029530046,0.999253568873822,0.9966517857142857,0.994661921708185,0.968609865470852,0.8571428571428571,0.0010498162821506237,0.0033482142857142855,0.9966517857142857,0.0,0.0,0.0,0.9996279761904762,0.9989001924663184,0.9777794887977282,0.0002459146755930057,9.998250306196416e-05,cic_ids2017_v2,xgb_5class_smote,stable
DoS,Normal,random,4001,0.10000999850022496,7854,0.6760809797550612,0.8387241913712943,0.06629361080654468,-0.1602009698545218,0.06624150609316405,False,0.8386282400579899,0.43349103867124017,0.0665977455609672,1.0,0.15048363095238096,0.23976868327402134,0.21973094170403587,0.14285714285714285,0.16209663308920938,0.8495163690476191,0.15048363095238096,0.0,0.0,0.0,0.9996279761904762,0.9989001924663184,0.9777794887977282,0.0002459146755930057,9.998250306196416e-05,cic_ids2017_v2,xgb_5class_smote,stable
DoS,Normal,highest_pt,201,0.005024246363045543,7854,1.0,0.9989251612258161,0.0050585275659206265,0.0,0.005006422852539991,True,0.9989001924663184,0.9777794887977282,0.005063527939827778,0.9989425559045813,0.9996279761904762,0.9995551601423488,0.9730941704035875,0.8571428571428571,9.998250306196416e-05,0.0003720238095238095,0.9996279761904762,0.0,0.0,0.0,0.9996279761904762,0.9989001924663184,0.9777794887977282,0.0002459146755930057,9.998250306196416e-05,cic_ids2017_v2,xgb_5class_smote,stable
DoS,Normal,highest_pt,201,0.005024246363045543,7854,1.0,0.9989251612258161,0.0050585275659206265,0.0,0.005006422852539991,True,0.9989001924663184,0.9777794887977282,0.005063527939827778,0.9989425559045813,0.9996279761904762,0.9995551601423488,0.9730941704035875,0.8571428571428571,9.998250306196416e-05,0.0003720238095238095,0.9996279761904762,0.0,0.0,0.0,0.9996279761904762,0.9989001924663184,0.9777794887977282,0.0002459146755930057,9.998250306196416e-05,cic_ids2017_v2,xgb_5class_smote,stable
DoS,Normal,highest_pt,201,0.005024246363045543,7854,1.0,0.9989251612258161,0.0050585275659206265,0.0,0.005006422852539991,True,0.9989001924663184,0.9777794887977282,0.005063527939827778,0.9989425559045813,0.9996279761904762,0.9995551601423488,0.9730941704035875,0.8571428571428571,9.998250306196416e-05,0.0003720238095238095,0.9996279761904762,0.0,0.0,0.0,0.9996279761904762,0.9989001924663184,0.9777794887977282,0.0002459146755930057,9.998250306196416e-05,cic_ids2017_v2,xgb_5class_smote,stable
DoS,Normal,highest_pt,402,0.010048492726091086,7854,1.0,0.9989251612258161,0.01009264694938515,0.0,0.010040542236004514,False,0.9989001924663184,0.9777794887977282,0.010088059904778584,0.9989425559045813,0.9996279761904762,0.9995551601423488,0.9730941704035875,0.8571428571428571,9.998250306196416e-05,0.0003720238095238095,0.9996279761904762,0.0,0.0,0.0,0.9996279761904762,0.9989001924663184,0.9777794887977282,0.0002459146755930057,9.998250306196416e-05,cic_ids2017_v2,xgb_5class_smote,stable
DoS,Normal,highest_pt,804,0.02009698545218217,7854,1.0,0.9989251612258161,0.020219038777937338,0.0,0.0201669340645567,False,0.9989001924663184,0.9777794887977282,0.020201952944993613,0.9989425559045813,0.9996279761904762,0.9995551601423488,0.9730941704035875,0.8571428571428571,9.998250306196416e-05,0.0003720238095238095,0.9996279761904762,0.0,0.0,0.0,0.9996279761904762,0.9989001924663184,0.9777794887977282,0.0002459146755930057,9.998250306196416e-05,cic_ids2017_v2,xgb_5class_smote,stable
DoS,Normal,highest_pt,2010,0.05024246363045543,7854,1.0,0.9989251612258161,0.05158319878320931,0.0,0.05153109406982867,False,0.9989001924663184,0.9777794887977282,0.05151493473906484,0.9989425559045813,0.9996279761904762,0.9995551601423488,0.9730941704035875,0.8571428571428571,9.998250306196416e-05,0.0003720238095238095,0.9996279761904762,0.0,0.0,0.0,0.9996279761904762,0.9989001924663184,0.9777794887977282,0.0002459146755930057,9.998250306196416e-05,cic_ids2017_v2,xgb_5class_smote,stable
DoS,Normal,highest_pt,4001,0.10000999850022496,7854,1.0,0.864870269459581,0.06934430155641332,-0.13405489176623508,0.06929219684303269,False,0.8651735946209413,0.7637364359248547,0.06921848066219517,0.9994712779522906,0.0013020833333333333,0.9995551601423488,0.9730941704035875,0.8571428571428571,0.1347014272502312,0.9986979166666666,0.0013020833333333333,0.0,0.0,0.0,0.9996279761904762,0.9989001924663184,0.9777794887977282,0.0002459146755930057,9.998250306196416e-05,cic_ids2017_v2,xgb_5class_smote,stable
Probe,Normal,block_greedy,201,0.005024246363045543,7854,1.0,0.9806778983152528,0.006994142296850143,-2.499625056240351e-05,0.004972535992285963,True,0.9802284600194966,0.8574311354304296,0.006140258226951942,0.985133580070289,0.9830729166666666,0.9070284697508897,0.9596412556053812,0.42857142857142855,0.034493963556377634,0.09252669039145907,0.00044483985765124553,0.9070284697508897,0.0,0.0,0.9079181494661922,0.9801784687679657,0.8573614123871988,0.000980558656240702,0.034343989801784686,cic_ids2017_v2,dnn_5class_smote,fragile
Probe,Normal,block_greedy,201,0.005024246363045543,7854,1.0,0.9806778983152528,0.006994142296850143,-2.499625056240351e-05,0.004972535992285963,True,0.9802284600194966,0.8574311354304296,0.006140258226951942,0.985133580070289,0.9830729166666666,0.9070284697508897,0.9596412556053812,0.42857142857142855,0.034493963556377634,0.09252669039145907,0.00044483985765124553,0.9070284697508897,0.0,0.0,0.9079181494661922,0.9801784687679657,0.8573614123871988,0.000980558656240702,0.034343989801784686,cic_ids2017_v2,dnn_5class_smote,fragile
Probe,Normal,block_greedy,201,0.005024246363045543,7854,1.0,0.9806778983152528,0.006994142296850143,-2.499625056240351e-05,0.004972535992285963,True,0.9802284600194966,0.8574311354304296,0.006140258226951942,0.985133580070289,0.9830729166666666,0.9070284697508897,0.9596412556053812,0.42857142857142855,0.034493963556377634,0.09252669039145907,0.00044483985765124553,0.9070284697508897,0.0,0.0,0.9079181494661922,0.9801784687679657,0.8573614123871988,0.000980558656240702,0.034343989801784686,cic_ids2017_v2,dnn_5class_smote,fragile
Probe,Normal,block_greedy,402,0.010048492726091086,7854,1.0,0.9806778983152528,0.01222134562327211,-2.499625056240351e-05,0.010199739318707931,False,0.9802284600194966,0.8574059405989608,0.011519406470290858,0.9852268839610612,0.9830729166666666,0.905693950177936,0.9596412556053812,0.42857142857142855,0.03464393731097058,0.09386120996441281,0.00044483985765124553,0.905693950177936,0.0,0.0,0.9079181494661922,0.9801784687679657,0.8573614123871988,0.000980558656240702,0.034343989801784686,cic_ids2017_v2,dnn_5class_smote,fragile
Probe,Normal,block_greedy,804,0.02009698545218217,7854,1.0,0.9806778983152528,0.022484862889332012,-2.499625056240351e-05,0.02046325658476783,False,0.9802284600194966,0.8574059405989608,0.022397713254194145,0.9852268839610612,0.9830729166666666,0.905693950177936,0.9596412556053812,0.42857142857142855,0.03464393731097058,0.09386120996441281,0.00044483985765124553,0.905693950177936,0.0,0.0,0.9079181494661922,0.9801784687679657,0.8573614123871988,0.000980558656240702,0.034343989801784686,cic_ids2017_v2,dnn_5class_smote,fragile
Probe,Normal,block_greedy,2010,0.05024246363045543,7854,0.9995024875621891,0.9334349847522871,0.05954416166920905,-0.04726790981352802,0.057522555364644866,False,0.933061714200015,0.6730962620352013,0.05946815607265492,0.99847603645072,0.9315476190476191,0.0008896797153024911,0.9506726457399103,0.42857142857142855,0.10313195190841602,0.9991103202846975,0.0,0.0008896797153024911,0.0,0.0,0.9079181494661922,0.9801784687679657,0.8573614123871988,0.000980558656240702,0.034343989801784686,cic_ids2017_v2,dnn_5class_smote,fragile
Probe,Normal,block_greedy,4001,0.10000999850022496,7854,0.561859535116221,0.8870169474578813,0.09903055322697583,-0.09368594710793388,0.09700894692241166,False,0.8859949508835954,0.6224980126376913,0.10026777353480507,0.9998755948123037,0.5749627976190477,0.0,0.9103139013452914,0.42857142857142855,0.15247331716949533,1.0,0.0,0.0,0.0,0.0,0.9079181494661922,0.9801784687679657,0.8573614123871988,0.000980558656240702,0.034343989801784686,cic_ids2017_v2,dnn_5class_smote,fragile
Probe,Normal,block_greedy_stealth,22,0.000549917512373144,22,0.0,0.9807028945658152,0.001822124019225648,0.0,-0.00019948228533853184,True,0.9801784687679657,0.8573614123871988,0.000821638388460789,0.9850091748825927,0.9830729166666666,0.9079181494661922,0.9596412556053812,0.42857142857142855,0.034343989801784686,0.09163701067615658,0.00044483985765124553,0.9079181494661922,0.0,0.0,0.9079181494661922,0.9801784687679657,0.8573614123871988,0.000980558656240702,0.034343989801784686,cic_ids2017_v2,dnn_5class_smote,fragile
Probe,Normal,random,201,0.005024246363045543,7854,0.30845771144278605,0.9807028945658152,0.006243595305694181,0.0,0.004221989001130001,True,0.9801534731422001,0.8573097747782228,0.006121254077201488,0.9850091748825927,0.9830729166666666,0.9074733096085409,0.9596412556053812,0.42857142857142855,0.03436898542755018,0.09208185053380782,0.00044483985765124553,0.9074733096085409,0.0,0.0,0.9079181494661922,0.9801784687679657,0.8573614123871988,0.000980558656240702,0.034343989801784686,cic_ids2017_v2,dnn_5class_smote,fragile
Probe,Normal,random,201,0.005024246363045543,7854,0.30845771144278605,0.9807028945658152,0.006243595305694181,0.0,0.004221989001130001,True,0.9801534731422001,0.8573097747782228,0.006121254077201488,0.9850091748825927,0.9830729166666666,0.9074733096085409,0.9596412556053812,0.42857142857142855,0.03436898542755018,0.09208185053380782,0.00044483985765124553,0.9074733096085409,0.0,0.0,0.9079181494661922,0.9801784687679657,0.8573614123871988,0.000980558656240702,0.034343989801784686,cic_ids2017_v2,dnn_5class_smote,fragile
Probe,Normal,random,201,0.005024246363045543,7854,0.30845771144278605,0.9807028945658152,0.006243595305694181,0.0,0.004221989001130001,True,0.9801534731422001,0.8573097747782228,0.006121254077201488,0.9850091748825927,0.9830729166666666,0.9074733096085409,0.9596412556053812,0.42857142857142855,0.03436898542755018,0.09208185053380782,0.00044483985765124553,0.9074733096085409,0.0,0.0,0.9079181494661922,0.9801784687679657,0.8573614123871988,0.000980558656240702,0.034343989801784686,cic_ids2017_v2,dnn_5class_smote,fragile
Probe,Normal,random,402,0.010048492726091086,7854,0.2810945273631841,0.9806778983152528,0.010551487803044254,-2.499625056240351e-05,0.008529881498480075,True,0.9802284600194966,0.8574059405989608,0.01029185637401023,0.9852268839610612,0.9830729166666666,0.905693950177936,0.9596412556053812,0.42857142857142855,0.03464393731097058,0.09386120996441281,0.00044483985765124553,0.905693950177936,0.0,0.0,0.9079181494661922,0.9801784687679657,0.8573614123871988,0.000980558656240702,0.034343989801784686,cic_ids2017_v2,dnn_5class_smote,fragile
Probe,Normal,random,804,0.02009698545218217,7854,0.27860696517412936,0.9794280857871319,0.01825318087215442,-0.0012748087786832452,0.016231574567590237,False,0.9782288099582573,0.8553869700027917,0.01977882694175586,0.9913538394551052,0.9315476190476191,0.905693950177936,0.9596412556053812,0.42857142857142855,0.04651685954957882,0.09430604982206406,0.0,0.905693950177936,0.0,0.0,0.9079181494661922,0.9801784687679657,0.8573614123871988,0.000980558656240702,0.034343989801784686,cic_ids2017_v2,dnn_5class_smote,fragile
Probe,Normal,random,2010,0.05024246363045543,7854,0.29502487562189056,0.9787781832725091,0.04458454130182635,-0.0019247112933060695,0.042562934997262165,False,0.9783537880870847,0.8602231577338628,0.04374659919293907,0.9932199172705501,0.9302455357142857,0.8883451957295374,0.9192825112107623,0.42857142857142855,0.04939135651261029,0.11165480427046263,0.0,0.8883451957295374,0.0,0.0,0.9079181494661922,0.9801784687679657,0.8573614123871988,0.000980558656240702,0.034343989801784686,cic_ids2017_v2,dnn_5class_smote,fragile
Probe,Normal,random,4001,0.10000999850022496,7854,0.2944263934016496,0.8359496075588662,0.06898760712495604,-0.144753287006949,0.06696600082039186,False,0.8352538305796485,0.41208259719138046,0.06987820348803772,1.0,0.22340029761904762,0.0071174377224199285,0.19730941704035873,0.2857142857142857,0.20341440247956608,0.9928825622775801,0.0,0.0071174377224199285,0.0,0.0,0.9079181494661922,0.9801784687679657,0.8573614123871988,0.000980558656240702,0.034343989801784686,cic_ids2017_v2,dnn_5class_smote,fragile
Probe,Normal,highest_pt,201,0.005024246363045543,7854,1.0,0.9807028945658152,0.0070781282731975665,0.0,0.005056521968633387,True,0.9801784687679657,0.8573614123871988,0.006146965211465612,0.9850091748825927,0.9830729166666666,0.9079181494661922,0.9596412556053812,0.42857142857142855,0.034343989801784686,0.09163701067615658,0.00044483985765124553,0.9079181494661922,0.0,0.0,0.9079181494661922,0.9801784687679657,0.8573614123871988,0.000980558656240702,0.034343989801784686,cic_ids2017_v2,dnn_5class_smote,fragile
Probe,Normal,highest_pt,201,0.005024246363045543,7854,1.0,0.9807028945658152,0.0070781282731975665,0.0,0.005056521968633387,True,0.9801784687679657,0.8573614123871988,0.006146965211465612,0.9850091748825927,0.9830729166666666,0.9079181494661922,0.9596412556053812,0.42857142857142855,0.034343989801784686,0.09163701067615658,0.00044483985765124553,0.9079181494661922,0.0,0.0,0.9079181494661922,0.9801784687679657,0.8573614123871988,0.000980558656240702,0.034343989801784686,cic_ids2017_v2,dnn_5class_smote,fragile
Probe,Normal,highest_pt,201,0.005024246363045543,7854,1.0,0.9807028945658152,0.0070781282731975665,0.0,0.005056521968633387,True,0.9801784687679657,0.8573614123871988,0.006146965211465612,0.9850091748825927,0.9830729166666666,0.9079181494661922,0.9596412556053812,0.42857142857142855,0.034343989801784686,0.09163701067615658,0.00044483985765124553,0.9079181494661922,0.0,0.0,0.9079181494661922,0.9801784687679657,0.8573614123871988,0.000980558656240702,0.034343989801784686,cic_ids2017_v2,dnn_5class_smote,fragile
Probe,Normal,highest_pt,402,0.010048492726091086,7854,1.0,0.9807028945658152,0.012331018984902301,0.0,0.010309412680338121,False,0.9801784687679657,0.8573614123871988,0.011555228991344828,0.9850091748825927,0.9830729166666666,0.9079181494661922,0.9596412556053812,0.42857142857142855,0.034343989801784686,0.09163701067615658,0.00044483985765124553,0.9079181494661922,0.0,0.0,0.9079181494661922,0.9801784687679657,0.8573614123871988,0.000980558656240702,0.034343989801784686,cic_ids2017_v2,dnn_5class_smote,fragile
Probe,Normal,highest_pt,804,0.02009698545218217,7854,1.0,0.9807028945658152,0.022616343433020693,0.0,0.02059473712845651,False,0.9801784687679657,0.8573614123871988,0.02245646013842157,0.9850091748825927,0.9830729166666666,0.9079181494661922,0.9596412556053812,0.42857142857142855,0.034343989801784686,0.09163701067615658,0.00044483985765124553,0.9079181494661922,0.0,0.0,0.9079181494661922,0.9801784687679657,0.8573614123871988,0.000980558656240702,0.034343989801784686,cic_ids2017_v2,dnn_5class_smote,fragile
Probe,Normal,highest_pt,2010,0.05024246363045543,7854,1.0,0.9334349847522871,0.05957113519849976,-0.04726790981352802,0.05754952889393558,False,0.933061714200015,0.6730962620352013,0.05949578092573117,0.99847603645072,0.9315476190476191,0.0008896797153024911,0.9506726457399103,0.42857142857142855,0.10313195190841602,0.9991103202846975,0.0,0.0008896797153024911,0.0,0.0,0.9079181494661922,0.9801784687679657,0.8573614123871988,0.000980558656240702,0.034343989801784686,cic_ids2017_v2,dnn_5class_smote,fragile
Probe,Normal,highest_pt,4001,0.10000999850022496,7854,0.561859535116221,0.8870169474578813,0.09903055322697583,-0.09368594710793388,0.09700894692241166,False,0.8859949508835954,0.6224980126376913,0.10026777353480507,0.9998755948123037,0.5749627976190477,0.0,0.9103139013452914,0.42857142857142855,0.15247331716949533,1.0,0.0,0.0,0.0,0.0,0.9079181494661922,0.9801784687679657,0.8573614123871988,0.000980558656240702,0.034343989801784686,cic_ids2017_v2,dnn_5class_smote,fragile
DoS,Normal,block_greedy,201,0.005024246363045543,7854,1.0,0.9806778983152528,0.006915957162065495,-2.499625056240351e-05,0.004894350857501315,True,0.9801034818906691,0.85729034118261,0.005867745421556698,0.985164681367213,0.9815848214285714,0.9079181494661922,0.9596412556053812,0.42857142857142855,0.03466893293673607,0.018415178571428572,0.9815848214285714,0.0,0.0,0.0,0.9830729166666666,0.9801784687679657,0.8573614123871988,0.000980558656240702,0.034343989801784686,cic_ids2017_v2,dnn_5class_smote,stable
DoS,Normal,block_greedy,201,0.005024246363045543,7854,1.0,0.9806778983152528,0.006915957162065495,-2.499625056240351e-05,0.004894350857501315,True,0.9801034818906691,0.85729034118261,0.005867745421556698,0.985164681367213,0.9815848214285714,0.9079181494661922,0.9596412556053812,0.42857142857142855,0.03466893293673607,0.018415178571428572,0.9815848214285714,0.0,0.0,0.0,0.9830729166666666,0.9801784687679657,0.8573614123871988,0.000980558656240702,0.034343989801784686,cic_ids2017_v2,dnn_5class_smote,stable
DoS,Normal,block_greedy,201,0.005024246363045543,7854,1.0,0.9806778983152528,0.006915957162065495,-2.499625056240351e-05,0.004894350857501315,True,0.9801034818906691,0.85729034118261,0.005867745421556698,0.985164681367213,0.9815848214285714,0.9079181494661922,0.9596412556053812,0.42857142857142855,0.03466893293673607,0.018415178571428572,0.9815848214285714,0.0,0.0,0.0,0.9830729166666666,0.9801784687679657,0.8573614123871988,0.000980558656240702,0.034343989801784686,cic_ids2017_v2,dnn_5class_smote,stable
DoS,Normal,block_greedy,402,0.010048492726091086,7854,1.0,0.9806778983152528,0.01195089089288299,-2.499625056240351e-05,0.00992928458831881,True,0.9801034818906691,0.85729034118261,0.010923473478115356,0.985164681367213,0.9815848214285714,0.9079181494661922,0.9596412556053812,0.42857142857142855,0.03466893293673607,0.018415178571428572,0.9815848214285714,0.0,0.0,0.0,0.9830729166666666,0.9801784687679657,0.8573614123871988,0.000980558656240702,0.034343989801784686,cic_ids2017_v2,dnn_5class_smote,stable
DoS,Normal,block_greedy,804,0.02009698545218217,7854,1.0,0.9806778983152528,0.021844093460630418,-2.499625056240351e-05,0.019822487156066236,False,0.9801034818906691,0.85729034118261,0.021051295300905604,0.985164681367213,0.9815848214285714,0.9079181494661922,0.9596412556053812,0.42857142857142855,0.03466893293673607,0.018415178571428572,0.9815848214285714,0.0,0.0,0.0,0.9830729166666666,0.9801784687679657,0.8573614123871988,0.000980558656240702,0.034343989801784686,cic_ids2017_v2,dnn_5class_smote,stable
DoS,Normal,block_greedy,2010,0.05024246363045543,7854,1.0,0.9806778983152528,0.052635531563550574,-2.499625056240351e-05,0.05061392525898639,False,0.9801034818906691,0.85729034118261,0.052216793528683324,0.985164681367213,0.9815848214285714,0.9079181494661922,0.9596412556053812,0.42857142857142855,0.03466893293673607,0.018415178571428572,0.9815848214285714,0.0,0.0,0.0,0.9830729166666666,0.9801784687679657,0.8573614123871988,0.000980558656240702,0.034343989801784686,cic_ids2017_v2,dnn_5class_smote,stable
DoS,Normal,block_greedy,4001,0.10000999850022496,7854,1.0,0.8547467879818027,0.1100101149922988,-0.12595610658401246,0.10798850868773463,False,0.8541255280325943,0.6538212711764405,0.10944374115778072,0.9929089043013094,0.0,0.9074733096085409,0.9103139013452914,0.42857142857142855,0.17314469967755644,1.0,0.0,0.0,0.0,0.0,0.9830729166666666,0.9801784687679657,0.8573614123871988,0.000980558656240702,0.034343989801784686,cic_ids2017_v2,dnn_5class_smote,stable
DoS,Normal,block_greedy_stealth,22,0.000549917512373144,22,0.6363636363636364,0.9807028945658152,0.001822124019225648,0.0,-0.00019948228533853184,True,0.9801784687679657,0.8573614123871988,0.000821638388460789,0.9850091748825927,0.9830729166666666,0.9079181494661922,0.9596412556053812,0.42857142857142855,0.034343989801784686,0.016927083333333332,0.9830729166666666,0.0,0.0,0.0,0.9830729166666666,0.9801784687679657,0.8573614123871988,0.000980558656240702,0.034343989801784686,cic_ids2017_v2,dnn_5class_smote,stable
DoS,Normal,random,201,0.005024246363045543,7854,0.6716417910447762,0.9807028945658152,0.006243595305694181,0.0,0.004221989001130001,True,0.9801534731422001,0.8573097747782228,0.006121254077201488,0.9850091748825927,0.9830729166666666,0.9074733096085409,0.9596412556053812,0.42857142857142855,0.03436898542755018,0.016927083333333332,0.9830729166666666,0.0,0.0,0.0,0.9830729166666666,0.9801784687679657,0.8573614123871988,0.000980558656240702,0.034343989801784686,cic_ids2017_v2,dnn_5class_smote,stable
DoS,Normal,random,201,0.005024246363045543,7854,0.6716417910447762,0.9807028945658152,0.006243595305694181,0.0,0.004221989001130001,True,0.9801534731422001,0.8573097747782228,0.006121254077201488,0.9850091748825927,0.9830729166666666,0.9074733096085409,0.9596412556053812,0.42857142857142855,0.03436898542755018,0.016927083333333332,0.9830729166666666,0.0,0.0,0.0,0.9830729166666666,0.9801784687679657,0.8573614123871988,0.000980558656240702,0.034343989801784686,cic_ids2017_v2,dnn_5class_smote,stable
DoS,Normal,random,201,0.005024246363045543,7854,0.6716417910447762,0.9807028945658152,0.006243595305694181,0.0,0.004221989001130001,True,0.9801534731422001,0.8573097747782228,0.006121254077201488,0.9850091748825927,0.9830729166666666,0.9074733096085409,0.9596412556053812,0.42857142857142855,0.03436898542755018,0.016927083333333332,0.9830729166666666,0.0,0.0,0.0,0.9830729166666666,0.9801784687679657,0.8573614123871988,0.000980558656240702,0.034343989801784686,cic_ids2017_v2,dnn_5class_smote,stable
DoS,Normal,random,402,0.010048492726091086,7854,0.6990049751243781,0.9806778983152528,0.010551487803044254,-2.499625056240351e-05,0.008529881498480075,True,0.9802284600194966,0.8574059405989608,0.01029185637401023,0.9852268839610612,0.9830729166666666,0.905693950177936,0.9596412556053812,0.42857142857142855,0.03464393731097058,0.016927083333333332,0.9830729166666666,0.0,0.0,0.0,0.9830729166666666,0.9801784687679657,0.8573614123871988,0.000980558656240702,0.034343989801784686,cic_ids2017_v2,dnn_5class_smote,stable
DoS,Normal,random,804,0.02009698545218217,7854,0.6965174129353234,0.9794280857871319,0.01825318087215442,-0.0012748087786832452,0.016231574567590237,False,0.9782288099582573,0.8553869700027917,0.01977882694175586,0.9913538394551052,0.9315476190476191,0.905693950177936,0.9596412556053812,0.42857142857142855,0.04651685954957882,0.06845238095238096,0.9315476190476191,0.0,0.0,0.0,0.9830729166666666,0.9801784687679657,0.8573614123871988,0.000980558656240702,0.034343989801784686,cic_ids2017_v2,dnn_5class_smote,stable
DoS,Normal,random,2010,0.05024246363045543,7854,0.6786069651741293,0.9787781832725091,0.04458454130182635,-0.0019247112933060695,0.042562934997262165,False,0.9783537880870847,0.8602231577338628,0.04374659919293907,0.9932199172705501,0.9302455357142857,0.8883451957295374,0.9192825112107623,0.42857142857142855,0.04939135651261029,0.06975446428571429,0.9302455357142857,0.0,0.0,0.0,0.9830729166666666,0.9801784687679657,0.8573614123871988,0.000980558656240702,0.034343989801784686,cic_ids2017_v2,dnn_5class_smote,stable
DoS,Normal,random,4001,0.10000999850022496,7854,0.6760809797550612,0.8359496075588662,0.06898760712495604,-0.144753287006949,0.06696600082039186,False,0.8352538305796485,0.41208259719138046,0.06987820348803772,1.0,0.22340029761904762,0.0071174377224199285,0.19730941704035873,0.2857142857142857,0.20341440247956608,0.7765997023809523,0.22340029761904762,0.0,0.0,0.0,0.9830729166666666,0.9801784687679657,0.8573614123871988,0.000980558656240702,0.034343989801784686,cic_ids2017_v2,dnn_5class_smote,stable
DoS,Normal,highest_pt,201,0.005024246363045543,7854,1.0,0.9807028945658152,0.007048019517733067,0.0,0.0050264132131688875,True,0.9801784687679657,0.8573614123871988,0.006011593749848959,0.9850091748825927,0.9830729166666666,0.9079181494661922,0.9596412556053812,0.42857142857142855,0.034343989801784686,0.016927083333333332,0.9830729166666666,0.0,0.0,0.0,0.9830729166666666,0.9801784687679657,0.8573614123871988,0.000980558656240702,0.034343989801784686,cic_ids2017_v2,dnn_5class_smote,stable
DoS,Normal,highest_pt,201,0.005024246363045543,7854,1.0,0.9807028945658152,0.007048019517733067,0.0,0.0050264132131688875,True,0.9801784687679657,0.8573614123871988,0.006011593749848959,0.9850091748825927,0.9830729166666666,0.9079181494661922,0.9596412556053812,0.42857142857142855,0.034343989801784686,0.016927083333333332,0.9830729166666666,0.0,0.0,0.0,0.9830729166666666,0.9801784687679657,0.8573614123871988,0.000980558656240702,0.034343989801784686,cic_ids2017_v2,dnn_5class_smote,stable
DoS,Normal,highest_pt,201,0.005024246363045543,7854,1.0,0.9807028945658152,0.007048019517733067,0.0,0.0050264132131688875,True,0.9801784687679657,0.8573614123871988,0.006011593749848959,0.9850091748825927,0.9830729166666666,0.9079181494661922,0.9596412556053812,0.42857142857142855,0.034343989801784686,0.016927083333333332,0.9830729166666666,0.0,0.0,0.0,0.9830729166666666,0.9801784687679657,0.8573614123871988,0.000980558656240702,0.034343989801784686,cic_ids2017_v2,dnn_5class_smote,stable
DoS,Normal,highest_pt,402,0.010048492726091086,7854,1.0,0.9807028945658152,0.01208312194518491,0.0,0.01006151564062073,False,0.9801784687679657,0.8573614123871988,0.011067543483711263,0.9850091748825927,0.9830729166666666,0.9079181494661922,0.9596412556053812,0.42857142857142855,0.034343989801784686,0.016927083333333332,0.9830729166666666,0.0,0.0,0.0,0.9830729166666666,0.9801784687679657,0.8573614123871988,0.000980558656240702,0.034343989801784686,cic_ids2017_v2,dnn_5class_smote,stable
DoS,Normal,highest_pt,804,0.02009698545218217,7854,1.0,0.9807028945658152,0.02189605262941248,0.0,0.019874446324848298,False,0.9801784687679657,0.8573614123871988,0.02119561365310786,0.9850091748825927,0.9830729166666666,0.9079181494661922,0.9596412556053812,0.42857142857142855,0.034343989801784686,0.016927083333333332,0.9830729166666666,0.0,0.0,0.0,0.9830729166666666,0.9801784687679657,0.8573614123871988,0.000980558656240702,0.034343989801784686,cic_ids2017_v2,dnn_5class_smote,stable
DoS,Normal,highest_pt,2010,0.05024246363045543,7854,1.0,0.9807028945658152,0.052774090512011616,0.0,0.050752484207447435,False,0.9801784687679657,0.8573614123871988,0.05236379187894999,0.9850091748825927,0.9830729166666666,0.9079181494661922,0.9596412556053812,0.42857142857142855,0.034343989801784686,0.016927083333333332,0.9830729166666666,0.0,0.0,0.0,0.9830729166666666,0.9801784687679657,0.8573614123871988,0.000980558656240702,0.034343989801784686,cic_ids2017_v2,dnn_5class_smote,stable
DoS,Normal,highest_pt,4001,0.10000999850022496,7854,1.0,0.8547467879818027,0.11001049732964228,-0.12595610658401246,0.10798889102507811,False,0.8541255280325943,0.6538212711764405,0.10944607581211782,0.9929089043013094,0.0,0.9074733096085409,0.9103139013452914,0.42857142857142855,0.17314469967755644,1.0,0.0,0.0,0.0,0.0,0.9830729166666666,0.9801784687679657,0.8573614123871988,0.000980558656240702,0.034343989801784686,cic_ids2017_v2,dnn_5class_smote,stable
