dataset,model,calibrator,target_risk,per_class_thresholds,coverage,achieved_risk,risk_met,thr_Normal,thr_DoS,thr_Probe,thr_R2L,thr_U2R,cov_Normal,cov_DoS,cov_Probe,cov_R2L,cov_U2R,risk_Normal,risk_DoS,risk_Probe,risk_R2L,risk_U2R
nsl_kdd_v2,rf_5class_cw,raw,0.02,True,0.9457061745919092,0.2270168855534709,False,0.61,0.47000000000000003,0.515,0.48,0.47000000000000003,0.9267377170051612,0.9925131870001701,0.9504036908881199,0.9090909090909091,1.0,0.3174453927383191,0.039259386250642896,0.1328883495145631,0.1,0.6666666666666666
nsl_kdd_v2,rf_5class_cw,raw,0.02,False,0.9920156139105749,0.26193883026292253,False,0.47000000000000003,0.47000000000000003,0.47000000000000003,0.47000000000000003,0.47000000000000003,0.9939003954688652,0.9925131870001701,0.9746251441753172,0.9090909090909091,1.0,0.3622201240895603,0.039259386250642896,0.15088757396449703,0.1,0.6666666666666666
nsl_kdd_v2,rf_5class_cw,raw,0.05,True,0.9457061745919092,0.2270168855534709,False,0.61,0.47000000000000003,0.515,0.48,0.47000000000000003,0.9267377170051612,0.9925131870001701,0.9504036908881199,0.9090909090909091,1.0,0.3174453927383191,0.039259386250642896,0.1328883495145631,0.1,0.6666666666666666
nsl_kdd_v2,rf_5class_cw,raw,0.05,False,0.9920156139105749,0.26193883026292253,False,0.47000000000000003,0.47000000000000003,0.47000000000000003,0.47000000000000003,0.47000000000000003,0.9939003954688652,0.9925131870001701,0.9746251441753172,0.9090909090909091,1.0,0.3622201240895603,0.039259386250642896,0.15088757396449703,0.1,0.6666666666666666
nsl_kdd_v2,rf_5class_cw,raw,0.1,True,0.9457061745919092,0.2270168855534709,False,0.61,0.47000000000000003,0.515,0.48,0.47000000000000003,0.9267377170051612,0.9925131870001701,0.9504036908881199,0.9090909090909091,1.0,0.3174453927383191,0.039259386250642896,0.1328883495145631,0.1,0.6666666666666666
nsl_kdd_v2,rf_5class_cw,raw,0.1,False,0.9920156139105749,0.26193883026292253,False,0.47000000000000003,0.47000000000000003,0.47000000000000003,0.47000000000000003,0.47000000000000003,0.9939003954688652,0.9925131870001701,0.9746251441753172,0.9090909090909091,1.0,0.3622201240895603,0.039259386250642896,0.15088757396449703,0.1,0.6666666666666666
nsl_kdd_v2,rf_5class_cw,temperature,0.02,True,0.9516057487579844,0.23236843331934928,False,0.697191311809556,0.5331818096326648,0.5565686192051194,0.5179919799945076,0.5179919799945076,0.9352503519002614,0.990131019227497,0.9619377162629758,0.9090909090909091,1.0,0.32351465634630544,0.0393538408661282,0.1432853717026379,0.1,0.6666666666666666
nsl_kdd_v2,rf_5class_cw,temperature,0.02,False,0.993346344925479,0.26292756988479055,False,0.5179919799945076,0.5179919799945076,0.5179919799945076,0.5179919799945076,0.5179919799945076,0.9961123399691668,0.9926833418410754,0.972318339100346,0.9090909090909091,1.0,0.36363636363636365,0.03925265683921837,0.1494661921708185,0.1,0.6666666666666666
nsl_kdd_v2,rf_5class_cw,temperature,0.05,True,0.9516057487579844,0.23236843331934928,False,0.697191311809556,0.5331818096326648,0.5565686192051194,0.5179919799945076,0.5179919799945076,0.9352503519002614,0.990131019227497,0.9619377162629758,0.9090909090909091,1.0,0.32351465634630544,0.0393538408661282,0.1432853717026379,0.1,0.6666666666666666
nsl_kdd_v2,rf_5class_cw,temperature,0.05,False,0.993346344925479,0.26292756988479055,False,0.5179919799945076,0.5179919799945076,0.5179919799945076,0.5179919799945076,0.5179919799945076,0.9961123399691668,0.9926833418410754,0.972318339100346,0.9090909090909091,1.0,0.36363636363636365,0.03925265683921837,0.1494661921708185,0.1,0.6666666666666666
nsl_kdd_v2,rf_5class_cw,temperature,0.1,True,0.9516057487579844,0.23236843331934928,False,0.697191311809556,0.5331818096326648,0.5565686192051194,0.5179919799945076,0.5179919799945076,0.9352503519002614,0.990131019227497,0.9619377162629758,0.9090909090909091,1.0,0.32351465634630544,0.0393538408661282,0.1432853717026379,0.1,0.6666666666666666
nsl_kdd_v2,rf_5class_cw,temperature,0.1,False,0.993346344925479,0.26292756988479055,False,0.5179919799945076,0.5179919799945076,0.5179919799945076,0.5179919799945076,0.5179919799945076,0.9961123399691668,0.9926833418410754,0.972318339100346,0.9090909090909091,1.0,0.36363636363636365,0.03925265683921837,0.1494661921708185,0.1,0.6666666666666666
nsl_kdd_v2,rf_5class_cw,perclass_isotonic_renorm,0.02,True,0.9476579134137686,0.22224302565062723,False,0.5262120538733551,0.8468309859154931,0.5978835978835979,0.8227848101265822,0.5262120538733551,0.9954941860465116,0.8843231508761048,0.9004629629629629,0.043209876543209874,0.8461538461538461,0.31179734267776316,0.04032965106084517,0.1249357326478149,0.0,0.36363636363636365
nsl_kdd_v2,rf_5class_cw,perclass_isotonic_renorm,0.02,False,0.9944996451383961,0.21489741302408563,False,0.5262120538733551,0.5262120538733551,0.5262120538733551,0.5262120538733551,0.5262120538733551,0.9954941860465116,0.9950379903861064,0.9875,0.9938271604938271,0.8461538461538461,0.31179734267776316,0.03630980208820321,0.1420534458509142,0.043478260869565216,0.36363636363636365
nsl_kdd_v2,rf_5class_cw,perclass_isotonic_renorm,0.05,True,0.9539123491838183,0.22097186700767263,False,0.5262120538733551,0.8468309859154931,0.5978835978835979,0.6129032258064516,0.5262120538733551,0.9954941860465116,0.8843231508761048,0.9004629629629629,0.9135802469135802,0.8461538461538461,0.31179734267776316,0.04032965106084517,0.1249357326478149,0.02702702702702703,0.36363636363636365
nsl_kdd_v2,rf_5class_cw,perclass_isotonic_renorm,0.05,False,0.9944996451383961,0.21489741302408563,False,0.5262120538733551,0.5262120538733551,0.5262120538733551,0.5262120538733551,0.5262120538733551,0.9954941860465116,0.9950379903861064,0.9875,0.9938271604938271,0.8461538461538461,0.31179734267776316,0.03630980208820321,0.1420534458509142,0.043478260869565216,0.36363636363636365
nsl_kdd_v2,rf_5class_cw,perclass_isotonic_renorm,0.1,True,0.9540010645848119,0.22095131817547775,False,0.5262120538733551,0.8468309859154931,0.5978835978835979,0.6,0.5262120538733551,0.9954941860465116,0.8843231508761048,0.9004629629629629,0.9259259259259259,0.8461538461538461,0.31179734267776316,0.04032965106084517,0.1249357326478149,0.02666666666666667,0.36363636363636365
nsl_kdd_v2,rf_5class_cw,perclass_isotonic_renorm,0.1,False,0.9944996451383961,0.21489741302408563,False,0.5262120538733551,0.5262120538733551,0.5262120538733551,0.5262120538733551,0.5262120538733551,0.9954941860465116,0.9950379903861064,0.9875,0.9938271604938271,0.8461538461538461,0.31179734267776316,0.03630980208820321,0.1420534458509142,0.043478260869565216,0.36363636363636365
nsl_kdd_v2,rf_5class_cw,toplabel_isotonic,0.02,True,0.9458392476933996,0.2269849458331379,False,0.6052631626315789,0.6052630226315789,0.6052630676315789,0.6052630326315789,0.6052630226315789,0.9267377170051612,0.9930236515228859,0.9504036908881199,0.9090909090909091,1.0,0.3174453927383191,0.03923920493488691,0.1328883495145631,0.1,0.6666666666666666
nsl_kdd_v2,rf_5class_cw,toplabel_isotonic,0.02,False,0.9927253371185237,0.2622877569258266,False,0.6052630226315789,0.6052630226315789,0.6052630226315789,0.6052630226315789,0.6052630226315789,0.9946377103022991,0.9930236515228859,0.9757785467128027,0.9090909090909091,1.0,0.3626929038344902,0.03923920493488691,0.15130023640661938,0.1,0.6666666666666666
nsl_kdd_v2,rf_5class_cw,toplabel_isotonic,0.05,True,0.9458392476933996,0.2269849458331379,False,0.6052631626315789,0.6052630226315789,0.6052630676315789,0.6052630326315789,0.6052630226315789,0.9267377170051612,0.9930236515228859,0.9504036908881199,0.9090909090909091,1.0,0.3174453927383191,0.03923920493488691,0.1328883495145631,0.1,0.6666666666666666
nsl_kdd_v2,rf_5class_cw,toplabel_isotonic,0.05,False,0.9927253371185237,0.2622877569258266,False,0.6052630226315789,0.6052630226315789,0.6052630226315789,0.6052630226315789,0.6052630226315789,0.9946377103022991,0.9930236515228859,0.9757785467128027,0.9090909090909091,1.0,0.3626929038344902,0.03923920493488691,0.15130023640661938,0.1,0.6666666666666666
nsl_kdd_v2,rf_5class_cw,toplabel_isotonic,0.1,True,0.9458392476933996,0.2269849458331379,False,0.6052631626315789,0.6052630226315789,0.6052630676315789,0.6052630326315789,0.6052630226315789,0.9267377170051612,0.9930236515228859,0.9504036908881199,0.9090909090909091,1.0,0.3174453927383191,0.03923920493488691,0.1328883495145631,0.1,0.6666666666666666
nsl_kdd_v2,rf_5class_cw,toplabel_isotonic,0.1,False,0.9927253371185237,0.2622877569258266,False,0.6052630226315789,0.6052630226315789,0.6052630226315789,0.6052630226315789,0.6052630226315789,0.9946377103022991,0.9930236515228859,0.9757785467128027,0.9090909090909091,1.0,0.3626929038344902,0.03923920493488691,0.15130023640661938,0.1,0.6666666666666666
nsl_kdd_v2,rf_5class_cw,cctl,0.02,True,0.9458392476933996,0.2269849458331379,False,0.40000021,0.6052630226315789,0.7857140149999999,0.49999998,0.40000021,0.9267377170051612,0.9930236515228859,0.9504036908881199,0.9090909090909091,1.0,0.3174453927383191,0.03923920493488691,0.1328883495145631,0.1,0.6666666666666666
nsl_kdd_v2,rf_5class_cw,cctl,0.02,False,0.9497427253371186,0.22936808182709822,False,0.40000021,0.40000021,0.40000021,0.40000021,0.40000021,0.9267377170051612,0.9931938063637911,1.0,1.0,1.0,0.3174453927383191,0.03923248243960939,0.16724336793540945,0.09090909090909091,0.6666666666666666
nsl_kdd_v2,rf_5class_cw,cctl,0.05,True,0.9458392476933996,0.2269849458331379,False,0.40000021,0.6052630226315789,0.7857140149999999,0.49999998,0.40000021,0.9267377170051612,0.9930236515228859,0.9504036908881199,0.9090909090909091,1.0,0.3174453927383191,0.03923920493488691,0.1328883495145631,0.1,0.6666666666666666
nsl_kdd_v2,rf_5class_cw,cctl,0.05,False,0.9497427253371186,0.22936808182709822,False,0.40000021,0.40000021,0.40000021,0.40000021,0.40000021,0.9267377170051612,0.9931938063637911,1.0,1.0,1.0,0.3174453927383191,0.03923248243960939,0.16724336793540945,0.09090909090909091,0.6666666666666666
nsl_kdd_v2,rf_5class_cw,cctl,0.1,True,0.9458392476933996,0.2269849458331379,False,0.40000021,0.6052630226315789,0.7857140149999999,0.49999998,0.40000021,0.9267377170051612,0.9930236515228859,0.9504036908881199,0.9090909090909091,1.0,0.3174453927383191,0.03923920493488691,0.1328883495145631,0.1,0.6666666666666666
nsl_kdd_v2,rf_5class_cw,cctl,0.1,False,0.9497427253371186,0.22936808182709822,False,0.40000021,0.40000021,0.40000021,0.40000021,0.40000021,0.9267377170051612,0.9931938063637911,1.0,1.0,1.0,0.3174453927383191,0.03923248243960939,0.16724336793540945,0.09090909090909091,0.6666666666666666
nsl_kdd_v2,rf_5class_cw,cctl_shrunk,0.02,True,0.9458392476933996,0.2269849458331379,False,0.40000021,0.6052630226315789,0.7857140149999999,0.49999998,0.40000021,0.9267377170051612,0.9930236515228859,0.9504036908881199,0.9090909090909091,1.0,0.3174453927383191,0.03923920493488691,0.1328883495145631,0.1,0.6666666666666666
nsl_kdd_v2,rf_5class_cw,cctl_shrunk,0.02,False,0.9497427253371186,0.22936808182709822,False,0.40000021,0.40000021,0.40000021,0.40000021,0.40000021,0.9267377170051612,0.9931938063637911,1.0,1.0,1.0,0.3174453927383191,0.03923248243960939,0.16724336793540945,0.09090909090909091,0.6666666666666666
nsl_kdd_v2,rf_5class_cw,cctl_shrunk,0.05,True,0.9458392476933996,0.2269849458331379,False,0.40000021,0.6052630226315789,0.7857140149999999,0.49999998,0.40000021,0.9267377170051612,0.9930236515228859,0.9504036908881199,0.9090909090909091,1.0,0.3174453927383191,0.03923920493488691,0.1328883495145631,0.1,0.6666666666666666
nsl_kdd_v2,rf_5class_cw,cctl_shrunk,0.05,False,0.9497427253371186,0.22936808182709822,False,0.40000021,0.40000021,0.40000021,0.40000021,0.40000021,0.9267377170051612,0.9931938063637911,1.0,1.0,1.0,0.3174453927383191,0.03923248243960939,0.16724336793540945,0.09090909090909091,0.6666666666666666
nsl_kdd_v2,rf_5class_cw,cctl_shrunk,0.1,True,0.9458392476933996,0.2269849458331379,False,0.40000021,0.6052630226315789,0.7857140149999999,0.49999998,0.40000021,0.9267377170051612,0.9930236515228859,0.9504036908881199,0.9090909090909091,1.0,0.3174453927383191,0.03923920493488691,0.1328883495145631,0.1,0.6666666666666666
nsl_kdd_v2,rf_5class_cw,cctl_shrunk,0.1,False,0.9497427253371186,0.22936808182709822,False,0.40000021,0.40000021,0.40000021,0.40000021,0.40000021,0.9267377170051612,0.9931938063637911,1.0,1.0,1.0,0.3174453927383191,0.03923248243960939,0.16724336793540945,0.09090909090909091,0.6666666666666666
nsl_kdd_v2,rf_5class_cw,dirichlet,0.02,True,0.9586142654364798,0.2249780204525473,False,0.5928413310760713,0.6289001636407934,0.5757564426686532,0.9407509084902943,0.5757564426686532,0.9633361321018752,0.9727956473035686,0.9492911668484187,0.08666666666666667,0.5263157894736842,0.3170395119116793,0.03767066951801283,0.15163699023549684,0.0,0.4
nsl_kdd_v2,rf_5class_cw,dirichlet,0.02,False,0.9669978708303761,0.2270183486238532,False,0.5757564426686532,0.5757564426686532,0.5757564426686532,0.5757564426686532,0.5757564426686532,0.9691435768261965,0.9787165946551448,0.9492911668484187,0.5466666666666666,0.5263157894736842,0.3210598512742762,0.03793328973185088,0.15163699023549684,0.024390243902439025,0.4
nsl_kdd_v2,rf_5class_cw,dirichlet,0.05,True,0.9610539389638041,0.22449921536047263,False,0.5928413310760713,0.6289001636407934,0.5757564426686532,0.6379449756465988,0.5757564426686532,0.9633361321018752,0.9727956473035686,0.9492911668484187,0.4533333333333333,0.5263157894736842,0.3170395119116793,0.03767066951801283,0.15163699023549684,0.029411764705882353,0.4
nsl_kdd_v2,rf_5class_cw,dirichlet,0.05,False,0.9669978708303761,0.2270183486238532,False,0.5757564426686532,0.5757564426686532,0.5757564426686532,0.5757564426686532,0.5757564426686532,0.9691435768261965,0.9787165946551448,0.9492911668484187,0.5466666666666666,0.5263157894736842,0.3210598512742762,0.03793328973185088,0.15163699023549684,0.024390243902439025,0.4
nsl_kdd_v2,rf_5class_cw,dirichlet,0.1,True,0.9610539389638041,0.22449921536047263,False,0.5928413310760713,0.6289001636407934,0.5757564426686532,0.6379449756465988,0.5757564426686532,0.9633361321018752,0.9727956473035686,0.9492911668484187,0.4533333333333333,0.5263157894736842,0.3170395119116793,0.03767066951801283,0.15163699023549684,0.029411764705882353,0.4
nsl_kdd_v2,rf_5class_cw,dirichlet,0.1,False,0.9669978708303761,0.2270183486238532,False,0.5757564426686532,0.5757564426686532,0.5757564426686532,0.5757564426686532,0.5757564426686532,0.9691435768261965,0.9787165946551448,0.9492911668484187,0.5466666666666666,0.5263157894736842,0.3210598512742762,0.03793328973185088,0.15163699023549684,0.024390243902439025,0.4
nsl_kdd_v2,xgb_5class_cw,raw,0.02,True,0.940250177430802,0.20833136764636506,False,0.7001485627437437,0.9676850477150613,0.9505817617254652,0.9983251557029573,0.5618041787124254,0.9781592403214024,0.924412352127823,0.7994310099573257,0.3761904761904762,0.9230769230769231,0.29594503771189606,0.035067309290344024,0.1387900355871886,0.012658227848101266,0.2916666666666667
nsl_kdd_v2,xgb_5class_cw,raw,0.02,False,0.9923261178140526,0.2128201689687542,False,0.5618041787124254,0.5618041787124254,0.5618041787124254,0.5618041787124254,0.5618041787124254,0.9934989043097151,0.9960055308035028,0.9758179231863442,0.9761904761904762,0.9230769230769231,0.30666862730681566,0.0354774024371433,0.17006802721088435,0.014634146341463415,0.2916666666666667
nsl_kdd_v2,xgb_5class_cw,raw,0.05,True,0.9458392476933996,0.2071941096468602,False,0.7001485627437437,0.9676850477150613,0.9505817617254652,0.5618041787124254,0.5618041787124254,0.9781592403214024,0.924412352127823,0.7994310099573257,0.9761904761904762,0.9230769230769231,0.29594503771189606,0.035067309290344024,0.1387900355871886,0.014634146341463415,0.2916666666666667
nsl_kdd_v2,xgb_5class_cw,raw,0.05,False,0.9923261178140526,0.2128201689687542,False,0.5618041787124254,0.5618041787124254,0.5618041787124254,0.5618041787124254,0.5618041787124254,0.9934989043097151,0.9960055308035028,0.9758179231863442,0.9761904761904762,0.9230769230769231,0.30666862730681566,0.0354774024371433,0.17006802721088435,0.014634146341463415,0.2916666666666667
nsl_kdd_v2,xgb_5class_cw,raw,0.1,True,0.9458392476933996,0.2071941096468602,False,0.7001485627437437,0.9676850477150613,0.9505817617254652,0.5618041787124254,0.5618041787124254,0.9781592403214024,0.924412352127823,0.7994310099573257,0.9761904761904762,0.9230769230769231,0.29594503771189606,0.035067309290344024,0.1387900355871886,0.014634146341463415,0.2916666666666667
nsl_kdd_v2,xgb_5class_cw,raw,0.1,False,0.9923261178140526,0.2128201689687542,False,0.5618041787124254,0.5618041787124254,0.5618041787124254,0.5618041787124254,0.5618041787124254,0.9934989043097151,0.9960055308035028,0.9758179231863442,0.9761904761904762,0.9230769230769231,0.30666862730681566,0.0354774024371433,0.17006802721088435,0.014634146341463415,0.2916666666666667
nsl_kdd_v2,xgb_5class_cw,temperature,0.02,True,0.9401171043293116,0.20831367368123055,False,0.6861619608653815,0.9589716189064318,0.9389332789653453,0.997297752506864,0.5561800658357546,0.9780131482834186,0.924412352127823,0.7999051683262209,0.36666666666666664,0.9230769230769231,0.2958398685488087,0.035067309290344024,0.13930053349140487,0.012987012987012988,0.2916666666666667
nsl_kdd_v2,xgb_5class_cw,temperature,0.02,False,0.9923704755145494,0.21281065617736455,False,0.5561800658357546,0.5561800658357546,0.5561800658357546,0.5561800658357546,0.5561800658357546,0.9934989043097151,0.9963127976647719,0.975343764817449,0.9761904761904762,0.9230769230769231,0.30666862730681566,0.03546646106399383,0.1701507049100632,0.014634146341463415,0.2916666666666667
nsl_kdd_v2,xgb_5class_cw,temperature,0.05,True,0.9457948899929027,0.2071569271175312,False,0.6861619608653815,0.9589716189064318,0.9389332789653453,0.5561800658357546,0.5561800658357546,0.9780131482834186,0.924412352127823,0.7999051683262209,0.9761904761904762,0.9230769230769231,0.2958398685488087,0.035067309290344024,0.13930053349140487,0.014634146341463415,0.2916666666666667
nsl_kdd_v2,xgb_5class_cw,temperature,0.05,False,0.9923704755145494,0.21281065617736455,False,0.5561800658357546,0.5561800658357546,0.5561800658357546,0.5561800658357546,0.5561800658357546,0.9934989043097151,0.9963127976647719,0.975343764817449,0.9761904761904762,0.9230769230769231,0.30666862730681566,0.03546646106399383,0.1701507049100632,0.014634146341463415,0.2916666666666667
nsl_kdd_v2,xgb_5class_cw,temperature,0.1,True,0.9457948899929027,0.2071569271175312,False,0.6861619608653815,0.9589716189064318,0.9389332789653453,0.5561800658357546,0.5561800658357546,0.9780131482834186,0.924412352127823,0.7999051683262209,0.9761904761904762,0.9230769230769231,0.2958398685488087,0.035067309290344024,0.13930053349140487,0.014634146341463415,0.2916666666666667
nsl_kdd_v2,xgb_5class_cw,temperature,0.1,False,0.9923704755145494,0.21281065617736455,False,0.5561800658357546,0.5561800658357546,0.5561800658357546,0.5561800658357546,0.5561800658357546,0.9934989043097151,0.9963127976647719,0.975343764817449,0.9761904761904762,0.9230769230769231,0.30666862730681566,0.03546646106399383,0.1701507049100632,0.014634146341463415,0.2916666666666667
nsl_kdd_v2,xgb_5class_cw,perclass_isotonic_renorm,0.02,True,0.9721433640880057,0.21737543347326155,False,0.5518169582772544,0.9666666666666666,0.9610022226712467,0.5664939550949915,0.5518169582772544,0.9956366809686569,0.9571625978811608,0.8689722357525572,0.9166666666666666,0.8695652173913043,0.3108611496603608,0.034327879371190244,0.16031390134529147,0.0106951871657754,0.3
nsl_kdd_v2,xgb_5class_cw,perclass_isotonic_renorm,0.02,False,0.9952537260468417,0.21549226723715292,False,0.5518169582772544,0.5518169582772544,0.5518169582772544,0.5518169582772544,0.5518169582772544,0.9956366809686569,0.9961615231076308,0.9936678032148076,0.9705882352941176,0.8695652173913043,0.3108611496603608,0.03545006165228114,0.16715686274509803,0.010101010101010102,0.3
nsl_kdd_v2,xgb_5class_cw,perclass_isotonic_renorm,0.05,True,0.9721433640880057,0.21737543347326155,False,0.5518169582772544,0.9666666666666666,0.9610022226712467,0.5664939550949915,0.5518169582772544,0.9956366809686569,0.9571625978811608,0.8689722357525572,0.9166666666666666,0.8695652173913043,0.3108611496603608,0.034327879371190244,0.16031390134529147,0.0106951871657754,0.3
nsl_kdd_v2,xgb_5class_cw,perclass_isotonic_renorm,0.05,False,0.9952537260468417,0.21549226723715292,False,0.5518169582772544,0.5518169582772544,0.5518169582772544,0.5518169582772544,0.5518169582772544,0.9956366809686569,0.9961615231076308,0.9936678032148076,0.9705882352941176,0.8695652173913043,0.3108611496603608,0.03545006165228114,0.16715686274509803,0.010101010101010102,0.3
nsl_kdd_v2,xgb_5class_cw,perclass_isotonic_renorm,0.1,True,0.9721433640880057,0.21737543347326155,False,0.5518169582772544,0.9666666666666666,0.9610022226712467,0.5664939550949915,0.5518169582772544,0.9956366809686569,0.9571625978811608,0.8689722357525572,0.9166666666666666,0.8695652173913043,0.3108611496603608,0.034327879371190244,0.16031390134529147,0.0106951871657754,0.3
nsl_kdd_v2,xgb_5class_cw,perclass_isotonic_renorm,0.1,False,0.9952537260468417,0.21549226723715292,False,0.5518169582772544,0.5518169582772544,0.5518169582772544,0.5518169582772544,0.5518169582772544,0.9956366809686569,0.9961615231076308,0.9936678032148076,0.9705882352941176,0.8695652173913043,0.3108611496603608,0.03545006165228114,0.16715686274509803,0.010101010101010102,0.3
nsl_kdd_v2,xgb_5class_cw,toplabel_isotonic,0.02,True,0.940250177430802,0.20833136764636506,False,0.7000000001485628,0.9864864676850478,0.8750000755817617,0.997601919188465,0.6999998618041787,0.9781592403214024,0.924412352127823,0.7994310099573257,0.3761904761904762,0.9230769230769231,0.29594503771189606,0.035067309290344024,0.1387900355871886,0.012658227848101266,0.2916666666666667
nsl_kdd_v2,xgb_5class_cw,toplabel_isotonic,0.02,False,0.9923261178140526,0.2128201689687542,False,0.6999998618041787,0.6999998618041787,0.6999998618041787,0.6999998618041787,0.6999998618041787,0.9934989043097151,0.9960055308035028,0.9758179231863442,0.9761904761904762,0.9230769230769231,0.30666862730681566,0.0354774024371433,0.17006802721088435,0.014634146341463415,0.2916666666666667
nsl_kdd_v2,xgb_5class_cw,toplabel_isotonic,0.05,True,0.9458392476933996,0.2071941096468602,False,0.7000000001485628,0.9864864676850478,0.8750000755817617,0.6999998618041787,0.6999998618041787,0.9781592403214024,0.924412352127823,0.7994310099573257,0.9761904761904762,0.9230769230769231,0.29594503771189606,0.035067309290344024,0.1387900355871886,0.014634146341463415,0.2916666666666667
nsl_kdd_v2,xgb_5class_cw,toplabel_isotonic,0.05,False,0.9923261178140526,0.2128201689687542,False,0.6999998618041787,0.6999998618041787,0.6999998618041787,0.6999998618041787,0.6999998618041787,0.9934989043097151,0.9960055308035028,0.9758179231863442,0.9761904761904762,0.9230769230769231,0.30666862730681566,0.0354774024371433,0.17006802721088435,0.014634146341463415,0.2916666666666667
nsl_kdd_v2,xgb_5class_cw,toplabel_isotonic,0.1,True,0.9458392476933996,0.2071941096468602,False,0.7000000001485628,0.9864864676850478,0.8750000755817617,0.6999998618041787,0.6999998618041787,0.9781592403214024,0.924412352127823,0.7994310099573257,0.9761904761904762,0.9230769230769231,0.29594503771189606,0.035067309290344024,0.1387900355871886,0.014634146341463415,0.2916666666666667
nsl_kdd_v2,xgb_5class_cw,toplabel_isotonic,0.1,False,0.9923261178140526,0.2128201689687542,False,0.6999998618041787,0.6999998618041787,0.6999998618041787,0.6999998618041787,0.6999998618041787,0.9934989043097151,0.9960055308035028,0.9758179231863442,0.9761904761904762,0.9230769230769231,0.30666862730681566,0.0354774024371433,0.17006802721088435,0.014634146341463415,0.2916666666666667
nsl_kdd_v2,xgb_5class_cw,cctl,0.02,True,0.9403388928317956,0.20840605688947592,False,0.6666667001485628,0.9864864676850478,0.9999999505817617,0.9999999983251556,0.3333335618041787,0.9781592403214024,0.924412352127823,0.7994310099573257,0.3761904761904762,1.0,0.29594503771189606,0.035067309290344024,0.1387900355871886,0.012658227848101266,0.34615384615384615
nsl_kdd_v2,xgb_5class_cw,cctl,0.02,False,0.999778211497516,0.21571498291849683,False,0.3333335618041787,0.3333335618041787,0.3333335618041787,0.3333335618041787,0.3333335618041787,1.0,1.0,1.0,0.9761904761904762,1.0,0.31095690284879474,0.035489322476570904,0.1716453295400664,0.014634146341463415,0.34615384615384615
nsl_kdd_v2,xgb_5class_cw,cctl,0.05,True,0.9459279630943932,0.20726846424384526,False,0.6666667001485628,0.9864864676850478,0.9999999505817617,0.3333335618041787,0.3333335618041787,0.9781592403214024,0.924412352127823,0.7994310099573257,0.9761904761904762,1.0,0.29594503771189606,0.035067309290344024,0.1387900355871886,0.014634146341463415,0.34615384615384615
nsl_kdd_v2,xgb_5class_cw,cctl,0.05,False,0.999778211497516,0.21571498291849683,False,0.3333335618041787,0.3333335618041787,0.3333335618041787,0.3333335618041787,0.3333335618041787,1.0,1.0,1.0,0.9761904761904762,1.0,0.31095690284879474,0.035489322476570904,0.1716453295400664,0.014634146341463415,0.34615384615384615
nsl_kdd_v2,xgb_5class_cw,cctl,0.1,True,0.9459279630943932,0.20726846424384526,False,0.6666667001485628,0.9864864676850478,0.9999999505817617,0.3333335618041787,0.3333335618041787,0.9781592403214024,0.924412352127823,0.7994310099573257,0.9761904761904762,1.0,0.29594503771189606,0.035067309290344024,0.1387900355871886,0.014634146341463415,0.34615384615384615
nsl_kdd_v2,xgb_5class_cw,cctl,0.1,False,0.999778211497516,0.21571498291849683,False,0.3333335618041787,0.3333335618041787,0.3333335618041787,0.3333335618041787,0.3333335618041787,1.0,1.0,1.0,0.9761904761904762,1.0,0.31095690284879474,0.035489322476570904,0.1716453295400664,0.014634146341463415,0.34615384615384615
nsl_kdd_v2,xgb_5class_cw,cctl_shrunk,0.02,True,0.9403388928317956,0.20840605688947592,False,0.6672740853526444,0.9864864676850478,0.9878816883423046,0.998671422626158,0.53647278618091,0.9781592403214024,0.924412352127823,0.7994310099573257,0.3761904761904762,1.0,0.29594503771189606,0.035067309290344024,0.1387900355871886,0.012658227848101266,0.34615384615384615
nsl_kdd_v2,xgb_5class_cw,cctl_shrunk,0.02,False,0.9967175301632364,0.21544281263907433,False,0.53647278618091,0.53647278618091,0.53647278618091,0.53647278618091,0.53647278618091,1.0,1.0,0.9672830725462305,0.9761904761904762,1.0,0.31095690284879474,0.035489322476570904,0.16715686274509803,0.014634146341463415,0.34615384615384615
nsl_kdd_v2,xgb_5class_cw,cctl_shrunk,0.05,True,0.9459279630943932,0.20726846424384526,False,0.6672740853526444,0.9864864676850478,0.9878816883423046,0.53647278618091,0.53647278618091,0.9781592403214024,0.924412352127823,0.7994310099573257,0.9761904761904762,1.0,0.29594503771189606,0.035067309290344024,0.1387900355871886,0.014634146341463415,0.34615384615384615
nsl_kdd_v2,xgb_5class_cw,cctl_shrunk,0.05,False,0.9967175301632364,0.21544281263907433,False,0.53647278618091,0.53647278618091,0.53647278618091,0.53647278618091,0.53647278618091,1.0,1.0,0.9672830725462305,0.9761904761904762,1.0,0.31095690284879474,0.035489322476570904,0.16715686274509803,0.014634146341463415,0.34615384615384615
nsl_kdd_v2,xgb_5class_cw,cctl_shrunk,0.1,True,0.9459279630943932,0.20726846424384526,False,0.6672740853526444,0.9864864676850478,0.9878816883423046,0.53647278618091,0.53647278618091,0.9781592403214024,0.924412352127823,0.7994310099573257,0.9761904761904762,1.0,0.29594503771189606,0.035067309290344024,0.1387900355871886,0.014634146341463415,0.34615384615384615
nsl_kdd_v2,xgb_5class_cw,cctl_shrunk,0.1,False,0.9967175301632364,0.21544281263907433,False,0.53647278618091,0.53647278618091,0.53647278618091,0.53647278618091,0.53647278618091,1.0,1.0,0.9672830725462305,0.9761904761904762,1.0,0.31095690284879474,0.035489322476570904,0.16715686274509803,0.014634146341463415,0.34615384615384615
nsl_kdd_v2,xgb_5class_cw,dirichlet,0.02,True,0.9559084457061746,0.19665893271461718,False,0.8793990243053889,0.5399000007775739,0.9202863351831815,0.6776253093137892,0.5254221656540388,0.952974422143323,0.9989283527250459,0.8470241023118544,0.8641975308641975,0.6875,0.2838351581508516,0.035402298850574714,0.15563298490127758,0.007142857142857143,0.45454545454545453
nsl_kdd_v2,xgb_5class_cw,dirichlet,0.02,False,0.9961852377572746,0.2184522219253718,False,0.5254221656540388,0.5254221656540388,0.5254221656540388,0.5254221656540388,0.5254221656540388,0.9963046156075647,0.9990814451928965,0.9906542056074766,0.9691358024691358,0.6875,0.31381818181818183,0.03555010726325467,0.17428003972194636,0.01910828025477707,0.45454545454545453
nsl_kdd_v2,xgb_5class_cw,dirichlet,0.05,True,0.9566625266146203,0.19659665229285483,False,0.8793990243053889,0.5399000007775739,0.9202863351831815,0.5254221656540388,0.5254221656540388,0.952974422143323,0.9989283527250459,0.8470241023118544,0.9691358024691358,0.6875,0.2838351581508516,0.035402298850574714,0.15563298490127758,0.01910828025477707,0.45454545454545453
nsl_kdd_v2,xgb_5class_cw,dirichlet,0.05,False,0.9961852377572746,0.2184522219253718,False,0.5254221656540388,0.5254221656540388,0.5254221656540388,0.5254221656540388,0.5254221656540388,0.9963046156075647,0.9990814451928965,0.9906542056074766,0.9691358024691358,0.6875,0.31381818181818183,0.03555010726325467,0.17428003972194636,0.01910828025477707,0.45454545454545453
nsl_kdd_v2,xgb_5class_cw,dirichlet,0.1,True,0.9566625266146203,0.19659665229285483,False,0.8793990243053889,0.5399000007775739,0.9202863351831815,0.5254221656540388,0.5254221656540388,0.952974422143323,0.9989283527250459,0.8470241023118544,0.9691358024691358,0.6875,0.2838351581508516,0.035402298850574714,0.15563298490127758,0.01910828025477707,0.45454545454545453
nsl_kdd_v2,xgb_5class_cw,dirichlet,0.1,False,0.9961852377572746,0.2184522219253718,False,0.5254221656540388,0.5254221656540388,0.5254221656540388,0.5254221656540388,0.5254221656540388,0.9963046156075647,0.9990814451928965,0.9906542056074766,0.9691358024691358,0.6875,0.31381818181818183,0.03555010726325467,0.17428003972194636,0.01910828025477707,0.45454545454545453
nsl_kdd_v2,dnn_5class_cw,raw,0.02,True,0.951694464158978,0.20946166394779772,False,0.431490513916988,0.5412703979312846,0.799255943381385,0.9936916080840816,0.6162797650959035,0.9988613257421716,0.9983318168031544,0.8896156991005724,0.014771048744460856,0.7612781954887218,0.2697663056754336,0.049217681907944705,0.21783088235294118,0.4,0.9358024691358025
nsl_kdd_v2,dnn_5class_cw,raw,0.02,False,0.9707239176721079,0.21152440138914275,False,0.6162797650959035,0.6162797650959035,0.6162797650959035,0.6162797650959035,0.6162797650959035,0.9700691337942253,0.9966636336063087,0.9856909239574816,0.8404726735598228,0.7612781954887218,0.2514462983147481,0.048691418137553254,0.28204064703442555,0.44112478031634444,0.9358024691358025
nsl_kdd_v2,dnn_5class_cw,raw,0.05,True,0.9689496096522356,0.22180003662332906,False,0.431490513916988,0.5412703979312846,0.5033627931611697,0.9936916080840816,0.40714912939453207,0.9988613257421716,0.9983318168031544,0.9971381847914963,0.014771048744460856,0.9981203007518797,0.2697663056754336,0.049217681907944705,0.2874128741287413,0.4,0.9472693032015066
nsl_kdd_v2,dnn_5class_cw,raw,0.05,False,0.9989354151880766,0.22810834813499112,False,0.40714912939453207,0.40714912939453207,0.40714912939453207,0.40714912939453207,0.40714912939453207,0.9992679951199674,0.9996966939642099,1.0,0.982274741506647,0.9981203007518797,0.27006348689565357,0.04960558252427184,0.2874080130825838,0.43007518796992483,0.9472693032015066
nsl_kdd_v2,dnn_5class_cw,raw,0.1,True,0.9689939673527325,0.22178988326848248,False,0.431490513916988,0.5412703979312846,0.5033627931611697,0.9909858056683137,0.40714912939453207,0.9988613257421716,0.9983318168031544,0.9971381847914963,0.01624815361890694,0.9981203007518797,0.2697663056754336,0.049217681907944705,0.2874128741287413,0.36363636363636365,0.9472693032015066
nsl_kdd_v2,dnn_5class_cw,raw,0.1,False,0.9989354151880766,0.22810834813499112,False,0.40714912939453207,0.40714912939453207,0.40714912939453207,0.40714912939453207,0.40714912939453207,0.9992679951199674,0.9996966939642099,1.0,0.982274741506647,0.9981203007518797,0.27006348689565357,0.04960558252427184,0.2874080130825838,0.43007518796992483,0.9472693032015066
nsl_kdd_v2,dnn_5class_cw,temperature,0.02,True,0.9514283179559971,0.20914727959345425,False,0.4011571483849331,0.5176500883737716,0.7292260072814425,0.9791502868368959,0.5733389641919469,0.9986986579910533,0.9981801637852593,0.8916598528209322,0.014771048744460856,0.7462406015037594,0.2696473654206369,0.049073230021270134,0.218707015130674,0.4,0.9345088161209067
nsl_kdd_v2,dnn_5class_cw,temperature,0.02,False,0.9696593328601846,0.21093321134492224,False,0.5733389641919469,0.5733389641919469,0.5733389641919469,0.5733389641919469,0.5733389641919469,0.969499796665311,0.9963603275705186,0.9856909239574816,0.8301329394387001,0.7462406015037594,0.2513422818791946,0.048401826484018265,0.2824554126918291,0.4359430604982206,0.9345088161209067
nsl_kdd_v2,dnn_5class_cw,temperature,0.05,True,0.968860894251242,0.22168299606263162,False,0.4011571483849331,0.5176500883737716,0.47202731113772733,0.9791502868368959,0.3768402181308759,0.9986986579910533,0.9981801637852593,0.9979558462796402,0.014771048744460856,0.9962406015037594,0.2696473654206369,0.049073230021270134,0.28758705448586647,0.4,0.9471698113207547
nsl_kdd_v2,dnn_5class_cw,temperature,0.05,False,0.9988466997870831,0.2279509725552891,False,0.3768402181308759,0.3768402181308759,0.3768402181308759,0.3768402181308759,0.3768402181308759,0.9991866612444082,1.0,1.0,0.9793205317577548,0.9962406015037594,0.27000407000407,0.049590536851683346,0.2874080130825838,0.42835595776772245,0.9471698113207547
nsl_kdd_v2,dnn_5class_cw,temperature,0.1,True,0.9689052519517388,0.22167284713638236,False,0.4011571483849331,0.5176500883737716,0.47202731113772733,0.9710020219887951,0.3768402181308759,0.9986986579910533,0.9981801637852593,0.9979558462796402,0.01624815361890694,0.9962406015037594,0.2696473654206369,0.049073230021270134,0.28758705448586647,0.36363636363636365,0.9471698113207547
nsl_kdd_v2,dnn_5class_cw,temperature,0.1,False,0.9988466997870831,0.2279509725552891,False,0.3768402181308759,0.3768402181308759,0.3768402181308759,0.3768402181308759,0.3768402181308759,0.9991866612444082,1.0,1.0,0.9793205317577548,0.9962406015037594,0.27000407000407,0.049590536851683346,0.2874080130825838,0.42835595776772245,0.9471698113207547
nsl_kdd_v2,dnn_5class_cw,perclass_isotonic_renorm,0.02,True,0.9897090134847409,0.22732162065256364,False,0.5031929196236448,0.5538262186369024,0.5922562418664596,0.9463218575700698,0.5031929196236448,1.0,0.9980015372790162,0.9956686518678939,0.04954954954954955,1.0,0.3235336297146135,0.04636475662353666,0.13268080478520936,0.36363636363636365,0.4583333333333333
nsl_kdd_v2,dnn_5class_cw,perclass_isotonic_renorm,0.02,False,1.0,0.2252484031227821,False,0.5031929196236448,0.5031929196236448,0.5031929196236448,0.5031929196236448,0.5031929196236448,1.0,1.0,1.0,1.0,1.0,0.3235336297146135,0.046425826287471175,0.13264753654574987,0.036036036036036036,0.4583333333333333
nsl_kdd_v2,dnn_5class_cw,perclass_isotonic_renorm,0.05,True,0.9897090134847409,0.22732162065256364,False,0.5031929196236448,0.5538262186369024,0.5922562418664596,0.9463218575700698,0.5031929196236448,1.0,0.9980015372790162,0.9956686518678939,0.04954954954954955,1.0,0.3235336297146135,0.04636475662353666,0.13268080478520936,0.36363636363636365,0.4583333333333333
nsl_kdd_v2,dnn_5class_cw,perclass_isotonic_renorm,0.05,False,1.0,0.2252484031227821,False,0.5031929196236448,0.5031929196236448,0.5031929196236448,0.5031929196236448,0.5031929196236448,1.0,1.0,1.0,1.0,1.0,0.3235336297146135,0.046425826287471175,0.13264753654574987,0.036036036036036036,0.4583333333333333
nsl_kdd_v2,dnn_5class_cw,perclass_isotonic_renorm,0.1,True,0.9899751596877218,0.22726050721390806,False,0.5031929196236448,0.5538262186369024,0.5922562418664596,0.8569661215270784,0.5031929196236448,1.0,0.9980015372790162,0.9956686518678939,0.07657657657657657,1.0,0.3235336297146135,0.04636475662353666,0.13268080478520936,0.23529411764705882,0.4583333333333333
nsl_kdd_v2,dnn_5class_cw,perclass_isotonic_renorm,0.1,False,1.0,0.2252484031227821,False,0.5031929196236448,0.5031929196236448,0.5031929196236448,0.5031929196236448,0.5031929196236448,1.0,1.0,1.0,1.0,1.0,0.3235336297146135,0.046425826287471175,0.13264753654574987,0.036036036036036036,0.4583333333333333
nsl_kdd_v2,dnn_5class_cw,toplabel_isotonic,0.02,True,0.951694464158978,0.20946166394779772,False,0.3333334314905139,0.4588666271936154,0.8047618992559434,0.937500056191608,0.45886670220298253,0.9988613257421716,0.9983318168031544,0.8896156991005724,0.014771048744460856,0.7612781954887218,0.2697663056754336,0.049217681907944705,0.21783088235294118,0.4,0.9358024691358025
nsl_kdd_v2,dnn_5class_cw,toplabel_isotonic,0.02,False,0.9707239176721079,0.21152440138914275,False,0.45886670220298253,0.45886670220298253,0.45886670220298253,0.45886670220298253,0.45886670220298253,0.9700691337942253,0.9966636336063087,0.9856909239574816,0.8404726735598228,0.7612781954887218,0.2514462983147481,0.048691418137553254,0.28204064703442555,0.44112478031634444,0.9358024691358025
nsl_kdd_v2,dnn_5class_cw,toplabel_isotonic,0.05,True,0.9689496096522356,0.22180003662332906,False,0.3333334314905139,0.4588666271936154,0.4588665892860106,0.937500056191608,0.3333334071491294,0.9988613257421716,0.9983318168031544,0.9971381847914963,0.014771048744460856,0.9981203007518797,0.2697663056754336,0.049217681907944705,0.2874128741287413,0.4,0.9472693032015066
nsl_kdd_v2,dnn_5class_cw,toplabel_isotonic,0.05,False,0.9989354151880766,0.22810834813499112,False,0.3333334071491294,0.3333334071491294,0.3333334071491294,0.3333334071491294,0.3333334071491294,0.9992679951199674,0.9996966939642099,1.0,0.982274741506647,0.9981203007518797,0.27006348689565357,0.04960558252427184,0.2874080130825838,0.43007518796992483,0.9472693032015066
nsl_kdd_v2,dnn_5class_cw,toplabel_isotonic,0.1,True,0.9689939673527325,0.22178988326848248,False,0.3333334314905139,0.4588666271936154,0.4588665892860106,0.9338521972114866,0.3333334071491294,0.9988613257421716,0.9983318168031544,0.9971381847914963,0.01624815361890694,0.9981203007518797,0.2697663056754336,0.049217681907944705,0.2874128741287413,0.36363636363636365,0.9472693032015066
nsl_kdd_v2,dnn_5class_cw,toplabel_isotonic,0.1,False,0.9989354151880766,0.22810834813499112,False,0.3333334071491294,0.3333334071491294,0.3333334071491294,0.3333334071491294,0.3333334071491294,0.9992679951199674,0.9996966939642099,1.0,0.982274741506647,0.9981203007518797,0.27006348689565357,0.04960558252427184,0.2874080130825838,0.43007518796992483,0.9472693032015066
nsl_kdd_v2,dnn_5class_cw,cctl,0.02,True,0.9504968062455642,0.20879223445958559,False,0.9440554314905139,5.412703979312845e-07,0.3529416227853551,0.8846154936916081,0.03100833274919434,0.9988613257421716,0.9983318168031544,0.8896156991005724,0.014771048744460856,0.7105263157894737,0.2697663056754336,0.049217681907944705,0.21783088235294118,0.4,0.9497354497354498
nsl_kdd_v2,dnn_5class_cw,cctl,0.02,False,0.9855393896380412,0.2225672877846791,False,0.03100833274919434,0.03100833274919434,0.03100833274919434,0.03100833274919434,0.03100833274919434,1.0,0.9912041249620868,0.9971381847914963,0.8419497784342689,0.7105263157894737,0.2705978039853599,0.04681762545899633,0.2874128741287413,0.4421052631578947,0.9497354497354498
nsl_kdd_v2,dnn_5class_cw,cctl,0.05,True,0.9689496096522356,0.22180003662332906,False,0.9440554314905139,5.412703979312845e-07,0.04459778391075878,0.8846154936916081,4.0714912939453207e-07,0.9988613257421716,0.9983318168031544,0.9971381847914963,0.014771048744460856,0.9981203007518797,0.2697663056754336,0.049217681907944705,0.2874128741287413,0.4,0.9472693032015066
nsl_kdd_v2,dnn_5class_cw,cctl,0.05,False,0.9993346344925479,0.22841670735496472,False,4.0714912939453207e-07,4.0714912939453207e-07,4.0714912939453207e-07,4.0714912939453207e-07,4.0714912939453207e-07,1.0,0.9996966939642099,1.0,0.982274741506647,0.9981203007518797,0.2705978039853599,0.04960558252427184,0.2874080130825838,0.43007518796992483,0.9472693032015066
nsl_kdd_v2,dnn_5class_cw,cctl,0.1,True,0.9689939673527325,0.22178988326848248,False,0.9440554314905139,5.412703979312845e-07,0.04459778391075878,0.802325770055573,4.0714912939453207e-07,0.9988613257421716,0.9983318168031544,0.9971381847914963,0.01624815361890694,0.9981203007518797,0.2697663056754336,0.049217681907944705,0.2874128741287413,0.36363636363636365,0.9472693032015066
nsl_kdd_v2,dnn_5class_cw,cctl,0.1,False,0.9993346344925479,0.22841670735496472,False,4.0714912939453207e-07,4.0714912939453207e-07,4.0714912939453207e-07,4.0714912939453207e-07,4.0714912939453207e-07,1.0,0.9996966939642099,1.0,0.982274741506647,0.9981203007518797,0.2705978039853599,0.04960558252427184,0.2874080130825838,0.43007518796992483,0.9472693032015066
nsl_kdd_v2,dnn_5class_cw,cctl_shrunk,0.02,True,0.9504968062455642,0.20879223445958559,False,0.9440554314905139,5.412703979312845e-07,0.3529416227853551,0.8846154936916081,0.03100833274919434,0.9988613257421716,0.9983318168031544,0.8896156991005724,0.014771048744460856,0.7105263157894737,0.2697663056754336,0.049217681907944705,0.21783088235294118,0.4,0.9497354497354498
nsl_kdd_v2,dnn_5class_cw,cctl_shrunk,0.02,False,0.9855393896380412,0.2225672877846791,False,0.03100833274919434,0.03100833274919434,0.03100833274919434,0.03100833274919434,0.03100833274919434,1.0,0.9912041249620868,0.9971381847914963,0.8419497784342689,0.7105263157894737,0.2705978039853599,0.04681762545899633,0.2874128741287413,0.4421052631578947,0.9497354497354498
nsl_kdd_v2,dnn_5class_cw,cctl_shrunk,0.05,True,0.9689496096522356,0.22180003662332906,False,0.9440554314905139,5.412703979312845e-07,0.04459778391075878,0.8846154936916081,4.0714912939453207e-07,0.9988613257421716,0.9983318168031544,0.9971381847914963,0.014771048744460856,0.9981203007518797,0.2697663056754336,0.049217681907944705,0.2874128741287413,0.4,0.9472693032015066
nsl_kdd_v2,dnn_5class_cw,cctl_shrunk,0.05,False,0.9993346344925479,0.22841670735496472,False,4.0714912939453207e-07,4.0714912939453207e-07,4.0714912939453207e-07,4.0714912939453207e-07,4.0714912939453207e-07,1.0,0.9996966939642099,1.0,0.982274741506647,0.9981203007518797,0.2705978039853599,0.04960558252427184,0.2874080130825838,0.43007518796992483,0.9472693032015066
nsl_kdd_v2,dnn_5class_cw,cctl_shrunk,0.1,True,0.9689939673527325,0.22178988326848248,False,0.9440554314905139,5.412703979312845e-07,0.04459778391075878,0.802325770055573,4.0714912939453207e-07,0.9988613257421716,0.9983318168031544,0.9971381847914963,0.01624815361890694,0.9981203007518797,0.2697663056754336,0.049217681907944705,0.2874128741287413,0.36363636363636365,0.9472693032015066
nsl_kdd_v2,dnn_5class_cw,cctl_shrunk,0.1,False,0.9993346344925479,0.22841670735496472,False,4.0714912939453207e-07,4.0714912939453207e-07,4.0714912939453207e-07,4.0714912939453207e-07,4.0714912939453207e-07,1.0,0.9996966939642099,1.0,0.982274741506647,0.9981203007518797,0.2705978039853599,0.04960558252427184,0.2874080130825838,0.43007518796992483,0.9472693032015066
nsl_kdd_v2,dnn_5class_cw,dirichlet,0.02,True,0.9850514549325763,0.22812626649254739,False,0.5025724149014801,0.5512559499943851,0.5128006077143265,0.9999216623834357,0.5025724149014801,0.9994102469590859,0.9989303178484108,0.9929411764705882,0.003246753246753247,1.0,0.31850704433134175,0.046810463515374025,0.20853080568720378,1.0,0.5
nsl_kdd_v2,dnn_5class_cw,dirichlet,0.02,False,0.9991572036905607,0.2255715871254162,False,0.5025724149014801,0.5025724149014801,0.5025724149014801,0.5025724149014801,0.5025724149014801,0.9994102469590859,0.9996943765281173,0.9962352941176471,0.9967532467532467,1.0,0.31850704433134175,0.04708040354631611,0.20878601794992915,0.03908794788273615,0.5
nsl_kdd_v2,dnn_5class_cw,dirichlet,0.05,True,0.9850514549325763,0.22812626649254739,False,0.5025724149014801,0.5512559499943851,0.5128006077143265,0.9999216623834357,0.5025724149014801,0.9994102469590859,0.9989303178484108,0.9929411764705882,0.003246753246753247,1.0,0.31850704433134175,0.046810463515374025,0.20853080568720378,1.0,0.5
nsl_kdd_v2,dnn_5class_cw,dirichlet,0.05,False,0.9991572036905607,0.2255715871254162,False,0.5025724149014801,0.5025724149014801,0.5025724149014801,0.5025724149014801,0.5025724149014801,0.9994102469590859,0.9996943765281173,0.9962352941176471,0.9967532467532467,1.0,0.31850704433134175,0.04708040354631611,0.20878601794992915,0.03908794788273615,0.5
nsl_kdd_v2,dnn_5class_cw,dirichlet,0.1,True,0.997693399574166,0.2255468611061711,False,0.5025724149014801,0.5512559499943851,0.5128006077143265,0.7070007915844534,0.5025724149014801,0.9994102469590859,0.9989303178484108,0.9929411764705882,0.9285714285714286,1.0,0.31850704433134175,0.046810463515374025,0.20853080568720378,0.027972027972027972,0.5
nsl_kdd_v2,dnn_5class_cw,dirichlet,0.1,False,0.9991572036905607,0.2255715871254162,False,0.5025724149014801,0.5025724149014801,0.5025724149014801,0.5025724149014801,0.5025724149014801,0.9994102469590859,0.9996943765281173,0.9962352941176471,0.9967532467532467,1.0,0.31850704433134175,0.04708040354631611,0.20878601794992915,0.03908794788273615,0.5
nsl_kdd_v2,rf_5class_smote,raw,0.02,True,0.9709457061745919,0.2516789254876879,False,0.47,0.5125000000000001,0.665,0.805,0.47,0.9920098340503996,0.9881402543829495,0.7944526993561168,0.018867924528301886,0.8181818181818182,0.3500619578686493,0.039659071142807444,0.11845386533665836,1.0,0.5555555555555556
nsl_kdd_v2,rf_5class_smote,raw,0.02,False,0.9889549325762953,0.25342004933841666,False,0.47,0.47,0.47,0.47,0.47,0.9920098340503996,0.9944998281196288,0.9534422981674097,0.9245283018867925,0.8181818181818182,0.3500619578686493,0.03957829243000346,0.16987012987012987,0.08163265306122448,0.5555555555555556
nsl_kdd_v2,rf_5class_smote,raw,0.05,True,0.9724095102909865,0.2513912964145607,False,0.47,0.5125000000000001,0.665,0.52,0.47,0.9920098340503996,0.9881402543829495,0.7944526993561168,0.6415094339622641,0.8181818181818182,0.3500619578686493,0.039659071142807444,0.11845386533665836,0.08823529411764706,0.5555555555555556
nsl_kdd_v2,rf_5class_smote,raw,0.05,False,0.9889549325762953,0.25342004933841666,False,0.47,0.47,0.47,0.47,0.47,0.9920098340503996,0.9944998281196288,0.9534422981674097,0.9245283018867925,0.8181818181818182,0.3500619578686493,0.03957829243000346,0.16987012987012987,0.08163265306122448,0.5555555555555556
nsl_kdd_v2,rf_5class_smote,raw,0.1,True,0.9724095102909865,0.2513912964145607,False,0.47,0.5125000000000001,0.665,0.52,0.47,0.9920098340503996,0.9881402543829495,0.7944526993561168,0.6415094339622641,0.8181818181818182,0.3500619578686493,0.039659071142807444,0.11845386533665836,0.08823529411764706,0.5555555555555556
nsl_kdd_v2,rf_5class_smote,raw,0.1,False,0.9889549325762953,0.25342004933841666,False,0.47,0.47,0.47,0.47,0.47,0.9920098340503996,0.9944998281196288,0.9534422981674097,0.9245283018867925,0.8181818181818182,0.3500619578686493,0.03957829243000346,0.16987012987012987,0.08163265306122448,0.5555555555555556
nsl_kdd_v2,rf_5class_smote,temperature,0.02,True,0.9725869410929737,0.254629207333759,False,0.49829996380397557,0.6964387669121292,0.8503026513993188,0.9499255592034169,0.49829996380397557,0.9971317353001434,0.9809212787899622,0.7949479940564635,0.03773584905660377,1.0,0.35333196356413943,0.03995093744524268,0.11838006230529595,0.5,0.45454545454545453
nsl_kdd_v2,rf_5class_smote,temperature,0.02,False,0.9966731724627396,0.25586363434064713,False,0.49829996380397557,0.49829996380397557,0.49829996380397557,0.49829996380397557,0.49829996380397557,0.9971317353001434,0.9987968374011688,0.9881129271916791,0.9622641509433962,1.0,0.35333196356413943,0.03958010669420065,0.17543859649122806,0.09803921568627451,0.45454545454545453
nsl_kdd_v2,rf_5class_smote,temperature,0.05,True,0.9740507452093683,0.2544287080468145,False,0.49829996380397557,0.6964387669121292,0.8503026513993188,0.5893996637604918,0.49829996380397557,0.9971317353001434,0.9809212787899622,0.7949479940564635,0.660377358490566,1.0,0.35333196356413943,0.03995093744524268,0.11838006230529595,0.14285714285714285,0.45454545454545453
nsl_kdd_v2,rf_5class_smote,temperature,0.05,False,0.9966731724627396,0.25586363434064713,False,0.49829996380397557,0.49829996380397557,0.49829996380397557,0.49829996380397557,0.49829996380397557,0.9971317353001434,0.9987968374011688,0.9881129271916791,0.9622641509433962,1.0,0.35333196356413943,0.03958010669420065,0.17543859649122806,0.09803921568627451,0.45454545454545453
nsl_kdd_v2,rf_5class_smote,temperature,0.1,True,0.9740507452093683,0.2544287080468145,False,0.49829996380397557,0.6964387669121292,0.8503026513993188,0.5893996637604918,0.49829996380397557,0.9971317353001434,0.9809212787899622,0.7949479940564635,0.660377358490566,1.0,0.35333196356413943,0.03995093744524268,0.11838006230529595,0.14285714285714285,0.45454545454545453
nsl_kdd_v2,rf_5class_smote,temperature,0.1,False,0.9966731724627396,0.25586363434064713,False,0.49829996380397557,0.49829996380397557,0.49829996380397557,0.49829996380397557,0.49829996380397557,0.9971317353001434,0.9987968374011688,0.9881129271916791,0.9622641509433962,1.0,0.35333196356413943,0.03958010669420065,0.17543859649122806,0.09803921568627451,0.45454545454545453
nsl_kdd_v2,rf_5class_smote,perclass_isotonic_renorm,0.02,True,0.9814141234918382,0.2248135593220339,False,0.5665694849368319,0.5454545454545454,0.8535564853556485,1.0,0.5454545454545454,0.9975008925383791,0.9980155701419631,0.8301398239254273,0.023255813953488372,0.9285714285714286,0.32455261274158914,0.03777913735087183,0.11665626949469744,0.0,0.46153846153846156
nsl_kdd_v2,rf_5class_smote,perclass_isotonic_renorm,0.02,False,0.993346344925479,0.2242564972760561,False,0.5454545454545454,0.5454545454545454,0.5454545454545454,0.5454545454545454,0.5454545454545454,0.9978579078900393,0.9980155701419631,0.9451061626100467,1.0,0.9285714285714286,0.3247942754919499,0.03777913735087183,0.12164383561643835,0.18604651162790697,0.46153846153846156
nsl_kdd_v2,rf_5class_smote,perclass_isotonic_renorm,0.05,True,0.9829222853087296,0.22460399837537795,False,0.5665694849368319,0.5454545454545454,0.8535564853556485,0.7120418848167539,0.5454545454545454,0.9975008925383791,0.9980155701419631,0.8301398239254273,0.813953488372093,0.9285714285714286,0.32455261274158914,0.03777913735087183,0.11665626949469744,0.08571428571428572,0.46153846153846156
nsl_kdd_v2,rf_5class_smote,perclass_isotonic_renorm,0.05,False,0.993346344925479,0.2242564972760561,False,0.5454545454545454,0.5454545454545454,0.5454545454545454,0.5454545454545454,0.5454545454545454,0.9978579078900393,0.9980155701419631,0.9451061626100467,1.0,0.9285714285714286,0.3247942754919499,0.03777913735087183,0.12164383561643835,0.18604651162790697,0.46153846153846156
nsl_kdd_v2,rf_5class_smote,perclass_isotonic_renorm,0.1,True,0.9829222853087296,0.22460399837537795,False,0.5665694849368319,0.5454545454545454,0.8535564853556485,0.7120418848167539,0.5454545454545454,0.9975008925383791,0.9980155701419631,0.8301398239254273,0.813953488372093,0.9285714285714286,0.32455261274158914,0.03777913735087183,0.11665626949469744,0.08571428571428572,0.46153846153846156
nsl_kdd_v2,rf_5class_smote,perclass_isotonic_renorm,0.1,False,0.993346344925479,0.2242564972760561,False,0.5454545454545454,0.5454545454545454,0.5454545454545454,0.5454545454545454,0.5454545454545454,0.9978579078900393,0.9980155701419631,0.9451061626100467,1.0,0.9285714285714286,0.3247942754919499,0.03777913735087183,0.12164383561643835,0.18604651162790697,0.46153846153846156
nsl_kdd_v2,rf_5class_smote,toplabel_isotonic,0.02,True,0.9709457061745919,0.2516789254876879,False,0.38461546999999996,0.3846155125,0.8461536649999999,0.9952604732464454,0.38461546999999996,0.9920098340503996,0.9881402543829495,0.7944526993561168,0.018867924528301886,0.8181818181818182,0.3500619578686493,0.039659071142807444,0.11845386533665836,1.0,0.5555555555555556
nsl_kdd_v2,rf_5class_smote,toplabel_isotonic,0.02,False,0.9889549325762953,0.25342004933841666,False,0.38461546999999996,0.38461546999999996,0.38461546999999996,0.38461546999999996,0.38461546999999996,0.9920098340503996,0.9944998281196288,0.9534422981674097,0.9245283018867925,0.8181818181818182,0.3500619578686493,0.03957829243000346,0.16987012987012987,0.08163265306122448,0.5555555555555556
nsl_kdd_v2,rf_5class_smote,toplabel_isotonic,0.05,True,0.9724095102909865,0.2513912964145607,False,0.38461546999999996,0.3846155125,0.8461536649999999,0.38461552,0.38461546999999996,0.9920098340503996,0.9881402543829495,0.7944526993561168,0.6415094339622641,0.8181818181818182,0.3500619578686493,0.039659071142807444,0.11845386533665836,0.08823529411764706,0.5555555555555556
nsl_kdd_v2,rf_5class_smote,toplabel_isotonic,0.05,False,0.9889549325762953,0.25342004933841666,False,0.38461546999999996,0.38461546999999996,0.38461546999999996,0.38461546999999996,0.38461546999999996,0.9920098340503996,0.9944998281196288,0.9534422981674097,0.9245283018867925,0.8181818181818182,0.3500619578686493,0.03957829243000346,0.16987012987012987,0.08163265306122448,0.5555555555555556
nsl_kdd_v2,rf_5class_smote,toplabel_isotonic,0.1,True,0.9724095102909865,0.2513912964145607,False,0.38461546999999996,0.3846155125,0.8461536649999999,0.38461552,0.38461546999999996,0.9920098340503996,0.9881402543829495,0.7944526993561168,0.6415094339622641,0.8181818181818182,0.3500619578686493,0.039659071142807444,0.11845386533665836,0.08823529411764706,0.5555555555555556
nsl_kdd_v2,rf_5class_smote,toplabel_isotonic,0.1,False,0.9889549325762953,0.25342004933841666,False,0.38461546999999996,0.38461546999999996,0.38461546999999996,0.38461546999999996,0.38461546999999996,0.9920098340503996,0.9944998281196288,0.9534422981674097,0.9245283018867925,0.8181818181818182,0.3500619578686493,0.03957829243000346,0.16987012987012987,0.08163265306122448,0.5555555555555556
nsl_kdd_v2,rf_5class_smote,cctl,0.02,True,0.9710344215755855,0.25165593166141337,False,0.33333346999999997,0.3846155125,0.8571426649999999,0.999999805,5.2e-07,0.9920098340503996,0.9881402543829495,0.7944526993561168,0.018867924528301886,1.0,0.3500619578686493,0.039659071142807444,0.11845386533665836,1.0,0.45454545454545453
nsl_kdd_v2,rf_5class_smote,cctl,0.02,False,0.9991572036905607,0.25731409544950057,False,5.2e-07,5.2e-07,5.2e-07,5.2e-07,5.2e-07,1.0,1.0,1.0,0.6415094339622641,1.0,0.355186778665574,0.039532485390168445,0.17682020802377416,0.08823529411764706,0.45454545454545453
nsl_kdd_v2,rf_5class_smote,cctl,0.05,True,0.9724982256919801,0.25136836343732893,False,0.33333346999999997,0.3846155125,0.8571426649999999,5.2e-07,5.2e-07,0.9920098340503996,0.9881402543829495,0.7944526993561168,0.6415094339622641,1.0,0.3500619578686493,0.039659071142807444,0.11845386533665836,0.08823529411764706,0.45454545454545453
nsl_kdd_v2,rf_5class_smote,cctl,0.05,False,0.9991572036905607,0.25731409544950057,False,5.2e-07,5.2e-07,5.2e-07,5.2e-07,5.2e-07,1.0,1.0,1.0,0.6415094339622641,1.0,0.355186778665574,0.039532485390168445,0.17682020802377416,0.08823529411764706,0.45454545454545453
nsl_kdd_v2,rf_5class_smote,cctl,0.1,True,0.9724982256919801,0.25136836343732893,False,0.33333346999999997,0.3846155125,0.8571426649999999,5.2e-07,5.2e-07,0.9920098340503996,0.9881402543829495,0.7944526993561168,0.6415094339622641,1.0,0.3500619578686493,0.039659071142807444,0.11845386533665836,0.08823529411764706,0.45454545454545453
nsl_kdd_v2,rf_5class_smote,cctl,0.1,False,0.9991572036905607,0.25731409544950057,False,5.2e-07,5.2e-07,5.2e-07,5.2e-07,5.2e-07,1.0,1.0,1.0,0.6415094339622641,1.0,0.355186778665574,0.039532485390168445,0.17682020802377416,0.08823529411764706,0.45454545454545453
nsl_kdd_v2,rf_5class_smote,cctl_shrunk,0.02,True,0.9710344215755855,0.25165593166141337,False,0.33333346999999997,0.3846155125,0.8571426649999999,0.999999805,5.2e-07,0.9920098340503996,0.9881402543829495,0.7944526993561168,0.018867924528301886,1.0,0.3500619578686493,0.039659071142807444,0.11845386533665836,1.0,0.45454545454545453
nsl_kdd_v2,rf_5class_smote,cctl_shrunk,0.02,False,0.9991572036905607,0.25731409544950057,False,5.2e-07,5.2e-07,5.2e-07,5.2e-07,5.2e-07,1.0,1.0,1.0,0.6415094339622641,1.0,0.355186778665574,0.039532485390168445,0.17682020802377416,0.08823529411764706,0.45454545454545453
nsl_kdd_v2,rf_5class_smote,cctl_shrunk,0.05,True,0.9724982256919801,0.25136836343732893,False,0.33333346999999997,0.3846155125,0.8571426649999999,5.2e-07,5.2e-07,0.9920098340503996,0.9881402543829495,0.7944526993561168,0.6415094339622641,1.0,0.3500619578686493,0.039659071142807444,0.11845386533665836,0.08823529411764706,0.45454545454545453
nsl_kdd_v2,rf_5class_smote,cctl_shrunk,0.05,False,0.9991572036905607,0.25731409544950057,False,5.2e-07,5.2e-07,5.2e-07,5.2e-07,5.2e-07,1.0,1.0,1.0,0.6415094339622641,1.0,0.355186778665574,0.039532485390168445,0.17682020802377416,0.08823529411764706,0.45454545454545453
nsl_kdd_v2,rf_5class_smote,cctl_shrunk,0.1,True,0.9724982256919801,0.25136836343732893,False,0.33333346999999997,0.3846155125,0.8571426649999999,5.2e-07,5.2e-07,0.9920098340503996,0.9881402543829495,0.7944526993561168,0.6415094339622641,1.0,0.3500619578686493,0.039659071142807444,0.11845386533665836,0.08823529411764706,0.45454545454545453
nsl_kdd_v2,rf_5class_smote,cctl_shrunk,0.1,False,0.9991572036905607,0.25731409544950057,False,5.2e-07,5.2e-07,5.2e-07,5.2e-07,5.2e-07,1.0,1.0,1.0,0.6415094339622641,1.0,0.355186778665574,0.039532485390168445,0.17682020802377416,0.08823529411764706,0.45454545454545453
nsl_kdd_v2,rf_5class_smote,dirichlet,0.02,True,0.9648243435060326,0.23681669808284678,False,0.520367546731471,0.7320953264258926,0.7330082915715948,0.9595584109605678,0.5089080698012953,0.9920067311737484,0.9607907742998353,0.8574914592484139,0.006944444444444444,0.6842105263157895,0.3324851569126378,0.03806584362139918,0.12464428002276608,0.0,0.46153846153846156
nsl_kdd_v2,rf_5class_smote,dirichlet,0.02,False,0.9930358410220014,0.23424308750614195,False,0.5089080698012953,0.5089080698012953,0.5089080698012953,0.5089080698012953,0.5089080698012953,0.9935492918244285,0.9942339373970346,0.9926793557833089,0.9375,0.6842105263157895,0.33345095271700775,0.03811101905550953,0.13470993117010815,0.06666666666666667,0.46153846153846156
nsl_kdd_v2,rf_5class_smote,dirichlet,0.05,True,0.9668647977288858,0.23640868009359087,False,0.520367546731471,0.7320953264258926,0.7330082915715948,0.6959775776223217,0.5089080698012953,0.9920067311737484,0.9607907742998353,0.8574914592484139,0.3263888888888889,0.6842105263157895,0.3324851569126378,0.03806584362139918,0.12464428002276608,0.0425531914893617,0.46153846153846156
nsl_kdd_v2,rf_5class_smote,dirichlet,0.05,False,0.9930358410220014,0.23424308750614195,False,0.5089080698012953,0.5089080698012953,0.5089080698012953,0.5089080698012953,0.5089080698012953,0.9935492918244285,0.9942339373970346,0.9926793557833089,0.9375,0.6842105263157895,0.33345095271700775,0.03811101905550953,0.13470993117010815,0.06666666666666667,0.46153846153846156
nsl_kdd_v2,rf_5class_smote,dirichlet,0.1,True,0.9707682753726047,0.2357779300891021,False,0.520367546731471,0.7320953264258926,0.7330082915715948,0.5089080698012953,0.5089080698012953,0.9920067311737484,0.9607907742998353,0.8574914592484139,0.9375,0.6842105263157895,0.3324851569126378,0.03806584362139918,0.12464428002276608,0.06666666666666667,0.46153846153846156
nsl_kdd_v2,rf_5class_smote,dirichlet,0.1,False,0.9930358410220014,0.23424308750614195,False,0.5089080698012953,0.5089080698012953,0.5089080698012953,0.5089080698012953,0.5089080698012953,0.9935492918244285,0.9942339373970346,0.9926793557833089,0.9375,0.6842105263157895,0.33345095271700775,0.03811101905550953,0.13470993117010815,0.06666666666666667,0.46153846153846156
nsl_kdd_v2,xgb_5class_smote,raw,0.02,True,0.9355039034776437,0.20455192034139402,False,0.7017267504966243,0.9704636752800286,0.9411064425423944,0.9982319904332938,0.6857938057863006,0.9749559341950647,0.9281972265023113,0.8075829383886256,0.22772277227722773,0.72,0.2895668549905838,0.035856573705179286,0.14553990610328638,0.0,0.3333333333333333
nsl_kdd_v2,xgb_5class_smote,raw,0.02,False,0.9733853797019163,0.2017863652934743,False,0.6857938057863006,0.6857938057863006,0.6857938057863006,0.6857938057863006,0.6857938057863006,0.9765716803760282,0.9856702619414484,0.9251184834123223,0.9240924092409241,0.72,0.290667067759645,0.03486009066750039,0.16905737704918034,0.014285714285714285,0.3333333333333333
nsl_kdd_v2,xgb_5class_smote,raw,0.05,True,0.9448633782824698,0.20271348762968874,False,0.7017267504966243,0.9704636752800286,0.9411064425423944,0.6857938057863006,0.6857938057863006,0.9749559341950647,0.9281972265023113,0.8075829383886256,0.9240924092409241,0.72,0.2895668549905838,0.035856573705179286,0.14553990610328638,0.014285714285714285,0.3333333333333333
nsl_kdd_v2,xgb_5class_smote,raw,0.05,False,0.9733853797019163,0.2017863652934743,False,0.6857938057863006,0.6857938057863006,0.6857938057863006,0.6857938057863006,0.6857938057863006,0.9765716803760282,0.9856702619414484,0.9251184834123223,0.9240924092409241,0.72,0.290667067759645,0.03486009066750039,0.16905737704918034,0.014285714285714285,0.3333333333333333
nsl_kdd_v2,xgb_5class_smote,raw,0.1,True,0.9448633782824698,0.20271348762968874,False,0.7017267504966243,0.9704636752800286,0.9411064425423944,0.6857938057863006,0.6857938057863006,0.9749559341950647,0.9281972265023113,0.8075829383886256,0.9240924092409241,0.72,0.2895668549905838,0.035856573705179286,0.14553990610328638,0.014285714285714285,0.3333333333333333
nsl_kdd_v2,xgb_5class_smote,raw,0.1,False,0.9733853797019163,0.2017863652934743,False,0.6857938057863006,0.6857938057863006,0.6857938057863006,0.6857938057863006,0.6857938057863006,0.9765716803760282,0.9856702619414484,0.9251184834123223,0.9240924092409241,0.72,0.290667067759645,0.03486009066750039,0.16905737704918034,0.014285714285714285,0.3333333333333333
nsl_kdd_v2,xgb_5class_smote,temperature,0.02,True,0.9346611071682044,0.20449907455744862,False,0.6797801828845954,0.9558781715242637,0.9199119403282976,0.996203245516308,0.6613941089030464,0.9745887191539365,0.9277349768875193,0.8075829383886256,0.19141914191419143,0.72,0.2892991710625471,0.03587443946188341,0.14553990610328638,0.0,0.3333333333333333
nsl_kdd_v2,xgb_5class_smote,temperature,0.02,False,0.9736071682044003,0.20201375916898265,False,0.6613941089030464,0.6613941089030464,0.6613941089030464,0.6613941089030464,0.6613941089030464,0.9769388954171563,0.9856702619414484,0.9251184834123223,0.9240924092409241,0.72,0.29100887084648924,0.034703767390964514,0.16956967213114754,0.014285714285714285,0.3333333333333333
nsl_kdd_v2,xgb_5class_smote,temperature,0.05,True,0.9445085166784953,0.20255483022589582,False,0.6797801828845954,0.9558781715242637,0.9199119403282976,0.6613941089030464,0.6613941089030464,0.9745887191539365,0.9277349768875193,0.8075829383886256,0.9240924092409241,0.72,0.2892991710625471,0.03587443946188341,0.14553990610328638,0.014285714285714285,0.3333333333333333
nsl_kdd_v2,xgb_5class_smote,temperature,0.05,False,0.9736071682044003,0.20201375916898265,False,0.6613941089030464,0.6613941089030464,0.6613941089030464,0.6613941089030464,0.6613941089030464,0.9769388954171563,0.9856702619414484,0.9251184834123223,0.9240924092409241,0.72,0.29100887084648924,0.034703767390964514,0.16956967213114754,0.014285714285714285,0.3333333333333333
nsl_kdd_v2,xgb_5class_smote,temperature,0.1,True,0.9445085166784953,0.20255483022589582,False,0.6797801828845954,0.9558781715242637,0.9199119403282976,0.6613941089030464,0.6613941089030464,0.9745887191539365,0.9277349768875193,0.8075829383886256,0.9240924092409241,0.72,0.2892991710625471,0.03587443946188341,0.14553990610328638,0.014285714285714285,0.3333333333333333
nsl_kdd_v2,xgb_5class_smote,temperature,0.1,False,0.9736071682044003,0.20201375916898265,False,0.6613941089030464,0.6613941089030464,0.6613941089030464,0.6613941089030464,0.6613941089030464,0.9769388954171563,0.9856702619414484,0.9251184834123223,0.9240924092409241,0.72,0.29100887084648924,0.034703767390964514,0.16956967213114754,0.014285714285714285,0.3333333333333333
nsl_kdd_v2,xgb_5class_smote,perclass_isotonic_renorm,0.02,True,0.9511178140525195,0.21173398003917546,False,0.593966059082338,0.9609164228535994,0.9963099630996309,1.0,0.593966059082338,0.9812900407687828,0.9425837320574163,0.8436450839328538,0.36363636363636365,1.0,0.30009644632391125,0.03569674144424431,0.15520181921546333,0.0,0.3076923076923077
nsl_kdd_v2,xgb_5class_smote,perclass_isotonic_renorm,0.02,False,0.9677075940383251,0.20966263292995965,False,0.593966059082338,0.593966059082338,0.593966059082338,0.593966059082338,0.593966059082338,0.9812900407687828,0.966044142614601,0.8800959232613909,0.9956709956709957,1.0,0.30009644632391125,0.03498961495446557,0.16348773841961853,0.02608695652173913,0.3076923076923077
nsl_kdd_v2,xgb_5class_smote,perclass_isotonic_renorm,0.05,True,0.9561302342086586,0.21071677105080028,False,0.593966059082338,0.9609164228535994,0.9963099630996309,0.9963099630996309,0.593966059082338,0.9812900407687828,0.9425837320574163,0.8436450839328538,0.8528138528138528,1.0,0.30009644632391125,0.03569674144424431,0.15520181921546333,0.01015228426395939,0.3076923076923077
nsl_kdd_v2,xgb_5class_smote,perclass_isotonic_renorm,0.05,False,0.9677075940383251,0.20966263292995965,False,0.593966059082338,0.593966059082338,0.593966059082338,0.593966059082338,0.593966059082338,0.9812900407687828,0.966044142614601,0.8800959232613909,0.9956709956709957,1.0,0.30009644632391125,0.03498961495446557,0.16348773841961853,0.02608695652173913,0.3076923076923077
nsl_kdd_v2,xgb_5class_smote,perclass_isotonic_renorm,0.1,True,0.9561302342086586,0.21071677105080028,False,0.593966059082338,0.9609164228535994,0.9963099630996309,0.9963099630996309,0.593966059082338,0.9812900407687828,0.9425837320574163,0.8436450839328538,0.8528138528138528,1.0,0.30009644632391125,0.03569674144424431,0.15520181921546333,0.01015228426395939,0.3076923076923077
nsl_kdd_v2,xgb_5class_smote,perclass_isotonic_renorm,0.1,False,0.9677075940383251,0.20966263292995965,False,0.593966059082338,0.593966059082338,0.593966059082338,0.593966059082338,0.593966059082338,0.9812900407687828,0.966044142614601,0.8800959232613909,0.9956709956709957,1.0,0.30009644632391125,0.03498961495446557,0.16348773841961853,0.02608695652173913,0.3076923076923077
nsl_kdd_v2,xgb_5class_smote,toplabel_isotonic,0.02,True,0.9355039034776437,0.20455192034139402,False,0.6315790175162241,0.9791666579636752,0.9749160241061112,0.9989451469661675,0.6315790015832794,0.9749559341950647,0.9281972265023113,0.8075829383886256,0.22772277227722773,0.72,0.2895668549905838,0.035856573705179286,0.14553990610328638,0.0,0.3333333333333333
nsl_kdd_v2,xgb_5class_smote,toplabel_isotonic,0.02,False,0.9733853797019163,0.2017863652934743,False,0.6315790015832794,0.6315790015832794,0.6315790015832794,0.6315790015832794,0.6315790015832794,0.9765716803760282,0.9856702619414484,0.9251184834123223,0.9240924092409241,0.72,0.290667067759645,0.03486009066750039,0.16905737704918034,0.014285714285714285,0.3333333333333333
nsl_kdd_v2,xgb_5class_smote,toplabel_isotonic,0.05,True,0.9448633782824698,0.20271348762968874,False,0.6315790175162241,0.9791666579636752,0.9749160241061112,0.6315790015832794,0.6315790015832794,0.9749559341950647,0.9281972265023113,0.8075829383886256,0.9240924092409241,0.72,0.2895668549905838,0.035856573705179286,0.14553990610328638,0.014285714285714285,0.3333333333333333
nsl_kdd_v2,xgb_5class_smote,toplabel_isotonic,0.05,False,0.9733853797019163,0.2017863652934743,False,0.6315790015832794,0.6315790015832794,0.6315790015832794,0.6315790015832794,0.6315790015832794,0.9765716803760282,0.9856702619414484,0.9251184834123223,0.9240924092409241,0.72,0.290667067759645,0.03486009066750039,0.16905737704918034,0.014285714285714285,0.3333333333333333
nsl_kdd_v2,xgb_5class_smote,toplabel_isotonic,0.1,True,0.9448633782824698,0.20271348762968874,False,0.6315790175162241,0.9791666579636752,0.9749160241061112,0.6315790015832794,0.6315790015832794,0.9749559341950647,0.9281972265023113,0.8075829383886256,0.9240924092409241,0.72,0.2895668549905838,0.035856573705179286,0.14553990610328638,0.014285714285714285,0.3333333333333333
nsl_kdd_v2,xgb_5class_smote,toplabel_isotonic,0.1,False,0.9733853797019163,0.2017863652934743,False,0.6315790015832794,0.6315790015832794,0.6315790015832794,0.6315790015832794,0.6315790015832794,0.9765716803760282,0.9856702619414484,0.9251184834123223,0.9240924092409241,0.72,0.290667067759645,0.03486009066750039,0.16905737704918034,0.014285714285714285,0.3333333333333333
nsl_kdd_v2,xgb_5class_smote,cctl,0.02,True,0.9352821149751597,0.20450557268200142,False,0.736842070147803,0.9791666579636752,0.9999999411064425,0.9999999982319904,0.3333336857938058,0.9749559341950647,0.9281972265023113,0.8075829383886256,0.22772277227722773,0.52,0.2895668549905838,0.035856573705179286,0.14553990610328638,0.0,0.3076923076923077
nsl_kdd_v2,xgb_5class_smote,cctl,0.02,False,0.9943665720369056,0.21135745193380023,False,0.3333336857938058,0.3333336857938058,0.3333336857938058,0.3333336857938058,0.3333336857938058,0.9961075205640423,0.9978428351309707,0.9881516587677726,0.9240924092409241,0.52,0.30413625304136255,0.03505250154416306,0.18129496402877698,0.014285714285714285,0.3076923076923077
nsl_kdd_v2,xgb_5class_smote,cctl,0.05,True,0.9446415897799858,0.2026671675432006,False,0.736842070147803,0.9791666579636752,0.9999999411064425,0.3333336857938058,0.3333336857938058,0.9749559341950647,0.9281972265023113,0.8075829383886256,0.9240924092409241,0.52,0.2895668549905838,0.035856573705179286,0.14553990610328638,0.014285714285714285,0.3076923076923077
nsl_kdd_v2,xgb_5class_smote,cctl,0.05,False,0.9943665720369056,0.21135745193380023,False,0.3333336857938058,0.3333336857938058,0.3333336857938058,0.3333336857938058,0.3333336857938058,0.9961075205640423,0.9978428351309707,0.9881516587677726,0.9240924092409241,0.52,0.30413625304136255,0.03505250154416306,0.18129496402877698,0.014285714285714285,0.3076923076923077
nsl_kdd_v2,xgb_5class_smote,cctl,0.1,True,0.9446415897799858,0.2026671675432006,False,0.736842070147803,0.9791666579636752,0.9999999411064425,0.3333336857938058,0.3333336857938058,0.9749559341950647,0.9281972265023113,0.8075829383886256,0.9240924092409241,0.52,0.2895668549905838,0.035856573705179286,0.14553990610328638,0.014285714285714285,0.3076923076923077
nsl_kdd_v2,xgb_5class_smote,cctl,0.1,False,0.9943665720369056,0.21135745193380023,False,0.3333336857938058,0.3333336857938058,0.3333336857938058,0.3333336857938058,0.3333336857938058,0.9961075205640423,0.9978428351309707,0.9881516587677726,0.9240924092409241,0.52,0.30413625304136255,0.03505250154416306,0.18129496402877698,0.014285714285714285,0.3076923076923077
nsl_kdd_v2,xgb_5class_smote,cctl_shrunk,0.02,True,0.9357256919801278,0.20450343683337283,False,0.7232356002649037,0.9791666579636752,0.9884037934033133,0.9990410425357878,0.6044657910569636,0.9749559341950647,0.9281972265023113,0.8075829383886256,0.22772277227722773,0.92,0.2895668549905838,0.035856573705179286,0.14553990610328638,0.0,0.2608695652173913
nsl_kdd_v2,xgb_5class_smote,cctl_shrunk,0.02,False,0.9853619588360539,0.20460070225983615,False,0.6044657910569636,0.6044657910569636,0.6044657910569636,0.6044657910569636,0.6044657910569636,0.9820064629847238,0.9975346687211094,0.9791469194312796,0.9240924092409241,0.92,0.29451798668760754,0.035063330244053136,0.17909002904162633,0.014285714285714285,0.2608695652173913
nsl_kdd_v2,xgb_5class_smote,cctl_shrunk,0.05,True,0.9450851667849539,0.20266591570449638,False,0.7232356002649037,0.9791666579636752,0.9884037934033133,0.6044657910569636,0.6044657910569636,0.9749559341950647,0.9281972265023113,0.8075829383886256,0.9240924092409241,0.92,0.2895668549905838,0.035856573705179286,0.14553990610328638,0.014285714285714285,0.2608695652173913
nsl_kdd_v2,xgb_5class_smote,cctl_shrunk,0.05,False,0.9853619588360539,0.20460070225983615,False,0.6044657910569636,0.6044657910569636,0.6044657910569636,0.6044657910569636,0.6044657910569636,0.9820064629847238,0.9975346687211094,0.9791469194312796,0.9240924092409241,0.92,0.29451798668760754,0.035063330244053136,0.17909002904162633,0.014285714285714285,0.2608695652173913
nsl_kdd_v2,xgb_5class_smote,cctl_shrunk,0.1,True,0.9450851667849539,0.20266591570449638,False,0.7232356002649037,0.9791666579636752,0.9884037934033133,0.6044657910569636,0.6044657910569636,0.9749559341950647,0.9281972265023113,0.8075829383886256,0.9240924092409241,0.92,0.2895668549905838,0.035856573705179286,0.14553990610328638,0.014285714285714285,0.2608695652173913
nsl_kdd_v2,xgb_5class_smote,cctl_shrunk,0.1,False,0.9853619588360539,0.20460070225983615,False,0.6044657910569636,0.6044657910569636,0.6044657910569636,0.6044657910569636,0.6044657910569636,0.9820064629847238,0.9975346687211094,0.9791469194312796,0.9240924092409241,0.92,0.29451798668760754,0.035063330244053136,0.17909002904162633,0.014285714285714285,0.2608695652173913
nsl_kdd_v2,xgb_5class_smote,dirichlet,0.02,True,0.9652679205110007,0.21005468498690316,False,0.5056227872571964,0.5095756373153891,0.9598646993251425,0.9758527209126425,0.5056227872571964,0.9987442753730241,0.9996940024479805,0.7856810785681079,0.00980392156862745,1.0,0.3021965830929665,0.03581267217630854,0.1455621301775148,0.3333333333333333,0.3076923076923077
nsl_kdd_v2,xgb_5class_smote,dirichlet,0.02,False,0.9947657913413769,0.21194149647730312,False,0.5056227872571964,0.5056227872571964,0.5056227872571964,0.5056227872571964,0.5056227872571964,0.9987442753730241,0.9998470012239902,0.9609483960948396,0.9477124183006536,1.0,0.3021965830929665,0.035807192042846214,0.20222544750846638,0.03793103448275862,0.3076923076923077
nsl_kdd_v2,xgb_5class_smote,dirichlet,0.05,True,0.9763573456352023,0.20803234746263233,False,0.5056227872571964,0.5095756373153891,0.9598646993251425,0.6146761793585013,0.5056227872571964,0.9987442753730241,0.9996940024479805,0.7856810785681079,0.826797385620915,1.0,0.3021965830929665,0.03581267217630854,0.1455621301775148,0.03557312252964427,0.3076923076923077
nsl_kdd_v2,xgb_5class_smote,dirichlet,0.05,False,0.9947657913413769,0.21194149647730312,False,0.5056227872571964,0.5056227872571964,0.5056227872571964,0.5056227872571964,0.5056227872571964,0.9987442753730241,0.9998470012239902,0.9609483960948396,0.9477124183006536,1.0,0.3021965830929665,0.035807192042846214,0.20222544750846638,0.03793103448275862,0.3076923076923077
nsl_kdd_v2,xgb_5class_smote,dirichlet,0.1,True,0.9763573456352023,0.20803234746263233,False,0.5056227872571964,0.5095756373153891,0.9598646993251425,0.6146761793585013,0.5056227872571964,0.9987442753730241,0.9996940024479805,0.7856810785681079,0.826797385620915,1.0,0.3021965830929665,0.03581267217630854,0.1455621301775148,0.03557312252964427,0.3076923076923077
nsl_kdd_v2,xgb_5class_smote,dirichlet,0.1,False,0.9947657913413769,0.21194149647730312,False,0.5056227872571964,0.5056227872571964,0.5056227872571964,0.5056227872571964,0.5056227872571964,0.9987442753730241,0.9998470012239902,0.9609483960948396,0.9477124183006536,1.0,0.3021965830929665,0.035807192042846214,0.20222544750846638,0.03793103448275862,0.3076923076923077
nsl_kdd_v2,dnn_5class_smote,raw,0.02,True,0.9783977998580553,0.2155324840186789,False,0.5003727581273462,0.497836961943079,0.6298861378942798,0.9971948595511323,0.497836961943079,0.9993964996982498,0.9990963855421687,0.9674674674674675,0.17777777777777778,0.9935483870967742,0.29430857487922707,0.05079891468194151,0.1800310398344542,0.48863636363636365,0.8246753246753247
nsl_kdd_v2,dnn_5class_smote,raw,0.02,False,0.9982700496806246,0.21795156631859586,False,0.497836961943079,0.497836961943079,0.497836961943079,0.497836961943079,0.497836961943079,0.9993964996982498,0.9990963855421687,0.9914914914914915,0.9858585858585859,0.9935483870967742,0.29430857487922707,0.05079891468194151,0.1928319030792529,0.32786885245901637,0.8246753246753247
nsl_kdd_v2,dnn_5class_smote,raw,0.05,True,0.9893541518807665,0.21601506456241032,False,0.5003727581273462,0.497836961943079,0.6298861378942798,0.939852596484606,0.497836961943079,0.9993964996982498,0.9990963855421687,0.9674674674674675,0.6767676767676768,0.9935483870967742,0.29430857487922707,0.05079891468194151,0.1800310398344542,0.3194029850746269,0.8246753246753247
nsl_kdd_v2,dnn_5class_smote,raw,0.05,False,0.9982700496806246,0.21795156631859586,False,0.497836961943079,0.497836961943079,0.497836961943079,0.497836961943079,0.497836961943079,0.9993964996982498,0.9990963855421687,0.9914914914914915,0.9858585858585859,0.9935483870967742,0.29430857487922707,0.05079891468194151,0.1928319030792529,0.32786885245901637,0.8246753246753247
nsl_kdd_v2,dnn_5class_smote,raw,0.1,True,0.9924148332150461,0.21606400572118178,False,0.5003727581273462,0.497836961943079,0.6298861378942798,0.8354607687416039,0.497836961943079,0.9993964996982498,0.9990963855421687,0.9674674674674675,0.8161616161616162,0.9935483870967742,0.29430857487922707,0.05079891468194151,0.1800310398344542,0.30445544554455445,0.8246753246753247
nsl_kdd_v2,dnn_5class_smote,raw,0.1,False,0.9982700496806246,0.21795156631859586,False,0.497836961943079,0.497836961943079,0.497836961943079,0.497836961943079,0.497836961943079,0.9993964996982498,0.9990963855421687,0.9914914914914915,0.9858585858585859,0.9935483870967742,0.29430857487922707,0.05079891468194151,0.1928319030792529,0.32786885245901637,0.8246753246753247
nsl_kdd_v2,dnn_5class_smote,temperature,0.02,True,0.978042938254081,0.21551997823030522,False,0.45171185259320107,0.4373699881382805,0.5757998870916876,0.9767451238833359,0.4373699881382805,0.9993210621605311,0.9990963855421687,0.9594594594594594,0.19595959595959597,0.9935483870967742,0.2942553030874915,0.05079891468194151,0.17892540427751696,0.4845360824742268,0.8246753246753247
nsl_kdd_v2,dnn_5class_smote,temperature,0.02,False,0.9984474804826118,0.21800168821360344,False,0.4373699881382805,0.4373699881382805,0.4373699881382805,0.4373699881382805,0.4373699881382805,0.9994719372359686,0.9990963855421687,0.992992992992993,0.9858585858585859,0.9935483870967742,0.2943618386293305,0.05079891468194151,0.1930443548387097,0.32786885245901637,0.8246753246753247
nsl_kdd_v2,dnn_5class_smote,temperature,0.05,True,0.9895759403832506,0.21569770047962705,False,0.45171185259320107,0.4373699881382805,0.5757998870916876,0.834963911437545,0.4373699881382805,0.9993210621605311,0.9990963855421687,0.9594594594594594,0.7212121212121212,0.9935483870967742,0.2942553030874915,0.05079891468194151,0.17892540427751696,0.29971988795518206,0.8246753246753247
nsl_kdd_v2,dnn_5class_smote,temperature,0.05,False,0.9984474804826118,0.21800168821360344,False,0.4373699881382805,0.4373699881382805,0.4373699881382805,0.4373699881382805,0.4373699881382805,0.9994719372359686,0.9990963855421687,0.992992992992993,0.9858585858585859,0.9935483870967742,0.2943618386293305,0.05079891468194151,0.1930443548387097,0.32786885245901637,0.8246753246753247
nsl_kdd_v2,dnn_5class_smote,temperature,0.1,True,0.99152767920511,0.21580995839484632,False,0.45171185259320107,0.4373699881382805,0.5757998870916876,0.7425666400930664,0.4373699881382805,0.9993210621605311,0.9990963855421687,0.9594594594594594,0.8101010101010101,0.9935483870967742,0.2942553030874915,0.05079891468194151,0.17892540427751696,0.2967581047381546,0.8246753246753247
nsl_kdd_v2,dnn_5class_smote,temperature,0.1,False,0.9984474804826118,0.21800168821360344,False,0.4373699881382805,0.4373699881382805,0.4373699881382805,0.4373699881382805,0.4373699881382805,0.9994719372359686,0.9990963855421687,0.992992992992993,0.9858585858585859,0.9935483870967742,0.2943618386293305,0.05079891468194151,0.1930443548387097,0.32786885245901637,0.8246753246753247
nsl_kdd_v2,dnn_5class_smote,perclass_isotonic_renorm,0.02,True,0.9912615330021292,0.22924777375039154,False,0.5132087237743912,0.5103758301691734,0.656672953758783,0.9403235245591993,0.5103758301691734,0.9994952772370034,0.9992437991530551,0.9700902934537246,0.42358078602620086,1.0,0.3197951233588227,0.0502497351294082,0.15532286212914484,0.4948453608247423,0.6935483870967742
nsl_kdd_v2,dnn_5class_smote,perclass_isotonic_renorm,0.02,False,0.9993346344925479,0.22961516267921345,False,0.5103758301691734,0.5103758301691734,0.5103758301691734,0.5103758301691734,0.5103758301691734,0.99978369024443,0.9992437991530551,0.9971783295711061,0.9912663755458515,1.0,0.3199913457377759,0.0502497351294082,0.155631013016412,0.3788546255506608,0.6935483870967742
nsl_kdd_v2,dnn_5class_smote,perclass_isotonic_renorm,0.05,True,0.9924148332150461,0.22947302552183435,False,0.5132087237743912,0.5103758301691734,0.656672953758783,0.8972421641273278,0.5103758301691734,0.9994952772370034,0.9992437991530551,0.9700902934537246,0.537117903930131,1.0,0.3197951233588227,0.0502497351294082,0.15532286212914484,0.4796747967479675,0.6935483870967742
nsl_kdd_v2,dnn_5class_smote,perclass_isotonic_renorm,0.05,False,0.9993346344925479,0.22961516267921345,False,0.5103758301691734,0.5103758301691734,0.5103758301691734,0.5103758301691734,0.5103758301691734,0.99978369024443,0.9992437991530551,0.9971783295711061,0.9912663755458515,1.0,0.3199913457377759,0.0502497351294082,0.155631013016412,0.3788546255506608,0.6935483870967742
nsl_kdd_v2,dnn_5class_smote,perclass_isotonic_renorm,0.1,True,0.9965844570617459,0.2295811634842213,False,0.5132087237743912,0.5103758301691734,0.656672953758783,0.593473246766191,0.5103758301691734,0.9994952772370034,0.9992437991530551,0.9700902934537246,0.9475982532751092,1.0,0.3197951233588227,0.0502497351294082,0.15532286212914484,0.3824884792626728,0.6935483870967742
nsl_kdd_v2,dnn_5class_smote,perclass_isotonic_renorm,0.1,False,0.9993346344925479,0.22961516267921345,False,0.5103758301691734,0.5103758301691734,0.5103758301691734,0.5103758301691734,0.5103758301691734,0.99978369024443,0.9992437991530551,0.9971783295711061,0.9912663755458515,1.0,0.3199913457377759,0.0502497351294082,0.155631013016412,0.3788546255506608,0.6935483870967742
nsl_kdd_v2,dnn_5class_smote,toplabel_isotonic,0.02,True,0.9783977998580553,0.2155324840186789,False,0.31111130037275814,0.2907773120191042,0.5609756786666258,0.974576293805029,0.2907773120191042,0.9993964996982498,0.9990963855421687,0.9674674674674675,0.17777777777777778,0.9935483870967742,0.29430857487922707,0.05079891468194151,0.1800310398344542,0.48863636363636365,0.8246753246753247
nsl_kdd_v2,dnn_5class_smote,toplabel_isotonic,0.02,False,0.9982700496806246,0.21795156631859586,False,0.2907773120191042,0.2907773120191042,0.2907773120191042,0.2907773120191042,0.2907773120191042,0.9993964996982498,0.9990963855421687,0.9914914914914915,0.9858585858585859,0.9935483870967742,0.29430857487922707,0.05079891468194151,0.1928319030792529,0.32786885245901637,0.8246753246753247
nsl_kdd_v2,dnn_5class_smote,toplabel_isotonic,0.05,True,0.9893541518807665,0.21601506456241032,False,0.31111130037275814,0.2907773120191042,0.5609756786666258,0.8260870702873792,0.2907773120191042,0.9993964996982498,0.9990963855421687,0.9674674674674675,0.6767676767676768,0.9935483870967742,0.29430857487922707,0.05079891468194151,0.1800310398344542,0.3194029850746269,0.8246753246753247
nsl_kdd_v2,dnn_5class_smote,toplabel_isotonic,0.05,False,0.9982700496806246,0.21795156631859586,False,0.2907773120191042,0.2907773120191042,0.2907773120191042,0.2907773120191042,0.2907773120191042,0.9993964996982498,0.9990963855421687,0.9914914914914915,0.9858585858585859,0.9935483870967742,0.29430857487922707,0.05079891468194151,0.1928319030792529,0.32786885245901637,0.8246753246753247
nsl_kdd_v2,dnn_5class_smote,toplabel_isotonic,0.1,True,0.9924148332150461,0.21606400572118178,False,0.31111130037275814,0.2907773120191042,0.5609756786666258,0.7540984420181458,0.2907773120191042,0.9993964996982498,0.9990963855421687,0.9674674674674675,0.8161616161616162,0.9935483870967742,0.29430857487922707,0.05079891468194151,0.1800310398344542,0.30445544554455445,0.8246753246753247
nsl_kdd_v2,dnn_5class_smote,toplabel_isotonic,0.1,False,0.9982700496806246,0.21795156631859586,False,0.2907773120191042,0.2907773120191042,0.2907773120191042,0.2907773120191042,0.2907773120191042,0.9993964996982498,0.9990963855421687,0.9914914914914915,0.9858585858585859,0.9935483870967742,0.29430857487922707,0.05079891468194151,0.1928319030792529,0.32786885245901637,0.8246753246753247
nsl_kdd_v2,dnn_5class_smote,cctl,0.02,True,0.9783977998580553,0.2155324840186789,False,5.003727581273462e-07,0.260033439597035,0.48484862988613786,0.9999999971948595,5.003727581273462e-07,0.9993964996982498,0.9990963855421687,0.9674674674674675,0.17777777777777778,0.9935483870967742,0.29430857487922707,0.05079891468194151,0.1800310398344542,0.48863636363636365,0.8246753246753247
nsl_kdd_v2,dnn_5class_smote,cctl,0.02,False,0.9989797728885734,0.2180187380666933,False,5.003727581273462e-07,5.003727581273462e-07,5.003727581273462e-07,5.003727581273462e-07,5.003727581273462e-07,0.9993964996982498,0.9990963855421687,1.0,0.9838383838383838,0.9935483870967742,0.29430857487922707,0.05079891468194151,0.1941941941941942,0.3264887063655031,0.8246753246753247
nsl_kdd_v2,dnn_5class_smote,cctl,0.05,True,0.9893541518807665,0.21601506456241032,False,5.003727581273462e-07,0.260033439597035,0.48484862988613786,0.20000073985259648,5.003727581273462e-07,0.9993964996982498,0.9990963855421687,0.9674674674674675,0.6767676767676768,0.9935483870967742,0.29430857487922707,0.05079891468194151,0.1800310398344542,0.3194029850746269,0.8246753246753247
nsl_kdd_v2,dnn_5class_smote,cctl,0.05,False,0.9989797728885734,0.2180187380666933,False,5.003727581273462e-07,5.003727581273462e-07,5.003727581273462e-07,5.003727581273462e-07,5.003727581273462e-07,0.9993964996982498,0.9990963855421687,1.0,0.9838383838383838,0.9935483870967742,0.29430857487922707,0.05079891468194151,0.1941941941941942,0.3264887063655031,0.8246753246753247
nsl_kdd_v2,dnn_5class_smote,cctl,0.1,True,0.9924148332150461,0.21606400572118178,False,5.003727581273462e-07,0.260033439597035,0.48484862988613786,0.20000063546076874,5.003727581273462e-07,0.9993964996982498,0.9990963855421687,0.9674674674674675,0.8161616161616162,0.9935483870967742,0.29430857487922707,0.05079891468194151,0.1800310398344542,0.30445544554455445,0.8246753246753247
nsl_kdd_v2,dnn_5class_smote,cctl,0.1,False,0.9989797728885734,0.2180187380666933,False,5.003727581273462e-07,5.003727581273462e-07,5.003727581273462e-07,5.003727581273462e-07,5.003727581273462e-07,0.9993964996982498,0.9990963855421687,1.0,0.9838383838383838,0.9935483870967742,0.29430857487922707,0.05079891468194151,0.1941941941941942,0.3264887063655031,0.8246753246753247
nsl_kdd_v2,dnn_5class_smote,cctl_shrunk,0.02,True,0.9783977998580553,0.2155324840186789,False,0.0029010299271120237,0.2604459429167998,0.48867988548656505,0.9927567768558765,0.0029010299271120237,0.9993964996982498,0.9990963855421687,0.9674674674674675,0.17777777777777778,0.9935483870967742,0.29430857487922707,0.05079891468194151,0.1800310398344542,0.48863636363636365,0.8246753246753247
nsl_kdd_v2,dnn_5class_smote,cctl_shrunk,0.02,False,0.9990241305890702,0.2180534588402451,False,0.0029010299271120237,0.0029010299271120237,0.0029010299271120237,0.0029010299271120237,0.0029010299271120237,0.9993964996982498,0.9990963855421687,1.0,0.9858585858585859,0.9935483870967742,0.29430857487922707,0.05079891468194151,0.1941941941941942,0.32786885245901637,0.8246753246753247
nsl_kdd_v2,dnn_5class_smote,cctl_shrunk,0.05,True,0.9893541518807665,0.21601506456241032,False,0.0029010299271120237,0.2604459429167998,0.48867988548656505,0.3783729137656399,0.0029010299271120237,0.9993964996982498,0.9990963855421687,0.9674674674674675,0.6767676767676768,0.9935483870967742,0.29430857487922707,0.05079891468194151,0.1800310398344542,0.3194029850746269,0.8246753246753247
nsl_kdd_v2,dnn_5class_smote,cctl_shrunk,0.05,False,0.9990241305890702,0.2180534588402451,False,0.0029010299271120237,0.0029010299271120237,0.0029010299271120237,0.0029010299271120237,0.0029010299271120237,0.9993964996982498,0.9990963855421687,1.0,0.9858585858585859,0.9935483870967742,0.29430857487922707,0.05079891468194151,0.1941941941941942,0.32786885245901637,0.8246753246753247
nsl_kdd_v2,dnn_5class_smote,cctl_shrunk,0.1,True,0.9924148332150461,0.21606400572118178,False,0.0029010299271120237,0.2604459429167998,0.48867988548656505,0.3578632584115884,0.0029010299271120237,0.9993964996982498,0.9990963855421687,0.9674674674674675,0.8161616161616162,0.9935483870967742,0.29430857487922707,0.05079891468194151,0.1800310398344542,0.30445544554455445,0.8246753246753247
nsl_kdd_v2,dnn_5class_smote,cctl_shrunk,0.1,False,0.9990241305890702,0.2180534588402451,False,0.0029010299271120237,0.0029010299271120237,0.0029010299271120237,0.0029010299271120237,0.0029010299271120237,0.9993964996982498,0.9990963855421687,1.0,0.9858585858585859,0.9935483870967742,0.29430857487922707,0.05079891468194151,0.1941941941941942,0.32786885245901637,0.8246753246753247
nsl_kdd_v2,dnn_5class_smote,dirichlet,0.02,True,0.9881121362668559,0.22557909858143294,False,0.4790236071295713,0.5135104730128421,0.5855745672931431,0.9149064290965954,0.4790236071295713,0.9992726214722142,0.996985227615315,0.9582673005810882,0.39543726235741444,1.0,0.31562090551754257,0.05095252494708195,0.16538037486218302,0.49038461538461536,0.16666666666666666
nsl_kdd_v2,dnn_5class_smote,dirichlet,0.02,False,0.9976046841731725,0.22641173855046687,False,0.4790236071295713,0.4790236071295713,0.4790236071295713,0.4790236071295713,0.4790236071295713,0.9992726214722142,0.9980403979499548,0.9846804014791336,0.9923954372623575,1.0,0.31562090551754257,0.05120072496601722,0.1684549356223176,0.39080459770114945,0.16666666666666666
nsl_kdd_v2,dnn_5class_smote,dirichlet,0.05,True,0.9897977288857346,0.22586716859370798,False,0.4790236071295713,0.5135104730128421,0.5855745672931431,0.8192302995114168,0.4790236071295713,0.9992726214722142,0.996985227615315,0.9582673005810882,0.5399239543726235,1.0,0.31562090551754257,0.05095252494708195,0.16538037486218302,0.4647887323943662,0.16666666666666666
nsl_kdd_v2,dnn_5class_smote,dirichlet,0.05,False,0.9976046841731725,0.22641173855046687,False,0.4790236071295713,0.4790236071295713,0.4790236071295713,0.4790236071295713,0.4790236071295713,0.9992726214722142,0.9980403979499548,0.9846804014791336,0.9923954372623575,1.0,0.31562090551754257,0.05120072496601722,0.1684549356223176,0.39080459770114945,0.16666666666666666
nsl_kdd_v2,dnn_5class_smote,dirichlet,0.1,True,0.9948101490418737,0.22628974004548089,False,0.4790236071295713,0.5135104730128421,0.5855745672931431,0.5257928624168999,0.4790236071295713,0.9992726214722142,0.996985227615315,0.9582673005810882,0.9695817490494296,1.0,0.31562090551754257,0.05095252494708195,0.16538037486218302,0.396078431372549,0.16666666666666666
nsl_kdd_v2,dnn_5class_smote,dirichlet,0.1,False,0.9976046841731725,0.22641173855046687,False,0.4790236071295713,0.4790236071295713,0.4790236071295713,0.4790236071295713,0.4790236071295713,0.9992726214722142,0.9980403979499548,0.9846804014791336,0.9923954372623575,1.0,0.31562090551754257,0.05120072496601722,0.1684549356223176,0.39080459770114945,0.16666666666666666
unsw_nb15_v2,rf_5class_cw,raw,0.02,True,0.4668379004427916,0.01569567271990819,True,0.5469315312895094,0.7748029824354361,0.7815406539989429,0.9197202668160014,0.9604572237036875,0.8896964827057233,0.002704241389126103,0.4536363636363636,0.12319978464713535,0.0055248618784530384,0.01252103945153742,0.05263157894736842,0.009619238476953907,0.0484340859431901,0.2857142857142857
unsw_nb15_v2,rf_5class_cw,raw,0.02,False,0.5081546146452152,0.05398784420739271,False,0.7677412740285843,0.7677412740285843,0.7677412740285843,0.7677412740285843,0.7677412740285843,0.7852368603674349,0.002846569883290635,0.45745454545454545,0.3563192606218314,0.2138910812943962,0.0009302758267826411,0.05,0.011128775834658187,0.1969277260135986,0.47232472324723246
unsw_nb15_v2,rf_5class_cw,raw,0.05,True,0.5925529065095098,0.05754706946069567,False,0.32430947283341205,0.7748029824354361,0.7308800227650537,0.7795076989003055,0.9604572237036875,0.999013842726177,0.002704241389126103,0.478,0.3408407734757055,0.0055248618784530384,0.02478794969289266,0.05263157894736842,0.027767211867630277,0.1855995787810978,0.2857142857142857
unsw_nb15_v2,rf_5class_cw,raw,0.05,False,0.6015348009013409,0.11678105516843926,False,0.647284680742695,0.647284680742695,0.647284680742695,0.647284680742695,0.647284680742695,0.8188027320208919,0.01565613435809849,0.5494545454545454,0.5420611063753421,0.4277821625887924,0.0040146311000089216,0.15454545454545454,0.1042356055592323,0.3077305081940076,0.5867158671586716
unsw_nb15_v2,rf_5class_cw,raw,0.1,True,0.7041017317722695,0.1345478146051071,False,0.32430947283341205,0.7330440743826561,0.6675409448524053,0.5914357407572973,0.8898336393974485,0.999013842726177,0.004981497295758611,0.5312727272727272,0.6410336937502804,0.06787687450670876,0.02478794969289266,0.08571428571428572,0.08624229979466119,0.353513437849944,0.32558139534883723
unsw_nb15_v2,rf_5class_cw,raw,0.1,False,0.6405666472321583,0.1401195542545079,False,0.6088005904186998,0.6088005904186998,0.6088005904186998,0.6088005904186998,0.6088005904186998,0.8380875853756529,0.042271562766865924,0.5947272727272728,0.6069361568486698,0.48066298342541436,0.006362764752026497,0.37037037037037035,0.15469275450932438,0.3378178592548788,0.5977011494252874
unsw_nb15_v2,rf_5class_cw,temperature,0.02,True,0.4682245788752147,0.015918422292522043,True,0.5481530912107958,0.8061798928713314,0.7845202782645572,0.9252004078161997,0.9652632607619762,0.8916687972533693,0.0019925989183034445,0.4547272727272727,0.1246803355915474,0.0055248618784530384,0.012657190840945397,0.07142857142857142,0.009996001599360257,0.04893846707448723,0.2857142857142857
unsw_nb15_v2,rf_5class_cw,temperature,0.02,False,0.5091631080506137,0.054561772716018815,False,0.7755515527097134,0.7755515527097134,0.7755515527097134,0.7755515527097134,0.7755515527097134,0.7852733847109098,0.002846569883290635,0.45836363636363636,0.35847278926824894,0.2217837411207577,0.0009767441860465116,0.05,0.011106703689012296,0.19774718397997496,0.47330960854092524
unsw_nb15_v2,rf_5class_cw,temperature,0.05,True,0.5925371488000504,0.057415631731510784,False,0.3265591995912277,0.8061798928713314,0.7412701716530626,0.788508544978174,0.9652632607619762,0.9990503670696519,0.0019925989183034445,0.478,0.3409753690161066,0.0055248618784530384,0.024787043468723725,0.07142857142857142,0.02700646633701027,0.18513157894736842,0.2857142857142857
unsw_nb15_v2,rf_5class_cw,temperature,0.05,False,0.5987929594554136,0.11521052631578947,False,0.6579419372800086,0.6579419372800086,0.6579419372800086,0.6579419372800086,0.6579419372800086,0.816282552321122,0.014944491887275833,0.548,0.5378886446229082,0.42857142857142855,0.003624323235938968,0.1619047619047619,0.1028533510285335,0.3046125615147218,0.585635359116022
unsw_nb15_v2,rf_5class_cw,temperature,0.1,True,0.7014229211641796,0.13252308314425,False,0.3265591995912277,0.740352343914879,0.6769456260754717,0.6015813039531542,0.8982746650005641,0.9990503670696519,0.004981497295758611,0.5310909090909091,0.6334066131275518,0.06787687450670876,0.024787043468723725,0.08571428571428572,0.08558712769599452,0.34990791896869244,0.32558139534883723
unsw_nb15_v2,rf_5class_cw,temperature,0.1,False,0.639479365279463,0.13954462569612144,False,0.6171079406569926,0.6171079406569926,0.6171079406569926,0.6171079406569926,0.6171079406569926,0.8364074655758063,0.042271562766865924,0.5941818181818181,0.605859392525461,0.48382004735595896,0.0060262008733624455,0.37037037037037035,0.15391676866585066,0.3366409952606635,0.5970636215334421
unsw_nb15_v2,rf_5class_cw,perclass_isotonic_renorm,0.02,True,0.46612880351712077,0.013894053615496433,True,0.5603443300952199,0.8320761815819181,0.6534818440314205,0.9645463457139745,0.9869982696596599,0.8610944923455921,0.07547169811320754,0.7821545807221725,0.07995997159274323,0.011456628477905073,0.01066699362432565,0.0,0.04044257916825639,0.017359709325797335,0.14285714285714285
unsw_nb15_v2,rf_5class_cw,perclass_isotonic_renorm,0.02,False,0.5113061565370858,0.05507273175542406,False,0.8320761815819181,0.8320761815819181,0.8320761815819181,0.8320761815819181,0.8320761815819181,0.7512229456273095,0.07547169811320754,0.7394807520143241,0.2718057976628575,0.32078559738134205,0.0002342359224210625,0.0,0.00645682001614205,0.2007125890736342,0.3877551020408163
unsw_nb15_v2,rf_5class_cw,perclass_isotonic_renorm,0.05,True,0.6028899639148453,0.056220595922634606,False,0.4183553456408142,0.6525162396710649,0.5657104823295923,0.8625271897307067,0.9869982696596599,0.9970790075664262,0.18867924528301888,0.8412414204715011,0.2286138549938666,0.011456628477905073,0.029613158266271353,0.05,0.08158921603405463,0.15249929398475007,0.14285714285714285
unsw_nb15_v2,rf_5class_cw,perclass_isotonic_renorm,0.05,False,0.6378878366240683,0.15352881598774734,False,0.6525162396710649,0.6525162396710649,0.6525162396710649,0.6525162396710649,0.6525162396710649,0.7676579271511526,0.18867924528301888,0.7821545807221725,0.506520756666021,0.5499181669394435,0.0009168844267180122,0.05,0.04044257916825639,0.37779618889809446,0.47619047619047616
unsw_nb15_v2,rf_5class_cw,perclass_isotonic_renorm,0.1,True,0.7139818156032839,0.13056720370779076,False,0.4183553456408142,0.529096880799298,0.5191111988927326,0.6983037892348203,0.9190122095244088,0.9970790075664262,0.4056603773584906,0.909579230080573,0.44460584931241526,0.18657937806873978,0.029613158266271353,0.11627906976744186,0.12467191601049869,0.33790750018151455,0.3333333333333333
unsw_nb15_v2,rf_5class_cw,perclass_isotonic_renorm,0.1,False,0.8068577551567104,0.20883134130146083,False,0.529096880799298,0.529096880799298,0.529096880799298,0.529096880799298,0.529096880799298,0.9432342072848847,0.4056603773584906,0.8997314234556849,0.6749951578539609,0.7103109656301145,0.022983359450787253,0.11627906976744186,0.11907131011608624,0.45380200860832137,0.5161290322580645
unsw_nb15_v2,rf_5class_cw,toplabel_isotonic,0.02,True,0.4668379004427916,0.01569567271990819,True,0.4492714370078671,0.8218883649317378,0.8611499905168111,0.9775085927306474,0.986407741039748,0.8896964827057233,0.002704241389126103,0.4536363636363636,0.12319978464713535,0.0055248618784530384,0.01252103945153742,0.05263157894736842,0.009619238476953907,0.0484340859431901,0.2857142857142857
unsw_nb15_v2,rf_5class_cw,toplabel_isotonic,0.02,False,0.5081546146452152,0.05398784420739271,False,0.8218883578700293,0.8218883578700293,0.8218883578700293,0.8218883578700293,0.8218883578700293,0.7852368603674349,0.002846569883290635,0.45745454545454545,0.3563192606218314,0.2138910812943962,0.0009302758267826411,0.05,0.011128775834658187,0.1969277260135986,0.47232472324723246
unsw_nb15_v2,rf_5class_cw,toplabel_isotonic,0.05,True,0.5925529065095098,0.05754706946069567,False,0.25000007430947285,0.8218883649317378,0.8118811071176465,0.861149988483856,0.986407741039748,0.999013842726177,0.002704241389126103,0.478,0.3408407734757055,0.0055248618784530384,0.02478794969289266,0.05263157894736842,0.027767211867630277,0.1855995787810978,0.2857142857142857
unsw_nb15_v2,rf_5class_cw,toplabel_isotonic,0.05,False,0.6015348009013409,0.11678105516843926,False,0.6487179472846808,0.6487179472846808,0.6487179472846808,0.6487179472846808,0.6487179472846808,0.8188027320208919,0.01565613435809849,0.5494545454545454,0.5420611063753421,0.4277821625887924,0.0040146311000089216,0.15454545454545454,0.1042356055592323,0.3077305081940076,0.5867158671586716
unsw_nb15_v2,rf_5class_cw,toplabel_isotonic,0.1,True,0.7041017317722695,0.1345478146051071,False,0.25000007430947285,0.8148147330440743,0.7142856675409448,0.4492714815120766,0.9383802331434986,0.999013842726177,0.004981497295758611,0.5312727272727272,0.6410336937502804,0.06787687450670876,0.02478794969289266,0.08571428571428572,0.08624229979466119,0.353513437849944,0.32558139534883723
unsw_nb15_v2,rf_5class_cw,toplabel_isotonic,0.1,False,0.6405666472321583,0.1401195542545079,False,0.44927149887692625,0.44927149887692625,0.44927149887692625,0.44927149887692625,0.44927149887692625,0.8380875853756529,0.042271562766865924,0.5947272727272728,0.6069361568486698,0.48066298342541436,0.006362764752026497,0.37037037037037035,0.15469275450932438,0.3378178592548788,0.5977011494252874
unsw_nb15_v2,rf_5class_cw,cctl,0.02,True,0.4668379004427916,0.01569567271990819,True,0.6266665869315313,0.46153877480298244,0.8499999315406539,0.9628482540855919,0.9115031777047999,0.8896964827057233,0.002704241389126103,0.4536363636363636,0.12319978464713535,0.0055248618784530384,0.01252103945153742,0.05263157894736842,0.009619238476953907,0.0484340859431901,0.2857142857142857
unsw_nb15_v2,rf_5class_cw,cctl,0.02,False,0.5171837821654245,0.05657962889613357,False,0.8478663238011499,0.8478663238011499,0.8478663238011499,0.8478663238011499,0.8478663238011499,0.7973629424011104,0.0009962994591517223,0.4550909090909091,0.3772712997442685,0.056037884767166535,0.0018322568824149146,0.0,0.00998801438274071,0.21072660244975622,0.28169014084507044
unsw_nb15_v2,rf_5class_cw,cctl,0.05,True,0.5925529065095098,0.05754706946069567,False,0.516128840438505,0.46153877480298244,0.6555556308800227,0.8721933442745382,0.9115031777047999,0.999013842726177,0.002704241389126103,0.478,0.3408407734757055,0.0055248618784530384,0.02478794969289266,0.05263157894736842,0.027767211867630277,0.1855995787810978,0.2857142857142857
unsw_nb15_v2,rf_5class_cw,cctl,0.05,False,0.6489182332456154,0.13819479857215705,False,0.7189187808130596,0.7189187808130596,0.7189187808130596,0.7189187808130596,0.7189187808130596,0.8667591950034698,0.001138627953316254,0.45545454545454545,0.663241957916461,0.12154696132596685,0.009607686148919135,0.0,0.00998003992015968,0.3642021240614219,0.35064935064935066
unsw_nb15_v2,rf_5class_cw,cctl,0.1,True,0.7041017317722695,0.1345478146051071,False,0.516128840438505,0.4000003330440744,0.5421688000710653,0.7189187914357407,0.7500001398336394,0.999013842726177,0.004981497295758611,0.5312727272727272,0.6410336937502804,0.06787687450670876,0.02478794969289266,0.08571428571428572,0.08624229979466119,0.353513437849944,0.32558139534883723
unsw_nb15_v2,rf_5class_cw,cctl,0.1,False,0.8303052268322276,0.21826842784483413,False,0.4444445461753761,0.4444445461753761,0.4444445461753761,0.4444445461753761,0.4444445461753761,0.9996347565652507,0.004412183319100484,0.5478181818181819,0.9674727444030687,0.5643251775848461,0.024955241331433373,0.06451612903225806,0.10288748755393295,0.4664255240215173,0.6265734265734266
unsw_nb15_v2,rf_5class_cw,cctl_shrunk,0.02,True,0.4668379004427916,0.01569567271990819,True,0.6266665869315313,0.46153877480298244,0.8499999315406539,0.9628482540855919,0.9115031777047999,0.8896964827057233,0.002704241389126103,0.4536363636363636,0.12319978464713535,0.0055248618784530384,0.01252103945153742,0.05263157894736842,0.009619238476953907,0.0484340859431901,0.2857142857142857
unsw_nb15_v2,rf_5class_cw,cctl_shrunk,0.02,False,0.5171837821654245,0.05657962889613357,False,0.8478663238011499,0.8478663238011499,0.8478663238011499,0.8478663238011499,0.8478663238011499,0.7973629424011104,0.0009962994591517223,0.4550909090909091,0.3772712997442685,0.056037884767166535,0.0018322568824149146,0.0,0.00998801438274071,0.21072660244975622,0.28169014084507044
unsw_nb15_v2,rf_5class_cw,cctl_shrunk,0.05,True,0.5925529065095098,0.05754706946069567,False,0.516128840438505,0.46153877480298244,0.6555556308800227,0.8721933442745382,0.9115031777047999,0.999013842726177,0.002704241389126103,0.478,0.3408407734757055,0.0055248618784530384,0.02478794969289266,0.05263157894736842,0.027767211867630277,0.1855995787810978,0.2857142857142857
unsw_nb15_v2,rf_5class_cw,cctl_shrunk,0.05,False,0.6489182332456154,0.13819479857215705,False,0.7189187808130596,0.7189187808130596,0.7189187808130596,0.7189187808130596,0.7189187808130596,0.8667591950034698,0.001138627953316254,0.45545454545454545,0.663241957916461,0.12154696132596685,0.009607686148919135,0.0,0.00998003992015968,0.3642021240614219,0.35064935064935066
unsw_nb15_v2,rf_5class_cw,cctl_shrunk,0.1,True,0.7041017317722695,0.1345478146051071,False,0.516128840438505,0.4000003330440744,0.5421688000710653,0.7189187914357407,0.7500001398336394,0.999013842726177,0.004981497295758611,0.5312727272727272,0.6410336937502804,0.06787687450670876,0.02478794969289266,0.08571428571428572,0.08624229979466119,0.353513437849944,0.32558139534883723
unsw_nb15_v2,rf_5class_cw,cctl_shrunk,0.1,False,0.8303052268322276,0.21826842784483413,False,0.4444445461753761,0.4444445461753761,0.4444445461753761,0.4444445461753761,0.4444445461753761,0.9996347565652507,0.004412183319100484,0.5478181818181819,0.9674727444030687,0.5643251775848461,0.024955241331433373,0.06451612903225806,0.10288748755393295,0.4664255240215173,0.6265734265734266
unsw_nb15_v2,rf_5class_cw,dirichlet,0.02,True,0.46464757882794155,0.01251398921558653,True,0.6454772879867119,0.8588382208689513,0.6772269677038841,0.9701371700747787,0.9367843882627703,0.851001683790935,0.012121212121212121,0.8069400630914827,0.07109472714107037,0.003110419906687403,0.010377548960226126,0.0,0.014855355746677092,0.033796296296296297,0.5
unsw_nb15_v2,rf_5class_cw,dirichlet,0.02,False,0.5053182269425316,0.04799176749407509,False,0.8588382208689513,0.8588382208689513,0.8588382208689513,0.8588382208689513,0.8588382208689513,0.7434452424315315,0.012121212121212121,0.7690851735015772,0.26156935027318806,0.07153965785381027,0.0011093136122024498,0.0,0.004511894995898278,0.18799546998867497,0.21739130434782608
unsw_nb15_v2,rf_5class_cw,dirichlet,0.05,True,0.5960983911378642,0.04927436622696873,True,0.46868377705745723,0.6913564731055929,0.5995376814445779,0.8968413501832271,0.9367843882627703,0.9931617470190028,0.05454545454545454,0.8429022082018928,0.2055164241985386,0.003110419906687403,0.030447719880977095,0.0,0.03779940119760479,0.1412556053811659,0.5
unsw_nb15_v2,rf_5class_cw,dirichlet,0.05,False,0.6392272419281133,0.12044569343785436,False,0.6913564731055929,0.6913564731055929,0.6913564731055929,0.6913564731055929,0.6913564731055929,0.8158138895570599,0.05454545454545454,0.8012618296529969,0.46343229543808834,0.3048211508553655,0.007076365780716903,0.0,0.01141732283464567,0.32784090909090907,0.37244897959183676
unsw_nb15_v2,rf_5class_cw,dirichlet,0.1,True,0.7095696569546651,0.11370197646013769,False,0.35218508146554095,0.5749585891497517,0.532090954094321,0.7228938412024088,0.7498924828300432,0.9997594584378544,0.3515151515151515,0.9116719242902208,0.42350733987229283,0.18818040435458788,0.03210283907334845,0.034482758620689655,0.08512110726643599,0.30302323773995493,0.32231404958677684
unsw_nb15_v2,rf_5class_cw,dirichlet,0.1,False,0.7859787901230677,0.1841656809478939,False,0.5749585891497517,0.5749585891497517,0.5749585891497517,0.5749585891497517,0.5749585891497517,0.9139892099927838,0.3515151515151515,0.8599369085173502,0.6620367322756896,0.5956454121306376,0.017632904729678923,0.034482758620689655,0.04658840792369773,0.4171721189221438,0.5143603133159269
unsw_nb15_v2,xgb_5class_cw,raw,0.02,True,0.4903641606656057,0.025579228124297054,False,0.6385810703761609,0.8780993845048372,0.9262261333268204,0.9381444795948837,inf,0.8679144194020788,0.019627085377821395,0.4299111549851925,0.1953691694288322,0.0,0.013663113708383062,0.08571428571428572,0.028319938767699962,0.09294320137693632,
unsw_nb15_v2,xgb_5class_cw,raw,0.02,False,0.5032539670033563,0.05795785452609826,False,0.876487522814796,0.876487522814796,0.876487522814796,0.876487522814796,0.876487522814796,0.7676536771796978,0.01990747231179027,0.45886804870023035,0.327424700965557,0.4860724233983287,0.000977107761027359,0.08450704225352113,0.06023664395840803,0.18588615023474178,0.5487106017191977
unsw_nb15_v2,xgb_5class_cw,raw,0.05,True,0.6162997746647547,0.07435248395592033,False,0.49857515859700385,0.877107927998145,0.8747729563353749,0.8294949064665641,inf,0.9855698824874094,0.019627085377821395,0.4605133267522211,0.4121150982370178,0.0,0.02674591381872214,0.08571428571428572,0.06145051804215791,0.23149551229747056,
unsw_nb15_v2,xgb_5class_cw,raw,0.05,False,0.630371409211957,0.14343565643435657,False,0.725621545970236,0.725621545970236,0.725621545970236,0.725621545970236,0.725621545970236,0.8097296138872022,0.05649796719472872,0.6158275748601514,0.5863476965941298,0.6838440111420613,0.007984119982355537,0.24317617866004962,0.24205183008282127,0.32131738489267575,0.6425661914460286
unsw_nb15_v2,xgb_5class_cw,raw,0.1,True,0.7415893225760704,0.15507203263779695,False,0.3266350533106124,0.8176720427319588,0.760935299119045,0.6334819608665324,0.9905046667278371,0.9998214094367254,0.034207205944203,0.5572556762092794,0.7358408992650238,0.08426183844011143,0.028043726779079736,0.13524590163934427,0.1762621789193977,0.3827523175349262,0.1652892561983471
unsw_nb15_v2,xgb_5class_cw,raw,0.1,False,0.7539748822111217,0.20857716100986456,False,0.6192088180479421,0.6192088180479421,0.6192088180479421,0.6192088180479421,0.6192088180479421,0.8823445369146694,0.25304920790691154,0.7341230667982889,0.7563049430753711,0.7896935933147632,0.015382747034773105,0.6487534626038781,0.34155087404751233,0.3898628048780488,0.6763668430335097
unsw_nb15_v2,xgb_5class_cw,temperature,0.02,True,0.4892768787129103,0.025410628019323672,False,0.6104573329620545,0.8349803763284621,0.8827140201680734,0.8991356657367084,inf,0.8646640711504804,0.017664376840039256,0.42875946034879897,0.1974347888744776,0.0,0.013260079312623926,0.07142857142857142,0.027244819646968534,0.09440389294403893,
unsw_nb15_v2,xgb_5class_cw,temperature,0.02,False,0.5052867115236129,0.05909686272063868,False,0.8238426091345419,0.8238426091345419,0.8238426091345419,0.8238426091345419,0.8238426091345419,0.7684751937707611,0.020328052712743586,0.4573872984534386,0.3338137099485997,0.4714484679665738,0.0013478968161747618,0.07586206896551724,0.058992805755395686,0.19053101165635344,0.5420974889217134
unsw_nb15_v2,xgb_5class_cw,temperature,0.05,True,0.6163470477931328,0.07488367336503554,False,0.48987716313345675,0.8198882300235053,0.8173407965668795,0.7759076735798647,inf,0.981819480658642,0.021309406981634655,0.46265218821980914,0.41610222414372866,0.0,0.026302386495925496,0.07894736842105263,0.06330014224751067,0.2327407065342877,
unsw_nb15_v2,xgb_5class_cw,temperature,0.05,False,0.6329084004349128,0.1433088509896676,False,0.6773446355417799,0.6773446355417799,0.6773446355417799,0.6773446355417799,0.6773446355417799,0.8141943779690681,0.0549558390578999,0.6089174070417901,0.5923043666234328,0.6594707520891365,0.008466769028295679,0.21683673469387754,0.2358821940016212,0.32497972424979726,0.6314677930306231
unsw_nb15_v2,xgb_5class_cw,temperature,0.1,True,0.7413844723530988,0.1550298624837935,False,0.3142808251014305,0.77945190300997,0.7070250190372704,0.5987234961640355,0.9759848395723975,0.9997856913240705,0.03168372353848311,0.5554458703520895,0.7367055771725033,0.08356545961002786,0.028044728662784468,0.12831858407079647,0.17476303317535544,0.38275952008346376,0.16666666666666666
unsw_nb15_v2,xgb_5class_cw,temperature,0.1,False,0.7647058823529411,0.21041027014774671,False,0.5751174533863616,0.5751174533863616,0.5751174533863616,0.5751174533863616,0.5751174533863616,0.8962388827374361,0.2362259918687789,0.7329713721618953,0.7771532881779315,0.7792479108635098,0.01705722939582337,0.6427299703264095,0.3398428731762065,0.39751514402274696,0.6747095621090259
unsw_nb15_v2,xgb_5class_cw,perclass_isotonic_renorm,0.02,True,0.47136036305762596,0.01587938354561562,True,0.5907850991978557,0.7942241590964891,0.8220554901512888,0.9703996166460213,inf,0.8877413724135423,0.0875,0.6837364899639732,0.09150283678585565,0.0,0.012862526626249385,0.08571428571428572,0.03838916070756492,0.01910598413842826,
unsw_nb15_v2,xgb_5class_cw,perclass_isotonic_renorm,0.02,False,0.5291123682261546,0.06641253201500982,False,0.8618062907236772,0.8618062907236772,0.8618062907236772,0.8618062907236772,0.8618062907236772,0.7785737663187752,0.05875,0.6749871332990222,0.3051194088929938,0.25833333333333336,0.00023353573096683791,0.06382978723404255,0.030499428135722456,0.2228108108108108,0.32661290322580644
unsw_nb15_v2,xgb_5class_cw,perclass_isotonic_renorm,0.05,True,0.6130694442255874,0.06754742199146661,False,0.407143498273122,0.7590476608893295,0.726652209463543,0.8726721524469467,inf,0.9993454307429361,0.18,0.7290272774060731,0.27866473149492016,0.0,0.024780757614351733,0.09027777777777778,0.07553829862336746,0.20359848484848486,
unsw_nb15_v2,xgb_5class_cw,perclass_isotonic_renorm,0.05,False,0.6562928412725926,0.16461379624960984,False,0.7062655912796716,0.7062655912796716,0.7062655912796716,0.7062655912796716,0.7062655912796716,0.7952652823739045,0.22,0.755018013381369,0.5273782820952633,0.7104166666666667,0.002194887740637432,0.11931818181818182,0.08861622358554874,0.3850387790843132,0.5439882697947214
unsw_nb15_v2,xgb_5class_cw,perclass_isotonic_renorm,0.1,True,0.7445360142449694,0.1596647548096256,False,0.407143498273122,0.6435925667052428,0.5242178158958172,0.7072807483513704,0.9531917571233561,0.9993454307429361,0.29125,0.8950077200205867,0.5252012138804592,0.140625,0.024780757614351733,0.1459227467811159,0.199252443933295,0.38393417912322575,0.17037037037037037
unsw_nb15_v2,xgb_5class_cw,perclass_isotonic_renorm,0.1,False,0.8988512629804132,0.23954279302969742,False,0.5325118537457041,0.5325118537457041,0.5325118537457041,0.5325118537457041,0.5325118537457041,0.9569802538274119,0.4625,0.8540916109109624,0.864131151867001,0.875,0.021127830977352182,0.23243243243243245,0.16993070201868032,0.45623544680688627,0.6023809523809524
unsw_nb15_v2,xgb_5class_cw,toplabel_isotonic,0.02,True,0.4903641606656057,0.025579228124297054,False,0.49696983858107024,0.8516377913941822,0.9198606335432065,0.9198606454615527,inf,0.8679144194020788,0.019627085377821395,0.4299111549851925,0.1953691694288322,0.0,0.013663113708383062,0.08571428571428572,0.028319938767699962,0.09294320137693632,
unsw_nb15_v2,xgb_5class_cw,toplabel_isotonic,0.02,False,0.5032539670033563,0.05795785452609826,False,0.8516377897823204,0.8516377897823204,0.8516377897823204,0.8516377897823204,0.8516377897823204,0.7676536771796978,0.01990747231179027,0.45886804870023035,0.327424700965557,0.4860724233983287,0.000977107761027359,0.08450704225352113,0.06023664395840803,0.18588615023474178,0.5487106017191977
unsw_nb15_v2,xgb_5class_cw,toplabel_isotonic,0.05,True,0.6162997746647547,0.07435248395592033,False,0.41914972790224264,0.8516377904027256,0.8516377880677539,0.8471502414120049,inf,0.9855698824874094,0.019627085377821395,0.4605133267522211,0.4121150982370178,0.0,0.02674591381872214,0.08571428571428572,0.06145051804215791,0.23149551229747056,
unsw_nb15_v2,xgb_5class_cw,toplabel_isotonic,0.05,False,0.630371409211957,0.14343565643435657,False,0.7255319149832481,0.7255319149832481,0.7255319149832481,0.7255319149832481,0.7255319149832481,0.8097296138872022,0.05649796719472872,0.6158275748601514,0.5863476965941298,0.6838440111420613,0.007984119982355537,0.24317617866004962,0.24205183008282127,0.32131738489267575,0.6425661914460286
unsw_nb15_v2,xgb_5class_cw,toplabel_isotonic,0.1,True,0.7415893225760704,0.15507203263779695,False,0.12114737228139386,0.808176110124873,0.7820512609352991,0.4782610247863087,0.9834586536625615,0.9998214094367254,0.034207205944203,0.5572556762092794,0.7358408992650238,0.08426183844011143,0.028043726779079736,0.13524590163934427,0.1762621789193977,0.3827523175349262,0.1652892561983471
unsw_nb15_v2,xgb_5class_cw,toplabel_isotonic,0.1,False,0.7539748822111217,0.20857716100986456,False,0.4191498485359021,0.4191498485359021,0.4191498485359021,0.4191498485359021,0.4191498485359021,0.8823445369146694,0.25304920790691154,0.7341230667982889,0.7563049430753711,0.7896935933147632,0.015382747034773105,0.6487534626038781,0.34155087404751233,0.3898628048780488,0.6763668430335097
unsw_nb15_v2,xgb_5class_cw,cctl,0.02,True,0.4903641606656057,0.025579228124297054,False,0.7429717831593836,0.7037038780993845,0.8421053472787648,0.93705036080635,inf,0.8679144194020788,0.019627085377821395,0.4299111549851925,0.1953691694288322,0.0,0.013663113708383062,0.08571428571428572,0.028319938767699962,0.09294320137693632,
unsw_nb15_v2,xgb_5class_cw,cctl,0.02,False,0.53604576038827,0.07416661767299665,False,0.843373461572461,0.843373461572461,0.843373461572461,0.843373461572461,0.843373461572461,0.7830481837339714,0.005046964811439787,0.4299111549851925,0.4431954652447519,0.1532033426183844,0.004059663367239885,0.0,0.028319938767699962,0.24853674398439193,0.30454545454545456
unsw_nb15_v2,xgb_5class_cw,cctl,0.05,True,0.6162997746647547,0.07435248395592033,False,0.4776119612617257,0.7037038771079279,0.6060608747729563,0.8843536866377635,inf,0.9855698824874094,0.019627085377821395,0.4605133267522211,0.4121150982370178,0.0,0.02674591381872214,0.08571428571428572,0.06145051804215791,0.23149551229747056,
unsw_nb15_v2,xgb_5class_cw,cctl,0.05,False,0.6719244890562708,0.14439154804061818,False,0.7349396704520581,0.7349396704520581,0.7349396704520581,0.7349396704520581,0.7349396704520581,0.8848090866878594,0.011075283891770643,0.4338598223099704,0.7170581736081088,0.1573816155988858,0.015662845147747458,0.05063291139240506,0.03185437997724687,0.37596302003081666,0.3053097345132743
unsw_nb15_v2,xgb_5class_cw,cctl,0.1,True,0.7415893225760704,0.15507203263779695,False,3.2663505331061235e-07,0.7037038176720427,0.5409838265090696,0.7276263649994705,0.8734178386059325,0.9998214094367254,0.034207205944203,0.5572556762092794,0.7358408992650238,0.08426183844011143,0.028043726779079736,0.13524590163934427,0.1762621789193977,0.3827523175349262,0.1652892561983471
unsw_nb15_v2,xgb_5class_cw,cctl,0.1,False,0.8530751170009927,0.2236178583962909,False,0.42105290356771696,0.42105290356771696,0.42105290356771696,0.42105290356771696,0.42105290356771696,0.9971425509876058,0.0672928641525305,0.6745640013162224,1.0,0.5731197771587744,0.027581760217788444,0.29375,0.29804878048780487,0.4554931065955709,0.5965978128797084
unsw_nb15_v2,xgb_5class_cw,cctl_shrunk,0.02,True,0.4903641606656057,0.025579228124297054,False,0.7422648810197907,0.7044572592019247,0.8431828872768863,0.9369789512211688,inf,0.8679144194020788,0.019627085377821395,0.4299111549851925,0.1953691694288322,0.0,0.013663113708383062,0.08571428571428572,0.028319938767699962,0.09294320137693632,
unsw_nb15_v2,xgb_5class_cw,cctl_shrunk,0.02,False,0.53604576038827,0.07416661767299665,False,0.8432272445645281,0.8432272445645281,0.8432272445645281,0.8432272445645281,0.8432272445645281,0.7830481837339714,0.005046964811439787,0.4299111549851925,0.4431954652447519,0.1532033426183844,0.004059663367239885,0.0,0.028319938767699962,0.24853674398439193,0.30454545454545456
unsw_nb15_v2,xgb_5class_cw,cctl_shrunk,0.05,True,0.6162997746647547,0.07435248395592033,False,0.47744396633827896,0.7044572582104681,0.609464102507086,0.8841991359347653,inf,0.9855698824874094,0.019627085377821395,0.4605133267522211,0.4121150982370178,0.0,0.02674591381872214,0.08571428571428572,0.06145051804215791,0.23149551229747056,
unsw_nb15_v2,xgb_5class_cw,cctl_shrunk,0.05,False,0.6719244890562708,0.14439154804061818,False,0.7343614262721395,0.7343614262721395,0.7343614262721395,0.7343614262721395,0.7343614262721395,0.8848090866878594,0.011075283891770643,0.4338598223099704,0.7170581736081088,0.1573816155988858,0.015662845147747458,0.05063291139240506,0.03185437997724687,0.37596302003081666,0.3053097345132743
unsw_nb15_v2,xgb_5class_cw,cctl_shrunk,0.1,True,0.7415893225760704,0.15507203263779695,False,0.0003484503294393496,0.7042358623473983,0.5443245614650872,0.7265904504921045,0.8813230695726444,0.9998214094367254,0.034207205944203,0.5572556762092794,0.7358408992650238,0.08426183844011143,0.028043726779079736,0.13524590163934427,0.1762621789193977,0.3827523175349262,0.1652892561983471
unsw_nb15_v2,xgb_5class_cw,cctl_shrunk,0.1,False,0.8530751170009927,0.2236178583962909,False,0.4252020390232836,0.4252020390232836,0.4252020390232836,0.4252020390232836,0.4252020390232836,0.9971425509876058,0.0672928641525305,0.6745640013162224,1.0,0.5731197771587744,0.027581760217788444,0.29375,0.29804878048780487,0.4554931065955709,0.5965978128797084
unsw_nb15_v2,xgb_5class_cw,dirichlet,0.02,True,0.4800428609697294,0.019432773109243698,True,0.6971220955406355,0.7765719444243773,0.7931699550108615,0.9691521094483732,0.8737881054039929,0.8372262015986712,0.1520979020979021,0.7569524913093859,0.1190741679337726,0.04772004241781548,0.012316594337673074,0.08045977011494253,0.02870264064293915,0.05902383654937571,0.08888888888888889
unsw_nb15_v2,xgb_5class_cw,dirichlet,0.02,False,0.5421755093679582,0.06885226843374895,False,0.8491335023917372,0.8491335023917372,0.8491335023917372,0.8491335023917372,0.8491335023917372,0.75760406934496,0.05419580419580419,0.7453650057937428,0.3318465957087346,0.09331919406150584,0.0035169452818123686,0.03225806451612903,0.018266614846482704,0.22747174422156602,0.11363636363636363
unsw_nb15_v2,xgb_5class_cw,dirichlet,0.05,True,0.6208537526985077,0.06644670050761421,False,0.5267685888819446,0.7101363142974096,0.66363387835576,0.8830219052661104,0.8737881054039929,0.968095781860964,0.25524475524475526,0.8261877172653534,0.28315593850312554,0.04772004241781548,0.02691496586481753,0.0958904109589041,0.07643758765778401,0.19439140811455846,0.08888888888888889
unsw_nb15_v2,xgb_5class_cw,dirichlet,0.05,False,0.6911173791777627,0.14790578900567727,False,0.6967601943223992,0.6967601943223992,0.6967601943223992,0.6967601943223992,0.6967601943223992,0.8374684245129589,0.28321678321678323,0.8041714947856315,0.5529312383848624,0.37645811240721105,0.012395669779357079,0.10493827160493827,0.06304034582132564,0.3579809337570276,0.38591549295774646
unsw_nb15_v2,xgb_5class_cw,dirichlet,0.1,True,0.7752162745623297,0.15304089763395398,False,0.3860082801055193,0.5916031368228675,0.3567382785720794,0.6948846769231585,0.823103656389664,0.9989272985224402,0.49475524475524474,0.9997103128621089,0.5560736610914006,0.14528101802757157,0.030171816544270473,0.1625441696113074,0.19530570849029266,0.35936075833991615,0.17518248175182483
unsw_nb15_v2,xgb_5class_cw,dirichlet,0.1,False,0.8361355793321883,0.20089706381214428,False,0.576267906553882,0.576267906553882,0.576267906553882,0.576267906553882,0.576267906553882,0.929167099207585,0.5262237762237763,0.8881807647740441,0.751309342794391,0.6447507953340403,0.022530910174288692,0.18272425249169436,0.11285061969993476,0.4200134922419609,0.5180921052631579
unsw_nb15_v2,dnn_5class_cw,raw,0.02,True,0.4130410803485605,0.028612849076758737,False,0.5010546054831583,0.9284572781716183,0.8540250812609259,0.7995160196431549,0.9884694489569178,0.9896019142919296,0.0011405759908753922,0.10364794441227562,0.14557975656630365,0.0025492468134414832,0.009364283830123978,0.0,0.28631284916201116,0.12174550788412175,0.0
unsw_nb15_v2,dnn_5class_cw,raw,0.02,False,0.3885220844298073,0.05868754055807917,False,0.8763289861213029,0.8763289861213029,0.8763289861213029,0.8763289861213029,0.8763289861213029,0.9264302806177942,0.0012356239901150081,0.07990735379270411,0.07036087977792013,0.34275782155272305,4.6961585423123884e-05,0.0,0.3170289855072464,0.042488619119878605,0.821501014198783
unsw_nb15_v2,dnn_5class_cw,raw,0.05,True,0.4586123761050094,0.05164238592633315,True,0.37502518645511185,0.9284572781716183,0.8144426378678848,0.7429332585447619,0.9884694489569178,0.9998259734609528,0.0011405759908753922,0.2297336421540243,0.24092462096946402,0.0025492468134414832,0.010182324528958705,0.0,0.260239445494644,0.18967427431863507,0.0
unsw_nb15_v2,dnn_5class_cw,raw,0.05,False,0.4648997021792912,0.10270142019455648,False,0.7786962692724254,0.7786962692724254,0.7786962692724254,0.7786962692724254,0.7786962692724254,0.9274309332173156,0.007413743940690049,0.4080775911986103,0.17675635276532137,0.4584009269988413,4.69109161701928e-05,0.20512820512820512,0.30081589216034055,0.14497130776200542,0.8518705763397371
unsw_nb15_v2,dnn_5class_cw,raw,0.1,True,0.5242747514221333,0.10715037119413302,True,0.37502518645511185,0.9284572781716183,0.7990621947424589,0.6495189706067306,0.9884694489569178,0.9998259734609528,0.0011405759908753922,0.29111175448755067,0.4407431133888533,0.0025492468134414832,0.010182324528958705,0.0,0.2660367976131278,0.3386627906976744,0.0
unsw_nb15_v2,dnn_5class_cw,raw,0.1,False,0.5939553426513922,0.1976229008038628,False,0.6419912149349131,0.6419912149349131,0.6419912149349131,0.6419912149349131,0.6419912149349131,0.9284750924515989,0.015492823876057408,0.7180081065431384,0.45873371770232757,0.6108922363847045,4.6858160348624716e-05,0.31901840490797545,0.41935483870967744,0.3499359944140579,0.875948406676783
unsw_nb15_v2,dnn_5class_cw,temperature,0.02,True,0.4114653094026252,0.0235140931372549,False,0.49509740186390927,0.8633894642492258,0.7462154198935428,0.7503883751599116,0.9596371496574656,0.9869045029366978,0.0011405759908753922,0.17660683265778807,0.11691223574631647,0.0013904982618771727,0.009478046199964733,0.0,0.2040983606557377,0.0684931506849315,0.0
unsw_nb15_v2,dnn_5class_cw,temperature,0.02,False,0.3950457761459794,0.05735939369764659,False,0.7783802715617424,0.7783802715617424,0.7783802715617424,0.7783802715617424,0.7783802715617424,0.9264302806177942,0.00142571998859424,0.09047481181239143,0.09064702114029469,0.3332560834298957,4.6961585423123884e-05,0.0,0.2864,0.048292108362779744,0.8178025034770514
unsw_nb15_v2,dnn_5class_cw,temperature,0.05,True,0.4718488520508659,0.048557306973016294,True,0.34096248295877934,0.8633894642492258,0.697535930884636,0.671013470760683,0.9596371496574656,0.9998259734609528,0.0011405759908753922,0.3522003474232774,0.24087123638693145,0.0013904982618771727,0.010182324528958705,0.0,0.21413892314015617,0.15492021276595744,0.0
unsw_nb15_v2,dnn_5class_cw,temperature,0.05,False,0.4877326231858937,0.10196433186869992,False,0.6745538932865113,0.6745538932865113,0.6745538932865113,0.6745538932865113,0.6745538932865113,0.9274744398520774,0.008364223933086208,0.46496815286624205,0.23409139440529575,0.45168018539976823,4.690871563936579e-05,0.2159090909090909,0.25529265255292655,0.15028506271379705,0.8501795792714213
unsw_nb15_v2,dnn_5class_cw,temperature,0.1,True,0.5258820377869873,0.09720432685104725,True,0.34096248295877934,0.8633894642492258,0.6829808691900554,0.598086129715584,0.9596371496574656,0.9998259734609528,0.0011405759908753922,0.4169079328314997,0.40006406149903906,0.0013904982618771727,0.010182324528958705,0.0,0.23020833333333332,0.31318388043768347,0.0
unsw_nb15_v2,dnn_5class_cw,temperature,0.1,False,0.5932620034351807,0.196260192833807,False,0.5761913785001795,0.5761913785001795,0.5761913785001795,0.5761913785001795,0.5761913785001795,0.9284750924515989,0.015017583879859329,0.6631441806601043,0.48377108691010035,0.5809965237543453,4.6858160348624716e-05,0.3227848101265823,0.3759004584151932,0.37817258883248733,0.8727562824092541
unsw_nb15_v2,dnn_5class_cw,perclass_isotonic_renorm,0.02,True,0.41195379839586516,0.015721225567073404,True,0.4997980382859707,0.7484855443015827,0.8373227616823269,0.9471379026810739,0.9906847165028657,0.9991867714827867,0.016260162601626018,0.45614714424007746,0.047640900616664275,0.0068143100511073255,0.005561584373304395,0.0,0.11078098471986418,0.01625526791089705,0.0
unsw_nb15_v2,dnn_5class_cw,perclass_isotonic_renorm,0.02,False,0.4775846582940704,0.05440807707535964,False,0.7484855443015827,0.7484855443015827,0.7484855443015827,0.7484855443015827,0.7484855443015827,0.9625463088461191,0.016260162601626018,0.5146176185866409,0.16965438118456905,0.3645655877342419,4.693733865289838e-05,0.0,0.15914221218961624,0.16196111580726966,0.6238317757009346
unsw_nb15_v2,dnn_5class_cw,perclass_isotonic_renorm,0.05,True,0.4848174469359134,0.0507036760165112,True,0.4997980382859707,0.6757746327851745,0.6900015856870669,0.7493158079754827,0.9906847165028657,0.9991867714827867,0.10569105691056911,0.536108422071636,0.16810554997848845,0.0068143100511073255,0.005561584373304395,0.0,0.17876489707475623,0.16072342603651255,0.0
unsw_nb15_v2,dnn_5class_cw,perclass_isotonic_renorm,0.05,False,0.5732181970028837,0.12593122027654838,False,0.6757746327851745,0.6757746327851745,0.6757746327851745,0.6757746327851745,0.6757746327851745,0.9639468690702088,0.10569105691056911,0.5564375605033882,0.335149863760218,0.39948892674616693,4.6869141357330336e-05,0.0,0.1885873347251218,0.3199828840393667,0.6375266524520256
unsw_nb15_v2,dnn_5class_cw,perclass_isotonic_renorm,0.1,True,0.5487464742125084,0.10122329427980703,True,0.4997980382859707,0.5858781897743791,0.6102623388477706,0.7032892360710007,0.9906847165028657,0.9991867714827867,0.2926829268292683,0.6160696999031946,0.271963286964004,0.0068143100511073255,0.005561584373304395,0.1388888888888889,0.22752985543683218,0.2819025522041763,0.0
unsw_nb15_v2,dnn_5class_cw,perclass_isotonic_renorm,0.1,False,0.6964907581034021,0.21540723981900453,False,0.5858781897743791,0.5858781897743791,0.5858781897743791,0.5858781897743791,0.5858781897743791,0.9648504563115569,0.2926829268292683,0.6832526621490803,0.5365552846694392,0.48722316865417375,0.00014047574452144597,0.1388888888888889,0.25956361575517145,0.4390869727909339,0.6695804195804196
unsw_nb15_v2,dnn_5class_cw,toplabel_isotonic,0.02,True,0.4130410803485605,0.028612849076758737,False,0.40214327497929653,0.8398155138231317,0.8398154393909347,0.8039999955160196,0.9756097689572538,0.9896019142919296,0.0011405759908753922,0.10364794441227562,0.14557975656630365,0.0025492468134414832,0.009364283830123978,0.0,0.28631284916201116,0.12174550788412175,0.0
unsw_nb15_v2,dnn_5class_cw,toplabel_isotonic,0.02,False,0.3885220844298073,0.05868754055807917,False,0.8398154616948397,0.8398154616948397,0.8398154616948397,0.8398154616948397,0.8398154616948397,0.9264302806177942,0.0012356239901150081,0.07990735379270411,0.07036087977792013,0.34275782155272305,4.6961585423123884e-05,0.0,0.3170289855072464,0.042488619119878605,0.821501014198783
unsw_nb15_v2,dnn_5class_cw,toplabel_isotonic,0.05,True,0.4586123761050094,0.05164238592633315,True,0.3936170026847609,0.8398155138231317,0.8398153998084914,0.7255605554893124,0.9756097689572538,0.9998259734609528,0.0011405759908753922,0.2297336421540243,0.24092462096946402,0.0025492468134414832,0.010182324528958705,0.0,0.260239445494644,0.18967427431863507,0.0
unsw_nb15_v2,dnn_5class_cw,toplabel_isotonic,0.05,False,0.4648997021792912,0.10270142019455648,False,0.7876712239017487,0.7876712239017487,0.7876712239017487,0.7876712239017487,0.7876712239017487,0.9274309332173156,0.007413743940690049,0.4080775911986103,0.17675635276532137,0.4584009269988413,4.69109161701928e-05,0.20512820512820512,0.30081589216034055,0.14497130776200542,0.8518705763397371
unsw_nb15_v2,dnn_5class_cw,toplabel_isotonic,0.1,True,0.5242747514221333,0.10715037119413302,True,0.3936170026847609,0.8398155138231317,0.8039999950621948,0.6250000245189706,0.9756097689572538,0.9998259734609528,0.0011405759908753922,0.29111175448755067,0.4407431133888533,0.0025492468134414832,0.010182324528958705,0.0,0.2660367976131278,0.3386627906976744,0.0
unsw_nb15_v2,dnn_5class_cw,toplabel_isotonic,0.1,False,0.5939553426513922,0.1976229008038628,False,0.6206896764739736,0.6206896764739736,0.6206896764739736,0.6206896764739736,0.6206896764739736,0.9284750924515989,0.015492823876057408,0.7180081065431384,0.45873371770232757,0.6108922363847045,4.6858160348624716e-05,0.31901840490797545,0.41935483870967744,0.3499359944140579,0.875948406676783
unsw_nb15_v2,dnn_5class_cw,cctl,0.02,True,0.4130410803485605,0.028612849076758737,False,0.567164112994904,0.8333334284572782,0.9291337831589395,0.9027776745160196,0.9375000509694489,0.9896019142919296,0.0011405759908753922,0.10364794441227562,0.14557975656630365,0.0025492468134414832,0.009364283830123978,0.0,0.28631284916201116,0.12174550788412175,0.0
unsw_nb15_v2,dnn_5class_cw,cctl,0.02,False,0.45645356990907804,0.06428004280733249,False,0.8142857051001081,0.8142857051001081,0.8142857051001081,0.8142857051001081,0.8142857051001081,0.9288666521644551,0.0012356239901150081,0.263317892298784,0.3048259662609438,0.01738122827346466,9.36768149882904e-05,0.0,0.2594832325453546,0.2395796847635727,0.26666666666666666
unsw_nb15_v2,dnn_5class_cw,cctl,0.05,True,0.4586123761050094,0.05164238592633315,True,0.567163986965485,0.8333334284572782,0.8840579013991596,0.8773107899920821,0.9375000509694489,0.9998259734609528,0.0011405759908753922,0.2297336421540243,0.24092462096946402,0.0025492468134414832,0.010182324528958705,0.0,0.260239445494644,0.18967427431863507,0.0
unsw_nb15_v2,dnn_5class_cw,cctl,0.05,False,0.5312869321315453,0.12237513346778978,False,0.7017542300572489,0.7017542300572489,0.7017542300572489,0.7017542300572489,0.7017542300572489,0.9446595605829889,0.00142571998859424,0.47437753329473076,0.46102925475122786,0.01738122827346466,0.002486989361212177,0.0,0.3106499847421422,0.35132005558128765,0.26666666666666666
unsw_nb15_v2,dnn_5class_cw,cctl,0.1,True,0.5242747514221333,0.10715037119413302,True,0.567163986965485,0.8333334284572782,0.8142856990621947,0.7209301611468775,0.9375000509694489,0.9998259734609528,0.0011405759908753922,0.29111175448755067,0.4407431133888533,0.0025492468134414832,0.010182324528958705,0.0,0.2660367976131278,0.3386627906976744,0.0
unsw_nb15_v2,dnn_5class_cw,cctl,0.1,False,0.6483509557050787,0.2186656944950784,False,0.6073477930334847,0.6073477930334847,0.6073477930334847,0.6073477930334847,0.6073477930334847,0.9539699804220143,0.008649367930805056,0.5179502026635785,0.8260730301089045,0.01738122827346466,0.004150134537328408,0.21978021978021978,0.3208496366685299,0.49877213390202924,0.26666666666666666
unsw_nb15_v2,dnn_5class_cw,cctl_shrunk,0.02,True,0.4130410803485605,0.028612849076758737,False,0.5660855454261745,0.833394870024727,0.9271690153681783,0.9019271692723481,0.9396196125927974,0.9896019142919296,0.0011405759908753922,0.10364794441227562,0.14557975656630365,0.0025492468134414832,0.009364283830123978,0.0,0.28631284916201116,0.12174550788412175,0.0
unsw_nb15_v2,dnn_5class_cw,cctl_shrunk,0.02,False,0.45645356990907804,0.06428004280733249,False,0.8140594467631086,0.8140594467631086,0.8140594467631086,0.8140594467631086,0.8140594467631086,0.9288666521644551,0.0012356239901150081,0.263317892298784,0.3048259662609438,0.01738122827346466,9.36768149882904e-05,0.0,0.2594832325453546,0.2395796847635727,0.26666666666666666
unsw_nb15_v2,dnn_5class_cw,cctl_shrunk,0.05,True,0.4586123761050094,0.05164238592633315,True,0.5660296929505783,0.833394870024727,0.8830846831503548,0.8760041752641438,0.9396196125927974,0.9998259734609528,0.0011405759908753922,0.2297336421540243,0.24092462096946402,0.0025492468134414832,0.010182324528958705,0.0,0.260239445494644,0.18967427431863507,0.0
unsw_nb15_v2,dnn_5class_cw,cctl_shrunk,0.05,False,0.5292541876112888,0.12296424211748593,False,0.6997959944333132,0.6997959944333132,0.6997959944333132,0.6997959944333132,0.6997959944333132,0.9375244724820535,0.00142571998859424,0.47944412275622467,0.46102925475122786,0.01738122827346466,0.0018098287623555618,0.0,0.3131038647342995,0.35132005558128765,0.26666666666666666
unsw_nb15_v2,dnn_5class_cw,cctl_shrunk,0.1,True,0.5242747514221333,0.10715037119413302,True,0.5660296929505783,0.833394870024727,0.8140594407251952,0.7201041740913591,0.9396196125927974,0.9998259734609528,0.0011405759908753922,0.29111175448755067,0.4407431133888533,0.0025492468134414832,0.010182324528958705,0.0,0.2660367976131278,0.3386627906976744,0.0
unsw_nb15_v2,dnn_5class_cw,cctl_shrunk,0.1,False,0.6483667134145381,0.2186846838088757,False,0.6055809212000766,0.6055809212000766,0.6055809212000766,0.6055809212000766,0.6055809212000766,0.9539699804220143,0.008649367930805056,0.5180949623624783,0.8260730301089045,0.01738122827346466,0.004150134537328408,0.21978021978021978,0.32103939647946356,0.49877213390202924,0.26666666666666666
unsw_nb15_v2,dnn_5class_cw,dirichlet,0.02,True,0.43065819952411716,0.0145993413830955,True,0.5574656429540525,0.8080743650684199,0.8448102427424631,0.9522734989513387,0.8307859580255569,0.8786047578979577,0.12037037037037036,0.6308707124010554,0.05917771560637392,0.0150093808630394,0.003743687967960996,0.0,0.11668757841907151,0.017471736896197326,0.0
unsw_nb15_v2,dnn_5class_cw,dirichlet,0.02,False,0.49431934573990327,0.05849537774944214,False,0.8080743650684199,0.8080743650684199,0.8080743650684199,0.8080743650684199,0.8080743650684199,0.8167214870343456,0.12037037037037036,0.6923482849604221,0.22326967522199245,0.06941838649155722,9.365926758452749e-05,0.0,0.14634146341463414,0.19654045219286298,0.16216216216216217
unsw_nb15_v2,dnn_5class_cw,dirichlet,0.05,True,0.521895337293771,0.04067028985507246,True,0.5079404253496774,0.6753970152488111,0.8000005777497209,0.8670254065390897,0.8307859580255569,0.9630918687370917,0.21296296296296297,0.7021108179419525,0.15956088067145116,0.0150093808630394,0.01354195623684524,0.13043478260869565,0.15182262307403233,0.1141604726510387,0.0
unsw_nb15_v2,dnn_5class_cw,dirichlet,0.05,False,0.5900316729960133,0.13000747783356478,False,0.6753970152488111,0.6753970152488111,0.6753970152488111,0.6753970152488111,0.6753970152488111,0.8254035034039624,0.21296296296296297,0.8300791556728232,0.3822831772290476,0.23076923076923078,0.0005097076131782587,0.13043478260869565,0.22854418308963764,0.3254315488028001,0.35772357723577236
unsw_nb15_v2,dnn_5class_cw,dirichlet,0.1,True,0.6278029025700824,0.10321026078662685,True,0.3433962047534248,0.5742100451654909,0.5446675918695951,0.7325909068869649,0.8307859580255569,0.9998470129274076,0.6018518518518519,0.8841688654353562,0.3124619875927503,0.0150093808630394,0.017940478922806213,0.18461538461538463,0.26051924798567594,0.2684184914841849,0.0
unsw_nb15_v2,dnn_5class_cw,dirichlet,0.1,False,0.708766013772238,0.20465105938326775,False,0.5742100451654909,0.5742100451654909,0.5742100451654909,0.5742100451654909,0.5742100451654909,0.8642239730742752,0.6018518518518519,0.8701846965699208,0.5730446417710741,0.3302063789868668,0.002257036643653744,0.18461538461538463,0.2510612492419648,0.4369560602844407,0.45454545454545453
unsw_nb15_v2,rf_5class_smote,raw,0.02,True,0.4557602306928665,0.01784047297998133,True,0.5479166197850345,0.8322542355730181,0.7852699281196568,0.933857476035343,0.9842824279075328,0.8978492653794014,0.002777076495834385,0.4392695593901826,0.08748828722197564,0.0,0.01260967149561314,0.09090909090909091,0.050724637681159424,0.040586245772266064,
unsw_nb15_v2,rf_5class_smote,raw,0.02,False,0.4900490064764186,0.05453551561143445,False,0.7809505865007264,0.7809505865007264,0.7809505865007264,0.7809505865007264,0.7809505865007264,0.7860989997435239,0.008331229487503155,0.4429552688892612,0.3157271785767125,0.266,0.0008855744581682592,0.15151515151515152,0.056732223903177004,0.18822243049047171,0.5864661654135338
unsw_nb15_v2,rf_5class_smote,raw,0.05,True,0.5813334173744504,0.06074487693808956,False,0.3238951805502086,0.8322542355730181,0.7455740444382075,0.7677392276188802,0.9842824279075328,0.9992672113728794,0.002777076495834385,0.4682526386329368,0.33545396261774424,0.0,0.023466432002346643,0.09090909090909091,0.0851520572450805,0.20008820935019112,
unsw_nb15_v2,rf_5class_smote,raw,0.05,False,0.5618884039016089,0.10281002860508161,False,0.6832249079292861,0.6832249079292861,0.6832249079292861,0.6832249079292861,0.6832249079292861,0.8091452020664639,0.024993688462509468,0.5136538783715865,0.47176604034127334,0.372,0.002445209201231661,0.2474747474747475,0.12818003913894324,0.28224963412084464,0.6317204301075269
unsw_nb15_v2,rf_5class_smote,raw,0.1,True,0.6805124407116182,0.1273560876209883,False,0.3238951805502086,0.8322542355730181,0.691110880286347,0.5969492869238902,0.9551444077035696,0.9992672113728794,0.002777076495834385,0.5098006366225498,0.630763919711989,0.029,0.023466432002346643,0.09090909090909091,0.12553401248767662,0.34863174354964815,0.29310344827586204
unsw_nb15_v2,rf_5class_smote,raw,0.1,False,0.6118561005972172,0.131551160215303,False,0.6290532439051676,0.6290532439051676,0.6290532439051676,0.6290532439051676,0.6290532439051676,0.8338768182317811,0.03736430194395355,0.557212263360697,0.5691670365438675,0.4535,0.004745375455863615,0.2702702702702703,0.1656644618159952,0.3256216965600901,0.6736493936052922
unsw_nb15_v2,rf_5class_smote,temperature,0.02,True,0.45583901924016323,0.017802820796460176,True,0.5484668592366195,0.8343826986562003,0.7883522618953851,0.9353704228401432,0.9848472635304243,0.8982889385556736,0.002777076495834385,0.4392695593901826,0.08714306850125758,0.0,0.012603499612513766,0.09090909090909091,0.050724637681159424,0.04018109790605546,
unsw_nb15_v2,rf_5class_smote,temperature,0.02,False,0.490379918375065,0.05472365038560411,False,0.7826303515665372,0.7826303515665372,0.7826303515665372,0.7826303515665372,0.7826303515665372,0.78613563917488,0.008331229487503155,0.4431228011392193,0.31661488385855896,0.2665,0.0008855331841909023,0.15151515151515152,0.05671077504725898,0.18862928348909658,0.5872420262664165
unsw_nb15_v2,rf_5class_smote,temperature,0.05,True,0.5814122059217472,0.060763747730167766,False,0.324412721409793,0.8343826986562003,0.7481681147868783,0.7695382507356971,0.9848472635304243,0.9992672113728794,0.002777076495834385,0.4682526386329368,0.3357005474182571,0.0,0.023466432002346643,0.09090909090909091,0.0851520572450805,0.2000881445570736,
unsw_nb15_v2,rf_5class_smote,temperature,0.05,False,0.562250831219174,0.10288388778341415,False,0.6848239188951764,0.6848239188951764,0.6848239188951764,0.6848239188951764,0.6848239188951764,0.8090719232037519,0.024993688462509468,0.5138214106215446,0.47290033042363266,0.3725,0.0024454306675120007,0.2474747474747475,0.12813824584284317,0.28198977995619984,0.6322147651006711
unsw_nb15_v2,rf_5class_smote,temperature,0.1,True,0.6804809252926994,0.12736198592071138,False,0.324412721409793,0.8343826986562003,0.6933290397904189,0.5987672512252982,0.9563407056128049,0.9992672113728794,0.002777076495834385,0.5096331043725917,0.6307146027518864,0.029,0.023466432002346643,0.09090909090909091,0.1252465483234714,0.3487371960278364,0.29310344827586204
unsw_nb15_v2,rf_5class_smote,temperature,0.1,False,0.6111154882526276,0.13111752875045124,False,0.6312512175681378,0.6312512175681378,0.6312512175681378,0.6312512175681378,0.6312512175681378,0.8334005056241527,0.035092148447361776,0.5570447311107388,0.5683779651822262,0.454,0.004704123801987163,0.2517985611510791,0.16541353383458646,0.32503253796095444,0.6740088105726872
unsw_nb15_v2,rf_5class_smote,perclass_isotonic_renorm,0.02,True,0.4563905390712406,0.017953941235369263,True,0.5811139112330292,0.8219120731128583,0.7107151019425606,0.9745238664785124,0.9994831010660898,0.8917824707298392,0.06976744186046512,0.7208931419457735,0.05696729181335211,0.0,0.011411042944785276,0.09523809523809523,0.07079646017699115,0.026404494382022473,
unsw_nb15_v2,rf_5class_smote,perclass_isotonic_renorm,0.02,False,0.5065946014087392,0.05384304332949703,False,0.8219120731128583,0.8219120731128583,0.8219120731128583,0.8219120731128583,0.8219120731128583,0.7764160922055658,0.06976744186046512,0.6746411483253588,0.25430455098252575,0.4857142857142857,0.0001409310846995819,0.09523809523809523,0.03152088258471237,0.18361439718097156,0.5238095238095238
unsw_nb15_v2,rf_5class_smote,perclass_isotonic_renorm,0.05,True,0.5967917303540757,0.05914503736170887,False,0.3840191637693962,0.6792290672371861,0.6032304506392602,0.8297795494708174,0.9994831010660898,0.9983222088485246,0.1893687707641196,0.7687400318979266,0.2417269410484542,0.0,0.023565087136019874,0.10526315789473684,0.11756569847856155,0.16536475572620152,
unsw_nb15_v2,rf_5class_smote,perclass_isotonic_renorm,0.05,False,0.6228549817998456,0.14959394844030663,False,0.6792290672371861,0.6792290672371861,0.6792290672371861,0.6792290672371861,0.6792290672371861,0.7861181019075756,0.1893687707641196,0.7291334396597554,0.4686679895026563,0.7210884353741497,0.0004639725328260567,0.10526315789473684,0.07911046299671892,0.36765910953291453,0.5584905660377358
unsw_nb15_v2,rf_5class_smote,perclass_isotonic_renorm,0.1,True,0.6913379871101937,0.12866683381578647,False,0.3840191637693962,0.5329516160119434,0.5077444649115891,0.7029732829601361,0.9454793744401219,0.9983222088485246,0.24584717607973422,0.8633705475810739,0.41947769314472255,0.09931972789115646,0.023565087136019874,0.12162162162162163,0.18688423645320196,0.33272297245746546,0.3150684931506849
unsw_nb15_v2,rf_5class_smote,perclass_isotonic_renorm,0.1,False,0.8008698255621562,0.2154297182433496,False,0.5329516160119434,0.5329516160119434,0.5329516160119434,0.5329516160119434,0.5329516160119434,0.93266951161688,0.24584717607973422,0.8399787347155768,0.6837035140497983,0.8925170068027211,0.015720933870400064,0.12162162162162163,0.16867088607594938,0.45007723634321023,0.5945121951219512
unsw_nb15_v2,rf_5class_smote,toplabel_isotonic,0.02,True,0.4557602306928665,0.01784047297998133,True,0.4723323614157319,0.8901098322542355,0.8317459852699282,0.973214246357476,0.9969325026873359,0.8978492653794014,0.002777076495834385,0.4392695593901826,0.08748828722197564,0.0,0.01260967149561314,0.09090909090909091,0.050724637681159424,0.040586245772266064,
unsw_nb15_v2,rf_5class_smote,toplabel_isotonic,0.02,False,0.4900490064764186,0.05453551561143445,False,0.8317459809505866,0.8317459809505866,0.8317459809505866,0.8317459809505866,0.8317459809505866,0.7860989997435239,0.008331229487503155,0.4429552688892612,0.3157271785767125,0.266,0.0008855744581682592,0.15151515151515152,0.056732223903177004,0.18822243049047171,0.5864661654135338
unsw_nb15_v2,rf_5class_smote,toplabel_isotonic,0.05,True,0.5813334173744504,0.06074487693808956,False,0.36764701507165115,0.8901098322542355,0.7913485547343497,0.8181817677392277,0.9969325026873359,0.9992672113728794,0.002777076495834385,0.4682526386329368,0.33545396261774424,0.0,0.023466432002346643,0.09090909090909091,0.0851520572450805,0.20008820935019112,
unsw_nb15_v2,rf_5class_smote,toplabel_isotonic,0.05,False,0.5618884039016089,0.10281002860508161,False,0.706730745724908,0.706730745724908,0.706730745724908,0.706730745724908,0.706730745724908,0.8091452020664639,0.024993688462509468,0.5136538783715865,0.47176604034127334,0.372,0.002445209201231661,0.2474747474747475,0.12818003913894324,0.28224963412084464,0.6317204301075269
unsw_nb15_v2,rf_5class_smote,toplabel_isotonic,0.1,True,0.6805124407116182,0.1273560876209883,False,0.36764701507165115,0.8901098322542355,0.7120418638857494,0.4723324104483991,0.9787878551444076,0.9992672113728794,0.002777076495834385,0.5098006366225498,0.630763919711989,0.029,0.023466432002346643,0.09090909090909091,0.12553401248767662,0.34863174354964815,0.29310344827586204
unsw_nb15_v2,rf_5class_smote,toplabel_isotonic,0.1,False,0.6118561005972172,0.131551160215303,False,0.472332442552356,0.472332442552356,0.472332442552356,0.472332442552356,0.472332442552356,0.8338768182317811,0.03736430194395355,0.557212263360697,0.5691670365438675,0.4535,0.004745375455863615,0.2702702702702703,0.1656644618159952,0.3256216965600901,0.6736493936052922
unsw_nb15_v2,rf_5class_smote,cctl,0.02,True,0.4557602306928665,0.01784047297998133,True,0.6547617979166197,0.9999998322542355,0.6534654783392351,0.965517209719545,0.9999999842824279,0.8978492653794014,0.002777076495834385,0.4392695593901826,0.08748828722197564,0.0,0.01260967149561314,0.09090909090909091,0.050724637681159424,0.040586245772266064,
unsw_nb15_v2,rf_5class_smote,cctl,0.02,False,0.5062006586722554,0.06300585232225128,False,0.8765956001701136,0.8765956001701136,0.8765956001701136,0.8765956001701136,0.8765956001701136,0.7906056498003151,0.004796768492804847,0.4322332048919417,0.39068895793263303,0.003,0.0013903049402168876,0.13157894736842105,0.04224806201550388,0.23718757889421863,0.16666666666666666
unsw_nb15_v2,rf_5class_smote,cctl,0.05,True,0.5813334173744504,0.06074487693808956,False,0.5943393521970673,0.9999998322542355,0.6112582645510983,0.8765956358243341,0.9999999842824279,0.9992672113728794,0.002777076495834385,0.4682526386329368,0.33545396261774424,0.0,0.023466432002346643,0.09090909090909091,0.0851520572450805,0.20008820935019112,
unsw_nb15_v2,rf_5class_smote,cctl,0.05,False,0.6390539071240604,0.13941560843299222,False,0.7068964236582054,0.7068964236582054,0.7068964236582054,0.7068964236582054,0.7068964236582054,0.8686842780200051,0.004796768492804847,0.4322332048919417,0.6942348473640085,0.0755,0.00839343709139989,0.13157894736842105,0.04224806201550388,0.3747957661433544,0.4304635761589404
unsw_nb15_v2,rf_5class_smote,cctl,0.1,True,0.6805124407116182,0.1273560876209883,False,0.5943393521970673,0.9999998322542355,0.47004630401410613,0.7823127398064297,0.8437501113944077,0.9992672113728794,0.002777076495834385,0.5098006366225498,0.630763919711989,0.029,0.023466432002346643,0.09090909090909091,0.12553401248767662,0.34863174354964815,0.29310344827586204
unsw_nb15_v2,rf_5class_smote,cctl,0.1,False,0.8056916846567183,0.20885976921572463,False,0.4700463032019941,0.4700463032019941,0.4700463032019941,0.4700463032019941,0.4700463032019941,1.0,0.004796768492804847,0.5104707656223824,0.995660107510973,0.2815,0.02374235151870443,0.13157894736842105,0.12602559894978668,0.4610431423052157,0.5932504440497336
unsw_nb15_v2,rf_5class_smote,cctl_shrunk,0.02,True,0.4557602306928665,0.01784047297998133,True,0.6505967422887455,0.9955954234366001,0.6715192005600648,0.9657599418746359,0.9989548457491767,0.8978492653794014,0.002777076495834385,0.4392695593901826,0.08748828722197564,0.0,0.01260967149561314,0.09090909090909091,0.050724637681159424,0.040586245772266064,
unsw_nb15_v2,rf_5class_smote,cctl_shrunk,0.02,False,0.5013945572871528,0.05898991168798517,False,0.8739072792815673,0.8739072792815673,0.8739072792815673,0.8739072792815673,0.8739072792815673,0.7906056498003151,0.004796768492804847,0.4322332048919417,0.3721950978941658,0.038,0.0013903049402168876,0.13157894736842105,0.04224806201550388,0.226315092089572,0.32894736842105265
unsw_nb15_v2,rf_5class_smote,cctl_shrunk,0.05,True,0.5813334173744504,0.06074487693808956,False,0.5891637280617839,0.9955954234366001,0.6294952559620605,0.8747535081647596,0.9989548457491767,0.9992672113728794,0.002777076495834385,0.4682526386329368,0.33545396261774424,0.0,0.023466432002346643,0.09090909090909091,0.0851520572450805,0.20008820935019112,
unsw_nb15_v2,rf_5class_smote,cctl_shrunk,0.05,False,0.6339484092592301,0.13730705177599364,False,0.7118274233043121,0.7118274233043121,0.7118274233043121,0.7118274233043121,0.7118274233043121,0.8632250027479573,0.004796768492804847,0.4322332048919417,0.6757409873255412,0.1755,0.007852292020373514,0.13157894736842105,0.04224806201550388,0.3676835498467377,0.5327635327635327
unsw_nb15_v2,rf_5class_smote,cctl_shrunk,0.1,True,0.6805124407116182,0.1273560876209883,False,0.5891637280617839,0.9955954234366001,0.4945521834947788,0.7725372642669144,0.8897595641201317,0.9992672113728794,0.002777076495834385,0.5098006366225498,0.630763919711989,0.029,0.023466432002346643,0.09090909090909091,0.12553401248767662,0.34863174354964815,0.29310344827586204
unsw_nb15_v2,rf_5class_smote,cctl_shrunk,0.1,False,0.8060856273932021,0.2094027954256671,False,0.4958260049520969,0.4958260049520969,0.4958260049520969,0.4958260049520969,0.4958260049520969,1.0,0.004796768492804847,0.5009214273747696,0.9904325097400997,0.3755,0.02374235151870443,0.13157894736842105,0.1177257525083612,0.4596424836926754,0.6338215712383488
unsw_nb15_v2,rf_5class_smote,dirichlet,0.02,True,0.45971541576716407,0.014430657434702131,True,0.6370405623198313,0.8495042686501136,0.7016908414143892,0.9759397132044313,0.9302512125456794,0.861473655134314,0.03773584905660377,0.7239467849223947,0.053424703103689165,0.0,0.010260521042084168,0.0,0.0386676875957121,0.039850560398505604,
unsw_nb15_v2,rf_5class_smote,dirichlet,0.02,False,0.5078867335844062,0.05106884676243368,False,0.8495042686501136,0.8495042686501136,0.8495042686501136,0.8495042686501136,0.8495042686501136,0.7487742559215523,0.03773584905660377,0.6682372505543237,0.2685539403213466,0.08196721311475409,0.0011067047864982017,0.0,0.0037328909166321027,0.19732441471571907,0.36363636363636365
unsw_nb15_v2,rf_5class_smote,dirichlet,0.05,True,0.603677849387813,0.05497259201252937,True,0.5000136909650315,0.7061895947123189,0.6168603942752667,0.8751326547610363,0.9302512125456794,0.9856018230785166,0.0880503144654088,0.7691241685144125,0.23206147500083163,0.0,0.027045016640392362,0.0,0.0745945945945946,0.1615538990825688,
unsw_nb15_v2,rf_5class_smote,dirichlet,0.05,False,0.6241943871038905,0.11360193880642229,False,0.7061895947123189,0.7061895947123189,0.7061895947123189,0.7061895947123189,0.7061895947123189,0.8121676679787307,0.0880503144654088,0.7231152993348116,0.44116962176906954,0.3055141579731744,0.005696794490264433,0.0,0.038328861632809505,0.31450761574423164,0.4634146341463415
unsw_nb15_v2,rf_5class_smote,dirichlet,0.1,True,0.6967428814547517,0.10905554550388999,True,0.4110991461515414,0.5781934766220309,0.5463412499862671,0.7409669721996136,0.7423552729832275,0.9975485118431048,0.3270440251572327,0.83009977827051,0.40288080902165596,0.2488822652757079,0.02997473261569347,0.09615384615384616,0.11318864774624374,0.2922962595987119,0.4311377245508982
unsw_nb15_v2,rf_5class_smote,dirichlet,0.1,False,0.7766502261231307,0.18392273824740804,False,0.5781934766220309,0.5781934766220309,0.5781934766220309,0.5781934766220309,0.5781934766220309,0.9117118983495615,0.3270440251572327,0.8040465631929047,0.6495791889824024,0.5991058122205664,0.016928612005302025,0.09615384615384616,0.09858669424336436,0.4153223741486147,0.5398009950248757
unsw_nb15_v2,xgb_5class_smote,raw,0.02,True,0.4695639841792597,0.01580589952682976,True,0.6522839890966109,0.8784410267330324,0.8689553526000858,0.9751434562487565,inf,0.86161641040076,0.014449575450618203,0.48707681106661815,0.11741302738712066,0.0,0.010699117935315257,0.030927835051546393,0.04484304932735426,0.0338849487785658,
unsw_nb15_v2,xgb_5class_smote,raw,0.02,False,0.5258977954964467,0.060196560196560195,False,0.8506600249175916,0.8506600249175916,0.8506600249175916,0.8506600249175916,0.8506600249175916,0.7607051124168749,0.018024728139430953,0.4947215143793229,0.39257957068837895,0.352506162695152,0.0012950971322849213,0.05785123966942149,0.052980132450331126,0.19290596276219657,0.44988344988344986
unsw_nb15_v2,xgb_5class_smote,raw,0.05,True,0.6319314224484329,0.07076777298456474,False,0.49946293624397564,0.771258683276305,0.8127499492885674,0.8408457824776869,inf,0.986242567115865,0.05928794875614479,0.5136512559155443,0.4095577350111029,0.0,0.024794862647163754,0.3417085427135678,0.07406094968107725,0.20309499604653788,
unsw_nb15_v2,xgb_5class_smote,raw,0.05,False,0.6339641669686894,0.1283555378802943,False,0.7282910798745755,0.7282910798745755,0.7282910798745755,0.7282910798745755,0.7282910798745755,0.8084163118820591,0.07880232384924774,0.6077539133600292,0.5886380458919319,0.5456039441248973,0.005745125348189415,0.3856332703213611,0.18029350104821804,0.30210625589437284,0.5753012048192772
unsw_nb15_v2,xgb_5class_smote,raw,0.1,True,0.7438269173192985,0.1433776798576392,False,0.38219820990359715,0.7710785264351322,0.7032502047940027,0.6655040786472946,0.9692157314564938,0.999331480243482,0.05928794875614479,0.627775755369494,0.6841228719467062,0.1372226787181594,0.025772832899091613,0.3417085427135678,0.19831835314583937,0.35001352447930756,0.23952095808383234
unsw_nb15_v2,xgb_5class_smote,raw,0.1,False,0.7151951592316541,0.1732654724921233,False,0.6577552689271075,0.6577552689271075,0.6577552689271075,0.6577552689271075,0.6577552689271075,0.8576052918616516,0.2206167138388202,0.6758281761922097,0.6949019245003701,0.6557107641741988,0.01058504964306228,0.5921674544226874,0.2437382170751414,0.35503628253778047,0.6152882205513784
unsw_nb15_v2,xgb_5class_smote,temperature,0.02,True,0.46778336301035284,0.015192346560668328,True,0.6228106031380009,0.8550134169725423,0.8146565640112438,0.9509615812150193,inf,0.8583441821188558,0.011619246238641441,0.48525664361121224,0.11782938564026647,0.0,0.010657921705267474,0.02564102564102564,0.041635408852213056,0.030624263839811542,
unsw_nb15_v2,xgb_5class_smote,temperature,0.02,False,0.5256614298545563,0.05989388171108247,False,0.7978122020758035,0.7978122020758035,0.7978122020758035,0.7978122020758035,0.7978122020758035,0.7616902994264804,0.01906748100700134,0.4930833636694576,0.39170059215396,0.33442892358258014,0.001385809312638581,0.0703125,0.05204872646733112,0.19392937285933626,0.43243243243243246
unsw_nb15_v2,xgb_5class_smote,temperature,0.05,True,0.6276768408944076,0.06793362287550524,False,0.4813906602784831,0.7398685276229299,0.7545334503217265,0.7911284920613487,inf,0.9872277541254706,0.03858185610010428,0.5127411721878413,0.4024333826794967,0.0,0.025090883170575236,0.24324324324324326,0.07206247781327653,0.1995631681802506,
unsw_nb15_v2,xgb_5class_smote,temperature,0.05,False,0.6323726383132948,0.12586279933218708,False,0.6823146846060025,0.6823146846060025,0.6823146846060025,0.6823146846060025,0.6823146846060025,0.8117237254143064,0.07612095933263817,0.5961048416454314,0.5854459659511473,0.5094494658997535,0.006198526224534027,0.36203522504892366,0.16916030534351145,0.3023310944290794,0.5532258064516129
unsw_nb15_v2,xgb_5class_smote,temperature,0.1,True,0.7489008997652101,0.14714051256154526,False,0.358840509734916,0.711650445724091,0.6482525231554968,0.6183685306563894,0.935803851080611,0.9994370359945111,0.061224489795918366,0.6288678558427375,0.6980014803849001,0.1372226787181594,0.025840521035029044,0.3357664233576642,0.19913169319826338,0.35743637327677624,0.23952095808383234
unsw_nb15_v2,xgb_5class_smote,temperature,0.1,False,0.7270449567450875,0.17674852077418235,False,0.6080943973174145,0.6080943973174145,0.6080943973174145,0.6080943973174145,0.6080943973174145,0.871046057492699,0.2133174437658275,0.6758281761922097,0.7148871206513694,0.6450287592440427,0.011997091614154144,0.5810055865921788,0.24266092108806894,0.36530123600595354,0.6114649681528662
unsw_nb15_v2,xgb_5class_smote,perclass_isotonic_renorm,0.02,True,0.470871874064386,0.014055284117528948,True,0.587999795617416,0.8495367065994911,0.8303690261872011,0.9791100006325512,inf,0.8681182947487295,0.11605206073752712,0.6825031928480204,0.08499083565270518,0.0,0.010610187405992113,0.037383177570093455,0.04229041916167665,0.016773162939297124,
unsw_nb15_v2,xgb_5class_smote,perclass_isotonic_renorm,0.02,False,0.5382675974220388,0.06744928130214585,False,0.8495367065994911,0.8495367065994911,0.8495367065994911,0.8495367065994911,0.8495367065994911,0.7610460191981931,0.11605206073752712,0.6748403575989783,0.32424818410155454,0.35351089588377727,0.0010665430095061442,0.037383177570093455,0.03898561695685087,0.21731393279598032,0.3356164383561644
unsw_nb15_v2,xgb_5class_smote,perclass_isotonic_renorm,0.05,True,0.6347047793132791,0.07080612726234514,False,0.46510934143137,0.696727821738892,0.6631829759942273,0.8566896837369377,inf,0.991988989271598,0.23644251626898047,0.7476372924648786,0.3063267938361279,0.0,0.024618449606887475,0.29357798165137616,0.1100102494021182,0.19656509695290858,
unsw_nb15_v2,xgb_5class_smote,perclass_isotonic_renorm,0.05,False,0.6559146562455681,0.15685285285285286,False,0.696727821738892,0.696727821738892,0.696727821738892,0.696727821738892,0.696727821738892,0.777632693393563,0.23644251626898047,0.7351213282247765,0.5431403163396918,0.5956416464891041,0.0018606761969593827,0.29357798165137616,0.09520500347463516,0.3692663417072866,0.4898373983739837
unsw_nb15_v2,xgb_5class_smote,perclass_isotonic_renorm,0.1,True,0.7502403050692551,0.14897817731196572,False,0.43687412151789234,0.5279360688450349,0.5148505058634281,0.7182578109029063,0.9317856979446038,0.9952710333145116,0.5661605206073753,0.9106002554278416,0.5151381440499626,0.17554479418886199,0.024643642294872703,0.41762452107279696,0.22215988779803647,0.35296830730710943,0.21379310344827587
unsw_nb15_v2,xgb_5class_smote,perclass_isotonic_renorm,0.1,False,0.881344447771072,0.2299261590173607,False,0.5279360688450349,0.5279360688450349,0.5279360688450349,0.5279360688450349,0.5279360688450349,0.9276891586674195,0.5661605206073753,0.8329501915708812,0.8566967619306225,0.7518159806295399,0.01673831171301404,0.41762452107279696,0.17448635387917816,0.4474643423137876,0.5458937198067633
unsw_nb15_v2,xgb_5class_smote,toplabel_isotonic,0.02,True,0.4695639841792597,0.01580589952682976,True,0.44423428722374814,0.8847736562188044,0.8847736467331303,0.9627118768383714,inf,0.86161641040076,0.014449575450618203,0.48707681106661815,0.11741302738712066,0.0,0.010699117935315257,0.030927835051546393,0.04484304932735426,0.0338849487785658,
unsw_nb15_v2,xgb_5class_smote,toplabel_isotonic,0.02,False,0.5258977954964467,0.060196560196560195,False,0.8606060506600248,0.8606060506600248,0.8606060506600248,0.8606060506600248,0.8606060506600248,0.7607051124168749,0.018024728139430953,0.4947215143793229,0.39257957068837895,0.352506162695152,0.0012950971322849213,0.05785123966942149,0.052980132450331126,0.19290596276219657,0.44988344988344986
unsw_nb15_v2,xgb_5class_smote,toplabel_isotonic,0.05,True,0.6319314224484329,0.07076777298456474,False,0.44423413440269527,0.7432432712586832,0.8235294009852434,0.8606060408457824,inf,0.986242567115865,0.05928794875614479,0.5136512559155443,0.4095577350111029,0.0,0.024794862647163754,0.3417085427135678,0.07406094968107725,0.20309499604653788,
unsw_nb15_v2,xgb_5class_smote,toplabel_isotonic,0.05,False,0.6339641669686894,0.1283555378802943,False,0.6666667282910799,0.6666667282910799,0.6666667282910799,0.6666667282910799,0.6666667282910799,0.8084163118820591,0.07880232384924774,0.6077539133600292,0.5886380458919319,0.5456039441248973,0.005745125348189415,0.3856332703213611,0.18029350104821804,0.30210625589437284,0.5753012048192772
unsw_nb15_v2,xgb_5class_smote,toplabel_isotonic,0.1,True,0.7438269173192985,0.1433776798576392,False,0.3125000696982099,0.7432432710785264,0.5655173791122738,0.47409345565951905,0.9617347013585886,0.999331480243482,0.05928794875614479,0.627775755369494,0.6841228719467062,0.1372226787181594,0.025772832899091613,0.3417085427135678,0.19831835314583937,0.35001352447930756,0.23952095808383234
unsw_nb15_v2,xgb_5class_smote,toplabel_isotonic,0.1,False,0.7151951592316541,0.1732654724921233,False,0.44423429269502795,0.44423429269502795,0.44423429269502795,0.44423429269502795,0.44423429269502795,0.8576052918616516,0.2206167138388202,0.6758281761922097,0.6949019245003701,0.6557107641741988,0.01058504964306228,0.5921674544226874,0.2437382170751414,0.35503628253778047,0.6152882205513784
unsw_nb15_v2,xgb_5class_smote,cctl,0.02,True,0.4695639841792597,0.01580589952682976,True,0.7204968261970325,0.8947368258094477,0.7560976738334013,0.9713261686918432,inf,0.86161641040076,0.014449575450618203,0.48707681106661815,0.11741302738712066,0.0,0.010699117935315257,0.030927835051546393,0.04484304932735426,0.0338849487785658,
unsw_nb15_v2,xgb_5class_smote,cctl,0.02,False,0.5440349190841619,0.07278783490224475,False,0.8722221560860934,0.8722221560860934,0.8722221560860934,0.8722221560860934,0.8722221560860934,0.7640125259491222,0.01638611649039178,0.4770658900618857,0.46604367135455216,0.0049301561216105174,0.001519756838905775,0.045454545454545456,0.0331934376192293,0.23704586063132818,0.0
unsw_nb15_v2,xgb_5class_smote,cctl,0.05,True,0.6319314224484329,0.07076777298456474,False,0.5333332994629362,0.34244554289019424,0.5752690546854332,0.8863635908457824,inf,0.986242567115865,0.05928794875614479,0.5136512559155443,0.4095577350111029,0.0,0.024794862647163754,0.3417085427135678,0.07406094968107725,0.20309499604653788,
unsw_nb15_v2,xgb_5class_smote,cctl,0.05,False,0.6637777532657853,0.1367628905137214,False,0.729138098251534,0.729138098251534,0.729138098251534,0.729138098251534,0.729138098251534,0.8470849020090778,0.016535081185758974,0.5061885693483801,0.6905995558845299,0.18816762530813474,0.009595015576323987,0.04504504504504504,0.0668824163969795,0.3532958199356913,0.2838427947598253
unsw_nb15_v2,xgb_5class_smote,cctl,0.1,True,0.7438269173192985,0.1433776798576392,False,0.2894919169951269,0.3424455427100374,0.5752689451856887,0.7291381032605767,0.8235295574510255,0.999331480243482,0.05928794875614479,0.627775755369494,0.6841228719467062,0.1372226787181594,0.025772832899091613,0.3417085427135678,0.19831835314583937,0.35001352447930756,0.23952095808383234
unsw_nb15_v2,xgb_5class_smote,cctl,0.1,False,0.8502387292983092,0.21270641436699594,False,0.5060242709901956,0.5060242709901956,0.5060242709901956,0.5060242709901956,0.5060242709901956,0.993138876183104,0.04558319678236258,0.6614488532945031,0.9729367135455218,0.6244864420706656,0.02533125487139517,0.28104575163398693,0.23032471106219043,0.4459607246445723,0.6052631578947368
unsw_nb15_v2,xgb_5class_smote,cctl_shrunk,0.02,True,0.4695639841792597,0.01580589952682976,True,0.7173681451214573,0.8945308049328835,0.7635485118704441,0.9711910001393017,inf,0.86161641040076,0.014449575450618203,0.48707681106661815,0.11741302738712066,0.0,0.010699117935315257,0.030927835051546393,0.04484304932735426,0.0338849487785658,
unsw_nb15_v2,xgb_5class_smote,cctl_shrunk,0.02,False,0.5452167472936134,0.07291907514450867,False,0.8714581087080616,0.8714581087080616,0.8714581087080616,0.8714581087080616,0.8714581087080616,0.7640125259491222,0.01638611649039178,0.4770658900618857,0.4654885270170244,0.07641741988496302,0.001519756838905775,0.045454545454545456,0.0331934376192293,0.23693102762870205,0.15053763440860216
unsw_nb15_v2,xgb_5class_smote,cctl_shrunk,0.05,True,0.6319314224484329,0.07076777298456474,False,0.5323242488960026,0.35073333710790494,0.5896442918770841,0.8859594240483557,inf,0.986242567115865,0.05928794875614479,0.5136512559155443,0.4095577350111029,0.0,0.024794862647163754,0.3417085427135678,0.07406094968107725,0.20309499604653788,
unsw_nb15_v2,xgb_5class_smote,cctl_shrunk,0.05,False,0.6638880572320007,0.13669269658920985,False,0.7246676166965698,0.7246676166965698,0.7246676166965698,0.7246676166965698,0.7246676166965698,0.8470849020090778,0.016535081185758974,0.5061885693483801,0.6902294596595114,0.20049301561216104,0.009595015576323987,0.04504504504504504,0.0668824163969795,0.3530160857908847,0.28688524590163933
unsw_nb15_v2,xgb_5class_smote,cctl_shrunk,0.1,True,0.7438269173192985,0.1433776798576392,False,0.2897524849759093,0.3507333369277481,0.5747042916782531,0.7251361473904833,0.8591494399014283,0.999331480243482,0.05928794875614479,0.627775755369494,0.6841228719467062,0.1372226787181594,0.025772832899091613,0.3417085427135678,0.19831835314583937,0.35001352447930756,0.23952095808383234
unsw_nb15_v2,xgb_5class_smote,cctl_shrunk,0.1,False,0.8504278218118214,0.21278882321332618,False,0.505780450386321,0.505780450386321,0.505780450386321,0.505780450386321,0.505780450386321,0.993138876183104,0.045881126173096975,0.6614488532945031,0.9729367135455218,0.6327033689400164,0.02533125487139517,0.2792207792207792,0.23032471106219043,0.4459607246445723,0.6064935064935065
unsw_nb15_v2,xgb_5class_smote,dirichlet,0.02,True,0.4734561384157199,0.01724023164481129,True,0.6895099988027272,0.6588521857299472,0.7358062132741919,0.9758493729334753,0.850145367644009,0.8439316298105032,0.14528593508500773,0.6987328678562192,0.09282438536602186,0.02186421173762946,0.01035087004360406,0.031914893617021274,0.05107327905255366,0.043833580980683504,0.2631578947368421
unsw_nb15_v2,xgb_5class_smote,dirichlet,0.02,False,0.5483367737665653,0.06954422667969423,False,0.8353122383319048,0.8353122383319048,0.8353122383319048,0.8353122383319048,0.8353122383319048,0.7582625442789834,0.0030911901081916537,0.669511249030256,0.34885003965380507,0.04833141542002301,0.0030388243831640056,0.0,0.024719969100038625,0.22536324997528911,0.21428571428571427
unsw_nb15_v2,xgb_5class_smote,dirichlet,0.05,True,0.6340587132254456,0.07028182315224414,False,0.5301796917787162,0.5358981149139401,0.6380293768599297,0.8586034813660984,0.850145367644009,0.9604154486363793,0.3415765069551777,0.7489009568140678,0.3164028826592186,0.02186421173762946,0.023812934183198454,0.14479638009049775,0.0925414364640884,0.20248474280732345,0.2631578947368421
unsw_nb15_v2,xgb_5class_smote,dirichlet,0.05,False,0.6639038149414601,0.12771764929269913,False,0.7111303917739009,0.7111303917739009,0.7111303917739009,0.7111303917739009,0.7111303917739009,0.828799394710596,0.080370942812983,0.7103697957072667,0.5165339126237026,0.29228998849252014,0.009212000497945972,0.019230769230769232,0.06261376046596287,0.3275700934579439,0.3110236220472441
unsw_nb15_v2,xgb_5class_smote,dirichlet,0.1,True,0.7458281464206363,0.13054868901988126,False,0.3438275344065672,0.5240791149531936,0.5054071179338684,0.7203067558239002,0.8325710026664687,0.9997592598961378,0.38639876352395675,0.8774243599689682,0.5024309506568739,0.05408515535097814,0.028998968008255934,0.18,0.18597111700559976,0.31912703314803376,0.2127659574468085
unsw_nb15_v2,xgb_5class_smote,dirichlet,0.1,False,0.8145790327917933,0.18988664061593222,False,0.5828502978218028,0.5828502978218028,0.5828502978218028,0.5828502978218028,0.5828502978218028,0.9200055026309454,0.250386398763524,0.8008792345487458,0.7310782386814247,0.5546605293440736,0.01898994430114762,0.1111111111111111,0.13400064578624477,0.4076502216772003,0.48132780082987553
unsw_nb15_v2,dnn_5class_smote,raw,0.02,True,0.44044373709837537,0.0284784086436979,False,0.5225178668980176,0.8834034940836658,0.8926638852761775,0.8949284665772683,0.9940255962878525,0.9008651480276212,0.009508871679247133,0.38629374725435645,0.13734873487348734,0.006223386832623649,0.009823788546255506,0.1134020618556701,0.12585291887793784,0.09090909090909091,0.15789473684210525
unsw_nb15_v2,dnn_5class_smote,raw,0.02,False,0.44143647279431464,0.060184193617476976,False,0.8967378717795312,0.8967378717795312,0.8967378717795312,0.8967378717795312,0.8967378717795312,0.8496706087784744,0.00843054602489952,0.38365792941865573,0.13487348734873486,0.4736324926301998,0.00023353573096683791,0.10465116279069768,0.12213740458015267,0.08972267536704731,0.7828492392807745
unsw_nb15_v2,dnn_5class_smote,raw,0.05,True,0.5054915617465845,0.056423205212132545,False,0.5020484106826658,0.8834034940836658,0.851452779689419,0.8127850354722571,0.9940255962878525,0.982776410826256,0.009508871679247133,0.42158441938790453,0.2376237623762376,0.006223386832623649,0.020513648845097723,0.1134020618556701,0.15943035776311218,0.19189814814814815,0.15789473684210525
unsw_nb15_v2,dnn_5class_smote,raw,0.05,False,0.501363041868234,0.10943835056730679,False,0.7982672220135644,0.7982672220135644,0.7982672220135644,0.7982672220135644,0.7982672220135644,0.8501071513612192,0.018135476914028035,0.5167667301215405,0.2573157315731573,0.6564035375040943,0.0003267821296858223,0.23783783783783785,0.2354774723717767,0.202009405728944,0.8258483033932136
unsw_nb15_v2,dnn_5class_smote,raw,0.1,True,0.5860134570838783,0.10204630401462798,True,0.35035187789094174,0.8750920506873211,0.8193204513895724,0.6608986515313827,0.9767100989380285,0.9999206286213191,0.010489167728654054,0.48045101771855325,0.46243124312431244,0.06485424172944644,0.022424194316558184,0.12149532710280374,0.20572996037793356,0.29285119543237775,0.40404040404040403
unsw_nb15_v2,dnn_5class_smote,raw,0.1,False,0.6243992373268622,0.20572870662460568,False,0.633344095678568,0.633344095678568,0.633344095678568,0.633344095678568,0.633344095678568,0.8504643225652829,0.10734241741005784,0.7490115683116122,0.5165566556655665,0.8496560759908287,0.0006066262249183388,0.6675799086757991,0.4254154447702835,0.32126504099669895,0.853893600616808
unsw_nb15_v2,dnn_5class_smote,temperature,0.02,True,0.432123666503837,0.024322648871385334,False,0.5154880914991152,0.7949376972517966,0.7856450767066233,0.8397638371747301,0.96795004736221,0.9013016906103659,0.009606901284187825,0.3899546053594963,0.10627062706270628,0.006223386832623649,0.009730967372638809,0.12244897959183673,0.1273000375516335,0.04813664596273292,0.10526315789473684
unsw_nb15_v2,dnn_5class_smote,temperature,0.02,False,0.44903168875372274,0.0625350926445817,False,0.7892063889664066,0.7892063889664066,0.7892063889664066,0.7892063889664066,0.7892063889664066,0.8496706087784744,0.009900990099009901,0.3874652218480012,0.16276127612761276,0.4520144120537177,0.00023353573096683791,0.12871287128712872,0.1235827664399093,0.12402838796890842,0.7753623188405797
unsw_nb15_v2,dnn_5class_smote,temperature,0.05,True,0.5051921652668568,0.054834684965689336,True,0.4993627940703897,0.7949376972517966,0.7502582537626604,0.7225765510723916,0.96795004736221,0.9808714977379157,0.009606901284187825,0.419973641821643,0.23976897689768978,0.006223386832623649,0.02063440686195177,0.12244897959183673,0.15411436541143655,0.18169304886441845,0.10526315789473684
unsw_nb15_v2,dnn_5class_smote,temperature,0.05,False,0.5054915617465845,0.10779637769257146,False,0.6946944568882782,0.6946944568882782,0.6946944568882782,0.6946944568882782,0.6946944568882782,0.8500674656718787,0.022350749926477797,0.5084199736418217,0.27772277227722775,0.6256141500163773,0.000326797385620915,0.33771929824561403,0.2217741935483871,0.20558526440879382,0.8198952879581152
unsw_nb15_v2,dnn_5class_smote,temperature,0.1,True,0.5798049195568932,0.09745889387144993,True,0.3307732997690551,0.7854811596806154,0.7193932481061207,0.6046296486682514,0.9194511562121072,0.9999206286213191,0.010587197333594745,0.4666861912432274,0.4457645764576458,0.06550933508024893,0.022463883156056515,0.12962962962962962,0.1829306557891434,0.2888696939782823,0.41
unsw_nb15_v2,dnn_5class_smote,temperature,0.1,False,0.6321835457997825,0.2098008424935816,False,0.5611786979514872,0.5611786979514872,0.5611786979514872,0.5611786979514872,0.5611786979514872,0.851972378760219,0.10528379570630331,0.7191389661736711,0.5611111111111111,0.8074025548640681,0.0013508477734302216,0.6703910614525139,0.4027692934229281,0.3527105185766101,0.8486815415821501
unsw_nb15_v2,dnn_5class_smote,perclass_isotonic_renorm,0.02,True,0.42969697924709666,0.018995929443690638,True,0.5048572082982797,0.8046945907814518,0.8397848659177631,0.9376173663174705,0.9547380388698821,0.931230567828506,0.057971014492753624,0.551650235747964,0.05737978797727894,0.02339688041594454,0.010763080437552168,0.0,0.09013209013209013,0.02011646373742721,0.1111111111111111
unsw_nb15_v2,dnn_5class_smote,perclass_isotonic_renorm,0.02,False,0.4838404689494335,0.04468327633935841,False,0.8046945907814518,0.8046945907814518,0.8046945907814518,0.8046945907814518,0.8046945907814518,0.8755931926035019,0.057971014492753624,0.58058294042006,0.1917924728896449,0.22790294627383015,0.0002336121104518058,0.0,0.11406423034330011,0.14887551472917326,0.44866920152091255
unsw_nb15_v2,dnn_5class_smote,perclass_isotonic_renorm,0.05,True,0.5200832007059454,0.04556885320405999,True,0.33736409614151386,0.6868963029622138,0.6506759871031013,0.8193698968556338,0.9547380388698821,0.9984045164457536,0.2427536231884058,0.6375910844406344,0.16800826220345677,0.02339688041594454,0.01679983609916001,0.07462686567164178,0.16134453781512606,0.10956427409148436,0.1111111111111111
unsw_nb15_v2,dnn_5class_smote,perclass_isotonic_renorm,0.05,False,0.5821213028474181,0.12433003085918466,False,0.6868963029622138,0.6868963029622138,0.6868963029622138,0.6868963029622138,0.6868963029622138,0.8762886597938144,0.2427536231884058,0.6133733390484355,0.36991585917803227,0.3596187175043328,0.000326797385620915,0.07462686567164178,0.1443046820405311,0.32254885859747084,0.5783132530120482
unsw_nb15_v2,dnn_5class_smote,perclass_isotonic_renorm,0.1,True,0.6054269551378012,0.10442206085213815,True,0.33736409614151386,0.5716156417980546,0.5963609259307612,0.7048286769208282,0.9547380388698821,0.9984045164457536,0.5760869565217391,0.7340334333476211,0.3160596579690775,0.02339688041594454,0.01679983609916001,0.1949685534591195,0.21664233576642336,0.2716001922152811,0.1111111111111111
unsw_nb15_v2,dnn_5class_smote,perclass_isotonic_renorm,0.1,False,0.715589101968138,0.21699110367303798,False,0.5716156417980546,0.5716156417980546,0.5716156417980546,0.5716156417980546,0.5716156417980546,0.87988872524955,0.5760869565217391,0.7646806686669524,0.5890465052701923,0.6802426343154246,0.0017202901246047982,0.1949685534591195,0.23850896860986548,0.43321988448844884,0.6802547770700637
unsw_nb15_v2,dnn_5class_smote,toplabel_isotonic,0.02,True,0.44044373709837537,0.0284784086436979,False,0.4286085752996073,0.7918661202455993,0.7918661295059904,0.7918661317705717,0.944881938907486,0.9008651480276212,0.009508871679247133,0.38629374725435645,0.13734873487348734,0.006223386832623649,0.009823788546255506,0.1134020618556701,0.12585291887793784,0.09090909090909091,0.15789473684210525
unsw_nb15_v2,dnn_5class_smote,toplabel_isotonic,0.02,False,0.44143647279431464,0.060184193617476976,False,0.7962963967378717,0.7962963967378717,0.7962963967378717,0.7962963967378717,0.7962963967378717,0.8496706087784744,0.00843054602489952,0.38365792941865573,0.13487348734873486,0.4736324926301998,0.00023353573096683791,0.10465116279069768,0.12213740458015267,0.08972267536704731,0.7828492392807745
unsw_nb15_v2,dnn_5class_smote,toplabel_isotonic,0.05,True,0.5054915617465845,0.056423205212132545,False,0.42860855483015103,0.7918661202455993,0.7586207824872624,0.7215190786078203,0.944881938907486,0.982776410826256,0.009508871679247133,0.42158441938790453,0.2376237623762376,0.006223386832623649,0.020513648845097723,0.1134020618556701,0.15943035776311218,0.19189814814814815,0.15789473684210525
unsw_nb15_v2,dnn_5class_smote,toplabel_isotonic,0.05,False,0.501363041868234,0.10943835056730679,False,0.7215190640900068,0.7215190640900068,0.7215190640900068,0.7215190640900068,0.7215190640900068,0.8501071513612192,0.018135476914028035,0.5167667301215405,0.2573157315731573,0.6564035375040943,0.0003267821296858223,0.23783783783783785,0.2354774723717767,0.202009405728944,0.8258483033932136
unsw_nb15_v2,dnn_5class_smote,toplabel_isotonic,0.1,True,0.5860134570838783,0.10204630401462798,True,0.3229813938301388,0.7918661119341559,0.7253886949681198,0.6233480551717793,0.9201054121798092,0.9999206286213191,0.010489167728654054,0.48045101771855325,0.46243124312431244,0.06485424172944644,0.022424194316558184,0.12149532710280374,0.20572996037793356,0.29285119543237775,0.40404040404040403
unsw_nb15_v2,dnn_5class_smote,toplabel_isotonic,0.1,False,0.6243992373268622,0.20572870662460568,False,0.5721393646873792,0.5721393646873792,0.5721393646873792,0.5721393646873792,0.5721393646873792,0.8504643225652829,0.10734241741005784,0.7490115683116122,0.5165566556655665,0.8496560759908287,0.0006066262249183388,0.6675799086757991,0.4254154447702835,0.32126504099669895,0.853893600616808
unsw_nb15_v2,dnn_5class_smote,cctl,0.02,True,0.44044373709837537,0.0284784086436979,False,0.5640393673454531,0.6666668834034941,0.7553192862809065,0.889967642501282,0.8571429940255962,0.9008651480276212,0.009508871679247133,0.38629374725435645,0.13734873487348734,0.006223386832623649,0.009823788546255506,0.1134020618556701,0.12585291887793784,0.09090909090909091,0.15789473684210525
unsw_nb15_v2,dnn_5class_smote,cctl,0.02,False,0.47939679488189596,0.06120369457318476,False,0.8756135990350683,0.8756135990350683,0.8756135990350683,0.8756135990350683,0.8756135990350683,0.8503849511866021,0.004117243407509068,0.35744618538585443,0.35814081408140813,0.00032754667540124465,0.0006066828448758634,0.0,0.08357230643179026,0.2526493626171095,0.0
unsw_nb15_v2,dnn_5class_smote,cctl,0.05,True,0.5054915617465845,0.056423205212132545,False,0.48000002204841064,0.6666668834034941,0.7391305471049535,0.875613685125461,0.8571429940255962,0.982776410826256,0.009508871679247133,0.42158441938790453,0.2376237623762376,0.006223386832623649,0.020513648845097723,0.1134020618556701,0.15943035776311218,0.19189814814814815,0.15789473684210525
unsw_nb15_v2,dnn_5class_smote,cctl,0.05,False,0.5727139503001843,0.13729536387398542,False,0.7124181720068138,0.7124181720068138,0.7124181720068138,0.7124181720068138,0.7124181720068138,0.853559806333836,0.007450249975492599,0.43739932640210866,0.6385038503850385,0.05437274811660662,0.0017202901246047982,0.09210526315789473,0.17140944091061266,0.3767229496898691,0.3674698795180723
unsw_nb15_v2,dnn_5class_smote,cctl,0.1,True,0.5860134570838783,0.10204630401462798,True,0.47999987035187786,0.6666668750920507,0.6481483193204512,0.7940502100977362,0.7000002767100989,0.9999206286213191,0.010489167728654054,0.48045101771855325,0.46243124312431244,0.06485424172944644,0.022424194316558184,0.12149532710280374,0.20572996037793356,0.29285119543237775,0.40404040404040403
unsw_nb15_v2,dnn_5class_smote,cctl,0.1,False,0.6951671105088164,0.20135551727264484,False,0.5546357155371336,0.5546357155371336,0.5546357155371336,0.5546357155371336,0.5546357155371336,0.9545202000158742,0.02333104597588472,0.5276028701127544,0.8694169416941694,0.13658696364231904,0.016880093131548313,0.3445378151260504,0.24673882875381625,0.4595090471972669,0.5827338129496403
unsw_nb15_v2,dnn_5class_smote,cctl_shrunk,0.02,True,0.44044373709837537,0.0284784086436979,False,0.5632201634255047,0.6678700280973449,0.756212415391979,0.8891081584402105,0.8635754679905441,0.9008651480276212,0.009508871679247133,0.38629374725435645,0.13734873487348734,0.006223386832623649,0.009823788546255506,0.1134020618556701,0.12585291887793784,0.09090909090909091,0.15789473684210525
unsw_nb15_v2,dnn_5class_smote,cctl_shrunk,0.02,False,0.47941255259135535,0.06120168288193532,False,0.8742167554513548,0.8742167554513548,0.8742167554513548,0.8742167554513548,0.8742167554513548,0.8503849511866021,0.004117243407509068,0.35744618538585443,0.35814081408140813,0.0006550933508024893,0.0006066828448758634,0.0,0.08357230643179026,0.2526493626171095,0.0
unsw_nb15_v2,dnn_5class_smote,cctl_shrunk,0.05,True,0.5054915617465845,0.056423205212132545,False,0.47968916149180374,0.6678700280973449,0.7396068480673756,0.874263636005804,0.8635754679905441,0.982776410826256,0.009508871679247133,0.42158441938790453,0.2376237623762376,0.006223386832623649,0.020513648845097723,0.1134020618556701,0.15943035776311218,0.19189814814814815,0.15789473684210525
unsw_nb15_v2,dnn_5class_smote,cctl_shrunk,0.05,False,0.5736121397393675,0.13806933684962364,False,0.7099316688860896,0.7099316688860896,0.7099316688860896,0.7099316688860896,0.7099316688860896,0.853559806333836,0.007450249975492599,0.43739932640210866,0.6370737073707371,0.08155912217490993,0.0017202901246047982,0.09210526315789473,0.17140944091061266,0.3760145052667933,0.46184738955823296
unsw_nb15_v2,dnn_5class_smote,cctl_shrunk,0.1,True,0.5860134570838783,0.10204630401462798,True,0.4790500852289542,0.6678700197859014,0.6500359140332486,0.7925546594150136,0.7161370168471743,0.9999206286213191,0.010489167728654054,0.48045101771855325,0.46243124312431244,0.06485424172944644,0.022424194316558184,0.12149532710280374,0.20572996037793356,0.29285119543237775,0.40404040404040403
unsw_nb15_v2,dnn_5class_smote,cctl_shrunk,0.1,False,0.6951986259277352,0.20139172219955573,False,0.5535315701527644,0.5535315701527644,0.5535315701527644,0.5535315701527644,0.5535315701527644,0.9545202000158742,0.02333104597588472,0.5276028701127544,0.8694169416941694,0.13724205699312153,0.016880093131548313,0.3445378151260504,0.24673882875381625,0.4595090471972669,0.5847255369928401
unsw_nb15_v2,dnn_5class_smote,dirichlet,0.02,True,0.44086919525377793,0.017656730288083494,True,0.5512765118723431,0.8469878092405037,0.8525968429585685,0.9705190671831954,0.8569376203134647,0.8229126754676234,0.1485148514851485,0.6386843397152675,0.057081602572691945,0.027243589743589744,0.00943915343915344,0.0,0.09108378170637971,0.018779342723004695,0.11764705882352941
unsw_nb15_v2,dnn_5class_smote,dirichlet,0.02,False,0.4914199271993823,0.04877188482011159,False,0.8469878092405037,0.8469878092405037,0.8469878092405037,0.8469878092405037,0.8469878092405037,0.7462468215542164,0.1485148514851485,0.6448208149239077,0.23706954307919068,0.04487179487179487,0.0003734129947722181,0.0,0.09440426341834793,0.17832414865055815,0.10714285714285714
unsw_nb15_v2,dnn_5class_smote,dirichlet,0.05,True,0.5446179543341579,0.05236965453388114,True,0.5235793830715988,0.6748635077299976,0.665663489905006,0.8749226055564593,0.8569376203134647,0.8924030791737783,0.5247524752475248,0.7415316642120766,0.19422484255661263,0.027243589743589744,0.01881342701014832,0.12264150943396226,0.1708043694141013,0.1374611935150052,0.11764705882352941
unsw_nb15_v2,dnn_5class_smote,dirichlet,0.05,False,0.5917019901987047,0.1203994673768309,False,0.6748635077299976,0.6748635077299976,0.6748635077299976,0.6748635077299976,0.6748635077299976,0.7547110662161691,0.5247524752475248,0.7339224349533627,0.42241725847514405,0.28365384615384615,0.0006461439054783772,0.12264150943396226,0.16588628762541807,0.3112609040444092,0.4124293785310734
unsw_nb15_v2,dnn_5class_smote,dirichlet,0.1,True,0.6714990309008683,0.09987328108133477,True,0.38304968948958157,0.5761588527711304,0.5829626281757253,0.7302976748494291,0.8569376203134647,0.9990246960883347,0.6881188118811881,0.8156602847324497,0.3501942918397427,0.027243589743589744,0.03092639726648304,0.16546762589928057,0.20433343364429732,0.2549263439831643,0.11764705882352941
unsw_nb15_v2,dnn_5class_smote,dirichlet,0.1,False,0.7158884984478656,0.1834870462899782,False,0.5761588527711304,0.5761588527711304,0.5761588527711304,0.5761588527711304,0.5761588527711304,0.807447142011216,0.6881188118811881,0.8225331369661266,0.6177140560096476,0.5128205128205128,0.004917820628963375,0.16546762589928057,0.20650552074007758,0.39810195227765727,0.51875
cic_ids2017_v2,rf_5class_cw,raw,0.02,True,0.9994001049816282,0.0015256484005702424,True,0.5420688746027903,0.5572957313642558,0.7547601441384647,0.775,0.5420688746027903,0.9997511509269628,0.9994436201780416,0.9964396973742768,0.9767441860465116,1.0,0.0008711885500933416,0.004267953238077565,0.00401965163019205,0.004761904761904762,0.0
cic_ids2017_v2,rf_5class_cw,raw,0.02,False,0.9996750568650487,0.0016002400360054009,True,0.5420688746027903,0.5420688746027903,0.5420688746027903,0.5420688746027903,0.5420688746027903,0.9997511509269628,0.9994436201780416,0.9995549621717846,0.9953488372093023,1.0,0.0008711885500933416,0.004267953238077565,0.004897595725734639,0.009345794392523364,0.0
cic_ids2017_v2,rf_5class_cw,raw,0.05,True,0.9994001049816282,0.0015256484005702424,True,0.5420688746027903,0.5572957313642558,0.7547601441384647,0.775,0.5420688746027903,0.9997511509269628,0.9994436201780416,0.9964396973742768,0.9767441860465116,1.0,0.0008711885500933416,0.004267953238077565,0.00401965163019205,0.004761904761904762,0.0
cic_ids2017_v2,rf_5class_cw,raw,0.05,False,0.9996750568650487,0.0016002400360054009,True,0.5420688746027903,0.5420688746027903,0.5420688746027903,0.5420688746027903,0.5420688746027903,0.9997511509269628,0.9994436201780416,0.9995549621717846,0.9953488372093023,1.0,0.0008711885500933416,0.004267953238077565,0.004897595725734639,0.009345794392523364,0.0
cic_ids2017_v2,rf_5class_cw,raw,0.1,True,0.9994001049816282,0.0015256484005702424,True,0.5420688746027903,0.5572957313642558,0.7547601441384647,0.775,0.5420688746027903,0.9997511509269628,0.9994436201780416,0.9964396973742768,0.9767441860465116,1.0,0.0008711885500933416,0.004267953238077565,0.00401965163019205,0.004761904761904762,0.0
cic_ids2017_v2,rf_5class_cw,raw,0.1,False,0.9996750568650487,0.0016002400360054009,True,0.5420688746027903,0.5420688746027903,0.5420688746027903,0.5420688746027903,0.5420688746027903,0.9997511509269628,0.9994436201780416,0.9995549621717846,0.9953488372093023,1.0,0.0008711885500933416,0.004267953238077565,0.004897595725734639,0.009345794392523364,0.0
cic_ids2017_v2,rf_5class_cw,temperature,0.02,True,0.9994001049816282,0.0015256484005702424,True,0.5362888182710636,0.5494493277529378,0.7249441024920584,0.7364941153166725,0.5362888182710636,0.9997511509269628,0.9994436201780416,0.9959946595460614,0.9813953488372092,1.0,0.0008711885500933416,0.004267953238077565,0.004021447721179625,0.004739336492890996,0.0
cic_ids2017_v2,rf_5class_cw,temperature,0.02,False,0.9996750568650487,0.0016002400360054009,True,0.5362888182710636,0.5362888182710636,0.5362888182710636,0.5362888182710636,0.5362888182710636,0.9997511509269628,0.9994436201780416,0.9995549621717846,0.9953488372093023,1.0,0.0008711885500933416,0.004267953238077565,0.004897595725734639,0.009345794392523364,0.0
cic_ids2017_v2,rf_5class_cw,temperature,0.05,True,0.9994001049816282,0.0015256484005702424,True,0.5362888182710636,0.5494493277529378,0.7249441024920584,0.7364941153166725,0.5362888182710636,0.9997511509269628,0.9994436201780416,0.9959946595460614,0.9813953488372092,1.0,0.0008711885500933416,0.004267953238077565,0.004021447721179625,0.004739336492890996,0.0
cic_ids2017_v2,rf_5class_cw,temperature,0.05,False,0.9996750568650487,0.0016002400360054009,True,0.5362888182710636,0.5362888182710636,0.5362888182710636,0.5362888182710636,0.5362888182710636,0.9997511509269628,0.9994436201780416,0.9995549621717846,0.9953488372093023,1.0,0.0008711885500933416,0.004267953238077565,0.004897595725734639,0.009345794392523364,0.0
cic_ids2017_v2,rf_5class_cw,temperature,0.1,True,0.9994001049816282,0.0015256484005702424,True,0.5362888182710636,0.5494493277529378,0.7249441024920584,0.7364941153166725,0.5362888182710636,0.9997511509269628,0.9994436201780416,0.9959946595460614,0.9813953488372092,1.0,0.0008711885500933416,0.004267953238077565,0.004021447721179625,0.004739336492890996,0.0
cic_ids2017_v2,rf_5class_cw,temperature,0.1,False,0.9996750568650487,0.0016002400360054009,True,0.5362888182710636,0.5362888182710636,0.5362888182710636,0.5362888182710636,0.5362888182710636,0.9997511509269628,0.9994436201780416,0.9995549621717846,0.9953488372093023,1.0,0.0008711885500933416,0.004267953238077565,0.004897595725734639,0.009345794392523364,0.0
cic_ids2017_v2,rf_5class_cw,perclass_isotonic_renorm,0.02,True,0.9997000524908141,0.0015001875234404302,True,0.6059998413645038,0.7072514679493839,0.6023414311822469,0.9499717791929007,0.531416801882487,0.9999688754707585,1.0,0.9986743261157756,0.9678899082568807,0.8333333333333334,0.0006536354581673306,0.004637358560563903,0.005752212389380531,0.004739336492890996,0.0
cic_ids2017_v2,rf_5class_cw,perclass_isotonic_renorm,0.02,False,0.999900017496938,0.0016248781341399396,True,0.531416801882487,0.531416801882487,0.531416801882487,0.531416801882487,0.531416801882487,0.9999688754707585,1.0,0.999116217410517,1.0,0.8333333333333334,0.0006536354581673306,0.004637358560563903,0.006191950464396285,0.022935779816513763,0.0
cic_ids2017_v2,rf_5class_cw,perclass_isotonic_renorm,0.05,True,0.9998750218711725,0.0015999200039998,True,0.6059998413645038,0.7072514679493839,0.6023414311822469,0.531416801882487,0.531416801882487,0.9999688754707585,1.0,0.9986743261157756,1.0,0.8333333333333334,0.0006536354581673306,0.004637358560563903,0.005752212389380531,0.022935779816513763,0.0
cic_ids2017_v2,rf_5class_cw,perclass_isotonic_renorm,0.05,False,0.999900017496938,0.0016248781341399396,True,0.531416801882487,0.531416801882487,0.531416801882487,0.531416801882487,0.531416801882487,0.9999688754707585,1.0,0.999116217410517,1.0,0.8333333333333334,0.0006536354581673306,0.004637358560563903,0.006191950464396285,0.022935779816513763,0.0
cic_ids2017_v2,rf_5class_cw,perclass_isotonic_renorm,0.1,True,0.9998750218711725,0.0015999200039998,True,0.6059998413645038,0.7072514679493839,0.6023414311822469,0.531416801882487,0.531416801882487,0.9999688754707585,1.0,0.9986743261157756,1.0,0.8333333333333334,0.0006536354581673306,0.004637358560563903,0.005752212389380531,0.022935779816513763,0.0
cic_ids2017_v2,rf_5class_cw,perclass_isotonic_renorm,0.1,False,0.999900017496938,0.0016248781341399396,True,0.531416801882487,0.531416801882487,0.531416801882487,0.531416801882487,0.531416801882487,0.9999688754707585,1.0,0.999116217410517,1.0,0.8333333333333334,0.0006536354581673306,0.004637358560563903,0.006191950464396285,0.022935779816513763,0.0
cic_ids2017_v2,rf_5class_cw,toplabel_isotonic,0.02,True,0.9994001049816282,0.0015256484005702424,True,0.3333335420688746,0.7142855572957313,0.8909089547601441,0.8909089749999999,0.3333335420688746,0.9997511509269628,0.9994436201780416,0.9964396973742768,0.9767441860465116,1.0,0.0008711885500933416,0.004267953238077565,0.00401965163019205,0.004761904761904762,0.0
cic_ids2017_v2,rf_5class_cw,toplabel_isotonic,0.02,False,0.9996750568650487,0.0016002400360054009,True,0.3333335420688746,0.3333335420688746,0.3333335420688746,0.3333335420688746,0.3333335420688746,0.9997511509269628,0.9994436201780416,0.9995549621717846,0.9953488372093023,1.0,0.0008711885500933416,0.004267953238077565,0.004897595725734639,0.009345794392523364,0.0
cic_ids2017_v2,rf_5class_cw,toplabel_isotonic,0.05,True,0.9994001049816282,0.0015256484005702424,True,0.3333335420688746,0.7142855572957313,0.8909089547601441,0.8909089749999999,0.3333335420688746,0.9997511509269628,0.9994436201780416,0.9964396973742768,0.9767441860465116,1.0,0.0008711885500933416,0.004267953238077565,0.00401965163019205,0.004761904761904762,0.0
cic_ids2017_v2,rf_5class_cw,toplabel_isotonic,0.05,False,0.9996750568650487,0.0016002400360054009,True,0.3333335420688746,0.3333335420688746,0.3333335420688746,0.3333335420688746,0.3333335420688746,0.9997511509269628,0.9994436201780416,0.9995549621717846,0.9953488372093023,1.0,0.0008711885500933416,0.004267953238077565,0.004897595725734639,0.009345794392523364,0.0
cic_ids2017_v2,rf_5class_cw,toplabel_isotonic,0.1,True,0.9994001049816282,0.0015256484005702424,True,0.3333335420688746,0.7142855572957313,0.8909089547601441,0.8909089749999999,0.3333335420688746,0.9997511509269628,0.9994436201780416,0.9964396973742768,0.9767441860465116,1.0,0.0008711885500933416,0.004267953238077565,0.00401965163019205,0.004761904761904762,0.0
cic_ids2017_v2,rf_5class_cw,toplabel_isotonic,0.1,False,0.9996750568650487,0.0016002400360054009,True,0.3333335420688746,0.3333335420688746,0.3333335420688746,0.3333335420688746,0.3333335420688746,0.9997511509269628,0.9994436201780416,0.9995549621717846,0.9953488372093023,1.0,0.0008711885500933416,0.004267953238077565,0.004897595725734639,0.009345794392523364,0.0
cic_ids2017_v2,rf_5class_cw,cctl,0.02,True,0.9994001049816282,0.0015256484005702424,True,0.3333335420688746,0.8888885572957312,0.964157496695628,0.8909089749999999,0.3333335420688746,0.9997511509269628,0.9994436201780416,0.9964396973742768,0.9767441860465116,1.0,0.0008711885500933416,0.004267953238077565,0.00401965163019205,0.004761904761904762,0.0
cic_ids2017_v2,rf_5class_cw,cctl,0.02,False,0.9997750393681106,0.0016500825041252062,True,0.3333335420688746,0.3333335420688746,0.3333335420688746,0.3333335420688746,0.3333335420688746,0.9997511509269628,1.0,1.0,0.9953488372093023,1.0,0.0008711885500933416,0.004636498516320474,0.004895416110369382,0.009345794392523364,0.0
cic_ids2017_v2,rf_5class_cw,cctl,0.05,True,0.9994001049816282,0.0015256484005702424,True,0.3333335420688746,0.8888885572957312,0.964157496695628,0.8909089749999999,0.3333335420688746,0.9997511509269628,0.9994436201780416,0.9964396973742768,0.9767441860465116,1.0,0.0008711885500933416,0.004267953238077565,0.00401965163019205,0.004761904761904762,0.0
cic_ids2017_v2,rf_5class_cw,cctl,0.05,False,0.9997750393681106,0.0016500825041252062,True,0.3333335420688746,0.3333335420688746,0.3333335420688746,0.3333335420688746,0.3333335420688746,0.9997511509269628,1.0,1.0,0.9953488372093023,1.0,0.0008711885500933416,0.004636498516320474,0.004895416110369382,0.009345794392523364,0.0
cic_ids2017_v2,rf_5class_cw,cctl,0.1,True,0.9994001049816282,0.0015256484005702424,True,0.3333335420688746,0.8888885572957312,0.964157496695628,0.8909089749999999,0.3333335420688746,0.9997511509269628,0.9994436201780416,0.9964396973742768,0.9767441860465116,1.0,0.0008711885500933416,0.004267953238077565,0.00401965163019205,0.004761904761904762,0.0
cic_ids2017_v2,rf_5class_cw,cctl,0.1,False,0.9997750393681106,0.0016500825041252062,True,0.3333335420688746,0.3333335420688746,0.3333335420688746,0.3333335420688746,0.3333335420688746,0.9997511509269628,1.0,1.0,0.9953488372093023,1.0,0.0008711885500933416,0.004636498516320474,0.004895416110369382,0.009345794392523364,0.0
cic_ids2017_v2,rf_5class_cw,cctl_shrunk,0.02,True,0.9994001049816282,0.0015256484005702424,True,0.3333335420688746,0.8811353157326762,0.9568326425020797,0.8909089749999999,0.3333335420688746,0.9997511509269628,0.9994436201780416,0.9964396973742768,0.9767441860465116,1.0,0.0008711885500933416,0.004267953238077565,0.00401965163019205,0.004761904761904762,0.0
cic_ids2017_v2,rf_5class_cw,cctl_shrunk,0.02,False,0.9997750393681106,0.0016500825041252062,True,0.3333335420688746,0.3333335420688746,0.3333335420688746,0.3333335420688746,0.3333335420688746,0.9997511509269628,1.0,1.0,0.9953488372093023,1.0,0.0008711885500933416,0.004636498516320474,0.004895416110369382,0.009345794392523364,0.0
cic_ids2017_v2,rf_5class_cw,cctl_shrunk,0.05,True,0.9994001049816282,0.0015256484005702424,True,0.3333335420688746,0.8811353157326762,0.9568326425020797,0.8909089749999999,0.3333335420688746,0.9997511509269628,0.9994436201780416,0.9964396973742768,0.9767441860465116,1.0,0.0008711885500933416,0.004267953238077565,0.00401965163019205,0.004761904761904762,0.0
cic_ids2017_v2,rf_5class_cw,cctl_shrunk,0.05,False,0.9997750393681106,0.0016500825041252062,True,0.3333335420688746,0.3333335420688746,0.3333335420688746,0.3333335420688746,0.3333335420688746,0.9997511509269628,1.0,1.0,0.9953488372093023,1.0,0.0008711885500933416,0.004636498516320474,0.004895416110369382,0.009345794392523364,0.0
cic_ids2017_v2,rf_5class_cw,cctl_shrunk,0.1,True,0.9994001049816282,0.0015256484005702424,True,0.3333335420688746,0.8811353157326762,0.9568326425020797,0.8909089749999999,0.3333335420688746,0.9997511509269628,0.9994436201780416,0.9964396973742768,0.9767441860465116,1.0,0.0008711885500933416,0.004267953238077565,0.00401965163019205,0.004761904761904762,0.0
cic_ids2017_v2,rf_5class_cw,cctl_shrunk,0.1,False,0.9997750393681106,0.0016500825041252062,True,0.3333335420688746,0.3333335420688746,0.3333335420688746,0.3333335420688746,0.3333335420688746,0.9997511509269628,1.0,1.0,0.9953488372093023,1.0,0.0008711885500933416,0.004636498516320474,0.004895416110369382,0.009345794392523364,0.0
cic_ids2017_v2,rf_5class_cw,dirichlet,0.02,True,0.9993001224785663,0.0014757747817604242,True,0.5433561060831147,0.5876917276725927,0.8458638984241786,0.8039426842081314,0.5433561060831147,0.9997822435139675,0.9992570579494799,0.9951370468611848,0.9766355140186916,0.0,0.0008401008120974517,0.003903345724907063,0.00444247001332741,0.004784688995215311,
cic_ids2017_v2,rf_5class_cw,dirichlet,0.02,False,0.999800034993876,0.0016500412510312757,True,0.5433561060831147,0.5433561060831147,0.5433561060831147,0.5433561060831147,0.5433561060831147,0.9997822435139675,1.0,1.0,1.0,0.0,0.0008401008120974517,0.004086181277860327,0.006631299734748011,0.009345794392523364,
cic_ids2017_v2,rf_5class_cw,dirichlet,0.05,True,0.9993001224785663,0.0014757747817604242,True,0.5433561060831147,0.5876917276725927,0.8458638984241786,0.8039426842081314,0.5433561060831147,0.9997822435139675,0.9992570579494799,0.9951370468611848,0.9766355140186916,0.0,0.0008401008120974517,0.003903345724907063,0.00444247001332741,0.004784688995215311,
cic_ids2017_v2,rf_5class_cw,dirichlet,0.05,False,0.999800034993876,0.0016500412510312757,True,0.5433561060831147,0.5433561060831147,0.5433561060831147,0.5433561060831147,0.5433561060831147,0.9997822435139675,1.0,1.0,1.0,0.0,0.0008401008120974517,0.004086181277860327,0.006631299734748011,0.009345794392523364,
cic_ids2017_v2,rf_5class_cw,dirichlet,0.1,True,0.9993001224785663,0.0014757747817604242,True,0.5433561060831147,0.5876917276725927,0.8458638984241786,0.8039426842081314,0.5433561060831147,0.9997822435139675,0.9992570579494799,0.9951370468611848,0.9766355140186916,0.0,0.0008401008120974517,0.003903345724907063,0.00444247001332741,0.004784688995215311,
cic_ids2017_v2,rf_5class_cw,dirichlet,0.1,False,0.999800034993876,0.0016500412510312757,True,0.5433561060831147,0.5433561060831147,0.5433561060831147,0.5433561060831147,0.5433561060831147,0.9997822435139675,1.0,1.0,1.0,0.0,0.0008401008120974517,0.004086181277860327,0.006631299734748011,0.009345794392523364,
cic_ids2017_v2,xgb_5class_cw,raw,0.02,True,0.9994750918589247,0.0008502976041614565,True,0.7314783239358137,0.4992264430161104,0.9853666995632833,0.9952324360844675,0.4992264430161104,0.999813258636788,1.0,0.9973427812223207,0.9598214285714286,1.0,0.00024903498941601296,0.0024132170038982737,0.004884547069271759,0.004651162790697674,0.125
cic_ids2017_v2,xgb_5class_cw,raw,0.02,False,1.0,0.0009998250306196416,True,0.4992264430161104,0.4992264430161104,0.4992264430161104,0.4992264430161104,0.4992264430161104,1.0,1.0,1.0,1.0,1.0,0.00024898848428260193,0.0024132170038982737,0.00487156775907883,0.03125,0.125
cic_ids2017_v2,xgb_5class_cw,raw,0.05,True,0.9994750918589247,0.0008502976041614565,True,0.7314783239358137,0.4992264430161104,0.9853666995632833,0.9952324360844675,0.4992264430161104,0.999813258636788,1.0,0.9973427812223207,0.9598214285714286,1.0,0.00024903498941601296,0.0024132170038982737,0.004884547069271759,0.004651162790697674,0.125
cic_ids2017_v2,xgb_5class_cw,raw,0.05,False,1.0,0.0009998250306196416,True,0.4992264430161104,0.4992264430161104,0.4992264430161104,0.4992264430161104,0.4992264430161104,1.0,1.0,1.0,1.0,1.0,0.00024898848428260193,0.0024132170038982737,0.00487156775907883,0.03125,0.125
cic_ids2017_v2,xgb_5class_cw,raw,0.1,True,0.9994750918589247,0.0008502976041614565,True,0.7314783239358137,0.4992264430161104,0.9853666995632833,0.9952324360844675,0.4992264430161104,0.999813258636788,1.0,0.9973427812223207,0.9598214285714286,1.0,0.00024903498941601296,0.0024132170038982737,0.004884547069271759,0.004651162790697674,0.125
cic_ids2017_v2,xgb_5class_cw,raw,0.1,False,1.0,0.0009998250306196416,True,0.4992264430161104,0.4992264430161104,0.4992264430161104,0.4992264430161104,0.4992264430161104,1.0,1.0,1.0,1.0,1.0,0.00024898848428260193,0.0024132170038982737,0.00487156775907883,0.03125,0.125
cic_ids2017_v2,xgb_5class_cw,temperature,0.02,True,0.9994750918589247,0.0008502976041614565,True,0.6774330732736115,0.49291688661445815,0.9618052122776868,0.9838424608874046,0.49291688661445815,0.999813258636788,1.0,0.9973427812223207,0.9598214285714286,1.0,0.00024903498941601296,0.0024132170038982737,0.004884547069271759,0.004651162790697674,0.125
cic_ids2017_v2,xgb_5class_cw,temperature,0.02,False,1.0,0.0009998250306196416,True,0.49291688661445815,0.49291688661445815,0.49291688661445815,0.49291688661445815,0.49291688661445815,1.0,1.0,1.0,1.0,1.0,0.00024898848428260193,0.0024132170038982737,0.00487156775907883,0.03125,0.125
cic_ids2017_v2,xgb_5class_cw,temperature,0.05,True,0.9994750918589247,0.0008502976041614565,True,0.6774330732736115,0.49291688661445815,0.9618052122776868,0.9838424608874046,0.49291688661445815,0.999813258636788,1.0,0.9973427812223207,0.9598214285714286,1.0,0.00024903498941601296,0.0024132170038982737,0.004884547069271759,0.004651162790697674,0.125
cic_ids2017_v2,xgb_5class_cw,temperature,0.05,False,1.0,0.0009998250306196416,True,0.49291688661445815,0.49291688661445815,0.49291688661445815,0.49291688661445815,0.49291688661445815,1.0,1.0,1.0,1.0,1.0,0.00024898848428260193,0.0024132170038982737,0.00487156775907883,0.03125,0.125
cic_ids2017_v2,xgb_5class_cw,temperature,0.1,True,0.9994750918589247,0.0008502976041614565,True,0.6774330732736115,0.49291688661445815,0.9618052122776868,0.9838424608874046,0.49291688661445815,0.999813258636788,1.0,0.9973427812223207,0.9598214285714286,1.0,0.00024903498941601296,0.0024132170038982737,0.004884547069271759,0.004651162790697674,0.125
cic_ids2017_v2,xgb_5class_cw,temperature,0.1,False,1.0,0.0009998250306196416,True,0.49291688661445815,0.49291688661445815,0.49291688661445815,0.49291688661445815,0.49291688661445815,1.0,1.0,1.0,1.0,1.0,0.00024898848428260193,0.0024132170038982737,0.00487156775907883,0.03125,0.125
cic_ids2017_v2,xgb_5class_cw,perclass_isotonic_renorm,0.02,True,0.9997000524908141,0.0008751093886735842,True,0.5440031681942027,0.8647081175581839,0.8883600262788734,0.9473684210526315,0.5168993904839169,1.0,1.0,0.9973427812223207,0.9727272727272728,1.0,0.0002489652382286123,0.0022279985146676567,0.004884547069271759,0.004672897196261682,0.3
cic_ids2017_v2,xgb_5class_cw,perclass_isotonic_renorm,0.02,False,1.0,0.0009248381533231685,True,0.5168993904839169,0.5168993904839169,0.5168993904839169,0.5168993904839169,0.5168993904839169,1.0,1.0,1.0,1.0,1.0,0.0002489652382286123,0.0022279985146676567,0.00487156775907883,0.013636363636363636,0.3
cic_ids2017_v2,xgb_5class_cw,perclass_isotonic_renorm,0.05,True,0.9997000524908141,0.0008751093886735842,True,0.5440031681942027,0.8647081175581839,0.8883600262788734,0.9473684210526315,0.5168993904839169,1.0,1.0,0.9973427812223207,0.9727272727272728,1.0,0.0002489652382286123,0.0022279985146676567,0.004884547069271759,0.004672897196261682,0.3
cic_ids2017_v2,xgb_5class_cw,perclass_isotonic_renorm,0.05,False,1.0,0.0009248381533231685,True,0.5168993904839169,0.5168993904839169,0.5168993904839169,0.5168993904839169,0.5168993904839169,1.0,1.0,1.0,1.0,1.0,0.0002489652382286123,0.0022279985146676567,0.00487156775907883,0.013636363636363636,0.3
cic_ids2017_v2,xgb_5class_cw,perclass_isotonic_renorm,0.1,True,0.9997000524908141,0.0008751093886735842,True,0.5440031681942027,0.8647081175581839,0.8883600262788734,0.9473684210526315,0.5168993904839169,1.0,1.0,0.9973427812223207,0.9727272727272728,1.0,0.0002489652382286123,0.0022279985146676567,0.004884547069271759,0.004672897196261682,0.3
cic_ids2017_v2,xgb_5class_cw,perclass_isotonic_renorm,0.1,False,1.0,0.0009248381533231685,True,0.5168993904839169,0.5168993904839169,0.5168993904839169,0.5168993904839169,0.5168993904839169,1.0,1.0,1.0,1.0,1.0,0.0002489652382286123,0.0022279985146676567,0.00487156775907883,0.013636363636363636,0.3
cic_ids2017_v2,xgb_5class_cw,toplabel_isotonic,0.02,True,0.9994750918589247,0.0008502976041614565,True,0.818181731478324,4.992264430161104e-07,0.9230769853666996,0.9705882599383184,4.992264430161104e-07,0.999813258636788,1.0,0.9973427812223207,0.9598214285714286,1.0,0.00024903498941601296,0.0024132170038982737,0.004884547069271759,0.004651162790697674,0.125
cic_ids2017_v2,xgb_5class_cw,toplabel_isotonic,0.02,False,1.0,0.0009998250306196416,True,4.992264430161104e-07,4.992264430161104e-07,4.992264430161104e-07,4.992264430161104e-07,4.992264430161104e-07,1.0,1.0,1.0,1.0,1.0,0.00024898848428260193,0.0024132170038982737,0.00487156775907883,0.03125,0.125
cic_ids2017_v2,xgb_5class_cw,toplabel_isotonic,0.05,True,0.9994750918589247,0.0008502976041614565,True,0.818181731478324,4.992264430161104e-07,0.9230769853666996,0.9705882599383184,4.992264430161104e-07,0.999813258636788,1.0,0.9973427812223207,0.9598214285714286,1.0,0.00024903498941601296,0.0024132170038982737,0.004884547069271759,0.004651162790697674,0.125
cic_ids2017_v2,xgb_5class_cw,toplabel_isotonic,0.05,False,1.0,0.0009998250306196416,True,4.992264430161104e-07,4.992264430161104e-07,4.992264430161104e-07,4.992264430161104e-07,4.992264430161104e-07,1.0,1.0,1.0,1.0,1.0,0.00024898848428260193,0.0024132170038982737,0.00487156775907883,0.03125,0.125
cic_ids2017_v2,xgb_5class_cw,toplabel_isotonic,0.1,True,0.9994750918589247,0.0008502976041614565,True,0.818181731478324,4.992264430161104e-07,0.9230769853666996,0.9705882599383184,4.992264430161104e-07,0.999813258636788,1.0,0.9973427812223207,0.9598214285714286,1.0,0.00024903498941601296,0.0024132170038982737,0.004884547069271759,0.004651162790697674,0.125
cic_ids2017_v2,xgb_5class_cw,toplabel_isotonic,0.1,False,1.0,0.0009998250306196416,True,4.992264430161104e-07,4.992264430161104e-07,4.992264430161104e-07,4.992264430161104e-07,4.992264430161104e-07,1.0,1.0,1.0,1.0,1.0,0.00024898848428260193,0.0024132170038982737,0.00487156775907883,0.03125,0.125
cic_ids2017_v2,xgb_5class_cw,cctl,0.02,True,0.9994750918589247,0.0008502976041614565,True,0.8888887314783238,4.992264430161104e-07,0.827935043007938,0.9999999952324361,4.992264430161104e-07,0.999813258636788,1.0,0.9973427812223207,0.9598214285714286,1.0,0.00024903498941601296,0.0024132170038982737,0.004884547069271759,0.004651162790697674,0.125
cic_ids2017_v2,xgb_5class_cw,cctl,0.02,False,1.0,0.0009998250306196416,True,4.992264430161104e-07,4.992264430161104e-07,4.992264430161104e-07,4.992264430161104e-07,4.992264430161104e-07,1.0,1.0,1.0,1.0,1.0,0.00024898848428260193,0.0024132170038982737,0.00487156775907883,0.03125,0.125
cic_ids2017_v2,xgb_5class_cw,cctl,0.05,True,0.9994750918589247,0.0008502976041614565,True,0.8888887314783238,4.992264430161104e-07,0.827935043007938,0.9999999952324361,4.992264430161104e-07,0.999813258636788,1.0,0.9973427812223207,0.9598214285714286,1.0,0.00024903498941601296,0.0024132170038982737,0.004884547069271759,0.004651162790697674,0.125
cic_ids2017_v2,xgb_5class_cw,cctl,0.05,False,1.0,0.0009998250306196416,True,4.992264430161104e-07,4.992264430161104e-07,4.992264430161104e-07,4.992264430161104e-07,4.992264430161104e-07,1.0,1.0,1.0,1.0,1.0,0.00024898848428260193,0.0024132170038982737,0.00487156775907883,0.03125,0.125
cic_ids2017_v2,xgb_5class_cw,cctl,0.1,True,0.9994750918589247,0.0008502976041614565,True,0.8888887314783238,4.992264430161104e-07,0.827935043007938,0.9999999952324361,4.992264430161104e-07,0.999813258636788,1.0,0.9973427812223207,0.9598214285714286,1.0,0.00024903498941601296,0.0024132170038982737,0.004884547069271759,0.004651162790697674,0.125
cic_ids2017_v2,xgb_5class_cw,cctl,0.1,False,1.0,0.0009998250306196416,True,4.992264430161104e-07,4.992264430161104e-07,4.992264430161104e-07,4.992264430161104e-07,4.992264430161104e-07,1.0,1.0,1.0,1.0,1.0,0.00024898848428260193,0.0024132170038982737,0.00487156775907883,0.03125,0.125
cic_ids2017_v2,xgb_5class_cw,cctl_shrunk,0.02,True,0.9994750918589247,0.0008502976041614565,True,0.8847459454815463,4.992264430161104e-07,0.8725502563063022,0.9735327418744,4.992264430161104e-07,0.999813258636788,1.0,0.9973427812223207,0.9598214285714286,1.0,0.00024903498941601296,0.0024132170038982737,0.004884547069271759,0.004651162790697674,0.125
cic_ids2017_v2,xgb_5class_cw,cctl_shrunk,0.02,False,1.0,0.0009998250306196416,True,4.992264430161104e-07,4.992264430161104e-07,4.992264430161104e-07,4.992264430161104e-07,4.992264430161104e-07,1.0,1.0,1.0,1.0,1.0,0.00024898848428260193,0.0024132170038982737,0.00487156775907883,0.03125,0.125
cic_ids2017_v2,xgb_5class_cw,cctl_shrunk,0.05,True,0.9994750918589247,0.0008502976041614565,True,0.8847459454815463,4.992264430161104e-07,0.8725502563063022,0.9735327418744,4.992264430161104e-07,0.999813258636788,1.0,0.9973427812223207,0.9598214285714286,1.0,0.00024903498941601296,0.0024132170038982737,0.004884547069271759,0.004651162790697674,0.125
cic_ids2017_v2,xgb_5class_cw,cctl_shrunk,0.05,False,1.0,0.0009998250306196416,True,4.992264430161104e-07,4.992264430161104e-07,4.992264430161104e-07,4.992264430161104e-07,4.992264430161104e-07,1.0,1.0,1.0,1.0,1.0,0.00024898848428260193,0.0024132170038982737,0.00487156775907883,0.03125,0.125
cic_ids2017_v2,xgb_5class_cw,cctl_shrunk,0.1,True,0.9994750918589247,0.0008502976041614565,True,0.8847459454815463,4.992264430161104e-07,0.8725502563063022,0.9735327418744,4.992264430161104e-07,0.999813258636788,1.0,0.9973427812223207,0.9598214285714286,1.0,0.00024903498941601296,0.0024132170038982737,0.004884547069271759,0.004651162790697674,0.125
cic_ids2017_v2,xgb_5class_cw,cctl_shrunk,0.1,False,1.0,0.0009998250306196416,True,4.992264430161104e-07,4.992264430161104e-07,4.992264430161104e-07,4.992264430161104e-07,4.992264430161104e-07,1.0,1.0,1.0,1.0,1.0,0.00024898848428260193,0.0024132170038982737,0.00487156775907883,0.03125,0.125
cic_ids2017_v2,xgb_5class_cw,dirichlet,0.02,True,0.9995750743619867,0.0008252063015753939,True,0.6134070720020339,0.5321939141163241,0.8666317265868422,0.9409426707937703,0.5321939141163241,0.9999066409410593,0.999814367922777,0.9964570416297609,0.9772727272727273,1.0,0.00024898073511562044,0.0022279985146676567,0.004888888888888889,0.004651162790697674,0.125
cic_ids2017_v2,xgb_5class_cw,dirichlet,0.02,False,0.9999250131227035,0.0008749125087491251,True,0.5321939141163241,0.5321939141163241,0.5321939141163241,0.5321939141163241,0.5321939141163241,0.9999377606273728,0.999814367922777,1.0,1.0,1.0,0.00024897298643097225,0.0022279985146676567,0.00487156775907883,0.013636363636363636,0.125
cic_ids2017_v2,xgb_5class_cw,dirichlet,0.05,True,0.9995750743619867,0.0008252063015753939,True,0.6134070720020339,0.5321939141163241,0.8666317265868422,0.9409426707937703,0.5321939141163241,0.9999066409410593,0.999814367922777,0.9964570416297609,0.9772727272727273,1.0,0.00024898073511562044,0.0022279985146676567,0.004888888888888889,0.004651162790697674,0.125
cic_ids2017_v2,xgb_5class_cw,dirichlet,0.05,False,0.9999250131227035,0.0008749125087491251,True,0.5321939141163241,0.5321939141163241,0.5321939141163241,0.5321939141163241,0.5321939141163241,0.9999377606273728,0.999814367922777,1.0,1.0,1.0,0.00024897298643097225,0.0022279985146676567,0.00487156775907883,0.013636363636363636,0.125
cic_ids2017_v2,xgb_5class_cw,dirichlet,0.1,True,0.9995750743619867,0.0008252063015753939,True,0.6134070720020339,0.5321939141163241,0.8666317265868422,0.9409426707937703,0.5321939141163241,0.9999066409410593,0.999814367922777,0.9964570416297609,0.9772727272727273,1.0,0.00024898073511562044,0.0022279985146676567,0.004888888888888889,0.004651162790697674,0.125
cic_ids2017_v2,xgb_5class_cw,dirichlet,0.1,False,0.9999250131227035,0.0008749125087491251,True,0.5321939141163241,0.5321939141163241,0.5321939141163241,0.5321939141163241,0.5321939141163241,0.9999377606273728,0.999814367922777,1.0,1.0,1.0,0.00024897298643097225,0.0022279985146676567,0.00487156775907883,0.013636363636363636,0.125
cic_ids2017_v2,dnn_5class_cw,raw,0.02,True,0.7328217561926663,0.006617095299815813,True,0.3060939471621635,0.8897047688609255,0.9873110667578773,0.9518884387015559,inf,0.9998421966230078,0.4794502444826219,0.11929460580912864,0.0002509410288582183,0.0,0.004498106060606061,0.018743109151047408,0.034782608695652174,0.0,
cic_ids2017_v2,dnn_5class_cw,raw,0.02,False,0.08610993076211663,0.017706821480406386,True,0.9848559114992872,0.9848559114992872,0.9848559114992872,0.9848559114992872,0.9848559114992872,0.0,0.3786176820404388,0.19847856154910096,0.0,0.027906976744186046,,0.0034904013961605585,0.08188153310104529,,0.6666666666666666
cic_ids2017_v2,dnn_5class_cw,raw,0.05,True,0.7501937160996826,0.011428381034884883,True,0.3060939471621635,0.7950403701451704,0.9865508993685574,0.9518884387015559,inf,0.9998421966230078,0.5617814193207348,0.1441908713692946,0.0002509410288582183,0.0,0.004498106060606061,0.04916490237591155,0.047961630695443645,0.0,
cic_ids2017_v2,dnn_5class_cw,raw,0.05,False,0.09988252055890219,0.05405405405405406,True,0.9810590572834444,0.9810590572834444,0.9810590572834444,0.9810590572834444,0.9810590572834444,0.0,0.3927580282806925,0.35200553250345784,0.0,0.027906976744186046,,0.0037012113055181696,0.1974459724950884,,0.6666666666666666
cic_ids2017_v2,dnn_5class_cw,raw,0.1,True,0.7737645911965406,0.020739113580565963,True,0.3060939471621635,0.6490514681025902,0.9848559114992872,0.9490307119843201,inf,0.9998421966230078,0.6578564820932998,0.19847856154910096,0.015056461731493099,0.0,0.004498106060606061,0.094817195660908,0.08188153310104529,0.15,
cic_ids2017_v2,dnn_5class_cw,raw,0.1,False,0.7650911090559153,0.1005586592178771,True,0.6659598573805344,0.6659598573805344,0.6659598573805344,0.6659598573805344,0.6659598573805344,0.8135158592393877,0.6487379410598652,0.941908713692946,0.5739021329987453,0.31627906976744186,0.0011153678289122738,0.08677938480342229,0.17988252569750368,0.9077393965894185,0.9264705882352942
cic_ids2017_v2,dnn_5class_cw,temperature,0.02,True,0.7334216512110381,0.00664576375161884,True,0.32987672121240946,0.9459587225188233,0.9961939980419046,0.9775981077927615,inf,0.9998421966230078,0.4791859389454209,0.12828492392807744,0.0002509410288582183,0.0,0.004498106060606061,0.01820187534473249,0.04043126684636118,0.0,
cic_ids2017_v2,dnn_5class_cw,temperature,0.02,False,0.08608493513635114,0.018583042973286876,True,0.9953845595664257,0.9953845595664257,0.9953845595664257,0.9953845595664257,0.9953845595664257,0.0,0.38020351526364476,0.19398340248962656,0.0,0.027906976744186046,,0.0038234271810914148,0.0873440285204991,,0.6666666666666666
cic_ids2017_v2,dnn_5class_cw,temperature,0.05,True,0.7501937160996826,0.01179488888148469,True,0.32987672121240946,0.8681452322203755,0.9960153555634106,0.9775981077927615,inf,0.9998421966230078,0.5634994053125413,0.1396957123098202,0.0002509410288582183,0.0,0.004498106060606061,0.051594746716697934,0.04950495049504951,0.0,
cic_ids2017_v2,dnn_5class_cw,temperature,0.05,False,0.09945759492088885,0.0542849962302086,True,0.9938776166089521,0.9938776166089521,0.9938776166089521,0.9938776166089521,0.9938776166089521,0.0,0.39289018104929296,0.3457814661134163,0.0,0.027906976744186046,,0.003699966363942146,0.201,,0.6666666666666666
cic_ids2017_v2,dnn_5class_cw,temperature,0.1,True,0.7732146874296998,0.020818516842309433,True,0.32987672121240946,0.7316048339586714,0.9953845595664257,0.9758973685994212,inf,0.9998421966230078,0.6567992599444958,0.19398340248962656,0.014805520702634882,0.0,0.004498106060606061,0.09496981891348089,0.0873440285204991,0.15254237288135594,
cic_ids2017_v2,dnn_5class_cw,temperature,0.1,False,0.7757392456320144,0.1004994361205091,True,0.7356352381461648,0.7356352381461648,0.7356352381461648,0.7356352381461648,0.7356352381461648,0.828428278365157,0.6548169684154883,0.9432918395573997,0.5734002509410289,0.31627906976744186,0.0011429115672174864,0.09364278506559032,0.1810850439882698,0.9076586433260394,0.9264705882352942
cic_ids2017_v2,dnn_5class_cw,perclass_isotonic_renorm,0.02,True,0.9056915039868023,0.030109841585251422,False,0.5812092104746822,0.5637235642453927,0.9430237542679295,0.8285903876685945,0.8285903876685945,0.9713767568384464,0.8553354022439723,0.1902439024390244,0.0,1.0,0.031146928869251352,0.01981579681830868,0.029585798816568046,,0.6666666666666666
cic_ids2017_v2,dnn_5class_cw,perclass_isotonic_renorm,0.02,False,0.9156647586672332,0.022520678077143558,False,0.8285903876685945,0.8285903876685945,0.8285903876685945,0.8285903876685945,0.8285903876685945,0.9267341695632462,0.8331343996180472,0.9290806754221388,0.0,1.0,0.012165291412543622,0.010601719197707736,0.16599353796445881,,0.6666666666666666
cic_ids2017_v2,dnn_5class_cw,perclass_isotonic_renorm,0.05,True,0.9952008398530258,0.053648122566871785,True,0.5228195921914242,0.5077012131277129,0.8285903876685945,0.5229175388809671,0.5229175388809671,0.9999697748224271,0.9995225590833134,0.9290806754221388,1.0,1.0,0.046669084753959617,0.03988535944590399,0.16599353796445881,0.16129032258064516,0.6666666666666666
cic_ids2017_v2,dnn_5class_cw,perclass_isotonic_renorm,0.05,False,0.9909015922213613,0.05234215372196857,True,0.5229175388809671,0.5229175388809671,0.5229175388809671,0.5229175388809671,0.5229175388809671,0.9960707269155207,0.9441394127476724,1.0,1.0,1.0,0.04642694583522986,0.025031605562579013,0.16210131332082553,0.16129032258064516,0.6666666666666666
cic_ids2017_v2,dnn_5class_cw,perclass_isotonic_renorm,0.1,True,0.9952008398530258,0.053648122566871785,True,0.5228195921914242,0.5077012131277129,0.8285903876685945,0.5077012131277129,0.5077012131277129,0.9999697748224271,0.9995225590833134,0.9290806754221388,1.0,1.0,0.046669084753959617,0.03988535944590399,0.16599353796445881,0.16129032258064516,0.6666666666666666
cic_ids2017_v2,dnn_5class_cw,perclass_isotonic_renorm,0.1,False,0.9999500087484691,0.05391826021747281,True,0.5077012131277129,0.5077012131277129,0.5077012131277129,0.5077012131277129,0.5077012131277129,1.0,0.9995225590833134,1.0,1.0,1.0,0.046667674172585764,0.03988535944590399,0.16210131332082553,0.16129032258064516,0.6666666666666666
cic_ids2017_v2,dnn_5class_cw,toplabel_isotonic,0.02,True,0.7328217561926663,0.006617095299815813,True,0.5059403942127587,0.9066248870453516,0.9107143623110667,0.9066249492290215,inf,0.9998421966230078,0.4794502444826219,0.11929460580912864,0.0002509410288582183,0.0,0.004498106060606061,0.018743109151047408,0.034782608695652174,0.0,
cic_ids2017_v2,dnn_5class_cw,toplabel_isotonic,0.02,False,0.08610993076211663,0.017706821480406386,True,0.9066249821964942,0.9066249821964942,0.9066249821964942,0.9066249821964942,0.9066249821964942,0.0,0.3786176820404388,0.19847856154910096,0.0,0.027906976744186046,,0.0034904013961605585,0.08188153310104529,,0.6666666666666666
cic_ids2017_v2,dnn_5class_cw,toplabel_isotonic,0.05,True,0.7501937160996826,0.011428381034884883,True,0.5059403942127587,0.8967913420991936,0.9066249838914822,0.9066249492290215,inf,0.9998421966230078,0.5617814193207348,0.1441908713692946,0.0002509410288582183,0.0,0.004498106060606061,0.04916490237591155,0.047961630695443645,0.0,
cic_ids2017_v2,dnn_5class_cw,toplabel_isotonic,0.05,False,0.09988252055890219,0.05405405405405406,True,0.9066249783996401,0.9066249783996401,0.9066249783996401,0.9066249783996401,0.9066249783996401,0.0,0.3927580282806925,0.35200553250345784,0.0,0.027906976744186046,,0.0037012113055181696,0.1974459724950884,,0.6666666666666666
cic_ids2017_v2,dnn_5class_cw,toplabel_isotonic,0.1,True,0.7737645911965406,0.020739113580565963,True,0.5059403942127587,0.6854395240514679,0.9066249821964942,0.9066249463712948,inf,0.9998421966230078,0.6578564820932998,0.19847856154910096,0.015056461731493099,0.0,0.004498106060606061,0.094817195660908,0.08188153310104529,0.15,
cic_ids2017_v2,dnn_5class_cw,toplabel_isotonic,0.1,False,0.7650911090559153,0.1005586592178771,True,0.6854395409598572,0.6854395409598572,0.6854395409598572,0.6854395409598572,0.6854395409598572,0.8135158592393877,0.6487379410598652,0.941908713692946,0.5739021329987453,0.31627906976744186,0.0011153678289122738,0.08677938480342229,0.17988252569750368,0.9077393965894185,0.9264705882352942
cic_ids2017_v2,dnn_5class_cw,cctl,0.02,True,0.7328217561926663,0.006617095299815813,True,0.9616361731016198,0.8781163550787301,0.9306931259249283,0.8695652997145257,inf,0.9998421966230078,0.4794502444826219,0.11929460580912864,0.0002509410288582183,0.0,0.004498106060606061,0.018743109151047408,0.034782608695652174,0.0,
cic_ids2017_v2,dnn_5class_cw,cctl,0.02,False,0.8022346089434349,0.021872565820221217,True,0.701149549291811,0.701149549291811,0.701149549291811,0.701149549291811,0.701149549291811,1.0,0.5305933659310162,0.9215076071922544,0.015307402760351318,0.027906976744186046,0.004497396244279628,0.03561643835616438,0.16210131332082553,0.14754098360655737,0.6666666666666666
cic_ids2017_v2,dnn_5class_cw,cctl,0.05,True,0.7501937160996826,0.011428381034884883,True,0.9616361731016198,0.6198199950403701,0.8714286865508994,0.8695652997145257,inf,0.9998421966230078,0.5617814193207348,0.1441908713692946,0.0002509410288582183,0.0,0.004498106060606061,0.04916490237591155,0.047961630695443645,0.0,
cic_ids2017_v2,dnn_5class_cw,cctl,0.05,False,0.8603244432224361,0.052441965193643046,True,0.2000007216962341,0.2000007216962341,0.2000007216962341,0.2000007216962341,0.2000007216962341,1.0,0.8028280692480507,0.9218533886583679,0.07854454203262233,0.07906976744186046,0.004497396244279628,0.1639506172839506,0.16241560390097523,0.7955271565495208,0.7647058823529411
cic_ids2017_v2,dnn_5class_cw,cctl,0.1,True,0.7737645911965406,0.020739113580565963,True,0.9616361731016198,0.504255463945085,0.8059120584755434,0.869565296856799,inf,0.9998421966230078,0.6578564820932998,0.19847856154910096,0.015056461731493099,0.0,0.004498106060606061,0.094817195660908,0.08188153310104529,0.15,
cic_ids2017_v2,dnn_5class_cw,cctl,0.1,False,0.9155397805384058,0.1017800589712788,True,0.009259702964972224,0.009259702964972224,0.009259702964972224,0.009259702964972224,0.009259702964972224,1.0,0.9722479185938946,0.9221991701244814,0.3109159347553325,0.07906976744186046,0.004497396244279628,0.2895201848579584,0.16272965879265092,0.8369652945924132,0.7647058823529411
cic_ids2017_v2,dnn_5class_cw,cctl_shrunk,0.02,True,0.7328217561926663,0.006617095299815813,True,0.9610749161072253,0.878232545704613,0.9304818445838341,0.869859891523067,inf,0.9998421966230078,0.4794502444826219,0.11929460580912864,0.0002509410288582183,0.0,0.004498106060606061,0.018743109151047408,0.034782608695652174,0.0,
cic_ids2017_v2,dnn_5class_cw,cctl_shrunk,0.02,False,0.8022346089434349,0.021872565820221217,True,0.7019869933462723,0.7019869933462723,0.7019869933462723,0.7019869933462723,0.7019869933462723,1.0,0.5305933659310162,0.9215076071922544,0.015307402760351318,0.027906976744186046,0.004497396244279628,0.03561643835616438,0.16210131332082553,0.14754098360655737,0.6666666666666666
cic_ids2017_v2,dnn_5class_cw,cctl_shrunk,0.05,True,0.7501937160996826,0.011428381034884883,True,0.9610749161072253,0.6209488316358168,0.8718008978171915,0.869859891523067,inf,0.9998421966230078,0.5617814193207348,0.1441908713692946,0.0002509410288582183,0.0,0.004498106060606061,0.04916490237591155,0.047961630695443645,0.0,
cic_ids2017_v2,dnn_5class_cw,cctl_shrunk,0.05,False,0.8603244432224361,0.052441965193643046,True,0.20561776619019742,0.20561776619019742,0.20561776619019742,0.20561776619019742,0.20561776619019742,1.0,0.8028280692480507,0.9218533886583679,0.07854454203262233,0.07906976744186046,0.004497396244279628,0.1639506172839506,0.16241560390097523,0.7955271565495208,0.7647058823529411
cic_ids2017_v2,dnn_5class_cw,cctl_shrunk,0.1,True,0.7737645911965406,0.020739113580565963,True,0.9610749161072253,0.5049939056638102,0.8069771274658242,0.8698598886653403,inf,0.9998421966230078,0.6578564820932998,0.19847856154910096,0.015056461731493099,0.0,0.004498106060606061,0.094817195660908,0.08188153310104529,0.15,
cic_ids2017_v2,dnn_5class_cw,cctl_shrunk,0.1,False,0.9146899292623791,0.10091818330873914,True,0.014723263277921905,0.014723263277921905,0.014723263277921905,0.014723263277921905,0.014723263277921905,1.0,0.9410598652041761,0.9221991701244814,0.31191969887076537,1.0,0.004497396244279628,0.26597388007302347,0.16272965879265092,0.8374899436846339,0.9767441860465116
cic_ids2017_v2,dnn_5class_cw,dirichlet,0.02,True,0.9115404804159272,0.020072392234287594,True,0.6603227819455796,0.7969068337899059,0.8376263970854215,0.7945399968464142,0.7945399968464142,0.969671803389622,0.8156748911465893,0.3767790262172285,,1.0,0.019984139571768436,0.022369089984748347,0.010934393638170975,,1.0
cic_ids2017_v2,dnn_5class_cw,dirichlet,0.02,False,0.9042167620666384,0.02147892190739461,True,0.7945399968464142,0.7945399968464142,0.7945399968464142,0.7945399968464142,0.7945399968464142,0.9305773430531205,0.817955629276384,0.7389513108614232,,1.0,0.011998413432934488,0.02458808618504436,0.15914850481500253,,1.0
cic_ids2017_v2,dnn_5class_cw,dirichlet,0.05,True,0.9535331317019522,0.03528363216944532,True,0.5017939633485903,0.6300435335051361,0.8364490411300678,0.500632743277756,0.500632743277756,0.9998769647196334,0.9475430230147212,0.4,,1.0,0.033900390685083215,0.046170678336980304,0.028089887640449437,,1.0
cic_ids2017_v2,dnn_5class_cw,dirichlet,0.05,False,0.9999500087484691,0.046419197600299965,True,0.500632743277756,0.500632743277756,0.500632743277756,0.500632743277756,0.500632743277756,0.9999384823598166,1.0,1.0,,1.0,0.033929065797163864,0.06323864814430852,0.16704119850187266,,1.0
cic_ids2017_v2,dnn_5class_cw,dirichlet,0.1,True,0.9651560976829054,0.039727552896692823,True,0.5017939633485903,0.500632743277756,0.8296511456780793,0.500632743277756,0.500632743277756,0.9998769647196334,1.0,0.4794007490636704,,1.0,0.033900390685083215,0.06323864814430852,0.096875,,1.0
cic_ids2017_v2,dnn_5class_cw,dirichlet,0.1,False,0.9999500087484691,0.046419197600299965,True,0.500632743277756,0.500632743277756,0.500632743277756,0.500632743277756,0.500632743277756,0.9999384823598166,1.0,1.0,,1.0,0.033929065797163864,0.06323864814430852,0.16704119850187266,,1.0
cic_ids2017_v2,rf_5class_smote,raw,0.02,True,0.9987502187117254,0.0012012913882423605,True,0.5786024827958403,0.5400118671172863,0.5711500205089466,0.964809642847853,0.5400118671172863,0.9994708500638092,0.999629148896718,0.9977807367953839,0.8864628820960698,1.0,0.0004048582995951417,0.004080875533296235,0.004448398576512456,0.014778325123152709,0.0
cic_ids2017_v2,rf_5class_smote,raw,0.02,False,0.9996000699877522,0.00147533194968868,True,0.5400118671172863,0.5400118671172863,0.5400118671172863,0.5400118671172863,0.5400118671172863,0.9996887353316525,0.999629148896718,0.9991122947181535,0.9912663755458515,1.0,0.00046704237631161065,0.004080875533296235,0.0053309640159928924,0.04405286343612335,0.0
cic_ids2017_v2,rf_5class_smote,raw,0.05,True,0.9993001224785663,0.0013507091222892018,True,0.5786024827958403,0.5400118671172863,0.5711500205089466,0.6191240233688272,0.5400118671172863,0.9994708500638092,0.999629148896718,0.9977807367953839,0.982532751091703,1.0,0.0004048582995951417,0.004080875533296235,0.004448398576512456,0.04,0.0
cic_ids2017_v2,rf_5class_smote,raw,0.05,False,0.9996000699877522,0.00147533194968868,True,0.5400118671172863,0.5400118671172863,0.5400118671172863,0.5400118671172863,0.5400118671172863,0.9996887353316525,0.999629148896718,0.9991122947181535,0.9912663755458515,1.0,0.00046704237631161065,0.004080875533296235,0.0053309640159928924,0.04405286343612335,0.0
cic_ids2017_v2,rf_5class_smote,raw,0.1,True,0.9993001224785663,0.0013507091222892018,True,0.5786024827958403,0.5400118671172863,0.5711500205089466,0.6191240233688272,0.5400118671172863,0.9994708500638092,0.999629148896718,0.9977807367953839,0.982532751091703,1.0,0.0004048582995951417,0.004080875533296235,0.004448398576512456,0.04,0.0
cic_ids2017_v2,rf_5class_smote,raw,0.1,False,0.9996000699877522,0.00147533194968868,True,0.5400118671172863,0.5400118671172863,0.5400118671172863,0.5400118671172863,0.5400118671172863,0.9996887353316525,0.999629148896718,0.9991122947181535,0.9912663755458515,1.0,0.00046704237631161065,0.004080875533296235,0.0053309640159928924,0.04405286343612335,0.0
cic_ids2017_v2,rf_5class_smote,temperature,0.02,True,0.9987502187117254,0.0012012913882423605,True,0.5765460803300093,0.5389504396044487,0.5692839522279484,0.960747224655481,0.5389504396044487,0.9994708500638092,0.999629148896718,0.9977807367953839,0.8864628820960698,1.0,0.0004048582995951417,0.004080875533296235,0.004448398576512456,0.014778325123152709,0.0
cic_ids2017_v2,rf_5class_smote,temperature,0.02,False,0.9996000699877522,0.00147533194968868,True,0.5389504396044487,0.5389504396044487,0.5389504396044487,0.5389504396044487,0.5389504396044487,0.9996887353316525,0.999629148896718,0.9991122947181535,0.9912663755458515,1.0,0.00046704237631161065,0.004080875533296235,0.0053309640159928924,0.04405286343612335,0.0
cic_ids2017_v2,rf_5class_smote,temperature,0.05,True,0.9993001224785663,0.0013507091222892018,True,0.5765460803300093,0.5389504396044487,0.5692839522279484,0.6160750347692874,0.5389504396044487,0.9994708500638092,0.999629148896718,0.9977807367953839,0.982532751091703,1.0,0.0004048582995951417,0.004080875533296235,0.004448398576512456,0.04,0.0
cic_ids2017_v2,rf_5class_smote,temperature,0.05,False,0.9996000699877522,0.00147533194968868,True,0.5389504396044487,0.5389504396044487,0.5389504396044487,0.5389504396044487,0.5389504396044487,0.9996887353316525,0.999629148896718,0.9991122947181535,0.9912663755458515,1.0,0.00046704237631161065,0.004080875533296235,0.0053309640159928924,0.04405286343612335,0.0
cic_ids2017_v2,rf_5class_smote,temperature,0.1,True,0.9993001224785663,0.0013507091222892018,True,0.5765460803300093,0.5389504396044487,0.5692839522279484,0.6160750347692874,0.5389504396044487,0.9994708500638092,0.999629148896718,0.9977807367953839,0.982532751091703,1.0,0.0004048582995951417,0.004080875533296235,0.004448398576512456,0.04,0.0
cic_ids2017_v2,rf_5class_smote,temperature,0.1,False,0.9996000699877522,0.00147533194968868,True,0.5389504396044487,0.5389504396044487,0.5389504396044487,0.5389504396044487,0.5389504396044487,0.9996887353316525,0.999629148896718,0.9991122947181535,0.9912663755458515,1.0,0.00046704237631161065,0.004080875533296235,0.0053309640159928924,0.04405286343612335,0.0
cic_ids2017_v2,rf_5class_smote,perclass_isotonic_renorm,0.02,True,0.99872522308596,0.001201321453598959,True,0.5,0.8333333333333334,0.810785639843005,0.9645114652334569,0.5,0.9998754786290197,0.997773654916512,0.9946902654867257,0.8995633187772926,1.0,0.0004670132943117781,0.003532911863146151,0.004448398576512456,0.019417475728155338,0.0
cic_ids2017_v2,rf_5class_smote,perclass_isotonic_renorm,0.02,False,0.999900017496938,0.0015498837587180961,True,0.5,0.5,0.5,0.5,0.5,0.9998754786290197,1.0,1.0,1.0,1.0,0.0004670132943117781,0.004081632653061225,0.005752212389380531,0.05240174672489083,0.0
cic_ids2017_v2,rf_5class_smote,perclass_isotonic_renorm,0.05,True,0.9992251356012698,0.0013508104862917751,True,0.5,0.8333333333333334,0.810785639843005,0.7869116084020918,0.5,0.9998754786290197,0.997773654916512,0.9946902654867257,0.9868995633187773,1.0,0.0004670132943117781,0.003532911863146151,0.004448398576512456,0.04424778761061947,0.0
cic_ids2017_v2,rf_5class_smote,perclass_isotonic_renorm,0.05,False,0.999900017496938,0.0015498837587180961,True,0.5,0.5,0.5,0.5,0.5,0.9998754786290197,1.0,1.0,1.0,1.0,0.0004670132943117781,0.004081632653061225,0.005752212389380531,0.05240174672489083,0.0
cic_ids2017_v2,rf_5class_smote,perclass_isotonic_renorm,0.1,True,0.9992251356012698,0.0013508104862917751,True,0.5,0.8333333333333334,0.810785639843005,0.7869116084020918,0.5,0.9998754786290197,0.997773654916512,0.9946902654867257,0.9868995633187773,1.0,0.0004670132943117781,0.003532911863146151,0.004448398576512456,0.04424778761061947,0.0
cic_ids2017_v2,rf_5class_smote,perclass_isotonic_renorm,0.1,False,0.999900017496938,0.0015498837587180961,True,0.5,0.5,0.5,0.5,0.5,0.9998754786290197,1.0,1.0,1.0,1.0,0.0004670132943117781,0.004081632653061225,0.005752212389380531,0.05240174672489083,0.0
cic_ids2017_v2,rf_5class_smote,toplabel_isotonic,0.02,True,0.9987502187117254,0.0012012913882423605,True,0.6482962547454597,0.5000000400118672,0.5833333211500206,0.9941002656945986,0.5000000400118672,0.9994708500638092,0.999629148896718,0.9977807367953839,0.8864628820960698,1.0,0.0004048582995951417,0.004080875533296235,0.004448398576512456,0.014778325123152709,0.0
cic_ids2017_v2,rf_5class_smote,toplabel_isotonic,0.02,False,0.9996000699877522,0.00147533194968868,True,0.5000000400118672,0.5000000400118672,0.5000000400118672,0.5000000400118672,0.5000000400118672,0.9996887353316525,0.999629148896718,0.9991122947181535,0.9912663755458515,1.0,0.00046704237631161065,0.004080875533296235,0.0053309640159928924,0.04405286343612335,0.0
cic_ids2017_v2,rf_5class_smote,toplabel_isotonic,0.05,True,0.9993001224785663,0.0013507091222892018,True,0.6482962547454597,0.5000000400118672,0.5833333211500206,0.7499998691240234,0.5000000400118672,0.9994708500638092,0.999629148896718,0.9977807367953839,0.982532751091703,1.0,0.0004048582995951417,0.004080875533296235,0.004448398576512456,0.04,0.0
cic_ids2017_v2,rf_5class_smote,toplabel_isotonic,0.05,False,0.9996000699877522,0.00147533194968868,True,0.5000000400118672,0.5000000400118672,0.5000000400118672,0.5000000400118672,0.5000000400118672,0.9996887353316525,0.999629148896718,0.9991122947181535,0.9912663755458515,1.0,0.00046704237631161065,0.004080875533296235,0.0053309640159928924,0.04405286343612335,0.0
cic_ids2017_v2,rf_5class_smote,toplabel_isotonic,0.1,True,0.9993001224785663,0.0013507091222892018,True,0.6482962547454597,0.5000000400118672,0.5833333211500206,0.7499998691240234,0.5000000400118672,0.9994708500638092,0.999629148896718,0.9977807367953839,0.982532751091703,1.0,0.0004048582995951417,0.004080875533296235,0.004448398576512456,0.04,0.0
cic_ids2017_v2,rf_5class_smote,toplabel_isotonic,0.1,False,0.9996000699877522,0.00147533194968868,True,0.5000000400118672,0.5000000400118672,0.5000000400118672,0.5000000400118672,0.5000000400118672,0.9996887353316525,0.999629148896718,0.9991122947181535,0.9912663755458515,1.0,0.00046704237631161065,0.004080875533296235,0.0053309640159928924,0.04405286343612335,0.0
cic_ids2017_v2,rf_5class_smote,cctl,0.02,True,0.9987502187117254,0.0012012913882423605,True,0.5279633878494763,0.5000000400118672,0.948275484943124,0.9230769648096429,0.5000000400118672,0.9994708500638092,0.999629148896718,0.9977807367953839,0.8864628820960698,1.0,0.0004048582995951417,0.004080875533296235,0.004448398576512456,0.014778325123152709,0.0
cic_ids2017_v2,rf_5class_smote,cctl,0.02,False,0.9996750568650487,0.0015002250337550632,True,0.5000000400118672,0.5000000400118672,0.5000000400118672,0.5000000400118672,0.5000000400118672,0.9996576088648178,0.999629148896718,1.0,1.0,1.0,0.00043591979075850045,0.004080875533296235,0.005326231691078562,0.05240174672489083,0.0
cic_ids2017_v2,rf_5class_smote,cctl,0.05,True,0.9993001224785663,0.0013507091222892018,True,0.5279633878494763,0.5000000400118672,0.948275484943124,0.7999998191240234,0.5000000400118672,0.9994708500638092,0.999629148896718,0.9977807367953839,0.982532751091703,1.0,0.0004048582995951417,0.004080875533296235,0.004448398576512456,0.04,0.0
cic_ids2017_v2,rf_5class_smote,cctl,0.05,False,0.9996750568650487,0.0015002250337550632,True,0.5000000400118672,0.5000000400118672,0.5000000400118672,0.5000000400118672,0.5000000400118672,0.9996576088648178,0.999629148896718,1.0,1.0,1.0,0.00043591979075850045,0.004080875533296235,0.005326231691078562,0.05240174672489083,0.0
cic_ids2017_v2,rf_5class_smote,cctl,0.1,True,0.9993001224785663,0.0013507091222892018,True,0.5279633878494763,0.5000000400118672,0.948275484943124,0.7999998191240234,0.5000000400118672,0.9994708500638092,0.999629148896718,0.9977807367953839,0.982532751091703,1.0,0.0004048582995951417,0.004080875533296235,0.004448398576512456,0.04,0.0
cic_ids2017_v2,rf_5class_smote,cctl,0.1,False,0.9996750568650487,0.0015002250337550632,True,0.5000000400118672,0.5000000400118672,0.5000000400118672,0.5000000400118672,0.5000000400118672,0.9996576088648178,0.999629148896718,1.0,1.0,1.0,0.00043591979075850045,0.004080875533296235,0.005326231691078562,0.05240174672489083,0.0
cic_ids2017_v2,rf_5class_smote,cctl_shrunk,0.02,True,0.9987502187117254,0.0012012913882423605,True,0.5279633878494763,0.5000000400118672,0.948275484943124,0.9230769648096429,0.5000000400118672,0.9994708500638092,0.999629148896718,0.9977807367953839,0.8864628820960698,1.0,0.0004048582995951417,0.004080875533296235,0.004448398576512456,0.014778325123152709,0.0
cic_ids2017_v2,rf_5class_smote,cctl_shrunk,0.02,False,0.9996750568650487,0.0015002250337550632,True,0.5000000400118672,0.5000000400118672,0.5000000400118672,0.5000000400118672,0.5000000400118672,0.9996576088648178,0.999629148896718,1.0,1.0,1.0,0.00043591979075850045,0.004080875533296235,0.005326231691078562,0.05240174672489083,0.0
cic_ids2017_v2,rf_5class_smote,cctl_shrunk,0.05,True,0.9993001224785663,0.0013507091222892018,True,0.5279633878494763,0.5000000400118672,0.948275484943124,0.7999998191240234,0.5000000400118672,0.9994708500638092,0.999629148896718,0.9977807367953839,0.982532751091703,1.0,0.0004048582995951417,0.004080875533296235,0.004448398576512456,0.04,0.0
cic_ids2017_v2,rf_5class_smote,cctl_shrunk,0.05,False,0.9996750568650487,0.0015002250337550632,True,0.5000000400118672,0.5000000400118672,0.5000000400118672,0.5000000400118672,0.5000000400118672,0.9996576088648178,0.999629148896718,1.0,1.0,1.0,0.00043591979075850045,0.004080875533296235,0.005326231691078562,0.05240174672489083,0.0
cic_ids2017_v2,rf_5class_smote,cctl_shrunk,0.1,True,0.9993001224785663,0.0013507091222892018,True,0.5279633878494763,0.5000000400118672,0.948275484943124,0.7999998191240234,0.5000000400118672,0.9994708500638092,0.999629148896718,0.9977807367953839,0.982532751091703,1.0,0.0004048582995951417,0.004080875533296235,0.004448398576512456,0.04,0.0
cic_ids2017_v2,rf_5class_smote,cctl_shrunk,0.1,False,0.9996750568650487,0.0015002250337550632,True,0.5000000400118672,0.5000000400118672,0.5000000400118672,0.5000000400118672,0.5000000400118672,0.9996576088648178,0.999629148896718,1.0,1.0,1.0,0.00043591979075850045,0.004080875533296235,0.005326231691078562,0.05240174672489083,0.0
cic_ids2017_v2,rf_5class_smote,dirichlet,0.02,True,0.9937510935586272,0.001282792967276203,True,0.5984103411108604,0.5490930967678054,0.8882844439454748,inf,0.5490930967678054,0.9996577686516085,0.9994421718110822,0.9946832077979619,0.0,1.0,0.0006846970215679561,0.0033488372093023254,0.004454342984409799,,0.16666666666666666
cic_ids2017_v2,rf_5class_smote,dirichlet,0.02,False,0.9996750568650487,0.0015002250337550632,True,0.5490930967678054,0.5490930967678054,0.5490930967678054,0.5490930967678054,0.5490930967678054,0.9997822164146599,0.9994421718110822,1.0,0.9866071428571429,1.0,0.0007468492298117318,0.0033488372093023254,0.004873726185201595,0.027149321266968326,0.16666666666666666
cic_ids2017_v2,rf_5class_smote,dirichlet,0.05,True,0.9989501837178494,0.0013762041786563243,True,0.5984103411108604,0.5490930967678054,0.8882844439454748,0.941354571733734,0.5490930967678054,0.9996577686516085,0.9994421718110822,0.9946832077979619,0.9285714285714286,1.0,0.0006846970215679561,0.0033488372093023254,0.004454342984409799,0.019230769230769232,0.16666666666666666
cic_ids2017_v2,rf_5class_smote,dirichlet,0.05,False,0.9996750568650487,0.0015002250337550632,True,0.5490930967678054,0.5490930967678054,0.5490930967678054,0.5490930967678054,0.5490930967678054,0.9997822164146599,0.9994421718110822,1.0,0.9866071428571429,1.0,0.0007468492298117318,0.0033488372093023254,0.004873726185201595,0.027149321266968326,0.16666666666666666
cic_ids2017_v2,rf_5class_smote,dirichlet,0.1,True,0.9992751268528007,0.0014257841812997149,True,0.5984103411108604,0.5490930967678054,0.8882844439454748,0.5530345436209269,0.5490930967678054,0.9996577686516085,0.9994421718110822,0.9946832077979619,0.9866071428571429,1.0,0.0006846970215679561,0.0033488372093023254,0.004454342984409799,0.027149321266968326,0.16666666666666666
cic_ids2017_v2,rf_5class_smote,dirichlet,0.1,False,0.9996750568650487,0.0015002250337550632,True,0.5490930967678054,0.5490930967678054,0.5490930967678054,0.5490930967678054,0.5490930967678054,0.9997822164146599,0.9994421718110822,1.0,0.9866071428571429,1.0,0.0007468492298117318,0.0033488372093023254,0.004873726185201595,0.027149321266968326,0.16666666666666666
cic_ids2017_v2,xgb_5class_smote,raw,0.02,True,0.9993751093558627,0.001000450202591166,True,0.7115567720640315,0.6659652912952672,0.9516938009342512,0.9992959189482971,0.6659652912952672,0.999937741252646,0.9996292176492398,0.995571302037201,0.9511111111111111,1.0,0.00024905049498785876,0.0033382789317507417,0.004893238434163701,0.014018691588785047,0.0
cic_ids2017_v2,xgb_5class_smote,raw,0.02,False,0.999900017496938,0.001099917506187036,True,0.6659652912952672,0.6659652912952672,0.6659652912952672,0.6659652912952672,0.6659652912952672,0.999937741252646,0.9996292176492398,1.0,1.0,1.0,0.00024905049498785876,0.0033382789317507417,0.00487156775907883,0.03111111111111111,0.0
cic_ids2017_v2,xgb_5class_smote,raw,0.05,True,0.9996250656135176,0.0011002200440088017,True,0.7115567720640315,0.6659652912952672,0.9516938009342512,0.8131790376117017,0.6659652912952672,0.999937741252646,0.9996292176492398,0.995571302037201,0.9955555555555555,1.0,0.00024905049498785876,0.0033382789317507417,0.004893238434163701,0.03125,0.0
cic_ids2017_v2,xgb_5class_smote,raw,0.05,False,0.999900017496938,0.001099917506187036,True,0.6659652912952672,0.6659652912952672,0.6659652912952672,0.6659652912952672,0.6659652912952672,0.999937741252646,0.9996292176492398,1.0,1.0,1.0,0.00024905049498785876,0.0033382789317507417,0.00487156775907883,0.03111111111111111,0.0
cic_ids2017_v2,xgb_5class_smote,raw,0.1,True,0.9996250656135176,0.0011002200440088017,True,0.7115567720640315,0.6659652912952672,0.9516938009342512,0.8131790376117017,0.6659652912952672,0.999937741252646,0.9996292176492398,0.995571302037201,0.9955555555555555,1.0,0.00024905049498785876,0.0033382789317507417,0.004893238434163701,0.03125,0.0
cic_ids2017_v2,xgb_5class_smote,raw,0.1,False,0.999900017496938,0.001099917506187036,True,0.6659652912952672,0.6659652912952672,0.6659652912952672,0.6659652912952672,0.6659652912952672,0.999937741252646,0.9996292176492398,1.0,1.0,1.0,0.00024905049498785876,0.0033382789317507417,0.00487156775907883,0.03111111111111111,0.0
cic_ids2017_v2,xgb_5class_smote,temperature,0.02,True,0.9993751093558627,0.001000450202591166,True,0.6510582313726627,0.6158003577141681,0.8878493503334547,0.9934211622640468,0.6158003577141681,0.999937741252646,0.9996292176492398,0.995571302037201,0.9511111111111111,1.0,0.00024905049498785876,0.0033382789317507417,0.004893238434163701,0.014018691588785047,0.0
cic_ids2017_v2,xgb_5class_smote,temperature,0.02,False,0.999900017496938,0.001099917506187036,True,0.6158003577141681,0.6158003577141681,0.6158003577141681,0.6158003577141681,0.6158003577141681,0.999937741252646,0.9996292176492398,1.0,1.0,1.0,0.00024905049498785876,0.0033382789317507417,0.00487156775907883,0.03111111111111111,0.0
cic_ids2017_v2,xgb_5class_smote,temperature,0.05,True,0.9996250656135176,0.0011002200440088017,True,0.6510582313726627,0.6158003577141681,0.8878493503334547,0.7327226699049493,0.6158003577141681,0.999937741252646,0.9996292176492398,0.995571302037201,0.9955555555555555,1.0,0.00024905049498785876,0.0033382789317507417,0.004893238434163701,0.03125,0.0
cic_ids2017_v2,xgb_5class_smote,temperature,0.05,False,0.999900017496938,0.001099917506187036,True,0.6158003577141681,0.6158003577141681,0.6158003577141681,0.6158003577141681,0.6158003577141681,0.999937741252646,0.9996292176492398,1.0,1.0,1.0,0.00024905049498785876,0.0033382789317507417,0.00487156775907883,0.03111111111111111,0.0
cic_ids2017_v2,xgb_5class_smote,temperature,0.1,True,0.9996250656135176,0.0011002200440088017,True,0.6510582313726627,0.6158003577141681,0.8878493503334547,0.7327226699049493,0.6158003577141681,0.999937741252646,0.9996292176492398,0.995571302037201,0.9955555555555555,1.0,0.00024905049498785876,0.0033382789317507417,0.004893238434163701,0.03125,0.0
cic_ids2017_v2,xgb_5class_smote,temperature,0.1,False,0.999900017496938,0.001099917506187036,True,0.6158003577141681,0.6158003577141681,0.6158003577141681,0.6158003577141681,0.6158003577141681,0.999937741252646,0.9996292176492398,1.0,1.0,1.0,0.00024905049498785876,0.0033382789317507417,0.00487156775907883,0.03111111111111111,0.0
cic_ids2017_v2,xgb_5class_smote,perclass_isotonic_renorm,0.02,True,0.9994750918589247,0.001100385134797179,True,0.6808534782168139,0.5285759608311247,0.8260790384265161,0.9805825242718447,0.5285759608311247,0.999906611878969,1.0,0.9964570416297609,0.9553571428571429,1.0,0.0002801905295601009,0.003892493049119555,0.004888888888888889,0.014018691588785047,0.0
cic_ids2017_v2,xgb_5class_smote,perclass_isotonic_renorm,0.02,False,1.0,0.0011997900367435698,True,0.5285759608311247,0.5285759608311247,0.5285759608311247,0.5285759608311247,0.5285759608311247,1.0,1.0,1.0,1.0,1.0,0.0002801643630930146,0.003892493049119555,0.00487156775907883,0.03125,0.0
cic_ids2017_v2,xgb_5class_smote,perclass_isotonic_renorm,0.05,True,0.9996750568650487,0.0011751762764414663,True,0.6808534782168139,0.5285759608311247,0.8260790384265161,0.7750769617512957,0.5285759608311247,0.999906611878969,1.0,0.9964570416297609,0.9910714285714286,1.0,0.0002801905295601009,0.003892493049119555,0.004888888888888889,0.02702702702702703,0.0
cic_ids2017_v2,xgb_5class_smote,perclass_isotonic_renorm,0.05,False,1.0,0.0011997900367435698,True,0.5285759608311247,0.5285759608311247,0.5285759608311247,0.5285759608311247,0.5285759608311247,1.0,1.0,1.0,1.0,1.0,0.0002801643630930146,0.003892493049119555,0.00487156775907883,0.03125,0.0
cic_ids2017_v2,xgb_5class_smote,perclass_isotonic_renorm,0.1,True,0.9996750568650487,0.0011751762764414663,True,0.6808534782168139,0.5285759608311247,0.8260790384265161,0.7750769617512957,0.5285759608311247,0.999906611878969,1.0,0.9964570416297609,0.9910714285714286,1.0,0.0002801905295601009,0.003892493049119555,0.004888888888888889,0.02702702702702703,0.0
cic_ids2017_v2,xgb_5class_smote,perclass_isotonic_renorm,0.1,False,1.0,0.0011997900367435698,True,0.5285759608311247,0.5285759608311247,0.5285759608311247,0.5285759608311247,0.5285759608311247,1.0,1.0,1.0,1.0,1.0,0.0002801643630930146,0.003892493049119555,0.00487156775907883,0.03125,0.0
cic_ids2017_v2,xgb_5class_smote,toplabel_isotonic,0.02,True,0.9993751093558627,0.001000450202591166,True,0.6153847115567721,0.6153846659652913,0.880000071693801,0.9896177991574708,0.6153846659652913,0.999937741252646,0.9996292176492398,0.995571302037201,0.9511111111111111,1.0,0.00024905049498785876,0.0033382789317507417,0.004893238434163701,0.014018691588785047,0.0
cic_ids2017_v2,xgb_5class_smote,toplabel_isotonic,0.02,False,0.999900017496938,0.001099917506187036,True,0.6153846659652913,0.6153846659652913,0.6153846659652913,0.6153846659652913,0.6153846659652913,0.999937741252646,0.9996292176492398,1.0,1.0,1.0,0.00024905049498785876,0.0033382789317507417,0.00487156775907883,0.03111111111111111,0.0
cic_ids2017_v2,xgb_5class_smote,toplabel_isotonic,0.05,True,0.9996250656135176,0.0011002200440088017,True,0.6153847115567721,0.6153846659652913,0.880000071693801,0.6153848131790377,0.6153846659652913,0.999937741252646,0.9996292176492398,0.995571302037201,0.9955555555555555,1.0,0.00024905049498785876,0.0033382789317507417,0.004893238434163701,0.03125,0.0
cic_ids2017_v2,xgb_5class_smote,toplabel_isotonic,0.05,False,0.999900017496938,0.001099917506187036,True,0.6153846659652913,0.6153846659652913,0.6153846659652913,0.6153846659652913,0.6153846659652913,0.999937741252646,0.9996292176492398,1.0,1.0,1.0,0.00024905049498785876,0.0033382789317507417,0.00487156775907883,0.03111111111111111,0.0
cic_ids2017_v2,xgb_5class_smote,toplabel_isotonic,0.1,True,0.9996250656135176,0.0011002200440088017,True,0.6153847115567721,0.6153846659652913,0.880000071693801,0.6153848131790377,0.6153846659652913,0.999937741252646,0.9996292176492398,0.995571302037201,0.9955555555555555,1.0,0.00024905049498785876,0.0033382789317507417,0.004893238434163701,0.03125,0.0
cic_ids2017_v2,xgb_5class_smote,toplabel_isotonic,0.1,False,0.999900017496938,0.001099917506187036,True,0.6153846659652913,0.6153846659652913,0.6153846659652913,0.6153846659652913,0.6153846659652913,0.999937741252646,0.9996292176492398,1.0,1.0,1.0,0.00024905049498785876,0.0033382789317507417,0.00487156775907883,0.03111111111111111,0.0
cic_ids2017_v2,xgb_5class_smote,cctl,0.02,True,0.9993751093558627,0.001000450202591166,True,0.666666711556772,0.6666666659652912,0.800000151693801,0.9999999992959189,0.0981991800516658,0.999937741252646,0.9996292176492398,0.995571302037201,0.9511111111111111,1.0,0.00024905049498785876,0.0033382789317507417,0.004893238434163701,0.014018691588785047,0.0
cic_ids2017_v2,xgb_5class_smote,cctl,0.02,False,0.9999750043742345,0.0011498275258711194,True,0.0981991800516658,0.0981991800516658,0.0981991800516658,0.0981991800516658,0.0981991800516658,1.0,1.0,1.0,0.9955555555555555,1.0,0.00024903498941601296,0.0037078235076010383,0.00487156775907883,0.03125,0.0
cic_ids2017_v2,xgb_5class_smote,cctl,0.05,True,0.9996250656135176,0.0011002200440088017,True,0.666666711556772,0.6666666659652912,0.800000151693801,0.0981991800516658,0.0981991800516658,0.999937741252646,0.9996292176492398,0.995571302037201,0.9955555555555555,1.0,0.00024905049498785876,0.0033382789317507417,0.004893238434163701,0.03125,0.0
cic_ids2017_v2,xgb_5class_smote,cctl,0.05,False,0.9999750043742345,0.0011498275258711194,True,0.0981991800516658,0.0981991800516658,0.0981991800516658,0.0981991800516658,0.0981991800516658,1.0,1.0,1.0,0.9955555555555555,1.0,0.00024903498941601296,0.0037078235076010383,0.00487156775907883,0.03125,0.0
cic_ids2017_v2,xgb_5class_smote,cctl,0.1,True,0.9996250656135176,0.0011002200440088017,True,0.666666711556772,0.6666666659652912,0.800000151693801,0.0981991800516658,0.0981991800516658,0.999937741252646,0.9996292176492398,0.995571302037201,0.9955555555555555,1.0,0.00024905049498785876,0.0033382789317507417,0.004893238434163701,0.03125,0.0
cic_ids2017_v2,xgb_5class_smote,cctl,0.1,False,0.9999750043742345,0.0011498275258711194,True,0.0981991800516658,0.0981991800516658,0.0981991800516658,0.0981991800516658,0.0981991800516658,1.0,1.0,1.0,0.9955555555555555,1.0,0.00024903498941601296,0.0037078235076010383,0.00487156775907883,0.03125,0.0
cic_ids2017_v2,xgb_5class_smote,cctl_shrunk,0.02,True,0.9993751093558627,0.001000450202591166,True,0.666666711556772,0.6666666659652912,0.800000151693801,0.9999999992959189,0.0981991800516658,0.999937741252646,0.9996292176492398,0.995571302037201,0.9511111111111111,1.0,0.00024905049498785876,0.0033382789317507417,0.004893238434163701,0.014018691588785047,0.0
cic_ids2017_v2,xgb_5class_smote,cctl_shrunk,0.02,False,0.9999750043742345,0.0011498275258711194,True,0.0981991800516658,0.0981991800516658,0.0981991800516658,0.0981991800516658,0.0981991800516658,1.0,1.0,1.0,0.9955555555555555,1.0,0.00024903498941601296,0.0037078235076010383,0.00487156775907883,0.03125,0.0
cic_ids2017_v2,xgb_5class_smote,cctl_shrunk,0.05,True,0.9996250656135176,0.0011002200440088017,True,0.666666711556772,0.6666666659652912,0.800000151693801,0.0981991800516658,0.0981991800516658,0.999937741252646,0.9996292176492398,0.995571302037201,0.9955555555555555,1.0,0.00024905049498785876,0.0033382789317507417,0.004893238434163701,0.03125,0.0
cic_ids2017_v2,xgb_5class_smote,cctl_shrunk,0.05,False,0.9999750043742345,0.0011498275258711194,True,0.0981991800516658,0.0981991800516658,0.0981991800516658,0.0981991800516658,0.0981991800516658,1.0,1.0,1.0,0.9955555555555555,1.0,0.00024903498941601296,0.0037078235076010383,0.00487156775907883,0.03125,0.0
cic_ids2017_v2,xgb_5class_smote,cctl_shrunk,0.1,True,0.9996250656135176,0.0011002200440088017,True,0.666666711556772,0.6666666659652912,0.800000151693801,0.0981991800516658,0.0981991800516658,0.999937741252646,0.9996292176492398,0.995571302037201,0.9955555555555555,1.0,0.00024905049498785876,0.0033382789317507417,0.004893238434163701,0.03125,0.0
cic_ids2017_v2,xgb_5class_smote,cctl_shrunk,0.1,False,0.9999750043742345,0.0011498275258711194,True,0.0981991800516658,0.0981991800516658,0.0981991800516658,0.0981991800516658,0.0981991800516658,1.0,1.0,1.0,0.9955555555555555,1.0,0.00024903498941601296,0.0037078235076010383,0.00487156775907883,0.03125,0.0
cic_ids2017_v2,xgb_5class_smote,dirichlet,0.02,True,0.9996750568650487,0.00102515377306596,True,0.5429585291694975,0.5699482733899051,0.6254444499697758,0.9309188917093636,0.5089988990753852,0.9999377451285563,1.0,1.0,0.9506726457399103,1.0,0.0002801643630930146,0.0033382789317507417,0.00487156775907883,0.0047169811320754715,0.25
cic_ids2017_v2,xgb_5class_smote,dirichlet,0.02,False,1.0,0.0011497987852125877,True,0.5089988990753852,0.5089988990753852,0.5089988990753852,0.5089988990753852,0.5089988990753852,1.0,1.0,1.0,1.0,1.0,0.0002801469214966071,0.0033382789317507417,0.00487156775907883,0.026905829596412557,0.25
cic_ids2017_v2,xgb_5class_smote,dirichlet,0.05,True,0.9999500087484691,0.0011498562679665041,True,0.5429585291694975,0.5699482733899051,0.6254444499697758,0.5089988990753852,0.5089988990753852,0.9999377451285563,1.0,1.0,1.0,1.0,0.0002801643630930146,0.0033382789317507417,0.00487156775907883,0.026905829596412557,0.25
cic_ids2017_v2,xgb_5class_smote,dirichlet,0.05,False,1.0,0.0011497987852125877,True,0.5089988990753852,0.5089988990753852,0.5089988990753852,0.5089988990753852,0.5089988990753852,1.0,1.0,1.0,1.0,1.0,0.0002801469214966071,0.0033382789317507417,0.00487156775907883,0.026905829596412557,0.25
cic_ids2017_v2,xgb_5class_smote,dirichlet,0.1,True,0.9999500087484691,0.0011498562679665041,True,0.5429585291694975,0.5699482733899051,0.6254444499697758,0.5089988990753852,0.5089988990753852,0.9999377451285563,1.0,1.0,1.0,1.0,0.0002801643630930146,0.0033382789317507417,0.00487156775907883,0.026905829596412557,0.25
cic_ids2017_v2,xgb_5class_smote,dirichlet,0.1,False,1.0,0.0011497987852125877,True,0.5089988990753852,0.5089988990753852,0.5089988990753852,0.5089988990753852,0.5089988990753852,1.0,1.0,1.0,1.0,1.0,0.0002801469214966071,0.0033382789317507417,0.00487156775907883,0.026905829596412557,0.25
cic_ids2017_v2,dnn_5class_smote,raw,0.02,True,0.9355112855250332,0.004702487509017554,True,0.36096391724742477,0.8151026520194662,0.9788491380387422,0.9958863372003111,0.7828779242282629,0.9999019800039208,0.8471902727571475,0.5408011869436202,0.34003350083752093,0.3181818181818182,0.00042479495474299905,0.024631497284716836,0.0205761316872428,0.009852216748768473,0.5714285714285714
cic_ids2017_v2,dnn_5class_smote,raw,0.02,False,0.9745794485964956,0.02244165170556553,False,0.7828779242282629,0.7828779242282629,0.7828779242282629,0.7828779242282629,0.7828779242282629,0.9920603803175848,0.9295103516266842,0.9974035608308606,0.45896147403685095,0.3181818181818182,0.00029641339788558443,0.06346119851511402,0.1647452584603942,0.21897810218978103,0.5714285714285714
cic_ids2017_v2,dnn_5class_smote,raw,0.05,True,0.954133026720324,0.011631562401760453,True,0.36096391724742477,0.7878478717799398,0.9742808630257963,0.9886280571922256,0.3580824631899646,0.9999019800039208,0.9229378902398948,0.6324183976261127,0.38023450586264657,0.9090909090909091,0.00042479495474299905,0.057147943742211146,0.04633431085043988,0.06607929515418502,0.8
cic_ids2017_v2,dnn_5class_smote,raw,0.05,False,0.9999500087484691,0.03939507561554806,True,0.3580824631899646,0.3580824631899646,0.3580824631899646,0.3580824631899646,0.3580824631899646,1.0,1.0,1.0,1.0,0.9090909090909091,0.0004247533163432007,0.11846861649687808,0.16654302670623145,0.6314907872696818,0.8
cic_ids2017_v2,dnn_5class_smote,raw,0.1,True,0.9799785037618417,0.024690098454318216,True,0.36096391724742477,0.4232446705964162,0.9608336611035398,0.950910779201274,0.3580824631899646,0.9999019800039208,0.9875123233651002,0.8649851632047477,0.4036850921273032,0.9090909090909091,0.00042479495474299905,0.10732113144758736,0.11449399656946826,0.11203319502074689,0.8
cic_ids2017_v2,dnn_5class_smote,raw,0.1,False,0.9999500087484691,0.03939507561554806,True,0.3580824631899646,0.3580824631899646,0.3580824631899646,0.3580824631899646,0.3580824631899646,1.0,1.0,1.0,1.0,0.9090909090909091,0.0004247533163432007,0.11846861649687808,0.16654302670623145,0.6314907872696818,0.8
cic_ids2017_v2,dnn_5class_smote,temperature,0.02,True,0.9349863773839578,0.004571459124204673,True,0.3363173774516403,0.693996112044615,0.9006952312857769,0.9584829470677189,0.670583989145985,0.9999019800039208,0.8458757804797897,0.5359792284866469,0.34003350083752093,0.3181818181818182,0.00042479495474299905,0.024087024087024088,0.019377162629757784,0.009852216748768473,0.5714285714285714
cic_ids2017_v2,dnn_5class_smote,temperature,0.02,False,0.97073012222861,0.022479143063137294,False,0.670583989145985,0.670583989145985,0.670583989145985,0.670583989145985,0.670583989145985,0.987420767169836,0.9194873480118304,0.9962908011869436,0.5460636515912898,0.3181818181818182,0.0002978061612785811,0.05521801286633309,0.16381236038719285,0.34049079754601225,0.5714285714285714
cic_ids2017_v2,dnn_5class_smote,temperature,0.05,True,0.9542580048491514,0.01183958928150457,True,0.3363173774516403,0.6682409334155094,0.8889001216095416,0.9244608684033337,0.3363173774516403,0.9999019800039208,0.9226092671705554,0.6346439169139466,0.38023450586264657,0.9545454545454546,0.00042479495474299905,0.05805877114870882,0.04734073641145529,0.06607929515418502,0.8095238095238095
cic_ids2017_v2,dnn_5class_smote,temperature,0.05,False,0.9997500437423451,0.039277945845938446,True,0.3363173774516403,0.3363173774516403,0.3363173774516403,0.3363173774516403,0.3363173774516403,0.9999019800039208,0.9995070653959908,1.0,0.9949748743718593,0.9545454545454546,0.00042479495474299905,0.1180338648693079,0.16654302670623145,0.6296296296296297,0.8095238095238095
cic_ids2017_v2,dnn_5class_smote,temperature,0.1,True,0.9800284950133726,0.02471434401142624,True,0.3363173774516403,0.37174297604235695,0.8611904771616086,0.8379497708784571,0.3363173774516403,0.9999019800039208,0.9875123233651002,0.8653560830860534,0.4036850921273032,0.9545454545454546,0.00042479495474299905,0.10732113144758736,0.11444492070295756,0.11203319502074689,0.8095238095238095
cic_ids2017_v2,dnn_5class_smote,temperature,0.1,False,0.9997500437423451,0.039277945845938446,True,0.3363173774516403,0.3363173774516403,0.3363173774516403,0.3363173774516403,0.3363173774516403,0.9999019800039208,0.9995070653959908,1.0,0.9949748743718593,0.9545454545454546,0.00042479495474299905,0.1180338648693079,0.16654302670623145,0.6296296296296297,0.8095238095238095
cic_ids2017_v2,dnn_5class_smote,perclass_isotonic_renorm,0.02,True,0.9788037093508636,0.014862483720217574,True,0.510187125793085,0.5199507496309211,0.784194380477759,0.8603194903968826,0.510187125793085,0.9999374941400756,0.9959992725950173,0.6421006178287731,0.9458333333333333,1.0,0.00993905297702766,0.03980281175826182,0.01993127147766323,0.06607929515418502,0.4
cic_ids2017_v2,dnn_5class_smote,perclass_isotonic_renorm,0.02,False,0.9998250306196416,0.0199,True,0.510187125793085,0.510187125793085,0.510187125793085,0.510187125793085,0.510187125793085,0.9999374941400756,0.9990907437715948,1.0,1.0,1.0,0.00993905297702766,0.04095376774663269,0.09929390997352162,0.10833333333333334,0.4
cic_ids2017_v2,dnn_5class_smote,perclass_isotonic_renorm,0.05,True,0.9952508311045567,0.017932039078785444,True,0.510187125793085,0.5199507496309211,0.7806620983241933,0.8603194903968826,0.510187125793085,0.9999374941400756,0.9959992725950173,0.9324801412180053,0.9458333333333333,1.0,0.00993905297702766,0.03980281175826182,0.07619498343587316,0.06607929515418502,0.4
cic_ids2017_v2,dnn_5class_smote,perclass_isotonic_renorm,0.05,False,0.9998250306196416,0.0199,True,0.510187125793085,0.510187125793085,0.510187125793085,0.510187125793085,0.510187125793085,0.9999374941400756,0.9990907437715948,1.0,1.0,1.0,0.00993905297702766,0.04095376774663269,0.09929390997352162,0.10833333333333334,0.4
cic_ids2017_v2,dnn_5class_smote,perclass_isotonic_renorm,0.1,True,0.9993751093558627,0.01973388024611075,True,0.510187125793085,0.5199507496309211,0.550015461795925,0.6191093234890613,0.510187125793085,0.9999374941400756,0.9959992725950173,0.999558693733451,1.0,1.0,0.00993905297702766,0.03980281175826182,0.09933774834437085,0.10833333333333334,0.4
cic_ids2017_v2,dnn_5class_smote,perclass_isotonic_renorm,0.1,False,0.9998250306196416,0.0199,True,0.510187125793085,0.510187125793085,0.510187125793085,0.510187125793085,0.510187125793085,0.9999374941400756,0.9990907437715948,1.0,1.0,1.0,0.00993905297702766,0.04095376774663269,0.09929390997352162,0.10833333333333334,0.4
cic_ids2017_v2,dnn_5class_smote,toplabel_isotonic,0.02,True,0.9355112855250332,0.004702487509017554,True,0.20000016096391726,0.6321072064069999,0.8031497819987443,0.9943820239762248,0.31609242080895855,0.9999019800039208,0.8471902727571475,0.5408011869436202,0.34003350083752093,0.3181818181818182,0.00042479495474299905,0.024631497284716836,0.0205761316872428,0.009852216748768473,0.5714285714285714
cic_ids2017_v2,dnn_5class_smote,toplabel_isotonic,0.02,False,0.9745794485964956,0.02244165170556553,False,0.31609242080895855,0.31609242080895855,0.31609242080895855,0.31609242080895855,0.31609242080895855,0.9920603803175848,0.9295103516266842,0.9974035608308606,0.45896147403685095,0.3181818181818182,0.00029641339788558443,0.06346119851511402,0.1647452584603942,0.21897810218978103,0.5714285714285714
cic_ids2017_v2,dnn_5class_smote,toplabel_isotonic,0.05,True,0.954133026720324,0.011631562401760453,True,0.20000016096391726,0.3160924257789061,0.8031497774304692,0.9527559413839627,3.580824631899646e-07,0.9999019800039208,0.9229378902398948,0.6324183976261127,0.38023450586264657,0.9090909090909091,0.00042479495474299905,0.057147943742211146,0.04633431085043988,0.06607929515418502,0.8
cic_ids2017_v2,dnn_5class_smote,toplabel_isotonic,0.05,False,0.9999500087484691,0.03939507561554806,True,3.580824631899646e-07,3.580824631899646e-07,3.580824631899646e-07,3.580824631899646e-07,3.580824631899646e-07,1.0,1.0,1.0,1.0,0.9090909090909091,0.0004247533163432007,0.11846861649687808,0.16654302670623145,0.6314907872696818,0.8
cic_ids2017_v2,dnn_5class_smote,toplabel_isotonic,0.1,True,0.9799785037618417,0.024690098454318216,True,0.20000016096391726,0.2549021291270235,0.7067140350386081,0.7067140251157262,3.580824631899646e-07,0.9999019800039208,0.9875123233651002,0.8649851632047477,0.4036850921273032,0.9090909090909091,0.00042479495474299905,0.10732113144758736,0.11449399656946826,0.11203319502074689,0.8
cic_ids2017_v2,dnn_5class_smote,toplabel_isotonic,0.1,False,0.9999500087484691,0.03939507561554806,True,3.580824631899646e-07,3.580824631899646e-07,3.580824631899646e-07,3.580824631899646e-07,3.580824631899646e-07,1.0,1.0,1.0,1.0,0.9090909090909091,0.0004247533163432007,0.11846861649687808,0.16654302670623145,0.6314907872696818,0.8
cic_ids2017_v2,dnn_5class_smote,cctl,0.02,True,0.9354612942735021,0.004649298597194389,True,0.9565211435726129,0.5321640256289679,0.769230978849138,0.982456153781074,0.1827962842186953,0.9999019800039208,0.8471902727571475,0.5408011869436202,0.34003350083752093,0.22727272727272727,0.00042479495474299905,0.024631497284716836,0.0205761316872428,0.009852216748768473,0.4
cic_ids2017_v2,dnn_5class_smote,cctl,0.02,False,0.981678206313895,0.02309415898558843,False,0.1827962842186953,0.1827962842186953,0.1827962842186953,0.1827962842186953,0.1827962842186953,1.0,0.9441340782122905,0.9929525222551929,0.4020100502512563,0.22727272727272727,0.0004247533163432007,0.07535676992690567,0.1617482256257004,0.10833333333333334,0.4
cic_ids2017_v2,dnn_5class_smote,cctl,0.05,True,0.954133026720324,0.011631562401760453,True,0.9565211435726129,0.18279630397690402,0.7665371727244428,0.4166672386280572,3.580824631899646e-07,0.9999019800039208,0.9229378902398948,0.6324183976261127,0.38023450586264657,0.9090909090909091,0.00042479495474299905,0.057147943742211146,0.04633431085043988,0.06607929515418502,0.8
cic_ids2017_v2,dnn_5class_smote,cctl,0.05,False,0.9999500087484691,0.03939507561554806,True,3.580824631899646e-07,3.580824631899646e-07,3.580824631899646e-07,3.580824631899646e-07,3.580824631899646e-07,1.0,1.0,1.0,1.0,0.9090909090909091,0.0004247533163432007,0.11846861649687808,0.16654302670623145,0.6314907872696818,0.8
cic_ids2017_v2,dnn_5class_smote,cctl,0.1,True,0.9799785037618417,0.024690098454318216,True,0.9565211435726129,4.2324467059641614e-07,0.4316552054379776,0.04477702553764487,3.580824631899646e-07,0.9999019800039208,0.9875123233651002,0.8649851632047477,0.4036850921273032,0.9090909090909091,0.00042479495474299905,0.10732113144758736,0.11449399656946826,0.11203319502074689,0.8
cic_ids2017_v2,dnn_5class_smote,cctl,0.1,False,0.9999500087484691,0.03939507561554806,True,3.580824631899646e-07,3.580824631899646e-07,3.580824631899646e-07,3.580824631899646e-07,3.580824631899646e-07,1.0,1.0,1.0,1.0,0.9090909090909091,0.0004247533163432007,0.11846861649687808,0.16654302670623145,0.6314907872696818,0.8
cic_ids2017_v2,dnn_5class_smote,cctl_shrunk,0.02,True,0.9356612592796261,0.004835305746266663,True,0.9534358214575692,0.5341640892827207,0.7707238839173427,0.9844371953417302,0.18546380716850522,0.9999019800039208,0.8471902727571475,0.5408011869436202,0.34003350083752093,0.5909090909090909,0.00042479495474299905,0.024631497284716836,0.0205761316872428,0.009852216748768473,0.6923076923076923
cic_ids2017_v2,dnn_5class_smote,cctl_shrunk,0.02,False,0.981878171320019,0.02326765439641566,False,0.18546380716850522,0.18546380716850522,0.18546380716850522,0.18546380716850522,0.18546380716850522,1.0,0.9441340782122905,0.9929525222551929,0.4020100502512563,0.5909090909090909,0.0004247533163432007,0.07535676992690567,0.1617482256257004,0.10833333333333334,0.6923076923076923
cic_ids2017_v2,dnn_5class_smote,cctl_shrunk,0.05,True,0.954133026720324,0.011631562401760453,True,0.9534358214575692,0.18546382692671395,0.7681486430019968,0.5057185181556163,3.580824631899646e-07,0.9999019800039208,0.9229378902398948,0.6324183976261127,0.38023450586264657,0.9090909090909091,0.00042479495474299905,0.057147943742211146,0.04633431085043988,0.06607929515418502,0.8
cic_ids2017_v2,dnn_5class_smote,cctl_shrunk,0.05,False,0.9999500087484691,0.03939507561554806,True,3.580824631899646e-07,3.580824631899646e-07,3.580824631899646e-07,3.580824631899646e-07,3.580824631899646e-07,1.0,1.0,1.0,1.0,0.9090909090909091,0.0004247533163432007,0.11846861649687808,0.16654302670623145,0.6314907872696818,0.8
cic_ids2017_v2,dnn_5class_smote,cctl_shrunk,0.1,True,0.9799785037618417,0.024690098454318216,True,0.9534358214575692,0.005101518019182367,0.44376166800842787,0.1547333377599175,3.580824631899646e-07,0.9999019800039208,0.9875123233651002,0.8649851632047477,0.4036850921273032,0.9090909090909091,0.00042479495474299905,0.10732113144758736,0.11449399656946826,0.11203319502074689,0.8
cic_ids2017_v2,dnn_5class_smote,cctl_shrunk,0.1,False,0.9999500087484691,0.03939507561554806,True,3.580824631899646e-07,3.580824631899646e-07,3.580824631899646e-07,3.580824631899646e-07,3.580824631899646e-07,1.0,1.0,1.0,1.0,0.9090909090909091,0.0004247533163432007,0.11846861649687808,0.16654302670623145,0.6314907872696818,0.8
cic_ids2017_v2,dnn_5class_smote,dirichlet,0.02,True,0.9742545054615442,0.015624599122559459,True,0.4999144919684486,0.5003160889085324,0.8490385204407156,0.6954396683521795,0.5018036237774328,0.9999690871433429,0.9986105597459309,0.5801590623691921,0.9166666666666666,1.0,0.01678620007419315,0.007155635062611807,0.018037518037518036,0.014354066985645933,0.6666666666666666
cic_ids2017_v2,dnn_5class_smote,dirichlet,0.02,False,0.998475266828305,0.02192960496670505,True,0.5018036237774328,0.5018036237774328,0.5018036237774328,0.5018036237774328,0.5018036237774328,0.9994744814368296,0.9932512901945216,0.9958141481791545,1.0,1.0,0.016392428553754793,0.007194244604316547,0.12274064733081126,0.07017543859649122,0.6666666666666666
cic_ids2017_v2,dnn_5class_smote,dirichlet,0.05,True,0.9817281975654261,0.01713514614522864,True,0.4999144919684486,0.5003160889085324,0.7863723785122979,0.49345288549507715,0.49345288549507715,0.9999690871433429,0.9986105597459309,0.6973629133528673,1.0,1.0,0.01678620007419315,0.007155635062611807,0.04561824729891957,0.07017543859649122,0.6666666666666666
cic_ids2017_v2,dnn_5class_smote,dirichlet,0.05,False,1.0,0.022371085060114478,True,0.49345288549507715,0.49345288549507715,0.49345288549507715,0.49345288549507715,0.49345288549507715,1.0,1.0,1.0,1.0,1.0,0.016816594021453524,0.007145692735212386,0.1243197990791126,0.07017543859649122,0.6666666666666666
cic_ids2017_v2,dnn_5class_smote,dirichlet,0.1,True,0.998675231834429,0.021775041297492116,True,0.4999144919684486,0.5003160889085324,0.5198680760620907,0.49345288549507715,0.49345288549507715,0.9999690871433429,0.9986105597459309,0.981163666806195,1.0,1.0,0.01678620007419315,0.007155635062611807,0.11646757679180887,0.07017543859649122,0.6666666666666666
cic_ids2017_v2,dnn_5class_smote,dirichlet,0.1,False,1.0,0.022371085060114478,True,0.49345288549507715,0.49345288549507715,0.49345288549507715,0.49345288549507715,0.49345288549507715,1.0,1.0,1.0,1.0,1.0,0.016816594021453524,0.007145692735212386,0.1243197990791126,0.07017543859649122,0.6666666666666666
