model,position,true_class,pred_class,correct,trust_score,max_softmax,mc_dropout,calib_health
rf_5class_cw,0,0,0,1,1426.4790956240463,0.9999958872795104,,red
rf_5class_cw,1,4,0,0,0.9996701493214889,0.9996930360794068,,red
rf_5class_cw,2,3,0,0,19.57039394495377,0.9999958872795104,,red
rf_5class_cw,3,3,0,0,2.314466515716473,0.9999958872795104,,red
rf_5class_cw,4,0,0,1,23583.769638377853,0.9999958872795104,,red
rf_5class_cw,5,2,0,0,0.6028012315118182,0.5624969601631165,,red
rf_5class_cw,6,4,0,0,4.711534731770332,0.9995613098144532,,red
rf_5class_cw,7,3,0,0,0.46451797438591785,0.9999927878379822,,red
rf_5class_cw,8,1,1,1,2.014088534083949,0.9795879125595092,,green
rf_5class_cw,9,0,0,1,8.937484916081619,0.9999958872795104,,red
rf_5class_cw,10,2,2,1,85.5104188187224,0.9999958872795104,,red
rf_5class_cw,11,2,2,1,2.790651598510382,0.9999958872795104,,red
rf_5class_cw,12,0,0,1,66.17880874068598,0.9999958872795104,,red
rf_5class_cw,13,1,0,0,1.755152256980912,0.9792177081108092,,red
rf_5class_cw,14,3,0,0,2.345951702253948,0.9999958872795104,,red
rf_5class_cw,15,0,2,0,4.504228853081429,0.9999958872795104,,red
rf_5class_cw,16,0,0,1,24.099142805325386,0.9999958872795104,,red
rf_5class_cw,17,3,0,0,2.6311099775875664,0.9999958872795104,,red
rf_5class_cw,18,0,0,1,15621.685808759898,0.9999958872795104,,red
rf_5class_cw,19,0,0,1,61.18910487614893,0.9999958872795104,,red
rf_5class_cw,20,0,0,1,6.136705625717214,0.9999958872795104,,red
rf_5class_cw,21,3,0,0,4.300641128180492,0.9999790787696838,,red
rf_5class_cw,22,0,0,1,10.414757643757524,0.9999958872795104,,red
rf_5class_cw,23,1,1,1,1.9215990167460877,0.769225537776947,,green
rf_5class_cw,24,0,0,1,1.0105332363721378,0.9119937419891356,,red
rf_5class_cw,25,2,2,1,15.099437037454896,0.9999958872795104,,red
rf_5class_cw,26,0,0,1,0.5665761410324758,0.9790882468223572,,red
rf_5class_cw,27,4,4,1,2.0048390482156977,0.6744303703308105,,red
rf_5class_cw,28,3,0,0,38.66311479908894,0.9792177081108092,,red
rf_5class_cw,29,1,1,1,60.930018422082085,0.9999958872795104,,green
rf_5class_cw,30,1,1,1,1.7149099804497712,0.799996018409729,,green
rf_5class_cw,31,4,0,0,0.8099510917391001,0.9789482355117798,,red
rf_5class_cw,32,2,2,1,0.5118296300803423,0.8475085496902466,,red
rf_5class_cw,33,2,2,1,3.894844854921675,0.5581377148628235,,red
rf_5class_cw,34,1,1,1,29.827866231378195,0.9999958872795104,,green
rf_5class_cw,35,3,0,0,145.80723871345305,0.9999958872795104,,red
rf_5class_cw,36,1,1,1,42.673542744646184,0.9999958872795104,,green
rf_5class_cw,37,1,1,1,37.7508780729963,0.9999958872795104,,green
rf_5class_cw,38,1,1,1,12.54300592275959,0.9999958872795104,,green
rf_5class_cw,39,2,2,1,5.395576388261182,0.9999958872795104,,red
rf_5class_cw,40,0,0,1,8.869197208058228,0.9999958872795104,,red
rf_5class_cw,41,3,0,0,2.8813486310424046,0.9999958276748656,,red
rf_5class_cw,42,1,1,1,42.72191527342177,0.9999958872795104,,green
rf_5class_cw,43,2,2,1,0.72626102811069,0.9999958872795104,,red
rf_5class_cw,44,2,2,1,0.7771211552523958,0.6249951720237732,,red
rf_5class_cw,45,3,0,0,1.039539353709097,0.9632036685943604,,red
rf_5class_cw,46,1,1,1,53.12079281147696,0.9999958872795104,,green
rf_5class_cw,47,1,1,1,117.26000440708827,0.9999958872795104,,green
rf_5class_cw,48,0,0,1,3.113854624616406,0.9999958872795104,,red
rf_5class_cw,49,3,0,0,3.678652686456262,0.808820366859436,,red
rf_5class_cw,50,2,2,1,55.958926136141855,0.9999958872795104,,red
rf_5class_cw,51,2,0,0,0.46083977806702164,0.9119937419891356,,red
rf_5class_cw,52,3,0,0,2.502473833729125,0.9999958872795104,,red
rf_5class_cw,53,1,1,1,30.489036844561028,0.9999958872795104,,green
rf_5class_cw,54,2,2,1,0.4661758370091211,0.9999958872795104,,red
rf_5class_cw,55,3,0,0,2.345951887254269,0.9999958872795104,,red
rf_5class_cw,56,1,1,1,32.283261860802064,0.9999958872795104,,green
rf_5class_cw,57,0,0,1,35.49648013623536,0.9999958872795104,,red
rf_5class_cw,58,2,2,1,1.7591405460069016,0.9999958872795104,,red
rf_5class_cw,59,3,3,1,0.5583492911931448,0.6363614201545715,,green
rf_5class_cw,60,0,0,1,15.188129810275564,0.9999958872795104,,red
rf_5class_cw,61,3,0,0,2.055299730114618,0.7118062973022461,,red
rf_5class_cw,62,0,0,1,14.349564981967651,0.9999958872795104,,red
rf_5class_cw,63,0,0,1,16.055043727055494,0.9999958872795104,,red
rf_5class_cw,64,2,0,0,0.5262633436269131,0.9790882468223572,,red
rf_5class_cw,65,0,0,1,108.27163647216688,0.9999958872795104,,red
rf_5class_cw,66,0,0,1,16.28112185754801,0.9999958872795104,,red
rf_5class_cw,67,1,1,1,2.1038647028110327,0.9795879125595092,,green
rf_5class_cw,68,0,0,1,68.39482951299627,0.9999958872795104,,red
rf_5class_cw,69,0,0,1,25.344712126673915,0.9999958872795104,,red
rf_5class_cw,70,0,0,1,85.8093914255096,0.9999958872795104,,red
rf_5class_cw,71,2,2,1,124.25899873220571,0.9999958872795104,,red
rf_5class_cw,72,0,0,1,5.311273611542196,0.9999958872795104,,red
rf_5class_cw,73,1,1,1,34.00488530108476,0.9999958872795104,,green
rf_5class_cw,74,3,3,1,0.5187650659414932,0.5600796341896057,,green
rf_5class_cw,75,4,0,0,1.6734970683370514,0.996996283531189,,red
rf_5class_cw,76,3,0,0,58.73975394148585,0.9790882468223572,,red
rf_5class_cw,77,2,0,0,1.1269860200283877,0.9759657979011536,,red
rf_5class_cw,78,0,0,1,25.966264160293033,0.9999958872795104,,red
rf_5class_cw,79,0,0,1,58.55786995056329,0.9999958872795104,,red
rf_5class_cw,80,1,1,1,32.30504045170547,0.9999958872795104,,green
rf_5class_cw,81,2,2,1,22.13308166960523,0.9999958872795104,,red
rf_5class_cw,82,1,1,1,88.75040658610993,0.9999958872795104,,green
rf_5class_cw,83,4,0,0,0.7213933834184233,0.9998497366905212,,red
rf_5class_cw,84,0,2,0,2.652325344789137,0.9999958872795104,,red
rf_5class_cw,85,1,1,1,30.800958416167102,0.9999958872795104,,green
rf_5class_cw,86,0,0,1,17966.950484829355,0.9999958872795104,,red
rf_5class_cw,87,1,0,0,5.1521210648271705,0.9119937419891356,,red
rf_5class_cw,88,0,0,1,71.9775417347049,0.9999958872795104,,red
rf_5class_cw,89,1,1,1,40.94800552026052,0.9999958872795104,,green
rf_5class_cw,90,0,2,0,8.603434907661883,0.9999958872795104,,red
rf_5class_cw,91,1,1,1,66.43537856706052,0.9999958872795104,,green
rf_5class_cw,92,0,0,1,49.41002547877324,0.9999958872795104,,red
rf_5class_cw,93,1,1,1,34.40484502084375,0.9999958872795104,,green
rf_5class_cw,94,4,0,0,1.5156847998829357,0.9933711290359496,,red
rf_5class_cw,95,4,0,0,3.0063956630853266,0.9999126195907592,,red
rf_5class_cw,96,1,1,1,87.2130665080078,0.9999958872795104,,green
rf_5class_cw,97,0,0,1,20.23036164579761,0.9999958872795104,,red
rf_5class_cw,98,0,0,1,11.00101751145461,0.9999958872795104,,red
rf_5class_cw,99,1,1,1,40.14090607953352,0.9999958872795104,,green
rf_5class_cw,100,3,0,0,4.155293912539958,0.9999853372573853,,red
rf_5class_cw,101,2,0,0,0.5059526748612464,0.9790882468223572,,red
rf_5class_cw,102,2,0,0,1.119868837594635,0.9759657979011536,,red
rf_5class_cw,103,3,0,0,2.833699445622038,0.9999853372573853,,red
rf_5class_cw,104,0,0,1,2514.4784604752494,0.9999958872795104,,red
rf_5class_cw,105,3,0,0,1.7701894802098987,0.9790874719619752,,red
rf_5class_cw,106,1,1,1,42.385508127308995,0.9999958872795104,,green
rf_5class_cw,107,2,2,1,0.7255690736320273,0.6666612029075623,,red
rf_5class_cw,108,2,2,1,0.329451792399259,0.6666612029075623,,red
rf_5class_cw,109,4,0,0,10.45779375788462,0.9999958872795104,,red
rf_5class_cw,110,4,3,0,0.9312592176090414,0.7244718074798584,,green
rf_5class_cw,111,0,0,1,1221.5958531099059,0.9999958872795104,,red
rf_5class_cw,112,3,0,0,41.89195261898397,0.9790882468223572,,red
rf_5class_cw,113,0,0,1,2.3797072783983158,0.9790882468223572,,red
rf_5class_cw,114,2,0,0,1.037392956196567,0.9759657979011536,,red
rf_5class_cw,115,0,0,1,0.9798141916268777,0.9790882468223572,,red
rf_5class_cw,116,2,2,1,0.32114019447558806,0.6249951720237732,,red
rf_5class_cw,117,3,0,0,2.7682108350781784,0.8298726081848145,,red
rf_5class_cw,118,3,0,0,4.930551978025363,0.9999949932098388,,red
rf_5class_cw,119,2,2,1,1.726007180694627,0.9999958872795104,,red
rf_5class_cw,120,1,1,1,50.96398809463424,0.9999958872795104,,green
rf_5class_cw,121,3,0,0,20.59651051303736,0.9999958872795104,,red
rf_5class_cw,122,3,0,0,1.1803220304561737,0.9790882468223572,,red
rf_5class_cw,123,1,1,1,38.42026785065283,0.9999958872795104,,green
rf_5class_cw,124,2,2,1,0.5339844215952094,0.6666612029075623,,red
rf_5class_cw,125,1,1,1,7.645254749341272,0.7325557470321655,,green
rf_5class_cw,126,1,2,0,0.7943241891328121,0.5581380128860474,,red
rf_5class_cw,127,0,0,1,8.792260085040365,0.9999958872795104,,red
rf_5class_cw,128,0,0,1,8.272242054265021,0.9999958872795104,,red
rf_5class_cw,129,1,1,1,1.6260071527618443,0.7692270874977112,,green
rf_5class_cw,130,0,0,1,10.530083496292564,0.9999958872795104,,red
rf_5class_cw,131,1,1,1,19.438316387421153,0.9999958872795104,,green
rf_5class_cw,132,1,1,1,36.2556622406713,0.9999958872795104,,green
rf_5class_cw,133,1,1,1,141.5659331554464,0.9999958872795104,,green
rf_5class_cw,134,2,2,1,44.415829685732234,0.9999958872795104,,red
rf_5class_cw,135,0,0,1,490.0034220450606,0.9999958872795104,,red
rf_5class_cw,136,4,3,0,1.0134152226003867,0.5908228754997253,,green
rf_5class_cw,137,4,3,0,0.9326366126491756,0.7256394624710083,,green
rf_5class_cw,138,3,0,0,4.274055572787488,0.9999749660491944,,red
rf_5class_cw,139,3,0,0,2.2888318889364054,0.9999958872795104,,red
rf_5class_cw,140,2,2,1,0.6488300239962748,0.9999958872795104,,red
rf_5class_cw,141,2,2,1,2.2055631746037276,0.9999958872795104,,red
rf_5class_cw,142,3,0,0,42.57292616405532,0.9790882468223572,,red
rf_5class_cw,143,1,1,1,37.97457009128166,0.9999958872795104,,green
rf_5class_cw,144,2,2,1,0.5219705794341534,0.8407607078552246,,red
rf_5class_cw,145,2,2,1,0.417338243154709,0.9999958872795104,,red
rf_5class_cw,146,0,0,1,7.17073159660386,0.9999958872795104,,red
rf_5class_cw,147,1,1,1,192.22519358883906,0.9999958872795104,,green
rf_5class_cw,148,0,0,1,4858.053499540934,0.9999958872795104,,red
rf_5class_cw,149,2,2,1,31.214105024350733,0.9999958872795104,,red
rf_5class_cw,150,3,0,0,4.316382944274717,0.9792100191116332,,red
rf_5class_cw,151,2,0,0,0.7574693482918073,0.5624969601631165,,red
rf_5class_cw,152,2,2,1,0.4793967271049067,0.545207679271698,,red
rf_5class_cw,153,0,0,1,12.448686471825434,0.9999958872795104,,red
rf_5class_cw,154,0,0,1,88.00232032360984,0.9999958872795104,,red
rf_5class_cw,155,1,0,0,3.1869624413356052,0.9999958872795104,,red
rf_5class_cw,156,2,2,1,0.5000056261164681,0.9999958872795104,,red
rf_5class_cw,157,0,0,1,63287.85647404371,0.9999958872795104,,red
rf_5class_cw,158,1,0,0,9.228822917338588,0.9792177081108092,,red
rf_5class_cw,159,4,4,1,0.9092133882261836,1.0,,red
rf_5class_cw,160,1,1,1,99.57155799037068,0.9999958872795104,,green
rf_5class_cw,161,2,2,1,4.851816742314382,0.9999958872795104,,red
rf_5class_cw,162,0,0,1,99.83056755064042,0.9999958872795104,,red
rf_5class_cw,163,1,1,1,14.449817428670215,0.9999958872795104,,green
rf_5class_cw,164,2,2,1,2.392024630944757,0.9999958872795104,,red
rf_5class_cw,165,1,1,1,39.72897051748221,0.9999958872795104,,green
rf_5class_cw,166,2,2,1,0.7509443244292674,0.7826045155525208,,red
rf_5class_cw,167,3,0,0,3.776583109212632,0.9795879125595092,,red
rf_5class_cw,168,0,0,1,4159.972294492025,0.9999958872795104,,red
rf_5class_cw,169,0,0,1,525.9687638870187,0.9999958872795104,,red
rf_5class_cw,170,1,1,1,65.66671591887884,0.9999958872795104,,green
rf_5class_cw,171,2,2,1,57.219884077877076,0.9999958872795104,,red
rf_5class_cw,172,2,1,0,1.581784071006501,0.9999958872795104,,green
rf_5class_cw,173,0,0,1,44.42975861749089,0.9999958872795104,,red
rf_5class_cw,174,1,1,1,61.94915170460592,0.9999958872795104,,green
rf_5class_cw,175,2,1,0,1.262596158273914,0.852985680103302,,green
rf_5class_cw,176,1,1,1,32.38044102823892,0.9999958872795104,,green
rf_5class_cw,177,3,0,0,1.8064405047069794,0.9999958276748656,,red
rf_5class_cw,178,0,0,1,133.6471487104573,0.9999958872795104,,red
rf_5class_cw,179,4,0,0,0.5277103279288629,0.9011281728744508,,red
rf_5class_cw,180,0,0,1,50.07139127680396,0.9999958872795104,,red
rf_5class_cw,181,3,0,0,5.722767956471099,0.999995768070221,,red
rf_5class_cw,182,1,1,1,77.26081823549214,0.9999958872795104,,green
rf_5class_cw,183,1,1,1,64.33318128118384,0.9999958872795104,,green
rf_5class_cw,184,4,0,0,7.918187470610161,0.9999958872795104,,red
rf_5class_cw,185,1,1,1,68.92803776774227,0.9999958872795104,,green
rf_5class_cw,186,0,0,1,29.856262755197736,0.9999749660491944,,red
rf_5class_cw,187,0,0,1,9.284223232285452,0.9999958872795104,,red
rf_5class_cw,188,3,0,0,1.6843063432855836,0.999994933605194,,red
rf_5class_cw,189,1,1,1,170.20340779110825,0.9999958872795104,,green
rf_5class_cw,190,0,0,1,11.646964187113316,0.9999958872795104,,red
rf_5class_cw,191,4,0,0,3.5160934067882637,0.9981738924980164,,red
rf_5class_cw,192,1,1,1,16.116301652443536,0.9795879125595092,,green
rf_5class_cw,193,3,0,0,2.603613491696479,0.9999958872795104,,red
rf_5class_cw,194,3,0,0,2.5834268680809322,0.9999958872795104,,red
rf_5class_cw,195,0,0,1,9.66439097776326,0.9999958872795104,,red
rf_5class_cw,196,2,0,0,0.5340912477971104,0.9790882468223572,,red
rf_5class_cw,197,4,0,0,3.746349203000631,0.9999939799308776,,red
rf_5class_cw,198,3,0,0,73.11730434610683,0.9999958872795104,,red
rf_5class_cw,199,4,0,0,0.8458752163805637,0.9999384880065918,,red
rf_5class_cw,200,1,1,1,93.52429167324931,0.9999958872795104,,green
rf_5class_cw,201,1,1,1,99.31279984940637,0.9999958872795104,,green
rf_5class_cw,202,2,1,0,1.7564281569664888,0.4074053466320038,,green
rf_5class_cw,203,4,0,0,7.843338443366402,0.9999958276748656,,red
rf_5class_cw,204,0,0,1,61.346690968790845,0.9999958872795104,,red
rf_5class_cw,205,4,0,0,1.6724717463009382,0.9999853372573853,,red
rf_5class_cw,206,2,0,0,0.5338288469472459,0.9790882468223572,,red
rf_5class_cw,207,0,0,1,80109.39919863093,0.9999958872795104,,red
rf_5class_cw,208,2,0,0,0.7345595704134326,0.6206867694854736,,red
rf_5class_cw,209,2,2,1,23.294655092495084,0.9999958872795104,,red
rf_5class_cw,210,3,0,0,2.859874851320108,0.9999958872795104,,red
rf_5class_cw,211,1,0,0,9.269392620882305,0.9999958872795104,,red
rf_5class_cw,212,1,1,1,64.31376652130965,0.9999958872795104,,green
rf_5class_cw,213,2,0,0,0.9564324128279605,0.9488101601600648,,red
rf_5class_cw,214,0,0,1,6.8309452435376095,0.9999958872795104,,red
rf_5class_cw,215,3,0,0,3.5246752957429024,0.9999958872795104,,red
rf_5class_cw,216,3,0,0,3.721436897446621,0.9999958872795104,,red
rf_5class_cw,217,3,0,0,3.269591146059651,0.9999958872795104,,red
rf_5class_cw,218,3,0,0,2.8552726169121097,0.9999897480010986,,red
rf_5class_cw,219,1,1,1,40.95133685120647,0.9999958872795104,,green
rf_5class_cw,220,2,0,0,0.5385848562197215,0.9119937419891356,,red
rf_5class_cw,221,1,1,1,103.09364237403257,0.9999958872795104,,green
rf_5class_cw,222,1,1,1,5.026705626082752,0.5499981045722961,,green
rf_5class_cw,223,1,1,1,29.401864962740014,0.9999958872795104,,green
rf_5class_cw,224,1,0,0,1.184818205033557,0.506808876991272,,red
rf_5class_cw,225,2,1,0,5.55465238354109,0.9999958872795104,,green
rf_5class_cw,226,2,2,1,0.7749094387400498,0.9999958872795104,,red
rf_5class_cw,227,1,1,1,68.0314537042189,0.9999958872795104,,green
rf_5class_cw,228,3,0,0,0.5886683512356388,0.9488101601600648,,red
rf_5class_cw,229,0,0,1,17.952341059644375,0.9488101601600648,,red
rf_5class_cw,230,2,2,1,2.3954073655684223,0.9999958872795104,,red
rf_5class_cw,231,1,1,1,6.871677029564909,0.9999958872795104,,green
rf_5class_cw,232,2,2,1,4.176336193189626,0.9999958872795104,,red
rf_5class_cw,233,3,0,0,1.3965491608832254,0.9488101601600648,,red
rf_5class_cw,234,0,0,1,11.527031357755583,0.9999958872795104,,red
rf_5class_cw,235,3,0,0,2.8672278143164234,0.9999897480010986,,red
rf_5class_cw,236,1,1,1,2.502846474409763,0.9999958872795104,,green
rf_5class_cw,237,0,0,1,37.26448773354585,0.9999958872795104,,red
rf_5class_cw,238,2,2,1,73.06923977920349,0.9999958872795104,,red
rf_5class_cw,239,3,0,0,1.3014254449495735,0.9790824055671692,,red
rf_5class_cw,240,1,1,1,111.70350027519119,0.9999958872795104,,green
rf_5class_cw,241,1,1,1,112.11422168928036,0.9999958872795104,,green
rf_5class_cw,242,4,0,0,1.098973260235372,0.9978950619697572,,red
rf_5class_cw,243,3,0,0,1.2028972085641831,0.9999958872795104,,red
rf_5class_cw,244,1,1,1,119.94639224975575,0.9999958872795104,,green
rf_5class_cw,245,0,0,1,24.828688630057748,0.9999958872795104,,red
rf_5class_cw,246,1,0,0,1.3458807573685359,0.9790882468223572,,red
rf_5class_cw,247,1,1,1,22.76685394757251,0.9999958872795104,,green
rf_5class_cw,248,3,0,0,3.283974460104595,0.9999958872795104,,red
rf_5class_cw,249,3,0,0,3.8881567384998075,0.9999958872795104,,red
rf_5class_cw,250,3,0,0,3.4570899333947755,0.9999914169311525,,red
rf_5class_cw,251,0,0,1,14800.34750334456,0.9999958872795104,,red
rf_5class_cw,252,3,0,0,146.96079644419495,0.9792177081108092,,red
rf_5class_cw,253,1,0,0,1.2733264465484215,0.6063129901885986,,red
rf_5class_cw,254,3,0,0,5.76384880133077,0.999995768070221,,red
rf_5class_cw,255,1,0,0,4.252830498335819,0.9792177081108092,,red
rf_5class_cw,256,2,2,1,57.56826484124689,0.9999958872795104,,red
rf_5class_cw,257,1,0,0,1.6155389015511816,0.9414371252059937,,red
rf_5class_cw,258,2,2,1,97.78013833855779,0.9999958872795104,,red
rf_5class_cw,259,0,0,1,3.9629594277734115,0.9999958872795104,,red
rf_5class_cw,260,1,1,1,78.62231457092079,0.9999958872795104,,green
rf_5class_cw,261,4,0,0,0.6907882072118758,0.9999488592147828,,red
rf_5class_cw,262,3,0,0,3.333524598433146,0.9999897480010986,,red
rf_5class_cw,263,0,0,1,0.5001498112815831,0.9947037100791932,,red
rf_5class_cw,264,4,0,0,1.2926646544421059,0.9999950528144836,,red
rf_5class_cw,265,3,0,0,2.475814528738789,0.9999958872795104,,red
rf_5class_cw,266,3,0,0,12.017698786635911,0.9999958872795104,,red
rf_5class_cw,267,0,0,1,138.9733791282094,0.9999958872795104,,red
rf_5class_cw,268,1,1,1,45.254858032219765,0.9999958872795104,,green
rf_5class_cw,269,1,1,1,65.67322134364301,0.9999958872795104,,green
rf_5class_cw,270,0,0,1,4.907162360547256,0.9999958872795104,,red
rf_5class_cw,271,2,0,0,0.9258210758378882,0.9488101601600648,,red
rf_5class_cw,272,1,1,1,43.275277869500506,0.9999958872795104,,green
rf_5class_cw,273,0,0,1,0.9811168634302778,0.9790882468223572,,red
rf_5class_cw,274,3,3,1,0.4610547574369435,0.6363614201545715,,green
rf_5class_cw,275,0,0,1,392.3478956711679,0.9999958872795104,,red
rf_5class_cw,276,3,0,0,3.658118679426315,0.9999877214431764,,red
rf_5class_cw,277,0,0,1,5.485859990225386,0.9795879125595092,,red
rf_5class_cw,278,3,3,1,0.6800902520073262,0.8271665573120117,,green
rf_5class_cw,279,1,0,0,7.707895581549069,0.9999958872795104,,red
rf_5class_cw,280,1,1,1,45.759561817822664,0.9999958872795104,,green
rf_5class_cw,281,0,0,1,12767.773720419753,0.9999958872795104,,red
rf_5class_cw,282,3,0,0,1.8218759605632804,0.9999958872795104,,red
rf_5class_cw,283,3,0,0,5.830866455236357,0.999995768070221,,red
rf_5class_cw,284,0,0,1,23.88242167071943,0.9999958872795104,,red
rf_5class_cw,285,2,2,1,0.5655173808969268,0.9999958872795104,,red
rf_5class_cw,286,1,1,1,4.8822836003469945,0.9999958872795104,,green
rf_5class_cw,287,2,1,0,1.739145470748724,0.9999958872795104,,green
rf_5class_cw,288,0,0,1,11.028543067025112,0.9999958872795104,,red
rf_5class_cw,289,2,1,0,1.3366442903196487,0.9999958872795104,,green
rf_5class_cw,290,3,0,0,2.409518649960852,0.9999958872795104,,red
rf_5class_cw,291,3,0,0,2.5872828236977696,0.9999958872795104,,red
rf_5class_cw,292,3,0,0,84.12962150358254,0.9999958872795104,,red
rf_5class_cw,293,3,0,0,93.9734819541247,0.9999940991401672,,red
rf_5class_cw,294,3,0,0,43.824741267642274,0.9790882468223572,,red
rf_5class_cw,295,1,1,1,2.3306065161157417,0.5263140797615051,,green
rf_5class_cw,296,1,1,1,1.5023064478430688,0.9999958872795104,,green
rf_5class_cw,297,0,0,1,64.68206490638296,0.9999958872795104,,red
rf_5class_cw,298,0,0,1,12.840163750688683,0.9999958872795104,,red
rf_5class_cw,299,3,0,0,1.6487484530667262,0.9999958872795104,,red
rf_5class_cw,300,1,1,1,44.50497023919251,0.9999958872795104,,green
rf_5class_cw,301,0,0,1,66371.05195416554,0.9999958872795104,,red
rf_5class_cw,302,2,2,1,4.981359532839901,0.9999958872795104,,red
rf_5class_cw,303,1,1,1,42.20131275014363,0.9999958872795104,,green
rf_5class_cw,304,1,1,1,22.335037783425175,0.9999958872795104,,green
rf_5class_cw,305,1,1,1,39.761639344224555,0.9999958872795104,,green
rf_5class_cw,306,2,2,1,2.0656606146773724,0.9999958872795104,,red
rf_5class_cw,307,3,3,1,1.2539846215330344,0.818178117275238,,green
rf_5class_cw,308,2,2,1,3.924489780814376,0.9999958872795104,,red
rf_5class_cw,309,4,0,0,1.0010032666133923,0.9998742938041688,,red
rf_5class_cw,310,0,0,1,52.83700889694589,0.9999958872795104,,red
rf_5class_cw,311,0,0,1,2432.6830845347376,0.9999958872795104,,red
rf_5class_cw,312,2,2,1,36.97017322266763,0.9999958872795104,,red
rf_5class_cw,313,2,2,1,59.969923608164954,0.9999958872795104,,red
rf_5class_cw,314,1,1,1,31.554502298813897,0.9999958872795104,,green
rf_5class_cw,315,1,1,1,97.21986484406168,0.9999958872795104,,green
rf_5class_cw,316,0,0,1,13.38207618873195,0.9999958872795104,,red
rf_5class_cw,317,3,0,0,5.00413974043837,0.5454518795013428,,red
rf_5class_cw,318,0,0,1,15.876965944676158,0.9999958872795104,,red
rf_5class_cw,319,3,0,0,3.070406242891853,0.808820366859436,,red
rf_5class_cw,320,3,0,0,2.598940441655635,0.9999958872795104,,red
rf_5class_cw,321,1,1,1,1.9072888778717787,0.769225537776947,,green
rf_5class_cw,322,3,0,0,2.8396547646631656,0.9999939799308776,,red
rf_5class_cw,323,1,1,1,12.212521821546499,0.6891865134239197,,green
rf_5class_cw,324,1,1,1,173.4559193052717,0.9999958872795104,,green
rf_5class_cw,325,3,0,0,3.0904316491051245,0.999992847442627,,red
rf_5class_cw,326,0,0,1,11.989133612392992,0.9999958872795104,,red
rf_5class_cw,327,1,2,0,0.4075825878801924,0.5454530119895935,,red
rf_5class_cw,328,2,0,0,1.2364136253845157,0.9790882468223572,,red
rf_5class_cw,329,3,0,0,2.9597790744114763,0.9999897480010986,,red
rf_5class_cw,330,2,2,1,85.59612719732627,0.9999958872795104,,red
rf_5class_cw,331,3,0,0,3.8025829701117417,0.9792169332504272,,red
rf_5class_cw,332,3,0,0,37.83053914294394,0.9792177081108092,,red
rf_5class_cw,333,2,2,1,85.23717599432095,0.9999958872795104,,red
rf_5class_cw,334,0,0,1,12.220864723624082,0.9999958872795104,,red
rf_5class_cw,335,2,2,1,73.06534755685213,0.9999958872795104,,red
rf_5class_cw,336,3,0,0,4.231610052053022,0.9999897480010986,,red
rf_5class_cw,337,0,0,1,29.1648247527604,0.9999958872795104,,red
rf_5class_cw,338,2,2,1,163.58730588948745,0.9999958872795104,,red
rf_5class_cw,339,0,0,1,56.17940467543389,0.9999958872795104,,red
rf_5class_cw,340,1,1,1,49.90706538146247,0.9999958872795104,,green
rf_5class_cw,341,0,0,1,556.2954020097603,0.9999958872795104,,red
rf_5class_cw,342,3,0,0,1.121745718781857,0.9999915957450868,,red
rf_5class_cw,343,1,1,1,4.993974748027913,0.9999958872795104,,green
rf_5class_cw,344,3,0,0,3.128726655360525,0.999992847442627,,red
rf_5class_cw,345,0,0,1,12.844812053577291,0.9999958872795104,,red
rf_5class_cw,346,0,0,1,30.79257652337355,0.9999958872795104,,red
rf_5class_cw,347,2,2,1,60.13203440009625,0.9999958872795104,,red
rf_5class_cw,348,0,0,1,50.92146700807225,0.9999958872795104,,red
rf_5class_cw,349,2,2,1,0.31810313215111535,0.6666612029075623,,red
rf_5class_cw,350,2,2,1,64.57568781711682,0.9999958872795104,,red
rf_5class_cw,351,0,0,1,14.650075041569716,0.9999958872795104,,red
rf_5class_cw,352,0,0,1,36.1201416119453,0.9999958872795104,,red
rf_5class_cw,353,1,1,1,17.04472979462982,0.9999958872795104,,green
rf_5class_cw,354,3,0,0,63.918164870767995,0.9790882468223572,,red
rf_5class_cw,355,1,0,0,8.914565353192938,0.9999958872795104,,red
rf_5class_cw,356,1,1,1,90.04427589674206,0.9999958872795104,,green
rf_5class_cw,357,1,0,0,5.61272654521105,0.9790882468223572,,red
rf_5class_cw,358,0,0,1,29493.298969854164,0.9999958872795104,,red
rf_5class_cw,359,4,0,0,1.0993269485484118,0.9732003808021544,,red
rf_5class_cw,360,2,0,0,1.191001460627254,0.9414371252059937,,red
rf_5class_cw,361,2,2,1,0.5562476529757465,0.7826045155525208,,red
rf_5class_cw,362,0,0,1,59.67727844559523,0.9999958872795104,,red
rf_5class_cw,363,2,2,1,43.37577866458918,0.9999958872795104,,red
rf_5class_cw,364,0,1,0,1.1167652303640665,0.9999958872795104,,green
rf_5class_cw,365,1,1,1,33.893247867643595,0.9999958872795104,,green
rf_5class_cw,366,0,1,0,10.530985954317748,0.9795879125595092,,green
rf_5class_cw,367,3,0,0,1.6145295649033506,0.9999958872795104,,red
rf_5class_cw,368,3,0,0,1.7917268763917427,0.9488094449043274,,red
rf_5class_cw,369,0,0,1,15.907321729180131,0.9999958872795104,,red
rf_5class_cw,370,3,0,0,6.074070850674785,0.999995768070221,,red
rf_5class_cw,371,0,0,1,51.686858881532714,0.9999958872795104,,red
rf_5class_cw,372,1,1,1,30.401819630025138,0.9999958872795104,,green
rf_5class_cw,373,2,2,1,0.3151918059610345,0.6666612029075623,,red
rf_5class_cw,374,1,0,0,5.477671902862041,0.9792177081108092,,red
rf_5class_cw,375,3,0,0,3.5746719118856873,0.9792169332504272,,red
rf_5class_cw,376,0,0,1,8.089558065085113,0.9999958872795104,,red
rf_5class_cw,377,2,2,1,47.57677446098682,0.9999958872795104,,red
rf_5class_cw,378,2,2,1,19.138778040388406,0.9999958872795104,,red
rf_5class_cw,379,3,0,0,2.3134085883296494,0.9999939799308776,,red
rf_5class_cw,380,2,2,1,18.403403259070963,0.9999958872795104,,red
rf_5class_cw,381,1,1,1,45.04987227525228,0.9999958872795104,,green
rf_5class_cw,382,0,0,1,79.57491452308678,0.9999958872795104,,red
rf_5class_cw,383,4,0,0,0.5286572823708868,0.9011281728744508,,red
rf_5class_cw,384,3,0,0,2.507242807317899,0.9999958872795104,,red
rf_5class_cw,385,2,2,1,17.076824715438555,0.9999958872795104,,red
rf_5class_cw,386,3,0,0,5.633303098522637,0.9999950528144836,,red
rf_5class_cw,387,2,2,1,1.6623932827746488,0.9999958872795104,,red
rf_5class_cw,388,2,2,1,3.4051806859121543,0.9999958872795104,,red
rf_5class_cw,389,2,2,1,5.314878316847496,0.9999958872795104,,red
rf_5class_cw,390,4,4,1,1.0013101213171391,0.8161430954933167,,red
rf_5class_cw,391,1,1,1,67.1062890976422,0.9999958872795104,,green
rf_5class_cw,392,0,0,1,14.977304076819607,0.9999958872795104,,red
rf_5class_cw,393,1,1,1,109.71225232616673,0.9999958872795104,,green
rf_5class_cw,394,2,2,1,11.16800719042504,0.9999958872795104,,red
rf_5class_cw,395,2,0,0,0.6180656834128692,0.5936645865440369,,red
rf_5class_cw,396,3,0,0,4.804695816598937,0.999995768070221,,red
rf_5class_cw,397,0,0,1,32875.54210919039,0.9999958872795104,,red
rf_5class_cw,398,1,1,1,86.92213994076052,0.9999958872795104,,green
rf_5class_cw,399,2,1,0,1.3186082043989211,0.9999958872795104,,green
rf_5class_cw,400,3,0,0,63.918164870767995,0.9790882468223572,,red
rf_5class_cw,401,4,0,0,0.677450371010673,0.9998948574066162,,red
rf_5class_cw,402,0,0,1,22595.105036700264,0.9999958872795104,,red
rf_5class_cw,403,4,0,0,0.9986798228210185,0.9998948574066162,,red
rf_5class_cw,404,1,1,1,44.200180705455,0.9999958872795104,,green
rf_5class_cw,405,4,0,0,4.724156104584452,0.9999958872795104,,red
rf_5class_cw,406,0,0,1,2917.3661750283118,0.9999958872795104,,red
rf_5class_cw,407,2,2,1,73.06199935479638,0.9999958872795104,,red
rf_5class_cw,408,1,1,1,45.8721201957751,0.9999958872795104,,green
rf_5class_cw,409,1,1,1,38.98340661862762,0.9999958872795104,,green
rf_5class_cw,410,2,2,1,0.6265935081739933,0.9999958872795104,,red
rf_5class_cw,411,0,0,1,1044.0189037674743,0.9999958872795104,,red
rf_5class_cw,412,1,1,1,120.55054925699272,0.9999958872795104,,green
rf_5class_cw,413,0,0,1,21.79234151919248,0.9999958872795104,,red
rf_5class_cw,414,2,0,0,1.1415970381413887,0.6206867694854736,,red
rf_5class_cw,415,3,2,0,1.0041372758002531,0.8275826573371887,,red
rf_5class_cw,416,0,0,1,9.309414949332606,0.9999958872795104,,red
rf_5class_cw,417,0,0,1,36.654830038964235,0.9999958872795104,,red
rf_5class_cw,418,3,0,0,6.223328129528486,0.9999950528144836,,red
rf_5class_cw,419,3,0,0,4.123631657049054,0.9999853372573853,,red
rf_5class_cw,420,1,1,1,103.77412726500333,0.9999958872795104,,green
rf_5class_cw,421,4,0,0,0.9998831896597635,0.9789915084838868,,red
rf_5class_cw,422,2,0,0,0.4744952544185076,0.5327032804489136,,red
rf_5class_cw,423,2,0,0,1.9737649767222496,0.9792177081108092,,red
rf_5class_cw,424,3,0,0,2.9417298452798906,0.9999958276748656,,red
rf_5class_cw,425,0,0,1,23.550604564322988,0.9999958872795104,,red
rf_5class_cw,426,2,0,0,0.528919677894299,0.9790882468223572,,red
rf_5class_cw,427,3,0,0,2.705446277389329,0.9999958872795104,,red
rf_5class_cw,428,0,0,1,44.821371931843174,0.9999958872795104,,red
rf_5class_cw,429,0,0,1,31.233031237107493,0.9999958872795104,,red
rf_5class_cw,430,3,0,0,6.413927008053718,0.9999958276748656,,red
rf_5class_cw,431,0,0,1,118.83687349502807,0.9999958872795104,,red
rf_5class_cw,432,1,0,0,1.4838238392340704,0.9790882468223572,,red
rf_5class_cw,433,1,0,0,1.6114395869737617,0.9414371252059937,,red
rf_5class_cw,434,3,0,0,92.67611505303606,0.9999958872795104,,red
rf_5class_cw,435,4,0,0,4.708412969341768,0.9999788999557496,,red
rf_5class_cw,436,3,0,0,2.5853399841362155,0.9999958872795104,,red
rf_5class_cw,437,2,2,1,0.3704764084276264,0.687494158744812,,red
rf_5class_cw,438,3,0,0,2.3729892242221124,0.9999958872795104,,red
rf_5class_cw,439,3,0,0,1.8216254139937444,0.9999958872795104,,red
rf_5class_cw,440,1,1,1,49.491103482303615,0.9999958872795104,,green
rf_5class_cw,441,0,0,1,30.773512458729595,0.9999958872795104,,red
rf_5class_cw,442,0,0,1,5788.390796932792,0.9999958872795104,,red
rf_5class_cw,443,0,0,1,12.33755511292723,0.9999958872795104,,red
rf_5class_cw,444,1,1,1,38.80508494459768,0.9999958872795104,,green
rf_5class_cw,445,0,0,1,13.983961678367645,0.9999958872795104,,red
rf_5class_cw,446,1,1,1,1.8055140652173483,0.6796088218688965,,green
rf_5class_cw,447,1,1,1,51.59549911248084,0.9999958872795104,,green
rf_5class_cw,448,2,2,1,0.7165614904300543,0.9999958872795104,,red
rf_5class_cw,449,2,2,1,163.55873319638422,0.9999958872795104,,red
rf_5class_cw,450,0,0,1,13.222391774852895,0.9999958872795104,,red
rf_5class_cw,451,0,0,1,50.16258775013434,0.9999958872795104,,red
rf_5class_cw,452,0,0,1,64.29625618881977,0.9999958872795104,,red
rf_5class_cw,453,3,0,0,1.8272239104098074,0.9999958872795104,,red
rf_5class_cw,454,3,0,0,5.614979677720214,0.9999958872795104,,red
rf_5class_cw,455,0,0,1,99.8060971430963,0.9999958872795104,,red
rf_5class_cw,456,0,0,1,4.654487148158586,0.9999958872795104,,red
rf_5class_cw,457,3,0,0,5.44671940890107,0.9999950528144836,,red
rf_5class_cw,458,1,0,0,1.613065334364212,0.9414371252059937,,red
rf_5class_cw,459,0,0,1,20.091051814544148,0.9999958872795104,,red
rf_5class_cw,460,0,0,1,20.716220337491134,0.9999958872795104,,red
rf_5class_cw,461,2,0,0,0.5101261084506584,0.9790882468223572,,red
rf_5class_cw,462,2,2,1,40.02472970752638,0.9999958872795104,,red
rf_5class_cw,463,0,0,1,39.39097904353941,0.9999958872795104,,red
rf_5class_cw,464,2,2,1,163.5716176878372,0.9999958872795104,,red
rf_5class_cw,465,0,0,1,42.36542314461221,0.9999958872795104,,red
rf_5class_cw,466,0,0,1,50.86139947581195,0.9999958872795104,,red
rf_5class_cw,467,1,0,0,0.2836764344947022,0.5168125629425049,,red
rf_5class_cw,468,3,0,0,3.137967608268416,0.9999958872795104,,red
rf_5class_cw,469,0,0,1,4.862410645270841,0.9999958872795104,,red
rf_5class_cw,470,0,0,1,19.36897681841341,0.9999958872795104,,red
rf_5class_cw,471,3,0,0,2.5597950541726027,0.9999958276748656,,red
rf_5class_cw,472,0,0,1,7.584565418120361,0.9999958872795104,,red
rf_5class_cw,473,0,0,1,6.5027845743969195,0.9999958872795104,,red
rf_5class_cw,474,0,0,1,34.96942390625306,0.9999958872795104,,red
rf_5class_cw,475,2,2,1,11.812761706423897,0.9999958872795104,,red
rf_5class_cw,476,0,0,1,36283.82407262128,0.9999958872795104,,red
rf_5class_cw,477,1,0,0,6.054312387370711,0.9792177081108092,,red
rf_5class_cw,478,2,2,1,63.53662326667156,0.9999958872795104,,red
rf_5class_cw,479,3,0,0,3.071445823007619,0.9999958872795104,,red
rf_5class_cw,480,4,0,0,0.5642817539456583,0.998766303062439,,red
rf_5class_cw,481,3,0,0,0.9079281533825753,0.9790874719619752,,red
rf_5class_cw,482,1,1,1,28.02187587627946,0.9999958872795104,,green
rf_5class_cw,483,0,0,1,127.89144312733444,0.9999958872795104,,red
rf_5class_cw,484,2,2,1,32.4047990716203,0.9999958872795104,,red
rf_5class_cw,485,2,2,1,76.12974479012748,0.9999958872795104,,red
rf_5class_cw,486,3,0,0,2.963293685507155,0.9999958872795104,,red
rf_5class_cw,487,0,0,1,25.702262499808064,0.9999958872795104,,red
rf_5class_cw,488,0,2,0,5.750239800445532,0.9999958872795104,,red
rf_5class_cw,489,1,1,1,39.51219072013108,0.9999958872795104,,green
rf_5class_cw,490,3,0,0,1.1830022597831138,0.8088197112083435,,red
rf_5class_cw,491,2,2,1,7.468988440072354,0.9999958872795104,,red
rf_5class_cw,492,1,1,1,121.91907638390013,0.9999958872795104,,green
rf_5class_cw,493,2,2,1,6.171135426509102,0.9999958872795104,,red
rf_5class_cw,494,4,0,0,0.9999307200048106,0.8245334029197693,,red
rf_5class_cw,495,3,0,0,1.825598110820833,0.9999958872795104,,red
rf_5class_cw,496,0,0,1,5.770979958071995,0.9999958872795104,,red
rf_5class_cw,497,4,0,0,0.999289634716083,0.9999749660491944,,red
rf_5class_cw,498,3,0,0,0.4644674271582722,0.999994933605194,,red
rf_5class_cw,499,1,1,1,104.68487474352722,0.9999958872795104,,green
rf_5class_cw,500,0,0,1,48.64723322963095,0.9999958872795104,,red
rf_5class_cw,501,0,0,1,3.578481943537347,0.9999958872795104,,red
rf_5class_cw,502,0,0,1,66.52993088272486,0.9999958872795104,,red
rf_5class_cw,503,0,0,1,12.13783102154401,0.9999958872795104,,red
rf_5class_cw,504,3,0,0,1.4729959243660027,0.9488101601600648,,red
rf_5class_cw,505,0,0,1,13.604447783849443,0.9999958872795104,,red
rf_5class_cw,506,0,0,1,18.34164811488638,0.9999958872795104,,red
rf_5class_cw,507,2,2,1,28.899469194285604,0.9999958872795104,,red
rf_5class_cw,508,1,1,1,1.806707194796082,0.7999943494796753,,green
rf_5class_cw,509,0,0,1,16.47630494926775,0.9999958872795104,,red
rf_5class_cw,510,0,0,1,88490.21207890814,0.9999958872795104,,red
rf_5class_cw,511,1,1,1,104.62142699869004,0.9999958872795104,,green
rf_5class_cw,512,3,0,0,2.3992229083252994,0.9999958872795104,,red
rf_5class_cw,513,3,0,0,2.833699445622038,0.9999897480010986,,red
rf_5class_cw,514,0,0,1,8.05386927348557,0.9999958872795104,,red
rf_5class_cw,515,1,1,1,86.30674407240174,0.9999958872795104,,green
rf_5class_cw,516,3,0,0,2.9662496781183223,0.9999958872795104,,red
rf_5class_cw,517,2,0,0,0.7493243342123213,0.9119937419891356,,red
rf_5class_cw,518,1,1,1,48.550016369735566,0.9999958872795104,,green
rf_5class_cw,519,2,2,1,16.213726338973846,0.9999958872795104,,red
rf_5class_cw,520,3,0,0,1.4357399295924635,0.9999958276748656,,red
rf_5class_cw,521,1,1,1,131.24765568926097,0.9999958872795104,,green
rf_5class_cw,522,4,0,0,4.664533832374475,0.8673761487007141,,red
rf_5class_cw,523,3,0,0,3.8561293215669203,0.9999958276748656,,red
rf_5class_cw,524,3,0,0,146.96069366203437,0.9790882468223572,,red
rf_5class_cw,525,2,2,1,24.00064551633209,0.9999958872795104,,red
rf_5class_cw,526,2,0,0,0.7261827203221486,0.5624969601631165,,red
rf_5class_cw,527,1,1,1,115.43014705786359,0.9999958872795104,,green
rf_5class_cw,528,2,2,1,0.9369303166862211,0.9999958872795104,,red
rf_5class_cw,529,4,0,0,2.8656499880167234,0.9999958872795104,,red
rf_5class_cw,530,2,0,0,1.1900406713908995,0.7886194586753845,,red
rf_5class_cw,531,2,2,1,0.6062307418450792,0.9999958872795104,,red
rf_5class_cw,532,1,1,1,1.3422450317321117,0.5263137221336365,,green
rf_5class_cw,533,2,2,1,39.759631198985964,0.9999958872795104,,red
rf_5class_cw,534,3,0,0,2.2888320420066344,0.9999958872795104,,red
rf_5class_cw,535,0,0,1,39.090977068099,0.9999958872795104,,red
rf_5class_cw,536,2,2,1,0.4838711716060195,0.6249951720237732,,red
rf_5class_cw,537,3,0,0,3.6755289888642557,0.808820366859436,,red
rf_5class_cw,538,1,1,1,18.430096408702184,0.9999958872795104,,green
rf_5class_cw,539,0,0,1,19.95502624796185,0.9999958872795104,,red
rf_5class_cw,540,4,0,0,0.6049174822353783,0.999373197555542,,red
rf_5class_cw,541,2,2,1,85.27364594419576,0.9999958872795104,,red
rf_5class_cw,542,0,0,1,7.097148524100948,0.9999958872795104,,red
rf_5class_cw,543,1,1,1,20.82838781559052,0.9999958872795104,,green
rf_5class_cw,544,1,1,1,58.80183683970838,0.9999958872795104,,green
rf_5class_cw,545,1,1,1,124.42192641002569,0.9999958872795104,,green
rf_5class_cw,546,1,0,0,5.641050976906945,0.9790882468223572,,red
rf_5class_cw,547,3,0,0,6.438099377818699,0.9999958872795104,,red
rf_5class_cw,548,3,0,0,2.345951332253393,0.9999958872795104,,red
rf_5class_cw,549,3,0,0,2.3461131887380784,0.9999958872795104,,red
rf_5class_cw,550,1,1,1,33.44617420901266,0.9999958872795104,,green
rf_5class_cw,551,2,2,1,0.5828277489784188,0.687494158744812,,red
rf_5class_cw,552,0,0,1,12.90823828242367,0.9999958872795104,,red
rf_5class_cw,553,2,2,1,0.5746371211031441,0.5116246938705444,,red
rf_5class_cw,554,0,0,1,11.63357858845465,0.9999958872795104,,red
rf_5class_cw,555,2,0,0,1.014523133037032,0.9488101601600648,,red
rf_5class_cw,556,3,0,0,2.4599526938844933,0.9999958872795104,,red
rf_5class_cw,557,1,0,0,5.36392571861191,0.9119937419891356,,red
rf_5class_cw,558,0,0,1,42.618385514634994,0.9999958872795104,,red
rf_5class_cw,559,0,0,1,8136.08080860753,0.9999958872795104,,red
rf_5class_cw,560,0,0,1,9.612988541073017,0.9999958872795104,,red
rf_5class_cw,561,0,0,1,19.41111728600609,0.9999958872795104,,red
rf_5class_cw,562,3,0,0,1.4262651739949659,0.9414371252059937,,red
rf_5class_cw,563,2,2,1,38.17486632464552,0.9999958872795104,,red
rf_5class_cw,564,3,0,0,83.03868117811713,0.9790882468223572,,red
rf_5class_cw,565,1,1,1,169.7681075411272,0.9999958872795104,,green
rf_5class_cw,566,3,0,0,3.225745454992277,0.9999958872795104,,red
rf_5class_cw,567,0,0,1,1188.9539767052393,0.9999958872795104,,red
rf_5class_cw,568,0,0,1,31.53262558704824,0.9999958872795104,,red
rf_5class_cw,569,1,1,1,103.9504696891553,0.9999958872795104,,green
rf_5class_cw,570,2,0,0,0.7243781361241881,0.6206867694854736,,red
rf_5class_cw,571,2,1,0,5.54971588499187,0.9999958872795104,,green
rf_5class_cw,572,2,2,1,14.733621025047027,0.9999958872795104,,red
rf_5class_cw,573,3,0,0,3.3488253575035305,0.9999958872795104,,red
rf_5class_cw,574,4,0,0,4.540486169575551,0.9999852776527404,,red
rf_5class_cw,575,1,0,0,1.6260558543432597,0.9792177081108092,,red
rf_5class_cw,576,0,0,1,21.78222731569501,0.9999958872795104,,red
rf_5class_cw,577,0,0,1,15.264330867360663,0.9999958872795104,,red
rf_5class_cw,578,4,4,1,0.30033091252946537,0.8481822609901428,,red
rf_5class_cw,579,4,4,1,1.0015672148686248,0.7762472629547119,,red
rf_5class_cw,580,2,2,1,47.79935860410427,0.9999958872795104,,red
rf_5class_cw,581,0,0,1,8.769116771697655,0.9999958872795104,,red
rf_5class_cw,582,1,0,0,1.3672396635983788,0.9632036685943604,,red
rf_5class_cw,583,4,0,0,0.6891288137091482,0.9999572038650512,,red
rf_5class_cw,584,1,1,1,17.638820406435148,0.9999958872795104,,green
rf_5class_cw,585,2,0,0,1.1593815951133664,0.9790882468223572,,red
rf_5class_cw,586,3,0,0,8.477928006996402,0.9999958872795104,,red
rf_5class_cw,587,0,0,1,3.2773184601997563,0.9999958872795104,,red
rf_5class_cw,588,4,0,0,1.5545567839387273,0.9999958276748656,,red
rf_5class_cw,589,3,0,0,2.844389610940224,0.9999958276748656,,red
rf_5class_cw,590,2,2,1,47.193839785110136,0.9999958872795104,,red
rf_5class_cw,591,3,0,0,2.185286637778527,0.9999913573265076,,red
rf_5class_cw,592,1,1,1,58.080166278536424,0.9499955773353576,,green
rf_5class_cw,593,3,0,0,1.8141116944507198,0.9999958872795104,,red
rf_5class_cw,594,2,2,1,4.182181718661724,0.9999958872795104,,red
rf_5class_cw,595,2,0,0,0.5507607794688217,0.7886194586753845,,red
rf_5class_cw,596,0,0,1,21.752671848468957,0.9999958872795104,,red
rf_5class_cw,597,4,0,0,0.5850415759100274,0.999633014202118,,red
rf_5class_cw,598,3,0,0,146.21591677137604,0.9999958872795104,,red
rf_5class_cw,599,0,0,1,3.020904932110982,0.9999958872795104,,red
rf_5class_cw,600,2,2,1,26.124119827582977,0.9999958872795104,,red
rf_5class_cw,601,2,2,1,48.506442296046,0.9999958872795104,,red
rf_5class_cw,602,2,2,1,73.09951580801105,0.9999958872795104,,red
rf_5class_cw,603,1,1,1,51.94852215287827,0.9999958872795104,,green
rf_5class_cw,604,1,1,1,41.9005996933487,0.9999958872795104,,green
rf_5class_cw,605,1,1,1,78.71269902912606,0.9999958872795104,,green
rf_5class_cw,606,0,0,1,9.754754595548391,0.9999958872795104,,red
rf_5class_cw,607,2,2,1,3.8426905118252312,0.9999958872795104,,red
rf_5class_cw,608,1,0,0,5.407188455903696,0.9119937419891356,,red
rf_5class_cw,609,0,0,1,10.901776790806151,0.8458313941955566,,red
rf_5class_cw,610,1,1,1,45.831462916216424,0.9999958872795104,,green
rf_5class_cw,611,1,1,1,47.19991801232743,0.9999958872795104,,green
rf_5class_cw,612,2,2,1,177.5055031552731,0.9999958872795104,,red
rf_5class_cw,613,0,0,1,11.358871049266591,0.9999958872795104,,red
rf_5class_cw,614,2,2,1,0.5299639870282988,0.8475085496902466,,red
rf_5class_cw,615,0,0,1,15.299793564363878,0.9999958872795104,,red
rf_5class_cw,616,2,1,0,1.7565797125967226,0.4074053466320038,,green
rf_5class_cw,617,1,1,1,20.77353824098466,0.9999958872795104,,green
rf_5class_cw,618,0,0,1,40893.327261345876,0.9999958872795104,,red
rf_5class_cw,619,1,1,1,11.744774664103538,0.9999958872795104,,green
rf_5class_cw,620,2,0,0,0.5261561423344251,0.9790882468223572,,red
rf_5class_cw,621,0,2,0,2.7405190765969767,0.9999958872795104,,red
rf_5class_cw,622,1,1,1,36.003542409827396,0.9999958872795104,,green
rf_5class_cw,623,3,0,0,3.0867164661543613,0.9999958276748656,,red
rf_5class_cw,624,4,0,0,0.7332561420850021,0.999373197555542,,red
rf_5class_cw,625,2,2,1,0.31534668543774574,0.6666612029075623,,red
rf_5class_cw,626,3,3,1,0.7401145230508103,0.7894695997238159,,green
rf_5class_cw,627,2,2,1,31.31164471972404,0.9999958872795104,,red
rf_5class_cw,628,1,1,1,47.001048932776115,0.9999958872795104,,green
rf_5class_cw,629,0,0,1,22.722281488513644,0.9999958872795104,,red
rf_5class_cw,630,1,1,1,1.9291347931481742,0.9999958872795104,,green
rf_5class_cw,631,3,0,0,2.3141418395809468,0.9999958872795104,,red
rf_5class_cw,632,1,1,1,234.26012028157845,0.9999958872795104,,green
rf_5class_cw,633,1,0,0,1.2604266953698313,0.6063129901885986,,red
rf_5class_cw,634,2,1,0,5.986075633015827,0.9999958872795104,,green
rf_5class_cw,635,2,2,1,21.944441844348557,0.9999958872795104,,red
rf_5class_cw,636,3,0,0,3.4680865193828914,0.9790882468223572,,red
rf_5class_cw,637,0,0,1,0.9772505242945061,0.9790882468223572,,red
rf_5class_cw,638,0,0,1,43.83632823343181,0.9999958872795104,,red
rf_5class_cw,639,1,1,1,1.958533860949406,0.5499973297119141,,green
rf_5class_cw,640,3,0,0,3.8751961348300457,0.9999958872795104,,red
rf_5class_cw,641,2,2,1,29.849604829113563,0.9999958872795104,,red
rf_5class_cw,642,1,1,1,1.7691945155979998,0.7692263722419739,,green
rf_5class_cw,643,1,1,1,54.63626859258812,0.9999958872795104,,green
rf_5class_cw,644,1,1,1,51.07912973236209,0.9999958872795104,,green
rf_5class_cw,645,2,2,1,3.1429296682846917,0.9999958872795104,,red
rf_5class_cw,646,0,0,1,15.254547518882998,0.9999958872795104,,red
rf_5class_cw,647,0,0,1,164.9635133772805,0.9999958872795104,,red
rf_5class_cw,648,0,0,1,713.2355276711148,0.9999958872795104,,red
rf_5class_cw,649,1,1,1,45.355092248076005,0.9999958872795104,,green
rf_5class_cw,650,3,0,0,5.7918320786284,0.999995768070221,,red
rf_5class_cw,651,1,1,1,2.0331837244971127,0.9999958872795104,,green
rf_5class_cw,652,0,0,1,85444.9024594415,0.9999958872795104,,red
rf_5class_cw,653,1,1,1,2.5443915194329247,0.5660360455513,,green
rf_5class_cw,654,3,0,0,3.158769283991999,0.9999958872795104,,red
rf_5class_cw,655,1,1,1,42.0456033968406,0.9999958872795104,,green
rf_5class_cw,656,2,0,0,1.1641109857503587,0.9759657979011536,,red
rf_5class_cw,657,3,3,1,1.2577875721768372,0.6275839805603027,,green
rf_5class_cw,658,3,0,0,1.8220063313287176,0.9999958872795104,,red
rf_5class_cw,659,4,0,0,0.5257562799922817,0.9991045594215392,,red
rf_5class_cw,660,3,0,0,146.88813825147392,0.9999958872795104,,red
rf_5class_cw,661,3,0,0,1.826992693334085,0.9999958872795104,,red
rf_5class_cw,662,3,0,0,1.6624589785146007,0.9999958872795104,,red
rf_5class_cw,663,2,2,1,2.512742217462972,0.9999958872795104,,red
rf_5class_cw,664,4,0,0,0.7710375525443206,0.9999958872795104,,red
rf_5class_cw,665,0,0,1,8.228459245360574,0.9999958872795104,,red
rf_5class_cw,666,1,2,0,0.8435723807074915,0.5581380128860474,,red
rf_5class_cw,667,0,0,1,4.06073533776481,0.9999958872795104,,red
rf_5class_cw,668,0,0,1,3.521527868556795,0.9999958872795104,,red
rf_5class_cw,669,0,0,1,26.579279970056604,0.9999958872795104,,red
rf_5class_cw,670,2,2,1,2.039777234641636,0.9999958872795104,,red
rf_5class_cw,671,3,0,0,4.168967656792045,0.9999572038650512,,red
rf_5class_cw,672,0,0,1,19.5403256139464,0.9999958872795104,,red
rf_5class_cw,673,3,0,0,4.93517699097452,0.9792169332504272,,red
rf_5class_cw,674,2,2,1,0.4920722018539463,0.6666612029075623,,red
rf_5class_cw,675,0,0,1,160.90795023334738,0.9999958872795104,,red
rf_5class_cw,676,0,0,1,998.2144230922823,0.9999958872795104,,red
rf_5class_cw,677,3,0,0,146.96069366203437,0.9790882468223572,,red
rf_5class_cw,678,2,1,0,0.7886703774566983,0.4074053466320038,,green
rf_5class_cw,679,0,0,1,17.726238886273002,0.9999958872795104,,red
rf_5class_cw,680,0,0,1,25.526446924805697,0.9999958872795104,,red
rf_5class_cw,681,2,2,1,19.67475269990494,0.9999958872795104,,red
rf_5class_cw,682,1,1,1,51.49094596689758,0.9999958872795104,,green
rf_5class_cw,683,2,2,1,0.4118263850326914,0.9999958872795104,,red
rf_5class_cw,684,1,1,1,42.92546074596857,0.9999958872795104,,green
rf_5class_cw,685,3,0,0,5.679659554977732,0.999995768070221,,red
rf_5class_cw,686,3,0,0,2.310128685880585,0.9999958872795104,,red
rf_5class_cw,687,0,0,1,130.2029614102119,0.9999958872795104,,red
rf_5class_cw,688,4,0,0,0.9998631592455886,0.9998955130577089,,red
rf_5class_cw,689,0,0,1,12.139212106331088,0.9999958872795104,,red
rf_5class_cw,690,2,2,1,38.362506608892936,0.9999958872795104,,red
rf_5class_cw,691,2,2,1,0.3154007822794171,0.7499961256980896,,red
rf_5class_cw,692,0,0,1,11.91790281852182,0.9999958872795104,,red
rf_5class_cw,693,1,0,0,1.5998152773567598,0.9488101601600648,,red
rf_5class_cw,694,1,2,0,0.03021616057073793,0.5440503358840942,,red
rf_5class_cw,695,3,0,0,2.5661407182475715,0.9999853372573853,,red
rf_5class_cw,696,0,0,1,0.8883448282595718,0.9790882468223572,,red
rf_5class_cw,697,1,1,1,1.6779753118981842,0.6086933612823486,,green
rf_5class_cw,698,2,0,0,0.6464724607227427,0.6206867694854736,,red
rf_5class_cw,699,0,0,1,4.0185707700701725,0.9999958872795104,,red
rf_5class_cw,700,4,3,0,0.8071537636395905,0.7287169098854065,,green
rf_5class_cw,701,0,0,1,127.54369560189,0.9999958872795104,,red
rf_5class_cw,702,1,1,1,41.57878354031285,0.9999958872795104,,green
rf_5class_cw,703,2,1,0,0.7887906180981905,0.5158337950706482,,green
rf_5class_cw,704,1,1,1,27.492536322531183,0.7195091843605042,,green
rf_5class_cw,705,0,0,1,5059.127779704491,0.9999958872795104,,red
rf_5class_cw,706,2,0,0,1.0473310302461878,0.6412460207939148,,red
rf_5class_cw,707,0,0,1,15.042724582479062,0.9999958872795104,,red
rf_5class_cw,708,3,0,0,50.127608426658895,0.9790882468223572,,red
rf_5class_cw,709,2,2,1,24.238495757430552,0.9999958872795104,,red
rf_5class_cw,710,2,2,1,28.973451888606142,0.9999958872795104,,red
rf_5class_cw,711,0,0,1,8.891771124057158,0.9999958872795104,,red
rf_5class_cw,712,3,0,0,2.908017604369757,0.9999958872795104,,red
rf_5class_cw,713,2,2,1,12.74204787303005,0.9999958872795104,,red
rf_5class_cw,714,2,2,1,85.25327897585568,0.9999958872795104,,red
rf_5class_cw,715,2,2,1,4.808202609719808,0.9999958872795104,,red
rf_5class_cw,716,3,0,0,2.4436190805172044,0.9999958872795104,,red
rf_5class_cw,717,0,0,1,3113.4501294506886,0.9999958872795104,,red
rf_5class_cw,718,3,0,0,3.002257967574271,0.9999958872795104,,red
rf_5class_cw,719,2,2,1,55.357671537512005,0.9999958872795104,,red
rf_5class_cw,720,2,1,0,1.4426559855087764,0.9999950528144836,,green
rf_5class_cw,721,0,0,1,2.827625937237533,0.9999958872795104,,red
rf_5class_cw,722,0,0,1,49.48254788060761,0.9999958872795104,,red
rf_5class_cw,723,0,0,1,34.96067405862249,0.9999958872795104,,red
rf_5class_cw,724,0,0,1,99.59513707489879,0.9999958872795104,,red
rf_5class_cw,725,0,0,1,5086.813925123565,0.9999958872795104,,red
rf_5class_cw,726,3,0,0,2.4857415021021545,0.9999958872795104,,red
rf_5class_cw,727,2,2,1,2.8934576959468505,0.9999958872795104,,red
rf_5class_cw,728,1,1,1,41.29799729994475,0.9999958872795104,,green
rf_5class_cw,729,1,1,1,1.8500677245044572,0.9999958872795104,,green
rf_5class_cw,730,2,2,1,0.33387870051424795,0.8407607078552246,,red
rf_5class_cw,731,3,0,0,83.03873734405538,0.9999958872795104,,red
rf_5class_cw,732,1,1,1,46.58379349847762,0.9999958872795104,,green
rf_5class_cw,733,0,0,1,0.9825826706043828,0.9790882468223572,,red
rf_5class_cw,734,1,1,1,68.68322465361366,0.9999958872795104,,green
rf_5class_cw,735,1,1,1,1.0544565352304538,0.9999958872795104,,green
rf_5class_cw,736,1,0,0,2.0483309323180605,0.9999958276748656,,red
rf_5class_cw,737,1,1,1,1.5906396320121758,0.799996018409729,,green
rf_5class_cw,738,3,0,0,2.3729892540533273,0.9999958872795104,,red
rf_5class_cw,739,0,0,1,0.9797039232178979,0.9790882468223572,,red
rf_5class_cw,740,3,0,0,2.0065694731318433,0.9792149066925048,,red
rf_5class_cw,741,0,0,1,47104.20476939877,0.9999958872795104,,red
rf_5class_cw,742,2,2,1,0.9998780841632322,0.6511601805686951,,red
rf_5class_cw,743,2,2,1,27.92974456717267,0.9999958872795104,,red
rf_5class_cw,744,3,0,0,2.3140373934918594,0.9999958872795104,,red
rf_5class_cw,745,2,2,1,50.17925686725484,0.9999958872795104,,red
rf_5class_cw,746,1,1,1,1.7889819818453239,0.6796088218688965,,green
rf_5class_cw,747,0,0,1,43.3093089466926,0.9999958872795104,,red
rf_5class_cw,748,2,1,0,1.3255361410277262,0.9999958872795104,,green
rf_5class_cw,749,2,2,1,12.697023193103497,0.9999958872795104,,red
rf_5class_cw,750,0,0,1,11.482956470142822,0.9999958872795104,,red
rf_5class_cw,751,2,2,1,11.957998954845092,0.9999958872795104,,red
rf_5class_cw,752,0,0,1,8.632856624718794,0.9999958872795104,,red
rf_5class_cw,753,2,0,0,1.145749541004164,0.9759657979011536,,red
rf_5class_cw,754,3,0,0,6.186544829156901,0.9999950528144836,,red
rf_5class_cw,755,1,1,1,1.7740527848283034,0.799996018409729,,green
rf_5class_cw,756,0,1,0,2.7589396789450813,0.9999958872795104,,green
rf_5class_cw,757,1,0,0,5.39760475841215,0.9119937419891356,,red
rf_5class_cw,758,0,0,1,20.90499565042853,0.9999958872795104,,red
rf_5class_cw,759,1,1,1,48.00456399202405,0.9999958872795104,,green
rf_5class_cw,760,3,0,0,2.4390661861133927,0.9999958872795104,,red
rf_5class_cw,761,0,0,1,13.928529495543769,0.9999958872795104,,red
rf_5class_cw,762,0,0,1,15.37375713056172,0.9999958872795104,,red
rf_5class_cw,763,3,0,0,2.4949180008592844,0.9999958872795104,,red
rf_5class_cw,764,0,0,1,29582.325907305814,0.9999958872795104,,red
rf_5class_cw,765,3,0,0,0.7958931592843677,0.9790865182876588,,red
rf_5class_cw,766,2,2,1,0.5274150001734981,0.7826045155525208,,red
rf_5class_cw,767,0,0,1,96.57901319959625,0.9999958872795104,,red
rf_5class_cw,768,0,0,1,33.767599272036215,0.9999958872795104,,red
rf_5class_cw,769,2,2,1,103.53303605251642,0.9999958872795104,,red
rf_5class_cw,770,1,1,1,43.18035597496453,0.9999958872795104,,green
rf_5class_cw,771,0,2,0,3.092135795301433,0.9999958872795104,,red
rf_5class_cw,772,1,1,1,11.338963368855689,0.9999958872795104,,green
rf_5class_cw,773,1,1,1,45.655563970343344,0.9999958872795104,,green
rf_5class_cw,774,3,0,0,1.4196238827769256,0.9488101601600648,,red
rf_5class_cw,775,3,0,0,6.133114038935127,0.9999950528144836,,red
rf_5class_cw,776,3,0,0,2.50318696135555,0.9488094449043274,,red
rf_5class_cw,777,4,4,1,0.6379142087247692,0.8314893841743469,,red
rf_5class_cw,778,1,0,0,1.599721517790452,0.9792177081108092,,red
rf_5class_cw,779,0,0,1,19.265889757473097,0.9999958872795104,,red
rf_5class_cw,780,0,0,1,669.4896034904497,0.9999958872795104,,red
rf_5class_cw,781,0,0,1,58.70886278098105,0.9999958872795104,,red
rf_5class_cw,782,0,0,1,50.14377060142063,0.9999958872795104,,red
rf_5class_cw,783,1,1,1,47.87558735531105,0.9999958872795104,,green
rf_5class_cw,784,1,1,1,1.9758301685635202,0.6796088218688965,,green
rf_5class_cw,785,0,0,1,12.102382069427854,0.9999958872795104,,red
rf_5class_cw,786,3,0,0,2.7447036161071137,0.9999958872795104,,red
rf_5class_cw,787,1,0,0,1.602763189651698,0.9414371252059937,,red
rf_5class_cw,788,1,1,1,113.8860648215231,0.9999958872795104,,green
rf_5class_cw,789,4,0,0,21.70172708080716,0.9999958872795104,,red
rf_5class_cw,790,0,0,1,10.734084064092238,0.9999958872795104,,red
rf_5class_cw,791,0,0,1,15.588002690403478,0.9999958872795104,,red
rf_5class_cw,792,1,1,1,27.633425675477856,0.9795879125595092,,green
rf_5class_cw,793,2,1,0,1.3989164304096298,0.9999958872795104,,green
rf_5class_cw,794,1,1,1,1.556675791711332,0.7999952435493469,,green
rf_5class_cw,795,2,2,1,0.3465599894302937,0.5147026181221008,,red
rf_5class_cw,796,2,2,1,0.33464371474780596,0.8407607078552246,,red
rf_5class_cw,797,1,1,1,117.12460399656473,0.9999958872795104,,green
rf_5class_cw,798,1,1,1,11.881701405911162,0.9999958872795104,,green
rf_5class_cw,799,3,0,0,2.5940819703249836,0.9999958276748656,,red
rf_5class_cw,800,2,1,0,5.775306906023606,0.9999958872795104,,green
rf_5class_cw,801,2,2,1,12.992991673081404,0.9999958872795104,,red
rf_5class_cw,802,0,0,1,12.397485516674402,0.9999958872795104,,red
rf_5class_cw,803,0,0,1,188.02066048069057,0.9999958872795104,,red
rf_5class_cw,804,1,1,1,53.29279555344612,0.9999958872795104,,green
rf_5class_cw,805,3,0,0,3.403415813270885,0.9999958872795104,,red
rf_5class_cw,806,3,0,0,1.3628422650690815,0.9792177081108092,,red
rf_5class_cw,807,2,0,0,0.5062704068648829,0.9790882468223572,,red
rf_5class_cw,808,3,0,0,1.8233258719677041,0.9999958872795104,,red
rf_5class_cw,809,4,0,0,0.5692980523502724,0.9999120235443116,,red
rf_5class_cw,810,0,0,1,3.5090463353738235,0.9999958872795104,,red
rf_5class_cw,811,4,0,0,4.51623870203669,0.9999958872795104,,red
rf_5class_cw,812,2,0,0,1.2272616662955182,0.9119937419891356,,red
rf_5class_cw,813,0,0,1,28.937393675756457,0.9999958872795104,,red
rf_5class_cw,814,1,1,1,32.322502883467145,0.9999958872795104,,green
rf_5class_cw,815,1,1,1,98.01761500912578,0.9999958872795104,,green
rf_5class_cw,816,1,1,1,43.83161061825154,0.9999958872795104,,green
rf_5class_cw,817,2,2,1,82.83494996401245,0.9999958872795104,,red
rf_5class_cw,818,1,1,1,44.39293303531547,0.9999958872795104,,green
rf_5class_cw,819,0,0,1,20.95496111138886,0.9999958872795104,,red
rf_5class_cw,820,3,0,0,2.3768168748279352,0.9792177081108092,,red
rf_5class_cw,821,4,0,0,9.261796263323388,0.9999958872795104,,red
rf_5class_cw,822,1,1,1,42.24046515041164,0.9999958872795104,,green
rf_5class_cw,823,3,0,0,84.12962150358254,0.9999958872795104,,red
rf_5class_cw,824,1,1,1,38.09470365894053,0.9999958872795104,,green
rf_5class_cw,825,1,1,1,172.5696625775958,0.9999958872795104,,green
rf_5class_cw,826,0,0,1,58.048061532763136,0.9999958872795104,,red
rf_5class_cw,827,1,1,1,47.483352326959874,0.9999958872795104,,green
rf_5class_cw,828,2,2,1,11.888674589306541,0.9999958872795104,,red
rf_5class_cw,829,2,2,1,12.062908985203201,0.9999958872795104,,red
rf_5class_cw,830,3,0,0,48.33392150377275,0.9790882468223572,,red
rf_5class_cw,831,3,3,1,1.5531768226606224,0.8181774020195007,,green
rf_5class_cw,832,1,1,1,78.33451415454357,0.9999958872795104,,green
rf_5class_cw,833,2,2,1,0.3814783440594075,0.5365791916847229,,red
rf_5class_cw,834,1,1,1,137.8544402722199,0.9999958872795104,,green
rf_5class_cw,835,2,2,1,48.316282163213565,0.9999958872795104,,red
rf_5class_cw,836,1,1,1,23.640048878138327,0.9999958872795104,,green
rf_5class_cw,837,4,0,0,0.9985999878136077,0.9967384934425354,,red
rf_5class_cw,838,3,0,0,2.502473790918937,0.9999958872795104,,red
rf_5class_cw,839,3,0,0,4.884841229170163,0.9999958872795104,,red
rf_5class_cw,840,0,0,1,13.629279687879187,0.9999958872795104,,red
rf_5class_cw,841,0,0,1,6292.150624156654,0.9999958872795104,,red
rf_5class_cw,842,3,0,0,2.8859092645971445,0.999992847442627,,red
rf_5class_cw,843,0,0,1,0.5445229448804203,0.9790882468223572,,red
rf_5class_cw,844,1,1,1,87.9779080767264,0.9999958872795104,,green
rf_5class_cw,845,3,0,0,11.866569553836582,0.9792177081108092,,red
rf_5class_cw,846,0,0,1,3.8062221311694673,0.9999958872795104,,red
rf_5class_cw,847,1,1,1,41.32967793097237,0.9999958872795104,,green
rf_5class_cw,848,1,1,1,33.33799391919472,0.9999958872795104,,green
rf_5class_cw,849,4,0,0,0.6830739802863706,0.9998497366905212,,red
rf_5class_cw,850,2,0,0,1.176316735671095,0.9119937419891356,,red
rf_5class_cw,851,1,0,0,2.2572114972063444,0.9790865182876588,,red
rf_5class_cw,852,0,0,1,17.233345941777227,0.9999958872795104,,red
rf_5class_cw,853,1,1,1,1.968824009828531,0.7088581919670105,,green
rf_5class_cw,854,2,2,1,0.3150792752314135,0.6666612029075623,,red
rf_5class_cw,855,3,0,0,1.8249989834249618,0.9999958872795104,,red
rf_5class_cw,856,1,1,1,43.77297672729924,0.9999958872795104,,green
rf_5class_cw,857,0,0,1,35.85232536001948,0.9999958872795104,,red
rf_5class_cw,858,3,0,0,2.5475608310094717,0.9999958276748656,,red
rf_5class_cw,859,3,0,0,4.007291115401905,0.9999853372573853,,red
rf_5class_cw,860,3,0,0,3.9736603745231758,0.9999853372573853,,red
rf_5class_cw,861,1,0,0,9.495505775828303,0.9795879125595092,,red
rf_5class_cw,862,1,0,0,4.072848488790873,0.9792177081108092,,red
rf_5class_cw,863,1,0,0,1.58160782694992,0.9414371252059937,,red
rf_5class_cw,864,2,2,1,73.27240712206485,0.9999958872795104,,red
rf_5class_cw,865,4,0,0,1.8018056973440555,0.9999958276748656,,red
rf_5class_cw,866,3,0,0,3.066043601765869,0.9999897480010986,,red
rf_5class_cw,867,3,0,0,25.755973634108308,0.9792177081108092,,red
rf_5class_cw,868,3,0,0,0.6858833940881844,0.6206867694854736,,red
rf_5class_cw,869,4,0,0,4.331018967096035,0.9999958872795104,,red
rf_5class_cw,870,2,2,1,48.626578926097885,0.9999958872795104,,red
rf_5class_cw,871,3,0,0,76.4196874454423,0.9795879125595092,,red
rf_5class_cw,872,2,2,1,10.644440976256,0.9999958872795104,,red
rf_5class_cw,873,2,2,1,74.21161788560029,0.9999958872795104,,red
rf_5class_cw,874,1,1,1,73.76072902929214,0.9999958872795104,,green
rf_5class_cw,875,1,1,1,25.56155624301397,0.9999958872795104,,green
rf_5class_cw,876,0,0,1,11.571189325250272,0.9999958872795104,,red
rf_5class_cw,877,0,0,1,48.43757223598215,0.9999958872795104,,red
rf_5class_cw,878,3,0,0,24.230914800375984,0.9999958872795104,,red
rf_5class_cw,879,2,0,0,0.4527890205212237,0.7596855163574219,,red
rf_5class_cw,880,1,1,1,28.486795979078185,0.9999958872795104,,green
rf_5class_cw,881,4,0,0,1.367766132800834,0.9999939799308776,,red
rf_5class_cw,882,0,0,1,99.8645214922029,0.9999958872795104,,red
rf_5class_cw,883,2,2,1,40.50323845253409,0.9999958872795104,,red
rf_5class_cw,884,3,0,0,3.9546017749038986,0.9999853372573853,,red
rf_5class_cw,885,0,0,1,17.642688976541695,0.9999958872795104,,red
rf_5class_cw,886,1,0,0,0.435841420197391,0.999994158744812,,red
rf_5class_cw,887,3,0,0,56.109223313503854,0.9790882468223572,,red
rf_5class_cw,888,2,2,1,2.9897616796969446,0.9999958872795104,,red
rf_5class_cw,889,0,0,1,82.85488578604064,0.9999958872795104,,red
rf_5class_cw,890,2,2,1,19.473823121129286,0.9999958872795104,,red
rf_5class_cw,891,0,0,1,1.2402501725195063,0.9999958872795104,,red
rf_5class_cw,892,1,1,1,32.36476359561403,0.9999958872795104,,green
rf_5class_cw,893,3,0,0,2.8335358794480037,0.9999939799308776,,red
rf_5class_cw,894,4,0,0,0.6100432750498369,0.9732003808021544,,red
rf_5class_cw,895,0,0,1,13.717290891081916,0.9999958872795104,,red
rf_5class_cw,896,0,0,1,158.03729343197557,0.9999958872795104,,red
rf_5class_cw,897,1,1,1,22.42365299587963,0.9999958872795104,,green
rf_5class_cw,898,3,0,0,1.6388008948521031,0.9414362907409668,,red
rf_5class_cw,899,0,0,1,64.23056115855427,0.9999958872795104,,red
rf_5class_cw,900,1,1,1,2.0492350033015687,0.9999958872795104,,green
rf_5class_cw,901,1,0,0,5.620810583417633,0.9790882468223572,,red
rf_5class_cw,902,2,2,1,42.398937120045446,0.9999958872795104,,red
rf_5class_cw,903,0,0,1,48.39148289433136,0.9999958872795104,,red
rf_5class_cw,904,1,1,1,49.86148217446996,0.9999958872795104,,green
rf_5class_cw,905,2,0,0,1.3772654079908233,0.9790874719619752,,red
rf_5class_cw,906,1,1,1,35.681467941000754,0.9999958872795104,,green
rf_5class_cw,907,1,1,1,13.436940091939853,0.9999958872795104,,green
rf_5class_cw,908,2,0,0,0.9136840720011477,0.9414371252059937,,red
rf_5class_cw,909,2,2,1,3.318417587531809,0.9999958872795104,,red
rf_5class_cw,910,2,2,1,68.96954762422382,0.9999958872795104,,red
rf_5class_cw,911,4,0,0,1.40217867225897,0.9997928142547609,,red
rf_5class_cw,912,1,1,1,2.857277625670138,0.799996018409729,,green
rf_5class_cw,913,1,1,1,4.046930170795866,0.9999958872795104,,green
rf_5class_cw,914,0,0,1,19.331182668864646,0.9999958872795104,,red
rf_5class_cw,915,2,2,1,15.18848604975671,0.9999958872795104,,red
rf_5class_cw,916,4,0,0,1.232734675494176,0.9999897480010986,,red
rf_5class_cw,917,0,0,1,0.7206246254681552,0.9790882468223572,,red
rf_5class_cw,918,0,0,1,90.21692430000171,0.9999958872795104,,red
rf_5class_cw,919,1,1,1,41.83570967979459,0.9999958872795104,,green
rf_5class_cw,920,3,0,0,1.4335984310871914,0.9792160391807556,,red
rf_5class_cw,921,1,1,1,0.5481325690863176,0.944663107395172,,green
rf_5class_cw,922,1,1,1,2.3788934029211224,0.7692270874977112,,green
rf_5class_cw,923,3,0,0,5.500578417157118,0.9999958872795104,,red
rf_5class_cw,924,3,3,1,0.44771076162399653,0.6363614201545715,,green
rf_5class_cw,925,1,0,0,5.270778137954519,0.9119937419891356,,red
rf_5class_cw,926,3,0,0,2.8672278143164234,0.9999897480010986,,red
rf_5class_cw,927,3,3,1,0.46362266543485636,0.6363614201545715,,green
rf_5class_cw,928,1,1,1,43.695892552764896,0.9999958872795104,,green
rf_5class_cw,929,3,0,0,2.3141418395809468,0.9999958872795104,,red
rf_5class_cw,930,1,1,1,125.36157114789745,0.9999958872795104,,green
rf_5class_cw,931,0,0,1,14.420781383793152,0.9414371252059937,,red
rf_5class_cw,932,2,2,1,0.7845092681992786,0.9999958872795104,,red
rf_5class_cw,933,1,0,0,5.253066158258462,0.9119937419891356,,red
rf_5class_cw,934,0,0,1,41.97902153903013,0.9999958872795104,,red
rf_5class_cw,935,2,2,1,25.83249384687855,0.9999958872795104,,red
rf_5class_cw,936,4,0,0,1.3764925538043649,0.9792149066925048,,red
rf_5class_cw,937,4,0,0,0.7834340250866269,0.9998497366905212,,red
rf_5class_cw,938,3,0,0,2.8443700921728508,0.9999939799308776,,red
rf_5class_cw,939,0,0,1,34024.168356669,0.9999958872795104,,red
rf_5class_cw,940,1,1,1,55.57319711187228,0.9999958872795104,,green
rf_5class_cw,941,2,0,0,0.7146598838257486,0.5624969601631165,,red
rf_5class_cw,942,3,0,0,0.1969345936596031,0.9119937419891356,,red
rf_5class_cw,943,0,0,1,10.708607091423984,0.9999958872795104,,red
rf_5class_cw,944,1,1,1,11.319226856542267,0.9999958872795104,,green
rf_5class_cw,945,3,0,0,4.862871676725172,0.999995768070221,,red
rf_5class_cw,946,3,0,0,2.5810315768149716,0.9999958872795104,,red
rf_5class_cw,947,1,1,1,103.7731888449915,0.9999958872795104,,green
rf_5class_cw,948,0,0,1,8.13551780193184,0.9999958872795104,,red
rf_5class_cw,949,0,0,1,1041.1612973204178,0.9999958872795104,,red
rf_5class_cw,950,3,0,0,2.5780334225286943,0.97907817363739,,red
rf_5class_cw,951,1,1,1,56.894225641289175,0.9999958872795104,,green
rf_5class_cw,952,2,2,1,2.2510347696950204,0.9999958872795104,,red
rf_5class_cw,953,0,0,1,37.53642917461497,0.9999958872795104,,red
rf_5class_cw,954,1,2,0,0.9854181821531011,0.9999958872795104,,red
rf_5class_cw,955,3,2,0,0.7252193847915107,0.8275826573371887,,red
rf_5class_cw,956,1,1,1,126.19593513114405,0.9999958872795104,,green
rf_5class_cw,957,1,0,0,1.307232172837977,0.9632036685943604,,red
rf_5class_cw,958,3,0,0,2.708246017250407,0.9999958872795104,,red
rf_5class_cw,959,1,1,1,59.77604631288313,0.9999958872795104,,green
rf_5class_cw,960,0,2,0,2.467376560465311,0.9999958872795104,,red
rf_5class_cw,961,2,2,1,84.66582368006769,0.9999958872795104,,red
rf_5class_cw,962,1,1,1,53.75391563276084,0.9999958872795104,,green
rf_5class_cw,963,1,1,1,93.0434064473084,0.9999958872795104,,green
rf_5class_cw,964,0,0,1,6.830779156057714,0.9999958872795104,,red
rf_5class_cw,965,1,1,1,45.00447129825352,0.9999958872795104,,green
rf_5class_cw,966,3,0,0,16.07939450550722,0.9999958872795104,,red
rf_5class_cw,967,1,1,1,44.95716629075194,0.9999958872795104,,green
rf_5class_cw,968,3,0,0,2.0586597631896115,0.5454522967338562,,red
rf_5class_cw,969,4,3,0,0.499067305303192,0.9902185201644896,,green
rf_5class_cw,970,3,0,0,4.413216971159283,0.9999949932098388,,red
rf_5class_cw,971,3,3,1,0.9328090988474784,0.6363614201545715,,green
rf_5class_cw,972,3,0,0,1.822080793545395,0.9999958872795104,,red
rf_5class_cw,973,0,0,1,16569.89484931773,0.9999958872795104,,red
rf_5class_cw,974,0,0,1,0.9702386424219399,0.9790882468223572,,red
rf_5class_cw,975,2,2,1,106.94134682768279,0.9999958872795104,,red
rf_5class_cw,976,2,2,1,51.096205937879745,0.9999958872795104,,red
rf_5class_cw,977,4,0,0,1.5652085703170242,0.5784759521484375,,red
rf_5class_cw,978,2,2,1,1.1320645596558598,0.9999958872795104,,red
rf_5class_cw,979,3,0,0,2.647631167575394,0.9999958872795104,,red
rf_5class_cw,980,0,0,1,19.70102081234314,0.9999958872795104,,red
rf_5class_cw,981,0,0,1,18.394442913849403,0.9999958872795104,,red
rf_5class_cw,982,2,0,0,0.9572848447667808,0.9119937419891356,,red
rf_5class_cw,983,2,2,1,2.161078102624214,0.9999958872795104,,red
rf_5class_cw,984,0,0,1,38.812280441308296,0.9999958872795104,,red
rf_5class_cw,985,1,1,1,30.203875978574242,0.9999958872795104,,green
rf_5class_cw,986,2,2,1,0.43168487020289886,0.9999958872795104,,red
rf_5class_cw,987,3,0,0,3.2523492790989255,0.9999958872795104,,red
rf_5class_cw,988,3,0,0,2.501615046799992,0.9999958872795104,,red
rf_5class_cw,989,1,1,1,10.622263467218735,0.9999958872795104,,green
rf_5class_cw,990,3,0,0,3.2311743752956876,0.9999958276748656,,red
rf_5class_cw,991,2,0,0,0.45770329413266303,0.8906173706054688,,red
rf_5class_cw,992,3,0,0,4.889926479411639,0.9999949932098388,,red
rf_5class_cw,993,0,0,1,14.124034190975854,0.9999958872795104,,red
rf_5class_cw,994,0,0,1,41081.84329359331,0.9999958872795104,,red
rf_5class_cw,995,1,1,1,1.0609333857257601,0.5263137221336365,,green
rf_5class_cw,996,1,1,1,48.27709563281015,0.9999958872795104,,green
rf_5class_cw,997,2,2,1,3.359280236550153,0.9999958872795104,,red
rf_5class_cw,998,4,0,0,0.6817446231300999,0.9999929666519164,,red
rf_5class_cw,999,0,0,1,3968.8418744014875,0.9999958872795104,,red
xgb_5class_cw,0,0,0,1,1426.4790956240463,0.9999966621398926,,red
xgb_5class_cw,1,4,0,0,0.9996701493214889,0.9999960660934448,,red
xgb_5class_cw,2,3,0,0,19.57039394495377,0.9999966621398926,,red
xgb_5class_cw,3,3,0,0,2.314466515716473,0.9999966621398926,,red
xgb_5class_cw,4,0,0,1,23583.769638377853,0.9999966621398926,,red
xgb_5class_cw,5,2,0,0,0.6028012315118182,0.5999979972839355,,red
xgb_5class_cw,6,4,0,0,4.711534731770332,0.9999843835830688,,red
xgb_5class_cw,7,3,0,0,0.46451797438591785,0.9999966621398926,,red
xgb_5class_cw,8,1,1,1,2.014088534083949,0.9729698300361632,,green
xgb_5class_cw,9,0,0,1,8.937484916081619,0.9999966621398926,,red
xgb_5class_cw,10,2,2,1,85.5104188187224,0.9999966621398926,,red
xgb_5class_cw,11,2,2,1,2.790651598510382,0.9999966621398926,,red
xgb_5class_cw,12,0,0,1,66.17880874068598,0.9999966621398926,,red
xgb_5class_cw,13,1,0,0,1.755152256980912,0.9999966621398926,,red
xgb_5class_cw,14,3,0,0,2.345951702253948,0.9999966621398926,,red
xgb_5class_cw,15,0,2,0,4.504228853081429,0.9999966621398926,,red
xgb_5class_cw,16,0,0,1,24.099142805325386,0.9999966621398926,,red
xgb_5class_cw,17,3,0,0,2.6311099775875664,0.9999966621398926,,red
xgb_5class_cw,18,0,0,1,15621.685808759898,0.9999966621398926,,red
xgb_5class_cw,19,0,0,1,61.18910487614893,0.9999966621398926,,red
xgb_5class_cw,20,0,0,1,6.136705625717214,0.9999966621398926,,red
xgb_5class_cw,21,3,0,0,4.300641128180492,0.9999966621398926,,red
xgb_5class_cw,22,0,0,1,10.414757643757524,0.9999966621398926,,red
xgb_5class_cw,23,1,1,1,1.9215990167460877,0.7467947602272034,,green
xgb_5class_cw,24,0,0,1,1.0105332363721378,0.999996304512024,,red
xgb_5class_cw,25,2,2,1,15.099437037454896,0.9999966621398926,,red
xgb_5class_cw,26,0,0,1,0.5665761410324758,0.9999966621398926,,red
xgb_5class_cw,27,4,4,1,2.0048390482156977,0.9726651906967164,,red
xgb_5class_cw,28,3,0,0,38.66311479908894,0.9999966621398926,,red
xgb_5class_cw,29,1,1,1,60.930018422082085,0.9999966621398926,,green
xgb_5class_cw,30,1,1,1,1.7149099804497712,0.9729698300361632,,green
xgb_5class_cw,31,4,0,0,0.8099510917391001,0.5999976396560669,,red
xgb_5class_cw,32,2,2,1,0.5118296300803423,0.9729698300361632,,red
xgb_5class_cw,33,2,2,1,3.894844854921675,0.9920601844787598,,red
xgb_5class_cw,34,1,1,1,29.827866231378195,0.9999966621398926,,green
xgb_5class_cw,35,3,0,0,145.80723871345305,0.9999966621398926,,red
xgb_5class_cw,36,1,1,1,42.673542744646184,0.9999966621398926,,green
xgb_5class_cw,37,1,1,1,37.7508780729963,0.9999966621398926,,green
xgb_5class_cw,38,1,1,1,12.54300592275959,0.9999966621398926,,green
xgb_5class_cw,39,2,2,1,5.395576388261182,0.9999966621398926,,red
xgb_5class_cw,40,0,0,1,8.869197208058228,0.9999966621398926,,red
xgb_5class_cw,41,3,0,0,2.8813486310424046,0.9999966621398926,,red
xgb_5class_cw,42,1,1,1,42.72191527342177,0.9999966621398926,,green
xgb_5class_cw,43,2,2,1,0.72626102811069,0.9999966621398926,,red
xgb_5class_cw,44,2,2,1,0.7771211552523958,0.7199980020523071,,red
xgb_5class_cw,45,3,0,0,1.039539353709097,0.9999966621398926,,red
xgb_5class_cw,46,1,1,1,53.12079281147696,0.9999966621398926,,green
xgb_5class_cw,47,1,1,1,117.26000440708827,0.9999966621398926,,green
xgb_5class_cw,48,0,0,1,3.113854624616406,0.9999966621398926,,red
xgb_5class_cw,49,3,0,0,3.678652686456262,0.999996304512024,,red
xgb_5class_cw,50,2,2,1,55.958926136141855,0.9999966621398926,,red
xgb_5class_cw,51,2,0,0,0.46083977806702164,0.5999979972839355,,red
xgb_5class_cw,52,3,0,0,2.502473833729125,0.9999966621398926,,red
xgb_5class_cw,53,1,1,1,30.489036844561028,0.9999966621398926,,green
xgb_5class_cw,54,2,2,1,0.4661758370091211,0.9999966621398926,,red
xgb_5class_cw,55,3,0,0,2.345951887254269,0.9999966621398926,,red
xgb_5class_cw,56,1,1,1,32.283261860802064,0.9999966621398926,,green
xgb_5class_cw,57,0,0,1,35.49648013623536,0.9999966621398926,,red
xgb_5class_cw,58,2,2,1,1.7591405460069016,0.9999966621398926,,red
xgb_5class_cw,59,3,3,1,0.5583492911931448,0.991830348968506,,green
xgb_5class_cw,60,0,0,1,15.188129810275564,0.9999966621398926,,red
xgb_5class_cw,61,3,0,0,2.055299730114618,0.4785263538360595,,red
xgb_5class_cw,62,0,0,1,14.349564981967651,0.9999966621398926,,red
xgb_5class_cw,63,0,0,1,16.055043727055494,0.9999966621398926,,red
xgb_5class_cw,64,2,0,0,0.5262633436269131,0.9999966621398926,,red
xgb_5class_cw,65,0,0,1,108.27163647216688,0.9999966621398926,,red
xgb_5class_cw,66,0,0,1,16.28112185754801,0.9999966621398926,,red
xgb_5class_cw,67,1,1,1,2.1038647028110327,0.9729698300361632,,green
xgb_5class_cw,68,0,0,1,68.39482951299627,0.9999966621398926,,red
xgb_5class_cw,69,0,0,1,25.344712126673915,0.9999966621398926,,red
xgb_5class_cw,70,0,0,1,85.8093914255096,0.9999966621398926,,red
xgb_5class_cw,71,2,2,1,124.25899873220571,0.9999966621398926,,red
xgb_5class_cw,72,0,0,1,5.311273611542196,0.9999966621398926,,red
xgb_5class_cw,73,1,1,1,34.00488530108476,0.9999966621398926,,green
xgb_5class_cw,74,3,3,1,0.5187650659414932,0.9914948344230652,,green
xgb_5class_cw,75,4,4,1,0.5975510916153963,0.9684399366378784,,red
xgb_5class_cw,76,3,0,0,58.73975394148585,0.9999966621398926,,red
xgb_5class_cw,77,2,0,0,1.1269860200283877,0.9999966621398926,,red
xgb_5class_cw,78,0,0,1,25.966264160293033,0.9999966621398926,,red
xgb_5class_cw,79,0,0,1,58.55786995056329,0.9999966621398926,,red
xgb_5class_cw,80,1,1,1,32.30504045170547,0.9999966621398926,,green
xgb_5class_cw,81,2,2,1,22.13308166960523,0.9999966621398926,,red
xgb_5class_cw,82,1,1,1,88.75040658610993,0.9999966621398926,,green
xgb_5class_cw,83,4,0,0,0.7213933834184233,0.999996542930603,,red
xgb_5class_cw,84,0,2,0,2.652325344789137,0.9999966621398926,,red
xgb_5class_cw,85,1,1,1,30.800958416167102,0.9999966621398926,,green
xgb_5class_cw,86,0,0,1,17966.950484829355,0.9999966621398926,,red
xgb_5class_cw,87,1,2,0,0.1920053417099506,0.9729698300361632,,red
xgb_5class_cw,88,0,0,1,71.9775417347049,0.9999966621398926,,red
xgb_5class_cw,89,1,1,1,40.94800552026052,0.9999966621398926,,green
xgb_5class_cw,90,0,2,0,8.603434907661883,0.9999966621398926,,red
xgb_5class_cw,91,1,1,1,66.43537856706052,0.9999966621398926,,green
xgb_5class_cw,92,0,0,1,49.41002547877324,0.9999966621398926,,red
xgb_5class_cw,93,1,1,1,34.40484502084375,0.9999966621398926,,green
xgb_5class_cw,94,4,3,0,0.5614230267281602,0.5999960899353027,,green
xgb_5class_cw,95,4,0,0,3.0063956630853266,0.9999940991401672,,red
xgb_5class_cw,96,1,1,1,87.2130665080078,0.9999966621398926,,green
xgb_5class_cw,97,0,0,1,20.23036164579761,0.9999966621398926,,red
xgb_5class_cw,98,0,0,1,11.00101751145461,0.9999966621398926,,red
xgb_5class_cw,99,1,1,1,40.14090607953352,0.9999966621398926,,green
xgb_5class_cw,100,3,0,0,4.155293912539958,0.9999966025352478,,red
xgb_5class_cw,101,2,0,0,0.5059526748612464,0.9999966621398926,,red
xgb_5class_cw,102,2,0,0,1.119868837594635,0.9999966621398926,,red
xgb_5class_cw,103,3,0,0,2.833699445622038,0.9999966621398926,,red
xgb_5class_cw,104,0,0,1,2514.4784604752494,0.9999966621398926,,red
xgb_5class_cw,105,3,0,0,1.7701894802098987,0.9999966621398926,,red
xgb_5class_cw,106,1,1,1,42.385508127308995,0.9999966621398926,,green
xgb_5class_cw,107,2,0,0,0.7030113327825948,0.5999979972839355,,red
xgb_5class_cw,108,2,2,1,0.329451792399259,0.7199980020523071,,red
xgb_5class_cw,109,4,0,0,10.45779375788462,0.9999966621398926,,red
xgb_5class_cw,110,4,3,0,0.9312592176090414,0.9473398327827454,,green
xgb_5class_cw,111,0,0,1,1221.5958531099059,0.9999966621398926,,red
xgb_5class_cw,112,3,0,0,41.89195261898397,0.9999966621398926,,red
xgb_5class_cw,113,0,0,1,2.3797072783983158,0.9999966621398926,,red
xgb_5class_cw,114,2,0,0,1.037392956196567,0.9999966621398926,,red
xgb_5class_cw,115,0,0,1,0.9798141916268777,0.9999966621398926,,red
xgb_5class_cw,116,2,0,0,0.6134369500206842,0.5999979972839355,,red
xgb_5class_cw,117,3,0,0,2.7682108350781784,0.545452892780304,,red
xgb_5class_cw,118,3,0,0,4.930551978025363,0.9999966621398926,,red
xgb_5class_cw,119,2,2,1,1.726007180694627,0.9999966621398926,,red
xgb_5class_cw,120,1,1,1,50.96398809463424,0.9999966621398926,,green
xgb_5class_cw,121,3,0,0,20.59651051303736,0.9999966621398926,,red
xgb_5class_cw,122,3,0,0,1.1803220304561737,0.9999966621398926,,red
xgb_5class_cw,123,1,1,1,38.42026785065283,0.9999966621398926,,green
xgb_5class_cw,124,2,0,0,0.529398523329716,0.5999979972839355,,red
xgb_5class_cw,125,1,1,1,7.645254749341272,0.5714269280433655,,green
xgb_5class_cw,126,1,1,1,1.258931823656632,0.9999966621398926,,green
xgb_5class_cw,127,0,0,1,8.792260085040365,0.9999966621398926,,red
xgb_5class_cw,128,0,0,1,8.272242054265021,0.9999966621398926,,red
xgb_5class_cw,129,1,1,1,1.6260071527618443,0.9729698300361632,,green
xgb_5class_cw,130,0,0,1,10.530083496292564,0.9999966621398926,,red
xgb_5class_cw,131,1,1,1,19.438316387421153,0.9999966621398926,,green
xgb_5class_cw,132,1,1,1,36.2556622406713,0.9999966621398926,,green
xgb_5class_cw,133,1,1,1,141.5659331554464,0.9999966621398926,,green
xgb_5class_cw,134,2,2,1,44.415829685732234,0.9999966621398926,,red
xgb_5class_cw,135,0,0,1,490.0034220450606,0.9999966621398926,,red
xgb_5class_cw,136,4,0,0,0.986762363242451,0.5454467535018921,,red
xgb_5class_cw,137,4,3,0,0.9326366126491756,0.5960119962692261,,green
xgb_5class_cw,138,3,0,0,4.274055572787488,0.9999966025352478,,red
xgb_5class_cw,139,3,0,0,2.2888318889364054,0.9999966621398926,,red
xgb_5class_cw,140,2,2,1,0.6488300239962748,0.9999966621398926,,red
xgb_5class_cw,141,2,2,1,2.2055631746037276,0.9999966621398926,,red
xgb_5class_cw,142,3,0,0,42.57292616405532,0.9999966621398926,,red
xgb_5class_cw,143,1,1,1,37.97457009128166,0.9999966621398926,,green
xgb_5class_cw,144,2,2,1,0.5219705794341534,0.7199980020523071,,red
xgb_5class_cw,145,2,2,1,0.417338243154709,0.9999966621398926,,red
xgb_5class_cw,146,0,0,1,7.17073159660386,0.9999966621398926,,red
xgb_5class_cw,147,1,1,1,192.22519358883906,0.9999966621398926,,green
xgb_5class_cw,148,0,0,1,4858.053499540934,0.9999966621398926,,red
xgb_5class_cw,149,2,2,1,31.214105024350733,0.9999966621398926,,red
xgb_5class_cw,150,3,0,0,4.316382944274717,0.9999966621398926,,red
xgb_5class_cw,151,2,2,1,0.7956657008663263,0.7199980020523071,,red
xgb_5class_cw,152,2,0,0,0.4704164007112367,0.5999979972839355,,red
xgb_5class_cw,153,0,0,1,12.448686471825434,0.9999966621398926,,red
xgb_5class_cw,154,0,0,1,88.00232032360984,0.9999966621398926,,red
xgb_5class_cw,155,1,0,0,3.1869624413356052,0.9999966621398926,,red
xgb_5class_cw,156,2,2,1,0.5000056261164681,0.9999966621398926,,red
xgb_5class_cw,157,0,0,1,63287.85647404371,0.9999966621398926,,red
xgb_5class_cw,158,1,0,0,9.228822917338588,0.85526043176651,,red
xgb_5class_cw,159,4,3,0,0.863699594712361,0.873623788356781,,green
xgb_5class_cw,160,1,1,1,99.57155799037068,0.9999966621398926,,green
xgb_5class_cw,161,2,2,1,4.851816742314382,0.9999966621398926,,red
xgb_5class_cw,162,0,0,1,99.83056755064042,0.9999966621398926,,red
xgb_5class_cw,163,1,1,1,14.449817428670215,0.9999966621398926,,green
xgb_5class_cw,164,2,2,1,2.392024630944757,0.9999966621398926,,red
xgb_5class_cw,165,1,1,1,39.72897051748221,0.9999966621398926,,green
xgb_5class_cw,166,2,2,1,0.7509443244292674,0.7199980020523071,,red
xgb_5class_cw,167,3,0,0,3.776583109212632,0.9999966621398926,,red
xgb_5class_cw,168,0,0,1,4159.972294492025,0.9999966621398926,,red
xgb_5class_cw,169,0,0,1,525.9687638870187,0.9999966621398926,,red
xgb_5class_cw,170,1,1,1,65.66671591887884,0.9920601844787598,,green
xgb_5class_cw,171,2,2,1,57.219884077877076,0.9999966621398926,,red
xgb_5class_cw,172,2,1,0,1.581784071006501,0.9920601844787598,,green
xgb_5class_cw,173,0,0,1,44.42975861749089,0.9999966621398926,,red
xgb_5class_cw,174,1,1,1,61.94915170460592,0.9999966621398926,,green
xgb_5class_cw,175,2,1,0,1.262596158273914,0.9729698300361632,,green
xgb_5class_cw,176,1,1,1,32.38044102823892,0.9999966621398926,,green
xgb_5class_cw,177,3,0,0,1.8064405047069794,0.9999966621398926,,red
xgb_5class_cw,178,0,0,1,133.6471487104573,0.9999966621398926,,red
xgb_5class_cw,179,4,0,0,0.5277103279288629,0.6873887181282043,,red
xgb_5class_cw,180,0,0,1,50.07139127680396,0.9999966621398926,,red
xgb_5class_cw,181,3,0,0,5.722767956471099,0.545452892780304,,red
xgb_5class_cw,182,1,1,1,77.26081823549214,0.9999966621398926,,green
xgb_5class_cw,183,1,1,1,64.33318128118384,0.9999966621398926,,green
xgb_5class_cw,184,4,0,0,7.918187470610161,0.9999966621398926,,red
xgb_5class_cw,185,1,1,1,68.92803776774227,0.9999966621398926,,green
xgb_5class_cw,186,0,0,1,29.856262755197736,0.999996542930603,,red
xgb_5class_cw,187,0,0,1,9.284223232285452,0.9999966621398926,,red
xgb_5class_cw,188,3,0,0,1.6843063432855836,0.5714269280433655,,red
xgb_5class_cw,189,1,1,1,170.20340779110825,0.9999966621398926,,green
xgb_5class_cw,190,0,0,1,11.646964187113316,0.9999966621398926,,red
xgb_5class_cw,191,4,4,1,0.28274034557315514,0.9725083112716676,,red
xgb_5class_cw,192,1,1,1,16.116301652443536,0.9999966621398926,,green
xgb_5class_cw,193,3,0,0,2.603613491696479,0.9999966621398926,,red
xgb_5class_cw,194,3,0,0,2.5834268680809322,0.9999966621398926,,red
xgb_5class_cw,195,0,0,1,9.66439097776326,0.9999966621398926,,red
xgb_5class_cw,196,2,0,0,0.5340912477971104,0.9999966621398926,,red
xgb_5class_cw,197,4,0,0,3.746349203000631,0.9999966621398926,,red
xgb_5class_cw,198,3,0,0,73.11730434610683,0.9999966621398926,,red
xgb_5class_cw,199,4,0,0,0.8458752163805637,0.9816734194755554,,red
xgb_5class_cw,200,1,1,1,93.52429167324931,0.9999966621398926,,green
xgb_5class_cw,201,1,1,1,99.31279984940637,0.9999966621398926,,green
xgb_5class_cw,202,2,2,1,0.5693372632598568,0.7199980020523071,,red
xgb_5class_cw,203,4,0,0,7.843338443366402,0.9999966621398926,,red
xgb_5class_cw,204,0,0,1,61.346690968790845,0.9999966621398926,,red
xgb_5class_cw,205,4,0,0,1.6724717463009382,0.9999948740005492,,red
xgb_5class_cw,206,2,0,0,0.5338288469472459,0.9999966621398926,,red
xgb_5class_cw,207,0,0,1,80109.39919863093,0.9999966621398926,,red
xgb_5class_cw,208,2,0,0,0.7345595704134326,0.5999979972839355,,red
xgb_5class_cw,209,2,2,1,23.294655092495084,0.9999966621398926,,red
xgb_5class_cw,210,3,0,0,2.859874851320108,0.9999966621398926,,red
xgb_5class_cw,211,1,0,0,9.269392620882305,0.9999966621398926,,red
xgb_5class_cw,212,1,1,1,64.31376652130965,0.9999966621398926,,green
xgb_5class_cw,213,2,0,0,0.9564324128279605,0.9999966621398926,,red
xgb_5class_cw,214,0,0,1,6.8309452435376095,0.9999966621398926,,red
xgb_5class_cw,215,3,0,0,3.5246752957429024,0.9999966621398926,,red
xgb_5class_cw,216,3,0,0,3.721436897446621,0.9999966621398926,,red
xgb_5class_cw,217,3,0,0,3.269591146059651,0.9999966621398926,,red
xgb_5class_cw,218,3,0,0,2.8552726169121097,0.9999966621398926,,red
xgb_5class_cw,219,1,1,1,40.95133685120647,0.9999966621398926,,green
xgb_5class_cw,220,2,0,0,0.5385848562197215,0.5999979972839355,,red
xgb_5class_cw,221,1,1,1,103.09364237403257,0.9999966621398926,,green
xgb_5class_cw,222,1,1,1,5.026705626082752,0.5263144373893738,,green
xgb_5class_cw,223,1,1,1,29.401864962740014,0.9999966621398926,,green
xgb_5class_cw,224,1,1,1,0.8440113392511215,0.7098365426063538,,green
xgb_5class_cw,225,2,1,0,5.55465238354109,0.9920601844787598,,green
xgb_5class_cw,226,2,2,1,0.7749094387400498,0.9999966621398926,,red
xgb_5class_cw,227,1,1,1,68.0314537042189,0.9999966621398926,,green
xgb_5class_cw,228,3,0,0,0.5886683512356388,0.9999966025352478,,red
xgb_5class_cw,229,0,0,1,17.952341059644375,0.9999966621398926,,red
xgb_5class_cw,230,2,2,1,2.3954073655684223,0.9999966621398926,,red
xgb_5class_cw,231,1,1,1,6.871677029564909,0.9999966621398926,,green
xgb_5class_cw,232,2,2,1,4.176336193189626,0.9999966621398926,,red
xgb_5class_cw,233,3,0,0,1.3965491608832254,0.9999966025352478,,red
xgb_5class_cw,234,0,0,1,11.527031357755583,0.9999966621398926,,red
xgb_5class_cw,235,3,0,0,2.8672278143164234,0.9999966621398926,,red
xgb_5class_cw,236,1,1,1,2.502846474409763,0.9999966621398926,,green
xgb_5class_cw,237,0,0,1,37.26448773354585,0.9999966621398926,,red
xgb_5class_cw,238,2,2,1,73.06923977920349,0.9999966621398926,,red
xgb_5class_cw,239,3,0,0,1.3014254449495735,0.9999963641166688,,red
xgb_5class_cw,240,1,1,1,111.70350027519119,0.9999966621398926,,green
xgb_5class_cw,241,1,1,1,112.11422168928036,0.9999966621398926,,green
xgb_5class_cw,242,4,0,0,1.098973260235372,0.9999597668647766,,red
xgb_5class_cw,243,3,0,0,1.2028972085641831,0.9999966621398926,,red
xgb_5class_cw,244,1,1,1,119.94639224975575,0.9999966621398926,,green
xgb_5class_cw,245,0,0,1,24.828688630057748,0.9999966621398926,,red
xgb_5class_cw,246,1,0,0,1.3458807573685359,0.9999966621398926,,red
xgb_5class_cw,247,1,1,1,22.76685394757251,0.9999966621398926,,green
xgb_5class_cw,248,3,0,0,3.283974460104595,0.9999966621398926,,red
xgb_5class_cw,249,3,0,0,3.8881567384998075,0.9999966621398926,,red
xgb_5class_cw,250,3,0,0,3.4570899333947755,0.9999966621398926,,red
xgb_5class_cw,251,0,0,1,14800.34750334456,0.9999966621398926,,red
xgb_5class_cw,252,3,0,0,146.96079644419495,0.9999966621398926,,red
xgb_5class_cw,253,1,1,1,0.7853445616481111,0.5263144373893738,,green
xgb_5class_cw,254,3,3,1,0.1734951825537087,0.5999975204467773,,green
xgb_5class_cw,255,1,0,0,4.252830498335819,0.9999966621398926,,red
xgb_5class_cw,256,2,2,1,57.56826484124689,0.9999966621398926,,red
xgb_5class_cw,257,1,0,0,1.6155389015511816,0.85526043176651,,red
xgb_5class_cw,258,2,2,1,97.78013833855779,0.9999966621398926,,red
xgb_5class_cw,259,0,0,1,3.9629594277734115,0.9999966621398926,,red
xgb_5class_cw,260,1,1,1,78.62231457092079,0.9999966621398926,,green
xgb_5class_cw,261,4,0,0,0.6907882072118758,0.9999966025352478,,red
xgb_5class_cw,262,3,0,0,3.333524598433146,0.9999966621398926,,red
xgb_5class_cw,263,0,0,1,0.5001498112815831,0.9998865127563475,,red
xgb_5class_cw,264,4,0,0,1.2926646544421059,0.9999966621398926,,red
xgb_5class_cw,265,3,0,0,2.475814528738789,0.9999966621398926,,red
xgb_5class_cw,266,3,0,0,12.017698786635911,0.9999966621398926,,red
xgb_5class_cw,267,0,0,1,138.9733791282094,0.9999966621398926,,red
xgb_5class_cw,268,1,1,1,45.254858032219765,0.9999966621398926,,green
xgb_5class_cw,269,1,1,1,65.67322134364301,0.9999966621398926,,green
xgb_5class_cw,270,0,0,1,4.907162360547256,0.9999966621398926,,red
xgb_5class_cw,271,2,0,0,0.9258210758378882,0.9999966621398926,,red
xgb_5class_cw,272,1,1,1,43.275277869500506,0.9999966621398926,,green
xgb_5class_cw,273,0,0,1,0.9811168634302778,0.9999966621398926,,red
xgb_5class_cw,274,3,3,1,0.4610547574369435,0.9920601844787598,,green
xgb_5class_cw,275,0,0,1,392.3478956711679,0.9999966621398926,,red
xgb_5class_cw,276,3,0,0,3.658118679426315,0.9999966621398926,,red
xgb_5class_cw,277,0,0,1,5.485859990225386,0.9999966621398926,,red
xgb_5class_cw,278,3,0,0,1.4703930795187665,0.437758594751358,,red
xgb_5class_cw,279,1,0,0,7.707895581549069,0.9999966621398926,,red
xgb_5class_cw,280,1,1,1,45.759561817822664,0.9999966621398926,,green
xgb_5class_cw,281,0,0,1,12767.773720419753,0.9999966621398926,,red
xgb_5class_cw,282,3,0,0,1.8218759605632804,0.9999966621398926,,red
xgb_5class_cw,283,3,0,0,5.830866455236357,0.545452892780304,,red
xgb_5class_cw,284,0,0,1,23.88242167071943,0.9999966621398926,,red
xgb_5class_cw,285,2,2,1,0.5655173808969268,0.9999966621398926,,red
xgb_5class_cw,286,1,1,1,4.8822836003469945,0.9920601844787598,,green
xgb_5class_cw,287,2,1,0,1.739145470748724,0.9920601844787598,,green
xgb_5class_cw,288,0,0,1,11.028543067025112,0.9999966621398926,,red
xgb_5class_cw,289,2,1,0,1.3366442903196487,0.9920601844787598,,green
xgb_5class_cw,290,3,0,0,2.409518649960852,0.9999966621398926,,red
xgb_5class_cw,291,3,0,0,2.5872828236977696,0.9999966621398926,,red
xgb_5class_cw,292,3,0,0,84.12962150358254,0.9999966621398926,,red
xgb_5class_cw,293,3,0,0,93.9734819541247,0.9999961256980896,,red
xgb_5class_cw,294,3,0,0,43.824741267642274,0.9999966621398926,,red
xgb_5class_cw,295,1,1,1,2.3306065161157417,0.854702889919281,,green
xgb_5class_cw,296,1,1,1,1.5023064478430688,0.9999966621398926,,green
xgb_5class_cw,297,0,0,1,64.68206490638296,0.9999966621398926,,red
xgb_5class_cw,298,0,0,1,12.840163750688683,0.9999966621398926,,red
xgb_5class_cw,299,3,0,0,1.6487484530667262,0.9999966621398926,,red
xgb_5class_cw,300,1,1,1,44.50497023919251,0.9999966621398926,,green
xgb_5class_cw,301,0,0,1,66371.05195416554,0.9999966621398926,,red
xgb_5class_cw,302,2,2,1,4.981359532839901,0.9999966621398926,,red
xgb_5class_cw,303,1,1,1,42.20131275014363,0.9999966621398926,,green
xgb_5class_cw,304,1,1,1,22.335037783425175,0.9999966621398926,,green
xgb_5class_cw,305,1,1,1,39.761639344224555,0.9999966621398926,,green
xgb_5class_cw,306,2,2,1,2.0656606146773724,0.9999966621398926,,red
xgb_5class_cw,307,3,3,1,1.2539846215330344,0.9920601844787598,,green
xgb_5class_cw,308,2,2,1,3.924489780814376,0.9999966621398926,,red
xgb_5class_cw,309,4,0,0,1.0010032666133923,0.9999953508377076,,red
xgb_5class_cw,310,0,0,1,52.83700889694589,0.9999966621398926,,red
xgb_5class_cw,311,0,0,1,2432.6830845347376,0.9999966621398926,,red
xgb_5class_cw,312,2,2,1,36.97017322266763,0.9999966621398926,,red
xgb_5class_cw,313,2,2,1,59.969923608164954,0.9999966621398926,,red
xgb_5class_cw,314,1,1,1,31.554502298813897,0.9999966621398926,,green
xgb_5class_cw,315,1,1,1,97.21986484406168,0.9999966621398926,,green
xgb_5class_cw,316,0,0,1,13.38207618873195,0.9999966621398926,,red
xgb_5class_cw,317,3,0,0,5.00413974043837,0.6603417992591858,,red
xgb_5class_cw,318,0,0,1,15.876965944676158,0.9999966621398926,,red
xgb_5class_cw,319,3,0,0,3.070406242891853,0.999996304512024,,red
xgb_5class_cw,320,3,0,0,2.598940441655635,0.9999966621398926,,red
xgb_5class_cw,321,1,1,1,1.9072888778717787,0.7467947602272034,,green
xgb_5class_cw,322,3,0,0,2.8396547646631656,0.9999966621398926,,red
xgb_5class_cw,323,1,1,1,12.212521821546499,0.9999966621398926,,green
xgb_5class_cw,324,1,1,1,173.4559193052717,0.9999966621398926,,green
xgb_5class_cw,325,3,0,0,3.0904316491051245,0.9999966621398926,,red
xgb_5class_cw,326,0,0,1,11.989133612392992,0.9999966621398926,,red
xgb_5class_cw,327,1,1,1,1.302441359796963,0.638984739780426,,green
xgb_5class_cw,328,2,0,0,1.2364136253845157,0.9999966621398926,,red
xgb_5class_cw,329,3,0,0,2.9597790744114763,0.9999966621398926,,red
xgb_5class_cw,330,2,2,1,85.59612719732627,0.9999966621398926,,red
xgb_5class_cw,331,3,0,0,3.8025829701117417,0.9999966621398926,,red
xgb_5class_cw,332,3,0,0,37.83053914294394,0.9999966621398926,,red
xgb_5class_cw,333,2,2,1,85.23717599432095,0.9999966621398926,,red
xgb_5class_cw,334,0,0,1,12.220864723624082,0.9999966621398926,,red
xgb_5class_cw,335,2,2,1,73.06534755685213,0.9999966621398926,,red
xgb_5class_cw,336,3,0,0,4.231610052053022,0.9999966621398926,,red
xgb_5class_cw,337,0,0,1,29.1648247527604,0.9999966621398926,,red
xgb_5class_cw,338,2,2,1,163.58730588948745,0.9999966621398926,,red
xgb_5class_cw,339,0,0,1,56.17940467543389,0.9999966621398926,,red
xgb_5class_cw,340,1,1,1,49.90706538146247,0.9999966621398926,,green
xgb_5class_cw,341,0,0,1,556.2954020097603,0.9999966621398926,,red
xgb_5class_cw,342,3,0,0,1.121745718781857,0.9999966025352478,,red
xgb_5class_cw,343,1,1,1,4.993974748027913,0.9999966621398926,,green
xgb_5class_cw,344,3,0,0,3.128726655360525,0.9999966621398926,,red
xgb_5class_cw,345,0,0,1,12.844812053577291,0.9999966621398926,,red
xgb_5class_cw,346,0,0,1,30.79257652337355,0.9999966621398926,,red
xgb_5class_cw,347,2,2,1,60.13203440009625,0.9999966621398926,,red
xgb_5class_cw,348,0,0,1,50.92146700807225,0.9999966621398926,,red
xgb_5class_cw,349,2,0,0,0.606540081773856,0.8124967217445374,,red
xgb_5class_cw,350,2,2,1,64.57568781711682,0.9999966621398926,,red
xgb_5class_cw,351,0,0,1,14.650075041569716,0.9999966621398926,,red
xgb_5class_cw,352,0,0,1,36.1201416119453,0.9999966621398926,,red
xgb_5class_cw,353,1,1,1,17.04472979462982,0.9999966621398926,,green
xgb_5class_cw,354,3,0,0,63.918164870767995,0.9999966621398926,,red
xgb_5class_cw,355,1,0,0,8.914565353192938,0.9999966621398926,,red
xgb_5class_cw,356,1,1,1,90.04427589674206,0.9999966621398926,,green
xgb_5class_cw,357,1,0,0,5.61272654521105,0.9999966621398926,,red
xgb_5class_cw,358,0,0,1,29493.298969854164,0.9999966621398926,,red
xgb_5class_cw,359,4,3,0,0.8607296695236235,0.4703780710697174,,green
xgb_5class_cw,360,2,0,0,1.191001460627254,0.85526043176651,,red
xgb_5class_cw,361,2,0,0,0.5468218930748954,0.6229392290115356,,red
xgb_5class_cw,362,0,0,1,59.67727844559523,0.9999966621398926,,red
xgb_5class_cw,363,2,2,1,43.37577866458918,0.9999966621398926,,red
xgb_5class_cw,364,0,1,0,1.1167652303640665,0.9729698300361632,,green
xgb_5class_cw,365,1,1,1,33.893247867643595,0.9999966621398926,,green
xgb_5class_cw,366,0,1,0,10.530985954317748,0.9920601844787598,,green
xgb_5class_cw,367,3,0,0,1.6145295649033506,0.9999966621398926,,red
xgb_5class_cw,368,3,0,0,1.7917268763917427,0.9999966621398926,,red
xgb_5class_cw,369,0,0,1,15.907321729180131,0.9999966621398926,,red
xgb_5class_cw,370,3,0,0,6.074070850674785,0.545452892780304,,red
xgb_5class_cw,371,0,0,1,51.686858881532714,0.9999966621398926,,red
xgb_5class_cw,372,1,1,1,30.401819630025138,0.9999966621398926,,green
xgb_5class_cw,373,2,0,0,0.6037187787135493,0.7227989435195923,,red
xgb_5class_cw,374,1,0,0,5.477671902862041,0.9999966621398926,,red
xgb_5class_cw,375,3,0,0,3.5746719118856873,0.9999966621398926,,red
xgb_5class_cw,376,0,0,1,8.089558065085113,0.9999966621398926,,red
xgb_5class_cw,377,2,2,1,47.57677446098682,0.9999966621398926,,red
xgb_5class_cw,378,2,2,1,19.138778040388406,0.9999966621398926,,red
xgb_5class_cw,379,3,0,0,2.3134085883296494,0.545452892780304,,red
xgb_5class_cw,380,2,2,1,18.403403259070963,0.9999966621398926,,red
xgb_5class_cw,381,1,1,1,45.04987227525228,0.9999966621398926,,green
xgb_5class_cw,382,0,0,1,79.57491452308678,0.9999966621398926,,red
xgb_5class_cw,383,4,0,0,0.5286572823708868,0.6185775995254517,,red
xgb_5class_cw,384,3,0,0,2.507242807317899,0.9999966621398926,,red
xgb_5class_cw,385,2,2,1,17.076824715438555,0.9999966621398926,,red
xgb_5class_cw,386,3,0,0,5.633303098522637,0.9999966621398926,,red
xgb_5class_cw,387,2,2,1,1.6623932827746488,0.9920601844787598,,red
xgb_5class_cw,388,2,2,1,3.4051806859121543,0.9999966621398926,,red
xgb_5class_cw,389,2,2,1,5.314878316847496,0.9999966621398926,,red
xgb_5class_cw,390,4,4,1,1.0013101213171391,0.9920021891593932,,red
xgb_5class_cw,391,1,1,1,67.1062890976422,0.9999966621398926,,green
xgb_5class_cw,392,0,0,1,14.977304076819607,0.9999966621398926,,red
xgb_5class_cw,393,1,1,1,109.71225232616673,0.9999966621398926,,green
xgb_5class_cw,394,2,2,1,11.16800719042504,0.9999966621398926,,red
xgb_5class_cw,395,2,0,0,0.6180656834128692,0.6602917313575745,,red
xgb_5class_cw,396,3,0,0,4.804695816598937,0.5675025582313538,,red
xgb_5class_cw,397,0,0,1,32875.54210919039,0.9999966621398926,,red
xgb_5class_cw,398,1,1,1,86.92213994076052,0.9999966621398926,,green
xgb_5class_cw,399,2,1,0,1.3186082043989211,0.9920601844787598,,green
xgb_5class_cw,400,3,0,0,63.918164870767995,0.9999966621398926,,red
xgb_5class_cw,401,4,0,0,0.677450371010673,0.9999946355819702,,red
xgb_5class_cw,402,0,0,1,22595.105036700264,0.9999966621398926,,red
xgb_5class_cw,403,4,0,0,0.9986798228210185,0.9999966025352478,,red
xgb_5class_cw,404,1,1,1,44.200180705455,0.9999966621398926,,green
xgb_5class_cw,405,4,0,0,4.724156104584452,0.9999966621398926,,red
xgb_5class_cw,406,0,0,1,2917.3661750283118,0.9999966621398926,,red
xgb_5class_cw,407,2,2,1,73.06199935479638,0.9999966621398926,,red
xgb_5class_cw,408,1,1,1,45.8721201957751,0.9999966621398926,,green
xgb_5class_cw,409,1,1,1,38.98340661862762,0.9999966621398926,,green
xgb_5class_cw,410,2,2,1,0.6265935081739933,0.9999966621398926,,red
xgb_5class_cw,411,0,0,1,1044.0189037674743,0.9999966621398926,,red
xgb_5class_cw,412,1,1,1,120.55054925699272,0.9999966621398926,,green
xgb_5class_cw,413,0,0,1,21.79234151919248,0.9999966621398926,,red
xgb_5class_cw,414,2,0,0,1.1415970381413887,0.5999979972839355,,red
xgb_5class_cw,415,3,2,0,1.0041372758002531,0.7199979424476624,,red
xgb_5class_cw,416,0,0,1,9.309414949332606,0.9999966621398926,,red
xgb_5class_cw,417,0,0,1,36.654830038964235,0.9999966621398926,,red
xgb_5class_cw,418,3,0,0,6.223328129528486,0.9999966621398926,,red
xgb_5class_cw,419,3,0,0,4.123631657049054,0.9999966621398926,,red
xgb_5class_cw,420,1,1,1,103.77412726500333,0.9999966621398926,,green
xgb_5class_cw,421,4,0,0,0.9998831896597635,0.999995768070221,,red
xgb_5class_cw,422,2,2,1,0.4995529893004049,0.7199980020523071,,red
xgb_5class_cw,423,2,0,0,1.9737649767222496,0.9999966621398926,,red
xgb_5class_cw,424,3,0,0,2.9417298452798906,0.9999966621398926,,red
xgb_5class_cw,425,0,0,1,23.550604564322988,0.9999966621398926,,red
xgb_5class_cw,426,2,0,0,0.528919677894299,0.9999966621398926,,red
xgb_5class_cw,427,3,0,0,2.705446277389329,0.9999966621398926,,red
xgb_5class_cw,428,0,0,1,44.821371931843174,0.9999966621398926,,red
xgb_5class_cw,429,0,0,1,31.233031237107493,0.9999966621398926,,red
xgb_5class_cw,430,3,0,0,6.413927008053718,0.9999966621398926,,red
xgb_5class_cw,431,0,0,1,118.83687349502807,0.9999966621398926,,red
xgb_5class_cw,432,1,0,0,1.4838238392340704,0.9999966621398926,,red
xgb_5class_cw,433,1,0,0,1.6114395869737617,0.85526043176651,,red
xgb_5class_cw,434,3,0,0,92.67611505303606,0.9999966621398926,,red
xgb_5class_cw,435,4,0,0,4.708412969341768,0.9999958872795104,,red
xgb_5class_cw,436,3,0,0,2.5853399841362155,0.9999966621398926,,red
xgb_5class_cw,437,2,2,1,0.3704764084276264,0.9729698300361632,,red
xgb_5class_cw,438,3,0,0,2.3729892242221124,0.9999966621398926,,red
xgb_5class_cw,439,3,0,0,1.8216254139937444,0.9999966621398926,,red
xgb_5class_cw,440,1,1,1,49.491103482303615,0.9999966621398926,,green
xgb_5class_cw,441,0,0,1,30.773512458729595,0.9999966621398926,,red
xgb_5class_cw,442,0,0,1,5788.390796932792,0.9999966621398926,,red
xgb_5class_cw,443,0,0,1,12.33755511292723,0.9999966621398926,,red
xgb_5class_cw,444,1,1,1,38.80508494459768,0.9999966621398926,,green
xgb_5class_cw,445,0,0,1,13.983961678367645,0.9999966621398926,,red
xgb_5class_cw,446,1,1,1,1.8055140652173483,0.9729698300361632,,green
xgb_5class_cw,447,1,1,1,51.59549911248084,0.9999966621398926,,green
xgb_5class_cw,448,2,2,1,0.7165614904300543,0.9999966621398926,,red
xgb_5class_cw,449,2,2,1,163.55873319638422,0.9999966621398926,,red
xgb_5class_cw,450,0,0,1,13.222391774852895,0.9999966621398926,,red
xgb_5class_cw,451,0,0,1,50.16258775013434,0.9999966621398926,,red
xgb_5class_cw,452,0,0,1,64.29625618881977,0.9999966621398926,,red
xgb_5class_cw,453,3,0,0,1.8272239104098074,0.9999966621398926,,red
xgb_5class_cw,454,3,0,0,5.614979677720214,0.9999966621398926,,red
xgb_5class_cw,455,0,0,1,99.8060971430963,0.9999966621398926,,red
xgb_5class_cw,456,0,0,1,4.654487148158586,0.9999966621398926,,red
xgb_5class_cw,457,3,0,0,5.44671940890107,0.9999966621398926,,red
xgb_5class_cw,458,1,0,0,1.613065334364212,0.85526043176651,,red
xgb_5class_cw,459,0,0,1,20.091051814544148,0.9999966621398926,,red
xgb_5class_cw,460,0,0,1,20.716220337491134,0.9999966621398926,,red
xgb_5class_cw,461,2,0,0,0.5101261084506584,0.9999966621398926,,red
xgb_5class_cw,462,2,2,1,40.02472970752638,0.9999966621398926,,red
xgb_5class_cw,463,0,0,1,39.39097904353941,0.9999966621398926,,red
xgb_5class_cw,464,2,2,1,163.5716176878372,0.9999966621398926,,red
xgb_5class_cw,465,0,0,1,42.36542314461221,0.9999966621398926,,red
xgb_5class_cw,466,0,0,1,50.86139947581195,0.9999966621398926,,red
xgb_5class_cw,467,1,0,0,0.2836764344947022,0.5769218802452087,,red
xgb_5class_cw,468,3,0,0,3.137967608268416,0.9999966621398926,,red
xgb_5class_cw,469,0,0,1,4.862410645270841,0.9999966621398926,,red
xgb_5class_cw,470,0,0,1,19.36897681841341,0.9999966621398926,,red
xgb_5class_cw,471,3,0,0,2.5597950541726027,0.9999966621398926,,red
xgb_5class_cw,472,0,0,1,7.584565418120361,0.9999966621398926,,red
xgb_5class_cw,473,0,0,1,6.5027845743969195,0.9999966621398926,,red
xgb_5class_cw,474,0,0,1,34.96942390625306,0.9999966621398926,,red
xgb_5class_cw,475,2,2,1,11.812761706423897,0.9999966621398926,,red
xgb_5class_cw,476,0,0,1,36283.82407262128,0.9999966621398926,,red
xgb_5class_cw,477,1,0,0,6.054312387370711,0.9999966621398926,,red
xgb_5class_cw,478,2,2,1,63.53662326667156,0.9999966621398926,,red
xgb_5class_cw,479,3,0,0,3.071445823007619,0.9999966621398926,,red
xgb_5class_cw,480,4,0,0,0.5642817539456583,0.9999931454658508,,red
xgb_5class_cw,481,3,0,0,0.9079281533825753,0.545452892780304,,red
xgb_5class_cw,482,1,1,1,28.02187587627946,0.9999966621398926,,green
xgb_5class_cw,483,0,0,1,127.89144312733444,0.9999966621398926,,red
xgb_5class_cw,484,2,2,1,32.4047990716203,0.9999966621398926,,red
xgb_5class_cw,485,2,2,1,76.12974479012748,0.9999966621398926,,red
xgb_5class_cw,486,3,0,0,2.963293685507155,0.9999966621398926,,red
xgb_5class_cw,487,0,0,1,25.702262499808064,0.9999966621398926,,red
xgb_5class_cw,488,0,2,0,5.750239800445532,0.9999966621398926,,red
xgb_5class_cw,489,1,1,1,39.51219072013108,0.9999966621398926,,green
xgb_5class_cw,490,3,0,0,1.1830022597831138,0.545452892780304,,red
xgb_5class_cw,491,2,2,1,7.468988440072354,0.9999966621398926,,red
xgb_5class_cw,492,1,1,1,121.91907638390013,0.9999966621398926,,green
xgb_5class_cw,493,2,2,1,6.171135426509102,0.9999966621398926,,red
xgb_5class_cw,494,4,0,0,0.9999307200048106,0.528998076915741,,red
xgb_5class_cw,495,3,0,0,1.825598110820833,0.9999966621398926,,red
xgb_5class_cw,496,0,0,1,5.770979958071995,0.9999966621398926,,red
xgb_5class_cw,497,4,0,0,0.999289634716083,0.9999963641166688,,red
xgb_5class_cw,498,3,0,0,0.4644674271582722,0.9999966621398926,,red
xgb_5class_cw,499,1,1,1,104.68487474352722,0.9999966621398926,,green
xgb_5class_cw,500,0,0,1,48.64723322963095,0.9999966621398926,,red
xgb_5class_cw,501,0,0,1,3.578481943537347,0.9999966621398926,,red
xgb_5class_cw,502,0,0,1,66.52993088272486,0.9999966621398926,,red
xgb_5class_cw,503,0,0,1,12.13783102154401,0.9999966621398926,,red
xgb_5class_cw,504,3,0,0,1.4729959243660027,0.9999966621398926,,red
xgb_5class_cw,505,0,0,1,13.604447783849443,0.9999966621398926,,red
xgb_5class_cw,506,0,0,1,18.34164811488638,0.9999966621398926,,red
xgb_5class_cw,507,2,2,1,28.899469194285604,0.9999966621398926,,red
xgb_5class_cw,508,1,1,1,1.806707194796082,0.7467947602272034,,green
xgb_5class_cw,509,0,0,1,16.47630494926775,0.9999966621398926,,red
xgb_5class_cw,510,0,0,1,88490.21207890814,0.9999966621398926,,red
xgb_5class_cw,511,1,1,1,104.62142699869004,0.9999966621398926,,green
xgb_5class_cw,512,3,0,0,2.3992229083252994,0.9999966621398926,,red
xgb_5class_cw,513,3,0,0,2.833699445622038,0.9999966621398926,,red
xgb_5class_cw,514,0,0,1,8.05386927348557,0.9999966621398926,,red
xgb_5class_cw,515,1,1,1,86.30674407240174,0.9999966621398926,,green
xgb_5class_cw,516,3,0,0,2.9662496781183223,0.9999966621398926,,red
xgb_5class_cw,517,2,2,1,0.7935959422070503,0.7199980020523071,,red
xgb_5class_cw,518,1,1,1,48.550016369735566,0.9999966621398926,,green
xgb_5class_cw,519,2,2,1,16.213726338973846,0.9999966621398926,,red
xgb_5class_cw,520,3,0,0,1.4357399295924635,0.9999966621398926,,red
xgb_5class_cw,521,1,1,1,131.24765568926097,0.9999966621398926,,green
xgb_5class_cw,522,4,4,1,0.2143836953350656,0.9727576375007628,,red
xgb_5class_cw,523,3,0,0,3.8561293215669203,0.9618704319000244,,red
xgb_5class_cw,524,3,0,0,146.96069366203437,0.9999966621398926,,red
xgb_5class_cw,525,2,2,1,24.00064551633209,0.9999966621398926,,red
xgb_5class_cw,526,2,0,0,0.7261827203221486,0.5999979972839355,,red
xgb_5class_cw,527,1,1,1,115.43014705786359,0.9999966621398926,,green
xgb_5class_cw,528,2,2,1,0.9369303166862211,0.9920601844787598,,red
xgb_5class_cw,529,4,0,0,2.8656499880167234,0.9999966621398926,,red
xgb_5class_cw,530,2,0,0,1.1900406713908995,0.7188721299171448,,red
xgb_5class_cw,531,2,2,1,0.6062307418450792,0.9999966621398926,,red
xgb_5class_cw,532,1,1,1,1.3422450317321117,0.9999966621398926,,green
xgb_5class_cw,533,2,2,1,39.759631198985964,0.9999966621398926,,red
xgb_5class_cw,534,3,0,0,2.2888320420066344,0.9999966621398926,,red
xgb_5class_cw,535,0,0,1,39.090977068099,0.9999966621398926,,red
xgb_5class_cw,536,2,2,1,0.4838711716060195,0.7199980020523071,,red
xgb_5class_cw,537,3,0,0,3.6755289888642557,0.999996304512024,,red
xgb_5class_cw,538,1,1,1,18.430096408702184,0.9999966621398926,,green
xgb_5class_cw,539,0,0,1,19.95502624796185,0.9999966621398926,,red
xgb_5class_cw,540,4,0,0,0.6049174822353783,0.9999964833259584,,red
xgb_5class_cw,541,2,2,1,85.27364594419576,0.9999966621398926,,red
xgb_5class_cw,542,0,0,1,7.097148524100948,0.9999966621398926,,red
xgb_5class_cw,543,1,1,1,20.82838781559052,0.9999966621398926,,green
xgb_5class_cw,544,1,1,1,58.80183683970838,0.9999966621398926,,green
xgb_5class_cw,545,1,1,1,124.42192641002569,0.9999966621398926,,green
xgb_5class_cw,546,1,0,0,5.641050976906945,0.9999966621398926,,red
xgb_5class_cw,547,3,0,0,6.438099377818699,0.9999966621398926,,red
xgb_5class_cw,548,3,0,0,2.345951332253393,0.9999966621398926,,red
xgb_5class_cw,549,3,0,0,2.3461131887380784,0.9999966621398926,,red
xgb_5class_cw,550,1,1,1,33.44617420901266,0.9999966621398926,,green
xgb_5class_cw,551,2,2,1,0.5828277489784188,0.9729698300361632,,red
xgb_5class_cw,552,0,0,1,12.90823828242367,0.9999966621398926,,red
xgb_5class_cw,553,2,2,1,0.5746371211031441,0.7199980020523071,,red
xgb_5class_cw,554,0,0,1,11.63357858845465,0.9999966621398926,,red
xgb_5class_cw,555,2,0,0,1.014523133037032,0.9999966621398926,,red
xgb_5class_cw,556,3,0,0,2.4599526938844933,0.9999966621398926,,red
xgb_5class_cw,557,1,0,0,5.36392571861191,0.5999979972839355,,red
xgb_5class_cw,558,0,0,1,42.618385514634994,0.9999966621398926,,red
xgb_5class_cw,559,0,0,1,8136.08080860753,0.9999966621398926,,red
xgb_5class_cw,560,0,0,1,9.612988541073017,0.9999966621398926,,red
xgb_5class_cw,561,0,0,1,19.41111728600609,0.9999966621398926,,red
xgb_5class_cw,562,3,0,0,1.4262651739949659,0.9999966621398926,,red
xgb_5class_cw,563,2,2,1,38.17486632464552,0.9999966621398926,,red
xgb_5class_cw,564,3,0,0,83.03868117811713,0.9999966621398926,,red
xgb_5class_cw,565,1,1,1,169.7681075411272,0.9999966621398926,,green
xgb_5class_cw,566,3,0,0,3.225745454992277,0.9999966621398926,,red
xgb_5class_cw,567,0,0,1,1188.9539767052393,0.9999966621398926,,red
xgb_5class_cw,568,0,0,1,31.53262558704824,0.9999966621398926,,red
xgb_5class_cw,569,1,1,1,103.9504696891553,0.9999966621398926,,green
xgb_5class_cw,570,2,0,0,0.7243781361241881,0.5999979972839355,,red
xgb_5class_cw,571,2,1,0,5.54971588499187,0.9920601844787598,,green
xgb_5class_cw,572,2,2,1,14.733621025047027,0.9999966621398926,,red
xgb_5class_cw,573,3,0,0,3.3488253575035305,0.9999966621398926,,red
xgb_5class_cw,574,4,0,0,4.540486169575551,0.9999960064888,,red
xgb_5class_cw,575,1,0,0,1.6260558543432597,0.9999966621398926,,red
xgb_5class_cw,576,0,0,1,21.78222731569501,0.9999966621398926,,red
xgb_5class_cw,577,0,0,1,15.264330867360663,0.9999966621398926,,red
xgb_5class_cw,578,4,4,1,0.30033091252946537,0.9920043349266052,,red
xgb_5class_cw,579,4,4,1,1.0015672148686248,0.9726343154907228,,red
xgb_5class_cw,580,2,2,1,47.79935860410427,0.9999966621398926,,red
xgb_5class_cw,581,0,0,1,8.769116771697655,0.9999966621398926,,red
xgb_5class_cw,582,1,0,0,1.3672396635983788,0.999996304512024,,red
xgb_5class_cw,583,4,0,0,0.6891288137091482,0.9999966025352478,,red
xgb_5class_cw,584,1,1,1,17.638820406435148,0.9999966621398926,,green
xgb_5class_cw,585,2,0,0,1.1593815951133664,0.9999966621398926,,red
xgb_5class_cw,586,3,0,0,8.477928006996402,0.9999966621398926,,red
xgb_5class_cw,587,0,0,1,3.2773184601997563,0.9999966621398926,,red
xgb_5class_cw,588,4,0,0,1.5545567839387273,0.9999966621398926,,red
xgb_5class_cw,589,3,0,0,2.844389610940224,0.9999966621398926,,red
xgb_5class_cw,590,2,2,1,47.193839785110136,0.9999966621398926,,red
xgb_5class_cw,591,3,0,0,2.185286637778527,0.999996304512024,,red
xgb_5class_cw,592,1,1,1,58.080166278536424,0.9999966621398926,,green
xgb_5class_cw,593,3,0,0,1.8141116944507198,0.9999966621398926,,red
xgb_5class_cw,594,2,2,1,4.182181718661724,0.9999966621398926,,red
xgb_5class_cw,595,2,2,1,0.5466179371390826,0.7199980020523071,,red
xgb_5class_cw,596,0,0,1,21.752671848468957,0.9999966621398926,,red
xgb_5class_cw,597,4,0,0,0.5850415759100274,0.9999950528144836,,red
xgb_5class_cw,598,3,0,0,146.21591677137604,0.9999966621398926,,red
xgb_5class_cw,599,0,0,1,3.020904932110982,0.9999966621398926,,red
xgb_5class_cw,600,2,2,1,26.124119827582977,0.9999966621398926,,red
xgb_5class_cw,601,2,2,1,48.506442296046,0.9999966621398926,,red
xgb_5class_cw,602,2,2,1,73.09951580801105,0.9999966621398926,,red
xgb_5class_cw,603,1,1,1,51.94852215287827,0.9999966621398926,,green
xgb_5class_cw,604,1,1,1,41.9005996933487,0.9999966621398926,,green
xgb_5class_cw,605,1,1,1,78.71269902912606,0.9999966621398926,,green
xgb_5class_cw,606,0,0,1,9.754754595548391,0.9999966621398926,,red
xgb_5class_cw,607,2,2,1,3.8426905118252312,0.9999966621398926,,red
xgb_5class_cw,608,1,0,0,5.407188455903696,0.5999979972839355,,red
xgb_5class_cw,609,0,0,1,10.901776790806151,0.85526043176651,,red
xgb_5class_cw,610,1,1,1,45.831462916216424,0.9999966621398926,,green
xgb_5class_cw,611,1,1,1,47.19991801232743,0.9999966621398926,,green
xgb_5class_cw,612,2,2,1,177.5055031552731,0.9999966621398926,,red
xgb_5class_cw,613,0,0,1,11.358871049266591,0.9999966621398926,,red
xgb_5class_cw,614,2,2,1,0.5299639870282988,0.9729698300361632,,red
xgb_5class_cw,615,0,0,1,15.299793564363878,0.9999966621398926,,red
xgb_5class_cw,616,2,2,1,0.5692881415108522,0.5942685008049011,,red
xgb_5class_cw,617,1,1,1,20.77353824098466,0.9999966621398926,,green
xgb_5class_cw,618,0,0,1,40893.327261345876,0.9999966621398926,,red
xgb_5class_cw,619,1,1,1,11.744774664103538,0.9920601844787598,,green
xgb_5class_cw,620,2,0,0,0.5261561423344251,0.9999966621398926,,red
xgb_5class_cw,621,0,2,0,2.7405190765969767,0.9999966621398926,,red
xgb_5class_cw,622,1,1,1,36.003542409827396,0.9999966621398926,,green
xgb_5class_cw,623,3,0,0,3.0867164661543613,0.6936112642288208,,red
xgb_5class_cw,624,4,0,0,0.7332561420850021,0.9999876022338868,,red
xgb_5class_cw,625,2,0,0,0.6005913730563216,0.5999979972839355,,red
xgb_5class_cw,626,3,3,1,0.7401145230508103,0.9920601844787598,,green
xgb_5class_cw,627,2,2,1,31.31164471972404,0.9999966621398926,,red
xgb_5class_cw,628,1,1,1,47.001048932776115,0.9999966621398926,,green
xgb_5class_cw,629,0,0,1,22.722281488513644,0.9999966621398926,,red
xgb_5class_cw,630,1,1,1,1.9291347931481742,0.9729698300361632,,green
xgb_5class_cw,631,3,0,0,2.3141418395809468,0.9999966621398926,,red
xgb_5class_cw,632,1,1,1,234.26012028157845,0.9999966621398926,,green
xgb_5class_cw,633,1,1,1,0.7933821170822608,0.5263144373893738,,green
xgb_5class_cw,634,2,1,0,5.986075633015827,0.9920601844787598,,green
xgb_5class_cw,635,2,2,1,21.944441844348557,0.9999966621398926,,red
xgb_5class_cw,636,3,0,0,3.4680865193828914,0.9999966621398926,,red
xgb_5class_cw,637,0,0,1,0.9772505242945061,0.9999966621398926,,red
xgb_5class_cw,638,0,0,1,43.83632823343181,0.9999966621398926,,red
xgb_5class_cw,639,1,1,1,1.958533860949406,0.7367648482322693,,green
xgb_5class_cw,640,3,0,0,3.8751961348300457,0.9999966621398926,,red
xgb_5class_cw,641,2,2,1,29.849604829113563,0.9999966621398926,,red
xgb_5class_cw,642,1,1,1,1.7691945155979998,0.745157778263092,,green
xgb_5class_cw,643,1,1,1,54.63626859258812,0.9920601844787598,,green
xgb_5class_cw,644,1,1,1,51.07912973236209,0.9999966621398926,,green
xgb_5class_cw,645,2,2,1,3.1429296682846917,0.9999966621398926,,red
xgb_5class_cw,646,0,0,1,15.254547518882998,0.9999966621398926,,red
xgb_5class_cw,647,0,0,1,164.9635133772805,0.9999966621398926,,red
xgb_5class_cw,648,0,0,1,713.2355276711148,0.9999966621398926,,red
xgb_5class_cw,649,1,1,1,45.355092248076005,0.9999966621398926,,green
xgb_5class_cw,650,3,0,0,5.7918320786284,0.5454528331756592,,red
xgb_5class_cw,651,1,1,1,2.0331837244971127,0.9729698300361632,,green
xgb_5class_cw,652,0,0,1,85444.9024594415,0.9999966621398926,,red
xgb_5class_cw,653,1,1,1,2.5443915194329247,0.9999966621398926,,green
xgb_5class_cw,654,3,0,0,3.158769283991999,0.9999966621398926,,red
xgb_5class_cw,655,1,1,1,42.0456033968406,0.9999966621398926,,green
xgb_5class_cw,656,2,0,0,1.1641109857503587,0.9999966621398926,,red
xgb_5class_cw,657,3,3,1,1.2577875721768372,0.9904120564460754,,green
xgb_5class_cw,658,3,0,0,1.8220063313287176,0.9999966621398926,,red
xgb_5class_cw,659,4,0,0,0.5257562799922817,0.9999962449073792,,red
xgb_5class_cw,660,3,0,0,146.88813825147392,0.9999966621398926,,red
xgb_5class_cw,661,3,0,0,1.826992693334085,0.9999966621398926,,red
xgb_5class_cw,662,3,0,0,1.6624589785146007,0.9999966621398926,,red
xgb_5class_cw,663,2,2,1,2.512742217462972,0.9999966621398926,,red
xgb_5class_cw,664,4,0,0,0.7710375525443206,0.9999966621398926,,red
xgb_5class_cw,665,0,0,1,8.228459245360574,0.9999966621398926,,red
xgb_5class_cw,666,1,1,1,1.1854347331296224,0.9999966621398926,,green
xgb_5class_cw,667,0,0,1,4.06073533776481,0.9999966621398926,,red
xgb_5class_cw,668,0,0,1,3.521527868556795,0.9999966621398926,,red
xgb_5class_cw,669,0,0,1,26.579279970056604,0.9999966621398926,,red
xgb_5class_cw,670,2,2,1,2.039777234641636,0.9999966621398926,,red
xgb_5class_cw,671,3,0,0,4.168967656792045,0.999996542930603,,red
xgb_5class_cw,672,0,0,1,19.5403256139464,0.9999966621398926,,red
xgb_5class_cw,673,3,0,0,4.93517699097452,0.9999966621398926,,red
xgb_5class_cw,674,2,2,1,0.4920722018539463,0.7199980020523071,,red
xgb_5class_cw,675,0,0,1,160.90795023334738,0.9999966621398926,,red
xgb_5class_cw,676,0,0,1,998.2144230922823,0.9999966621398926,,red
xgb_5class_cw,677,3,0,0,146.96069366203437,0.9999966621398926,,red
xgb_5class_cw,678,2,2,1,0.38790794919584465,0.7199980020523071,,red
xgb_5class_cw,679,0,0,1,17.726238886273002,0.9999966621398926,,red
xgb_5class_cw,680,0,0,1,25.526446924805697,0.9999966621398926,,red
xgb_5class_cw,681,2,2,1,19.67475269990494,0.9999966621398926,,red
xgb_5class_cw,682,1,1,1,51.49094596689758,0.9999966621398926,,green
xgb_5class_cw,683,2,2,1,0.4118263850326914,0.9999966621398926,,red
xgb_5class_cw,684,1,1,1,42.92546074596857,0.9999966621398926,,green
xgb_5class_cw,685,3,3,1,0.176066891037942,0.5999975204467773,,green
xgb_5class_cw,686,3,0,0,2.310128685880585,0.9999966621398926,,red
xgb_5class_cw,687,0,0,1,130.2029614102119,0.9999966621398926,,red
xgb_5class_cw,688,4,0,0,0.9998631592455886,0.999996542930603,,red
xgb_5class_cw,689,0,0,1,12.139212106331088,0.9999966621398926,,red
xgb_5class_cw,690,2,2,1,38.362506608892936,0.9999966621398926,,red
xgb_5class_cw,691,2,2,1,0.3154007822794171,0.5999975800514221,,red
xgb_5class_cw,692,0,0,1,11.91790281852182,0.9999966621398926,,red
xgb_5class_cw,693,1,0,0,1.5998152773567598,0.85526043176651,,red
xgb_5class_cw,694,1,1,1,33.09487311099611,0.896899938583374,,green
xgb_5class_cw,695,3,0,0,2.5661407182475715,0.999996542930603,,red
xgb_5class_cw,696,0,0,1,0.8883448282595718,0.9999966621398926,,red
xgb_5class_cw,697,1,1,1,1.6779753118981842,0.9729698300361632,,green
xgb_5class_cw,698,2,0,0,0.6464724607227427,0.8238958120346069,,red
xgb_5class_cw,699,0,0,1,4.0185707700701725,0.9999966621398926,,red
xgb_5class_cw,700,4,4,1,0.18731921374233998,0.966379463672638,,red
xgb_5class_cw,701,0,0,1,127.54369560189,0.9999966621398926,,red
xgb_5class_cw,702,1,1,1,41.57878354031285,0.9999966621398926,,green
xgb_5class_cw,703,2,0,0,1.2677635573440773,0.5999979972839355,,red
xgb_5class_cw,704,1,1,1,27.492536322531183,0.9920601844787598,,green
xgb_5class_cw,705,0,0,1,5059.127779704491,0.9999966621398926,,red
xgb_5class_cw,706,2,0,0,1.0473310302461878,0.5999979972839355,,red
xgb_5class_cw,707,0,0,1,15.042724582479062,0.9999966621398926,,red
xgb_5class_cw,708,3,0,0,50.127608426658895,0.9999966621398926,,red
xgb_5class_cw,709,2,2,1,24.238495757430552,0.9999966621398926,,red
xgb_5class_cw,710,2,2,1,28.973451888606142,0.9999966621398926,,red
xgb_5class_cw,711,0,0,1,8.891771124057158,0.9999966621398926,,red
xgb_5class_cw,712,3,0,0,2.908017604369757,0.9999966621398926,,red
xgb_5class_cw,713,2,2,1,12.74204787303005,0.9999966621398926,,red
xgb_5class_cw,714,2,2,1,85.25327897585568,0.9999966621398926,,red
xgb_5class_cw,715,2,2,1,4.808202609719808,0.9999966621398926,,red
xgb_5class_cw,716,3,0,0,2.4436190805172044,0.9999966621398926,,red
xgb_5class_cw,717,0,0,1,3113.4501294506886,0.9999966621398926,,red
xgb_5class_cw,718,3,0,0,3.002257967574271,0.9999966621398926,,red
xgb_5class_cw,719,2,2,1,55.357671537512005,0.9999966621398926,,red
xgb_5class_cw,720,2,1,0,1.4426559855087764,0.9729698300361632,,green
xgb_5class_cw,721,0,0,1,2.827625937237533,0.9999966621398926,,red
xgb_5class_cw,722,0,0,1,49.48254788060761,0.9999966621398926,,red
xgb_5class_cw,723,0,0,1,34.96067405862249,0.9999966621398926,,red
xgb_5class_cw,724,0,0,1,99.59513707489879,0.9999966621398926,,red
xgb_5class_cw,725,0,0,1,5086.813925123565,0.9999966621398926,,red
xgb_5class_cw,726,3,0,0,2.4857415021021545,0.9999966621398926,,red
xgb_5class_cw,727,2,2,1,2.8934576959468505,0.9999966621398926,,red
xgb_5class_cw,728,1,1,1,41.29799729994475,0.9999966621398926,,green
xgb_5class_cw,729,1,1,1,1.8500677245044572,0.9920601844787598,,green
xgb_5class_cw,730,2,2,1,0.33387870051424795,0.9729698300361632,,red
xgb_5class_cw,731,3,0,0,83.03873734405538,0.9999966621398926,,red
xgb_5class_cw,732,1,1,1,46.58379349847762,0.9999966621398926,,green
xgb_5class_cw,733,0,0,1,0.9825826706043828,0.9999966621398926,,red
xgb_5class_cw,734,1,1,1,68.68322465361366,0.9999966621398926,,green
xgb_5class_cw,735,1,1,1,1.0544565352304538,0.9999966621398926,,green
xgb_5class_cw,736,1,0,0,2.0483309323180605,0.9999966621398926,,red
xgb_5class_cw,737,1,1,1,1.5906396320121758,0.7479112148284912,,green
xgb_5class_cw,738,3,0,0,2.3729892540533273,0.9999966621398926,,red
xgb_5class_cw,739,0,0,1,0.9797039232178979,0.9999966621398926,,red
xgb_5class_cw,740,3,0,0,2.0065694731318433,0.9999964833259584,,red
xgb_5class_cw,741,0,0,1,47104.20476939877,0.9999966621398926,,red
xgb_5class_cw,742,2,2,1,0.9998780841632322,0.7221497893333435,,red
xgb_5class_cw,743,2,2,1,27.92974456717267,0.9999966621398926,,red
xgb_5class_cw,744,3,0,0,2.3140373934918594,0.9999966621398926,,red
xgb_5class_cw,745,2,2,1,50.17925686725484,0.9999966621398926,,red
xgb_5class_cw,746,1,1,1,1.7889819818453239,0.9729698300361632,,green
xgb_5class_cw,747,0,0,1,43.3093089466926,0.9999966621398926,,red
xgb_5class_cw,748,2,1,0,1.3255361410277262,0.9920601844787598,,green
xgb_5class_cw,749,2,2,1,12.697023193103497,0.9999966621398926,,red
xgb_5class_cw,750,0,0,1,11.482956470142822,0.9999966621398926,,red
xgb_5class_cw,751,2,2,1,11.957998954845092,0.9999966621398926,,red
xgb_5class_cw,752,0,0,1,8.632856624718794,0.9999966621398926,,red
xgb_5class_cw,753,2,0,0,1.145749541004164,0.9999966621398926,,red
xgb_5class_cw,754,3,0,0,6.186544829156901,0.9999966621398926,,red
xgb_5class_cw,755,1,1,1,1.7740527848283034,0.9729698300361632,,green
xgb_5class_cw,756,0,1,0,2.7589396789450813,0.9999966621398926,,green
xgb_5class_cw,757,1,0,0,5.39760475841215,0.5999979972839355,,red
xgb_5class_cw,758,0,0,1,20.90499565042853,0.9999966621398926,,red
xgb_5class_cw,759,1,1,1,48.00456399202405,0.9999966621398926,,green
xgb_5class_cw,760,3,0,0,2.4390661861133927,0.9999966621398926,,red
xgb_5class_cw,761,0,0,1,13.928529495543769,0.9999966621398926,,red
xgb_5class_cw,762,0,0,1,15.37375713056172,0.9999966621398926,,red
xgb_5class_cw,763,3,0,0,2.4949180008592844,0.9999966621398926,,red
xgb_5class_cw,764,0,0,1,29582.325907305814,0.9999966621398926,,red
xgb_5class_cw,765,3,0,0,0.7958931592843677,0.5454528331756592,,red
xgb_5class_cw,766,2,2,1,0.5274150001734981,0.5999975800514221,,red
xgb_5class_cw,767,0,0,1,96.57901319959625,0.9999966621398926,,red
xgb_5class_cw,768,0,0,1,33.767599272036215,0.9999966621398926,,red
xgb_5class_cw,769,2,2,1,103.53303605251642,0.9999966621398926,,red
xgb_5class_cw,770,1,1,1,43.18035597496453,0.9999966621398926,,green
xgb_5class_cw,771,0,2,0,3.092135795301433,0.9999966621398926,,red
xgb_5class_cw,772,1,1,1,11.338963368855689,0.9999966621398926,,green
xgb_5class_cw,773,1,1,1,45.655563970343344,0.9999966621398926,,green
xgb_5class_cw,774,3,0,0,1.4196238827769256,0.9999966621398926,,red
xgb_5class_cw,775,3,0,0,6.133114038935127,0.9999966621398926,,red
xgb_5class_cw,776,3,0,0,2.50318696135555,0.999996304512024,,red
xgb_5class_cw,777,4,4,1,0.6379142087247692,0.9920048713684082,,red
xgb_5class_cw,778,1,0,0,1.599721517790452,0.9999966621398926,,red
xgb_5class_cw,779,0,0,1,19.265889757473097,0.9999966621398926,,red
xgb_5class_cw,780,0,0,1,669.4896034904497,0.9999966621398926,,red
xgb_5class_cw,781,0,0,1,58.70886278098105,0.9999966621398926,,red
xgb_5class_cw,782,0,0,1,50.14377060142063,0.9999966621398926,,red
xgb_5class_cw,783,1,1,1,47.87558735531105,0.9999966621398926,,green
xgb_5class_cw,784,1,1,1,1.9758301685635202,0.9729698300361632,,green
xgb_5class_cw,785,0,0,1,12.102382069427854,0.9999966621398926,,red
xgb_5class_cw,786,3,0,0,2.7447036161071137,0.9999966621398926,,red
xgb_5class_cw,787,1,0,0,1.602763189651698,0.85526043176651,,red
xgb_5class_cw,788,1,1,1,113.8860648215231,0.9999966621398926,,green
xgb_5class_cw,789,4,0,0,21.70172708080716,0.9999966025352478,,red
xgb_5class_cw,790,0,0,1,10.734084064092238,0.9999966621398926,,red
xgb_5class_cw,791,0,0,1,15.588002690403478,0.9999966621398926,,red
xgb_5class_cw,792,1,1,1,27.633425675477856,0.9999966621398926,,green
xgb_5class_cw,793,2,1,0,1.3989164304096298,0.9920601844787598,,green
xgb_5class_cw,794,1,1,1,1.556675791711332,0.9729698300361632,,green
xgb_5class_cw,795,2,2,1,0.3465599894302937,0.7199980020523071,,red
xgb_5class_cw,796,2,2,1,0.33464371474780596,0.7199980020523071,,red
xgb_5class_cw,797,1,1,1,117.12460399656473,0.9999966621398926,,green
xgb_5class_cw,798,1,1,1,11.881701405911162,0.9999966621398926,,green
xgb_5class_cw,799,3,0,0,2.5940819703249836,0.9999966621398926,,red
xgb_5class_cw,800,2,1,0,5.775306906023606,0.9920601844787598,,green
xgb_5class_cw,801,2,2,1,12.992991673081404,0.9999966621398926,,red
xgb_5class_cw,802,0,0,1,12.397485516674402,0.9999966621398926,,red
xgb_5class_cw,803,0,0,1,188.02066048069057,0.9999966621398926,,red
xgb_5class_cw,804,1,1,1,53.29279555344612,0.9999966621398926,,green
xgb_5class_cw,805,3,0,0,3.403415813270885,0.9999966621398926,,red
xgb_5class_cw,806,3,0,0,1.3628422650690815,0.9999966621398926,,red
xgb_5class_cw,807,2,0,0,0.5062704068648829,0.9999966621398926,,red
xgb_5class_cw,808,3,0,0,1.8233258719677041,0.9999966621398926,,red
xgb_5class_cw,809,4,0,0,0.5692980523502724,0.9999964833259584,,red
xgb_5class_cw,810,0,0,1,3.5090463353738235,0.9999966621398926,,red
xgb_5class_cw,811,4,0,0,4.51623870203669,0.9999966621398926,,red
xgb_5class_cw,812,2,0,0,1.2272616662955182,0.85526043176651,,red
xgb_5class_cw,813,0,0,1,28.937393675756457,0.9999966621398926,,red
xgb_5class_cw,814,1,1,1,32.322502883467145,0.9999966621398926,,green
xgb_5class_cw,815,1,1,1,98.01761500912578,0.9999966621398926,,green
xgb_5class_cw,816,1,1,1,43.83161061825154,0.9999966621398926,,green
xgb_5class_cw,817,2,2,1,82.83494996401245,0.9999966621398926,,red
xgb_5class_cw,818,1,1,1,44.39293303531547,0.9999966621398926,,green
xgb_5class_cw,819,0,0,1,20.95496111138886,0.9999966621398926,,red
xgb_5class_cw,820,3,0,0,2.3768168748279352,0.9999966621398926,,red
xgb_5class_cw,821,4,0,0,9.261796263323388,0.9999966621398926,,red
xgb_5class_cw,822,1,1,1,42.24046515041164,0.9999966621398926,,green
xgb_5class_cw,823,3,0,0,84.12962150358254,0.9999966621398926,,red
xgb_5class_cw,824,1,1,1,38.09470365894053,0.9999966621398926,,green
xgb_5class_cw,825,1,1,1,172.5696625775958,0.9999966621398926,,green
xgb_5class_cw,826,0,0,1,58.048061532763136,0.9999966621398926,,red
xgb_5class_cw,827,1,1,1,47.483352326959874,0.9999966621398926,,green
xgb_5class_cw,828,2,2,1,11.888674589306541,0.9999966621398926,,red
xgb_5class_cw,829,2,2,1,12.062908985203201,0.9999966621398926,,red
xgb_5class_cw,830,3,0,0,48.33392150377275,0.9999966621398926,,red
xgb_5class_cw,831,3,3,1,1.5531768226606224,0.9999966621398926,,green
xgb_5class_cw,832,1,1,1,78.33451415454357,0.9999966621398926,,green
xgb_5class_cw,833,2,0,0,1.2733476366526533,0.5999979972839355,,red
xgb_5class_cw,834,1,1,1,137.8544402722199,0.9999966621398926,,green
xgb_5class_cw,835,2,2,1,48.316282163213565,0.9999966621398926,,red
xgb_5class_cw,836,1,1,1,23.640048878138327,0.9999966621398926,,green
xgb_5class_cw,837,4,0,0,0.9985999878136077,0.999996542930603,,red
xgb_5class_cw,838,3,0,0,2.502473790918937,0.9999966621398926,,red
xgb_5class_cw,839,3,0,0,4.884841229170163,0.9999966621398926,,red
xgb_5class_cw,840,0,0,1,13.629279687879187,0.9999966621398926,,red
xgb_5class_cw,841,0,0,1,6292.150624156654,0.9999966621398926,,red
xgb_5class_cw,842,3,0,0,2.8859092645971445,0.9999966621398926,,red
xgb_5class_cw,843,0,0,1,0.5445229448804203,0.9999966621398926,,red
xgb_5class_cw,844,1,1,1,87.9779080767264,0.9999966621398926,,green
xgb_5class_cw,845,3,0,0,11.866569553836582,0.9999966621398926,,red
xgb_5class_cw,846,0,0,1,3.8062221311694673,0.9999966621398926,,red
xgb_5class_cw,847,1,1,1,41.32967793097237,0.9999966621398926,,green
xgb_5class_cw,848,1,1,1,33.33799391919472,0.9999966621398926,,green
xgb_5class_cw,849,4,0,0,0.6830739802863706,0.999996542930603,,red
xgb_5class_cw,850,2,0,0,1.176316735671095,0.9999966621398926,,red
xgb_5class_cw,851,1,0,0,2.2572114972063444,0.9999966621398926,,red
xgb_5class_cw,852,0,0,1,17.233345941777227,0.9999966621398926,,red
xgb_5class_cw,853,1,1,1,1.968824009828531,0.9999966621398926,,green
xgb_5class_cw,854,2,0,0,0.5998511743923662,0.6661686301231384,,red
xgb_5class_cw,855,3,0,0,1.8249989834249618,0.9999966621398926,,red
xgb_5class_cw,856,1,1,1,43.77297672729924,0.9999966621398926,,green
xgb_5class_cw,857,0,0,1,35.85232536001948,0.9999966621398926,,red
xgb_5class_cw,858,3,0,0,2.5475608310094717,0.999996304512024,,red
xgb_5class_cw,859,3,0,0,4.007291115401905,0.9999966621398926,,red
xgb_5class_cw,860,3,0,0,3.9736603745231758,0.9999966621398926,,red
xgb_5class_cw,861,1,0,0,9.495505775828303,0.9999966621398926,,red
xgb_5class_cw,862,1,0,0,4.072848488790873,0.9999966621398926,,red
xgb_5class_cw,863,1,0,0,1.58160782694992,0.8116426467895508,,red
xgb_5class_cw,864,2,2,1,73.27240712206485,0.9999966621398926,,red
xgb_5class_cw,865,4,0,0,1.8018056973440555,0.9999966621398926,,red
xgb_5class_cw,866,3,0,0,3.066043601765869,0.9999966621398926,,red
xgb_5class_cw,867,3,0,0,25.755973634108308,0.9999966621398926,,red
xgb_5class_cw,868,3,0,0,0.6858833940881844,0.85526043176651,,red
xgb_5class_cw,869,4,0,0,4.331018967096035,0.9999966621398926,,red
xgb_5class_cw,870,2,2,1,48.626578926097885,0.9999966621398926,,red
xgb_5class_cw,871,3,0,0,76.4196874454423,0.9999966621398926,,red
xgb_5class_cw,872,2,2,1,10.644440976256,0.9999966621398926,,red
xgb_5class_cw,873,2,2,1,74.21161788560029,0.9999966621398926,,red
xgb_5class_cw,874,1,1,1,73.76072902929214,0.9999966621398926,,green
xgb_5class_cw,875,1,1,1,25.56155624301397,0.9999966621398926,,green
xgb_5class_cw,876,0,0,1,11.571189325250272,0.9999966621398926,,red
xgb_5class_cw,877,0,0,1,48.43757223598215,0.9999966621398926,,red
xgb_5class_cw,878,3,0,0,24.230914800375984,0.9999966621398926,,red
xgb_5class_cw,879,2,0,0,0.4527890205212237,0.5999979972839355,,red
xgb_5class_cw,880,1,1,1,28.486795979078185,0.9999966621398926,,green
xgb_5class_cw,881,4,0,0,1.367766132800834,0.8994145393371582,,red
xgb_5class_cw,882,0,0,1,99.8645214922029,0.9999966621398926,,red
xgb_5class_cw,883,2,2,1,40.50323845253409,0.9999966621398926,,red
xgb_5class_cw,884,3,0,0,3.9546017749038986,0.9999966621398926,,red
xgb_5class_cw,885,0,0,1,17.642688976541695,0.9999966621398926,,red
xgb_5class_cw,886,1,0,0,0.435841420197391,0.999996304512024,,red
xgb_5class_cw,887,3,0,0,56.109223313503854,0.9999966621398926,,red
xgb_5class_cw,888,2,2,1,2.9897616796969446,0.9999966621398926,,red
xgb_5class_cw,889,0,0,1,82.85488578604064,0.9999966621398926,,red
xgb_5class_cw,890,2,2,1,19.473823121129286,0.9999966621398926,,red
xgb_5class_cw,891,0,0,1,1.2402501725195063,0.9999966621398926,,red
xgb_5class_cw,892,1,1,1,32.36476359561403,0.9999966621398926,,green
xgb_5class_cw,893,3,0,0,2.8335358794480037,0.9999966621398926,,red
xgb_5class_cw,894,4,4,1,1.6392279710288153,0.9721020460128784,,red
xgb_5class_cw,895,0,0,1,13.717290891081916,0.9999966621398926,,red
xgb_5class_cw,896,0,0,1,158.03729343197557,0.9999966621398926,,red
xgb_5class_cw,897,1,1,1,22.42365299587963,0.9999966621398926,,green
xgb_5class_cw,898,3,0,0,1.6388008948521031,0.9999966621398926,,red
xgb_5class_cw,899,0,0,1,64.23056115855427,0.9999966621398926,,red
xgb_5class_cw,900,1,1,1,2.0492350033015687,0.9729698300361632,,green
xgb_5class_cw,901,1,0,0,5.620810583417633,0.9999966621398926,,red
xgb_5class_cw,902,2,2,1,42.398937120045446,0.9999966621398926,,red
xgb_5class_cw,903,0,0,1,48.39148289433136,0.9999966621398926,,red
xgb_5class_cw,904,1,1,1,49.86148217446996,0.9999966621398926,,green
xgb_5class_cw,905,2,0,0,1.3772654079908233,0.9999966621398926,,red
xgb_5class_cw,906,1,1,1,35.681467941000754,0.9999966621398926,,green
xgb_5class_cw,907,1,1,1,13.436940091939853,0.9999966621398926,,green
xgb_5class_cw,908,2,0,0,0.9136840720011477,0.9999966621398926,,red
xgb_5class_cw,909,2,2,1,3.318417587531809,0.9999966621398926,,red
xgb_5class_cw,910,2,2,1,68.96954762422382,0.9999966621398926,,red
xgb_5class_cw,911,4,0,0,1.40217867225897,0.9999962449073792,,red
xgb_5class_cw,912,1,1,1,2.857277625670138,0.9729698300361632,,green
xgb_5class_cw,913,1,1,1,4.046930170795866,0.9920601844787598,,green
xgb_5class_cw,914,0,0,1,19.331182668864646,0.9999966621398926,,red
xgb_5class_cw,915,2,2,1,15.18848604975671,0.9999966621398926,,red
xgb_5class_cw,916,4,3,0,0.8045368107311885,0.5999974608421326,,green
xgb_5class_cw,917,0,0,1,0.7206246254681552,0.9999966621398926,,red
xgb_5class_cw,918,0,0,1,90.21692430000171,0.9999966621398926,,red
xgb_5class_cw,919,1,1,1,41.83570967979459,0.9999966621398926,,green
xgb_5class_cw,920,3,0,0,1.4335984310871914,0.999996542930603,,red
xgb_5class_cw,921,1,1,1,0.5481325690863176,0.9729698300361632,,green
xgb_5class_cw,922,1,1,1,2.3788934029211224,0.9729698300361632,,green
xgb_5class_cw,923,3,0,0,5.500578417157118,0.9999966621398926,,red
xgb_5class_cw,924,3,3,1,0.44771076162399653,0.9599953889846802,,green
xgb_5class_cw,925,1,2,0,0.18733331409696172,0.5999975800514221,,red
xgb_5class_cw,926,3,0,0,2.8672278143164234,0.9999966621398926,,red
xgb_5class_cw,927,3,3,1,0.46362266543485636,0.9916622042655944,,green
xgb_5class_cw,928,1,1,1,43.695892552764896,0.9999966621398926,,green
xgb_5class_cw,929,3,0,0,2.3141418395809468,0.9999966621398926,,red
xgb_5class_cw,930,1,1,1,125.36157114789745,0.9999966621398926,,green
xgb_5class_cw,931,0,0,1,14.420781383793152,0.9999966621398926,,red
xgb_5class_cw,932,2,2,1,0.7845092681992786,0.9999966621398926,,red
xgb_5class_cw,933,1,2,0,0.1880253005586397,0.5999975800514221,,red
xgb_5class_cw,934,0,0,1,41.97902153903013,0.9999966621398926,,red
xgb_5class_cw,935,2,2,1,25.83249384687855,0.9999966621398926,,red
xgb_5class_cw,936,4,0,0,1.3764925538043649,0.9380759000778198,,red
xgb_5class_cw,937,4,0,0,0.7834340250866269,0.9999960660934448,,red
xgb_5class_cw,938,3,0,0,2.8443700921728508,0.9999966621398926,,red
xgb_5class_cw,939,0,0,1,34024.168356669,0.9999966621398926,,red
xgb_5class_cw,940,1,1,1,55.57319711187228,0.9999966621398926,,green
xgb_5class_cw,941,2,2,1,0.7497065987773145,0.7199980020523071,,red
xgb_5class_cw,942,3,0,0,0.1969345936596031,0.9999966621398926,,red
xgb_5class_cw,943,0,0,1,10.708607091423984,0.9999966621398926,,red
xgb_5class_cw,944,1,1,1,11.319226856542267,0.9999966621398926,,green
xgb_5class_cw,945,3,0,0,4.862871676725172,0.999996304512024,,red
xgb_5class_cw,946,3,0,0,2.5810315768149716,0.9999966621398926,,red
xgb_5class_cw,947,1,1,1,103.7731888449915,0.9999966621398926,,green
xgb_5class_cw,948,0,0,1,8.13551780193184,0.9999966621398926,,red
xgb_5class_cw,949,0,0,1,1041.1612973204178,0.9999966621398926,,red
xgb_5class_cw,950,3,0,0,2.5780334225286943,0.999996542930603,,red
xgb_5class_cw,951,1,1,1,56.894225641289175,0.9999966621398926,,green
xgb_5class_cw,952,2,2,1,2.2510347696950204,0.9999966621398926,,red
xgb_5class_cw,953,0,0,1,37.53642917461497,0.9999966621398926,,red
xgb_5class_cw,954,1,2,0,0.9854181821531011,0.9920601844787598,,red
xgb_5class_cw,955,3,0,0,1.3788930921739015,0.9430696368217468,,red
xgb_5class_cw,956,1,1,1,126.19593513114405,0.9999966621398926,,green
xgb_5class_cw,957,1,1,1,0.7649750524641176,0.5222285389900208,,green
xgb_5class_cw,958,3,0,0,2.708246017250407,0.9999966621398926,,red
xgb_5class_cw,959,1,1,1,59.77604631288313,0.9999966621398926,,green
xgb_5class_cw,960,0,2,0,2.467376560465311,0.9999966621398926,,red
xgb_5class_cw,961,2,2,1,84.66582368006769,0.9999966621398926,,red
xgb_5class_cw,962,1,1,1,53.75391563276084,0.9999966621398926,,green
xgb_5class_cw,963,1,1,1,93.0434064473084,0.9999966621398926,,green
xgb_5class_cw,964,0,0,1,6.830779156057714,0.9999966621398926,,red
xgb_5class_cw,965,1,1,1,45.00447129825352,0.9999966621398926,,green
xgb_5class_cw,966,3,0,0,16.07939450550722,0.9999966621398926,,red
xgb_5class_cw,967,1,1,1,44.95716629075194,0.9999966621398926,,green
xgb_5class_cw,968,3,3,1,0.48575292424633626,0.989801585674286,,green
xgb_5class_cw,969,4,4,1,0.07448023826270901,0.98749577999115,,red
xgb_5class_cw,970,3,0,0,4.413216971159283,0.9999966621398926,,red
xgb_5class_cw,971,3,3,1,0.9328090988474784,0.9912325739860536,,green
xgb_5class_cw,972,3,0,0,1.822080793545395,0.9999966621398926,,red
xgb_5class_cw,973,0,0,1,16569.89484931773,0.9999966621398926,,red
xgb_5class_cw,974,0,0,1,0.9702386424219399,0.9999966621398926,,red
xgb_5class_cw,975,2,2,1,106.94134682768279,0.9999966621398926,,red
xgb_5class_cw,976,2,2,1,51.096205937879745,0.9999966621398926,,red
xgb_5class_cw,977,4,4,1,0.6388924894510379,0.6268340349197388,,red
xgb_5class_cw,978,2,2,1,1.1320645596558598,0.9999966621398926,,red
xgb_5class_cw,979,3,0,0,2.647631167575394,0.9999966621398926,,red
xgb_5class_cw,980,0,0,1,19.70102081234314,0.9999966621398926,,red
xgb_5class_cw,981,0,0,1,18.394442913849403,0.9999966621398926,,red
xgb_5class_cw,982,2,0,0,0.9572848447667808,0.9999966621398926,,red
xgb_5class_cw,983,2,2,1,2.161078102624214,0.9999966621398926,,red
xgb_5class_cw,984,0,0,1,38.812280441308296,0.9999966621398926,,red
xgb_5class_cw,985,1,1,1,30.203875978574242,0.9999966621398926,,green
xgb_5class_cw,986,2,2,1,0.43168487020289886,0.9999966621398926,,red
xgb_5class_cw,987,3,0,0,3.2523492790989255,0.9999966621398926,,red
xgb_5class_cw,988,3,0,0,2.501615046799992,0.9999966621398926,,red
xgb_5class_cw,989,1,1,1,10.622263467218735,0.9999966621398926,,green
xgb_5class_cw,990,3,0,0,3.2311743752956876,0.5567200779914856,,red
xgb_5class_cw,991,2,0,0,0.45770329413266303,0.85526043176651,,red
xgb_5class_cw,992,3,0,0,4.889926479411639,0.9999966621398926,,red
xgb_5class_cw,993,0,0,1,14.124034190975854,0.9999966621398926,,red
xgb_5class_cw,994,0,0,1,41081.84329359331,0.9999966621398926,,red
xgb_5class_cw,995,1,1,1,1.0609333857257601,0.9999966621398926,,green
xgb_5class_cw,996,1,1,1,48.27709563281015,0.9999966621398926,,green
xgb_5class_cw,997,2,2,1,3.359280236550153,0.9999966621398926,,red
xgb_5class_cw,998,4,0,0,0.6817446231300999,0.9999966025352478,,red
xgb_5class_cw,999,0,0,1,3968.8418744014875,0.9999966621398926,,red
dnn_5class_cw,0,0,0,1,1426.4790956240463,0.9997984766960144,-0.05396876484155655,red
dnn_5class_cw,1,4,4,1,0.8080751410117071,0.5317090153694153,-0.45808112621307373,red
dnn_5class_cw,2,3,0,0,19.57039394495377,0.9997965693473816,-0.8298935890197754,red
dnn_5class_cw,3,3,0,0,2.314466515716473,0.9999337196350098,-0.0513969287276268,red
dnn_5class_cw,4,0,0,1,23583.769638377853,0.9997984766960144,-0.027422748506069183,red
dnn_5class_cw,5,2,0,0,0.6028012315118182,0.7772808074951172,-1.0731321573257446,red
dnn_5class_cw,6,4,0,0,4.711534731770332,0.9748087525367736,-1.2492079734802246,red
dnn_5class_cw,7,3,3,1,2.152769225607881,0.6273714900016785,-0.4090821444988251,green
dnn_5class_cw,8,1,1,1,2.014088534083949,0.9999337196350098,-0.08269350975751877,green
dnn_5class_cw,9,0,0,1,8.937484916081619,0.9999337196350098,-0.05474443733692169,red
dnn_5class_cw,10,2,2,1,85.5104188187224,0.9810131192207336,-0.050745509564876556,amber
dnn_5class_cw,11,2,2,1,2.790651598510382,0.9999783039093018,-0.009325467050075531,amber
dnn_5class_cw,12,0,0,1,66.17880874068598,0.9999337196350098,-0.03802711144089699,red
dnn_5class_cw,13,1,0,0,1.755152256980912,0.9997979402542114,-0.18331477046012878,red
dnn_5class_cw,14,3,0,0,2.345951702253948,0.9999337196350098,-0.12322324514389038,red
dnn_5class_cw,15,0,2,0,4.504228853081429,0.9999783039093018,-0.007729001343250275,amber
dnn_5class_cw,16,0,0,1,24.099142805325386,0.9999337196350098,-0.07171215862035751,red
dnn_5class_cw,17,3,0,0,2.6311099775875664,0.9999337196350098,-0.05820022150874138,red
dnn_5class_cw,18,0,0,1,15621.685808759898,0.999798595905304,-0.038511909544467926,red
dnn_5class_cw,19,0,0,1,61.18910487614893,0.9999337196350098,-0.04557716101408005,red
dnn_5class_cw,20,0,0,1,6.136705625717214,0.9997981786727904,-0.1916464865207672,red
dnn_5class_cw,21,3,0,0,4.300641128180492,0.5260850191116333,-0.6647913455963135,red
dnn_5class_cw,22,0,0,1,10.414757643757524,0.9997981786727904,-0.24527017772197723,red
dnn_5class_cw,23,1,1,1,1.9215990167460877,0.952252209186554,-0.5715818405151367,green
dnn_5class_cw,24,0,0,1,1.0105332363721378,0.7172957062721252,-0.6432238817214966,red
dnn_5class_cw,25,2,2,1,15.099437037454896,0.9999783039093018,-0.03782001882791519,amber
dnn_5class_cw,26,0,2,0,1.7649878411349176,0.5575327277183533,-0.6685969829559326,amber
dnn_5class_cw,27,4,4,1,2.0048390482156977,0.8532688617706299,-0.1977156400680542,red
dnn_5class_cw,28,3,0,0,38.66311479908894,0.9998730421066284,-0.06631409376859665,red
dnn_5class_cw,29,1,1,1,60.930018422082085,0.9999337196350098,-0.01566999964416027,green
dnn_5class_cw,30,1,1,1,1.7149099804497712,0.9533457159996032,-0.439628005027771,green
dnn_5class_cw,31,4,4,1,1.2346424496479915,0.7759571075439453,-0.40652239322662354,red
dnn_5class_cw,32,2,0,0,0.5019266484537751,0.6753925681114197,-0.8928468227386475,red
dnn_5class_cw,33,2,2,1,3.894844854921675,0.9999783039093018,-0.005195294506847858,amber
dnn_5class_cw,34,1,1,1,29.827866231378195,0.9999337196350098,-0.024389557540416718,green
dnn_5class_cw,35,3,0,0,145.80723871345305,0.9998859167099,-0.031157780438661575,red
dnn_5class_cw,36,1,1,1,42.673542744646184,0.9999337196350098,-0.023677019402384758,green
dnn_5class_cw,37,1,1,1,37.7508780729963,0.9999337196350098,-0.007053285371512175,green
dnn_5class_cw,38,1,1,1,12.54300592275959,0.9864201545715332,-0.13918648660182953,green
dnn_5class_cw,39,2,2,1,5.395576388261182,0.9999783039093018,-0.01305412407964468,amber
dnn_5class_cw,40,0,0,1,8.869197208058228,0.9997984766960144,-0.13485442101955414,red
dnn_5class_cw,41,3,0,0,2.8813486310424046,0.9999337196350098,-0.020935364067554474,red
dnn_5class_cw,42,1,1,1,42.72191527342177,0.9999337196350098,-0.008770408108830452,green
dnn_5class_cw,43,2,0,0,1.3769154082259119,0.9940295219421388,-0.4687994718551636,red
dnn_5class_cw,44,2,2,1,0.7771211552523958,0.6548131704330444,-0.6196644902229309,amber
dnn_5class_cw,45,3,0,0,1.039539353709097,0.9997984766960144,-0.06994058936834335,red
dnn_5class_cw,46,1,1,1,53.12079281147696,0.9999337196350098,-0.0068428353406488895,green
dnn_5class_cw,47,1,1,1,117.26000440708827,0.9999337196350098,-0.023949310183525085,green
dnn_5class_cw,48,0,0,1,3.113854624616406,0.999798595905304,-0.11851726472377777,red
dnn_5class_cw,49,3,0,0,3.678652686456262,0.972818911075592,-0.7590084671974182,red
dnn_5class_cw,50,2,2,1,55.958926136141855,0.9999783039093018,-0.016049034893512726,amber
dnn_5class_cw,51,2,2,1,0.4764307522261564,0.6684557199478149,-0.6909734606742859,amber
dnn_5class_cw,52,3,0,0,2.502473833729125,0.9997984766960144,-0.09735199064016342,red
dnn_5class_cw,53,1,1,1,30.489036844561028,0.9999337196350098,-0.00485997786745429,green
dnn_5class_cw,54,2,2,1,0.4661758370091211,0.9999783039093018,-0.0033276122994720936,amber
dnn_5class_cw,55,3,0,0,2.345951887254269,0.9999337196350098,-0.15499494969844818,red
dnn_5class_cw,56,1,1,1,32.283261860802064,0.9999337196350098,-0.03556721284985542,green
dnn_5class_cw,57,0,0,1,35.49648013623536,0.999798595905304,-0.02671155519783497,red
dnn_5class_cw,58,2,2,1,1.7591405460069016,0.8904499411582947,-0.3269369304180145,amber
dnn_5class_cw,59,3,3,1,0.5583492911931448,0.627373456954956,-0.34504738450050354,green
dnn_5class_cw,60,0,0,1,15.188129810275564,0.9999337196350098,-0.09482463449239731,red
dnn_5class_cw,61,3,0,0,2.055299730114618,0.992277443408966,-0.7756027579307556,red
dnn_5class_cw,62,0,0,1,14.349564981967651,0.9999337196350098,-0.02908509224653244,red
dnn_5class_cw,63,0,0,1,16.055043727055494,0.9999337196350098,-0.03113720566034317,red
dnn_5class_cw,64,2,1,0,1.900189348374563,0.9978210926055908,-0.2212378978729248,green
dnn_5class_cw,65,0,0,1,108.27163647216688,0.9999337196350098,-0.01290702074766159,red
dnn_5class_cw,66,0,0,1,16.28112185754801,0.999798595905304,-0.04233529418706894,red
dnn_5class_cw,67,1,1,1,2.1038647028110327,0.9999337196350098,-0.08734337985515594,green
dnn_5class_cw,68,0,0,1,68.39482951299627,0.9997984766960144,-0.02257201448082924,red
dnn_5class_cw,69,0,0,1,25.344712126673915,0.9998154044151306,-0.048051781952381134,red
dnn_5class_cw,70,0,0,1,85.8093914255096,0.9999337196350098,-0.03265176713466644,red
dnn_5class_cw,71,2,2,1,124.25899873220571,0.9999783039093018,-0.020826496183872223,amber
dnn_5class_cw,72,0,0,1,5.311273611542196,0.9997984766960144,-0.10535737872123718,red
dnn_5class_cw,73,1,1,1,34.00488530108476,0.9999337196350098,-0.019615838304162025,green
dnn_5class_cw,74,3,3,1,0.5187650659414932,0.5127683281898499,-0.40583616495132446,green
dnn_5class_cw,75,4,0,0,1.6734970683370514,0.8675099611282349,-1.0531002283096313,red
dnn_5class_cw,76,3,0,0,58.73975394148585,0.9999337196350098,-0.06129095330834389,red
dnn_5class_cw,77,2,0,0,1.1269860200283877,0.9997966289520264,-0.6175124049186707,red
dnn_5class_cw,78,0,0,1,25.966264160293033,0.9999337196350098,-0.045542530715465546,red
dnn_5class_cw,79,0,0,1,58.55786995056329,0.9997984766960144,-0.04343239963054657,red
dnn_5class_cw,80,1,1,1,32.30504045170547,0.9999337196350098,-0.003413503523916006,green
dnn_5class_cw,81,2,2,1,22.13308166960523,0.9999783039093018,-0.09986649453639984,amber
dnn_5class_cw,82,1,1,1,88.75040658610993,0.9999337196350098,-0.022955870255827904,green
dnn_5class_cw,83,4,0,0,0.7213933834184233,0.6821992993354797,-0.5468575954437256,red
dnn_5class_cw,84,0,2,0,2.652325344789137,0.953696310520172,-0.16492022573947906,amber
dnn_5class_cw,85,1,1,1,30.800958416167102,0.9999337196350098,-0.014477331191301346,green
dnn_5class_cw,86,0,0,1,17966.950484829355,0.9997984766960144,-0.08228687942028046,red
dnn_5class_cw,87,1,0,0,5.1521210648271705,0.9670886397361756,-1.2620422840118408,red
dnn_5class_cw,88,0,0,1,71.9775417347049,0.999798595905304,-0.0811607763171196,red
dnn_5class_cw,89,1,1,1,40.94800552026052,0.9999337196350098,-0.013320332393050194,green
dnn_5class_cw,90,0,2,0,8.603434907661883,0.9931526184082032,-0.03839511424303055,amber
dnn_5class_cw,91,1,1,1,66.43537856706052,0.9999337196350098,-0.010406590066850185,green
dnn_5class_cw,92,0,0,1,49.41002547877324,0.9999337196350098,-0.028202660381793976,red
dnn_5class_cw,93,1,1,1,34.40484502084375,0.9999337196350098,-0.006566423457115889,green
dnn_5class_cw,94,4,0,0,1.5156847998829357,0.6068834066390991,-0.8327304720878601,red
dnn_5class_cw,95,4,0,0,3.0063956630853266,0.9637147188186646,-1.0739716291427612,red
dnn_5class_cw,96,1,1,1,87.2130665080078,0.9999337196350098,-0.02939961850643158,green
dnn_5class_cw,97,0,0,1,20.23036164579761,0.9999337196350098,-0.05842514708638191,red
dnn_5class_cw,98,0,0,1,11.00101751145461,0.9999337196350098,-0.01905682310461998,red
dnn_5class_cw,99,1,1,1,40.14090607953352,0.9999337196350098,-0.011314023286104202,green
dnn_5class_cw,100,3,0,0,4.155293912539958,0.5357110500335693,-0.6301791667938232,red
dnn_5class_cw,101,2,1,0,1.976469440099475,0.9864201545715332,-0.5312100052833557,green
dnn_5class_cw,102,2,0,0,1.119868837594635,0.8607290387153625,-1.3188178539276123,red
dnn_5class_cw,103,3,0,0,2.833699445622038,0.6756946444511414,-0.6990041732788086,red
dnn_5class_cw,104,0,0,1,2514.4784604752494,0.999798595905304,-0.04964897781610489,red
dnn_5class_cw,105,3,0,0,1.7701894802098987,0.9316152930259703,-1.2247529029846191,red
dnn_5class_cw,106,1,1,1,42.385508127308995,0.9999337196350098,-0.03778328001499176,green
dnn_5class_cw,107,2,0,0,0.7030113327825948,0.9102309942245485,-1.5106005668640137,red
dnn_5class_cw,108,2,0,0,0.6499425862532101,0.7796269655227661,-0.7340176701545715,red
dnn_5class_cw,109,4,0,0,10.45779375788462,0.9997979998588562,-0.2952450215816498,red
dnn_5class_cw,110,4,3,0,0.9312592176090414,0.985135555267334,-0.16022516787052155,green
dnn_5class_cw,111,0,0,1,1221.5958531099059,0.9997984766960144,-0.03998534753918648,red
dnn_5class_cw,112,3,0,0,41.89195261898397,0.9999337196350098,-0.022395240142941475,red
dnn_5class_cw,113,0,0,1,2.3797072783983158,0.999798595905304,-0.0750475823879242,red
dnn_5class_cw,114,2,0,0,1.037392956196567,0.9997960925102234,-0.5784657597541809,red
dnn_5class_cw,115,0,0,1,0.9798141916268777,0.7772817611694336,-0.8414120674133301,red
dnn_5class_cw,116,2,0,0,0.6134369500206842,0.7772811055183411,-0.9331821203231812,red
dnn_5class_cw,117,3,0,0,2.7682108350781784,0.5756707191467285,-0.6030402183532715,red
dnn_5class_cw,118,3,0,0,4.930551978025363,0.9922793507575988,-0.7084878087043762,red
dnn_5class_cw,119,2,2,1,1.726007180694627,0.8904499411582947,-0.37975606322288513,amber
dnn_5class_cw,120,1,1,1,50.96398809463424,0.9999337196350098,-0.0029512718319892883,green
dnn_5class_cw,121,3,0,0,20.59651051303736,0.9997984170913696,-0.21955475211143494,red
dnn_5class_cw,122,3,0,0,1.1803220304561737,0.9940273761749268,-0.7316128015518188,red
dnn_5class_cw,123,1,1,1,38.42026785065283,0.9999337196350098,-0.006728977430611849,green
dnn_5class_cw,124,2,0,0,0.529398523329716,0.6427487730979919,-0.9233204126358032,red
dnn_5class_cw,125,1,1,1,7.645254749341272,0.9999337196350098,-0.025737691670656204,green
dnn_5class_cw,126,1,1,1,1.258931823656632,0.9999337196350098,-0.009111394174396992,green
dnn_5class_cw,127,0,0,1,8.792260085040365,0.9999337196350098,-0.016858991235494614,red
dnn_5class_cw,128,0,0,1,8.272242054265021,0.9999337196350098,-0.06319607049226761,red
dnn_5class_cw,129,1,1,1,1.6260071527618443,0.8873243927955627,-0.5559640526771545,green
dnn_5class_cw,130,0,0,1,10.530083496292564,0.9999337196350098,-0.09626561403274536,red
dnn_5class_cw,131,1,1,1,19.438316387421153,0.9999337196350098,-0.06496092677116394,green
dnn_5class_cw,132,1,1,1,36.2556622406713,0.9999337196350098,-0.03487537056207657,green
dnn_5class_cw,133,1,1,1,141.5659331554464,0.9999337196350098,-0.0437316969037056,green
dnn_5class_cw,134,2,2,1,44.415829685732234,0.9999783039093018,-0.02759917825460434,amber
dnn_5class_cw,135,0,0,1,490.0034220450606,0.9997984766960144,-0.047139231115579605,red
dnn_5class_cw,136,4,3,0,1.0134152226003867,0.731959342956543,-0.20948854088783264,green
dnn_5class_cw,137,4,3,0,0.9326366126491756,0.7319594621658325,-0.2935657501220703,green
dnn_5class_cw,138,3,0,0,4.274055572787488,0.526383101940155,-0.5438220500946045,red
dnn_5class_cw,139,3,0,0,2.2888318889364054,0.9999337196350098,-0.12599140405654907,red
dnn_5class_cw,140,2,2,1,0.6488300239962748,0.9999783039093018,-0.013840727508068085,amber
dnn_5class_cw,141,2,2,1,2.2055631746037276,0.953696310520172,-0.09474804997444153,amber
dnn_5class_cw,142,3,0,0,42.57292616405532,0.9999337196350098,-0.07782640308141708,red
dnn_5class_cw,143,1,1,1,37.97457009128166,0.9999337196350098,-0.003865324193611741,green
dnn_5class_cw,144,2,2,1,0.5219705794341534,0.8224706649780273,-0.19746819138526917,amber
dnn_5class_cw,145,2,0,0,2.396137944220868,0.9825053811073304,-0.5729649066925049,red
dnn_5class_cw,146,0,0,1,7.17073159660386,0.9999337196350098,-0.07781873643398285,red
dnn_5class_cw,147,1,1,1,192.22519358883906,0.9999337196350098,-0.009146592579782009,green
dnn_5class_cw,148,0,0,1,4858.053499540934,0.9997984766960144,-0.07601447403430939,red
dnn_5class_cw,149,2,2,1,31.214105024350733,0.9999783039093018,-0.028404811397194862,amber
dnn_5class_cw,150,3,0,0,4.316382944274717,0.5264031291007996,-0.6746480464935303,red
dnn_5class_cw,151,2,2,1,0.7956657008663263,0.6183112263679504,-0.530550479888916,amber
dnn_5class_cw,152,2,2,1,0.4793967271049067,0.9549776911735536,-0.051468946039676666,amber
dnn_5class_cw,153,0,0,1,12.448686471825434,0.9999337196350098,-0.04571157321333885,red
dnn_5class_cw,154,0,0,1,88.00232032360984,0.9940294027328492,-0.3142603933811188,red
dnn_5class_cw,155,1,0,0,3.1869624413356052,0.9999337196350098,-0.0418909415602684,red
dnn_5class_cw,156,2,0,0,1.9999774957860972,0.9997984766960144,-0.1837240606546402,red
dnn_5class_cw,157,0,0,1,63287.85647404371,0.9997984766960144,-0.03770657256245613,red
dnn_5class_cw,158,1,0,0,9.228822917338588,0.9940294027328492,-0.3277352750301361,red
dnn_5class_cw,159,4,0,0,1.0998518202101162,0.8062423467636108,-1.0033249855041504,red
dnn_5class_cw,160,1,1,1,99.57155799037068,0.9999337196350098,-0.011462515220046043,green
dnn_5class_cw,161,2,2,1,4.851816742314382,0.9865758419036864,-0.10574876517057419,amber
dnn_5class_cw,162,0,0,1,99.83056755064042,0.9999337196350098,-0.06567337363958359,red
dnn_5class_cw,163,1,1,1,14.449817428670215,0.9999337196350098,-0.02748601883649826,green
dnn_5class_cw,164,2,2,1,2.392024630944757,0.986645519733429,-0.05965595319867134,amber
dnn_5class_cw,165,1,1,1,39.72897051748221,0.9999337196350098,-0.008521007373929024,green
dnn_5class_cw,166,2,0,0,0.7152761627750438,0.7119296193122864,-1.0605727434158325,red
dnn_5class_cw,167,3,0,0,3.776583109212632,0.9997984170913696,-0.1138230562210083,red
dnn_5class_cw,168,0,0,1,4159.972294492025,0.9997984766960144,-0.06270662695169449,red
dnn_5class_cw,169,0,0,1,525.9687638870187,0.9997984766960144,-0.05624070763587952,red
dnn_5class_cw,170,1,1,1,65.66671591887884,0.9999337196350098,-0.010945042595267296,green
dnn_5class_cw,171,2,2,1,57.219884077877076,0.9999783039093018,-0.005504242144525051,amber
dnn_5class_cw,172,2,1,0,1.581784071006501,0.9999337196350098,-0.04138823226094246,green
dnn_5class_cw,173,0,0,1,44.42975861749089,0.999798595905304,-0.07154284417629242,red
dnn_5class_cw,174,1,1,1,61.94915170460592,0.9999337196350098,-0.03876630216836929,green
dnn_5class_cw,175,2,1,0,1.262596158273914,0.9999337196350098,-0.03372945636510849,green
dnn_5class_cw,176,1,1,1,32.38044102823892,0.9999337196350098,-0.011161820031702518,green
dnn_5class_cw,177,3,0,0,1.8064405047069794,0.9877936244010924,-0.7615165710449219,red
dnn_5class_cw,178,0,0,1,133.6471487104573,0.9999337196350098,-0.021105777472257614,red
dnn_5class_cw,179,4,4,1,1.8949790198809022,0.8017416596412659,-0.2430115044116974,red
dnn_5class_cw,180,0,0,1,50.07139127680396,0.999798595905304,-0.09208262711763382,red
dnn_5class_cw,181,3,0,0,5.722767956471099,0.987654149532318,-0.7855271697044373,red
dnn_5class_cw,182,1,1,1,77.26081823549214,0.9999337196350098,-0.03275096416473389,green
dnn_5class_cw,183,1,1,1,64.33318128118384,0.9999337196350098,-0.028769589960575104,green
dnn_5class_cw,184,4,0,0,7.918187470610161,0.9997977614402772,-0.27638447284698486,red
dnn_5class_cw,185,1,1,1,68.92803776774227,0.9999337196350098,-0.011741233058273792,green
dnn_5class_cw,186,0,0,1,29.856262755197736,0.9860614538192748,-1.0246788263320923,red
dnn_5class_cw,187,0,0,1,9.284223232285452,0.9999337196350098,-0.030942406505346298,red
dnn_5class_cw,188,3,3,1,0.5937162226961313,0.6273737549781799,-0.32974928617477417,green
dnn_5class_cw,189,1,1,1,170.20340779110825,0.9999337196350098,-0.015126608312129974,green
dnn_5class_cw,190,0,0,1,11.646964187113316,0.999798595905304,-0.07296107709407806,red
dnn_5class_cw,191,4,0,0,3.5160934067882637,0.9997978806495668,-0.40048497915267944,red
dnn_5class_cw,192,1,1,1,16.116301652443536,0.9999337196350098,-0.0056830705143511295,green
dnn_5class_cw,193,3,0,0,2.603613491696479,0.9998130798339844,-0.11043471097946167,red
dnn_5class_cw,194,3,0,0,2.5834268680809322,0.9999337196350098,-0.11588923633098602,red
dnn_5class_cw,195,0,0,1,9.66439097776326,0.9999337196350098,-0.049533337354660034,red
dnn_5class_cw,196,2,1,0,1.8723392381440453,0.9978210926055908,-0.39787757396698,green
dnn_5class_cw,197,4,0,0,3.746349203000631,0.9997979998588562,-0.4462670683860779,red
dnn_5class_cw,198,3,0,0,73.11730434610683,0.999798595905304,-0.08155153691768646,red
dnn_5class_cw,199,4,0,0,0.8458752163805637,0.6574853658676147,-0.4603078067302704,red
dnn_5class_cw,200,1,1,1,93.52429167324931,0.9999337196350098,-0.007020492106676102,green
dnn_5class_cw,201,1,1,1,99.31279984940637,0.9999337196350098,-0.05396798625588417,green
dnn_5class_cw,202,2,2,1,0.5693372632598568,0.8754562139511108,-0.3168226182460785,amber
dnn_5class_cw,203,4,0,0,7.843338443366402,0.9997977614402772,-0.32989567518234253,red
dnn_5class_cw,204,0,0,1,61.346690968790845,0.9999337196350098,-0.01972769945859909,red
dnn_5class_cw,205,4,0,0,1.6724717463009382,0.839755654335022,-1.1472256183624268,red
dnn_5class_cw,206,2,1,0,1.873259576957006,0.9978210926055908,-0.4236030876636505,green
dnn_5class_cw,207,0,0,1,80109.39919863093,0.9997984766960144,-0.04628925025463104,red
dnn_5class_cw,208,2,2,1,0.7807692616120184,0.6183111667633057,-0.7285646796226501,amber
dnn_5class_cw,209,2,2,1,23.294655092495084,0.9999783039093018,-0.04297963157296181,amber
dnn_5class_cw,210,3,0,0,2.859874851320108,0.9997984766960144,-0.10757802426815033,red
dnn_5class_cw,211,1,0,0,9.269392620882305,0.999798595905304,-0.04315857216715813,red
dnn_5class_cw,212,1,1,1,64.31376652130965,0.9999337196350098,-0.013484410010278225,green
dnn_5class_cw,213,2,0,0,0.9564324128279605,0.9997915625572203,-0.8415001630783081,red
dnn_5class_cw,214,0,0,1,6.8309452435376095,0.9999337196350098,-0.02438831329345703,red
dnn_5class_cw,215,3,0,0,3.5246752957429024,0.99979829788208,-0.09834815561771393,red
dnn_5class_cw,216,3,0,0,3.721436897446621,0.9997984170913696,-0.11498725414276123,red
dnn_5class_cw,217,3,0,0,3.269591146059651,0.9999337196350098,-0.07587870210409164,red
dnn_5class_cw,218,3,0,0,2.8552726169121097,0.6730689406394958,-0.7149882316589355,red
dnn_5class_cw,219,1,1,1,40.95133685120647,0.9999337196350098,-0.016600817441940308,green
dnn_5class_cw,220,2,1,0,1.8567176340953122,0.952252209186554,-0.8337525725364685,green
dnn_5class_cw,221,1,1,1,103.09364237403257,0.9999337196350098,-0.0594695582985878,green
dnn_5class_cw,222,1,0,0,0.16080809262072535,0.6095279455184937,-0.9596958756446838,red
dnn_5class_cw,223,1,1,1,29.401864962740014,0.9999337196350098,-0.060492366552352905,green
dnn_5class_cw,224,1,0,0,1.184818205033557,0.8777128458023071,-0.8275710344314575,red
dnn_5class_cw,225,2,1,0,5.55465238354109,0.9999337196350098,-0.5121791362762451,green
dnn_5class_cw,226,2,0,0,1.290473376638126,0.9940295219421388,-0.4993729591369629,red
dnn_5class_cw,227,1,1,1,68.0314537042189,0.9999337196350098,-0.016390671953558922,green
dnn_5class_cw,228,3,0,0,0.5886683512356388,0.6749218106269836,-1.315237045288086,red
dnn_5class_cw,229,0,0,1,17.952341059644375,0.9997984766960144,-0.09185279905796051,red
dnn_5class_cw,230,2,2,1,2.3954073655684223,0.953696310520172,-0.10413859784603119,amber
dnn_5class_cw,231,1,1,1,6.871677029564909,0.9978210926055908,-0.18926556408405304,green
dnn_5class_cw,232,2,2,1,4.176336193189626,0.9978950023651124,-0.0370517335832119,amber
dnn_5class_cw,233,3,0,0,1.3965491608832254,0.9141070246696472,-1.3292505741119385,red
dnn_5class_cw,234,0,0,1,11.527031357755583,0.9999337196350098,-0.02581549435853958,red
dnn_5class_cw,235,3,0,0,2.8672278143164234,0.6723727583885193,-0.7323650121688843,red
dnn_5class_cw,236,1,1,1,2.502846474409763,0.9999337196350098,-0.06273162364959717,green
dnn_5class_cw,237,0,0,1,37.26448773354585,0.999798595905304,-0.03944607824087143,red
dnn_5class_cw,238,2,2,1,73.06923977920349,0.9810131192207336,-0.07331576198339462,amber
dnn_5class_cw,239,3,0,0,1.3014254449495735,0.8146564364433289,-1.469980001449585,red
dnn_5class_cw,240,1,1,1,111.70350027519119,0.9999337196350098,-0.021441170945763588,green
dnn_5class_cw,241,1,1,1,112.11422168928036,0.9999337196350098,-0.003716300241649151,green
dnn_5class_cw,242,4,0,0,1.098973260235372,0.8062539100646973,-0.9396567344665527,red
dnn_5class_cw,243,3,0,0,1.2028972085641831,0.777269721031189,-1.2563202381134033,red
dnn_5class_cw,244,1,1,1,119.94639224975575,0.9999337196350098,-0.030265264213085175,green
dnn_5class_cw,245,0,0,1,24.828688630057748,0.999798595905304,-0.03582579642534256,red
dnn_5class_cw,246,1,0,0,1.3458807573685359,0.9997983574867249,-0.46520286798477173,red
dnn_5class_cw,247,1,1,1,22.76685394757251,0.9999337196350098,-0.060972556471824646,green
dnn_5class_cw,248,3,0,0,3.283974460104595,0.9999337196350098,-0.07410544157028198,red
dnn_5class_cw,249,3,0,0,3.8881567384998075,0.9997984170913696,-0.101119264960289,red
dnn_5class_cw,250,3,0,0,3.4570899333947755,0.6448454856872559,-0.5375749468803406,red
dnn_5class_cw,251,0,0,1,14800.34750334456,0.9997984766960144,-0.0688142254948616,red
dnn_5class_cw,252,3,0,0,146.96079644419495,0.9999337196350098,-0.02860224060714245,red
dnn_5class_cw,253,1,0,0,1.2733264465484215,0.999793291091919,-0.8449019193649292,red
dnn_5class_cw,254,3,0,0,5.76384880133077,0.9876543283462524,-0.7873744964599609,red
dnn_5class_cw,255,1,0,0,4.252830498335819,0.9997984170913696,-0.09473799914121628,red
dnn_5class_cw,256,2,2,1,57.56826484124689,0.9999783039093018,-0.012669852934777737,amber
dnn_5class_cw,257,1,0,0,1.6155389015511816,0.9997979998588562,-0.2547811269760132,red
dnn_5class_cw,258,2,2,1,97.78013833855779,0.9999783039093018,-0.038535796105861664,amber
dnn_5class_cw,259,0,0,1,3.9629594277734115,0.9999337196350098,-0.07171143591403961,red
dnn_5class_cw,260,1,1,1,78.62231457092079,0.9999337196350098,-0.00441229110583663,green
dnn_5class_cw,261,4,0,0,0.6907882072118758,0.906112790107727,-0.9851348400115967,red
dnn_5class_cw,262,3,0,0,3.333524598433146,0.6483488082885742,-0.6923691034317017,red
dnn_5class_cw,263,0,4,0,1.9994009343665222,0.9119451642036438,-0.23500074446201324,red
dnn_5class_cw,264,4,0,0,1.2926646544421059,0.9664437174797058,-0.7412330508232117,red
dnn_5class_cw,265,3,0,0,2.475814528738789,0.9997984766960144,-0.07002678513526917,red
dnn_5class_cw,266,3,0,0,12.017698786635911,0.9997984766960144,-0.0874771997332573,red
dnn_5class_cw,267,0,0,1,138.9733791282094,0.999798595905304,-0.01705862209200859,red
dnn_5class_cw,268,1,1,1,45.254858032219765,0.9999337196350098,-0.007608203217387199,green
dnn_5class_cw,269,1,1,1,65.67322134364301,0.9999337196350098,-0.04225529730319977,green
dnn_5class_cw,270,0,0,1,4.907162360547256,0.9999337196350098,-0.02372271940112114,red
dnn_5class_cw,271,2,0,0,0.9258210758378882,0.9995113611221312,-0.9486504793167114,red
dnn_5class_cw,272,1,1,1,43.275277869500506,0.9999337196350098,-0.011031284928321838,green
dnn_5class_cw,273,0,0,1,0.9811168634302778,0.6753934621810913,-0.8473147749900818,red
dnn_5class_cw,274,3,0,0,2.1689397709660847,0.5077255368232727,-0.4355362057685852,red
dnn_5class_cw,275,0,0,1,392.3478956711679,0.9997984766960144,-0.12186991423368454,red
dnn_5class_cw,276,3,0,0,3.658118679426315,0.6336488723754883,-0.5837652087211609,red
dnn_5class_cw,277,0,0,1,5.485859990225386,0.9940286874771118,-0.3977559208869934,red
dnn_5class_cw,278,3,0,0,1.4703930795187665,0.9876503944396972,-0.8979414105415344,red
dnn_5class_cw,279,1,0,0,7.707895581549069,0.9997984766960144,-0.0725381001830101,red
dnn_5class_cw,280,1,1,1,45.759561817822664,0.9999337196350098,-0.005900078918784857,green
dnn_5class_cw,281,0,0,1,12767.773720419753,0.9999337196350098,-0.06976516544818878,red
dnn_5class_cw,282,3,0,0,1.8218759605632804,0.9925216436386108,-0.7047250866889954,red
dnn_5class_cw,283,3,0,0,5.830866455236357,0.987654149532318,-0.8148148059844971,red
dnn_5class_cw,284,0,0,1,23.88242167071943,0.9999337196350098,-0.01638960838317871,red
dnn_5class_cw,285,2,0,0,1.7682922466733488,0.9997984766960144,-0.33178699016571045,red
dnn_5class_cw,286,1,1,1,4.8822836003469945,0.8698756098747253,-0.5423858165740967,green
dnn_5class_cw,287,2,1,0,1.739145470748724,0.9999337196350098,-0.03923731669783592,green
dnn_5class_cw,288,0,0,1,11.028543067025112,0.9999337196350098,-0.04646956920623779,red
dnn_5class_cw,289,2,1,0,1.3366442903196487,0.9999337196350098,-0.154097780585289,green
dnn_5class_cw,290,3,0,0,2.409518649960852,0.999933660030365,-0.15293757617473602,red
dnn_5class_cw,291,3,0,0,2.5872828236977696,0.9999337196350098,-0.04843246564269066,red
dnn_5class_cw,292,3,0,0,84.12962150358254,0.9999337196350098,-0.020930176600813866,red
dnn_5class_cw,293,3,0,0,93.9734819541247,0.9997983574867249,-0.14895707368850708,red
dnn_5class_cw,294,3,0,0,43.824741267642274,0.9999164342880248,-0.03505449369549751,red
dnn_5class_cw,295,1,1,1,2.3306065161157417,0.7052225470542908,-0.9290171265602112,green
dnn_5class_cw,296,1,1,1,1.5023064478430688,0.7085176706314087,-0.5699275732040405,green
dnn_5class_cw,297,0,0,1,64.68206490638296,0.9997984766960144,-0.06438451260328293,red
dnn_5class_cw,298,0,0,1,12.840163750688683,0.9999337196350098,-0.020677894353866577,red
dnn_5class_cw,299,3,0,0,1.6487484530667262,0.9999337196350098,-0.023598002269864082,red
dnn_5class_cw,300,1,1,1,44.50497023919251,0.9999337196350098,-0.008705510757863522,green
dnn_5class_cw,301,0,0,1,66371.05195416554,0.9997984766960144,-0.06526542454957962,red
dnn_5class_cw,302,2,2,1,4.981359532839901,0.9999783039093018,-0.00503899808973074,amber
dnn_5class_cw,303,1,1,1,42.20131275014363,0.9999337196350098,-0.005319125019013882,green
dnn_5class_cw,304,1,1,1,22.335037783425175,0.9999337196350098,-0.03755199536681175,green
dnn_5class_cw,305,1,1,1,39.761639344224555,0.9999337196350098,-0.016162598505616188,green
dnn_5class_cw,306,2,2,1,2.0656606146773724,0.953696310520172,-0.18709075450897217,amber
dnn_5class_cw,307,3,3,1,1.2539846215330344,0.6273738145828247,-0.33866527676582336,green
dnn_5class_cw,308,2,2,1,3.924489780814376,0.9549776911735536,-0.10474671423435211,amber
dnn_5class_cw,309,4,0,0,1.0010032666133923,0.9663039445877076,-1.1643296480178833,red
dnn_5class_cw,310,0,0,1,52.83700889694589,0.9999337196350098,-0.01363320555537939,red
dnn_5class_cw,311,0,0,1,2432.6830845347376,0.999798595905304,-0.04793586581945419,red
dnn_5class_cw,312,2,2,1,36.97017322266763,0.9999783039093018,-0.009038303978741169,amber
dnn_5class_cw,313,2,2,1,59.969923608164954,0.9999783039093018,-0.016826294362545013,amber
dnn_5class_cw,314,1,1,1,31.554502298813897,0.9999337196350098,-0.028142867609858513,green
dnn_5class_cw,315,1,1,1,97.21986484406168,0.9999337196350098,-0.007520152721554041,green
dnn_5class_cw,316,0,0,1,13.38207618873195,0.999798595905304,-0.03432420268654823,red
dnn_5class_cw,317,3,0,0,5.00413974043837,0.9876485466957092,-0.8256977200508118,red
dnn_5class_cw,318,0,0,1,15.876965944676158,0.9999337196350098,-0.04142886400222778,red
dnn_5class_cw,319,3,0,0,3.070406242891853,0.9728190302848816,-0.769845724105835,red
dnn_5class_cw,320,3,0,0,2.598940441655635,0.9997984766960144,-0.06857514381408691,red
dnn_5class_cw,321,1,1,1,1.9072888778717787,0.952252209186554,-0.6233925223350525,green
dnn_5class_cw,322,3,0,0,2.8396547646631656,0.676849365234375,-0.5516730546951294,red
dnn_5class_cw,323,1,1,1,12.212521821546499,0.9999337196350098,-0.0697162076830864,green
dnn_5class_cw,324,1,1,1,173.4559193052717,0.9999337196350098,-0.009049369022250175,green
dnn_5class_cw,325,3,0,0,3.0904316491051245,0.6585993766784668,-0.6300528645515442,red
dnn_5class_cw,326,0,0,1,11.989133612392992,0.9997984766960144,-0.040949903428554535,red
dnn_5class_cw,327,1,2,0,0.4075825878801924,0.7136391997337341,-0.39419639110565186,amber
dnn_5class_cw,328,2,0,0,1.2364136253845157,0.9997974038124084,-0.36880725622177124,red
dnn_5class_cw,329,3,0,0,2.9597790744114763,0.6656728982925415,-0.640945315361023,red
dnn_5class_cw,330,2,2,1,85.59612719732627,0.9810131192207336,-0.07131927460432053,amber
dnn_5class_cw,331,3,0,0,3.8025829701117417,0.99979829788208,-0.2086390256881714,red
dnn_5class_cw,332,3,0,0,37.83053914294394,0.9999337196350098,-0.06689470261335373,red
dnn_5class_cw,333,2,2,1,85.23717599432095,0.9810131192207336,-0.09235077351331711,amber
dnn_5class_cw,334,0,0,1,12.220864723624082,0.999798595905304,-0.023316696286201477,red
dnn_5class_cw,335,2,2,1,73.06534755685213,0.9810131192207336,-0.11982059478759766,amber
dnn_5class_cw,336,3,0,0,4.231610052053022,0.5329418778419495,-0.4405078887939453,red
dnn_5class_cw,337,0,0,1,29.1648247527604,0.9997984766960144,-0.06001391261816025,red
dnn_5class_cw,338,2,2,1,163.58730588948745,0.9999783039093018,-0.009387467056512833,amber
dnn_5class_cw,339,0,0,1,56.17940467543389,0.999798595905304,-0.04877973347902298,red
dnn_5class_cw,340,1,1,1,49.90706538146247,0.9999337196350098,-0.017048723995685577,green
dnn_5class_cw,341,0,0,1,556.2954020097603,0.9997984766960144,-0.06102517619729042,red
dnn_5class_cw,342,3,0,0,1.121745718781857,0.9661788940429688,-0.9816395044326782,red
dnn_5class_cw,343,1,1,1,4.993974748027913,0.952252209186554,-0.34238898754119873,green
dnn_5class_cw,344,3,0,0,3.128726655360525,0.6568456888198853,-0.7244590520858765,red
dnn_5class_cw,345,0,0,1,12.844812053577291,0.9999337196350098,-0.03702566772699356,red
dnn_5class_cw,346,0,0,1,30.79257652337355,0.999798595905304,-0.037843331694602966,red
dnn_5class_cw,347,2,2,1,60.13203440009625,0.9999783039093018,-0.0041574775241315365,amber
dnn_5class_cw,348,0,0,1,50.92146700807225,0.9997984766960144,-0.14598245918750763,red
dnn_5class_cw,349,2,0,0,0.606540081773856,0.7772810459136963,-1.040486454963684,red
dnn_5class_cw,350,2,2,1,64.57568781711682,0.956904113292694,-0.13778382539749146,amber
dnn_5class_cw,351,0,0,1,14.650075041569716,0.999798595905304,-0.028611160814762115,red
dnn_5class_cw,352,0,0,1,36.1201416119453,0.9997984766960144,-0.03164367377758026,red
dnn_5class_cw,353,1,1,1,17.04472979462982,0.9999337196350098,-0.008698401972651482,green
dnn_5class_cw,354,3,0,0,63.918164870767995,0.9999337196350098,-0.04978099465370178,red
dnn_5class_cw,355,1,0,0,8.914565353192938,0.9940294027328492,-0.3952118456363678,red
dnn_5class_cw,356,1,1,1,90.04427589674206,0.9999337196350098,-0.012152345851063728,green
dnn_5class_cw,357,1,0,0,5.61272654521105,0.9662106037139891,-1.0297871828079224,red
dnn_5class_cw,358,0,0,1,29493.298969854164,0.9997984766960144,-0.04846043512225151,red
dnn_5class_cw,359,4,0,0,1.0993269485484118,0.6894311308860779,-0.7690004110336304,red
dnn_5class_cw,360,2,0,0,1.191001460627254,0.7772603631019592,-1.1810780763626099,red
dnn_5class_cw,361,2,2,1,0.5562476529757465,0.7136391997337341,-0.5850149989128113,amber
dnn_5class_cw,362,0,0,1,59.67727844559523,0.999798595905304,-0.05843125656247139,red
dnn_5class_cw,363,2,2,1,43.37577866458918,0.9999783039093018,-0.049288466572761536,amber
dnn_5class_cw,364,0,0,1,0.8954433508573215,0.8309714794158936,-1.0491876602172852,red
dnn_5class_cw,365,1,1,1,33.893247867643595,0.9999337196350098,-0.0225682333111763,green
dnn_5class_cw,366,0,1,0,10.530985954317748,0.9999337196350098,-0.008901627734303474,green
dnn_5class_cw,367,3,0,0,1.6145295649033506,0.966182291507721,-1.320858120918274,red
dnn_5class_cw,368,3,0,0,1.7917268763917427,0.9665382504463196,-1.1576542854309082,red
dnn_5class_cw,369,0,0,1,15.907321729180131,0.9997984766960144,-0.05934999883174896,red
dnn_5class_cw,370,3,0,0,6.074070850674785,0.9876542091369628,-0.7924907207489014,red
dnn_5class_cw,371,0,0,1,51.686858881532714,0.9999337196350098,-0.013277231715619564,red
dnn_5class_cw,372,1,1,1,30.401819630025138,0.9999337196350098,-0.02887417934834957,green
dnn_5class_cw,373,2,0,0,0.6037187787135493,0.7772806286811829,-1.0744953155517578,red
dnn_5class_cw,374,1,0,0,5.477671902862041,0.9997984766960144,-0.07856637984514236,red
dnn_5class_cw,375,3,0,0,3.5746719118856873,0.9997983574867249,-0.058754902333021164,red
dnn_5class_cw,376,0,0,1,8.089558065085113,0.9999337196350098,-0.047155801206827164,red
dnn_5class_cw,377,2,2,1,47.57677446098682,0.9999783039093018,-0.019572585821151733,amber
dnn_5class_cw,378,2,2,1,19.138778040388406,0.9978950023651124,-0.09196192771196365,amber
dnn_5class_cw,379,3,0,0,2.3134085883296494,0.9997984170913696,-0.11016052961349487,red
dnn_5class_cw,380,2,2,1,18.403403259070963,0.9978950023651124,-0.03342536836862564,amber
dnn_5class_cw,381,1,1,1,45.04987227525228,0.9999337196350098,-0.006383405067026615,green
dnn_5class_cw,382,0,0,1,79.57491452308678,0.9999337196350098,-0.03564115986227989,red
dnn_5class_cw,383,4,4,1,1.8915846491604766,0.8016856908798218,-0.4610910415649414,red
dnn_5class_cw,384,3,0,0,2.507242807317899,0.999933660030365,-0.13014432787895203,red
dnn_5class_cw,385,2,2,1,17.076824715438555,0.9978950023651124,-0.017497675493359566,amber
dnn_5class_cw,386,3,0,0,5.633303098522637,0.9926050305366516,-0.36458277702331543,red
dnn_5class_cw,387,2,2,1,1.6623932827746488,0.7136391997337341,-0.5091801285743713,amber
dnn_5class_cw,388,2,2,1,3.4051806859121543,0.9931526184082032,-0.07138164341449738,amber
dnn_5class_cw,389,2,2,1,5.314878316847496,0.9999783039093018,-0.019814446568489075,amber
dnn_5class_cw,390,4,0,0,0.9986915928549388,0.8062565326690674,-0.8647961616516113,red
dnn_5class_cw,391,1,1,1,67.1062890976422,0.9999337196350098,-0.003019849769771099,green
dnn_5class_cw,392,0,0,1,14.977304076819607,0.9999337196350098,-0.03203384578227997,red
dnn_5class_cw,393,1,1,1,109.71225232616673,0.9999337196350098,-0.006097294390201569,green
dnn_5class_cw,394,2,2,1,11.16800719042504,0.9978950023651124,-0.10453054308891296,amber
dnn_5class_cw,395,2,0,0,0.6180656834128692,0.7772812247276306,-0.9556179642677307,red
dnn_5class_cw,396,3,0,0,4.804695816598937,0.9876545071601868,-0.8076378703117371,red
dnn_5class_cw,397,0,0,1,32875.54210919039,0.9997984766960144,-0.070125512778759,red
dnn_5class_cw,398,1,1,1,86.92213994076052,0.9999337196350098,-0.010307986289262772,green
dnn_5class_cw,399,2,1,0,1.3186082043989211,0.9999337196350098,-0.1302526444196701,green
dnn_5class_cw,400,3,0,0,63.918164870767995,0.9999337196350098,-0.02895006537437439,red
dnn_5class_cw,401,4,0,0,0.677450371010673,0.7010067105293274,-1.088019609451294,red
dnn_5class_cw,402,0,0,1,22595.105036700264,0.9997984766960144,-0.05503418669104576,red
dnn_5class_cw,403,4,3,0,0.9798161072836643,0.9504284858703612,-0.22260744869709015,green
dnn_5class_cw,404,1,1,1,44.200180705455,0.9999337196350098,-0.020828085020184517,green
dnn_5class_cw,405,4,0,0,4.724156104584452,0.9997977018356324,-0.44983458518981934,red
dnn_5class_cw,406,0,0,1,2917.3661750283118,0.9997984766960144,-0.10106244683265686,red
dnn_5class_cw,407,2,2,1,73.06199935479638,0.9810131192207336,-0.12291954457759857,amber
dnn_5class_cw,408,1,1,1,45.8721201957751,0.9999337196350098,-0.0009770561009645462,green
dnn_5class_cw,409,1,1,1,38.98340661862762,0.9999337196350098,-0.051502566784620285,green
dnn_5class_cw,410,2,0,0,1.5959309934660668,0.9997984766960144,-0.34620264172554016,red
dnn_5class_cw,411,0,0,1,1044.0189037674743,0.9997984766960144,-0.043987926095724106,red
dnn_5class_cw,412,1,1,1,120.55054925699272,0.9999337196350098,-0.014448203146457672,green
dnn_5class_cw,413,0,0,1,21.79234151919248,0.9999337196350098,-0.03936571627855301,red
dnn_5class_cw,414,2,2,1,0.7315524275689813,0.8904499411582947,-0.14635159075260162,amber
dnn_5class_cw,415,3,0,0,0.9958797707242997,0.7772742509841919,-1.0381606817245483,red
dnn_5class_cw,416,0,0,1,9.309414949332606,0.9999337196350098,-0.056135792285203934,red
dnn_5class_cw,417,0,0,1,36.654830038964235,0.9999337196350098,-0.057590194046497345,red
dnn_5class_cw,418,3,0,0,6.223328129528486,0.992386519908905,-0.6121158003807068,red
dnn_5class_cw,419,3,0,0,4.123631657049054,0.5364974141120911,-0.7020744681358337,red
dnn_5class_cw,420,1,1,1,103.77412726500333,0.9999337196350098,-0.00851914007216692,green
dnn_5class_cw,421,4,0,0,0.9998831896597635,0.9876251816749572,-1.4187690019607544,red
dnn_5class_cw,422,2,2,1,0.4995529893004049,0.953696310520172,-0.2179197371006012,amber
dnn_5class_cw,423,2,0,0,1.9737649767222496,0.9997882843017578,-0.5389812588691711,red
dnn_5class_cw,424,3,0,0,2.9417298452798906,0.9925069212913512,-0.5155532360076904,red
dnn_5class_cw,425,0,0,1,23.550604564322988,0.9999337196350098,-0.037884071469306946,red
dnn_5class_cw,426,2,1,0,1.8906462394838077,0.9978210926055908,-0.19720302522182465,green
dnn_5class_cw,427,3,0,0,2.705446277389329,0.9999337196350098,-0.03967373073101044,red
dnn_5class_cw,428,0,0,1,44.821371931843174,0.9997984766960144,-0.04543179273605347,red
dnn_5class_cw,429,0,0,1,31.233031237107493,0.999798595905304,-0.03621775656938553,red
dnn_5class_cw,430,3,0,0,6.413927008053718,0.999797821044922,-0.3125547170639038,red
dnn_5class_cw,431,0,0,1,118.83687349502807,0.9997984766960144,-0.07486310601234436,red
dnn_5class_cw,432,1,0,0,1.4838238392340704,0.9997972846031188,-0.28929850459098816,red
dnn_5class_cw,433,1,0,0,1.6114395869737617,0.9997979402542114,-0.3067270815372467,red
dnn_5class_cw,434,3,0,0,92.67611505303606,0.999798595905304,-0.0992046669125557,red
dnn_5class_cw,435,4,0,0,4.708412969341768,0.9747711420059204,-1.129364252090454,red
dnn_5class_cw,436,3,0,0,2.5853399841362155,0.9998874068260192,-0.1056702584028244,red
dnn_5class_cw,437,2,2,1,0.3704764084276264,0.7136391997337341,-0.4447510838508606,amber
dnn_5class_cw,438,3,0,0,2.3729892242221124,0.9999337196350098,-0.05901434272527695,red
dnn_5class_cw,439,3,0,0,1.8216254139937444,0.9925216436386108,-0.6547531485557556,red
dnn_5class_cw,440,1,1,1,49.491103482303615,0.9999337196350098,-0.012987175956368446,green
dnn_5class_cw,441,0,0,1,30.773512458729595,0.999798595905304,-0.018963273614645004,red
dnn_5class_cw,442,0,0,1,5788.390796932792,0.9999337196350098,-0.012730426155030727,red
dnn_5class_cw,443,0,0,1,12.33755511292723,0.9997984766960144,-0.07449322938919067,red
dnn_5class_cw,444,1,1,1,38.80508494459768,0.9999337196350098,-0.018392067402601242,green
dnn_5class_cw,445,0,0,1,13.983961678367645,0.9999337196350098,-0.05211059749126434,red
dnn_5class_cw,446,1,1,1,1.8055140652173483,0.8873243927955627,-0.8369330167770386,green
dnn_5class_cw,447,1,1,1,51.59549911248084,0.9999337196350098,-0.054913271218538284,green
dnn_5class_cw,448,2,0,0,1.3955536452278907,0.9952934980392456,-0.48115116357803345,red
dnn_5class_cw,449,2,2,1,163.55873319638422,0.9999783039093018,-0.03532200679183006,amber
dnn_5class_cw,450,0,0,1,13.222391774852895,0.9997984766960144,-0.1052069291472435,red
dnn_5class_cw,451,0,0,1,50.16258775013434,0.999798595905304,-0.032208263874053955,red
dnn_5class_cw,452,0,0,1,64.29625618881977,0.9999337196350098,-0.023431532084941864,red
dnn_5class_cw,453,3,0,0,1.8272239104098074,0.9925249218940736,-0.744081437587738,red
dnn_5class_cw,454,3,0,0,5.614979677720214,0.999798595905304,-0.049373406916856766,red
dnn_5class_cw,455,0,0,1,99.8060971430963,0.9999337196350098,-0.0417497381567955,red
dnn_5class_cw,456,0,0,1,4.654487148158586,0.9999337196350098,-0.05048125982284546,red
dnn_5class_cw,457,3,0,0,5.44671940890107,0.9923831224441528,-0.6338024735450745,red
dnn_5class_cw,458,1,0,0,1.613065334364212,0.9997979402542114,-0.3137771785259247,red
dnn_5class_cw,459,0,0,1,20.091051814544148,0.999798595905304,-0.05712214484810829,red
dnn_5class_cw,460,0,0,1,20.716220337491134,0.9999337196350098,-0.030702954158186913,red
dnn_5class_cw,461,2,1,0,1.9602995875608353,0.8085259795188904,-0.8550722599029541,green
dnn_5class_cw,462,2,2,1,40.02472970752638,0.9999783039093018,-0.01622612774372101,amber
dnn_5class_cw,463,0,0,1,39.39097904353941,0.999798595905304,-0.12076976895332336,red
dnn_5class_cw,464,2,2,1,163.5716176878372,0.9999783039093018,-0.019806427881121635,amber
dnn_5class_cw,465,0,0,1,42.36542314461221,0.9999337196350098,-0.052824974060058594,red
dnn_5class_cw,466,0,0,1,50.86139947581195,0.9999337196350098,-0.046654969453811646,red
dnn_5class_cw,467,1,1,1,2.4439894866993894,0.8873243927955627,-0.593108057975769,green
dnn_5class_cw,468,3,0,0,3.137967608268416,0.9999337196350098,-0.10980834066867828,red
dnn_5class_cw,469,0,0,1,4.862410645270841,0.9997984766960144,-0.204415962100029,red
dnn_5class_cw,470,0,0,1,19.36897681841341,0.999798595905304,-0.036955926567316055,red
dnn_5class_cw,471,3,0,0,2.5597950541726027,0.999797821044922,-0.42494523525238037,red
dnn_5class_cw,472,0,0,1,7.584565418120361,0.9999337196350098,-0.02208697982132435,red
dnn_5class_cw,473,0,0,1,6.5027845743969195,0.9999337196350098,-0.03003816306591034,red
dnn_5class_cw,474,0,0,1,34.96942390625306,0.9999337196350098,-0.01814442127943039,red
dnn_5class_cw,475,2,2,1,11.812761706423897,0.9999783039093018,-0.040904074907302856,amber
dnn_5class_cw,476,0,0,1,36283.82407262128,0.9997984766960144,-0.10734894126653671,red
dnn_5class_cw,477,1,0,0,6.054312387370711,0.9997984170913696,-0.2490120232105255,red
dnn_5class_cw,478,2,2,1,63.53662326667156,0.9999783039093018,-0.016975870355963707,amber
dnn_5class_cw,479,3,0,0,3.071445823007619,0.9997984766960144,-0.09613598883152008,red
dnn_5class_cw,480,4,4,1,1.7721643363573565,0.5423873662948608,-0.5125868320465088,red
dnn_5class_cw,481,3,3,1,1.1014087362237561,0.7319592237472534,-0.2922302484512329,green
dnn_5class_cw,482,1,1,1,28.02187587627946,0.9978210926055908,-0.10280825942754745,green
dnn_5class_cw,483,0,0,1,127.89144312733444,0.999798595905304,-0.06580282747745514,red
dnn_5class_cw,484,2,2,1,32.4047990716203,0.9999783039093018,-0.016999751329421997,amber
dnn_5class_cw,485,2,2,1,76.12974479012748,0.9999783039093018,-0.04036734625697136,amber
dnn_5class_cw,486,3,0,0,2.963293685507155,0.9997984766960144,-0.09592209756374359,red
dnn_5class_cw,487,0,0,1,25.702262499808064,0.999798595905304,-0.03923112154006958,red
dnn_5class_cw,488,0,2,0,5.750239800445532,0.986645519733429,-0.07789918780326843,amber
dnn_5class_cw,489,1,1,1,39.51219072013108,0.9999337196350098,-0.02627723291516304,green
dnn_5class_cw,490,3,3,1,0.8453069228982445,0.7319595813751221,-0.22023627161979675,green
dnn_5class_cw,491,2,2,1,7.468988440072354,0.9999783039093018,-0.05646849423646927,amber
dnn_5class_cw,492,1,1,1,121.91907638390013,0.9999337196350098,-0.0044400435872375965,green
dnn_5class_cw,493,2,2,1,6.171135426509102,0.9978950023651124,-0.051466140896081924,amber
dnn_5class_cw,494,4,0,0,0.9999307200048106,0.9728000164031982,-1.4701628684997559,red
dnn_5class_cw,495,3,0,0,1.825598110820833,0.9924198985099792,-0.7712979316711426,red
dnn_5class_cw,496,0,0,1,5.770979958071995,0.9999337196350098,-0.017017045989632607,red
dnn_5class_cw,497,4,0,0,0.999289634716083,0.507728636264801,-0.6226717233657837,red
dnn_5class_cw,498,3,3,1,2.1530035079488,0.6273715496063232,-0.3829839527606964,green
dnn_5class_cw,499,1,1,1,104.68487474352722,0.9999337196350098,-0.012354815378785133,green
dnn_5class_cw,500,0,0,1,48.64723322963095,0.999798595905304,-0.050581641495227814,red
dnn_5class_cw,501,0,0,1,3.578481943537347,0.992431342601776,-0.7143833637237549,red
dnn_5class_cw,502,0,0,1,66.52993088272486,0.9997984766960144,-0.026912428438663483,red
dnn_5class_cw,503,0,0,1,12.13783102154401,0.9997984766960144,-0.059203989803791046,red
dnn_5class_cw,504,3,0,0,1.4729959243660027,0.9133250713348388,-1.4217534065246582,red
dnn_5class_cw,505,0,0,1,13.604447783849443,0.9999337196350098,-0.01617174968123436,red
dnn_5class_cw,506,0,0,1,18.34164811488638,0.9999337196350098,-0.0278154369443655,red
dnn_5class_cw,507,2,2,1,28.899469194285604,0.9999783039093018,-0.004632781259715557,amber
dnn_5class_cw,508,1,1,1,1.806707194796082,0.952252209186554,-0.5452646613121033,green
dnn_5class_cw,509,0,0,1,16.47630494926775,0.9999337196350098,-0.021002160385251045,red
dnn_5class_cw,510,0,0,1,88490.21207890814,0.9997984766960144,-0.054504379630088806,red
dnn_5class_cw,511,1,1,1,104.62142699869004,0.9999337196350098,-0.015739062801003456,green
dnn_5class_cw,512,3,0,0,2.3992229083252994,0.9997984170913696,-0.037405312061309814,red
dnn_5class_cw,513,3,0,0,2.833699445622038,0.6756944060325623,-0.7647852301597595,red
dnn_5class_cw,514,0,0,1,8.05386927348557,0.9999337196350098,-0.017656777054071426,red
dnn_5class_cw,515,1,1,1,86.30674407240174,0.9999337196350098,-0.0023268028162419796,green
dnn_5class_cw,516,3,0,0,2.9662496781183223,0.9999337196350098,-0.06404556334018707,red
dnn_5class_cw,517,2,0,0,0.7493243342123213,0.5363014340400696,-0.8580577969551086,red
dnn_5class_cw,518,1,1,1,48.550016369735566,0.9999337196350098,-0.0069805653765797615,green
dnn_5class_cw,519,2,2,1,16.213726338973846,0.9999783039093018,-0.013664763420820236,amber
dnn_5class_cw,520,3,0,0,1.4357399295924635,0.9925247430801392,-0.5838215947151184,red
dnn_5class_cw,521,1,1,1,131.24765568926097,0.9999337196350098,-0.013536486774682999,green
dnn_5class_cw,522,4,0,0,4.664533832374475,0.974786937236786,-1.147227168083191,red
dnn_5class_cw,523,3,0,0,3.8561293215669203,0.9876533150672911,-0.8109557628631592,red
dnn_5class_cw,524,3,0,0,146.96069366203437,0.9999337196350098,-0.02192218042910099,red
dnn_5class_cw,525,2,2,1,24.00064551633209,0.9999783039093018,-0.0075448364950716496,amber
dnn_5class_cw,526,2,2,1,0.7718658500899015,0.6183112263679504,-0.779071569442749,amber
dnn_5class_cw,527,1,1,1,115.43014705786359,0.9999337196350098,-0.012582225725054741,green
dnn_5class_cw,528,2,2,1,0.9369303166862211,0.9999783039093018,-0.025225739926099777,amber
dnn_5class_cw,529,4,0,0,2.8656499880167234,0.99979829788208,-0.18613749742507935,red
dnn_5class_cw,530,2,0,0,1.1900406713908995,0.7172955274581909,-0.7880613803863525,red
dnn_5class_cw,531,2,0,0,1.649536935319319,0.9997984766960144,-0.37651777267456055,red
dnn_5class_cw,532,1,1,1,1.3422450317321117,0.9999337196350098,-0.03625057265162468,green
dnn_5class_cw,533,2,2,1,39.759631198985964,0.9999783039093018,-0.017152506858110428,amber
dnn_5class_cw,534,3,0,0,2.2888320420066344,0.9999337196350098,-0.11578862369060516,red
dnn_5class_cw,535,0,0,1,39.090977068099,0.9997984766960144,-0.12001081556081772,red
dnn_5class_cw,536,2,2,1,0.4838711716060195,0.9865758419036864,-0.08568386733531952,amber
dnn_5class_cw,537,3,0,0,3.6755289888642557,0.972818911075592,-0.75806725025177,red
dnn_5class_cw,538,1,1,1,18.430096408702184,0.9999337196350098,-0.018085084855556488,green
dnn_5class_cw,539,0,0,1,19.95502624796185,0.9999337196350098,-0.031023655086755753,red
dnn_5class_cw,540,4,4,1,1.6531180357101791,0.6906324625015259,-0.45694559812545776,red
dnn_5class_cw,541,2,2,1,85.27364594419576,0.9810131192207336,-0.15979555249214172,amber
dnn_5class_cw,542,0,0,1,7.097148524100948,0.9999337196350098,-0.025858111679553986,red
dnn_5class_cw,543,1,1,1,20.82838781559052,0.9999337196350098,-0.04175005108118057,green
dnn_5class_cw,544,1,1,1,58.80183683970838,0.9999337196350098,-0.005530215799808502,green
dnn_5class_cw,545,1,1,1,124.42192641002569,0.9999337196350098,-0.033024974167346954,green
dnn_5class_cw,546,1,0,0,5.641050976906945,0.966210126876831,-1.0666595697402954,red
dnn_5class_cw,547,3,0,0,6.438099377818699,0.9997981190681458,-0.2897905707359314,red
dnn_5class_cw,548,3,0,0,2.345951332253393,0.9999337196350098,-0.07765930891036987,red
dnn_5class_cw,549,3,0,0,2.3461131887380784,0.9999337196350098,-0.08180773258209229,red
dnn_5class_cw,550,1,1,1,33.44617420901266,0.9999337196350098,-0.002644306980073452,green
dnn_5class_cw,551,2,2,1,0.5828277489784188,0.9931526184082032,-0.054128099232912064,amber
dnn_5class_cw,552,0,0,1,12.90823828242367,0.9999337196350098,-0.024975541979074478,red
dnn_5class_cw,553,2,2,1,0.5746371211031441,0.8903390169143677,-0.3101613223552704,amber
dnn_5class_cw,554,0,0,1,11.63357858845465,0.9998340606689452,-0.0317843034863472,red
dnn_5class_cw,555,2,0,0,1.014523133037032,0.999796986579895,-0.8001289367675781,red
dnn_5class_cw,556,3,0,0,2.4599526938844933,0.9997984766960144,-0.16463293135166168,red
dnn_5class_cw,557,1,0,0,5.36392571861191,0.8352698683738708,-1.1508729457855225,red
dnn_5class_cw,558,0,0,1,42.618385514634994,0.9999337196350098,-0.03389507159590721,red
dnn_5class_cw,559,0,0,1,8136.08080860753,0.9999337196350098,-0.03232136368751526,red
dnn_5class_cw,560,0,0,1,9.612988541073017,0.999798595905304,-0.05600462108850479,red
dnn_5class_cw,561,0,0,1,19.41111728600609,0.999798595905304,-0.04152226448059082,red
dnn_5class_cw,562,3,0,0,1.4262651739949659,0.9145358800888062,-1.372607946395874,red
dnn_5class_cw,563,2,2,1,38.17486632464552,0.9999783039093018,-0.006331592798233032,amber
dnn_5class_cw,564,3,0,0,83.03868117811713,0.9999337196350098,-0.04105501249432564,red
dnn_5class_cw,565,1,1,1,169.7681075411272,0.9999337196350098,-0.10770152509212494,green
dnn_5class_cw,566,3,0,0,3.225745454992277,0.9999337196350098,-0.0752381980419159,red
dnn_5class_cw,567,0,0,1,1188.9539767052393,0.999798595905304,-0.03352142125368118,red
dnn_5class_cw,568,0,0,1,31.53262558704824,0.999798595905304,-0.04033839702606201,red
dnn_5class_cw,569,1,1,1,103.9504696891553,0.9999337196350098,-0.037996888160705566,green
dnn_5class_cw,570,2,2,1,0.7686691881485738,0.6183111667633057,-0.8653495907783508,amber
dnn_5class_cw,571,2,1,0,5.54971588499187,0.9999337196350098,-0.34737735986709595,green
dnn_5class_cw,572,2,2,1,14.733621025047027,0.9999783039093018,-0.005772286094725132,amber
dnn_5class_cw,573,3,0,0,3.3488253575035305,0.9999337196350098,-0.07711856067180634,red
dnn_5class_cw,574,4,0,0,4.540486169575551,0.9865148067474364,-1.0521535873413086,red
dnn_5class_cw,575,1,0,0,1.6260558543432597,0.999798059463501,-0.23000064492225647,red
dnn_5class_cw,576,0,0,1,21.78222731569501,0.999798595905304,-0.0970919281244278,red
dnn_5class_cw,577,0,0,1,15.264330867360663,0.9999337196350098,-0.027306459844112396,red
dnn_5class_cw,578,4,0,0,3.320548155125283,0.9997959136962892,-0.9790142774581909,red
dnn_5class_cw,579,4,0,0,0.9984352374504945,0.6894311904907227,-0.7049358487129211,red
dnn_5class_cw,580,2,2,1,47.79935860410427,0.9999783039093018,-0.04882669821381569,amber
dnn_5class_cw,581,0,0,1,8.769116771697655,0.9997983574867249,-0.16386444866657257,red
dnn_5class_cw,582,1,0,0,1.3672396635983788,0.9997982382774352,-0.5111867785453796,red
dnn_5class_cw,583,4,0,0,0.6891288137091482,0.9078983068466188,-1.0570573806762695,red
dnn_5class_cw,584,1,1,1,17.638820406435148,0.9999337196350098,-0.06496299803256989,green
dnn_5class_cw,585,2,1,0,0.8625287862206841,0.7085173726081848,-0.7704017162322998,green
dnn_5class_cw,586,3,0,0,8.477928006996402,0.9997981786727904,-0.5000053644180298,red
dnn_5class_cw,587,0,0,1,3.2773184601997563,0.9997984766960144,-0.05355069786310196,red
dnn_5class_cw,588,4,0,0,1.5545567839387273,0.9997984766960144,-0.026369348168373108,red
dnn_5class_cw,589,3,0,0,2.844389610940224,0.9999337196350098,-0.05192174017429352,red
dnn_5class_cw,590,2,2,1,47.193839785110136,0.9999783039093018,-0.015564339235424995,amber
dnn_5class_cw,591,3,3,1,0.45760587316659657,0.985135555267334,-0.2349741905927658,green
dnn_5class_cw,592,1,1,1,58.080166278536424,0.9999337196350098,-0.0023254123516380787,green
dnn_5class_cw,593,3,0,0,1.8141116944507198,0.9877936840057372,-0.7651922106742859,red
dnn_5class_cw,594,2,2,1,4.182181718661724,0.9978950023651124,-0.11333678662776947,amber
dnn_5class_cw,595,2,2,1,0.5466179371390826,0.8224707841873169,-0.6153727769851685,amber
dnn_5class_cw,596,0,0,1,21.752671848468957,0.9997984766960144,-0.07461363822221756,red
dnn_5class_cw,597,4,4,1,1.7092802309719684,0.5475051403045654,-0.510597825050354,red
dnn_5class_cw,598,3,0,0,146.21591677137604,0.9999256134033204,-0.067018523812294,red
dnn_5class_cw,599,0,0,1,3.020904932110982,0.9999337196350098,-0.02154477685689926,red
dnn_5class_cw,600,2,2,1,26.124119827582977,0.9999783039093018,-0.0317796915769577,amber
dnn_5class_cw,601,2,2,1,48.506442296046,0.9999783039093018,-0.03269575536251068,amber
dnn_5class_cw,602,2,2,1,73.09951580801105,0.9810131192207336,-0.11508573591709137,amber
dnn_5class_cw,603,1,1,1,51.94852215287827,0.9999337196350098,-0.014981075190007687,green
dnn_5class_cw,604,1,1,1,41.9005996933487,0.9999337196350098,-0.030605144798755646,green
dnn_5class_cw,605,1,1,1,78.71269902912606,0.9999337196350098,-0.017135409638285637,green
dnn_5class_cw,606,0,0,1,9.754754595548391,0.9999337196350098,-0.029928289353847504,red
dnn_5class_cw,607,2,2,1,3.8426905118252312,0.9978950023651124,-0.057477518916130066,amber
dnn_5class_cw,608,1,0,0,5.407188455903696,0.835271418094635,-1.0637741088867188,red
dnn_5class_cw,609,0,0,1,10.901776790806151,0.99402916431427,-0.274833083152771,red
dnn_5class_cw,610,1,1,1,45.831462916216424,0.9999337196350098,-0.016370324417948723,green
dnn_5class_cw,611,1,1,1,47.19991801232743,0.9999337196350098,-0.024299219250679016,green
dnn_5class_cw,612,2,2,1,177.5055031552731,0.9999783039093018,-0.012553267180919647,amber
dnn_5class_cw,613,0,0,1,11.358871049266591,0.9999337196350098,-0.019273480400443077,red
dnn_5class_cw,614,2,2,1,0.5299639870282988,0.9204400181770324,-0.5315306186676025,amber
dnn_5class_cw,615,0,0,1,15.299793564363878,0.9999337196350098,-0.01906190998852253,red
dnn_5class_cw,616,2,2,1,0.5692881415108522,0.8754562139511108,-0.37784066796302795,amber
dnn_5class_cw,617,1,1,1,20.77353824098466,0.9999337196350098,-0.07001407444477081,green
dnn_5class_cw,618,0,0,1,40893.327261345876,0.9997984766960144,-0.04759399965405464,red
dnn_5class_cw,619,1,1,1,11.744774664103538,0.9999337196350098,-0.002979655284434557,green
dnn_5class_cw,620,2,1,0,1.9005765010422366,0.9999337196350098,-0.09830781817436218,green
dnn_5class_cw,621,0,2,0,2.7405190765969767,0.953696310520172,-0.17899778485298157,amber
dnn_5class_cw,622,1,1,1,36.003542409827396,0.9999337196350098,-0.006140423938632011,green
dnn_5class_cw,623,3,0,0,3.0867164661543613,0.987653374671936,-0.769014835357666,red
dnn_5class_cw,624,4,0,0,0.7332561420850021,0.677721381187439,-0.7663486003875732,red
dnn_5class_cw,625,2,0,0,0.6005913730563216,0.7772807478904724,-1.1591389179229736,red
dnn_5class_cw,626,3,3,1,0.7401145230508103,0.8277873992919922,-0.19297829270362854,green
dnn_5class_cw,627,2,2,1,31.31164471972404,0.9999783039093018,-0.014290162362158298,amber
dnn_5class_cw,628,1,1,1,47.001048932776115,0.9999337196350098,-0.019524963572621346,green
dnn_5class_cw,629,0,0,1,22.722281488513644,0.999798595905304,-0.10040409862995148,red
dnn_5class_cw,630,1,1,1,1.9291347931481742,0.9999337196350098,-0.018415195867419243,green
dnn_5class_cw,631,3,0,0,2.3141418395809468,0.9999337196350098,-0.13875113427639008,red
dnn_5class_cw,632,1,1,1,234.26012028157845,0.9999337196350098,-0.006699387449771166,green
dnn_5class_cw,633,1,0,0,1.2604266953698313,0.999793291091919,-0.704689621925354,red
dnn_5class_cw,634,2,1,0,5.986075633015827,0.9999337196350098,-0.3654506206512451,green
dnn_5class_cw,635,2,2,1,21.944441844348557,0.9978950023651124,-0.06484019011259079,amber
dnn_5class_cw,636,3,0,0,3.4680865193828914,0.9999337196350098,-0.02269459143280983,red
dnn_5class_cw,637,0,0,1,0.9772505242945061,0.7772817611694336,-0.7907077074050903,red
dnn_5class_cw,638,0,0,1,43.83632823343181,0.999798595905304,-0.05217185616493225,red
dnn_5class_cw,639,1,1,1,1.958533860949406,0.952252209186554,-0.4026649594306946,green
dnn_5class_cw,640,3,0,0,3.8751961348300457,0.9997984170913696,-0.09918014705181122,red
dnn_5class_cw,641,2,2,1,29.849604829113563,0.9999783039093018,-0.012821322306990623,amber
dnn_5class_cw,642,1,1,1,1.7691945155979998,0.9522522687911988,-0.4389469027519226,green
dnn_5class_cw,643,1,1,1,54.63626859258812,0.9999337196350098,-0.0073807090520858765,green
dnn_5class_cw,644,1,1,1,51.07912973236209,0.9999337196350098,-0.01146275456994772,green
dnn_5class_cw,645,2,2,1,3.1429296682846917,0.9549776911735536,-0.1859692484140396,amber
dnn_5class_cw,646,0,0,1,15.254547518882998,0.9999337196350098,-0.028409920632839203,red
dnn_5class_cw,647,0,0,1,164.9635133772805,0.9999337196350098,-0.0408630333840847,red
dnn_5class_cw,648,0,0,1,713.2355276711148,0.9997984766960144,-0.06381654739379883,red
dnn_5class_cw,649,1,1,1,45.355092248076005,0.9999337196350098,-0.011620795354247093,green
dnn_5class_cw,650,3,0,0,5.7918320786284,0.9876543283462524,-0.7522758841514587,red
dnn_5class_cw,651,1,1,1,2.0331837244971127,0.9999337196350098,-0.005673721898347139,green
dnn_5class_cw,652,0,0,1,85444.9024594415,0.9997984766960144,-0.027022238820791245,red
dnn_5class_cw,653,1,1,1,2.5443915194329247,0.9999337196350098,-0.0807071402668953,green
dnn_5class_cw,654,3,0,0,3.158769283991999,0.9999337196350098,-0.08209186792373657,red
dnn_5class_cw,655,1,1,1,42.0456033968406,0.9999337196350098,-0.0036904208827763796,green
dnn_5class_cw,656,2,1,0,0.8590246224291006,0.872079610824585,-0.7622655630111694,green
dnn_5class_cw,657,3,3,1,1.2577875721768372,0.7187148928642273,-0.24216610193252563,green
dnn_5class_cw,658,3,0,0,1.8220063313287176,0.9925216436386108,-0.7024034857749939,red
dnn_5class_cw,659,4,4,1,1.9020219787281278,0.8006384968757629,-0.32038748264312744,red
dnn_5class_cw,660,3,0,0,146.88813825147392,0.9999184608459472,-0.03498046472668648,red
dnn_5class_cw,661,3,0,0,1.826992693334085,0.9925249218940736,-0.7283813953399658,red
dnn_5class_cw,662,3,0,0,1.6624589785146007,0.9620437026023864,-0.8136724233627319,red
dnn_5class_cw,663,2,2,1,2.512742217462972,0.9205585718154908,-0.15661756694316864,amber
dnn_5class_cw,664,4,0,0,0.7710375525443206,0.8459253311157227,-0.7905260324478149,red
dnn_5class_cw,665,0,0,1,8.228459245360574,0.9999337196350098,-0.03225301578640938,red
dnn_5class_cw,666,1,1,1,1.1854347331296224,0.9999337196350098,-0.022325102239847183,green
dnn_5class_cw,667,0,0,1,4.06073533776481,0.9997984766960144,-0.10351546108722687,red
dnn_5class_cw,668,0,0,1,3.521527868556795,0.9997984766960144,-0.06198733299970627,red
dnn_5class_cw,669,0,0,1,26.579279970056604,0.999798595905304,-0.020510630682110786,red
dnn_5class_cw,670,2,2,1,2.039777234641636,0.9999783039093018,-0.007789715193212032,amber
dnn_5class_cw,671,3,0,0,4.168967656792045,0.5283575654029846,-0.6129096150398254,red
dnn_5class_cw,672,0,0,1,19.5403256139464,0.999798595905304,-0.06599853932857513,red
dnn_5class_cw,673,3,0,0,4.93517699097452,0.99979829788208,-0.16443048417568207,red
dnn_5class_cw,674,2,2,1,0.4920722018539463,0.9205585718154908,-0.19300764799118042,amber
dnn_5class_cw,675,0,0,1,160.90795023334738,0.9999337196350098,-0.09654121100902557,red
dnn_5class_cw,676,0,0,1,998.2144230922823,0.9997984766960144,-0.05992826819419861,red
dnn_5class_cw,677,3,0,0,146.96069366203437,0.9999337196350098,-0.041764333844184875,red
dnn_5class_cw,678,2,2,1,0.38790794919584465,0.7136391997337341,-0.5109204053878784,amber
dnn_5class_cw,679,0,0,1,17.726238886273002,0.9997984766960144,-0.06344291567802429,red
dnn_5class_cw,680,0,0,1,25.526446924805697,0.9997984766960144,-0.07397447526454926,red
dnn_5class_cw,681,2,2,1,19.67475269990494,0.9978950023651124,-0.030663134530186653,amber
dnn_5class_cw,682,1,1,1,51.49094596689758,0.9999337196350098,-0.01822797767817974,green
dnn_5class_cw,683,2,0,0,2.4282077019410755,0.9997984766960144,-0.21924467384815216,red
dnn_5class_cw,684,1,1,1,42.92546074596857,0.9999337196350098,-0.02567528933286667,green
dnn_5class_cw,685,3,0,0,5.679659554977732,0.9876543283462524,-0.7908400297164917,red
dnn_5class_cw,686,3,0,0,2.310128685880585,0.9999337196350098,-0.08453668653964996,red
dnn_5class_cw,687,0,0,1,130.2029614102119,0.9999337196350098,-0.04781243950128555,red
dnn_5class_cw,688,4,0,0,0.9998631592455886,0.9876320362091064,-1.500913381576538,red
dnn_5class_cw,689,0,0,1,12.139212106331088,0.9999337196350098,-0.03982098773121834,red
dnn_5class_cw,690,2,2,1,38.362506608892936,0.9999783039093018,-0.017243007197976112,amber
dnn_5class_cw,691,2,0,0,0.6023954992901329,0.7772805690765381,-1.0274267196655273,red
dnn_5class_cw,692,0,0,1,11.91790281852182,0.9999337196350098,-0.0282355435192585,red
dnn_5class_cw,693,1,0,0,1.5998152773567598,0.999798059463501,-0.13673125207424164,red
dnn_5class_cw,694,1,1,1,33.09487311099611,0.9999337196350098,-0.005823114421218634,green
dnn_5class_cw,695,3,0,0,2.5661407182475715,0.9997983574867249,-0.264655202627182,red
dnn_5class_cw,696,0,0,1,0.8883448282595718,0.5363016128540039,-0.6207664012908936,red
dnn_5class_cw,697,1,1,1,1.6779753118981842,0.8873243927955627,-0.7120186686515808,green
dnn_5class_cw,698,2,0,0,0.6464724607227427,0.9940289258956908,-0.7405759692192078,red
dnn_5class_cw,699,0,0,1,4.0185707700701725,0.9997983574867249,-0.137091726064682,red
dnn_5class_cw,700,4,3,0,0.8071537636395905,0.7319595813751221,-0.24438998103141785,green
dnn_5class_cw,701,0,0,1,127.54369560189,0.999798595905304,-0.05892513319849968,red
dnn_5class_cw,702,1,1,1,41.57878354031285,0.9999337196350098,-0.010875190608203411,green
dnn_5class_cw,703,2,2,1,0.3881431859151113,0.7136391997337341,-0.3505345284938812,amber
dnn_5class_cw,704,1,1,1,27.492536322531183,0.9999337196350098,-0.018183588981628418,green
dnn_5class_cw,705,0,0,1,5059.127779704491,0.9997984766960144,-0.115775927901268,red
dnn_5class_cw,706,2,2,1,0.9548079557661093,0.8224707841873169,-0.2280968725681305,amber
dnn_5class_cw,707,0,0,1,15.042724582479062,0.9997984766960144,-0.06986860185861588,red
dnn_5class_cw,708,3,0,0,50.127608426658895,0.9999337196350098,-0.06755535304546356,red
dnn_5class_cw,709,2,2,1,24.238495757430552,0.9999783039093018,-0.0794246643781662,amber
dnn_5class_cw,710,2,2,1,28.973451888606142,0.9999783039093018,-0.02182161994278431,amber
dnn_5class_cw,711,0,0,1,8.891771124057158,0.9997984766960144,-0.05911124870181084,red
dnn_5class_cw,712,3,0,0,2.908017604369757,0.9999337196350098,-0.07222835719585419,red
dnn_5class_cw,713,2,2,1,12.74204787303005,0.9999783039093018,-0.014264509081840515,amber
dnn_5class_cw,714,2,2,1,85.25327897585568,0.9810131192207336,-0.08168601989746094,amber
dnn_5class_cw,715,2,2,1,4.808202609719808,0.9999783039093018,-0.03786773234605789,amber
dnn_5class_cw,716,3,0,0,2.4436190805172044,0.999933660030365,-0.0632525384426117,red
dnn_5class_cw,717,0,0,1,3113.4501294506886,0.9997984766960144,-0.07225558906793594,red
dnn_5class_cw,718,3,0,0,3.002257967574271,0.9997979998588562,-0.4477238953113556,red
dnn_5class_cw,719,2,2,1,55.357671537512005,0.9999783039093018,-0.013044782914221287,amber
dnn_5class_cw,720,2,1,0,1.4426559855087764,0.9999337196350098,-0.05759410560131073,green
dnn_5class_cw,721,0,0,1,2.827625937237533,0.992379903793335,-0.7404358983039856,red
dnn_5class_cw,722,0,0,1,49.48254788060761,0.999798595905304,-0.025893080979585648,red
dnn_5class_cw,723,0,0,1,34.96067405862249,0.9999337196350098,-0.08383158594369888,red
dnn_5class_cw,724,0,0,1,99.59513707489879,0.9999337196350098,-0.016489464789628983,red
dnn_5class_cw,725,0,0,1,5086.813925123565,0.9997984766960144,-0.05271424353122711,red
dnn_5class_cw,726,3,0,0,2.4857415021021545,0.999933660030365,-0.07758508622646332,red
dnn_5class_cw,727,2,2,1,2.8934576959468505,0.9549776911735536,-0.14174987375736237,amber
dnn_5class_cw,728,1,1,1,41.29799729994475,0.9999337196350098,-0.020907236263155937,green
dnn_5class_cw,729,1,1,1,1.8500677245044572,0.9182010293006896,-0.4537728726863861,green
dnn_5class_cw,730,2,0,0,0.6332422976758152,0.7172957062721252,-0.8127143979072571,red
dnn_5class_cw,731,3,0,0,83.03873734405538,0.9999337196350098,-0.08519093692302704,red
dnn_5class_cw,732,1,1,1,46.58379349847762,0.9999337196350098,-0.005916396155953407,green
dnn_5class_cw,733,0,0,1,0.9825826706043828,0.7772817611694336,-0.8759153485298157,red
dnn_5class_cw,734,1,1,1,68.68322465361366,0.9999337196350098,-0.002393950242549181,green
dnn_5class_cw,735,1,1,1,1.0544565352304538,0.5576004385948181,-0.7714884877204895,green
dnn_5class_cw,736,1,0,0,2.0483309323180605,0.9997975826263428,-0.30111342668533325,red
dnn_5class_cw,737,1,1,1,1.5906396320121758,0.9798034429550172,-0.6084258556365967,green
dnn_5class_cw,738,3,0,0,2.3729892540533273,0.9999337196350098,-0.17905904352664948,red
dnn_5class_cw,739,0,0,1,0.9797039232178979,0.7494496703147888,-0.8041535019874573,red
dnn_5class_cw,740,3,0,0,2.0065694731318433,0.9165707230567932,-1.0295616388320923,red
dnn_5class_cw,741,0,0,1,47104.20476939877,0.9997984766960144,-0.09920698404312134,red
dnn_5class_cw,742,2,2,1,0.9998780841632322,0.9999783039093018,-0.4049948453903198,amber
dnn_5class_cw,743,2,2,1,27.92974456717267,0.9999783039093018,-0.02482490986585617,amber
dnn_5class_cw,744,3,0,0,2.3140373934918594,0.9999337196350098,-0.0760563388466835,red
dnn_5class_cw,745,2,2,1,50.17925686725484,0.9999783039093018,-0.03228381276130676,amber
dnn_5class_cw,746,1,1,1,1.7889819818453239,0.8873243927955627,-0.6779590249061584,green
dnn_5class_cw,747,0,0,1,43.3093089466926,0.9999337196350098,-0.06184947490692139,red
dnn_5class_cw,748,2,1,0,1.3255361410277262,0.9999337196350098,-0.21067631244659424,green
dnn_5class_cw,749,2,2,1,12.697023193103497,0.9978950023651124,-0.04201031103730202,amber
dnn_5class_cw,750,0,0,1,11.482956470142822,0.9997984766960144,-0.12373005598783493,red
dnn_5class_cw,751,2,2,1,11.957998954845092,0.9931526184082032,-0.04075019434094429,amber
dnn_5class_cw,752,0,0,1,8.632856624718794,0.9997979998588562,-0.31168878078460693,red
dnn_5class_cw,753,2,1,0,0.8727910980643538,0.7085164189338684,-0.8998372554779053,green
dnn_5class_cw,754,3,0,0,6.186544829156901,0.992386519908905,-0.5999358892440796,red
dnn_5class_cw,755,1,1,1,1.7740527848283034,0.9522522687911988,-0.4346610903739929,green
dnn_5class_cw,756,0,1,0,2.7589396789450813,0.9999337196350098,-0.025265421718358994,green
dnn_5class_cw,757,1,0,0,5.39760475841215,0.8352711200714111,-1.1573081016540527,red
dnn_5class_cw,758,0,0,1,20.90499565042853,0.9999337196350098,-0.010207976214587688,red
dnn_5class_cw,759,1,1,1,48.00456399202405,0.9999337196350098,-0.011833657510578632,green
dnn_5class_cw,760,3,0,0,2.4390661861133927,0.999933660030365,-0.1384989321231842,red
dnn_5class_cw,761,0,0,1,13.928529495543769,0.999798595905304,-0.018877722322940826,red
dnn_5class_cw,762,0,0,1,15.37375713056172,0.9999337196350098,-0.02331213839352131,red
dnn_5class_cw,763,3,0,0,2.4949180008592844,0.9997984766960144,-0.06921519339084625,red
dnn_5class_cw,764,0,0,1,29582.325907305814,0.9997984766960144,-0.06637344509363174,red
dnn_5class_cw,765,3,3,1,1.2564500502784708,0.6273736953735352,-0.26242128014564514,green
dnn_5class_cw,766,2,0,0,1.2460553233340912,0.7410860061645508,-0.731092095375061,red
dnn_5class_cw,767,0,0,1,96.57901319959625,0.9999337196350098,-0.1331499218940735,red
dnn_5class_cw,768,0,0,1,33.767599272036215,0.9999337196350098,-0.042245302349328995,red
dnn_5class_cw,769,2,2,1,103.53303605251642,0.9810131192207336,-0.13235880434513092,amber
dnn_5class_cw,770,1,1,1,43.18035597496453,0.9999337196350098,-0.003672619815915823,green
dnn_5class_cw,771,0,2,0,3.092135795301433,0.953696310520172,-0.15878160297870636,amber
dnn_5class_cw,772,1,1,1,11.338963368855689,0.9999337196350098,-0.0007005016668699682,green
dnn_5class_cw,773,1,1,1,45.655563970343344,0.9999337196350098,-0.049633823335170746,green
dnn_5class_cw,774,3,0,0,1.4196238827769256,0.9045645594596864,-1.3823051452636719,red
dnn_5class_cw,775,3,0,0,6.133114038935127,0.9925073981285096,-0.5384225845336914,red
dnn_5class_cw,776,3,0,0,2.50318696135555,0.9997979998588562,-0.1968805491924286,red
dnn_5class_cw,777,4,0,0,1.567608914056024,0.5134663581848145,-0.5856032371520996,red
dnn_5class_cw,778,1,0,0,1.599721517790452,0.9997981190681458,-0.19758020341396332,red
dnn_5class_cw,779,0,0,1,19.265889757473097,0.9999337196350098,-0.02473234385251999,red
dnn_5class_cw,780,0,0,1,669.4896034904497,0.999798595905304,-0.09136884659528732,red
dnn_5class_cw,781,0,0,1,58.70886278098105,0.9997984766960144,-0.035759132355451584,red
dnn_5class_cw,782,0,0,1,50.14377060142063,0.999798595905304,-0.04039571434259415,red
dnn_5class_cw,783,1,1,1,47.87558735531105,0.9999337196350098,-0.021758949384093285,green
dnn_5class_cw,784,1,1,1,1.9758301685635202,0.8085264563560486,-0.7066506743431091,green
dnn_5class_cw,785,0,0,1,12.102382069427854,0.999798595905304,-0.06576152890920639,red
dnn_5class_cw,786,3,0,0,2.7447036161071137,0.9997976422309875,-0.4049411416053772,red
dnn_5class_cw,787,1,0,0,1.602763189651698,0.9997978806495668,-0.21133607625961304,red
dnn_5class_cw,788,1,1,1,113.8860648215231,0.9999337196350098,-0.02262164279818535,green
dnn_5class_cw,789,4,0,0,21.70172708080716,0.9852009415626526,-1.0358405113220215,red
dnn_5class_cw,790,0,0,1,10.734084064092238,0.9999337196350098,-0.01915750652551651,red
dnn_5class_cw,791,0,0,1,15.588002690403478,0.999798595905304,-0.05910450965166092,red
dnn_5class_cw,792,1,1,1,27.633425675477856,0.9999337196350098,-0.027739286422729492,green
dnn_5class_cw,793,2,1,0,1.3989164304096298,0.9999337196350098,-0.19596092402935028,green
dnn_5class_cw,794,1,1,1,1.556675791711332,0.9798034429550172,-0.39550772309303284,green
dnn_5class_cw,795,2,0,0,0.7106339156198945,0.99979829788208,-0.42704424262046814,red
dnn_5class_cw,796,2,0,0,1.3244516305572995,0.7172949910163879,-0.9479855298995972,red
dnn_5class_cw,797,1,1,1,117.12460399656473,0.9999337196350098,-0.0015921728918328881,green
dnn_5class_cw,798,1,1,1,11.881701405911162,0.9978210926055908,-0.01495242677628994,green
dnn_5class_cw,799,3,0,0,2.5940819703249836,0.9997977614402772,-0.4561961591243744,red
dnn_5class_cw,800,2,1,0,5.775306906023606,0.9999337196350098,-0.6456782221794128,green
dnn_5class_cw,801,2,2,1,12.992991673081404,0.9978950023651124,-0.017125552520155907,amber
dnn_5class_cw,802,0,0,1,12.397485516674402,0.9997984766960144,-0.038215767592191696,red
dnn_5class_cw,803,0,0,1,188.02066048069057,0.9999337196350098,-0.03493950143456459,red
dnn_5class_cw,804,1,1,1,53.29279555344612,0.9999337196350098,-0.0015101094031706452,green
dnn_5class_cw,805,3,0,0,3.403415813270885,0.9997984766960144,-0.0687359869480133,red
dnn_5class_cw,806,3,0,0,1.3628422650690815,0.9924339652061462,-0.649933934211731,red
dnn_5class_cw,807,2,0,0,0.5062704068648829,0.8730588555335999,-1.2557852268218994,red
dnn_5class_cw,808,3,0,0,1.8233258719677041,0.9924198389053344,-0.7653554677963257,red
dnn_5class_cw,809,4,4,1,1.7565491325173386,0.8008187413215637,-0.2733592391014099,red
dnn_5class_cw,810,0,0,1,3.5090463353738235,0.9997984766960144,-0.07972109317779541,red
dnn_5class_cw,811,4,0,0,4.51623870203669,0.9997983574867249,-0.2192428708076477,red
dnn_5class_cw,812,2,2,1,0.6407236882002353,0.6970854997634888,-0.414598286151886,amber
dnn_5class_cw,813,0,0,1,28.937393675756457,0.9997984766960144,-0.025414712727069855,red
dnn_5class_cw,814,1,1,1,32.322502883467145,0.9999337196350098,-0.0427008792757988,green
dnn_5class_cw,815,1,1,1,98.01761500912578,0.9999337196350098,-0.018202032893896103,green
dnn_5class_cw,816,1,1,1,43.83161061825154,0.9999337196350098,-0.006331897806376219,green
dnn_5class_cw,817,2,2,1,82.83494996401245,0.9999783039093018,-0.00905144214630127,amber
dnn_5class_cw,818,1,1,1,44.39293303531547,0.9999337196350098,-0.01240068580955267,green
dnn_5class_cw,819,0,0,1,20.95496111138886,0.9999337196350098,-0.06556108593940735,red
dnn_5class_cw,820,3,0,0,2.3768168748279352,0.9997970461845398,-0.3919035494327545,red
dnn_5class_cw,821,4,0,0,9.261796263323388,0.999797821044922,-0.2689952850341797,red
dnn_5class_cw,822,1,1,1,42.24046515041164,0.9999337196350098,-0.009753436781466007,green
dnn_5class_cw,823,3,0,0,84.12962150358254,0.9999337196350098,-0.04456524923443794,red
dnn_5class_cw,824,1,1,1,38.09470365894053,0.9999337196350098,-0.0333954319357872,green
dnn_5class_cw,825,1,1,1,172.5696625775958,0.9999337196350098,-0.005537575110793114,green
dnn_5class_cw,826,0,0,1,58.048061532763136,0.9999337196350098,-0.04293658584356308,red
dnn_5class_cw,827,1,1,1,47.483352326959874,0.9999337196350098,-0.005130871664732695,green
dnn_5class_cw,828,2,2,1,11.888674589306541,0.9978950023651124,-0.03909681737422943,amber
dnn_5class_cw,829,2,2,1,12.062908985203201,0.9999783039093018,-0.04182235151529312,amber
dnn_5class_cw,830,3,0,0,48.33392150377275,0.9999337196350098,-0.07353334873914719,red
dnn_5class_cw,831,3,3,1,1.5531768226606224,0.6273732781410217,-0.43604961037635803,green
dnn_5class_cw,832,1,1,1,78.33451415454357,0.9999337196350098,-0.008999058045446873,green
dnn_5class_cw,833,2,2,1,0.3814783440594075,0.6625678539276123,-0.5632131099700928,amber
dnn_5class_cw,834,1,1,1,137.8544402722199,0.9999337196350098,-0.009390837512910366,green
dnn_5class_cw,835,2,2,1,48.316282163213565,0.9999783039093018,-0.028382470831274986,amber
dnn_5class_cw,836,1,1,1,23.640048878138327,0.9999337196350098,-0.020598217844963074,green
dnn_5class_cw,837,4,0,0,0.9985999878136077,0.6894322633743286,-0.6929671764373779,red
dnn_5class_cw,838,3,0,0,2.502473790918937,0.9997984766960144,-0.09036749601364136,red
dnn_5class_cw,839,3,0,0,4.884841229170163,0.9999337196350098,-0.06544691324234009,red
dnn_5class_cw,840,0,0,1,13.629279687879187,0.9999337196350098,-0.03239725902676582,red
dnn_5class_cw,841,0,0,1,6292.150624156654,0.9997984766960144,-0.10215434432029724,red
dnn_5class_cw,842,3,0,0,2.8859092645971445,0.6711943745613098,-0.715886116027832,red
dnn_5class_cw,843,0,2,0,1.8364699034290408,0.6183112859725952,-0.5514091849327087,amber
dnn_5class_cw,844,1,1,1,87.9779080767264,0.9999337196350098,-0.016456348821520805,green
dnn_5class_cw,845,3,0,0,11.866569553836582,0.99979829788208,-0.12887802720069885,red
dnn_5class_cw,846,0,0,1,3.8062221311694673,0.9997984170913696,-0.16241174936294556,red
dnn_5class_cw,847,1,1,1,41.32967793097237,0.9999337196350098,-0.014075970277190208,green
dnn_5class_cw,848,1,1,1,33.33799391919472,0.9999337196350098,-0.019739806652069092,green
dnn_5class_cw,849,4,0,0,0.6830739802863706,0.9323800206184388,-1.042675495147705,red
dnn_5class_cw,850,2,0,0,1.176316735671095,0.6094434261322021,-1.0290156602859497,red
dnn_5class_cw,851,1,0,0,2.2572114972063444,0.9997959733009338,-0.36431556940078735,red
dnn_5class_cw,852,0,0,1,17.233345941777227,0.9997984766960144,-0.13051073253154755,red
dnn_5class_cw,853,1,1,1,1.968824009828531,0.9999337196350098,-0.04453976824879646,green
dnn_5class_cw,854,2,0,0,0.5998511743923662,0.7772805690765381,-1.075468897819519,red
dnn_5class_cw,855,3,0,0,1.8249989834249618,0.9925249218940736,-0.7086105942726135,red
dnn_5class_cw,856,1,1,1,43.77297672729924,0.9999337196350098,-0.0035183050204068422,green
dnn_5class_cw,857,0,0,1,35.85232536001948,0.9997984766960144,-0.07673097401857376,red
dnn_5class_cw,858,3,0,0,2.5475608310094717,0.999797821044922,-0.5371151566505432,red
dnn_5class_cw,859,3,0,0,4.007291115401905,0.6018272042274475,-0.5421419739723206,red
dnn_5class_cw,860,3,0,0,3.9736603745231758,0.6029605269432068,-0.6160193681716919,red
dnn_5class_cw,861,1,0,0,9.495505775828303,0.9940294027328492,-0.26606500148773193,red
dnn_5class_cw,862,1,0,0,4.072848488790873,0.9997984170913696,-0.1441536247730255,red
dnn_5class_cw,863,1,0,0,1.58160782694992,0.9997977018356324,-0.2682344615459442,red
dnn_5class_cw,864,2,2,1,73.27240712206485,0.9810131192207336,-0.09108349680900574,amber
dnn_5class_cw,865,4,0,0,1.8018056973440555,0.9997983574867249,-0.17877009510993958,red
dnn_5class_cw,866,3,0,0,3.066043601765869,0.6597198247909546,-0.7930493950843811,red
dnn_5class_cw,867,3,0,0,25.755973634108308,0.999798595905304,-0.09375081956386566,red
dnn_5class_cw,868,3,0,0,0.6858833940881844,0.6753932237625122,-0.5848416090011597,red
dnn_5class_cw,869,4,0,0,4.331018967096035,0.9997983574867249,-0.19716399908065796,red
dnn_5class_cw,870,2,2,1,48.626578926097885,0.9999783039093018,-0.017919465899467468,amber
dnn_5class_cw,871,3,0,0,76.4196874454423,0.9999337196350098,-0.052961647510528564,red
dnn_5class_cw,872,2,2,1,10.644440976256,0.9999783039093018,-0.025385303422808647,amber
dnn_5class_cw,873,2,2,1,74.21161788560029,0.9999783039093018,-0.013082683086395264,amber
dnn_5class_cw,874,1,1,1,73.76072902929214,0.9999337196350098,-0.013648699969053268,green
dnn_5class_cw,875,1,1,1,25.56155624301397,0.9999337196350098,-0.0041897594928741455,green
dnn_5class_cw,876,0,0,1,11.571189325250272,0.9999337196350098,-0.047552160918712616,red
dnn_5class_cw,877,0,0,1,48.43757223598215,0.9999337196350098,-0.06521125882863998,red
dnn_5class_cw,878,3,0,0,24.230914800375984,0.9997984766960144,-0.051578838378190994,red
dnn_5class_cw,879,2,2,1,0.4634792806606577,0.8903390169143677,-0.27112630009651184,amber
dnn_5class_cw,880,1,1,1,28.486795979078185,0.9999337196350098,-0.012233901768922806,green
dnn_5class_cw,881,4,0,0,1.367766132800834,0.9997982382774352,-0.46799585223197937,red
dnn_5class_cw,882,0,0,1,99.8645214922029,0.999798595905304,-0.04403582960367203,red
dnn_5class_cw,883,2,2,1,40.50323845253409,0.9999783039093018,-0.02847648598253727,amber
dnn_5class_cw,884,3,0,0,3.9546017749038986,0.6049988269805908,-0.6490116119384766,red
dnn_5class_cw,885,0,0,1,17.642688976541695,0.999798595905304,-0.09141780436038971,red
dnn_5class_cw,886,1,1,1,1.5317730402243368,0.9798034429550172,-0.35862845182418823,green
dnn_5class_cw,887,3,0,0,56.109223313503854,0.9999337196350098,-0.046941373497247696,red
dnn_5class_cw,888,2,2,1,2.9897616796969446,0.9810131192207336,-0.14326858520507812,amber
dnn_5class_cw,889,0,0,1,82.85488578604064,0.9999337196350098,-0.010285205207765102,red
dnn_5class_cw,890,2,2,1,19.473823121129286,0.9978950023651124,-0.05856284499168396,amber
dnn_5class_cw,891,0,0,1,1.2402501725195063,0.926081359386444,-1.2445685863494873,red
dnn_5class_cw,892,1,1,1,32.36476359561403,0.9999337196350098,-0.05972977727651596,green
dnn_5class_cw,893,3,0,0,2.8335358794480037,0.6770755648612976,-0.6093910932540894,red
dnn_5class_cw,894,4,4,1,1.6392279710288153,0.5548712015151978,-0.5466558337211609,red
dnn_5class_cw,895,0,0,1,13.717290891081916,0.9999337196350098,-0.02592654712498188,red
dnn_5class_cw,896,0,0,1,158.03729343197557,0.9999337196350098,-0.030879151076078415,red
dnn_5class_cw,897,1,1,1,22.42365299587963,0.9999337196350098,-0.0118553526699543,green
dnn_5class_cw,898,3,0,0,1.6388008948521031,0.9603015184402466,-1.1699298620224,red
dnn_5class_cw,899,0,0,1,64.23056115855427,0.9997984766960144,-0.05508451163768768,red
dnn_5class_cw,900,1,1,1,2.0492350033015687,0.9999337196350098,-0.009030645713210106,green
dnn_5class_cw,901,1,0,0,5.620810583417633,0.962045967578888,-0.854521632194519,red
dnn_5class_cw,902,2,2,1,42.398937120045446,0.9999783039093018,-0.010117669589817524,amber
dnn_5class_cw,903,0,0,1,48.39148289433136,0.9999337196350098,-0.058689381927251816,red
dnn_5class_cw,904,1,1,1,49.86148217446996,0.9999337196350098,-0.007245441898703575,green
dnn_5class_cw,905,2,0,0,1.3772654079908233,0.977468490600586,-1.3245394229888916,red
dnn_5class_cw,906,1,1,1,35.681467941000754,0.9999337196350098,-0.013398214243352413,green
dnn_5class_cw,907,1,1,1,13.436940091939853,0.9978210926055908,-0.08435015380382538,green
dnn_5class_cw,908,2,0,0,0.9136840720011477,0.9997914433479308,-0.6919776797294617,red
dnn_5class_cw,909,2,2,1,3.318417587531809,0.9865758419036864,-0.09565189480781555,amber
dnn_5class_cw,910,2,2,1,68.96954762422382,0.9978950023651124,-0.023946523666381836,amber
dnn_5class_cw,911,4,0,0,1.40217867225897,0.926827609539032,-0.8600924611091614,red
dnn_5class_cw,912,1,1,1,2.857277625670138,0.8085264563560486,-0.9895460605621338,green
dnn_5class_cw,913,1,1,1,4.046930170795866,0.6173179149627686,-0.7120851874351501,green
dnn_5class_cw,914,0,0,1,19.331182668864646,0.9999337196350098,-0.05034015700221062,red
dnn_5class_cw,915,2,2,1,15.18848604975671,0.9999783039093018,-0.010597054846584797,amber
dnn_5class_cw,916,4,0,0,1.232734675494176,0.9346890449523926,-1.41737699508667,red
dnn_5class_cw,917,0,0,1,0.7206246254681552,0.5434218049049377,-0.6900346279144287,red
dnn_5class_cw,918,0,0,1,90.21692430000171,0.9999337196350098,-0.03976752609014511,red
dnn_5class_cw,919,1,1,1,41.83570967979459,0.9999337196350098,-0.006212614942342043,green
dnn_5class_cw,920,3,0,0,1.4335984310871914,0.9825561046600342,-1.4743006229400635,red
dnn_5class_cw,921,1,1,1,0.5481325690863176,0.9978210926055908,-0.18392930924892426,green
dnn_5class_cw,922,1,1,1,2.3788934029211224,0.5223775506019592,-1.0805459022521973,green
dnn_5class_cw,923,3,0,0,5.500578417157118,0.9837349057197572,-1.0291006565093994,red
dnn_5class_cw,924,3,0,0,2.2335849072962928,0.9871292114257812,-1.2726902961730957,red
dnn_5class_cw,925,1,0,0,5.270778137954519,0.962035596370697,-1.2466398477554321,red
dnn_5class_cw,926,3,0,0,2.8672278143164234,0.6723727583885193,-0.6925654411315918,red
dnn_5class_cw,927,3,0,0,2.1569264717896446,0.5077254772186279,-0.33874812722206116,red
dnn_5class_cw,928,1,1,1,43.695892552764896,0.9999337196350098,-0.015176123008131981,green
dnn_5class_cw,929,3,0,0,2.3141418395809468,0.9999337196350098,-0.09231199324131012,red
dnn_5class_cw,930,1,1,1,125.36157114789745,0.9999337196350098,-0.031667932868003845,green
dnn_5class_cw,931,0,0,1,14.420781383793152,0.9997984170913696,-0.09277833253145218,red
dnn_5class_cw,932,2,0,0,1.2746822001158362,0.5363016128540039,-0.5208938121795654,red
dnn_5class_cw,933,1,0,0,5.253066158258462,0.9620333909988404,-1.1917541027069092,red
dnn_5class_cw,934,0,0,1,41.97902153903013,0.999798595905304,-0.04249228164553642,red
dnn_5class_cw,935,2,2,1,25.83249384687855,0.9978950023651124,-0.026047827675938606,amber
dnn_5class_cw,936,4,0,0,1.3764925538043649,0.9819692373275756,-1.1561003923416138,red
dnn_5class_cw,937,4,0,0,0.7834340250866269,0.6210067272186279,-0.5428909659385681,red
dnn_5class_cw,938,3,0,0,2.8443700921728508,0.6747186183929443,-0.798316240310669,red
dnn_5class_cw,939,0,0,1,34024.168356669,0.9997984766960144,-0.06214875727891922,red
dnn_5class_cw,940,1,1,1,55.57319711187228,0.9999337196350098,-0.00614538649097085,green
dnn_5class_cw,941,2,2,1,0.7497065987773145,0.6183111667633057,-0.7024997472763062,amber
dnn_5class_cw,942,3,2,0,5.077828031201676,0.7136391997337341,-0.45217955112457275,amber
dnn_5class_cw,943,0,0,1,10.708607091423984,0.9999337196350098,-0.0843440517783165,red
dnn_5class_cw,944,1,1,1,11.319226856542267,0.9978210926055908,-0.10903677344322205,green
dnn_5class_cw,945,3,0,0,4.862871676725172,0.9876542687416076,-0.7711959481239319,red
dnn_5class_cw,946,3,0,0,2.5810315768149716,0.9997984766960144,-0.09554528445005417,red
dnn_5class_cw,947,1,1,1,103.7731888449915,0.9999337196350098,-0.009158523753285408,green
dnn_5class_cw,948,0,0,1,8.13551780193184,0.999798595905304,-0.07311874628067017,red
dnn_5class_cw,949,0,0,1,1041.1612973204178,0.9997984766960144,-0.05444488674402237,red
dnn_5class_cw,950,3,0,0,2.5780334225286943,0.9997984170913696,-0.12207434326410294,red
dnn_5class_cw,951,1,1,1,56.894225641289175,0.9999337196350098,-0.008204495534300804,green
dnn_5class_cw,952,2,2,1,2.2510347696950204,0.953696310520172,-0.2431757003068924,amber
dnn_5class_cw,953,0,0,1,37.53642917461497,0.9999337196350098,-0.02756117843091488,red
dnn_5class_cw,954,1,2,0,0.9854181821531011,0.8224707841873169,-0.23856955766677856,amber
dnn_5class_cw,955,3,0,0,1.3788930921739015,0.9134553074836732,-1.3461689949035645,red
dnn_5class_cw,956,1,1,1,126.19593513114405,0.9999337196350098,-0.010892249643802643,green
dnn_5class_cw,957,1,0,0,1.307232172837977,0.9997981190681458,-0.6729530692100525,red
dnn_5class_cw,958,3,0,0,2.708246017250407,0.9997984766960144,-0.11201009899377823,red
dnn_5class_cw,959,1,1,1,59.77604631288313,0.9999337196350098,-0.005895428359508514,green
dnn_5class_cw,960,0,2,0,2.467376560465311,0.9999783039093018,-0.004298186860978603,amber
dnn_5class_cw,961,2,2,1,84.66582368006769,0.9999783039093018,-0.024360693991184235,amber
dnn_5class_cw,962,1,1,1,53.75391563276084,0.9999337196350098,-0.05207432061433792,green
dnn_5class_cw,963,1,1,1,93.0434064473084,0.9999337196350098,-0.0028594606555998325,green
dnn_5class_cw,964,0,0,1,6.830779156057714,0.999798595905304,-0.034623607993125916,red
dnn_5class_cw,965,1,1,1,45.00447129825352,0.9999337196350098,-0.04438348114490509,green
dnn_5class_cw,966,3,0,0,16.07939450550722,0.9997984766960144,-0.16430017352104187,red
dnn_5class_cw,967,1,1,1,44.95716629075194,0.9999337196350098,-0.011524651199579239,green
dnn_5class_cw,968,3,0,0,2.0586597631896115,0.9870885610580444,-1.2559685707092285,red
dnn_5class_cw,969,4,0,0,2.0037377511438916,0.981054663658142,-1.2732362747192383,red
dnn_5class_cw,970,3,0,0,4.413216971159283,0.9997981786727904,-0.3749878406524658,red
dnn_5class_cw,971,3,3,1,0.9328090988474784,0.7319597601890564,-0.2209632396697998,green
dnn_5class_cw,972,3,0,0,1.822080793545395,0.9925216436386108,-0.7426543831825256,red
dnn_5class_cw,973,0,0,1,16569.89484931773,0.9999337196350098,-0.04664088040590286,red
dnn_5class_cw,974,0,0,1,0.9702386424219399,0.7772817611694336,-0.8909520506858826,red
dnn_5class_cw,975,2,2,1,106.94134682768279,0.9999783039093018,-0.028380876407027245,amber
dnn_5class_cw,976,2,2,1,51.096205937879745,0.9978950023651124,-0.07100871950387955,amber
dnn_5class_cw,977,4,4,1,0.6388924894510379,0.6794881820678711,-0.44882017374038696,red
dnn_5class_cw,978,2,2,1,1.1320645596558598,0.9999783039093018,-0.03848632797598839,amber
dnn_5class_cw,979,3,0,0,2.647631167575394,0.9999337196350098,-0.09269602596759796,red
dnn_5class_cw,980,0,0,1,19.70102081234314,0.9999337196350098,-0.06293439120054245,red
dnn_5class_cw,981,0,0,1,18.394442913849403,0.9999337196350098,-0.06954535841941833,red
dnn_5class_cw,982,2,0,0,0.9572848447667808,0.7410858869552612,-0.7360073328018188,red
dnn_5class_cw,983,2,2,1,2.161078102624214,0.9205585718154908,-0.253065288066864,amber
dnn_5class_cw,984,0,0,1,38.812280441308296,0.999798595905304,-0.032416485249996185,red
dnn_5class_cw,985,1,1,1,30.203875978574242,0.9999337196350098,-0.018393624573946,green
dnn_5class_cw,986,2,2,1,0.43168487020289886,0.9810131192207336,-0.30109289288520813,amber
dnn_5class_cw,987,3,0,0,3.2523492790989255,0.9999337196350098,-0.05237320065498352,red
dnn_5class_cw,988,3,0,0,2.501615046799992,0.9997984766960144,-0.06510445475578308,red
dnn_5class_cw,989,1,1,1,10.622263467218735,0.9999337196350098,-0.009071186184883118,green
dnn_5class_cw,990,3,0,0,3.2311743752956876,0.9997977018356324,-0.261349081993103,red
dnn_5class_cw,991,2,2,1,0.4676485410917529,0.953696310520172,-0.13592571020126343,amber
dnn_5class_cw,992,3,0,0,4.889926479411639,0.992279291152954,-0.7333881258964539,red
dnn_5class_cw,993,0,0,1,14.124034190975854,0.9999337196350098,-0.07576484978199005,red
dnn_5class_cw,994,0,0,1,41081.84329359331,0.9997984766960144,-0.11325617134571075,red
dnn_5class_cw,995,1,1,1,1.0609333857257601,0.9978210926055908,-0.17282220721244812,green
dnn_5class_cw,996,1,1,1,48.27709563281015,0.9999337196350098,-0.008992316201329231,green
dnn_5class_cw,997,2,2,1,3.359280236550153,0.9549776911735536,-0.07502483576536179,amber
dnn_5class_cw,998,4,0,0,0.6817446231300999,0.9533827900886536,-1.0841344594955444,red
dnn_5class_cw,999,0,0,1,3968.8418744014875,0.9997984766960144,-0.07372196018695831,red
rf_5class_smote,0,0,0,1,1426.4790956240463,0.9999993443489076,,red
rf_5class_smote,1,4,0,0,0.9996701493214889,0.994518518447876,,red
rf_5class_smote,2,3,0,0,19.57039394495377,0.9999993443489076,,red
rf_5class_smote,3,3,0,0,2.314466515716473,0.9999991059303284,,red
rf_5class_smote,4,0,0,1,23583.769638377853,0.9999993443489076,,red
rf_5class_smote,5,2,2,1,0.3159078213978181,0.7499994039535522,,red
rf_5class_smote,6,4,0,0,4.711534731770332,0.9937542080879213,,red
rf_5class_smote,7,3,0,0,0.46451797438591785,0.9999991059303284,,red
rf_5class_smote,8,1,1,1,2.014088534083949,0.8571423292160034,,green
rf_5class_smote,9,0,0,1,8.937484916081619,0.9999993443489076,,red
rf_5class_smote,10,2,2,1,85.5104188187224,0.9999993443489076,,red
rf_5class_smote,11,2,2,1,2.790651598510382,0.9999993443489076,,red
rf_5class_smote,12,0,0,1,66.17880874068598,0.9999993443489076,,red
rf_5class_smote,13,1,0,0,1.755152256980912,0.9999993443489076,,red
rf_5class_smote,14,3,0,0,2.345951702253948,0.9999988675117492,,red
rf_5class_smote,15,0,2,0,4.504228853081429,0.9999993443489076,,red
rf_5class_smote,16,0,0,1,24.099142805325386,0.9999993443489076,,red
rf_5class_smote,17,3,0,0,2.6311099775875664,0.9999988675117492,,red
rf_5class_smote,18,0,0,1,15621.685808759898,0.9999993443489076,,red
rf_5class_smote,19,0,0,1,61.18910487614893,0.9999993443489076,,red
rf_5class_smote,20,0,0,1,6.136705625717214,0.9999993443489076,,red
rf_5class_smote,21,3,0,0,4.300641128180492,0.9999889135360718,,red
rf_5class_smote,22,0,0,1,10.414757643757524,0.9999993443489076,,red
rf_5class_smote,23,1,1,1,1.9215990167460877,0.5555552840232849,,green
rf_5class_smote,24,0,0,1,1.0105332363721378,0.9830738306045532,,red
rf_5class_smote,25,2,2,1,15.099437037454896,0.9999993443489076,,red
rf_5class_smote,26,0,0,1,0.5665761410324758,0.9853129982948304,,red
rf_5class_smote,27,4,4,1,2.0048390482156977,0.8565824031829834,,red
rf_5class_smote,28,3,0,0,38.66311479908894,0.9999993443489076,,red
rf_5class_smote,29,1,1,1,60.930018422082085,0.9999993443489076,,green
rf_5class_smote,30,1,1,1,1.7149099804497712,0.5263155698776245,,green
rf_5class_smote,31,4,0,0,0.8099510917391001,0.98381906747818,,red
rf_5class_smote,32,2,2,1,0.5118296300803423,0.8315783739089966,,red
rf_5class_smote,33,2,1,0,0.2567496363137919,0.4999997913837433,,green
rf_5class_smote,34,1,1,1,29.827866231378195,0.9999993443489076,,green
rf_5class_smote,35,3,0,0,145.80723871345305,0.9999993443489076,,red
rf_5class_smote,36,1,1,1,42.673542744646184,0.9999993443489076,,green
rf_5class_smote,37,1,1,1,37.7508780729963,0.9999993443489076,,green
rf_5class_smote,38,1,1,1,12.54300592275959,0.9999993443489076,,green
rf_5class_smote,39,2,2,1,5.395576388261182,0.9999993443489076,,red
rf_5class_smote,40,0,0,1,8.869197208058228,0.9999993443489076,,red
rf_5class_smote,41,3,0,0,2.8813486310424046,0.9999991059303284,,red
rf_5class_smote,42,1,1,1,42.72191527342177,0.9999993443489076,,green
rf_5class_smote,43,2,2,1,0.72626102811069,0.9999991059303284,,red
rf_5class_smote,44,2,0,0,0.7311790241474289,0.8108100295066833,,red
rf_5class_smote,45,3,0,0,1.039539353709097,0.9853129982948304,,red
rf_5class_smote,46,1,1,1,53.12079281147696,0.9999993443489076,,green
rf_5class_smote,47,1,1,1,117.26000440708827,0.9999993443489076,,green
rf_5class_smote,48,0,0,1,3.113854624616406,0.9999993443489076,,red
rf_5class_smote,49,3,0,0,3.678652686456262,0.6390973925590515,,red
rf_5class_smote,50,2,2,1,55.958926136141855,0.9999993443489076,,red
rf_5class_smote,51,2,0,0,0.46083977806702164,0.8490558862686157,,red
rf_5class_smote,52,3,0,0,2.502473833729125,0.9999993443489076,,red
rf_5class_smote,53,1,1,1,30.489036844561028,0.9999993443489076,,green
rf_5class_smote,54,2,2,1,0.4661758370091211,0.9999993443489076,,red
rf_5class_smote,55,3,0,0,2.345951887254269,0.9999988675117492,,red
rf_5class_smote,56,1,1,1,32.283261860802064,0.9999993443489076,,green
rf_5class_smote,57,0,0,1,35.49648013623536,0.9999993443489076,,red
rf_5class_smote,58,2,2,1,1.7591405460069016,0.9999991059303284,,red
rf_5class_smote,59,3,0,0,1.7909935872965486,0.6521734595298767,,red
rf_5class_smote,60,0,0,1,15.188129810275564,0.9999993443489076,,red
rf_5class_smote,61,3,0,0,2.055299730114618,0.6249989867210388,,red
rf_5class_smote,62,0,0,1,14.349564981967651,0.9999993443489076,,red
rf_5class_smote,63,0,0,1,16.055043727055494,0.9999993443489076,,red
rf_5class_smote,64,2,0,0,0.5262633436269131,0.9878910779953004,,red
rf_5class_smote,65,0,0,1,108.27163647216688,0.9999993443489076,,red
rf_5class_smote,66,0,0,1,16.28112185754801,0.9999993443489076,,red
rf_5class_smote,67,1,1,1,2.1038647028110327,0.9999993443489076,,green
rf_5class_smote,68,0,0,1,68.39482951299627,0.9999993443489076,,red
rf_5class_smote,69,0,0,1,25.344712126673915,0.9999993443489076,,red
rf_5class_smote,70,0,0,1,85.8093914255096,0.9999993443489076,,red
rf_5class_smote,71,2,2,1,124.25899873220571,0.9999993443489076,,red
rf_5class_smote,72,0,0,1,5.311273611542196,0.9999993443489076,,red
rf_5class_smote,73,1,1,1,34.00488530108476,0.9999993443489076,,green
rf_5class_smote,74,3,0,0,1.9276548589167155,0.6521734595298767,,red
rf_5class_smote,75,4,0,0,1.6734970683370514,0.9988311529159546,,red
rf_5class_smote,76,3,0,0,58.73975394148585,0.9878910779953004,,red
rf_5class_smote,77,2,0,0,1.1269860200283877,0.8490559458732605,,red
rf_5class_smote,78,0,0,1,25.966264160293033,0.9999993443489076,,red
rf_5class_smote,79,0,0,1,58.55786995056329,0.9999993443489076,,red
rf_5class_smote,80,1,1,1,32.30504045170547,0.9999993443489076,,green
rf_5class_smote,81,2,2,1,22.13308166960523,0.9999993443489076,,red
rf_5class_smote,82,1,1,1,88.75040658610993,0.9999993443489076,,green
rf_5class_smote,83,4,0,0,0.7213933834184233,0.9966871738433838,,red
rf_5class_smote,84,0,2,0,2.652325344789137,0.9999993443489076,,red
rf_5class_smote,85,1,1,1,30.800958416167102,0.9999993443489076,,green
rf_5class_smote,86,0,0,1,17966.950484829355,0.9999993443489076,,red
rf_5class_smote,87,1,0,0,5.1521210648271705,0.8333326578140259,,red
rf_5class_smote,88,0,0,1,71.9775417347049,0.9999993443489076,,red
rf_5class_smote,89,1,1,1,40.94800552026052,0.9999993443489076,,green
rf_5class_smote,90,0,2,0,8.603434907661883,0.9999993443489076,,red
rf_5class_smote,91,1,1,1,66.43537856706052,0.9999993443489076,,green
rf_5class_smote,92,0,0,1,49.41002547877324,0.9999993443489076,,red
rf_5class_smote,93,1,1,1,34.40484502084375,0.9999993443489076,,green
rf_5class_smote,94,4,3,0,0.5614230267281602,0.7047907710075378,,amber
rf_5class_smote,95,4,0,0,3.0063956630853266,0.9998027682304382,,red
rf_5class_smote,96,1,1,1,87.2130665080078,0.9999993443489076,,green
rf_5class_smote,97,0,0,1,20.23036164579761,0.9999993443489076,,red
rf_5class_smote,98,0,0,1,11.00101751145461,0.9999993443489076,,red
rf_5class_smote,99,1,1,1,40.14090607953352,0.9999993443489076,,green
rf_5class_smote,100,3,0,0,4.155293912539958,0.999995231628418,,red
rf_5class_smote,101,2,0,0,0.5059526748612464,0.9878910779953004,,red
rf_5class_smote,102,2,0,0,1.119868837594635,0.9839990139007568,,red
rf_5class_smote,103,3,0,0,2.833699445622038,0.9999973177909852,,red
rf_5class_smote,104,0,0,1,2514.4784604752494,0.9999993443489076,,red
rf_5class_smote,105,3,0,0,1.7701894802098987,0.9878910779953004,,red
rf_5class_smote,106,1,1,1,42.385508127308995,0.9999993443489076,,green
rf_5class_smote,107,2,0,0,0.7030113327825948,0.6521728038787842,,red
rf_5class_smote,108,2,2,1,0.329451792399259,0.7499994039535522,,red
rf_5class_smote,109,4,0,0,10.45779375788462,0.9999993443489076,,red
rf_5class_smote,110,4,3,0,0.9312592176090414,0.7057307958602905,,amber
rf_5class_smote,111,0,0,1,1221.5958531099059,0.9999993443489076,,red
rf_5class_smote,112,3,0,0,41.89195261898397,0.9999993443489076,,red
rf_5class_smote,113,0,0,1,2.3797072783983158,0.9999991059303284,,red
rf_5class_smote,114,2,0,0,1.037392956196567,0.8490559458732605,,red
rf_5class_smote,115,0,0,1,0.9798141916268777,0.9839990139007568,,red
rf_5class_smote,116,2,0,0,0.6134369500206842,0.6521726250648499,,red
rf_5class_smote,117,3,0,0,2.7682108350781784,0.9999991059303284,,red
rf_5class_smote,118,3,0,0,4.930551978025363,0.9999988675117492,,red
rf_5class_smote,119,2,2,1,1.726007180694627,0.999999225139618,,red
rf_5class_smote,120,1,1,1,50.96398809463424,0.9999993443489076,,green
rf_5class_smote,121,3,0,0,20.59651051303736,0.9999993443489076,,red
rf_5class_smote,122,3,0,0,1.1803220304561737,0.9878910779953004,,red
rf_5class_smote,123,1,1,1,38.42026785065283,0.9999993443489076,,green
rf_5class_smote,124,2,0,0,0.529398523329716,0.7499991059303284,,red
rf_5class_smote,125,1,1,1,7.645254749341272,0.8620683550834656,,green
rf_5class_smote,126,1,1,1,1.258931823656632,0.5161288380622864,,green
rf_5class_smote,127,0,0,1,8.792260085040365,0.9999993443489076,,red
rf_5class_smote,128,0,0,1,8.272242054265021,0.9999993443489076,,red
rf_5class_smote,129,1,1,1,1.6260071527618443,0.5263155698776245,,green
rf_5class_smote,130,0,0,1,10.530083496292564,0.9999993443489076,,red
rf_5class_smote,131,1,1,1,19.438316387421153,0.9999993443489076,,green
rf_5class_smote,132,1,1,1,36.2556622406713,0.9999993443489076,,green
rf_5class_smote,133,1,1,1,141.5659331554464,0.9999993443489076,,green
rf_5class_smote,134,2,2,1,44.415829685732234,0.9999993443489076,,red
rf_5class_smote,135,0,0,1,490.0034220450606,0.9999993443489076,,red
rf_5class_smote,136,4,3,0,1.0134152226003867,0.6153277158737183,,amber
rf_5class_smote,137,4,3,0,0.9326366126491756,0.7056509256362915,,amber
rf_5class_smote,138,3,0,0,4.274055572787488,0.9999852776527404,,red
rf_5class_smote,139,3,0,0,2.2888318889364054,0.9999988675117492,,red
rf_5class_smote,140,2,2,1,0.6488300239962748,0.9999993443489076,,red
rf_5class_smote,141,2,2,1,2.2055631746037276,0.999999225139618,,red
rf_5class_smote,142,3,0,0,42.57292616405532,0.9878910779953004,,red
rf_5class_smote,143,1,1,1,37.97457009128166,0.9999993443489076,,green
rf_5class_smote,144,2,0,0,0.49697166266497234,0.6521728038787842,,red
rf_5class_smote,145,2,2,1,0.417338243154709,0.9999993443489076,,red
rf_5class_smote,146,0,0,1,7.17073159660386,0.9999993443489076,,red
rf_5class_smote,147,1,1,1,192.22519358883906,0.9999993443489076,,green
rf_5class_smote,148,0,0,1,4858.053499540934,0.9999993443489076,,red
rf_5class_smote,149,2,2,1,31.214105024350733,0.9999993443489076,,red
rf_5class_smote,150,3,0,0,4.316382944274717,0.999995231628418,,red
rf_5class_smote,151,2,2,1,0.7956657008663263,0.7627113461494446,,red
rf_5class_smote,152,2,0,0,0.4704164007112367,0.7894728779792786,,red
rf_5class_smote,153,0,0,1,12.448686471825434,0.9999993443489076,,red
rf_5class_smote,154,0,0,1,88.00232032360984,0.9999993443489076,,red
rf_5class_smote,155,1,0,0,3.1869624413356052,0.9999993443489076,,red
rf_5class_smote,156,2,2,1,0.5000056261164681,0.9999991059303284,,red
rf_5class_smote,157,0,0,1,63287.85647404371,0.9999993443489076,,red
rf_5class_smote,158,1,0,0,9.228822917338588,0.9878910779953004,,red
rf_5class_smote,159,4,3,0,0.863699594712361,0.6238764524459839,,amber
rf_5class_smote,160,1,1,1,99.57155799037068,0.9999993443489076,,green
rf_5class_smote,161,2,2,1,4.851816742314382,0.9999989867210388,,red
rf_5class_smote,162,0,0,1,99.83056755064042,0.9999993443489076,,red
rf_5class_smote,163,1,1,1,14.449817428670215,0.9999993443489076,,green
rf_5class_smote,164,2,2,1,2.392024630944757,0.9999993443489076,,red
rf_5class_smote,165,1,1,1,39.72897051748221,0.9999993443489076,,green
rf_5class_smote,166,2,2,1,0.7509443244292674,0.7499995231628418,,red
rf_5class_smote,167,3,0,0,3.776583109212632,0.9878908395767212,,red
rf_5class_smote,168,0,0,1,4159.972294492025,0.9999993443489076,,red
rf_5class_smote,169,0,0,1,525.9687638870187,0.9999993443489076,,red
rf_5class_smote,170,1,1,1,65.66671591887884,0.9999993443489076,,green
rf_5class_smote,171,2,2,1,57.219884077877076,0.9999993443489076,,red
rf_5class_smote,172,2,1,0,1.581784071006501,0.9999993443489076,,green
rf_5class_smote,173,0,0,1,44.42975861749089,0.9999993443489076,,red
rf_5class_smote,174,1,1,1,61.94915170460592,0.9999993443489076,,green
rf_5class_smote,175,2,1,0,1.262596158273914,0.8504652380943298,,green
rf_5class_smote,176,1,1,1,32.38044102823892,0.9999993443489076,,green
rf_5class_smote,177,3,0,0,1.8064405047069794,0.9999988675117492,,red
rf_5class_smote,178,0,0,1,133.6471487104573,0.9999993443489076,,red
rf_5class_smote,179,4,0,0,0.5277103279288629,0.9575157165527344,,red
rf_5class_smote,180,0,0,1,50.07139127680396,0.9999993443489076,,red
rf_5class_smote,181,3,0,0,5.722767956471099,0.6521735191345215,,red
rf_5class_smote,182,1,1,1,77.26081823549214,0.9999993443489076,,green
rf_5class_smote,183,1,1,1,64.33318128118384,0.9999993443489076,,green
rf_5class_smote,184,4,0,0,7.918187470610161,0.9999993443489076,,red
rf_5class_smote,185,1,1,1,68.92803776774227,0.9999993443489076,,green
rf_5class_smote,186,0,0,1,29.856262755197736,0.9999964237213136,,red
rf_5class_smote,187,0,0,1,9.284223232285452,0.9999993443489076,,red
rf_5class_smote,188,3,0,0,1.6843063432855836,0.9999993443489076,,red
rf_5class_smote,189,1,1,1,170.20340779110825,0.9999993443489076,,green
rf_5class_smote,190,0,0,1,11.646964187113316,0.9999993443489076,,red
rf_5class_smote,191,4,0,0,3.5160934067882637,0.965443193912506,,red
rf_5class_smote,192,1,1,1,16.116301652443536,0.9999993443489076,,green
rf_5class_smote,193,3,0,0,2.603613491696479,0.9999989867210388,,red
rf_5class_smote,194,3,0,0,2.5834268680809322,0.999999225139618,,red
rf_5class_smote,195,0,0,1,9.66439097776326,0.9999993443489076,,red
rf_5class_smote,196,2,0,0,0.5340912477971104,0.9853129982948304,,red
rf_5class_smote,197,4,0,0,3.746349203000631,0.9999989867210388,,red
rf_5class_smote,198,3,0,0,73.11730434610683,0.9999993443489076,,red
rf_5class_smote,199,4,0,0,0.8458752163805637,0.9999852776527404,,red
rf_5class_smote,200,1,1,1,93.52429167324931,0.9999993443489076,,green
rf_5class_smote,201,1,1,1,99.31279984940637,0.9999993443489076,,green
rf_5class_smote,202,2,0,0,0.5598181865401187,0.7499991059303284,,red
rf_5class_smote,203,4,0,0,7.843338443366402,0.9999993443489076,,red
rf_5class_smote,204,0,0,1,61.346690968790845,0.9999993443489076,,red
rf_5class_smote,205,4,0,0,1.6724717463009382,0.9999945163726808,,red
rf_5class_smote,206,2,0,0,0.5338288469472459,0.9853129982948304,,red
rf_5class_smote,207,0,0,1,80109.39919863093,0.9999993443489076,,red
rf_5class_smote,208,2,0,0,0.7345595704134326,0.7894728779792786,,red
rf_5class_smote,209,2,2,1,23.294655092495084,0.9999993443489076,,red
rf_5class_smote,210,3,0,0,2.859874851320108,0.9878908395767212,,red
rf_5class_smote,211,1,0,0,9.269392620882305,0.9999993443489076,,red
rf_5class_smote,212,1,1,1,64.31376652130965,0.9999993443489076,,green
rf_5class_smote,213,2,0,0,0.9564324128279605,0.8490559458732605,,red
rf_5class_smote,214,0,0,1,6.8309452435376095,0.9999993443489076,,red
rf_5class_smote,215,3,0,0,3.5246752957429024,0.999999225139618,,red
rf_5class_smote,216,3,0,0,3.721436897446621,0.9878908395767212,,red
rf_5class_smote,217,3,0,0,3.269591146059651,0.9999993443489076,,red
rf_5class_smote,218,3,0,0,2.8552726169121097,0.9999973177909852,,red
rf_5class_smote,219,1,1,1,40.95133685120647,0.9999993443489076,,green
rf_5class_smote,220,2,0,0,0.5385848562197215,0.8490559458732605,,red
rf_5class_smote,221,1,1,1,103.09364237403257,0.9999993443489076,,green
rf_5class_smote,222,1,1,1,5.026705626082752,0.5263155698776245,,green
rf_5class_smote,223,1,1,1,29.401864962740014,0.9999993443489076,,green
rf_5class_smote,224,1,1,1,0.8440113392511215,0.5222927331924438,,green
rf_5class_smote,225,2,1,0,5.55465238354109,0.9999993443489076,,green
rf_5class_smote,226,2,2,1,0.7749094387400498,0.9999989867210388,,red
rf_5class_smote,227,1,1,1,68.0314537042189,0.9999993443489076,,green
rf_5class_smote,228,3,0,0,0.5886683512356388,0.9878910779953004,,red
rf_5class_smote,229,0,0,1,17.952341059644375,0.8490557670593262,,red
rf_5class_smote,230,2,2,1,2.3954073655684223,0.9999993443489076,,red
rf_5class_smote,231,1,1,1,6.871677029564909,0.9999993443489076,,green
rf_5class_smote,232,2,2,1,4.176336193189626,0.9999993443489076,,red
rf_5class_smote,233,3,0,0,1.3965491608832254,0.9878910779953004,,red
rf_5class_smote,234,0,0,1,11.527031357755583,0.9999993443489076,,red
rf_5class_smote,235,3,0,0,2.8672278143164234,0.9999973177909852,,red
rf_5class_smote,236,1,1,1,2.502846474409763,0.9999993443489076,,green
rf_5class_smote,237,0,0,1,37.26448773354585,0.9999993443489076,,red
rf_5class_smote,238,2,2,1,73.06923977920349,0.9999993443489076,,red
rf_5class_smote,239,3,0,0,1.3014254449495735,0.9839977025985718,,red
rf_5class_smote,240,1,1,1,111.70350027519119,0.9999993443489076,,green
rf_5class_smote,241,1,1,1,112.11422168928036,0.9999993443489076,,green
rf_5class_smote,242,4,0,0,1.098973260235372,0.9949134588241576,,red
rf_5class_smote,243,3,0,0,1.2028972085641831,0.9999989867210388,,red
rf_5class_smote,244,1,1,1,119.94639224975575,0.9999993443489076,,green
rf_5class_smote,245,0,0,1,24.828688630057748,0.9999993443489076,,red
rf_5class_smote,246,1,0,0,1.3458807573685359,0.9878910779953004,,red
rf_5class_smote,247,1,1,1,22.76685394757251,0.9999993443489076,,green
rf_5class_smote,248,3,0,0,3.283974460104595,0.9999993443489076,,red
rf_5class_smote,249,3,0,0,3.8881567384998075,0.9878908395767212,,red
rf_5class_smote,250,3,0,0,3.4570899333947755,0.9999969005584716,,red
rf_5class_smote,251,0,0,1,14800.34750334456,0.9999993443489076,,red
rf_5class_smote,252,3,0,0,146.96079644419495,0.9999993443489076,,red
rf_5class_smote,253,1,0,0,1.2733264465484215,0.6362065076828003,,red
rf_5class_smote,254,3,0,0,5.76384880133077,0.999999225139618,,red
rf_5class_smote,255,1,0,0,4.252830498335819,0.9878910779953004,,red
rf_5class_smote,256,2,2,1,57.56826484124689,0.9999993443489076,,red
rf_5class_smote,257,1,0,0,1.6155389015511816,0.9853128790855408,,red
rf_5class_smote,258,2,2,1,97.78013833855779,0.9999993443489076,,red
rf_5class_smote,259,0,0,1,3.9629594277734115,0.9999993443489076,,red
rf_5class_smote,260,1,1,1,78.62231457092079,0.9999993443489076,,green
rf_5class_smote,261,4,0,0,0.6907882072118758,0.999234139919281,,red
rf_5class_smote,262,3,0,0,3.333524598433146,0.9999973177909852,,red
rf_5class_smote,263,0,4,0,1.9994009343665222,0.7681756615638733,,red
rf_5class_smote,264,4,0,0,1.2926646544421059,0.999999225139618,,red
rf_5class_smote,265,3,0,0,2.475814528738789,0.9999993443489076,,red
rf_5class_smote,266,3,0,0,12.017698786635911,0.9999993443489076,,red
rf_5class_smote,267,0,0,1,138.9733791282094,0.9999993443489076,,red
rf_5class_smote,268,1,1,1,45.254858032219765,0.9999993443489076,,green
rf_5class_smote,269,1,1,1,65.67322134364301,0.9999993443489076,,green
rf_5class_smote,270,0,0,1,4.907162360547256,0.9999986886978148,,red
rf_5class_smote,271,2,0,0,0.9258210758378882,0.8490559458732605,,red
rf_5class_smote,272,1,1,1,43.275277869500506,0.9999993443489076,,green
rf_5class_smote,273,0,0,1,0.9811168634302778,0.9839991331100464,,red
rf_5class_smote,274,3,0,0,2.1689397709660847,0.6521734595298767,,red
rf_5class_smote,275,0,0,1,392.3478956711679,0.9999993443489076,,red
rf_5class_smote,276,3,0,0,3.658118679426315,0.9999969005584716,,red
rf_5class_smote,277,0,0,1,5.485859990225386,0.999999225139618,,red
rf_5class_smote,278,3,3,1,0.6800902520073262,0.9998430609703064,,amber
rf_5class_smote,279,1,0,0,7.707895581549069,0.9999993443489076,,red
rf_5class_smote,280,1,1,1,45.759561817822664,0.9999993443489076,,green
rf_5class_smote,281,0,0,1,12767.773720419753,0.9999993443489076,,red
rf_5class_smote,282,3,0,0,1.8218759605632804,0.9999993443489076,,red
rf_5class_smote,283,3,0,0,5.830866455236357,0.6521735191345215,,red
rf_5class_smote,284,0,0,1,23.88242167071943,0.9999993443489076,,red
rf_5class_smote,285,2,2,1,0.5655173808969268,0.9999989867210388,,red
rf_5class_smote,286,1,1,1,4.8822836003469945,0.9999993443489076,,green
rf_5class_smote,287,2,1,0,1.739145470748724,0.9999993443489076,,green
rf_5class_smote,288,0,0,1,11.028543067025112,0.9999993443489076,,red
rf_5class_smote,289,2,1,0,1.3366442903196487,0.9999993443489076,,green
rf_5class_smote,290,3,0,0,2.409518649960852,0.9999993443489076,,red
rf_5class_smote,291,3,0,0,2.5872828236977696,0.9999986886978148,,red
rf_5class_smote,292,3,0,0,84.12962150358254,0.9999993443489076,,red
rf_5class_smote,293,3,0,0,93.9734819541247,0.9999982118606568,,red
rf_5class_smote,294,3,0,0,43.824741267642274,0.9999993443489076,,red
rf_5class_smote,295,1,1,1,2.3306065161157417,0.8620683550834656,,green
rf_5class_smote,296,1,1,1,1.5023064478430688,0.9999993443489076,,green
rf_5class_smote,297,0,0,1,64.68206490638296,0.9999993443489076,,red
rf_5class_smote,298,0,0,1,12.840163750688683,0.9999993443489076,,red
rf_5class_smote,299,3,0,0,1.6487484530667262,0.9999991059303284,,red
rf_5class_smote,300,1,1,1,44.50497023919251,0.9999993443489076,,green
rf_5class_smote,301,0,0,1,66371.05195416554,0.9999993443489076,,red
rf_5class_smote,302,2,2,1,4.981359532839901,0.9999993443489076,,red
rf_5class_smote,303,1,1,1,42.20131275014363,0.9999993443489076,,green
rf_5class_smote,304,1,1,1,22.335037783425175,0.9999993443489076,,green
rf_5class_smote,305,1,1,1,39.761639344224555,0.9999993443489076,,green
rf_5class_smote,306,2,2,1,2.0656606146773724,0.999999225139618,,red
rf_5class_smote,307,3,0,0,0.7974579455181874,0.5882347822189331,,red
rf_5class_smote,308,2,2,1,3.924489780814376,0.9999993443489076,,red
rf_5class_smote,309,4,0,0,1.0010032666133923,0.999671459197998,,red
rf_5class_smote,310,0,0,1,52.83700889694589,0.9999993443489076,,red
rf_5class_smote,311,0,0,1,2432.6830845347376,0.9999993443489076,,red
rf_5class_smote,312,2,2,1,36.97017322266763,0.9999993443489076,,red
rf_5class_smote,313,2,2,1,59.969923608164954,0.9999993443489076,,red
rf_5class_smote,314,1,1,1,31.554502298813897,0.9999993443489076,,green
rf_5class_smote,315,1,1,1,97.21986484406168,0.9999993443489076,,green
rf_5class_smote,316,0,0,1,13.38207618873195,0.9999993443489076,,red
rf_5class_smote,317,3,0,0,5.00413974043837,0.9999991059303284,,red
rf_5class_smote,318,0,0,1,15.876965944676158,0.9999993443489076,,red
rf_5class_smote,319,3,0,0,3.070406242891853,0.6249996423721313,,red
rf_5class_smote,320,3,0,0,2.598940441655635,0.9878908395767212,,red
rf_5class_smote,321,1,1,1,1.9072888778717787,0.5555552840232849,,green
rf_5class_smote,322,3,0,0,2.8396547646631656,0.9999986886978148,,red
rf_5class_smote,323,1,1,1,12.212521821546499,0.8632281422615051,,green
rf_5class_smote,324,1,1,1,173.4559193052717,0.9999993443489076,,green
rf_5class_smote,325,3,0,0,3.0904316491051245,0.9999979734420776,,red
rf_5class_smote,326,0,0,1,11.989133612392992,0.9999993443489076,,red
rf_5class_smote,327,1,1,1,1.302441359796963,0.5263155698776245,,green
rf_5class_smote,328,2,0,0,1.2364136253845157,0.8490559458732605,,red
rf_5class_smote,329,3,0,0,2.9597790744114763,0.9999973177909852,,red
rf_5class_smote,330,2,2,1,85.59612719732627,0.9999993443489076,,red
rf_5class_smote,331,3,0,0,3.8025829701117417,0.999999225139618,,red
rf_5class_smote,332,3,0,0,37.83053914294394,0.9999993443489076,,red
rf_5class_smote,333,2,2,1,85.23717599432095,0.9999993443489076,,red
rf_5class_smote,334,0,0,1,12.220864723624082,0.9999993443489076,,red
rf_5class_smote,335,2,2,1,73.06534755685213,0.9999993443489076,,red
rf_5class_smote,336,3,0,0,4.231610052053022,0.9999964237213136,,red
rf_5class_smote,337,0,0,1,29.1648247527604,0.9999993443489076,,red
rf_5class_smote,338,2,2,1,163.58730588948745,0.9999993443489076,,red
rf_5class_smote,339,0,0,1,56.17940467543389,0.9999993443489076,,red
rf_5class_smote,340,1,1,1,49.90706538146247,0.9999993443489076,,green
rf_5class_smote,341,0,0,1,556.2954020097603,0.9999993443489076,,red
rf_5class_smote,342,3,0,0,1.121745718781857,0.9999969005584716,,red
rf_5class_smote,343,1,1,1,4.993974748027913,0.9999993443489076,,green
rf_5class_smote,344,3,0,0,3.128726655360525,0.9999979734420776,,red
rf_5class_smote,345,0,0,1,12.844812053577291,0.9999993443489076,,red
rf_5class_smote,346,0,0,1,30.79257652337355,0.9999993443489076,,red
rf_5class_smote,347,2,2,1,60.13203440009625,0.9999993443489076,,red
rf_5class_smote,348,0,0,1,50.92146700807225,0.9999993443489076,,red
rf_5class_smote,349,2,0,0,0.606540081773856,0.749998927116394,,red
rf_5class_smote,350,2,2,1,64.57568781711682,0.9999993443489076,,red
rf_5class_smote,351,0,0,1,14.650075041569716,0.9999993443489076,,red
rf_5class_smote,352,0,0,1,36.1201416119453,0.9999993443489076,,red
rf_5class_smote,353,1,1,1,17.04472979462982,0.9999993443489076,,green
rf_5class_smote,354,3,0,0,63.918164870767995,0.9878910779953004,,red
rf_5class_smote,355,1,0,0,8.914565353192938,0.9878910779953004,,red
rf_5class_smote,356,1,1,1,90.04427589674206,0.9999993443489076,,green
rf_5class_smote,357,1,0,0,5.61272654521105,0.9839991331100464,,red
rf_5class_smote,358,0,0,1,29493.298969854164,0.9999993443489076,,red
rf_5class_smote,359,4,0,0,1.0993269485484118,0.6774272918701172,,red
rf_5class_smote,360,2,0,0,1.191001460627254,0.8333326578140259,,red
rf_5class_smote,361,2,0,0,0.5468218930748954,0.7894728779792786,,red
rf_5class_smote,362,0,0,1,59.67727844559523,0.9999993443489076,,red
rf_5class_smote,363,2,2,1,43.37577866458918,0.9999993443489076,,red
rf_5class_smote,364,0,1,0,1.1167652303640665,0.9999993443489076,,green
rf_5class_smote,365,1,1,1,33.893247867643595,0.9999993443489076,,green
rf_5class_smote,366,0,1,0,10.530985954317748,0.9879510402679444,,green
rf_5class_smote,367,3,0,0,1.6145295649033506,0.9999988675117492,,red
rf_5class_smote,368,3,0,0,1.7917268763917427,0.859872043132782,,red
rf_5class_smote,369,0,0,1,15.907321729180131,0.9999993443489076,,red
rf_5class_smote,370,3,0,0,6.074070850674785,0.7664228677749634,,red
rf_5class_smote,371,0,0,1,51.686858881532714,0.9999993443489076,,red
rf_5class_smote,372,1,1,1,30.401819630025138,0.9999993443489076,,green
rf_5class_smote,373,2,0,0,0.6037187787135493,0.7499987483024597,,red
rf_5class_smote,374,1,0,0,5.477671902862041,0.9878910779953004,,red
rf_5class_smote,375,3,0,0,3.5746719118856873,0.9878910779953004,,red
rf_5class_smote,376,0,0,1,8.089558065085113,0.9999993443489076,,red
rf_5class_smote,377,2,2,1,47.57677446098682,0.9999993443489076,,red
rf_5class_smote,378,2,2,1,19.138778040388406,0.9999993443489076,,red
rf_5class_smote,379,3,0,0,2.3134085883296494,0.9999993443489076,,red
rf_5class_smote,380,2,2,1,18.403403259070963,0.9999993443489076,,red
rf_5class_smote,381,1,1,1,45.04987227525228,0.9999993443489076,,green
rf_5class_smote,382,0,0,1,79.57491452308678,0.9999993443489076,,red
rf_5class_smote,383,4,0,0,0.5286572823708868,0.995234191417694,,red
rf_5class_smote,384,3,0,0,2.507242807317899,0.999999225139618,,red
rf_5class_smote,385,2,2,1,17.076824715438555,0.9999993443489076,,red
rf_5class_smote,386,3,0,0,5.633303098522637,0.9999984502792358,,red
rf_5class_smote,387,2,2,1,1.6623932827746488,0.9999993443489076,,red
rf_5class_smote,388,2,2,1,3.4051806859121543,0.9999991059303284,,red
rf_5class_smote,389,2,2,1,5.314878316847496,0.9999993443489076,,red
rf_5class_smote,390,4,4,1,1.0013101213171391,1.0,,red
rf_5class_smote,391,1,1,1,67.1062890976422,0.9999993443489076,,green
rf_5class_smote,392,0,0,1,14.977304076819607,0.9999993443489076,,red
rf_5class_smote,393,1,1,1,109.71225232616673,0.9999993443489076,,green
rf_5class_smote,394,2,2,1,11.16800719042504,0.9999993443489076,,red
rf_5class_smote,395,2,0,0,0.6180656834128692,0.8108099699020386,,red
rf_5class_smote,396,3,0,0,4.804695816598937,0.9999989867210388,,red
rf_5class_smote,397,0,0,1,32875.54210919039,0.9999993443489076,,red
rf_5class_smote,398,1,1,1,86.92213994076052,0.9999993443489076,,green
rf_5class_smote,399,2,1,0,1.3186082043989211,0.9999993443489076,,green
rf_5class_smote,400,3,0,0,63.918164870767995,0.9878910779953004,,red
rf_5class_smote,401,4,0,0,0.677450371010673,0.9994983673095704,,red
rf_5class_smote,402,0,0,1,22595.105036700264,0.9999993443489076,,red
rf_5class_smote,403,4,0,0,0.9986798228210185,0.9999544620513916,,red
rf_5class_smote,404,1,1,1,44.200180705455,0.9999993443489076,,green
rf_5class_smote,405,4,0,0,4.724156104584452,0.9999993443489076,,red
rf_5class_smote,406,0,0,1,2917.3661750283118,0.9999993443489076,,red
rf_5class_smote,407,2,2,1,73.06199935479638,0.9999993443489076,,red
rf_5class_smote,408,1,1,1,45.8721201957751,0.9999993443489076,,green
rf_5class_smote,409,1,1,1,38.98340661862762,0.9999993443489076,,green
rf_5class_smote,410,2,2,1,0.6265935081739933,0.9999991059303284,,red
rf_5class_smote,411,0,0,1,1044.0189037674743,0.9999993443489076,,red
rf_5class_smote,412,1,1,1,120.55054925699272,0.9999993443489076,,green
rf_5class_smote,413,0,0,1,21.79234151919248,0.9999993443489076,,red
rf_5class_smote,414,2,2,1,0.7315524275689813,0.7499993443489075,,red
rf_5class_smote,415,3,0,0,0.9958797707242997,0.8108099699020386,,red
rf_5class_smote,416,0,0,1,9.309414949332606,0.9999993443489076,,red
rf_5class_smote,417,0,0,1,36.654830038964235,0.9999993443489076,,red
rf_5class_smote,418,3,0,0,6.223328129528486,0.9999986886978148,,red
rf_5class_smote,419,3,0,0,4.123631657049054,0.9999945163726808,,red
rf_5class_smote,420,1,1,1,103.77412726500333,0.9999993443489076,,green
rf_5class_smote,421,4,0,0,0.9998831896597635,0.9982166886329652,,red
rf_5class_smote,422,2,0,0,0.4744952544185076,0.8108100295066833,,red
rf_5class_smote,423,2,0,0,1.9737649767222496,0.9878910779953004,,red
rf_5class_smote,424,3,0,0,2.9417298452798906,0.9999989867210388,,red
rf_5class_smote,425,0,0,1,23.550604564322988,0.9999993443489076,,red
rf_5class_smote,426,2,0,0,0.528919677894299,0.9878910779953004,,red
rf_5class_smote,427,3,0,0,2.705446277389329,0.9999989867210388,,red
rf_5class_smote,428,0,0,1,44.821371931843174,0.9999993443489076,,red
rf_5class_smote,429,0,0,1,31.233031237107493,0.9999993443489076,,red
rf_5class_smote,430,3,0,0,6.413927008053718,0.999999225139618,,red
rf_5class_smote,431,0,0,1,118.83687349502807,0.9999993443489076,,red
rf_5class_smote,432,1,0,0,1.4838238392340704,0.9839991331100464,,red
rf_5class_smote,433,1,0,0,1.6114395869737617,0.9839990139007568,,red
rf_5class_smote,434,3,0,0,92.67611505303606,0.9999993443489076,,red
rf_5class_smote,435,4,0,0,4.708412969341768,0.6521708369255066,,red
rf_5class_smote,436,3,0,0,2.5853399841362155,0.9999989867210388,,red
rf_5class_smote,437,2,0,0,1.2893339672863087,0.5789461731910706,,red
rf_5class_smote,438,3,0,0,2.3729892242221124,0.9999993443489076,,red
rf_5class_smote,439,3,0,0,1.8216254139937444,0.9999993443489076,,red
rf_5class_smote,440,1,1,1,49.491103482303615,0.9999993443489076,,green
rf_5class_smote,441,0,0,1,30.773512458729595,0.9999993443489076,,red
rf_5class_smote,442,0,0,1,5788.390796932792,0.9999993443489076,,red
rf_5class_smote,443,0,0,1,12.33755511292723,0.9999993443489076,,red
rf_5class_smote,444,1,1,1,38.80508494459768,0.9999993443489076,,green
rf_5class_smote,445,0,0,1,13.983961678367645,0.9999993443489076,,red
rf_5class_smote,446,1,1,1,1.8055140652173483,0.540540337562561,,green
rf_5class_smote,447,1,1,1,51.59549911248084,0.9999993443489076,,green
rf_5class_smote,448,2,2,1,0.7165614904300543,0.9999991059303284,,red
rf_5class_smote,449,2,2,1,163.55873319638422,0.9999993443489076,,red
rf_5class_smote,450,0,0,1,13.222391774852895,0.9999993443489076,,red
rf_5class_smote,451,0,0,1,50.16258775013434,0.9999993443489076,,red
rf_5class_smote,452,0,0,1,64.29625618881977,0.9999993443489076,,red
rf_5class_smote,453,3,0,0,1.8272239104098074,0.9999993443489076,,red
rf_5class_smote,454,3,0,0,5.614979677720214,0.9999984502792358,,red
rf_5class_smote,455,0,0,1,99.8060971430963,0.9999993443489076,,red
rf_5class_smote,456,0,0,1,4.654487148158586,0.9999993443489076,,red
rf_5class_smote,457,3,0,0,5.44671940890107,0.9999986886978148,,red
rf_5class_smote,458,1,0,0,1.613065334364212,0.9839990139007568,,red
rf_5class_smote,459,0,0,1,20.091051814544148,0.9999993443489076,,red
rf_5class_smote,460,0,0,1,20.716220337491134,0.9999993443489076,,red
rf_5class_smote,461,2,0,0,0.5101261084506584,0.9878910779953004,,red
rf_5class_smote,462,2,2,1,40.02472970752638,0.9999993443489076,,red
rf_5class_smote,463,0,0,1,39.39097904353941,0.9999993443489076,,red
rf_5class_smote,464,2,2,1,163.5716176878372,0.9999993443489076,,red
rf_5class_smote,465,0,0,1,42.36542314461221,0.9999993443489076,,red
rf_5class_smote,466,0,0,1,50.86139947581195,0.9999993443489076,,red
rf_5class_smote,467,1,0,0,0.2836764344947022,0.5744677782058716,,red
rf_5class_smote,468,3,0,0,3.137967608268416,0.999999225139618,,red
rf_5class_smote,469,0,0,1,4.862410645270841,0.9999993443489076,,red
rf_5class_smote,470,0,0,1,19.36897681841341,0.9999993443489076,,red
rf_5class_smote,471,3,0,0,2.5597950541726027,0.9999989867210388,,red
rf_5class_smote,472,0,0,1,7.584565418120361,0.9999993443489076,,red
rf_5class_smote,473,0,0,1,6.5027845743969195,0.9999993443489076,,red
rf_5class_smote,474,0,0,1,34.96942390625306,0.9999993443489076,,red
rf_5class_smote,475,2,2,1,11.812761706423897,0.9999993443489076,,red
rf_5class_smote,476,0,0,1,36283.82407262128,0.9999993443489076,,red
rf_5class_smote,477,1,0,0,6.054312387370711,0.9878910779953004,,red
rf_5class_smote,478,2,2,1,63.53662326667156,0.9999993443489076,,red
rf_5class_smote,479,3,0,0,3.071445823007619,0.9999993443489076,,red
rf_5class_smote,480,4,0,0,0.5642817539456583,0.999754786491394,,red
rf_5class_smote,481,3,0,0,0.9079281533825753,0.9839982986450196,,red
rf_5class_smote,482,1,1,1,28.02187587627946,0.9999993443489076,,green
rf_5class_smote,483,0,0,1,127.89144312733444,0.9999993443489076,,red
rf_5class_smote,484,2,2,1,32.4047990716203,0.9999993443489076,,red
rf_5class_smote,485,2,2,1,76.12974479012748,0.9999993443489076,,red
rf_5class_smote,486,3,0,0,2.963293685507155,0.9999993443489076,,red
rf_5class_smote,487,0,0,1,25.702262499808064,0.9999993443489076,,red
rf_5class_smote,488,0,2,0,5.750239800445532,0.9999993443489076,,red
rf_5class_smote,489,1,1,1,39.51219072013108,0.9999993443489076,,green
rf_5class_smote,490,3,0,0,1.1830022597831138,0.9999987483024596,,red
rf_5class_smote,491,2,2,1,7.468988440072354,0.9999993443489076,,red
rf_5class_smote,492,1,1,1,121.91907638390013,0.9999993443489076,,green
rf_5class_smote,493,2,2,1,6.171135426509102,0.9999989867210388,,red
rf_5class_smote,494,4,0,0,0.9999307200048106,0.9795804023742676,,red
rf_5class_smote,495,3,0,0,1.825598110820833,0.999999225139618,,red
rf_5class_smote,496,0,0,1,5.770979958071995,0.9999993443489076,,red
rf_5class_smote,497,4,0,0,0.999289634716083,0.9999936819076538,,red
rf_5class_smote,498,3,0,0,0.4644674271582722,0.9999991059303284,,red
rf_5class_smote,499,1,1,1,104.68487474352722,0.9999993443489076,,green
rf_5class_smote,500,0,0,1,48.64723322963095,0.9999993443489076,,red
rf_5class_smote,501,0,0,1,3.578481943537347,0.9999993443489076,,red
rf_5class_smote,502,0,0,1,66.52993088272486,0.9999993443489076,,red
rf_5class_smote,503,0,0,1,12.13783102154401,0.9999993443489076,,red
rf_5class_smote,504,3,0,0,1.4729959243660027,0.9878910779953004,,red
rf_5class_smote,505,0,0,1,13.604447783849443,0.9999993443489076,,red
rf_5class_smote,506,0,0,1,18.34164811488638,0.9999993443489076,,red
rf_5class_smote,507,2,2,1,28.899469194285604,0.9999993443489076,,red
rf_5class_smote,508,1,1,1,1.806707194796082,0.5555552840232849,,green
rf_5class_smote,509,0,0,1,16.47630494926775,0.9999993443489076,,red
rf_5class_smote,510,0,0,1,88490.21207890814,0.9999993443489076,,red
rf_5class_smote,511,1,1,1,104.62142699869004,0.9999993443489076,,green
rf_5class_smote,512,3,0,0,2.3992229083252994,0.9878907203674316,,red
rf_5class_smote,513,3,0,0,2.833699445622038,0.9999976754188538,,red
rf_5class_smote,514,0,0,1,8.05386927348557,0.9999993443489076,,red
rf_5class_smote,515,1,1,1,86.30674407240174,0.9999993443489076,,green
rf_5class_smote,516,3,0,0,2.9662496781183223,0.9999993443489076,,red
rf_5class_smote,517,2,2,1,0.7935959422070503,0.5555551648139954,,red
rf_5class_smote,518,1,1,1,48.550016369735566,0.9999993443489076,,green
rf_5class_smote,519,2,2,1,16.213726338973846,0.9999993443489076,,red
rf_5class_smote,520,3,0,0,1.4357399295924635,0.9999989867210388,,red
rf_5class_smote,521,1,1,1,131.24765568926097,0.9999993443489076,,green
rf_5class_smote,522,4,4,1,0.2143836953350656,1.0,,red
rf_5class_smote,523,3,0,0,3.8561293215669203,0.9292023777961732,,red
rf_5class_smote,524,3,0,0,146.96069366203437,0.9999993443489076,,red
rf_5class_smote,525,2,2,1,24.00064551633209,0.9999993443489076,,red
rf_5class_smote,526,2,0,0,0.7261827203221486,0.7499991059303284,,red
rf_5class_smote,527,1,1,1,115.43014705786359,0.9999993443489076,,green
rf_5class_smote,528,2,2,1,0.9369303166862211,0.9999993443489076,,red
rf_5class_smote,529,4,0,0,2.8656499880167234,0.9999993443489076,,red
rf_5class_smote,530,2,0,0,1.1900406713908995,0.7499991059303284,,red
rf_5class_smote,531,2,2,1,0.6062307418450792,0.9999991059303284,,red
rf_5class_smote,532,1,1,1,1.3422450317321117,0.6249997019767761,,green
rf_5class_smote,533,2,2,1,39.759631198985964,0.9999993443489076,,red
rf_5class_smote,534,3,0,0,2.2888320420066344,0.9999988675117492,,red
rf_5class_smote,535,0,0,1,39.090977068099,0.9999993443489076,,red
rf_5class_smote,536,2,0,0,0.4740522069677638,0.7499991059303284,,red
rf_5class_smote,537,3,0,0,3.6755289888642557,0.6249996423721313,,red
rf_5class_smote,538,1,1,1,18.430096408702184,0.9999993443489076,,green
rf_5class_smote,539,0,0,1,19.95502624796185,0.9999993443489076,,red
rf_5class_smote,540,4,0,0,0.6049174822353783,0.9997146725654602,,red
rf_5class_smote,541,2,2,1,85.27364594419576,0.9999993443489076,,red
rf_5class_smote,542,0,0,1,7.097148524100948,0.9999993443489076,,red
rf_5class_smote,543,1,1,1,20.82838781559052,0.9999993443489076,,green
rf_5class_smote,544,1,1,1,58.80183683970838,0.9999993443489076,,green
rf_5class_smote,545,1,1,1,124.42192641002569,0.9999993443489076,,green
rf_5class_smote,546,1,0,0,5.641050976906945,0.9839991331100464,,red
rf_5class_smote,547,3,0,0,6.438099377818699,0.9999993443489076,,red
rf_5class_smote,548,3,0,0,2.345951332253393,0.9999988675117492,,red
rf_5class_smote,549,3,0,0,2.3461131887380784,0.9999991059303284,,red
rf_5class_smote,550,1,1,1,33.44617420901266,0.9999993443489076,,green
rf_5class_smote,551,2,0,0,0.5695364674733959,0.5555543303489685,,red
rf_5class_smote,552,0,0,1,12.90823828242367,0.9999993443489076,,red
rf_5class_smote,553,2,0,0,0.5652450294856582,0.6521728038787842,,red
rf_5class_smote,554,0,0,1,11.63357858845465,0.9999993443489076,,red
rf_5class_smote,555,2,0,0,1.014523133037032,0.8490559458732605,,red
rf_5class_smote,556,3,0,0,2.4599526938844933,0.9999991059303284,,red
rf_5class_smote,557,1,0,0,5.36392571861191,0.8415834903717041,,red
rf_5class_smote,558,0,0,1,42.618385514634994,0.9999993443489076,,red
rf_5class_smote,559,0,0,1,8136.08080860753,0.9999993443489076,,red
rf_5class_smote,560,0,0,1,9.612988541073017,0.9999993443489076,,red
rf_5class_smote,561,0,0,1,19.41111728600609,0.9999993443489076,,red
rf_5class_smote,562,3,0,0,1.4262651739949659,0.9878910779953004,,red
rf_5class_smote,563,2,2,1,38.17486632464552,0.9999993443489076,,red
rf_5class_smote,564,3,0,0,83.03868117811713,0.9878910779953004,,red
rf_5class_smote,565,1,1,1,169.7681075411272,0.9999993443489076,,green
rf_5class_smote,566,3,0,0,3.225745454992277,0.9999991059303284,,red
rf_5class_smote,567,0,0,1,1188.9539767052393,0.9999993443489076,,red
rf_5class_smote,568,0,0,1,31.53262558704824,0.9999993443489076,,red
rf_5class_smote,569,1,1,1,103.9504696891553,0.9999993443489076,,green
rf_5class_smote,570,2,0,0,0.7243781361241881,0.6521728038787842,,red
rf_5class_smote,571,2,1,0,5.54971588499187,0.9999993443489076,,green
rf_5class_smote,572,2,2,1,14.733621025047027,0.9999993443489076,,red
rf_5class_smote,573,3,0,0,3.3488253575035305,0.9999993443489076,,red
rf_5class_smote,574,4,0,0,4.540486169575551,0.6521719098091125,,red
rf_5class_smote,575,1,0,0,1.6260558543432597,0.999999225139618,,red
rf_5class_smote,576,0,0,1,21.78222731569501,0.9999993443489076,,red
rf_5class_smote,577,0,0,1,15.264330867360663,0.9999993443489076,,red
rf_5class_smote,578,4,4,1,0.30033091252946537,1.0,,red
rf_5class_smote,579,4,0,0,0.9984352374504945,0.6247121691703796,,red
rf_5class_smote,580,2,2,1,47.79935860410427,0.9999993443489076,,red
rf_5class_smote,581,0,0,1,8.769116771697655,0.9999993443489076,,red
rf_5class_smote,582,1,0,0,1.3672396635983788,0.6362065076828003,,red
rf_5class_smote,583,4,0,0,0.6891288137091482,0.9997729063034058,,red
rf_5class_smote,584,1,1,1,17.638820406435148,0.9999993443489076,,green
rf_5class_smote,585,2,0,0,1.1593815951133664,0.8490559458732605,,red
rf_5class_smote,586,3,0,0,8.477928006996402,0.9999993443489076,,red
rf_5class_smote,587,0,0,1,3.2773184601997563,0.9999993443489076,,red
rf_5class_smote,588,4,0,0,1.5545567839387273,0.9999993443489076,,red
rf_5class_smote,589,3,0,0,2.844389610940224,0.9999984502792358,,red
rf_5class_smote,590,2,2,1,47.193839785110136,0.9999993443489076,,red
rf_5class_smote,591,3,0,0,2.185286637778527,0.9999983906745912,,red
rf_5class_smote,592,1,1,1,58.080166278536424,0.8731803297996521,,green
rf_5class_smote,593,3,0,0,1.8141116944507198,0.9999991059303284,,red
rf_5class_smote,594,2,2,1,4.182181718661724,0.9999993443489076,,red
rf_5class_smote,595,2,0,0,0.5507607794688217,0.8490559458732605,,red
rf_5class_smote,596,0,0,1,21.752671848468957,0.9999993443489076,,red
rf_5class_smote,597,4,0,0,0.5850415759100274,0.9999582767486572,,red
rf_5class_smote,598,3,0,0,146.21591677137604,0.9999993443489076,,red
rf_5class_smote,599,0,0,1,3.020904932110982,0.9999993443489076,,red
rf_5class_smote,600,2,2,1,26.124119827582977,0.9999993443489076,,red
rf_5class_smote,601,2,2,1,48.506442296046,0.9999993443489076,,red
rf_5class_smote,602,2,2,1,73.09951580801105,0.9999993443489076,,red
rf_5class_smote,603,1,1,1,51.94852215287827,0.9999993443489076,,green
rf_5class_smote,604,1,1,1,41.9005996933487,0.9999993443489076,,green
rf_5class_smote,605,1,1,1,78.71269902912606,0.9999993443489076,,green
rf_5class_smote,606,0,0,1,9.754754595548391,0.9999993443489076,,red
rf_5class_smote,607,2,2,1,3.8426905118252312,0.9999993443489076,,red
rf_5class_smote,608,1,0,0,5.407188455903696,0.8333326578140259,,red
rf_5class_smote,609,0,0,1,10.901776790806151,0.8333324193954468,,red
rf_5class_smote,610,1,1,1,45.831462916216424,0.9999993443489076,,green
rf_5class_smote,611,1,1,1,47.19991801232743,0.9999993443489076,,green
rf_5class_smote,612,2,2,1,177.5055031552731,0.9999993443489076,,red
rf_5class_smote,613,0,0,1,11.358871049266591,0.9999993443489076,,red
rf_5class_smote,614,2,2,1,0.5299639870282988,0.8333327770233154,,red
rf_5class_smote,615,0,0,1,15.299793564363878,0.9999993443489076,,red
rf_5class_smote,616,2,1,0,1.7565797125967226,0.4201676547527313,,green
rf_5class_smote,617,1,1,1,20.77353824098466,0.9999993443489076,,green
rf_5class_smote,618,0,0,1,40893.327261345876,0.9999993443489076,,red
rf_5class_smote,619,1,1,1,11.744774664103538,0.9999993443489076,,green
rf_5class_smote,620,2,0,0,0.5261561423344251,0.9878910779953004,,red
rf_5class_smote,621,0,2,0,2.7405190765969767,0.9999993443489076,,red
rf_5class_smote,622,1,1,1,36.003542409827396,0.9999993443489076,,green
rf_5class_smote,623,3,0,0,3.0867164661543613,0.9999987483024596,,red
rf_5class_smote,624,4,0,0,0.7332561420850021,0.990638554096222,,red
rf_5class_smote,625,2,2,1,0.31534668543774574,0.6666659712791443,,red
rf_5class_smote,626,3,0,0,1.3511422473873398,0.4999993741512298,,red
rf_5class_smote,627,2,2,1,31.31164471972404,0.9999993443489076,,red
rf_5class_smote,628,1,1,1,47.001048932776115,0.9999993443489076,,green
rf_5class_smote,629,0,0,1,22.722281488513644,0.9999993443489076,,red
rf_5class_smote,630,1,1,1,1.9291347931481742,0.9999993443489076,,green
rf_5class_smote,631,3,0,0,2.3141418395809468,0.9999988675117492,,red
rf_5class_smote,632,1,1,1,234.26012028157845,0.9999993443489076,,green
rf_5class_smote,633,1,0,0,1.2604266953698313,0.6362065076828003,,red
rf_5class_smote,634,2,1,0,5.986075633015827,0.9999993443489076,,green
rf_5class_smote,635,2,2,1,21.944441844348557,0.9999993443489076,,red
rf_5class_smote,636,3,0,0,3.4680865193828914,0.9878910779953004,,red
rf_5class_smote,637,0,0,1,0.9772505242945061,0.9839990139007568,,red
rf_5class_smote,638,0,0,1,43.83632823343181,0.9999993443489076,,red
rf_5class_smote,639,1,1,1,1.958533860949406,0.5263155102729797,,green
rf_5class_smote,640,3,0,0,3.8751961348300457,0.9999989867210388,,red
rf_5class_smote,641,2,2,1,29.849604829113563,0.9999993443489076,,red
rf_5class_smote,642,1,1,1,1.7691945155979998,0.5555552840232849,,green
rf_5class_smote,643,1,1,1,54.63626859258812,0.9999993443489076,,green
rf_5class_smote,644,1,1,1,51.07912973236209,0.9999993443489076,,green
rf_5class_smote,645,2,2,1,3.1429296682846917,0.9999989867210388,,red
rf_5class_smote,646,0,0,1,15.254547518882998,0.9999993443489076,,red
rf_5class_smote,647,0,0,1,164.9635133772805,0.9999991059303284,,red
rf_5class_smote,648,0,0,1,713.2355276711148,0.9999993443489076,,red
rf_5class_smote,649,1,1,1,45.355092248076005,0.9999993443489076,,green
rf_5class_smote,650,3,0,0,5.7918320786284,0.9347174167633056,,red
rf_5class_smote,651,1,1,1,2.0331837244971127,0.9999993443489076,,green
rf_5class_smote,652,0,0,1,85444.9024594415,0.9999993443489076,,red
rf_5class_smote,653,1,1,1,2.5443915194329247,0.8620683550834656,,green
rf_5class_smote,654,3,0,0,3.158769283991999,0.999999225139618,,red
rf_5class_smote,655,1,1,1,42.0456033968406,0.9999993443489076,,green
rf_5class_smote,656,2,0,0,1.1641109857503587,0.9878910779953004,,red
rf_5class_smote,657,3,0,0,0.7950468124505706,0.5882348418235779,,red
rf_5class_smote,658,3,0,0,1.8220063313287176,0.9999993443489076,,red
rf_5class_smote,659,4,0,0,0.5257562799922817,0.9998937845230104,,red
rf_5class_smote,660,3,0,0,146.88813825147392,0.9999993443489076,,red
rf_5class_smote,661,3,0,0,1.826992693334085,0.9999993443489076,,red
rf_5class_smote,662,3,0,0,1.6624589785146007,0.9999993443489076,,red
rf_5class_smote,663,2,2,1,2.512742217462972,0.9999989867210388,,red
rf_5class_smote,664,4,0,0,0.7710375525443206,0.9999982118606568,,red
rf_5class_smote,665,0,0,1,8.228459245360574,0.9999993443489076,,red
rf_5class_smote,666,1,1,1,1.1854347331296224,0.5228756070137024,,green
rf_5class_smote,667,0,0,1,4.06073533776481,0.9999993443489076,,red
rf_5class_smote,668,0,0,1,3.521527868556795,0.9999993443489076,,red
rf_5class_smote,669,0,0,1,26.579279970056604,0.9999993443489076,,red
rf_5class_smote,670,2,2,1,2.039777234641636,0.9999993443489076,,red
rf_5class_smote,671,3,0,0,4.168967656792045,0.999960482120514,,red
rf_5class_smote,672,0,0,1,19.5403256139464,0.9999993443489076,,red
rf_5class_smote,673,3,0,0,4.93517699097452,0.9999993443489076,,red
rf_5class_smote,674,2,0,0,0.46880937354636276,0.7894728779792786,,red
rf_5class_smote,675,0,0,1,160.90795023334738,0.9999993443489076,,red
rf_5class_smote,676,0,0,1,998.2144230922823,0.9999993443489076,,red
rf_5class_smote,677,3,0,0,146.96069366203437,0.9999993443489076,,red
rf_5class_smote,678,2,0,0,1.2679568405048915,0.7499991059303284,,red
rf_5class_smote,679,0,0,1,17.726238886273002,0.9999993443489076,,red
rf_5class_smote,680,0,0,1,25.526446924805697,0.9999993443489076,,red
rf_5class_smote,681,2,2,1,19.67475269990494,0.9999993443489076,,red
rf_5class_smote,682,1,1,1,51.49094596689758,0.9999993443489076,,green
rf_5class_smote,683,2,2,1,0.4118263850326914,0.9999989867210388,,red
rf_5class_smote,684,1,1,1,42.92546074596857,0.9999993443489076,,green
rf_5class_smote,685,3,0,0,5.679659554977732,0.999999225139618,,red
rf_5class_smote,686,3,0,0,2.310128685880585,0.9999988675117492,,red
rf_5class_smote,687,0,0,1,130.2029614102119,0.9999993443489076,,red
rf_5class_smote,688,4,0,0,0.9998631592455886,0.9968706965446472,,red
rf_5class_smote,689,0,0,1,12.139212106331088,0.9999993443489076,,red
rf_5class_smote,690,2,2,1,38.362506608892936,0.9999993443489076,,red
rf_5class_smote,691,2,2,1,0.3154007822794171,0.7499994039535522,,red
rf_5class_smote,692,0,0,1,11.91790281852182,0.9999993443489076,,red
rf_5class_smote,693,1,0,0,1.5998152773567598,0.9853128790855408,,red
rf_5class_smote,694,1,1,1,33.09487311099611,0.5263155698776245,,green
rf_5class_smote,695,3,0,0,2.5661407182475715,0.9999973177909852,,red
rf_5class_smote,696,0,0,1,0.8883448282595718,0.9853129982948304,,red
rf_5class_smote,697,1,1,1,1.6779753118981842,0.5263155698776245,,green
rf_5class_smote,698,2,0,0,0.6464724607227427,0.8333326578140259,,red
rf_5class_smote,699,0,0,1,4.0185707700701725,0.9999993443489076,,red
rf_5class_smote,700,4,3,0,0.8071537636395905,0.7056509256362915,,amber
rf_5class_smote,701,0,0,1,127.54369560189,0.9999993443489076,,red
rf_5class_smote,702,1,1,1,41.57878354031285,0.9999993443489076,,green
rf_5class_smote,703,2,0,0,1.2677635573440773,0.8108100295066833,,red
rf_5class_smote,704,1,1,1,27.492536322531183,0.8624571561813354,,green
rf_5class_smote,705,0,0,1,5059.127779704491,0.9999993443489076,,red
rf_5class_smote,706,2,0,0,1.0473310302461878,0.8333326578140259,,red
rf_5class_smote,707,0,0,1,15.042724582479062,0.9999993443489076,,red
rf_5class_smote,708,3,0,0,50.127608426658895,0.9878910779953004,,red
rf_5class_smote,709,2,2,1,24.238495757430552,0.9999993443489076,,red
rf_5class_smote,710,2,2,1,28.973451888606142,0.9999993443489076,,red
rf_5class_smote,711,0,0,1,8.891771124057158,0.9999993443489076,,red
rf_5class_smote,712,3,0,0,2.908017604369757,0.9878907203674316,,red
rf_5class_smote,713,2,2,1,12.74204787303005,0.9999993443489076,,red
rf_5class_smote,714,2,2,1,85.25327897585568,0.9999993443489076,,red
rf_5class_smote,715,2,2,1,4.808202609719808,0.9999993443489076,,red
rf_5class_smote,716,3,0,0,2.4436190805172044,0.999999225139618,,red
rf_5class_smote,717,0,0,1,3113.4501294506886,0.9999993443489076,,red
rf_5class_smote,718,3,0,0,3.002257967574271,0.9999988675117492,,red
rf_5class_smote,719,2,2,1,55.357671537512005,0.9999993443489076,,red
rf_5class_smote,720,2,1,0,1.4426559855087764,0.8571423888206482,,green
rf_5class_smote,721,0,0,1,2.827625937237533,0.9999993443489076,,red
rf_5class_smote,722,0,0,1,49.48254788060761,0.9999993443489076,,red
rf_5class_smote,723,0,0,1,34.96067405862249,0.9999993443489076,,red
rf_5class_smote,724,0,0,1,99.59513707489879,0.9999993443489076,,red
rf_5class_smote,725,0,0,1,5086.813925123565,0.9999993443489076,,red
rf_5class_smote,726,3,0,0,2.4857415021021545,0.9999989867210388,,red
rf_5class_smote,727,2,2,1,2.8934576959468505,0.9999989867210388,,red
rf_5class_smote,728,1,1,1,41.29799729994475,0.9999993443489076,,green
rf_5class_smote,729,1,1,1,1.8500677245044572,0.8571423888206482,,green
rf_5class_smote,730,2,2,1,0.33387870051424795,0.818181037902832,,red
rf_5class_smote,731,3,0,0,83.03873734405538,0.9999993443489076,,red
rf_5class_smote,732,1,1,1,46.58379349847762,0.9999993443489076,,green
rf_5class_smote,733,0,0,1,0.9825826706043828,0.9839990139007568,,red
rf_5class_smote,734,1,1,1,68.68322465361366,0.9999993443489076,,green
rf_5class_smote,735,1,1,1,1.0544565352304538,0.9999993443489076,,green
rf_5class_smote,736,1,0,0,2.0483309323180605,0.9999993443489076,,red
rf_5class_smote,737,1,1,1,1.5906396320121758,0.5263155102729797,,green
rf_5class_smote,738,3,0,0,2.3729892540533273,0.9999993443489076,,red
rf_5class_smote,739,0,0,1,0.9797039232178979,0.9839991331100464,,red
rf_5class_smote,740,3,0,0,2.0065694731318433,0.987890362739563,,red
rf_5class_smote,741,0,0,1,47104.20476939877,0.9999993443489076,,red
rf_5class_smote,742,2,2,1,0.9998780841632322,0.781249463558197,,red
rf_5class_smote,743,2,2,1,27.92974456717267,0.9999993443489076,,red
rf_5class_smote,744,3,0,0,2.3140373934918594,0.9999989867210388,,red
rf_5class_smote,745,2,2,1,50.17925686725484,0.9999993443489076,,red
rf_5class_smote,746,1,1,1,1.7889819818453239,0.540540337562561,,green
rf_5class_smote,747,0,0,1,43.3093089466926,0.9999993443489076,,red
rf_5class_smote,748,2,1,0,1.3255361410277262,0.9999993443489076,,green
rf_5class_smote,749,2,2,1,12.697023193103497,0.9999993443489076,,red
rf_5class_smote,750,0,0,1,11.482956470142822,0.9999993443489076,,red
rf_5class_smote,751,2,2,1,11.957998954845092,0.9999993443489076,,red
rf_5class_smote,752,0,0,1,8.632856624718794,0.9999993443489076,,red
rf_5class_smote,753,2,0,0,1.145749541004164,0.9839991331100464,,red
rf_5class_smote,754,3,0,0,6.186544829156901,0.9999986886978148,,red
rf_5class_smote,755,1,1,1,1.7740527848283034,0.6249997019767761,,green
rf_5class_smote,756,0,1,0,2.7589396789450813,0.9999993443489076,,green
rf_5class_smote,757,1,0,0,5.39760475841215,0.8333326578140259,,red
rf_5class_smote,758,0,0,1,20.90499565042853,0.9999993443489076,,red
rf_5class_smote,759,1,1,1,48.00456399202405,0.9999993443489076,,green
rf_5class_smote,760,3,0,0,2.4390661861133927,0.9999988675117492,,red
rf_5class_smote,761,0,0,1,13.928529495543769,0.9999993443489076,,red
rf_5class_smote,762,0,0,1,15.37375713056172,0.9999993443489076,,red
rf_5class_smote,763,3,0,0,2.4949180008592844,0.9999991059303284,,red
rf_5class_smote,764,0,0,1,29582.325907305814,0.9999993443489076,,red
rf_5class_smote,765,3,0,0,0.7958931592843677,0.9853113293647766,,red
rf_5class_smote,766,2,2,1,0.5274150001734981,0.8333327770233154,,red
rf_5class_smote,767,0,0,1,96.57901319959625,0.9999993443489076,,red
rf_5class_smote,768,0,0,1,33.767599272036215,0.9999993443489076,,red
rf_5class_smote,769,2,2,1,103.53303605251642,0.9999993443489076,,red
rf_5class_smote,770,1,1,1,43.18035597496453,0.9999993443489076,,green
rf_5class_smote,771,0,2,0,3.092135795301433,0.9999993443489076,,red
rf_5class_smote,772,1,1,1,11.338963368855689,0.9999993443489076,,green
rf_5class_smote,773,1,1,1,45.655563970343344,0.9999993443489076,,green
rf_5class_smote,774,3,0,0,1.4196238827769256,0.9878908395767212,,red
rf_5class_smote,775,3,0,0,6.133114038935127,0.9999986886978148,,red
rf_5class_smote,776,3,0,0,2.50318696135555,0.9878905415534972,,red
rf_5class_smote,777,4,0,0,1.567608914056024,0.937218964099884,,red
rf_5class_smote,778,1,0,0,1.599721517790452,0.999999225139618,,red
rf_5class_smote,779,0,0,1,19.265889757473097,0.9999993443489076,,red
rf_5class_smote,780,0,0,1,669.4896034904497,0.9999993443489076,,red
rf_5class_smote,781,0,0,1,58.70886278098105,0.9999993443489076,,red
rf_5class_smote,782,0,0,1,50.14377060142063,0.9999993443489076,,red
rf_5class_smote,783,1,1,1,47.87558735531105,0.9999993443489076,,green
rf_5class_smote,784,1,1,1,1.9758301685635202,0.540540337562561,,green
rf_5class_smote,785,0,0,1,12.102382069427854,0.9999993443489076,,red
rf_5class_smote,786,3,0,0,2.7447036161071137,0.9999989867210388,,red
rf_5class_smote,787,1,0,0,1.602763189651698,0.9839990139007568,,red
rf_5class_smote,788,1,1,1,113.8860648215231,0.9999993443489076,,green
rf_5class_smote,789,4,0,0,21.70172708080716,0.9999976754188538,,red
rf_5class_smote,790,0,0,1,10.734084064092238,0.9999993443489076,,red
rf_5class_smote,791,0,0,1,15.588002690403478,0.9999993443489076,,red
rf_5class_smote,792,1,1,1,27.633425675477856,0.9999993443489076,,green
rf_5class_smote,793,2,1,0,1.3989164304096298,0.9999993443489076,,green
rf_5class_smote,794,1,1,1,1.556675791711332,0.5263155102729797,,green
rf_5class_smote,795,2,2,1,0.3465599894302937,0.7499992251396179,,red
rf_5class_smote,796,2,0,0,1.3244516305572995,0.7499991059303284,,red
rf_5class_smote,797,1,1,1,117.12460399656473,0.9999993443489076,,green
rf_5class_smote,798,1,1,1,11.881701405911162,0.9999993443489076,,green
rf_5class_smote,799,3,0,0,2.5940819703249836,0.9999989867210388,,red
rf_5class_smote,800,2,1,0,5.775306906023606,0.9999993443489076,,green
rf_5class_smote,801,2,2,1,12.992991673081404,0.9999993443489076,,red
rf_5class_smote,802,0,0,1,12.397485516674402,0.9999993443489076,,red
rf_5class_smote,803,0,0,1,188.02066048069057,0.9999993443489076,,red
rf_5class_smote,804,1,1,1,53.29279555344612,0.9999993443489076,,green
rf_5class_smote,805,3,0,0,3.403415813270885,0.9878908395767212,,red
rf_5class_smote,806,3,0,0,1.3628422650690815,0.9878909587860109,,red
rf_5class_smote,807,2,0,0,0.5062704068648829,0.9853129982948304,,red
rf_5class_smote,808,3,0,0,1.8233258719677041,0.999999225139618,,red
rf_5class_smote,809,4,0,0,0.5692980523502724,0.9999830722808838,,red
rf_5class_smote,810,0,0,1,3.5090463353738235,0.9999993443489076,,red
rf_5class_smote,811,4,0,0,4.51623870203669,0.9999993443489076,,red
rf_5class_smote,812,2,0,0,1.2272616662955182,0.7894728779792786,,red
rf_5class_smote,813,0,0,1,28.937393675756457,0.9999993443489076,,red
rf_5class_smote,814,1,1,1,32.322502883467145,0.9999993443489076,,green
rf_5class_smote,815,1,1,1,98.01761500912578,0.9999993443489076,,green
rf_5class_smote,816,1,1,1,43.83161061825154,0.9999993443489076,,green
rf_5class_smote,817,2,2,1,82.83494996401245,0.9999993443489076,,red
rf_5class_smote,818,1,1,1,44.39293303531547,0.9999993443489076,,green
rf_5class_smote,819,0,0,1,20.95496111138886,0.9999993443489076,,red
rf_5class_smote,820,3,0,0,2.3768168748279352,0.9878910779953004,,red
rf_5class_smote,821,4,0,0,9.261796263323388,0.9999993443489076,,red
rf_5class_smote,822,1,1,1,42.24046515041164,0.9999993443489076,,green
rf_5class_smote,823,3,0,0,84.12962150358254,0.9999993443489076,,red
rf_5class_smote,824,1,1,1,38.09470365894053,0.9999993443489076,,green
rf_5class_smote,825,1,1,1,172.5696625775958,0.9999993443489076,,green
rf_5class_smote,826,0,0,1,58.048061532763136,0.9999993443489076,,red
rf_5class_smote,827,1,1,1,47.483352326959874,0.9999993443489076,,green
rf_5class_smote,828,2,2,1,11.888674589306541,0.9999993443489076,,red
rf_5class_smote,829,2,2,1,12.062908985203201,0.9999993443489076,,red
rf_5class_smote,830,3,0,0,48.33392150377275,0.9878910779953004,,red
rf_5class_smote,831,3,3,1,1.5531768226606224,0.6153838038444519,,amber
rf_5class_smote,832,1,1,1,78.33451415454357,0.9999993443489076,,green
rf_5class_smote,833,2,0,0,1.2733476366526533,0.8333326578140259,,red
rf_5class_smote,834,1,1,1,137.8544402722199,0.9999993443489076,,green
rf_5class_smote,835,2,2,1,48.316282163213565,0.9999993443489076,,red
rf_5class_smote,836,1,1,1,23.640048878138327,0.9999993443489076,,green
rf_5class_smote,837,4,0,0,0.9985999878136077,0.999789834022522,,red
rf_5class_smote,838,3,0,0,2.502473790918937,0.9999991059303284,,red
rf_5class_smote,839,3,0,0,4.884841229170163,0.9999989867210388,,red
rf_5class_smote,840,0,0,1,13.629279687879187,0.9999993443489076,,red
rf_5class_smote,841,0,0,1,6292.150624156654,0.9999993443489076,,red
rf_5class_smote,842,3,0,0,2.8859092645971445,0.9999976754188538,,red
rf_5class_smote,843,0,0,1,0.5445229448804203,0.9853129982948304,,red
rf_5class_smote,844,1,1,1,87.9779080767264,0.9999993443489076,,green
rf_5class_smote,845,3,0,0,11.866569553836582,0.999999225139618,,red
rf_5class_smote,846,0,0,1,3.8062221311694673,0.9999993443489076,,red
rf_5class_smote,847,1,1,1,41.32967793097237,0.9999993443489076,,green
rf_5class_smote,848,1,1,1,33.33799391919472,0.9999993443489076,,green
rf_5class_smote,849,4,0,0,0.6830739802863706,0.9984508156776428,,red
rf_5class_smote,850,2,0,0,1.176316735671095,0.8415834903717041,,red
rf_5class_smote,851,1,0,0,2.2572114972063444,0.9853125810623168,,red
rf_5class_smote,852,0,0,1,17.233345941777227,0.9999993443489076,,red
rf_5class_smote,853,1,1,1,1.968824009828531,0.8624571561813354,,green
rf_5class_smote,854,2,0,0,0.5998511743923662,0.6521724462509155,,red
rf_5class_smote,855,3,0,0,1.8249989834249618,0.9999993443489076,,red
rf_5class_smote,856,1,1,1,43.77297672729924,0.9999993443489076,,green
rf_5class_smote,857,0,0,1,35.85232536001948,0.9999993443489076,,red
rf_5class_smote,858,3,0,0,2.5475608310094717,0.9999989867210388,,red
rf_5class_smote,859,3,0,0,4.007291115401905,0.999995231628418,,red
rf_5class_smote,860,3,0,0,3.9736603745231758,0.999995231628418,,red
rf_5class_smote,861,1,0,0,9.495505775828303,0.9878910779953004,,red
rf_5class_smote,862,1,0,0,4.072848488790873,0.9878910779953004,,red
rf_5class_smote,863,1,0,0,1.58160782694992,0.8490558862686157,,red
rf_5class_smote,864,2,2,1,73.27240712206485,0.9999993443489076,,red
rf_5class_smote,865,4,0,0,1.8018056973440555,0.9999993443489076,,red
rf_5class_smote,866,3,0,0,3.066043601765869,0.9999976754188538,,red
rf_5class_smote,867,3,0,0,25.755973634108308,0.9878910779953004,,red
rf_5class_smote,868,3,0,0,0.6858833940881844,0.8108099699020386,,red
rf_5class_smote,869,4,0,0,4.331018967096035,0.9999993443489076,,red
rf_5class_smote,870,2,2,1,48.626578926097885,0.9999993443489076,,red
rf_5class_smote,871,3,0,0,76.4196874454423,0.9999993443489076,,red
rf_5class_smote,872,2,2,1,10.644440976256,0.9999993443489076,,red
rf_5class_smote,873,2,2,1,74.21161788560029,0.9999993443489076,,red
rf_5class_smote,874,1,1,1,73.76072902929214,0.9999993443489076,,green
rf_5class_smote,875,1,1,1,25.56155624301397,0.9999993443489076,,green
rf_5class_smote,876,0,0,1,11.571189325250272,0.9999993443489076,,red
rf_5class_smote,877,0,0,1,48.43757223598215,0.9999993443489076,,red
rf_5class_smote,878,3,0,0,24.230914800375984,0.9999993443489076,,red
rf_5class_smote,879,2,0,0,0.4527890205212237,0.8333326578140259,,red
rf_5class_smote,880,1,1,1,28.486795979078185,0.9999993443489076,,green
rf_5class_smote,881,4,0,0,1.367766132800834,0.9878835082054138,,red
rf_5class_smote,882,0,0,1,99.8645214922029,0.9999993443489076,,red
rf_5class_smote,883,2,2,1,40.50323845253409,0.9999993443489076,,red
rf_5class_smote,884,3,0,0,3.9546017749038986,0.999995231628418,,red
rf_5class_smote,885,0,0,1,17.642688976541695,0.9999993443489076,,red
rf_5class_smote,886,1,0,0,0.435841420197391,0.9999989867210388,,red
rf_5class_smote,887,3,0,0,56.109223313503854,0.9878910779953004,,red
rf_5class_smote,888,2,2,1,2.9897616796969446,0.9999993443489076,,red
rf_5class_smote,889,0,0,1,82.85488578604064,0.9999993443489076,,red
rf_5class_smote,890,2,2,1,19.473823121129286,0.9999993443489076,,red
rf_5class_smote,891,0,0,1,1.2402501725195063,0.9999986886978148,,red
rf_5class_smote,892,1,1,1,32.36476359561403,0.9999993443489076,,green
rf_5class_smote,893,3,0,0,2.8335358794480037,0.9999986886978148,,red
rf_5class_smote,894,4,0,0,0.6100432750498369,0.9972807168960572,,red
rf_5class_smote,895,0,0,1,13.717290891081916,0.9999993443489076,,red
rf_5class_smote,896,0,0,1,158.03729343197557,0.9999993443489076,,red
rf_5class_smote,897,1,1,1,22.42365299587963,0.9999993443489076,,green
rf_5class_smote,898,3,0,0,1.6388008948521031,0.8490559458732605,,red
rf_5class_smote,899,0,0,1,64.23056115855427,0.9999993443489076,,red
rf_5class_smote,900,1,1,1,2.0492350033015687,0.9999993443489076,,green
rf_5class_smote,901,1,0,0,5.620810583417633,0.9839991331100464,,red
rf_5class_smote,902,2,2,1,42.398937120045446,0.9999993443489076,,red
rf_5class_smote,903,0,0,1,48.39148289433136,0.9999993443489076,,red
rf_5class_smote,904,1,1,1,49.86148217446996,0.9999993443489076,,green
rf_5class_smote,905,2,0,0,1.3772654079908233,0.8490558862686157,,red
rf_5class_smote,906,1,1,1,35.681467941000754,0.9999993443489076,,green
rf_5class_smote,907,1,1,1,13.436940091939853,0.9999993443489076,,green
rf_5class_smote,908,2,0,0,0.9136840720011477,0.8490559458732605,,red
rf_5class_smote,909,2,2,1,3.318417587531809,0.9999991059303284,,red
rf_5class_smote,910,2,2,1,68.96954762422382,0.9999993443489076,,red
rf_5class_smote,911,4,0,0,1.40217867225897,0.4999920427799225,,red
rf_5class_smote,912,1,1,1,2.857277625670138,0.6756752729415894,,green
rf_5class_smote,913,1,1,1,4.046930170795866,0.9999993443489076,,green
rf_5class_smote,914,0,0,1,19.331182668864646,0.9999993443489076,,red
rf_5class_smote,915,2,2,1,15.18848604975671,0.9999993443489076,,red
rf_5class_smote,916,4,0,0,1.232734675494176,0.7664223313331604,,red
rf_5class_smote,917,0,0,1,0.7206246254681552,0.9853129982948304,,red
rf_5class_smote,918,0,0,1,90.21692430000171,0.9999993443489076,,red
rf_5class_smote,919,1,1,1,41.83570967979459,0.9999993443489076,,green
rf_5class_smote,920,3,0,0,1.4335984310871914,0.9878897070884703,,red
rf_5class_smote,921,1,1,1,0.5481325690863176,0.8620681762695312,,green
rf_5class_smote,922,1,1,1,2.3788934029211224,0.5263155698776245,,green
rf_5class_smote,923,3,0,0,5.500578417157118,0.9999984502792358,,red
rf_5class_smote,924,3,0,0,2.2335849072962928,0.5555551052093506,,red
rf_5class_smote,925,1,0,0,5.270778137954519,0.8333326578140259,,red
rf_5class_smote,926,3,0,0,2.8672278143164234,0.9999973177909852,,red
rf_5class_smote,927,3,0,0,2.1569264717896446,0.6521734595298767,,red
rf_5class_smote,928,1,1,1,43.695892552764896,0.9999993443489076,,green
rf_5class_smote,929,3,0,0,2.3141418395809468,0.9999989867210388,,red
rf_5class_smote,930,1,1,1,125.36157114789745,0.9999993443489076,,green
rf_5class_smote,931,0,0,1,14.420781383793152,0.8490557670593262,,red
rf_5class_smote,932,2,2,1,0.7845092681992786,0.9999993443489076,,red
rf_5class_smote,933,1,0,0,5.253066158258462,0.8333326578140259,,red
rf_5class_smote,934,0,0,1,41.97902153903013,0.9999993443489076,,red
rf_5class_smote,935,2,2,1,25.83249384687855,0.9999993443489076,,red
rf_5class_smote,936,4,0,0,1.3764925538043649,0.9853038787841796,,red
rf_5class_smote,937,4,0,0,0.7834340250866269,0.9968706965446472,,red
rf_5class_smote,938,3,0,0,2.8443700921728508,0.9999984502792358,,red
rf_5class_smote,939,0,0,1,34024.168356669,0.9999993443489076,,red
rf_5class_smote,940,1,1,1,55.57319711187228,0.9999993443489076,,green
rf_5class_smote,941,2,2,1,0.7497065987773145,0.6521735191345215,,red
rf_5class_smote,942,3,0,0,0.1969345936596031,0.9839990139007568,,red
rf_5class_smote,943,0,0,1,10.708607091423984,0.9999993443489076,,red
rf_5class_smote,944,1,1,1,11.319226856542267,0.9999993443489076,,green
rf_5class_smote,945,3,0,0,4.862871676725172,0.6521735191345215,,red
rf_5class_smote,946,3,0,0,2.5810315768149716,0.9878908395767212,,red
rf_5class_smote,947,1,1,1,103.7731888449915,0.9999993443489076,,green
rf_5class_smote,948,0,0,1,8.13551780193184,0.9999993443489076,,red
rf_5class_smote,949,0,0,1,1041.1612973204178,0.9999993443489076,,red
rf_5class_smote,950,3,0,0,2.5780334225286943,0.9853119254112244,,red
rf_5class_smote,951,1,1,1,56.894225641289175,0.9999993443489076,,green
rf_5class_smote,952,2,2,1,2.2510347696950204,0.9999991059303284,,red
rf_5class_smote,953,0,0,1,37.53642917461497,0.9999993443489076,,red
rf_5class_smote,954,1,2,0,0.9854181821531011,0.9999993443489076,,red
rf_5class_smote,955,3,0,0,1.3788930921739015,0.8227835297584534,,red
rf_5class_smote,956,1,1,1,126.19593513114405,0.9999993443489076,,green
rf_5class_smote,957,1,0,0,1.307232172837977,0.7211720943450928,,red
rf_5class_smote,958,3,0,0,2.708246017250407,0.9878908395767212,,red
rf_5class_smote,959,1,1,1,59.77604631288313,0.9999993443489076,,green
rf_5class_smote,960,0,2,0,2.467376560465311,0.9999993443489076,,red
rf_5class_smote,961,2,2,1,84.66582368006769,0.9999993443489076,,red
rf_5class_smote,962,1,1,1,53.75391563276084,0.9999993443489076,,green
rf_5class_smote,963,1,1,1,93.0434064473084,0.9999993443489076,,green
rf_5class_smote,964,0,0,1,6.830779156057714,0.9999993443489076,,red
rf_5class_smote,965,1,1,1,45.00447129825352,0.9999993443489076,,green
rf_5class_smote,966,3,0,0,16.07939450550722,0.9999993443489076,,red
rf_5class_smote,967,1,1,1,44.95716629075194,0.9999993443489076,,green
rf_5class_smote,968,3,0,0,2.0586597631896115,0.5882348418235779,,red
rf_5class_smote,969,4,3,0,0.499067305303192,0.9999916553497314,,amber
rf_5class_smote,970,3,0,0,4.413216971159283,0.9999979734420776,,red
rf_5class_smote,971,3,0,0,1.072030709428681,0.6249995827674866,,red
rf_5class_smote,972,3,0,0,1.822080793545395,0.9999993443489076,,red
rf_5class_smote,973,0,0,1,16569.89484931773,0.9999993443489076,,red
rf_5class_smote,974,0,0,1,0.9702386424219399,0.9839990139007568,,red
rf_5class_smote,975,2,2,1,106.94134682768279,0.9999993443489076,,red
rf_5class_smote,976,2,2,1,51.096205937879745,0.9999993443489076,,red
rf_5class_smote,977,4,0,0,1.5652085703170242,0.8957800269126892,,red
rf_5class_smote,978,2,2,1,1.1320645596558598,0.9999993443489076,,red
rf_5class_smote,979,3,0,0,2.647631167575394,0.999999225139618,,red
rf_5class_smote,980,0,0,1,19.70102081234314,0.9999993443489076,,red
rf_5class_smote,981,0,0,1,18.394442913849403,0.9999993443489076,,red
rf_5class_smote,982,2,0,0,0.9572848447667808,0.789472758769989,,red
rf_5class_smote,983,2,2,1,2.161078102624214,0.999999225139618,,red
rf_5class_smote,984,0,0,1,38.812280441308296,0.9999993443489076,,red
rf_5class_smote,985,1,1,1,30.203875978574242,0.9999993443489076,,green
rf_5class_smote,986,2,2,1,0.43168487020289886,0.9999993443489076,,red
rf_5class_smote,987,3,0,0,3.2523492790989255,0.9999988675117492,,red
rf_5class_smote,988,3,0,0,2.501615046799992,0.9999991059303284,,red
rf_5class_smote,989,1,1,1,10.622263467218735,0.9999993443489076,,green
rf_5class_smote,990,3,0,0,3.2311743752956876,0.999999225139618,,red
rf_5class_smote,991,2,0,0,0.45770329413266303,0.9820349812507628,,red
rf_5class_smote,992,3,0,0,4.889926479411639,0.9999989867210388,,red
rf_5class_smote,993,0,0,1,14.124034190975854,0.9999993443489076,,red
rf_5class_smote,994,0,0,1,41081.84329359331,0.9999993443489076,,red
rf_5class_smote,995,1,1,1,1.0609333857257601,0.8620683550834656,,green
rf_5class_smote,996,1,1,1,48.27709563281015,0.9999993443489076,,green
rf_5class_smote,997,2,2,1,3.359280236550153,0.9999989867210388,,red
rf_5class_smote,998,4,0,0,0.6817446231300999,0.9999903440475464,,red
rf_5class_smote,999,0,0,1,3968.8418744014875,0.9999993443489076,,red
xgb_5class_smote,0,0,0,1,1426.4790956240463,0.99999737739563,,red
xgb_5class_smote,1,4,0,0,0.9996701493214889,0.999992609024048,,red
xgb_5class_smote,2,3,0,0,19.57039394495377,0.99999737739563,,red
xgb_5class_smote,3,3,0,0,2.314466515716473,0.99999737739563,,red
xgb_5class_smote,4,0,0,1,23583.769638377853,0.99999737739563,,red
xgb_5class_smote,5,2,0,0,0.6028012315118182,0.6037700772285461,,red
xgb_5class_smote,6,4,0,0,4.711534731770332,0.6693850159645081,,red
xgb_5class_smote,7,3,0,0,0.46451797438591785,0.9999973177909852,,red
xgb_5class_smote,8,1,1,1,2.014088534083949,0.99999737739563,,green
xgb_5class_smote,9,0,0,1,8.937484916081619,0.99999737739563,,red
xgb_5class_smote,10,2,2,1,85.5104188187224,0.99999737739563,,red
xgb_5class_smote,11,2,2,1,2.790651598510382,0.99999737739563,,red
xgb_5class_smote,12,0,0,1,66.17880874068598,0.99999737739563,,red
xgb_5class_smote,13,1,0,0,1.755152256980912,0.99999737739563,,red
xgb_5class_smote,14,3,0,0,2.345951702253948,0.99999737739563,,red
xgb_5class_smote,15,0,2,0,4.504228853081429,0.99999737739563,,red
xgb_5class_smote,16,0,0,1,24.099142805325386,0.99999737739563,,red
xgb_5class_smote,17,3,0,0,2.6311099775875664,0.99999737739563,,red
xgb_5class_smote,18,0,0,1,15621.685808759898,0.99999737739563,,red
xgb_5class_smote,19,0,0,1,61.18910487614893,0.99999737739563,,red
xgb_5class_smote,20,0,0,1,6.136705625717214,0.99999737739563,,red
xgb_5class_smote,21,3,0,0,4.300641128180492,0.99999737739563,,red
xgb_5class_smote,22,0,0,1,10.414757643757524,0.99999737739563,,red
xgb_5class_smote,23,1,1,1,1.9215990167460877,0.6515177488327026,,green
xgb_5class_smote,24,0,0,1,1.0105332363721378,0.7518607378005981,,red
xgb_5class_smote,25,2,2,1,15.099437037454896,0.99999737739563,,red
xgb_5class_smote,26,0,0,1,0.5665761410324758,0.99999737739563,,red
xgb_5class_smote,27,4,4,1,2.0048390482156977,1.0,,red
xgb_5class_smote,28,3,0,0,38.66311479908894,0.99999737739563,,red
xgb_5class_smote,29,1,1,1,60.930018422082085,0.99999737739563,,green
xgb_5class_smote,30,1,1,1,1.7149099804497712,0.6527616381645203,,green
xgb_5class_smote,31,4,0,0,0.8099510917391001,0.5916339159011841,,red
xgb_5class_smote,32,2,2,1,0.5118296300803423,0.956519365310669,,red
xgb_5class_smote,33,2,2,1,3.894844854921675,0.99999737739563,,red
xgb_5class_smote,34,1,1,1,29.827866231378195,0.99999737739563,,green
xgb_5class_smote,35,3,0,0,145.80723871345305,0.99999737739563,,red
xgb_5class_smote,36,1,1,1,42.673542744646184,0.99999737739563,,green
xgb_5class_smote,37,1,1,1,37.7508780729963,0.99999737739563,,green
xgb_5class_smote,38,1,1,1,12.54300592275959,0.99999737739563,,green
xgb_5class_smote,39,2,2,1,5.395576388261182,0.99999737739563,,red
xgb_5class_smote,40,0,0,1,8.869197208058228,0.99999737739563,,red
xgb_5class_smote,41,3,0,0,2.8813486310424046,0.99999737739563,,red
xgb_5class_smote,42,1,1,1,42.72191527342177,0.99999737739563,,green
xgb_5class_smote,43,2,2,1,0.72626102811069,0.99999737739563,,red
xgb_5class_smote,44,2,0,0,0.7311790241474289,0.7291648387908936,,red
xgb_5class_smote,45,3,0,0,1.039539353709097,0.99999737739563,,red
xgb_5class_smote,46,1,1,1,53.12079281147696,0.99999737739563,,green
xgb_5class_smote,47,1,1,1,117.26000440708827,0.99999737739563,,green
xgb_5class_smote,48,0,0,1,3.113854624616406,0.99999737739563,,red
xgb_5class_smote,49,3,3,1,0.27183865540798136,0.5689640641212463,,green
xgb_5class_smote,50,2,2,1,55.958926136141855,0.99999737739563,,red
xgb_5class_smote,51,2,0,0,0.46083977806702164,0.7291648387908936,,red
xgb_5class_smote,52,3,0,0,2.502473833729125,0.99999737739563,,red
xgb_5class_smote,53,1,1,1,30.489036844561028,0.99999737739563,,green
xgb_5class_smote,54,2,2,1,0.4661758370091211,0.99999737739563,,red
xgb_5class_smote,55,3,0,0,2.345951887254269,0.99999737739563,,red
xgb_5class_smote,56,1,1,1,32.283261860802064,0.99999737739563,,green
xgb_5class_smote,57,0,0,1,35.49648013623536,0.99999737739563,,red
xgb_5class_smote,58,2,2,1,1.7591405460069016,0.99999737739563,,red
xgb_5class_smote,59,3,3,1,0.5583492911931448,0.99999737739563,,green
xgb_5class_smote,60,0,0,1,15.188129810275564,0.99999737739563,,red
xgb_5class_smote,61,3,0,0,2.055299730114618,0.6666648387908936,,red
xgb_5class_smote,62,0,0,1,14.349564981967651,0.99999737739563,,red
xgb_5class_smote,63,0,0,1,16.055043727055494,0.99999737739563,,red
xgb_5class_smote,64,2,0,0,0.5262633436269131,0.99999737739563,,red
xgb_5class_smote,65,0,0,1,108.27163647216688,0.99999737739563,,red
xgb_5class_smote,66,0,0,1,16.28112185754801,0.99999737739563,,red
xgb_5class_smote,67,1,1,1,2.1038647028110327,0.99999737739563,,green
xgb_5class_smote,68,0,0,1,68.39482951299627,0.99999737739563,,red
xgb_5class_smote,69,0,0,1,25.344712126673915,0.99999737739563,,red
xgb_5class_smote,70,0,0,1,85.8093914255096,0.99999737739563,,red
xgb_5class_smote,71,2,2,1,124.25899873220571,0.99999737739563,,red
xgb_5class_smote,72,0,0,1,5.311273611542196,0.99999737739563,,red
xgb_5class_smote,73,1,1,1,34.00488530108476,0.99999737739563,,green
xgb_5class_smote,74,3,3,1,0.5187650659414932,0.99999737739563,,green
xgb_5class_smote,75,4,0,0,1.6734970683370514,0.8576440811157227,,red
xgb_5class_smote,76,3,0,0,58.73975394148585,0.99999737739563,,red
xgb_5class_smote,77,2,0,0,1.1269860200283877,0.99999737739563,,red
xgb_5class_smote,78,0,0,1,25.966264160293033,0.99999737739563,,red
xgb_5class_smote,79,0,0,1,58.55786995056329,0.99999737739563,,red
xgb_5class_smote,80,1,1,1,32.30504045170547,0.99999737739563,,green
xgb_5class_smote,81,2,2,1,22.13308166960523,0.99999737739563,,red
xgb_5class_smote,82,1,1,1,88.75040658610993,0.99999737739563,,green
xgb_5class_smote,83,4,0,0,0.7213933834184233,0.9999866485595704,,red
xgb_5class_smote,84,0,2,0,2.652325344789137,0.99999737739563,,red
xgb_5class_smote,85,1,1,1,30.800958416167102,0.99999737739563,,green
xgb_5class_smote,86,0,0,1,17966.950484829355,0.99999737739563,,red
xgb_5class_smote,87,1,2,0,0.1920053417099506,0.6304211616516113,,red
xgb_5class_smote,88,0,0,1,71.9775417347049,0.99999737739563,,red
xgb_5class_smote,89,1,1,1,40.94800552026052,0.99999737739563,,green
xgb_5class_smote,90,0,2,0,8.603434907661883,0.99999737739563,,red
xgb_5class_smote,91,1,1,1,66.43537856706052,0.99999737739563,,green
xgb_5class_smote,92,0,0,1,49.41002547877324,0.99999737739563,,red
xgb_5class_smote,93,1,1,1,34.40484502084375,0.99999737739563,,green
xgb_5class_smote,94,4,4,1,0.6597677829039263,0.8773679137229919,,red
xgb_5class_smote,95,4,0,0,3.0063956630853266,0.9999921917915344,,red
xgb_5class_smote,96,1,1,1,87.2130665080078,0.99999737739563,,green
xgb_5class_smote,97,0,0,1,20.23036164579761,0.99999737739563,,red
xgb_5class_smote,98,0,0,1,11.00101751145461,0.99999737739563,,red
xgb_5class_smote,99,1,1,1,40.14090607953352,0.99999737739563,,green
xgb_5class_smote,100,3,0,0,4.155293912539958,0.99999737739563,,red
xgb_5class_smote,101,2,0,0,0.5059526748612464,0.9999973177909852,,red
xgb_5class_smote,102,2,0,0,1.119868837594635,0.99999737739563,,red
xgb_5class_smote,103,3,0,0,2.833699445622038,0.99999737739563,,red
xgb_5class_smote,104,0,0,1,2514.4784604752494,0.99999737739563,,red
xgb_5class_smote,105,3,0,0,1.7701894802098987,0.99999737739563,,red
xgb_5class_smote,106,1,1,1,42.385508127308995,0.99999737739563,,green
xgb_5class_smote,107,2,0,0,0.7030113327825948,0.6578932404518127,,red
xgb_5class_smote,108,2,2,1,0.329451792399259,0.6226401329040527,,red
xgb_5class_smote,109,4,0,0,10.45779375788462,0.99999737739563,,red
xgb_5class_smote,110,4,4,1,1.0062103910841351,0.9541943073272704,,red
xgb_5class_smote,111,0,0,1,1221.5958531099059,0.99999737739563,,red
xgb_5class_smote,112,3,0,0,41.89195261898397,0.99999737739563,,red
xgb_5class_smote,113,0,0,1,2.3797072783983158,0.99999737739563,,red
xgb_5class_smote,114,2,0,0,1.037392956196567,0.8342142105102539,,red
xgb_5class_smote,115,0,0,1,0.9798141916268777,0.99999737739563,,red
xgb_5class_smote,116,2,0,0,0.6134369500206842,0.6083657145500183,,red
xgb_5class_smote,117,3,0,0,2.7682108350781784,0.8873836994171143,,red
xgb_5class_smote,118,3,0,0,4.930551978025363,0.9417009353637696,,red
xgb_5class_smote,119,2,2,1,1.726007180694627,0.99999737739563,,red
xgb_5class_smote,120,1,1,1,50.96398809463424,0.99999737739563,,green
xgb_5class_smote,121,3,0,0,20.59651051303736,0.99999737739563,,red
xgb_5class_smote,122,3,0,0,1.1803220304561737,0.99999737739563,,red
xgb_5class_smote,123,1,1,1,38.42026785065283,0.99999737739563,,green
xgb_5class_smote,124,2,2,1,0.5339844215952094,0.6226401329040527,,red
xgb_5class_smote,125,1,2,0,0.13080008878516497,0.5359801650047302,,red
xgb_5class_smote,126,1,1,1,1.258931823656632,0.99999737739563,,green
xgb_5class_smote,127,0,0,1,8.792260085040365,0.99999737739563,,red
xgb_5class_smote,128,0,0,1,8.272242054265021,0.99999737739563,,red
xgb_5class_smote,129,1,1,1,1.6260071527618443,0.956519365310669,,green
xgb_5class_smote,130,0,0,1,10.530083496292564,0.99999737739563,,red
xgb_5class_smote,131,1,1,1,19.438316387421153,0.99999737739563,,green
xgb_5class_smote,132,1,1,1,36.2556622406713,0.99999737739563,,green
xgb_5class_smote,133,1,1,1,141.5659331554464,0.99999737739563,,green
xgb_5class_smote,134,2,2,1,44.415829685732234,0.99999737739563,,red
xgb_5class_smote,135,0,0,1,490.0034220450606,0.99999737739563,,red
xgb_5class_smote,136,4,3,0,1.0134152226003867,0.5689613819122314,,green
xgb_5class_smote,137,4,4,1,0.2151568998622832,0.3924796879291534,,red
xgb_5class_smote,138,3,0,0,4.274055572787488,0.99999737739563,,red
xgb_5class_smote,139,3,0,0,2.2888318889364054,0.99999737739563,,red
xgb_5class_smote,140,2,2,1,0.6488300239962748,0.99999737739563,,red
xgb_5class_smote,141,2,2,1,2.2055631746037276,0.99999737739563,,red
xgb_5class_smote,142,3,0,0,42.57292616405532,0.99999737739563,,red
xgb_5class_smote,143,1,1,1,37.97457009128166,0.99999737739563,,green
xgb_5class_smote,144,2,2,1,0.5219705794341534,0.6226401329040527,,red
xgb_5class_smote,145,2,2,1,0.417338243154709,0.99999737739563,,red
xgb_5class_smote,146,0,0,1,7.17073159660386,0.99999737739563,,red
xgb_5class_smote,147,1,1,1,192.22519358883906,0.99999737739563,,green
xgb_5class_smote,148,0,0,1,4858.053499540934,0.99999737739563,,red
xgb_5class_smote,149,2,2,1,31.214105024350733,0.99999737739563,,red
xgb_5class_smote,150,3,0,0,4.316382944274717,0.99999737739563,,red
xgb_5class_smote,151,2,2,1,0.7956657008663263,0.6497111320495605,,red
xgb_5class_smote,152,2,0,0,0.4704164007112367,0.6088094711303711,,red
xgb_5class_smote,153,0,0,1,12.448686471825434,0.99999737739563,,red
xgb_5class_smote,154,0,0,1,88.00232032360984,0.99999737739563,,red
xgb_5class_smote,155,1,0,0,3.1869624413356052,0.99999737739563,,red
xgb_5class_smote,156,2,2,1,0.5000056261164681,0.99999737739563,,red
xgb_5class_smote,157,0,0,1,63287.85647404371,0.99999737739563,,red
xgb_5class_smote,158,1,0,0,9.228822917338588,0.7291648387908936,,red
xgb_5class_smote,159,4,4,1,0.9092133882261836,0.8719702363014221,,red
xgb_5class_smote,160,1,1,1,99.57155799037068,0.99999737739563,,green
xgb_5class_smote,161,2,2,1,4.851816742314382,0.99999737739563,,red
xgb_5class_smote,162,0,0,1,99.83056755064042,0.99999737739563,,red
xgb_5class_smote,163,1,1,1,14.449817428670215,0.99999737739563,,green
xgb_5class_smote,164,2,2,1,2.392024630944757,0.99999737739563,,red
xgb_5class_smote,165,1,1,1,39.72897051748221,0.99999737739563,,green
xgb_5class_smote,166,2,2,1,0.7509443244292674,0.6226401329040527,,red
xgb_5class_smote,167,3,0,0,3.776583109212632,0.99999737739563,,red
xgb_5class_smote,168,0,0,1,4159.972294492025,0.99999737739563,,red
xgb_5class_smote,169,0,0,1,525.9687638870187,0.99999737739563,,red
xgb_5class_smote,170,1,1,1,65.66671591887884,0.99999737739563,,green
xgb_5class_smote,171,2,2,1,57.219884077877076,0.99999737739563,,red
xgb_5class_smote,172,2,1,0,1.581784071006501,0.99999737739563,,green
xgb_5class_smote,173,0,0,1,44.42975861749089,0.99999737739563,,red
xgb_5class_smote,174,1,1,1,61.94915170460592,0.99999737739563,,green
xgb_5class_smote,175,2,1,0,1.262596158273914,0.99999737739563,,green
xgb_5class_smote,176,1,1,1,32.38044102823892,0.99999737739563,,green
xgb_5class_smote,177,3,0,0,1.8064405047069794,0.99999737739563,,red
xgb_5class_smote,178,0,0,1,133.6471487104573,0.99999737739563,,red
xgb_5class_smote,179,4,0,0,0.5277103279288629,0.6240233182907104,,red
xgb_5class_smote,180,0,0,1,50.07139127680396,0.99999737739563,,red
xgb_5class_smote,181,3,3,1,0.1747406163599764,0.9462336301803588,,green
xgb_5class_smote,182,1,1,1,77.26081823549214,0.99999737739563,,green
xgb_5class_smote,183,1,1,1,64.33318128118384,0.99999737739563,,green
xgb_5class_smote,184,4,0,0,7.918187470610161,0.99999737739563,,red
xgb_5class_smote,185,1,1,1,68.92803776774227,0.99999737739563,,green
xgb_5class_smote,186,0,0,1,29.856262755197736,0.9999973177909852,,red
xgb_5class_smote,187,0,0,1,9.284223232285452,0.99999737739563,,red
xgb_5class_smote,188,3,0,0,1.6843063432855836,0.8873836398124695,,red
xgb_5class_smote,189,1,1,1,170.20340779110825,0.99999737739563,,green
xgb_5class_smote,190,0,0,1,11.646964187113316,0.99999737739563,,red
xgb_5class_smote,191,4,4,1,0.28274034557315514,0.9563063383102416,,red
xgb_5class_smote,192,1,1,1,16.116301652443536,0.99999737739563,,green
xgb_5class_smote,193,3,0,0,2.603613491696479,0.99999737739563,,red
xgb_5class_smote,194,3,0,0,2.5834268680809322,0.99999737739563,,red
xgb_5class_smote,195,0,0,1,9.66439097776326,0.99999737739563,,red
xgb_5class_smote,196,2,0,0,0.5340912477971104,0.9511865377426147,,red
xgb_5class_smote,197,4,0,0,3.746349203000631,0.99999737739563,,red
xgb_5class_smote,198,3,0,0,73.11730434610683,0.99999737739563,,red
xgb_5class_smote,199,4,0,0,0.8458752163805637,0.6305390000343323,,red
xgb_5class_smote,200,1,1,1,93.52429167324931,0.99999737739563,,green
xgb_5class_smote,201,1,1,1,99.31279984940637,0.99999737739563,,green
xgb_5class_smote,202,2,2,1,0.5693372632598568,0.6226401329040527,,red
xgb_5class_smote,203,4,0,0,7.843338443366402,0.953402578830719,,red
xgb_5class_smote,204,0,0,1,61.346690968790845,0.99999737739563,,red
xgb_5class_smote,205,4,0,0,1.6724717463009382,0.9439886212348938,,red
xgb_5class_smote,206,2,0,0,0.5338288469472459,0.99999737739563,,red
xgb_5class_smote,207,0,0,1,80109.39919863093,0.99999737739563,,red
xgb_5class_smote,208,2,0,0,0.7345595704134326,0.7291648387908936,,red
xgb_5class_smote,209,2,2,1,23.294655092495084,0.99999737739563,,red
xgb_5class_smote,210,3,0,0,2.859874851320108,0.99999737739563,,red
xgb_5class_smote,211,1,0,0,9.269392620882305,0.99999737739563,,red
xgb_5class_smote,212,1,1,1,64.31376652130965,0.99999737739563,,green
xgb_5class_smote,213,2,0,0,0.9564324128279605,0.99999737739563,,red
xgb_5class_smote,214,0,0,1,6.8309452435376095,0.99999737739563,,red
xgb_5class_smote,215,3,0,0,3.5246752957429024,0.99999737739563,,red
xgb_5class_smote,216,3,0,0,3.721436897446621,0.99999737739563,,red
xgb_5class_smote,217,3,0,0,3.269591146059651,0.99999737739563,,red
xgb_5class_smote,218,3,0,0,2.8552726169121097,0.99999737739563,,red
xgb_5class_smote,219,1,1,1,40.95133685120647,0.99999737739563,,green
xgb_5class_smote,220,2,2,1,0.521356683190812,0.6487864255905151,,red
xgb_5class_smote,221,1,1,1,103.09364237403257,0.99999737739563,,green
xgb_5class_smote,222,1,0,0,0.16080809262072535,0.9999971389770508,,red
xgb_5class_smote,223,1,1,1,29.401864962740014,0.99999737739563,,green
xgb_5class_smote,224,1,1,1,0.8440113392511215,0.652627170085907,,green
xgb_5class_smote,225,2,1,0,5.55465238354109,0.99999737739563,,green
xgb_5class_smote,226,2,2,1,0.7749094387400498,0.99999737739563,,red
xgb_5class_smote,227,1,1,1,68.0314537042189,0.99999737739563,,green
xgb_5class_smote,228,3,0,0,0.5886683512356388,0.9511865377426147,,red
xgb_5class_smote,229,0,0,1,17.952341059644375,0.99999737739563,,red
xgb_5class_smote,230,2,2,1,2.3954073655684223,0.99999737739563,,red
xgb_5class_smote,231,1,1,1,6.871677029564909,0.99999737739563,,green
xgb_5class_smote,232,2,2,1,4.176336193189626,0.99999737739563,,red
xgb_5class_smote,233,3,0,0,1.3965491608832254,0.9511865377426147,,red
xgb_5class_smote,234,0,0,1,11.527031357755583,0.99999737739563,,red
xgb_5class_smote,235,3,0,0,2.8672278143164234,0.99999737739563,,red
xgb_5class_smote,236,1,1,1,2.502846474409763,0.99999737739563,,green
xgb_5class_smote,237,0,0,1,37.26448773354585,0.99999737739563,,red
xgb_5class_smote,238,2,2,1,73.06923977920349,0.99999737739563,,red
xgb_5class_smote,239,3,0,0,1.3014254449495735,0.99999737739563,,red
xgb_5class_smote,240,1,1,1,111.70350027519119,0.99999737739563,,green
xgb_5class_smote,241,1,1,1,112.11422168928036,0.99999737739563,,green
xgb_5class_smote,242,4,0,0,1.098973260235372,0.6801244616508484,,red
xgb_5class_smote,243,3,0,0,1.2028972085641831,0.99999737739563,,red
xgb_5class_smote,244,1,1,1,119.94639224975575,0.99999737739563,,green
xgb_5class_smote,245,0,0,1,24.828688630057748,0.99999737739563,,red
xgb_5class_smote,246,1,0,0,1.3458807573685359,0.99999737739563,,red
xgb_5class_smote,247,1,1,1,22.76685394757251,0.99999737739563,,green
xgb_5class_smote,248,3,0,0,3.283974460104595,0.99999737739563,,red
xgb_5class_smote,249,3,0,0,3.8881567384998075,0.99999737739563,,red
xgb_5class_smote,250,3,0,0,3.4570899333947755,0.99999737739563,,red
xgb_5class_smote,251,0,0,1,14800.34750334456,0.99999737739563,,red
xgb_5class_smote,252,3,0,0,146.96079644419495,0.99999737739563,,red
xgb_5class_smote,253,1,1,1,0.7853445616481111,0.545482873916626,,green
xgb_5class_smote,254,3,3,1,0.1734951825537087,0.6201191544532776,,green
xgb_5class_smote,255,1,0,0,4.252830498335819,0.9511865377426147,,red
xgb_5class_smote,256,2,2,1,57.56826484124689,0.99999737739563,,red
xgb_5class_smote,257,1,0,0,1.6155389015511816,0.616371214389801,,red
xgb_5class_smote,258,2,2,1,97.78013833855779,0.99999737739563,,red
xgb_5class_smote,259,0,0,1,3.9629594277734115,0.99999737739563,,red
xgb_5class_smote,260,1,1,1,78.62231457092079,0.99999737739563,,green
xgb_5class_smote,261,4,0,0,0.6907882072118758,0.9999972581863404,,red
xgb_5class_smote,262,3,0,0,3.333524598433146,0.99999737739563,,red
xgb_5class_smote,263,0,4,0,1.9994009343665222,0.5587849617004395,,red
xgb_5class_smote,264,4,0,0,1.2926646544421059,0.99999737739563,,red
xgb_5class_smote,265,3,0,0,2.475814528738789,0.99999737739563,,red
xgb_5class_smote,266,3,0,0,12.017698786635911,0.99999737739563,,red
xgb_5class_smote,267,0,0,1,138.9733791282094,0.99999737739563,,red
xgb_5class_smote,268,1,1,1,45.254858032219765,0.99999737739563,,green
xgb_5class_smote,269,1,1,1,65.67322134364301,0.99999737739563,,green
xgb_5class_smote,270,0,0,1,4.907162360547256,0.99999737739563,,red
xgb_5class_smote,271,2,0,0,0.9258210758378882,0.99999737739563,,red
xgb_5class_smote,272,1,1,1,43.275277869500506,0.99999737739563,,green
xgb_5class_smote,273,0,0,1,0.9811168634302778,0.99999737739563,,red
xgb_5class_smote,274,3,3,1,0.4610547574369435,0.99999737739563,,green
xgb_5class_smote,275,0,0,1,392.3478956711679,0.99999737739563,,red
xgb_5class_smote,276,3,0,0,3.658118679426315,0.99999737739563,,red
xgb_5class_smote,277,0,0,1,5.485859990225386,0.9999973177909852,,red
xgb_5class_smote,278,3,3,1,0.6800902520073262,0.9295474290847778,,green
xgb_5class_smote,279,1,0,0,7.707895581549069,0.9511865377426147,,red
xgb_5class_smote,280,1,1,1,45.759561817822664,0.99999737739563,,green
xgb_5class_smote,281,0,0,1,12767.773720419753,0.99999737739563,,red
xgb_5class_smote,282,3,0,0,1.8218759605632804,0.99999737739563,,red
xgb_5class_smote,283,3,3,1,0.17150109810881045,0.9462336301803588,,green
xgb_5class_smote,284,0,0,1,23.88242167071943,0.99999737739563,,red
xgb_5class_smote,285,2,2,1,0.5655173808969268,0.99999737739563,,red
xgb_5class_smote,286,1,1,1,4.8822836003469945,0.99999737739563,,green
xgb_5class_smote,287,2,1,0,1.739145470748724,0.99999737739563,,green
xgb_5class_smote,288,0,0,1,11.028543067025112,0.99999737739563,,red
xgb_5class_smote,289,2,1,0,1.3366442903196487,0.99999737739563,,green
xgb_5class_smote,290,3,0,0,2.409518649960852,0.99999737739563,,red
xgb_5class_smote,291,3,0,0,2.5872828236977696,0.99999737739563,,red
xgb_5class_smote,292,3,0,0,84.12962150358254,0.99999737739563,,red
xgb_5class_smote,293,3,0,0,93.9734819541247,0.9999973177909852,,red
xgb_5class_smote,294,3,0,0,43.824741267642274,0.99999737739563,,red
xgb_5class_smote,295,1,2,0,0.19364666889981488,0.541717529296875,,red
xgb_5class_smote,296,1,1,1,1.5023064478430688,0.99999737739563,,green
xgb_5class_smote,297,0,0,1,64.68206490638296,0.99999737739563,,red
xgb_5class_smote,298,0,0,1,12.840163750688683,0.99999737739563,,red
xgb_5class_smote,299,3,0,0,1.6487484530667262,0.99999737739563,,red
xgb_5class_smote,300,1,1,1,44.50497023919251,0.99999737739563,,green
xgb_5class_smote,301,0,0,1,66371.05195416554,0.99999737739563,,red
xgb_5class_smote,302,2,2,1,4.981359532839901,0.99999737739563,,red
xgb_5class_smote,303,1,1,1,42.20131275014363,0.99999737739563,,green
xgb_5class_smote,304,1,1,1,22.335037783425175,0.99999737739563,,green
xgb_5class_smote,305,1,1,1,39.761639344224555,0.99999737739563,,green
xgb_5class_smote,306,2,2,1,2.0656606146773724,0.99999737739563,,red
xgb_5class_smote,307,3,3,1,1.2539846215330344,0.99999737739563,,green
xgb_5class_smote,308,2,2,1,3.924489780814376,0.99999737739563,,red
xgb_5class_smote,309,4,0,0,1.0010032666133923,0.9999880790710448,,red
xgb_5class_smote,310,0,0,1,52.83700889694589,0.99999737739563,,red
xgb_5class_smote,311,0,0,1,2432.6830845347376,0.99999737739563,,red
xgb_5class_smote,312,2,2,1,36.97017322266763,0.99999737739563,,red
xgb_5class_smote,313,2,2,1,59.969923608164954,0.99999737739563,,red
xgb_5class_smote,314,1,1,1,31.554502298813897,0.99999737739563,,green
xgb_5class_smote,315,1,1,1,97.21986484406168,0.99999737739563,,green
xgb_5class_smote,316,0,0,1,13.38207618873195,0.99999737739563,,red
xgb_5class_smote,317,3,0,0,5.00413974043837,0.9417009949684144,,red
xgb_5class_smote,318,0,0,1,15.876965944676158,0.99999737739563,,red
xgb_5class_smote,319,3,3,1,0.3256898015741035,0.5689640641212463,,green
xgb_5class_smote,320,3,0,0,2.598940441655635,0.99999737739563,,red
xgb_5class_smote,321,1,1,1,1.9072888778717787,0.6515177488327026,,green
xgb_5class_smote,322,3,0,0,2.8396547646631656,0.99999737739563,,red
xgb_5class_smote,323,1,1,1,12.212521821546499,0.99999737739563,,green
xgb_5class_smote,324,1,1,1,173.4559193052717,0.99999737739563,,green
xgb_5class_smote,325,3,0,0,3.0904316491051245,0.99999737739563,,red
xgb_5class_smote,326,0,0,1,11.989133612392992,0.99999737739563,,red
xgb_5class_smote,327,1,2,0,0.4075825878801924,0.574601948261261,,red
xgb_5class_smote,328,2,0,0,1.2364136253845157,0.99999737739563,,red
xgb_5class_smote,329,3,0,0,2.9597790744114763,0.99999737739563,,red
xgb_5class_smote,330,2,2,1,85.59612719732627,0.99999737739563,,red
xgb_5class_smote,331,3,0,0,3.8025829701117417,0.99999737739563,,red
xgb_5class_smote,332,3,0,0,37.83053914294394,0.99999737739563,,red
xgb_5class_smote,333,2,2,1,85.23717599432095,0.99999737739563,,red
xgb_5class_smote,334,0,0,1,12.220864723624082,0.99999737739563,,red
xgb_5class_smote,335,2,2,1,73.06534755685213,0.99999737739563,,red
xgb_5class_smote,336,3,0,0,4.231610052053022,0.99999737739563,,red
xgb_5class_smote,337,0,0,1,29.1648247527604,0.99999737739563,,red
xgb_5class_smote,338,2,2,1,163.58730588948745,0.99999737739563,,red
xgb_5class_smote,339,0,0,1,56.17940467543389,0.99999737739563,,red
xgb_5class_smote,340,1,1,1,49.90706538146247,0.99999737739563,,green
xgb_5class_smote,341,0,0,1,556.2954020097603,0.99999737739563,,red
xgb_5class_smote,342,3,0,0,1.121745718781857,0.9999973177909852,,red
xgb_5class_smote,343,1,1,1,4.993974748027913,0.99999737739563,,green
xgb_5class_smote,344,3,0,0,3.128726655360525,0.99999737739563,,red
xgb_5class_smote,345,0,0,1,12.844812053577291,0.99999737739563,,red
xgb_5class_smote,346,0,0,1,30.79257652337355,0.99999737739563,,red
xgb_5class_smote,347,2,2,1,60.13203440009625,0.99999737739563,,red
xgb_5class_smote,348,0,0,1,50.92146700807225,0.99999737739563,,red
xgb_5class_smote,349,2,0,0,0.606540081773856,0.6235315203666687,,red
xgb_5class_smote,350,2,2,1,64.57568781711682,0.99999737739563,,red
xgb_5class_smote,351,0,0,1,14.650075041569716,0.99999737739563,,red
xgb_5class_smote,352,0,0,1,36.1201416119453,0.99999737739563,,red
xgb_5class_smote,353,1,1,1,17.04472979462982,0.99999737739563,,green
xgb_5class_smote,354,3,0,0,63.918164870767995,0.99999737739563,,red
xgb_5class_smote,355,1,0,0,8.914565353192938,0.7291648387908936,,red
xgb_5class_smote,356,1,1,1,90.04427589674206,0.99999737739563,,green
xgb_5class_smote,357,1,0,0,5.61272654521105,0.99999737739563,,red
xgb_5class_smote,358,0,0,1,29493.298969854164,0.99999737739563,,red
xgb_5class_smote,359,4,4,1,0.9096474905126346,0.8879201412200928,,red
xgb_5class_smote,360,2,0,0,1.191001460627254,0.7291648387908936,,red
xgb_5class_smote,361,2,2,1,0.5562476529757465,0.6226401329040527,,red
xgb_5class_smote,362,0,0,1,59.67727844559523,0.99999737739563,,red
xgb_5class_smote,363,2,2,1,43.37577866458918,0.99999737739563,,red
xgb_5class_smote,364,0,1,0,1.1167652303640665,0.99999737739563,,green
xgb_5class_smote,365,1,1,1,33.893247867643595,0.99999737739563,,green
xgb_5class_smote,366,0,1,0,10.530985954317748,0.99999737739563,,green
xgb_5class_smote,367,3,0,0,1.6145295649033506,0.99999737739563,,red
xgb_5class_smote,368,3,0,0,1.7917268763917427,0.9511865377426147,,red
xgb_5class_smote,369,0,0,1,15.907321729180131,0.99999737739563,,red
xgb_5class_smote,370,3,3,1,0.16463423370962435,0.8603972792625427,,green
xgb_5class_smote,371,0,0,1,51.686858881532714,0.99999737739563,,red
xgb_5class_smote,372,1,1,1,30.401819630025138,0.99999737739563,,green
xgb_5class_smote,373,2,0,0,0.6037187787135493,0.6530624032020569,,red
xgb_5class_smote,374,1,0,0,5.477671902862041,0.8382997512817383,,red
xgb_5class_smote,375,3,0,0,3.5746719118856873,0.99999737739563,,red
xgb_5class_smote,376,0,0,1,8.089558065085113,0.99999737739563,,red
xgb_5class_smote,377,2,2,1,47.57677446098682,0.99999737739563,,red
xgb_5class_smote,378,2,2,1,19.138778040388406,0.99999737739563,,red
xgb_5class_smote,379,3,0,0,2.3134085883296494,0.9417009353637696,,red
xgb_5class_smote,380,2,2,1,18.403403259070963,0.99999737739563,,red
xgb_5class_smote,381,1,1,1,45.04987227525228,0.99999737739563,,green
xgb_5class_smote,382,0,0,1,79.57491452308678,0.99999737739563,,red
xgb_5class_smote,383,4,4,1,1.8915846491604766,0.5277416706085205,,red
xgb_5class_smote,384,3,0,0,2.507242807317899,0.99999737739563,,red
xgb_5class_smote,385,2,2,1,17.076824715438555,0.99999737739563,,red
xgb_5class_smote,386,3,0,0,5.633303098522637,0.9999973177909852,,red
xgb_5class_smote,387,2,2,1,1.6623932827746488,0.99999737739563,,red
xgb_5class_smote,388,2,2,1,3.4051806859121543,0.99999737739563,,red
xgb_5class_smote,389,2,2,1,5.314878316847496,0.99999737739563,,red
xgb_5class_smote,390,4,4,1,1.0013101213171391,1.0,,red
xgb_5class_smote,391,1,1,1,67.1062890976422,0.99999737739563,,green
xgb_5class_smote,392,0,0,1,14.977304076819607,0.99999737739563,,red
xgb_5class_smote,393,1,1,1,109.71225232616673,0.99999737739563,,green
xgb_5class_smote,394,2,2,1,11.16800719042504,0.99999737739563,,red
xgb_5class_smote,395,2,0,0,0.6180656834128692,0.7291648387908936,,red
xgb_5class_smote,396,3,0,0,4.804695816598937,0.9333298206329346,,red
xgb_5class_smote,397,0,0,1,32875.54210919039,0.99999737739563,,red
xgb_5class_smote,398,1,1,1,86.92213994076052,0.99999737739563,,green
xgb_5class_smote,399,2,1,0,1.3186082043989211,0.99999737739563,,green
xgb_5class_smote,400,3,0,0,63.918164870767995,0.99999737739563,,red
xgb_5class_smote,401,4,0,0,0.677450371010673,0.9511862993240356,,red
xgb_5class_smote,402,0,0,1,22595.105036700264,0.99999737739563,,red
xgb_5class_smote,403,4,0,0,0.9986798228210185,0.9534022212028505,,red
xgb_5class_smote,404,1,1,1,44.200180705455,0.99999737739563,,green
xgb_5class_smote,405,4,0,0,4.724156104584452,0.99999737739563,,red
xgb_5class_smote,406,0,0,1,2917.3661750283118,0.99999737739563,,red
xgb_5class_smote,407,2,2,1,73.06199935479638,0.99999737739563,,red
xgb_5class_smote,408,1,1,1,45.8721201957751,0.99999737739563,,green
xgb_5class_smote,409,1,1,1,38.98340661862762,0.99999737739563,,green
xgb_5class_smote,410,2,2,1,0.6265935081739933,0.99999737739563,,red
xgb_5class_smote,411,0,0,1,1044.0189037674743,0.99999737739563,,red
xgb_5class_smote,412,1,1,1,120.55054925699272,0.99999737739563,,green
xgb_5class_smote,413,0,0,1,21.79234151919248,0.99999737739563,,red
xgb_5class_smote,414,2,0,0,1.1415970381413887,0.6143411993980408,,red
xgb_5class_smote,415,3,0,0,0.9958797707242997,0.5714272260665894,,red
xgb_5class_smote,416,0,0,1,9.309414949332606,0.99999737739563,,red
xgb_5class_smote,417,0,0,1,36.654830038964235,0.99999737739563,,red
xgb_5class_smote,418,3,0,0,6.223328129528486,0.9999973177909852,,red
xgb_5class_smote,419,3,0,0,4.123631657049054,0.99999737739563,,red
xgb_5class_smote,420,1,1,1,103.77412726500333,0.99999737739563,,green
xgb_5class_smote,421,4,0,0,0.9998831896597635,0.999935746192932,,red
xgb_5class_smote,422,2,0,0,0.4744952544185076,0.6151331663131714,,red
xgb_5class_smote,423,2,0,0,1.9737649767222496,0.99999737739563,,red
xgb_5class_smote,424,3,0,0,2.9417298452798906,0.887383759021759,,red
xgb_5class_smote,425,0,0,1,23.550604564322988,0.99999737739563,,red
xgb_5class_smote,426,2,0,0,0.528919677894299,0.9511865377426147,,red
xgb_5class_smote,427,3,0,0,2.705446277389329,0.99999737739563,,red
xgb_5class_smote,428,0,0,1,44.821371931843174,0.99999737739563,,red
xgb_5class_smote,429,0,0,1,31.233031237107493,0.99999737739563,,red
xgb_5class_smote,430,3,0,0,6.413927008053718,0.99999737739563,,red
xgb_5class_smote,431,0,0,1,118.83687349502807,0.99999737739563,,red
xgb_5class_smote,432,1,0,0,1.4838238392340704,0.99999737739563,,red
xgb_5class_smote,433,1,0,0,1.6114395869737617,0.6143157482147217,,red
xgb_5class_smote,434,3,0,0,92.67611505303606,0.99999737739563,,red
xgb_5class_smote,435,4,0,0,4.708412969341768,0.9416961669921876,,red
xgb_5class_smote,436,3,0,0,2.5853399841362155,0.99999737739563,,red
xgb_5class_smote,437,2,2,1,0.3704764084276264,0.956519365310669,,red
xgb_5class_smote,438,3,0,0,2.3729892242221124,0.99999737739563,,red
xgb_5class_smote,439,3,0,0,1.8216254139937444,0.99999737739563,,red
xgb_5class_smote,440,1,1,1,49.491103482303615,0.99999737739563,,green
xgb_5class_smote,441,0,0,1,30.773512458729595,0.99999737739563,,red
xgb_5class_smote,442,0,0,1,5788.390796932792,0.99999737739563,,red
xgb_5class_smote,443,0,0,1,12.33755511292723,0.99999737739563,,red
xgb_5class_smote,444,1,1,1,38.80508494459768,0.99999737739563,,green
xgb_5class_smote,445,0,0,1,13.983961678367645,0.99999737739563,,red
xgb_5class_smote,446,1,1,1,1.8055140652173483,0.956519365310669,,green
xgb_5class_smote,447,1,1,1,51.59549911248084,0.99999737739563,,green
xgb_5class_smote,448,2,2,1,0.7165614904300543,0.99999737739563,,red
xgb_5class_smote,449,2,2,1,163.55873319638422,0.99999737739563,,red
xgb_5class_smote,450,0,0,1,13.222391774852895,0.99999737739563,,red
xgb_5class_smote,451,0,0,1,50.16258775013434,0.99999737739563,,red
xgb_5class_smote,452,0,0,1,64.29625618881977,0.99999737739563,,red
xgb_5class_smote,453,3,0,0,1.8272239104098074,0.99999737739563,,red
xgb_5class_smote,454,3,0,0,5.614979677720214,0.99999737739563,,red
xgb_5class_smote,455,0,0,1,99.8060971430963,0.99999737739563,,red
xgb_5class_smote,456,0,0,1,4.654487148158586,0.99999737739563,,red
xgb_5class_smote,457,3,0,0,5.44671940890107,0.953402578830719,,red
xgb_5class_smote,458,1,0,0,1.613065334364212,0.6012808680534363,,red
xgb_5class_smote,459,0,0,1,20.091051814544148,0.99999737739563,,red
xgb_5class_smote,460,0,0,1,20.716220337491134,0.99999737739563,,red
xgb_5class_smote,461,2,0,0,0.5101261084506584,0.99999737739563,,red
xgb_5class_smote,462,2,2,1,40.02472970752638,0.99999737739563,,red
xgb_5class_smote,463,0,0,1,39.39097904353941,0.99999737739563,,red
xgb_5class_smote,464,2,2,1,163.5716176878372,0.99999737739563,,red
xgb_5class_smote,465,0,0,1,42.36542314461221,0.99999737739563,,red
xgb_5class_smote,466,0,0,1,50.86139947581195,0.99999737739563,,red
xgb_5class_smote,467,1,0,0,0.2836764344947022,0.9999973177909852,,red
xgb_5class_smote,468,3,0,0,3.137967608268416,0.99999737739563,,red
xgb_5class_smote,469,0,0,1,4.862410645270841,0.99999737739563,,red
xgb_5class_smote,470,0,0,1,19.36897681841341,0.99999737739563,,red
xgb_5class_smote,471,3,0,0,2.5597950541726027,0.887383759021759,,red
xgb_5class_smote,472,0,0,1,7.584565418120361,0.99999737739563,,red
xgb_5class_smote,473,0,0,1,6.5027845743969195,0.99999737739563,,red
xgb_5class_smote,474,0,0,1,34.96942390625306,0.99999737739563,,red
xgb_5class_smote,475,2,2,1,11.812761706423897,0.99999737739563,,red
xgb_5class_smote,476,0,0,1,36283.82407262128,0.99999737739563,,red
xgb_5class_smote,477,1,0,0,6.054312387370711,0.9053194522857666,,red
xgb_5class_smote,478,2,2,1,63.53662326667156,0.99999737739563,,red
xgb_5class_smote,479,3,0,0,3.071445823007619,0.99999737739563,,red
xgb_5class_smote,480,4,0,0,0.5642817539456583,0.9476122260093688,,red
xgb_5class_smote,481,3,0,0,0.9079281533825753,0.8873836994171143,,red
xgb_5class_smote,482,1,1,1,28.02187587627946,0.99999737739563,,green
xgb_5class_smote,483,0,0,1,127.89144312733444,0.99999737739563,,red
xgb_5class_smote,484,2,2,1,32.4047990716203,0.99999737739563,,red
xgb_5class_smote,485,2,2,1,76.12974479012748,0.99999737739563,,red
xgb_5class_smote,486,3,0,0,2.963293685507155,0.99999737739563,,red
xgb_5class_smote,487,0,0,1,25.702262499808064,0.99999737739563,,red
xgb_5class_smote,488,0,2,0,5.750239800445532,0.99999737739563,,red
xgb_5class_smote,489,1,1,1,39.51219072013108,0.99999737739563,,green
xgb_5class_smote,490,3,0,0,1.1830022597831138,0.8873836994171143,,red
xgb_5class_smote,491,2,2,1,7.468988440072354,0.99999737739563,,red
xgb_5class_smote,492,1,1,1,121.91907638390013,0.99999737739563,,green
xgb_5class_smote,493,2,2,1,6.171135426509102,0.99999737739563,,red
xgb_5class_smote,494,4,0,0,0.9999307200048106,0.5342841744422913,,red
xgb_5class_smote,495,3,0,0,1.825598110820833,0.99999737739563,,red
xgb_5class_smote,496,0,0,1,5.770979958071995,0.99999737739563,,red
xgb_5class_smote,497,4,0,0,0.999289634716083,0.999996781349182,,red
xgb_5class_smote,498,3,0,0,0.4644674271582722,0.99999737739563,,red
xgb_5class_smote,499,1,1,1,104.68487474352722,0.99999737739563,,green
xgb_5class_smote,500,0,0,1,48.64723322963095,0.99999737739563,,red
xgb_5class_smote,501,0,0,1,3.578481943537347,0.99999737739563,,red
xgb_5class_smote,502,0,0,1,66.52993088272486,0.99999737739563,,red
xgb_5class_smote,503,0,0,1,12.13783102154401,0.99999737739563,,red
xgb_5class_smote,504,3,0,0,1.4729959243660027,0.99999737739563,,red
xgb_5class_smote,505,0,0,1,13.604447783849443,0.99999737739563,,red
xgb_5class_smote,506,0,0,1,18.34164811488638,0.99999737739563,,red
xgb_5class_smote,507,2,2,1,28.899469194285604,0.99999737739563,,red
xgb_5class_smote,508,1,1,1,1.806707194796082,0.6227265000343323,,green
xgb_5class_smote,509,0,0,1,16.47630494926775,0.99999737739563,,red
xgb_5class_smote,510,0,0,1,88490.21207890814,0.99999737739563,,red
xgb_5class_smote,511,1,1,1,104.62142699869004,0.99999737739563,,green
xgb_5class_smote,512,3,0,0,2.3992229083252994,0.99999737739563,,red
xgb_5class_smote,513,3,0,0,2.833699445622038,0.99999737739563,,red
xgb_5class_smote,514,0,0,1,8.05386927348557,0.99999737739563,,red
xgb_5class_smote,515,1,1,1,86.30674407240174,0.99999737739563,,green
xgb_5class_smote,516,3,0,0,2.9662496781183223,0.99999737739563,,red
xgb_5class_smote,517,2,0,0,0.7493243342123213,0.7291648387908936,,red
xgb_5class_smote,518,1,1,1,48.550016369735566,0.99999737739563,,green
xgb_5class_smote,519,2,2,1,16.213726338973846,0.99999737739563,,red
xgb_5class_smote,520,3,0,0,1.4357399295924635,0.99999737739563,,red
xgb_5class_smote,521,1,1,1,131.24765568926097,0.99999737739563,,green
xgb_5class_smote,522,4,4,1,0.2143836953350656,1.0,,red
xgb_5class_smote,523,3,0,0,3.8561293215669203,0.9378461837768556,,red
xgb_5class_smote,524,3,0,0,146.96069366203437,0.99999737739563,,red
xgb_5class_smote,525,2,2,1,24.00064551633209,0.99999737739563,,red
xgb_5class_smote,526,2,0,0,0.7261827203221486,0.7291648387908936,,red
xgb_5class_smote,527,1,1,1,115.43014705786359,0.99999737739563,,green
xgb_5class_smote,528,2,2,1,0.9369303166862211,0.9636825323104858,,red
xgb_5class_smote,529,4,0,0,2.8656499880167234,0.99999737739563,,red
xgb_5class_smote,530,2,2,1,0.5849415361625381,0.6226401329040527,,red
xgb_5class_smote,531,2,2,1,0.6062307418450792,0.99999737739563,,red
xgb_5class_smote,532,1,1,1,1.3422450317321117,0.99999737739563,,green
xgb_5class_smote,533,2,2,1,39.759631198985964,0.99999737739563,,red
xgb_5class_smote,534,3,0,0,2.2888320420066344,0.99999737739563,,red
xgb_5class_smote,535,0,0,1,39.090977068099,0.99999737739563,,red
xgb_5class_smote,536,2,2,1,0.4838711716060195,0.6226401329040527,,red
xgb_5class_smote,537,3,3,1,0.27206968113404295,0.5689640641212463,,green
xgb_5class_smote,538,1,1,1,18.430096408702184,0.99999737739563,,green
xgb_5class_smote,539,0,0,1,19.95502624796185,0.99999737739563,,red
xgb_5class_smote,540,4,0,0,0.6049174822353783,0.999996542930603,,red
xgb_5class_smote,541,2,2,1,85.27364594419576,0.99999737739563,,red
xgb_5class_smote,542,0,0,1,7.097148524100948,0.99999737739563,,red
xgb_5class_smote,543,1,1,1,20.82838781559052,0.99999737739563,,green
xgb_5class_smote,544,1,1,1,58.80183683970838,0.99999737739563,,green
xgb_5class_smote,545,1,1,1,124.42192641002569,0.99999737739563,,green
xgb_5class_smote,546,1,0,0,5.641050976906945,0.99999737739563,,red
xgb_5class_smote,547,3,0,0,6.438099377818699,0.99999737739563,,red
xgb_5class_smote,548,3,0,0,2.345951332253393,0.99999737739563,,red
xgb_5class_smote,549,3,0,0,2.3461131887380784,0.99999737739563,,red
xgb_5class_smote,550,1,1,1,33.44617420901266,0.99999737739563,,green
xgb_5class_smote,551,2,2,1,0.5828277489784188,0.99999737739563,,red
xgb_5class_smote,552,0,0,1,12.90823828242367,0.99999737739563,,red
xgb_5class_smote,553,2,2,1,0.5746371211031441,0.956519365310669,,red
xgb_5class_smote,554,0,0,1,11.63357858845465,0.99999737739563,,red
xgb_5class_smote,555,2,0,0,1.014523133037032,0.99999737739563,,red
xgb_5class_smote,556,3,0,0,2.4599526938844933,0.99999737739563,,red
xgb_5class_smote,557,1,0,0,5.36392571861191,0.5714272856712341,,red
xgb_5class_smote,558,0,0,1,42.618385514634994,0.99999737739563,,red
xgb_5class_smote,559,0,0,1,8136.08080860753,0.99999737739563,,red
xgb_5class_smote,560,0,0,1,9.612988541073017,0.99999737739563,,red
xgb_5class_smote,561,0,0,1,19.41111728600609,0.99999737739563,,red
xgb_5class_smote,562,3,0,0,1.4262651739949659,0.99999737739563,,red
xgb_5class_smote,563,2,2,1,38.17486632464552,0.99999737739563,,red
xgb_5class_smote,564,3,0,0,83.03868117811713,0.99999737739563,,red
xgb_5class_smote,565,1,1,1,169.7681075411272,0.99999737739563,,green
xgb_5class_smote,566,3,0,0,3.225745454992277,0.99999737739563,,red
xgb_5class_smote,567,0,0,1,1188.9539767052393,0.99999737739563,,red
xgb_5class_smote,568,0,0,1,31.53262558704824,0.99999737739563,,red
xgb_5class_smote,569,1,1,1,103.9504696891553,0.99999737739563,,green
xgb_5class_smote,570,2,0,0,0.7243781361241881,0.6578932404518127,,red
xgb_5class_smote,571,2,1,0,5.54971588499187,0.99999737739563,,green
xgb_5class_smote,572,2,2,1,14.733621025047027,0.99999737739563,,red
xgb_5class_smote,573,3,0,0,3.3488253575035305,0.99999737739563,,red
xgb_5class_smote,574,4,0,0,4.540486169575551,0.9999961853027344,,red
xgb_5class_smote,575,1,0,0,1.6260558543432597,0.99999737739563,,red
xgb_5class_smote,576,0,0,1,21.78222731569501,0.99999737739563,,red
xgb_5class_smote,577,0,0,1,15.264330867360663,0.99999737739563,,red
xgb_5class_smote,578,4,4,1,0.30033091252946537,1.0,,red
xgb_5class_smote,579,4,4,1,1.0015672148686248,1.0,,red
xgb_5class_smote,580,2,2,1,47.79935860410427,0.99999737739563,,red
xgb_5class_smote,581,0,0,1,8.769116771697655,0.99999737739563,,red
xgb_5class_smote,582,1,0,0,1.3672396635983788,0.9999966025352478,,red
xgb_5class_smote,583,4,0,0,0.6891288137091482,0.9999971985816956,,red
xgb_5class_smote,584,1,1,1,17.638820406435148,0.99999737739563,,green
xgb_5class_smote,585,2,0,0,1.1593815951133664,0.9511865377426147,,red
xgb_5class_smote,586,3,0,0,8.477928006996402,0.99999737739563,,red
xgb_5class_smote,587,0,0,1,3.2773184601997563,0.99999737739563,,red
xgb_5class_smote,588,4,0,0,1.5545567839387273,0.99999737739563,,red
xgb_5class_smote,589,3,0,0,2.844389610940224,0.99999737739563,,red
xgb_5class_smote,590,2,2,1,47.193839785110136,0.99999737739563,,red
xgb_5class_smote,591,3,0,0,2.185286637778527,0.953402578830719,,red
xgb_5class_smote,592,1,1,1,58.080166278536424,0.99999737739563,,green
xgb_5class_smote,593,3,0,0,1.8141116944507198,0.99999737739563,,red
xgb_5class_smote,594,2,2,1,4.182181718661724,0.99999737739563,,red
xgb_5class_smote,595,2,2,1,0.5466179371390826,0.956519365310669,,red
xgb_5class_smote,596,0,0,1,21.752671848468957,0.99999737739563,,red
xgb_5class_smote,597,4,0,0,0.5850415759100274,0.9999971389770508,,red
xgb_5class_smote,598,3,0,0,146.21591677137604,0.99999737739563,,red
xgb_5class_smote,599,0,0,1,3.020904932110982,0.99999737739563,,red
xgb_5class_smote,600,2,2,1,26.124119827582977,0.99999737739563,,red
xgb_5class_smote,601,2,2,1,48.506442296046,0.99999737739563,,red
xgb_5class_smote,602,2,2,1,73.09951580801105,0.99999737739563,,red
xgb_5class_smote,603,1,1,1,51.94852215287827,0.99999737739563,,green
xgb_5class_smote,604,1,1,1,41.9005996933487,0.99999737739563,,green
xgb_5class_smote,605,1,1,1,78.71269902912606,0.99999737739563,,green
xgb_5class_smote,606,0,0,1,9.754754595548391,0.99999737739563,,red
xgb_5class_smote,607,2,2,1,3.8426905118252312,0.99999737739563,,red
xgb_5class_smote,608,1,0,0,5.407188455903696,0.5511153340339661,,red
xgb_5class_smote,609,0,0,1,10.901776790806151,0.7291648387908936,,red
xgb_5class_smote,610,1,1,1,45.831462916216424,0.99999737739563,,green
xgb_5class_smote,611,1,1,1,47.19991801232743,0.99999737739563,,green
xgb_5class_smote,612,2,2,1,177.5055031552731,0.99999737739563,,red
xgb_5class_smote,613,0,0,1,11.358871049266591,0.99999737739563,,red
xgb_5class_smote,614,2,2,1,0.5299639870282988,0.657585084438324,,red
xgb_5class_smote,615,0,0,1,15.299793564363878,0.99999737739563,,red
xgb_5class_smote,616,2,2,1,0.5692881415108522,0.6226401329040527,,red
xgb_5class_smote,617,1,1,1,20.77353824098466,0.99999737739563,,green
xgb_5class_smote,618,0,0,1,40893.327261345876,0.99999737739563,,red
xgb_5class_smote,619,1,1,1,11.744774664103538,0.99999737739563,,green
xgb_5class_smote,620,2,0,0,0.5261561423344251,0.9999973177909852,,red
xgb_5class_smote,621,0,2,0,2.7405190765969767,0.99999737739563,,red
xgb_5class_smote,622,1,1,1,36.003542409827396,0.99999737739563,,green
xgb_5class_smote,623,3,0,0,3.0867164661543613,0.9392438530921936,,red
xgb_5class_smote,624,4,0,0,0.7332561420850021,0.999418556690216,,red
xgb_5class_smote,625,2,0,0,0.6005913730563216,0.5989425182342529,,red
xgb_5class_smote,626,3,3,1,0.7401145230508103,0.99999737739563,,green
xgb_5class_smote,627,2,2,1,31.31164471972404,0.99999737739563,,red
xgb_5class_smote,628,1,1,1,47.001048932776115,0.99999737739563,,green
xgb_5class_smote,629,0,0,1,22.722281488513644,0.99999737739563,,red
xgb_5class_smote,630,1,1,1,1.9291347931481742,0.956519365310669,,green
xgb_5class_smote,631,3,0,0,2.3141418395809468,0.99999737739563,,red
xgb_5class_smote,632,1,1,1,234.26012028157845,0.99999737739563,,green
xgb_5class_smote,633,1,1,1,0.7933821170822608,0.6294052600860596,,green
xgb_5class_smote,634,2,1,0,5.986075633015827,0.99999737739563,,green
xgb_5class_smote,635,2,2,1,21.944441844348557,0.99999737739563,,red
xgb_5class_smote,636,3,0,0,3.4680865193828914,0.99999737739563,,red
xgb_5class_smote,637,0,0,1,0.9772505242945061,0.99999737739563,,red
xgb_5class_smote,638,0,0,1,43.83632823343181,0.99999737739563,,red
xgb_5class_smote,639,1,0,0,0.34520578680787495,0.9999973177909852,,red
xgb_5class_smote,640,3,0,0,3.8751961348300457,0.99999737739563,,red
xgb_5class_smote,641,2,2,1,29.849604829113563,0.99999737739563,,red
xgb_5class_smote,642,1,1,1,1.7691945155979998,0.6573836803436279,,green
xgb_5class_smote,643,1,1,1,54.63626859258812,0.99999737739563,,green
xgb_5class_smote,644,1,1,1,51.07912973236209,0.99999737739563,,green
xgb_5class_smote,645,2,2,1,3.1429296682846917,0.99999737739563,,red
xgb_5class_smote,646,0,0,1,15.254547518882998,0.99999737739563,,red
xgb_5class_smote,647,0,0,1,164.9635133772805,0.99999737739563,,red
xgb_5class_smote,648,0,0,1,713.2355276711148,0.99999737739563,,red
xgb_5class_smote,649,1,1,1,45.355092248076005,0.99999737739563,,green
xgb_5class_smote,650,3,3,1,0.17265693936272905,0.5689640641212463,,green
xgb_5class_smote,651,1,1,1,2.0331837244971127,0.956519365310669,,green
xgb_5class_smote,652,0,0,1,85444.9024594415,0.99999737739563,,red
xgb_5class_smote,653,1,1,1,2.5443915194329247,0.99999737739563,,green
xgb_5class_smote,654,3,0,0,3.158769283991999,0.99999737739563,,red
xgb_5class_smote,655,1,1,1,42.0456033968406,0.99999737739563,,green
xgb_5class_smote,656,2,0,0,1.1641109857503587,0.9511865377426147,,red
xgb_5class_smote,657,3,3,1,1.2577875721768372,0.99999737739563,,green
xgb_5class_smote,658,3,0,0,1.8220063313287176,0.99999737739563,,red
xgb_5class_smote,659,4,0,0,0.5257562799922817,0.9999958872795104,,red
xgb_5class_smote,660,3,0,0,146.88813825147392,0.99999737739563,,red
xgb_5class_smote,661,3,0,0,1.826992693334085,0.99999737739563,,red
xgb_5class_smote,662,3,0,0,1.6624589785146007,0.99999737739563,,red
xgb_5class_smote,663,2,2,1,2.512742217462972,0.99999737739563,,red
xgb_5class_smote,664,4,0,0,0.7710375525443206,0.99999737739563,,red
xgb_5class_smote,665,0,0,1,8.228459245360574,0.99999737739563,,red
xgb_5class_smote,666,1,1,1,1.1854347331296224,0.99999737739563,,green
xgb_5class_smote,667,0,0,1,4.06073533776481,0.99999737739563,,red
xgb_5class_smote,668,0,0,1,3.521527868556795,0.99999737739563,,red
xgb_5class_smote,669,0,0,1,26.579279970056604,0.99999737739563,,red
xgb_5class_smote,670,2,2,1,2.039777234641636,0.99999737739563,,red
xgb_5class_smote,671,3,0,0,4.168967656792045,0.99999737739563,,red
xgb_5class_smote,672,0,0,1,19.5403256139464,0.99999737739563,,red
xgb_5class_smote,673,3,0,0,4.93517699097452,0.99999737739563,,red
xgb_5class_smote,674,2,0,0,0.46880937354636276,0.6382024884223938,,red
xgb_5class_smote,675,0,0,1,160.90795023334738,0.99999737739563,,red
xgb_5class_smote,676,0,0,1,998.2144230922823,0.99999737739563,,red
xgb_5class_smote,677,3,0,0,146.96069366203437,0.99999737739563,,red
xgb_5class_smote,678,2,2,1,0.38790794919584465,0.6631346344947815,,red
xgb_5class_smote,679,0,0,1,17.726238886273002,0.99999737739563,,red
xgb_5class_smote,680,0,0,1,25.526446924805697,0.99999737739563,,red
xgb_5class_smote,681,2,2,1,19.67475269990494,0.99999737739563,,red
xgb_5class_smote,682,1,1,1,51.49094596689758,0.99999737739563,,green
xgb_5class_smote,683,2,2,1,0.4118263850326914,0.99999737739563,,red
xgb_5class_smote,684,1,1,1,42.92546074596857,0.99999737739563,,green
xgb_5class_smote,685,3,3,1,0.176066891037942,0.6201197504997253,,green
xgb_5class_smote,686,3,0,0,2.310128685880585,0.99999737739563,,red
xgb_5class_smote,687,0,0,1,130.2029614102119,0.99999737739563,,red
xgb_5class_smote,688,4,0,0,0.9998631592455886,0.9999960064888,,red
xgb_5class_smote,689,0,0,1,12.139212106331088,0.99999737739563,,red
xgb_5class_smote,690,2,2,1,38.362506608892936,0.99999737739563,,red
xgb_5class_smote,691,2,2,1,0.3154007822794171,0.5611187219619751,,red
xgb_5class_smote,692,0,0,1,11.91790281852182,0.99999737739563,,red
xgb_5class_smote,693,1,0,0,1.5998152773567598,0.7291648387908936,,red
xgb_5class_smote,694,1,1,1,33.09487311099611,0.8201979994773865,,green
xgb_5class_smote,695,3,0,0,2.5661407182475715,0.9417004585266112,,red
xgb_5class_smote,696,0,0,1,0.8883448282595718,0.99999737739563,,red
xgb_5class_smote,697,1,1,1,1.6779753118981842,0.956519365310669,,green
xgb_5class_smote,698,2,0,0,0.6464724607227427,0.7291648387908936,,red
xgb_5class_smote,699,0,0,1,4.0185707700701725,0.99999737739563,,red
xgb_5class_smote,700,4,0,0,1.238921312204183,0.7800314426422119,,red
xgb_5class_smote,701,0,0,1,127.54369560189,0.99999737739563,,red
xgb_5class_smote,702,1,1,1,41.57878354031285,0.99999737739563,,green
xgb_5class_smote,703,2,0,0,1.2677635573440773,0.5714272856712341,,red
xgb_5class_smote,704,1,1,1,27.492536322531183,0.9523786306381226,,green
xgb_5class_smote,705,0,0,1,5059.127779704491,0.99999737739563,,red
xgb_5class_smote,706,2,2,1,0.9548079557661093,0.6226401329040527,,red
xgb_5class_smote,707,0,0,1,15.042724582479062,0.99999737739563,,red
xgb_5class_smote,708,3,0,0,50.127608426658895,0.99999737739563,,red
xgb_5class_smote,709,2,2,1,24.238495757430552,0.99999737739563,,red
xgb_5class_smote,710,2,2,1,28.973451888606142,0.99999737739563,,red
xgb_5class_smote,711,0,0,1,8.891771124057158,0.99999737739563,,red
xgb_5class_smote,712,3,0,0,2.908017604369757,0.99999737739563,,red
xgb_5class_smote,713,2,2,1,12.74204787303005,0.99999737739563,,red
xgb_5class_smote,714,2,2,1,85.25327897585568,0.99999737739563,,red
xgb_5class_smote,715,2,2,1,4.808202609719808,0.99999737739563,,red
xgb_5class_smote,716,3,0,0,2.4436190805172044,0.99999737739563,,red
xgb_5class_smote,717,0,0,1,3113.4501294506886,0.99999737739563,,red
xgb_5class_smote,718,3,0,0,3.002257967574271,0.9089332818984984,,red
xgb_5class_smote,719,2,2,1,55.357671537512005,0.99999737739563,,red
xgb_5class_smote,720,2,1,0,1.4426559855087764,0.99999737739563,,green
xgb_5class_smote,721,0,0,1,2.827625937237533,0.99999737739563,,red
xgb_5class_smote,722,0,0,1,49.48254788060761,0.99999737739563,,red
xgb_5class_smote,723,0,0,1,34.96067405862249,0.99999737739563,,red
xgb_5class_smote,724,0,0,1,99.59513707489879,0.99999737739563,,red
xgb_5class_smote,725,0,0,1,5086.813925123565,0.99999737739563,,red
xgb_5class_smote,726,3,0,0,2.4857415021021545,0.99999737739563,,red
xgb_5class_smote,727,2,2,1,2.8934576959468505,0.99999737739563,,red
xgb_5class_smote,728,1,1,1,41.29799729994475,0.99999737739563,,green
xgb_5class_smote,729,1,1,1,1.8500677245044572,0.99999737739563,,green
xgb_5class_smote,730,2,2,1,0.33387870051424795,0.956519365310669,,red
xgb_5class_smote,731,3,0,0,83.03873734405538,0.99999737739563,,red
xgb_5class_smote,732,1,1,1,46.58379349847762,0.99999737739563,,green
xgb_5class_smote,733,0,0,1,0.9825826706043828,0.99999737739563,,red
xgb_5class_smote,734,1,1,1,68.68322465361366,0.99999737739563,,green
xgb_5class_smote,735,1,1,1,1.0544565352304538,0.99999737739563,,green
xgb_5class_smote,736,1,0,0,2.0483309323180605,0.99999737739563,,red
xgb_5class_smote,737,1,1,1,1.5906396320121758,0.6460234522819519,,green
xgb_5class_smote,738,3,0,0,2.3729892540533273,0.99999737739563,,red
xgb_5class_smote,739,0,0,1,0.9797039232178979,0.99999737739563,,red
xgb_5class_smote,740,3,0,0,2.0065694731318433,0.99999737739563,,red
xgb_5class_smote,741,0,0,1,47104.20476939877,0.99999737739563,,red
xgb_5class_smote,742,2,2,1,0.9998780841632322,0.956519365310669,,red
xgb_5class_smote,743,2,2,1,27.92974456717267,0.99999737739563,,red
xgb_5class_smote,744,3,0,0,2.3140373934918594,0.99999737739563,,red
xgb_5class_smote,745,2,2,1,50.17925686725484,0.99999737739563,,red
xgb_5class_smote,746,1,1,1,1.7889819818453239,0.956519365310669,,green
xgb_5class_smote,747,0,0,1,43.3093089466926,0.99999737739563,,red
xgb_5class_smote,748,2,1,0,1.3255361410277262,0.99999737739563,,green
xgb_5class_smote,749,2,2,1,12.697023193103497,0.99999737739563,,red
xgb_5class_smote,750,0,0,1,11.482956470142822,0.99999737739563,,red
xgb_5class_smote,751,2,2,1,11.957998954845092,0.99999737739563,,red
xgb_5class_smote,752,0,0,1,8.632856624718794,0.99999737739563,,red
xgb_5class_smote,753,2,0,0,1.145749541004164,0.9999973177909852,,red
xgb_5class_smote,754,3,0,0,6.186544829156901,0.9999973177909852,,red
xgb_5class_smote,755,1,1,1,1.7740527848283034,0.954408884048462,,green
xgb_5class_smote,756,0,1,0,2.7589396789450813,0.99999737739563,,green
xgb_5class_smote,757,1,0,0,5.39760475841215,0.5714272856712341,,red
xgb_5class_smote,758,0,0,1,20.90499565042853,0.99999737739563,,red
xgb_5class_smote,759,1,1,1,48.00456399202405,0.99999737739563,,green
xgb_5class_smote,760,3,0,0,2.4390661861133927,0.99999737739563,,red
xgb_5class_smote,761,0,0,1,13.928529495543769,0.99999737739563,,red
xgb_5class_smote,762,0,0,1,15.37375713056172,0.99999737739563,,red
xgb_5class_smote,763,3,0,0,2.4949180008592844,0.99999737739563,,red
xgb_5class_smote,764,0,0,1,29582.325907305814,0.99999737739563,,red
xgb_5class_smote,765,3,0,0,0.7958931592843677,0.8873835802078247,,red
xgb_5class_smote,766,2,2,1,0.5274150001734981,0.956519365310669,,red
xgb_5class_smote,767,0,0,1,96.57901319959625,0.99999737739563,,red
xgb_5class_smote,768,0,0,1,33.767599272036215,0.99999737739563,,red
xgb_5class_smote,769,2,2,1,103.53303605251642,0.99999737739563,,red
xgb_5class_smote,770,1,1,1,43.18035597496453,0.99999737739563,,green
xgb_5class_smote,771,0,2,0,3.092135795301433,0.99999737739563,,red
xgb_5class_smote,772,1,1,1,11.338963368855689,0.99999737739563,,green
xgb_5class_smote,773,1,1,1,45.655563970343344,0.99999737739563,,green
xgb_5class_smote,774,3,0,0,1.4196238827769256,0.99999737739563,,red
xgb_5class_smote,775,3,0,0,6.133114038935127,0.9999973177909852,,red
xgb_5class_smote,776,3,0,0,2.50318696135555,0.9999972581863404,,red
xgb_5class_smote,777,4,4,1,0.6379142087247692,1.0,,red
xgb_5class_smote,778,1,0,0,1.599721517790452,0.99999737739563,,red
xgb_5class_smote,779,0,0,1,19.265889757473097,0.99999737739563,,red
xgb_5class_smote,780,0,0,1,669.4896034904497,0.99999737739563,,red
xgb_5class_smote,781,0,0,1,58.70886278098105,0.99999737739563,,red
xgb_5class_smote,782,0,0,1,50.14377060142063,0.99999737739563,,red
xgb_5class_smote,783,1,1,1,47.87558735531105,0.99999737739563,,green
xgb_5class_smote,784,1,1,1,1.9758301685635202,0.956519365310669,,green
xgb_5class_smote,785,0,0,1,12.102382069427854,0.99999737739563,,red
xgb_5class_smote,786,3,0,0,2.7447036161071137,0.887383759021759,,red
xgb_5class_smote,787,1,0,0,1.602763189651698,0.607509195804596,,red
xgb_5class_smote,788,1,1,1,113.8860648215231,0.99999737739563,,green
xgb_5class_smote,789,4,0,0,21.70172708080716,0.9999972581863404,,red
xgb_5class_smote,790,0,0,1,10.734084064092238,0.99999737739563,,red
xgb_5class_smote,791,0,0,1,15.588002690403478,0.99999737739563,,red
xgb_5class_smote,792,1,1,1,27.633425675477856,0.99999737739563,,green
xgb_5class_smote,793,2,1,0,1.3989164304096298,0.99999737739563,,green
xgb_5class_smote,794,1,1,1,1.556675791711332,0.6451595425605774,,green
xgb_5class_smote,795,2,2,1,0.3465599894302937,0.6226401329040527,,red
xgb_5class_smote,796,2,2,1,0.33464371474780596,0.6226401329040527,,red
xgb_5class_smote,797,1,1,1,117.12460399656473,0.99999737739563,,green
xgb_5class_smote,798,1,1,1,11.881701405911162,0.99999737739563,,green
xgb_5class_smote,799,3,0,0,2.5940819703249836,0.887383759021759,,red
xgb_5class_smote,800,2,1,0,5.775306906023606,0.99999737739563,,green
xgb_5class_smote,801,2,2,1,12.992991673081404,0.99999737739563,,red
xgb_5class_smote,802,0,0,1,12.397485516674402,0.99999737739563,,red
xgb_5class_smote,803,0,0,1,188.02066048069057,0.99999737739563,,red
xgb_5class_smote,804,1,1,1,53.29279555344612,0.99999737739563,,green
xgb_5class_smote,805,3,0,0,3.403415813270885,0.99999737739563,,red
xgb_5class_smote,806,3,0,0,1.3628422650690815,0.99999737739563,,red
xgb_5class_smote,807,2,0,0,0.5062704068648829,0.9511865377426147,,red
xgb_5class_smote,808,3,0,0,1.8233258719677041,0.99999737739563,,red
xgb_5class_smote,809,4,0,0,0.5692980523502724,0.9999972581863404,,red
xgb_5class_smote,810,0,0,1,3.5090463353738235,0.99999737739563,,red
xgb_5class_smote,811,4,0,0,4.51623870203669,0.99999737739563,,red
xgb_5class_smote,812,2,0,0,1.2272616662955182,0.6578932404518127,,red
xgb_5class_smote,813,0,0,1,28.937393675756457,0.99999737739563,,red
xgb_5class_smote,814,1,1,1,32.322502883467145,0.99999737739563,,green
xgb_5class_smote,815,1,1,1,98.01761500912578,0.99999737739563,,green
xgb_5class_smote,816,1,1,1,43.83161061825154,0.99999737739563,,green
xgb_5class_smote,817,2,2,1,82.83494996401245,0.99999737739563,,red
xgb_5class_smote,818,1,1,1,44.39293303531547,0.99999737739563,,green
xgb_5class_smote,819,0,0,1,20.95496111138886,0.99999737739563,,red
xgb_5class_smote,820,3,0,0,2.3768168748279352,0.99999737739563,,red
xgb_5class_smote,821,4,0,0,9.261796263323388,0.99999737739563,,red
xgb_5class_smote,822,1,1,1,42.24046515041164,0.99999737739563,,green
xgb_5class_smote,823,3,0,0,84.12962150358254,0.99999737739563,,red
xgb_5class_smote,824,1,1,1,38.09470365894053,0.99999737739563,,green
xgb_5class_smote,825,1,1,1,172.5696625775958,0.99999737739563,,green
xgb_5class_smote,826,0,0,1,58.048061532763136,0.99999737739563,,red
xgb_5class_smote,827,1,1,1,47.483352326959874,0.99999737739563,,green
xgb_5class_smote,828,2,2,1,11.888674589306541,0.99999737739563,,red
xgb_5class_smote,829,2,2,1,12.062908985203201,0.99999737739563,,red
xgb_5class_smote,830,3,0,0,48.33392150377275,0.99999737739563,,red
xgb_5class_smote,831,3,3,1,1.5531768226606224,0.99999737739563,,green
xgb_5class_smote,832,1,1,1,78.33451415454357,0.99999737739563,,green
xgb_5class_smote,833,2,0,0,1.2733476366526533,0.5714272856712341,,red
xgb_5class_smote,834,1,1,1,137.8544402722199,0.99999737739563,,green
xgb_5class_smote,835,2,2,1,48.316282163213565,0.99999737739563,,red
xgb_5class_smote,836,1,1,1,23.640048878138327,0.99999737739563,,green
xgb_5class_smote,837,4,0,0,0.9985999878136077,0.9999146461486816,,red
xgb_5class_smote,838,3,0,0,2.502473790918937,0.99999737739563,,red
xgb_5class_smote,839,3,0,0,4.884841229170163,0.99999737739563,,red
xgb_5class_smote,840,0,0,1,13.629279687879187,0.99999737739563,,red
xgb_5class_smote,841,0,0,1,6292.150624156654,0.99999737739563,,red
xgb_5class_smote,842,3,0,0,2.8859092645971445,0.99999737739563,,red
xgb_5class_smote,843,0,0,1,0.5445229448804203,0.99999737739563,,red
xgb_5class_smote,844,1,1,1,87.9779080767264,0.99999737739563,,green
xgb_5class_smote,845,3,0,0,11.866569553836582,0.99999737739563,,red
xgb_5class_smote,846,0,0,1,3.8062221311694673,0.99999737739563,,red
xgb_5class_smote,847,1,1,1,41.32967793097237,0.99999737739563,,green
xgb_5class_smote,848,1,1,1,33.33799391919472,0.99999737739563,,green
xgb_5class_smote,849,4,0,0,0.6830739802863706,0.9999969005584716,,red
xgb_5class_smote,850,2,0,0,1.176316735671095,0.8634671568870544,,red
xgb_5class_smote,851,1,0,0,2.2572114972063444,0.99999737739563,,red
xgb_5class_smote,852,0,0,1,17.233345941777227,0.99999737739563,,red
xgb_5class_smote,853,1,1,1,1.968824009828531,0.99999737739563,,green
xgb_5class_smote,854,2,0,0,0.5998511743923662,0.6537131667137146,,red
xgb_5class_smote,855,3,0,0,1.8249989834249618,0.99999737739563,,red
xgb_5class_smote,856,1,1,1,43.77297672729924,0.99999737739563,,green
xgb_5class_smote,857,0,0,1,35.85232536001948,0.99999737739563,,red
xgb_5class_smote,858,3,0,0,2.5475608310094717,0.887383759021759,,red
xgb_5class_smote,859,3,0,0,4.007291115401905,0.99999737739563,,red
xgb_5class_smote,860,3,0,0,3.9736603745231758,0.99999737739563,,red
xgb_5class_smote,861,1,0,0,9.495505775828303,0.7291648387908936,,red
xgb_5class_smote,862,1,0,0,4.072848488790873,0.9370468258857728,,red
xgb_5class_smote,863,1,0,0,1.58160782694992,0.5714272856712341,,red
xgb_5class_smote,864,2,2,1,73.27240712206485,0.99999737739563,,red
xgb_5class_smote,865,4,0,0,1.8018056973440555,0.99999737739563,,red
xgb_5class_smote,866,3,0,0,3.066043601765869,0.99999737739563,,red
xgb_5class_smote,867,3,0,0,25.755973634108308,0.99999737739563,,red
xgb_5class_smote,868,3,0,0,0.6858833940881844,0.9511865377426147,,red
xgb_5class_smote,869,4,0,0,4.331018967096035,0.99999737739563,,red
xgb_5class_smote,870,2,2,1,48.626578926097885,0.99999737739563,,red
xgb_5class_smote,871,3,0,0,76.4196874454423,0.99999737739563,,red
xgb_5class_smote,872,2,2,1,10.644440976256,0.99999737739563,,red
xgb_5class_smote,873,2,2,1,74.21161788560029,0.99999737739563,,red
xgb_5class_smote,874,1,1,1,73.76072902929214,0.99999737739563,,green
xgb_5class_smote,875,1,1,1,25.56155624301397,0.99999737739563,,green
xgb_5class_smote,876,0,0,1,11.571189325250272,0.99999737739563,,red
xgb_5class_smote,877,0,0,1,48.43757223598215,0.99999737739563,,red
xgb_5class_smote,878,3,0,0,24.230914800375984,0.99999737739563,,red
xgb_5class_smote,879,2,0,0,0.4527890205212237,0.6578932404518127,,red
xgb_5class_smote,880,1,1,1,28.486795979078185,0.99999737739563,,green
xgb_5class_smote,881,4,0,0,1.367766132800834,0.7291642427444458,,red
xgb_5class_smote,882,0,0,1,99.8645214922029,0.99999737739563,,red
xgb_5class_smote,883,2,2,1,40.50323845253409,0.99999737739563,,red
xgb_5class_smote,884,3,0,0,3.9546017749038986,0.99999737739563,,red
xgb_5class_smote,885,0,0,1,17.642688976541695,0.99999737739563,,red
xgb_5class_smote,886,1,0,0,0.435841420197391,0.9999973177909852,,red
xgb_5class_smote,887,3,0,0,56.109223313503854,0.99999737739563,,red
xgb_5class_smote,888,2,2,1,2.9897616796969446,0.99999737739563,,red
xgb_5class_smote,889,0,0,1,82.85488578604064,0.99999737739563,,red
xgb_5class_smote,890,2,2,1,19.473823121129286,0.99999737739563,,red
xgb_5class_smote,891,0,0,1,1.2402501725195063,0.99999737739563,,red
xgb_5class_smote,892,1,1,1,32.36476359561403,0.99999737739563,,green
xgb_5class_smote,893,3,0,0,2.8335358794480037,0.9999973177909852,,red
xgb_5class_smote,894,4,0,0,0.6100432750498369,0.9996107816696168,,red
xgb_5class_smote,895,0,0,1,13.717290891081916,0.99999737739563,,red
xgb_5class_smote,896,0,0,1,158.03729343197557,0.99999737739563,,red
xgb_5class_smote,897,1,1,1,22.42365299587963,0.99999737739563,,green
xgb_5class_smote,898,3,0,0,1.6388008948521031,0.99999737739563,,red
xgb_5class_smote,899,0,0,1,64.23056115855427,0.99999737739563,,red
xgb_5class_smote,900,1,1,1,2.0492350033015687,0.956519365310669,,green
xgb_5class_smote,901,1,0,0,5.620810583417633,0.99999737739563,,red
xgb_5class_smote,902,2,2,1,42.398937120045446,0.99999737739563,,red
xgb_5class_smote,903,0,0,1,48.39148289433136,0.99999737739563,,red
xgb_5class_smote,904,1,1,1,49.86148217446996,0.99999737739563,,green
xgb_5class_smote,905,2,0,0,1.3772654079908233,0.99999737739563,,red
xgb_5class_smote,906,1,1,1,35.681467941000754,0.99999737739563,,green
xgb_5class_smote,907,1,1,1,13.436940091939853,0.99999737739563,,green
xgb_5class_smote,908,2,0,0,0.9136840720011477,0.9511865377426147,,red
xgb_5class_smote,909,2,2,1,3.318417587531809,0.99999737739563,,red
xgb_5class_smote,910,2,2,1,68.96954762422382,0.99999737739563,,red
xgb_5class_smote,911,4,3,0,0.6247530163251973,0.5689639449119568,,green
xgb_5class_smote,912,1,1,1,2.857277625670138,0.9539383053779602,,green
xgb_5class_smote,913,1,1,1,4.046930170795866,0.99999737739563,,green
xgb_5class_smote,914,0,0,1,19.331182668864646,0.99999737739563,,red
xgb_5class_smote,915,2,2,1,15.18848604975671,0.99999737739563,,red
xgb_5class_smote,916,4,0,0,1.232734675494176,0.9417008757591248,,red
xgb_5class_smote,917,0,0,1,0.7206246254681552,0.99999737739563,,red
xgb_5class_smote,918,0,0,1,90.21692430000171,0.99999737739563,,red
xgb_5class_smote,919,1,1,1,41.83570967979459,0.99999737739563,,green
xgb_5class_smote,920,3,0,0,1.4335984310871914,0.99999737739563,,red
xgb_5class_smote,921,1,1,1,0.5481325690863176,0.9523786306381226,,green
xgb_5class_smote,922,1,1,1,2.3788934029211224,0.956519365310669,,green
xgb_5class_smote,923,3,0,0,5.500578417157118,0.9999973177909852,,red
xgb_5class_smote,924,3,3,1,0.44771076162399653,0.9662548899650574,,green
xgb_5class_smote,925,1,2,0,0.18733331409696172,0.6226401329040527,,red
xgb_5class_smote,926,3,0,0,2.8672278143164234,0.99999737739563,,red
xgb_5class_smote,927,3,3,1,0.46362266543485636,0.99999737739563,,green
xgb_5class_smote,928,1,1,1,43.695892552764896,0.99999737739563,,green
xgb_5class_smote,929,3,0,0,2.3141418395809468,0.99999737739563,,red
xgb_5class_smote,930,1,1,1,125.36157114789745,0.99999737739563,,green
xgb_5class_smote,931,0,0,1,14.420781383793152,0.8109315037727356,,red
xgb_5class_smote,932,2,2,1,0.7845092681992786,0.99999737739563,,red
xgb_5class_smote,933,1,2,0,0.1880253005586397,0.6226401329040527,,red
xgb_5class_smote,934,0,0,1,41.97902153903013,0.99999737739563,,red
xgb_5class_smote,935,2,2,1,25.83249384687855,0.99999737739563,,red
xgb_5class_smote,936,4,0,0,1.3764925538043649,0.6758137345314026,,red
xgb_5class_smote,937,4,0,0,0.7834340250866269,0.9930816888809204,,red
xgb_5class_smote,938,3,0,0,2.8443700921728508,0.99999737739563,,red
xgb_5class_smote,939,0,0,1,34024.168356669,0.99999737739563,,red
xgb_5class_smote,940,1,1,1,55.57319711187228,0.99999737739563,,green
xgb_5class_smote,941,2,0,0,0.7146598838257486,0.6435569524765015,,red
xgb_5class_smote,942,3,0,0,0.1969345936596031,0.99999737739563,,red
xgb_5class_smote,943,0,0,1,10.708607091423984,0.99999737739563,,red
xgb_5class_smote,944,1,1,1,11.319226856542267,0.99999737739563,,green
xgb_5class_smote,945,3,0,0,4.862871676725172,0.933329939842224,,red
xgb_5class_smote,946,3,0,0,2.5810315768149716,0.99999737739563,,red
xgb_5class_smote,947,1,1,1,103.7731888449915,0.99999737739563,,green
xgb_5class_smote,948,0,0,1,8.13551780193184,0.99999737739563,,red
xgb_5class_smote,949,0,0,1,1041.1612973204178,0.99999737739563,,red
xgb_5class_smote,950,3,0,0,2.5780334225286943,0.9999973177909852,,red
xgb_5class_smote,951,1,1,1,56.894225641289175,0.99999737739563,,green
xgb_5class_smote,952,2,2,1,2.2510347696950204,0.99999737739563,,red
xgb_5class_smote,953,0,0,1,37.53642917461497,0.99999737739563,,red
xgb_5class_smote,954,1,2,0,0.9854181821531011,0.99999737739563,,red
xgb_5class_smote,955,3,0,0,1.3788930921739015,0.9389586448669434,,red
xgb_5class_smote,956,1,1,1,126.19593513114405,0.99999737739563,,green
xgb_5class_smote,957,1,0,0,1.307232172837977,0.5637747049331665,,red
xgb_5class_smote,958,3,0,0,2.708246017250407,0.99999737739563,,red
xgb_5class_smote,959,1,1,1,59.77604631288313,0.99999737739563,,green
xgb_5class_smote,960,0,2,0,2.467376560465311,0.99999737739563,,red
xgb_5class_smote,961,2,2,1,84.66582368006769,0.99999737739563,,red
xgb_5class_smote,962,1,1,1,53.75391563276084,0.99999737739563,,green
xgb_5class_smote,963,1,1,1,93.0434064473084,0.99999737739563,,green
xgb_5class_smote,964,0,0,1,6.830779156057714,0.99999737739563,,red
xgb_5class_smote,965,1,1,1,45.00447129825352,0.99999737739563,,green
xgb_5class_smote,966,3,0,0,16.07939450550722,0.99999737739563,,red
xgb_5class_smote,967,1,1,1,44.95716629075194,0.99999737739563,,green
xgb_5class_smote,968,3,3,1,0.48575292424633626,0.9462334513664246,,green
xgb_5class_smote,969,4,3,0,0.499067305303192,0.9999972581863404,,green
xgb_5class_smote,970,3,0,0,4.413216971159283,0.953402578830719,,red
xgb_5class_smote,971,3,3,1,0.9328090988474784,0.99999737739563,,green
xgb_5class_smote,972,3,0,0,1.822080793545395,0.99999737739563,,red
xgb_5class_smote,973,0,0,1,16569.89484931773,0.99999737739563,,red
xgb_5class_smote,974,0,0,1,0.9702386424219399,0.99999737739563,,red
xgb_5class_smote,975,2,2,1,106.94134682768279,0.99999737739563,,red
xgb_5class_smote,976,2,2,1,51.096205937879745,0.99999737739563,,red
xgb_5class_smote,977,4,4,1,0.6388924894510379,0.9560470581054688,,red
xgb_5class_smote,978,2,2,1,1.1320645596558598,0.99999737739563,,red
xgb_5class_smote,979,3,0,0,2.647631167575394,0.99999737739563,,red
xgb_5class_smote,980,0,0,1,19.70102081234314,0.99999737739563,,red
xgb_5class_smote,981,0,0,1,18.394442913849403,0.99999737739563,,red
xgb_5class_smote,982,2,0,0,0.9572848447667808,0.7488100528717041,,red
xgb_5class_smote,983,2,2,1,2.161078102624214,0.99999737739563,,red
xgb_5class_smote,984,0,0,1,38.812280441308296,0.99999737739563,,red
xgb_5class_smote,985,1,1,1,30.203875978574242,0.99999737739563,,green
xgb_5class_smote,986,2,2,1,0.43168487020289886,0.99999737739563,,red
xgb_5class_smote,987,3,0,0,3.2523492790989255,0.99999737739563,,red
xgb_5class_smote,988,3,0,0,2.501615046799992,0.99999737739563,,red
xgb_5class_smote,989,1,1,1,10.622263467218735,0.99999737739563,,green
xgb_5class_smote,990,3,0,0,3.2311743752956876,0.953402578830719,,red
xgb_5class_smote,991,2,0,0,0.45770329413266303,0.7291648387908936,,red
xgb_5class_smote,992,3,0,0,4.889926479411639,0.9417009353637696,,red
xgb_5class_smote,993,0,0,1,14.124034190975854,0.99999737739563,,red
xgb_5class_smote,994,0,0,1,41081.84329359331,0.99999737739563,,red
xgb_5class_smote,995,1,1,1,1.0609333857257601,0.99999737739563,,green
xgb_5class_smote,996,1,1,1,48.27709563281015,0.99999737739563,,green
xgb_5class_smote,997,2,2,1,3.359280236550153,0.99999737739563,,red
xgb_5class_smote,998,4,0,0,0.6817446231300999,0.99999737739563,,red
xgb_5class_smote,999,0,0,1,3968.8418744014875,0.99999737739563,,red
dnn_5class_smote,0,0,0,1,1426.4790956240463,0.9999246001243592,-0.0056248935870826244,red
dnn_5class_smote,1,4,0,0,0.9996701493214889,0.6777774691581726,-0.6967742443084717,red
dnn_5class_smote,2,3,0,0,19.57039394495377,0.9999246001243592,-0.05625082924962044,red
dnn_5class_smote,3,3,0,0,2.314466515716473,0.9999246001243592,-0.0005882316036149859,red
dnn_5class_smote,4,0,0,1,23583.769638377853,0.9999246001243592,-0.007656325586140156,red
dnn_5class_smote,5,2,0,0,0.6028012315118182,0.9880971312522888,-0.6235061883926392,red
dnn_5class_smote,6,4,0,0,4.711534731770332,0.9821249842643738,-0.8990508317947388,red
dnn_5class_smote,7,3,0,0,0.46451797438591785,0.9999246001243592,-0.16446015238761902,red
dnn_5class_smote,8,1,1,1,2.014088534083949,0.999924659729004,-0.024510497227311134,green
dnn_5class_smote,9,0,0,1,8.937484916081619,0.9999246001243592,-0.012609025463461876,red
dnn_5class_smote,10,2,2,1,85.5104188187224,0.9898000359535216,-0.04533131793141365,red
dnn_5class_smote,11,2,2,1,2.790651598510382,0.9999688863754272,-0.0006554817664436996,red
dnn_5class_smote,12,0,0,1,66.17880874068598,0.9999246001243592,-0.0005149903590790927,red
dnn_5class_smote,13,1,0,0,1.755152256980912,0.9999244809150696,-0.21258921921253204,red
dnn_5class_smote,14,3,0,0,2.345951702253948,0.9999246001243592,-0.0011895181378349662,red
dnn_5class_smote,15,0,2,0,4.504228853081429,0.9999688863754272,-0.0004621933912858367,red
dnn_5class_smote,16,0,0,1,24.099142805325386,0.9999246001243592,-0.0015727721620351076,red
dnn_5class_smote,17,3,0,0,2.6311099775875664,0.9999246001243592,-0.0009211958386003971,red
dnn_5class_smote,18,0,0,1,15621.685808759898,0.9999246001243592,-0.02236368879675865,red
dnn_5class_smote,19,0,0,1,61.18910487614893,0.9999246001243592,-0.0013372895773500204,red
dnn_5class_smote,20,0,0,1,6.136705625717214,0.9999246001243592,-0.0349162295460701,red
dnn_5class_smote,21,3,4,0,0.10975171531074572,0.8486903309822083,-0.09628906846046448,red
dnn_5class_smote,22,0,0,1,10.414757643757524,0.9999246001243592,-0.0710049569606781,red
dnn_5class_smote,23,1,1,1,1.9215990167460877,0.9896886944770812,-0.41351327300071716,green
dnn_5class_smote,24,0,0,1,1.0105332363721378,0.6993667483329773,-0.7917065620422363,red
dnn_5class_smote,25,2,2,1,15.099437037454896,0.9999688863754272,-1.716252700134646e-05,red
dnn_5class_smote,26,0,0,1,0.5665761410324758,0.6079851388931274,-0.747818112373352,red
dnn_5class_smote,27,4,4,1,2.0048390482156977,0.8498408198356628,-0.3194330334663391,red
dnn_5class_smote,28,3,0,0,38.66311479908894,0.9999246001243592,-0.0024164440110325813,red
dnn_5class_smote,29,1,1,1,60.930018422082085,0.999924659729004,-0.0044441488571465015,green
dnn_5class_smote,30,1,1,1,1.7149099804497712,0.9897567629814148,-0.16903671622276306,green
dnn_5class_smote,31,4,0,0,0.8099510917391001,0.9098498225212096,-1.0104930400848389,red
dnn_5class_smote,32,2,0,0,0.5019266484537751,0.5405259132385254,-1.1229764223098755,red
dnn_5class_smote,33,2,2,1,3.894844854921675,0.9999688863754272,-0.007052715867757797,red
dnn_5class_smote,34,1,1,1,29.827866231378195,0.999924659729004,-0.0027644678484648466,green
dnn_5class_smote,35,3,0,0,145.80723871345305,0.9999246001243592,-0.021500201895833015,red
dnn_5class_smote,36,1,1,1,42.673542744646184,0.999924659729004,-0.0028120800852775574,green
dnn_5class_smote,37,1,1,1,37.7508780729963,0.999924659729004,-0.001073898165486753,green
dnn_5class_smote,38,1,1,1,12.54300592275959,0.8940445780754089,-0.16686120629310608,green
dnn_5class_smote,39,2,2,1,5.395576388261182,0.9999688863754272,-0.00022619370429310948,red
dnn_5class_smote,40,0,0,1,8.869197208058228,0.9999245405197144,-0.0385446697473526,red
dnn_5class_smote,41,3,0,0,2.8813486310424046,0.9999246001243592,-0.0006763927522115409,red
dnn_5class_smote,42,1,1,1,42.72191527342177,0.999924659729004,-0.003932435996830463,green
dnn_5class_smote,43,2,0,0,1.3769154082259119,0.9999246001243592,-0.3164031505584717,red
dnn_5class_smote,44,2,0,0,0.7311790241474289,0.7103579640388489,-1.0316202640533447,red
dnn_5class_smote,45,3,0,0,1.039539353709097,0.9999246001243592,-0.010751415975391865,red
dnn_5class_smote,46,1,1,1,53.12079281147696,0.999924659729004,-0.000747869664337486,green
dnn_5class_smote,47,1,1,1,117.26000440708827,0.999924659729004,-0.0018167259404435754,green
dnn_5class_smote,48,0,0,1,3.113854624616406,0.9999246001243592,-0.002604501089081168,red
dnn_5class_smote,49,3,3,1,0.27183865540798136,0.670061469078064,-0.3241194486618042,red
dnn_5class_smote,50,2,2,1,55.958926136141855,0.9999688863754272,-0.0034926151856780052,red
dnn_5class_smote,51,2,3,0,0.40413944736895446,0.8734470009803772,-0.8933532238006592,red
dnn_5class_smote,52,3,0,0,2.502473833729125,0.9999246001243592,-0.0020877327769994736,red
dnn_5class_smote,53,1,1,1,30.489036844561028,0.999924659729004,-0.00990010891109705,green
dnn_5class_smote,54,2,2,1,0.4661758370091211,0.9999688863754272,-0.006136994808912277,red
dnn_5class_smote,55,3,0,0,2.345951887254269,0.9999246001243592,-0.002711924258619547,red
dnn_5class_smote,56,1,1,1,32.283261860802064,0.999924659729004,-0.0028399210423231125,green
dnn_5class_smote,57,0,0,1,35.49648013623536,0.9999246001243592,-0.0034559201449155807,red
dnn_5class_smote,58,2,0,0,0.5684594117675741,0.526300311088562,-0.6545878052711487,red
dnn_5class_smote,59,3,0,0,1.7909935872965486,0.95390123128891,-0.734192430973053,red
dnn_5class_smote,60,0,0,1,15.188129810275564,0.9999246001243592,-0.0015792616177350283,red
dnn_5class_smote,61,3,3,1,0.4865470399997511,0.9448868632316588,-0.2031305879354477,red
dnn_5class_smote,62,0,0,1,14.349564981967651,0.9999246001243592,-0.0028606585692614317,red
dnn_5class_smote,63,0,0,1,16.055043727055494,0.9999246001243592,-0.005472701974213123,red
dnn_5class_smote,64,2,1,0,1.900189348374563,0.9896886944770812,-0.22158704698085785,green
dnn_5class_smote,65,0,0,1,108.27163647216688,0.9999246001243592,-0.0002887546725105494,red
dnn_5class_smote,66,0,0,1,16.28112185754801,0.9999246001243592,-0.0034706746228039265,red
dnn_5class_smote,67,1,1,1,2.1038647028110327,0.5591438412666321,-0.6939297318458557,green
dnn_5class_smote,68,0,0,1,68.39482951299627,0.9999246001243592,-0.0014116843231022358,red
dnn_5class_smote,69,0,0,1,25.344712126673915,0.9999246001243592,-0.003025328740477562,red
dnn_5class_smote,70,0,0,1,85.8093914255096,0.9999246001243592,-0.00142006971873343,red
dnn_5class_smote,71,2,2,1,124.25899873220571,0.9999688863754272,-0.0014387695118784904,red
dnn_5class_smote,72,0,0,1,5.311273611542196,0.9999246001243592,-0.06921354681253433,red
dnn_5class_smote,73,1,1,1,34.00488530108476,0.999924659729004,-0.0027780206874012947,green
dnn_5class_smote,74,3,0,0,1.9276548589167155,0.9821540713310242,-0.6679912805557251,red
dnn_5class_smote,75,4,4,1,0.5975510916153963,0.9699639081954956,-0.21416227519512177,red
dnn_5class_smote,76,3,0,0,58.73975394148585,0.9999246001243592,-0.00566805200651288,red
dnn_5class_smote,77,2,0,0,1.1269860200283877,0.9948071241378784,-0.3662457764148712,red
dnn_5class_smote,78,0,0,1,25.966264160293033,0.9999246001243592,-0.0009859262499958277,red
dnn_5class_smote,79,0,0,1,58.55786995056329,0.9999246001243592,-0.006977842189371586,red
dnn_5class_smote,80,1,1,1,32.30504045170547,0.999924659729004,-0.04015094041824341,green
dnn_5class_smote,81,2,2,1,22.13308166960523,0.9999688863754272,-0.0017412382876500487,red
dnn_5class_smote,82,1,1,1,88.75040658610993,0.999924659729004,-0.012654706835746765,green
dnn_5class_smote,83,4,4,1,0.5647670523321061,0.969864308834076,-0.05909354239702225,red
dnn_5class_smote,84,0,2,0,2.652325344789137,0.9397507309913636,-0.33429017663002014,red
dnn_5class_smote,85,1,1,1,30.800958416167102,0.999924659729004,-0.0019905446097254753,green
dnn_5class_smote,86,0,0,1,17966.950484829355,0.9999246001243592,-0.02522936463356018,red
dnn_5class_smote,87,1,0,0,5.1521210648271705,0.8282216787338257,-1.0180153846740723,red
dnn_5class_smote,88,0,0,1,71.9775417347049,0.9999246001243592,-0.015135684981942177,red
dnn_5class_smote,89,1,1,1,40.94800552026052,0.999924659729004,-0.004780974239110947,green
dnn_5class_smote,90,0,2,0,8.603434907661883,0.9999688863754272,-0.0010458154138177633,red
dnn_5class_smote,91,1,1,1,66.43537856706052,0.999924659729004,-0.01990886591374874,green
dnn_5class_smote,92,0,0,1,49.41002547877324,0.9999246001243592,-0.0022932591382414103,red
dnn_5class_smote,93,1,1,1,34.40484502084375,0.999924659729004,-0.0029783803038299084,green
dnn_5class_smote,94,4,4,1,0.6597677829039263,0.9699391722679138,-0.1927429437637329,red
dnn_5class_smote,95,4,0,0,3.0063956630853266,0.9999242424964904,-0.5652190446853638,red
dnn_5class_smote,96,1,1,1,87.2130665080078,0.999924659729004,-0.00372845190577209,green
dnn_5class_smote,97,0,0,1,20.23036164579761,0.9999246001243592,-0.0027142411563545465,red
dnn_5class_smote,98,0,0,1,11.00101751145461,0.9999246001243592,-0.000736080517526716,red
dnn_5class_smote,99,1,1,1,40.14090607953352,0.999924659729004,-0.00626820232719183,green
dnn_5class_smote,100,3,0,0,4.155293912539958,0.8792945146560669,-0.845353364944458,red
dnn_5class_smote,101,2,1,0,1.976469440099475,0.9445374608039856,-0.21423833072185516,green
dnn_5class_smote,102,2,0,0,1.119868837594635,0.9948071241378784,-0.5862013697624207,red
dnn_5class_smote,103,3,0,0,2.833699445622038,0.9999246001243592,-0.04109727591276169,red
dnn_5class_smote,104,0,0,1,2514.4784604752494,0.9999246001243592,-0.002668730914592743,red
dnn_5class_smote,105,3,0,0,1.7701894802098987,0.9999244809150696,-0.17052799463272095,red
dnn_5class_smote,106,1,1,1,42.385508127308995,0.999924659729004,-0.015840817242860794,green
dnn_5class_smote,107,2,0,0,0.7030113327825948,0.6992900967597961,-1.0297733545303345,red
dnn_5class_smote,108,2,0,0,0.6499425862532101,0.9931452870368958,-0.38082292675971985,red
dnn_5class_smote,109,4,0,0,10.45779375788462,0.9999244809150696,-0.08168385922908783,red
dnn_5class_smote,110,4,0,0,0.9938279398233297,0.9999246001243592,-0.010070491582155228,red
dnn_5class_smote,111,0,0,1,1221.5958531099059,0.9999246001243592,-0.00744908070191741,red
dnn_5class_smote,112,3,0,0,41.89195261898397,0.9999246001243592,-0.0020695209968835115,red
dnn_5class_smote,113,0,0,1,2.3797072783983158,0.9999246001243592,-0.058343421667814255,red
dnn_5class_smote,114,2,0,0,1.037392956196567,0.9999246001243592,-0.04666547849774361,red
dnn_5class_smote,115,0,0,1,0.9798141916268777,0.9999244809150696,-0.494765967130661,red
dnn_5class_smote,116,2,0,0,0.6134369500206842,0.994807243347168,-0.35938024520874023,red
dnn_5class_smote,117,3,0,0,2.7682108350781784,0.9939897060394288,-0.48033806681632996,red
dnn_5class_smote,118,3,0,0,4.930551978025363,0.9999246001243592,-0.01253469754010439,red
dnn_5class_smote,119,2,0,0,0.5793718654154911,0.5396670699119568,-0.6996738314628601,red
dnn_5class_smote,120,1,1,1,50.96398809463424,0.999924659729004,-0.006069649942219257,green
dnn_5class_smote,121,3,0,0,20.59651051303736,0.9999246001243592,-0.014372500590980053,red
dnn_5class_smote,122,3,0,0,1.1803220304561737,0.9999244809150696,-0.18700489401817322,red
dnn_5class_smote,123,1,1,1,38.42026785065283,0.999924659729004,-0.003820061217993498,green
dnn_5class_smote,124,2,1,0,1.8727138087895472,0.649962842464447,-0.7512595653533936,green
dnn_5class_smote,125,1,1,1,7.645254749341272,0.999924659729004,-0.1796630471944809,green
dnn_5class_smote,126,1,1,1,1.258931823656632,0.999924659729004,-0.00300743174739182,green
dnn_5class_smote,127,0,0,1,8.792260085040365,0.9999246001243592,-0.00188733683899045,red
dnn_5class_smote,128,0,0,1,8.272242054265021,0.9999246001243592,-0.002858281135559082,red
dnn_5class_smote,129,1,1,1,1.6260071527618443,0.9896886944770812,-0.1424131542444229,green
dnn_5class_smote,130,0,0,1,10.530083496292564,0.9999246001243592,-0.000489348778501153,red
dnn_5class_smote,131,1,1,1,19.438316387421153,0.9963915944099426,-0.044024787843227386,green
dnn_5class_smote,132,1,1,1,36.2556622406713,0.999924659729004,-0.003955878783017397,green
dnn_5class_smote,133,1,1,1,141.5659331554464,0.999924659729004,-0.003866970306262374,green
dnn_5class_smote,134,2,2,1,44.415829685732234,0.9999688863754272,-0.00040928294765762985,red
dnn_5class_smote,135,0,0,1,490.0034220450606,0.9999246001243592,-0.008665855973958969,red
dnn_5class_smote,136,4,0,0,0.986762363242451,0.5262782573699951,-0.5886102914810181,red
dnn_5class_smote,137,4,0,0,1.0722289758263575,0.5262782573699951,-0.6141892075538635,red
dnn_5class_smote,138,3,4,0,0.11026319178838524,0.8489273190498352,-0.05311104655265808,red
dnn_5class_smote,139,3,0,0,2.2888318889364054,0.9999246001243592,-0.00024618091993033886,red
dnn_5class_smote,140,2,2,1,0.6488300239962748,0.9999688863754272,-0.014929684810340405,red
dnn_5class_smote,141,2,2,1,2.2055631746037276,0.989663541316986,-0.3471400737762451,red
dnn_5class_smote,142,3,0,0,42.57292616405532,0.9999246001243592,-0.008653945289552212,red
dnn_5class_smote,143,1,1,1,37.97457009128166,0.999924659729004,-0.006036465987563133,green
dnn_5class_smote,144,2,0,0,0.49697166266497234,0.5371310710906982,-0.9555940628051758,red
dnn_5class_smote,145,2,0,0,2.396137944220868,0.9999244809150696,-0.33605754375457764,red
dnn_5class_smote,146,0,0,1,7.17073159660386,0.9999246001243592,-0.004017286468297243,red
dnn_5class_smote,147,1,1,1,192.22519358883906,0.999924659729004,-0.003153765108436346,green
dnn_5class_smote,148,0,0,1,4858.053499540934,0.9999246001243592,-0.003501236205920577,red
dnn_5class_smote,149,2,2,1,31.214105024350733,0.9999688863754272,-0.002032370073720813,red
dnn_5class_smote,150,3,4,0,0.10942890581770925,0.8481106162071228,-0.1476559191942215,red
dnn_5class_smote,151,2,2,1,0.7956657008663263,0.9347952008247375,-0.6683562994003296,red
dnn_5class_smote,152,2,2,1,0.4793967271049067,0.996435523033142,-0.43841683864593506,red
dnn_5class_smote,153,0,0,1,12.448686471825434,0.9999246001243592,-0.0014863790711387992,red
dnn_5class_smote,154,0,0,1,88.00232032360984,0.9112938046455384,-0.45804160833358765,red
dnn_5class_smote,155,1,0,0,3.1869624413356052,0.9999246001243592,-0.00990720372647047,red
dnn_5class_smote,156,2,0,0,1.9999774957860972,0.9999246001243592,-0.04304938763380051,red
dnn_5class_smote,157,0,0,1,63287.85647404371,0.9999246001243592,-0.012606203556060791,red
dnn_5class_smote,158,1,0,0,9.228822917338588,0.9999244809150696,-0.18946146965026855,red
dnn_5class_smote,159,4,4,1,0.9092133882261836,0.999867856502533,-0.005231305956840515,red
dnn_5class_smote,160,1,1,1,99.57155799037068,0.999924659729004,-0.005740162450820208,green
dnn_5class_smote,161,2,2,1,4.851816742314382,0.9999688863754272,-0.017528923228383064,red
dnn_5class_smote,162,0,0,1,99.83056755064042,0.9999246001243592,-0.0008092559291981161,red
dnn_5class_smote,163,1,1,1,14.449817428670215,0.999924659729004,-0.018530845642089844,green
dnn_5class_smote,164,2,2,1,2.392024630944757,0.9999688863754272,-0.019461866468191147,red
dnn_5class_smote,165,1,1,1,39.72897051748221,0.999924659729004,-0.0019272355129942298,green
dnn_5class_smote,166,2,0,0,0.7152761627750438,0.8041335344314575,-1.1702780723571777,red
dnn_5class_smote,167,3,0,0,3.776583109212632,0.9999246001243592,-0.009879251010715961,red
dnn_5class_smote,168,0,0,1,4159.972294492025,0.9999246001243592,-0.020537007600069046,red
dnn_5class_smote,169,0,0,1,525.9687638870187,0.9999246001243592,-0.01641230471432209,red
dnn_5class_smote,170,1,1,1,65.66671591887884,0.999924659729004,-0.0032567766029387712,green
dnn_5class_smote,171,2,2,1,57.219884077877076,0.9999688863754272,-0.00011664842168102041,red
dnn_5class_smote,172,2,1,0,1.581784071006501,0.999924659729004,-0.016530899330973625,green
dnn_5class_smote,173,0,0,1,44.42975861749089,0.9999246001243592,-0.005798064172267914,red
dnn_5class_smote,174,1,1,1,61.94915170460592,0.999924659729004,-0.004169411491602659,green
dnn_5class_smote,175,2,1,0,1.262596158273914,0.999924659729004,-0.1310676634311676,green
dnn_5class_smote,176,1,1,1,32.38044102823892,0.999924659729004,-0.007524160668253899,green
dnn_5class_smote,177,3,0,0,1.8064405047069794,0.9999246001243592,-0.09405867755413055,red
dnn_5class_smote,178,0,0,1,133.6471487104573,0.9999246001243592,-0.0014536139788106084,red
dnn_5class_smote,179,4,4,1,1.8949790198809022,0.9698356986045836,-0.043960243463516235,red
dnn_5class_smote,180,0,0,1,50.07139127680396,0.9999246001243592,-0.006894505582749844,red
dnn_5class_smote,181,3,0,0,5.722767956471099,0.9939897060394288,-0.49439892172813416,red
dnn_5class_smote,182,1,1,1,77.26081823549214,0.999924659729004,-0.004869334399700165,green
dnn_5class_smote,183,1,1,1,64.33318128118384,0.999924659729004,-0.007307299412786961,green
dnn_5class_smote,184,4,0,0,7.918187470610161,0.9999244809150696,-0.09098812937736511,red
dnn_5class_smote,185,1,1,1,68.92803776774227,0.999924659729004,-0.00949186272919178,green
dnn_5class_smote,186,0,0,1,29.856262755197736,0.9999244809150696,-0.0924818217754364,red
dnn_5class_smote,187,0,0,1,9.284223232285452,0.9999246001243592,-0.0038910084404051304,red
dnn_5class_smote,188,3,0,0,1.6843063432855836,0.9821541905403136,-0.617652952671051,red
dnn_5class_smote,189,1,1,1,170.20340779110825,0.999924659729004,-0.0017218156717717648,green
dnn_5class_smote,190,0,0,1,11.646964187113316,0.9999246001243592,-0.00237639294937253,red
dnn_5class_smote,191,4,0,0,3.5160934067882637,0.9112834930419922,-0.8934761881828308,red
dnn_5class_smote,192,1,1,1,16.116301652443536,0.999924659729004,-0.0003918666043318808,green
dnn_5class_smote,193,3,0,0,2.603613491696479,0.9999246001243592,-0.0014820094220340252,red
dnn_5class_smote,194,3,0,0,2.5834268680809322,0.9999246001243592,-0.00029386411188170314,red
dnn_5class_smote,195,0,0,1,9.66439097776326,0.9999246001243592,-0.000830011791549623,red
dnn_5class_smote,196,2,1,0,1.8723392381440453,0.9896886944770812,-0.3317434787750244,green
dnn_5class_smote,197,4,0,0,3.746349203000631,0.9999244809150696,-0.061641231179237366,red
dnn_5class_smote,198,3,0,0,73.11730434610683,0.9999246001243592,-0.013906914740800858,red
dnn_5class_smote,199,4,3,0,0.37767921845565233,0.9448868632316588,-0.23130807280540466,red
dnn_5class_smote,200,1,1,1,93.52429167324931,0.999924659729004,-0.001121921930462122,green
dnn_5class_smote,201,1,1,1,99.31279984940637,0.999924659729004,-0.009779704734683037,green
dnn_5class_smote,202,2,1,0,1.7564281569664888,0.5111187100410461,-0.989185631275177,green
dnn_5class_smote,203,4,0,0,7.843338443366402,0.9999244809150696,-0.12237322330474854,red
dnn_5class_smote,204,0,0,1,61.346690968790845,0.9999246001243592,-0.001980756176635623,red
dnn_5class_smote,205,4,4,1,0.5979174250397378,0.8495930433273315,-0.3360494375228882,red
dnn_5class_smote,206,2,1,0,1.873259576957006,0.9896886944770812,-0.41448643803596497,green
dnn_5class_smote,207,0,0,1,80109.39919863093,0.9999246001243592,-0.0065274485386908054,red
dnn_5class_smote,208,2,0,0,0.7345595704134326,0.7463248372077942,-0.8707529902458191,red
dnn_5class_smote,209,2,2,1,23.294655092495084,0.9999688863754272,-0.0014608846977353096,red
dnn_5class_smote,210,3,0,0,2.859874851320108,0.9999246001243592,-0.0010429228423163295,red
dnn_5class_smote,211,1,0,0,9.269392620882305,0.9999246001243592,-0.04334647208452225,red
dnn_5class_smote,212,1,1,1,64.31376652130965,0.999924659729004,-0.0003713193000294268,green
dnn_5class_smote,213,2,0,0,0.9564324128279605,0.994807243347168,-0.4695631265640259,red
dnn_5class_smote,214,0,0,1,6.8309452435376095,0.9999246001243592,-0.005634275730699301,red
dnn_5class_smote,215,3,0,0,3.5246752957429024,0.9999246001243592,-0.008451294153928757,red
dnn_5class_smote,216,3,0,0,3.721436897446621,0.9999246001243592,-0.017961742356419563,red
dnn_5class_smote,217,3,0,0,3.269591146059651,0.9999246001243592,-0.0093086501583457,red
dnn_5class_smote,218,3,0,0,2.8552726169121097,0.9999246001243592,-0.078537717461586,red
dnn_5class_smote,219,1,1,1,40.95133685120647,0.999924659729004,-0.0012112368131056428,green
dnn_5class_smote,220,2,1,0,1.8567176340953122,0.9445374608039856,-0.6048745512962341,green
dnn_5class_smote,221,1,1,1,103.09364237403257,0.999924659729004,-0.005807333625853062,green
dnn_5class_smote,222,1,1,1,5.026705626082752,0.9896886944770812,-0.10564485192298889,green
dnn_5class_smote,223,1,1,1,29.401864962740014,0.9963915944099426,-0.016256853938102722,green
dnn_5class_smote,224,1,0,0,1.184818205033557,0.510481059551239,-0.7324960827827454,red
dnn_5class_smote,225,2,1,0,5.55465238354109,0.999924659729004,-0.19564086198806763,green
dnn_5class_smote,226,2,0,0,1.290473376638126,0.9999244809150696,-0.6021081805229187,red
dnn_5class_smote,227,1,1,1,68.0314537042189,0.999924659729004,-0.002964999759569764,green
dnn_5class_smote,228,3,0,0,0.5886683512356388,0.523755669593811,-1.0437870025634766,red
dnn_5class_smote,229,0,0,1,17.952341059644375,0.9999246001243592,-0.07984119653701782,red
dnn_5class_smote,230,2,2,1,2.3954073655684223,0.996435523033142,-0.02695719711482525,red
dnn_5class_smote,231,1,1,1,6.871677029564909,0.9896886944770812,-0.06719697266817093,green
dnn_5class_smote,232,2,2,1,4.176336193189626,0.9999688863754272,-0.0036906185559928417,red
dnn_5class_smote,233,3,0,0,1.3965491608832254,0.9821256399154664,-0.8599624633789062,red
dnn_5class_smote,234,0,0,1,11.527031357755583,0.9999246001243592,-0.0057578072883188725,red
dnn_5class_smote,235,3,0,0,2.8672278143164234,0.9999246001243592,-0.06891985982656479,red
dnn_5class_smote,236,1,1,1,2.502846474409763,0.9445374608039856,-0.20401786267757416,green
dnn_5class_smote,237,0,0,1,37.26448773354585,0.9999246001243592,-0.00763424439355731,red
dnn_5class_smote,238,2,2,1,73.06923977920349,0.989663541316986,-0.04610187187790871,red
dnn_5class_smote,239,3,0,0,1.3014254449495735,0.8396299481391907,-1.2078132629394531,red
dnn_5class_smote,240,1,1,1,111.70350027519119,0.999924659729004,-0.00860751885920763,green
dnn_5class_smote,241,1,1,1,112.11422168928036,0.999924659729004,-0.002397027797996998,green
dnn_5class_smote,242,4,4,1,0.9099402471228469,0.9998677968978882,-0.023205695673823357,red
dnn_5class_smote,243,3,2,0,0.8313262287747026,0.6944279074668884,-0.5137237906455994,red
dnn_5class_smote,244,1,1,1,119.94639224975575,0.999924659729004,-0.0018026879988610744,green
dnn_5class_smote,245,0,0,1,24.828688630057748,0.9999246001243592,-0.000971026427578181,red
dnn_5class_smote,246,1,0,0,1.3458807573685359,0.9947551488876344,-0.7755944728851318,red
dnn_5class_smote,247,1,1,1,22.76685394757251,0.999924659729004,-0.1135198250412941,green
dnn_5class_smote,248,3,0,0,3.283974460104595,0.9999246001243592,-0.00027918527484871447,red
dnn_5class_smote,249,3,0,0,3.8881567384998075,0.9999246001243592,-0.00729715172201395,red
dnn_5class_smote,250,3,0,0,3.4570899333947755,0.9999246001243592,-0.1272849142551422,red
dnn_5class_smote,251,0,0,1,14800.34750334456,0.9999246001243592,-0.015551837161183357,red
dnn_5class_smote,252,3,0,0,146.96079644419495,0.9999246001243592,-0.005531530361622572,red
dnn_5class_smote,253,1,0,0,1.2733264465484215,0.8409437537193298,-0.7163857817649841,red
dnn_5class_smote,254,3,0,0,5.76384880133077,0.9999246001243592,-0.048704128712415695,red
dnn_5class_smote,255,1,0,0,4.252830498335819,0.9999244809150696,-0.23434187471866608,red
dnn_5class_smote,256,2,2,1,57.56826484124689,0.9999688863754272,-0.0011708568781614304,red
dnn_5class_smote,257,1,0,0,1.6155389015511816,0.9999244809150696,-0.41510337591171265,red
dnn_5class_smote,258,2,2,1,97.78013833855779,0.9999688863754272,-0.00028654467314481735,red
dnn_5class_smote,259,0,0,1,3.9629594277734115,0.9999246001243592,-0.045007918030023575,red
dnn_5class_smote,260,1,1,1,78.62231457092079,0.999924659729004,-0.00042421245598234236,green
dnn_5class_smote,261,4,0,0,0.6907882072118758,0.9884061813354492,-0.94210284948349,red
dnn_5class_smote,262,3,0,0,3.333524598433146,0.9999246001243592,-0.02731374464929104,red
dnn_5class_smote,263,0,0,1,0.5001498112815831,0.8114739060401917,-0.6966971158981323,red
dnn_5class_smote,264,4,0,0,1.2926646544421059,0.9939897060394288,-0.49138107895851135,red
dnn_5class_smote,265,3,0,0,2.475814528738789,0.9999246001243592,-0.0004441772762220353,red
dnn_5class_smote,266,3,0,0,12.017698786635911,0.9999246001243592,-0.012608797289431095,red
dnn_5class_smote,267,0,0,1,138.9733791282094,0.9999246001243592,-0.0030385006684809923,red
dnn_5class_smote,268,1,1,1,45.254858032219765,0.999924659729004,-0.005489342845976353,green
dnn_5class_smote,269,1,1,1,65.67322134364301,0.999924659729004,-0.021960629150271416,green
dnn_5class_smote,270,0,0,1,4.907162360547256,0.9999246001243592,-0.0469060093164444,red
dnn_5class_smote,271,2,0,0,0.9258210758378882,0.9999244809150696,-0.16290540993213654,red
dnn_5class_smote,272,1,1,1,43.275277869500506,0.999924659729004,-0.006929850671440363,green
dnn_5class_smote,273,0,0,1,0.9811168634302778,0.9999244809150696,-0.46397852897644043,red
dnn_5class_smote,274,3,0,0,2.1689397709660847,0.981842875480652,-0.8040589094161987,red
dnn_5class_smote,275,0,0,1,392.3478956711679,0.9999246001243592,-0.04604271054267883,red
dnn_5class_smote,276,3,0,0,3.658118679426315,0.9999244809150696,-0.2794019281864166,red
dnn_5class_smote,277,0,0,1,5.485859990225386,0.9999244809150696,-0.147342249751091,red
dnn_5class_smote,278,3,0,0,1.4703930795187665,0.9513709545135498,-0.762550950050354,red
dnn_5class_smote,279,1,0,0,7.707895581549069,0.9999246001243592,-0.10306429862976074,red
dnn_5class_smote,280,1,1,1,45.759561817822664,0.999924659729004,-0.012776990421116352,green
dnn_5class_smote,281,0,0,1,12767.773720419753,0.9999246001243592,-0.0051161255687475204,red
dnn_5class_smote,282,3,0,0,1.8218759605632804,0.9999246001243592,-0.0016864589415490627,red
dnn_5class_smote,283,3,0,0,5.830866455236357,0.9939897060394288,-0.5721129179000854,red
dnn_5class_smote,284,0,0,1,23.88242167071943,0.9999246001243592,-0.0008382002706639469,red
dnn_5class_smote,285,2,0,0,1.7682922466733488,0.9999246001243592,-0.11490605771541595,red
dnn_5class_smote,286,1,1,1,4.8822836003469945,0.8422789573669434,-0.18653124570846558,green
dnn_5class_smote,287,2,1,0,1.739145470748724,0.999924659729004,-0.12993569672107697,green
dnn_5class_smote,288,0,0,1,11.028543067025112,0.9999246001243592,-0.0008536576060578227,red
dnn_5class_smote,289,2,1,0,1.3366442903196487,0.999924659729004,-0.04651094600558281,green
dnn_5class_smote,290,3,0,0,2.409518649960852,0.9999246001243592,-0.0003999729233328253,red
dnn_5class_smote,291,3,0,0,2.5872828236977696,0.9999246001243592,-0.00017925036081578583,red
dnn_5class_smote,292,3,0,0,84.12962150358254,0.9999246001243592,-0.001988487085327506,red
dnn_5class_smote,293,3,0,0,93.9734819541247,0.9999244809150696,-0.021265001967549324,red
dnn_5class_smote,294,3,0,0,43.824741267642274,0.9999246001243592,-0.0014409807045012712,red
dnn_5class_smote,295,1,1,1,2.3306065161157417,0.9963915944099426,-0.08935915678739548,green
dnn_5class_smote,296,1,1,1,1.5023064478430688,0.649962842464447,-0.4645448327064514,green
dnn_5class_smote,297,0,0,1,64.68206490638296,0.9999246001243592,-0.008413765579462051,red
dnn_5class_smote,298,0,0,1,12.840163750688683,0.9999246001243592,-0.000868659233674407,red
dnn_5class_smote,299,3,0,0,1.6487484530667262,0.9999246001243592,-0.00015467529010493308,red
dnn_5class_smote,300,1,1,1,44.50497023919251,0.999924659729004,-0.009477904066443443,green
dnn_5class_smote,301,0,0,1,66371.05195416554,0.9999246001243592,-0.014526096172630787,red
dnn_5class_smote,302,2,2,1,4.981359532839901,0.9999688863754272,-0.001325538381934166,red
dnn_5class_smote,303,1,1,1,42.20131275014363,0.999924659729004,-0.0005182501045055687,green
dnn_5class_smote,304,1,1,1,22.335037783425175,0.9963915944099426,-0.04020048305392265,green
dnn_5class_smote,305,1,1,1,39.761639344224555,0.999924659729004,-0.0029819458723068237,green
dnn_5class_smote,306,2,2,1,2.0656606146773724,0.8853898048400879,-0.45783886313438416,red
dnn_5class_smote,307,3,3,1,1.2539846215330344,0.60626620054245,-0.5030887126922607,red
dnn_5class_smote,308,2,2,1,3.924489780814376,0.996435523033142,-0.007859058678150177,red
dnn_5class_smote,309,4,0,0,1.0010032666133923,0.966685116291046,-1.212356448173523,red
dnn_5class_smote,310,0,0,1,52.83700889694589,0.9999246001243592,-0.009294838644564152,red
dnn_5class_smote,311,0,0,1,2432.6830845347376,0.9999246001243592,-0.004063294734805822,red
dnn_5class_smote,312,2,2,1,36.97017322266763,0.9999688863754272,-0.0002247525699203834,red
dnn_5class_smote,313,2,2,1,59.969923608164954,0.9999688863754272,-0.0019148938590660691,red
dnn_5class_smote,314,1,1,1,31.554502298813897,0.999924659729004,-0.003717832500115037,green
dnn_5class_smote,315,1,1,1,97.21986484406168,0.999924659729004,-0.007997491396963596,green
dnn_5class_smote,316,0,0,1,13.38207618873195,0.9999246001243592,-0.0033642512280493975,red
dnn_5class_smote,317,3,0,0,5.00413974043837,0.9999246001243592,-0.11799774318933487,red
dnn_5class_smote,318,0,0,1,15.876965944676158,0.9999246001243592,-0.0026242262683808804,red
dnn_5class_smote,319,3,3,1,0.3256898015741035,0.9448868632316588,-0.26134151220321655,red
dnn_5class_smote,320,3,0,0,2.598940441655635,0.9999246001243592,-0.03693471848964691,red
dnn_5class_smote,321,1,1,1,1.9072888778717787,0.9896886944770812,-0.25557705760002136,green
dnn_5class_smote,322,3,0,0,2.8396547646631656,0.9999246001243592,-0.09441374987363815,red
dnn_5class_smote,323,1,1,1,12.212521821546499,0.999924659729004,-0.0019984121900051832,green
dnn_5class_smote,324,1,1,1,173.4559193052717,0.999924659729004,-0.0046257637441158295,green
dnn_5class_smote,325,3,0,0,3.0904316491051245,0.9999246001243592,-0.02168397791683674,red
dnn_5class_smote,326,0,0,1,11.989133612392992,0.9999246001243592,-0.010841724462807178,red
dnn_5class_smote,327,1,2,0,0.4075825878801924,0.8874500393867493,-0.8286172151565552,red
dnn_5class_smote,328,2,0,0,1.2364136253845157,0.9999244809150696,-0.0992104560136795,red
dnn_5class_smote,329,3,0,0,2.9597790744114763,0.9999246001243592,-0.014821894466876984,red
dnn_5class_smote,330,2,2,1,85.59612719732627,0.9898000359535216,-0.03606522083282471,red
dnn_5class_smote,331,3,0,0,3.8025829701117417,0.9999246001243592,-0.0030800672248005867,red
dnn_5class_smote,332,3,0,0,37.83053914294394,0.9999246001243592,-0.006822170689702034,red
dnn_5class_smote,333,2,2,1,85.23717599432095,0.989663541316986,-0.037147730588912964,red
dnn_5class_smote,334,0,0,1,12.220864723624082,0.9999246001243592,-0.013391588814556599,red
dnn_5class_smote,335,2,2,1,73.06534755685213,0.989663541316986,-0.03946913778781891,red
dnn_5class_smote,336,3,0,0,4.231610052053022,0.7219370007514954,-0.6268404126167297,red
dnn_5class_smote,337,0,0,1,29.1648247527604,0.9999246001243592,-0.014685549773275852,red
dnn_5class_smote,338,2,2,1,163.58730588948745,0.9999688863754272,-0.0012975867139175534,red
dnn_5class_smote,339,0,0,1,56.17940467543389,0.9999246001243592,-0.0023084739223122597,red
dnn_5class_smote,340,1,1,1,49.90706538146247,0.999924659729004,-0.0031752092763781548,green
dnn_5class_smote,341,0,0,1,556.2954020097603,0.9999246001243592,-0.01559658907353878,red
dnn_5class_smote,342,3,0,0,1.121745718781857,0.9999244809150696,-0.4894823729991913,red
dnn_5class_smote,343,1,1,1,4.993974748027913,0.9445374608039856,-0.08839570730924606,green
dnn_5class_smote,344,3,0,0,3.128726655360525,0.9999246001243592,-0.027971791103482246,red
dnn_5class_smote,345,0,0,1,12.844812053577291,0.9999246001243592,-0.0027349726296961308,red
dnn_5class_smote,346,0,0,1,30.79257652337355,0.9999246001243592,-0.001814379938878119,red
dnn_5class_smote,347,2,2,1,60.13203440009625,0.9999688863754272,-0.0027516179252415895,red
dnn_5class_smote,348,0,0,1,50.92146700807225,0.9999246001243592,-0.01864318735897541,red
dnn_5class_smote,349,2,0,0,0.606540081773856,0.9880971312522888,-0.4319690465927124,red
dnn_5class_smote,350,2,2,1,64.57568781711682,0.996435523033142,-0.0353752039372921,red
dnn_5class_smote,351,0,0,1,14.650075041569716,0.9999246001243592,-0.000587198359426111,red
dnn_5class_smote,352,0,0,1,36.1201416119453,0.9999246001243592,-0.0025237714871764183,red
dnn_5class_smote,353,1,1,1,17.04472979462982,0.999924659729004,-0.008953430689871311,green
dnn_5class_smote,354,3,0,0,63.918164870767995,0.9999246001243592,-0.05030420050024986,red
dnn_5class_smote,355,1,0,0,8.914565353192938,0.9999244809150696,-0.20068547129631042,red
dnn_5class_smote,356,1,1,1,90.04427589674206,0.999924659729004,-0.004298137500882149,green
dnn_5class_smote,357,1,0,0,5.61272654521105,0.9939897060394288,-0.6589778065681458,red
dnn_5class_smote,358,0,0,1,29493.298969854164,0.9999246001243592,-0.005602097138762474,red
dnn_5class_smote,359,4,4,1,0.9096474905126346,0.9998677968978882,-0.031324177980422974,red
dnn_5class_smote,360,2,2,1,0.5461120161091947,0.8853896856307983,-0.16261211037635803,red
dnn_5class_smote,361,2,1,0,1.797760394403776,0.5406076312065125,-1.1107662916183472,green
dnn_5class_smote,362,0,0,1,59.67727844559523,0.9999246001243592,-0.014093451201915741,red
dnn_5class_smote,363,2,2,1,43.37577866458918,0.9999688863754272,-0.0028667522128671408,red
dnn_5class_smote,364,0,0,1,0.8954433508573215,0.8730883598327637,-1.0555284023284912,red
dnn_5class_smote,365,1,1,1,33.893247867643595,0.999924659729004,-0.006599188782274723,green
dnn_5class_smote,366,0,1,0,10.530985954317748,0.999924659729004,-0.00045372010208666325,green
dnn_5class_smote,367,3,0,0,1.6145295649033506,0.9999244809150696,-0.3098689615726471,red
dnn_5class_smote,368,3,0,0,1.7917268763917427,0.9999244809150696,-0.2233196496963501,red
dnn_5class_smote,369,0,0,1,15.907321729180131,0.9999246001243592,-0.003896875772625208,red
dnn_5class_smote,370,3,0,0,6.074070850674785,0.9999244809150696,-0.22169776260852814,red
dnn_5class_smote,371,0,0,1,51.686858881532714,0.9999246001243592,-0.0005084577132947743,red
dnn_5class_smote,372,1,1,1,30.401819630025138,0.9963915944099426,-0.01914721168577671,green
dnn_5class_smote,373,2,0,0,0.6037187787135493,0.9880971312522888,-0.6720871329307556,red
dnn_5class_smote,374,1,0,0,5.477671902862041,0.9999244809150696,-0.09763211011886597,red
dnn_5class_smote,375,3,0,0,3.5746719118856873,0.9999246001243592,-0.011075477115809917,red
dnn_5class_smote,376,0,0,1,8.089558065085113,0.9999246001243592,-0.0011668605729937553,red
dnn_5class_smote,377,2,2,1,47.57677446098682,0.9999688863754272,-0.0039038469549268484,red
dnn_5class_smote,378,2,2,1,19.138778040388406,0.9999688863754272,-0.0048851026222109795,red
dnn_5class_smote,379,3,0,0,2.3134085883296494,0.9999246001243592,-0.016142817214131355,red
dnn_5class_smote,380,2,2,1,18.403403259070963,0.9999688863754272,-0.001787331304512918,red
dnn_5class_smote,381,1,1,1,45.04987227525228,0.999924659729004,-0.001576390815898776,green
dnn_5class_smote,382,0,0,1,79.57491452308678,0.9999246001243592,-0.02781534194946289,red
dnn_5class_smote,383,4,4,1,1.8915846491604766,0.9697862267494202,-0.13053682446479797,red
dnn_5class_smote,384,3,0,0,2.507242807317899,0.9999246001243592,-0.004970264621078968,red
dnn_5class_smote,385,2,2,1,17.076824715438555,0.9999688863754272,-0.0020227849017828703,red
dnn_5class_smote,386,3,0,0,5.633303098522637,0.9999246001243592,-0.0074026817455887794,red
dnn_5class_smote,387,2,2,1,1.6623932827746488,0.6632502675056458,-0.4207487404346466,red
dnn_5class_smote,388,2,2,1,3.4051806859121543,0.9999688863754272,-0.0003532895934768021,red
dnn_5class_smote,389,2,2,1,5.314878316847496,0.9999688863754272,-0.0008646173519082367,red
dnn_5class_smote,390,4,4,1,1.0013101213171391,0.969609260559082,-0.7196991443634033,red
dnn_5class_smote,391,1,1,1,67.1062890976422,0.999924659729004,-0.0024723149836063385,green
dnn_5class_smote,392,0,0,1,14.977304076819607,0.9999246001243592,-0.0023306335788220167,red
dnn_5class_smote,393,1,1,1,109.71225232616673,0.999924659729004,-0.0009831934003159404,green
dnn_5class_smote,394,2,2,1,11.16800719042504,0.9999688863754272,-0.0032188149634748697,red
dnn_5class_smote,395,2,0,0,0.6180656834128692,0.99992436170578,-0.3603014647960663,red
dnn_5class_smote,396,3,0,0,4.804695816598937,0.9999246001243592,-0.17366811633110046,red
dnn_5class_smote,397,0,0,1,32875.54210919039,0.9999246001243592,-0.015928301960229874,red
dnn_5class_smote,398,1,1,1,86.92213994076052,0.999924659729004,-0.007841713726520538,green
dnn_5class_smote,399,2,1,0,1.3186082043989211,0.999924659729004,-0.17736881971359253,green
dnn_5class_smote,400,3,0,0,63.918164870767995,0.9999246001243592,-0.0013874340802431107,red
dnn_5class_smote,401,4,0,0,0.677450371010673,0.6940022706985474,-1.1149758100509644,red
dnn_5class_smote,402,0,0,1,22595.105036700264,0.9999246001243592,-0.005165901500731707,red
dnn_5class_smote,403,4,4,1,1.001321922350687,0.9695048332214355,-0.42345038056373596,red
dnn_5class_smote,404,1,1,1,44.200180705455,0.999924659729004,-0.016246354207396507,green
dnn_5class_smote,405,4,0,0,4.724156104584452,0.9999244809150696,-0.2506154179573059,red
dnn_5class_smote,406,0,0,1,2917.3661750283118,0.9999246001243592,-0.009937441907823086,red
dnn_5class_smote,407,2,2,1,73.06199935479638,0.989663541316986,-0.06026566028594971,red
dnn_5class_smote,408,1,1,1,45.8721201957751,0.999924659729004,-0.01808270812034607,green
dnn_5class_smote,409,1,1,1,38.98340661862762,0.999924659729004,-0.00037450893432833254,green
dnn_5class_smote,410,2,0,0,1.5959309934660668,0.9999246001243592,-0.11804024130105972,red
dnn_5class_smote,411,0,0,1,1044.0189037674743,0.9999246001243592,-0.006267576944082975,red
dnn_5class_smote,412,1,1,1,120.55054925699272,0.999924659729004,-0.005407501943409443,green
dnn_5class_smote,413,0,0,1,21.79234151919248,0.9999246001243592,-0.019446928054094315,red
dnn_5class_smote,414,2,2,1,0.7315524275689813,0.9999688863754272,-0.0037940077017992735,red
dnn_5class_smote,415,3,0,0,0.9958797707242997,0.7596983909606934,-1.023743748664856,red
dnn_5class_smote,416,0,0,1,9.309414949332606,0.9999246001243592,-0.0024745073169469833,red
dnn_5class_smote,417,0,0,1,36.654830038964235,0.9999246001243592,-0.00415789382532239,red
dnn_5class_smote,418,3,0,0,6.223328129528486,0.9999246001243592,-0.005901023279875517,red
dnn_5class_smote,419,3,0,0,4.123631657049054,0.9471911787986756,-0.8198714256286621,red
dnn_5class_smote,420,1,1,1,103.77412726500333,0.999924659729004,-0.030094368383288383,green
dnn_5class_smote,421,4,0,0,0.9998831896597635,0.9947551488876344,-1.1490453481674194,red
dnn_5class_smote,422,2,2,1,0.4995529893004049,0.5078436136245728,-0.9526986479759216,red
dnn_5class_smote,423,2,0,0,1.9737649767222496,0.9999244809150696,-0.10821481049060822,red
dnn_5class_smote,424,3,0,0,2.9417298452798906,0.9999246001243592,-0.04467099532485008,red
dnn_5class_smote,425,0,0,1,23.550604564322988,0.9999246001243592,-0.00018736270430963486,red
dnn_5class_smote,426,2,1,0,1.8906462394838077,0.9896886944770812,-0.1862396001815796,green
dnn_5class_smote,427,3,0,0,2.705446277389329,0.9999246001243592,-0.0013910637935623527,red
dnn_5class_smote,428,0,0,1,44.821371931843174,0.9999246001243592,-0.00952572375535965,red
dnn_5class_smote,429,0,0,1,31.233031237107493,0.9999246001243592,-0.002770971739664674,red
dnn_5class_smote,430,3,0,0,6.413927008053718,0.9999244809150696,-0.03046003356575966,red
dnn_5class_smote,431,0,0,1,118.83687349502807,0.9999246001243592,-0.01809880882501602,red
dnn_5class_smote,432,1,0,0,1.4838238392340704,0.9999244809150696,-0.7258517146110535,red
dnn_5class_smote,433,1,0,0,1.6114395869737617,0.9999244809150696,-0.4642220139503479,red
dnn_5class_smote,434,3,0,0,92.67611505303606,0.9999246001243592,-0.009675176814198494,red
dnn_5class_smote,435,4,0,0,4.708412969341768,0.9821237921714784,-0.8686937689781189,red
dnn_5class_smote,436,3,0,0,2.5853399841362155,0.9999246001243592,-0.0009139161556959152,red
dnn_5class_smote,437,2,0,0,1.2893339672863087,0.5371311902999878,-1.0852577686309814,red
dnn_5class_smote,438,3,0,0,2.3729892242221124,0.9999246001243592,-0.0008605896146036685,red
dnn_5class_smote,439,3,0,0,1.8216254139937444,0.9999246001243592,-0.04974030703306198,red
dnn_5class_smote,440,1,1,1,49.491103482303615,0.999924659729004,-0.0009802465792745352,green
dnn_5class_smote,441,0,0,1,30.773512458729595,0.9999246001243592,-0.007863407023251057,red
dnn_5class_smote,442,0,0,1,5788.390796932792,0.9999246001243592,-0.005048646591603756,red
dnn_5class_smote,443,0,0,1,12.33755511292723,0.9999246001243592,-0.006317387335002422,red
dnn_5class_smote,444,1,1,1,38.80508494459768,0.999924659729004,-0.014800128526985645,green
dnn_5class_smote,445,0,0,1,13.983961678367645,0.9999246001243592,-0.002962701953947544,red
dnn_5class_smote,446,1,1,1,1.8055140652173483,0.9896886944770812,-0.07423233985900879,green
dnn_5class_smote,447,1,1,1,51.59549911248084,0.999924659729004,-0.0010100103681907058,green
dnn_5class_smote,448,2,0,0,1.3955536452278907,0.9999246001243592,-0.2615354359149933,red
dnn_5class_smote,449,2,2,1,163.55873319638422,0.9999688863754272,-0.003033211687579751,red
dnn_5class_smote,450,0,0,1,13.222391774852895,0.9999246001243592,-0.013049661181867123,red
dnn_5class_smote,451,0,0,1,50.16258775013434,0.9999246001243592,-0.010079254396259785,red
dnn_5class_smote,452,0,0,1,64.29625618881977,0.9999246001243592,-0.009180080145597458,red
dnn_5class_smote,453,3,0,0,1.8272239104098074,0.9999246001243592,-0.07662846148014069,red
dnn_5class_smote,454,3,0,0,5.614979677720214,0.9999246001243592,-0.006121966056525707,red
dnn_5class_smote,455,0,0,1,99.8060971430963,0.9999246001243592,-0.005801082123070955,red
dnn_5class_smote,456,0,0,1,4.654487148158586,0.9999246001243592,-0.002786054275929928,red
dnn_5class_smote,457,3,0,0,5.44671940890107,0.9999246001243592,-0.007242213468998671,red
dnn_5class_smote,458,1,0,0,1.613065334364212,0.9999244809150696,-0.4691464900970459,red
dnn_5class_smote,459,0,0,1,20.091051814544148,0.9999246001243592,-0.008457441814243793,red
dnn_5class_smote,460,0,0,1,20.716220337491134,0.9999246001243592,-0.009075927548110485,red
dnn_5class_smote,461,2,1,0,1.9602995875608353,0.649962842464447,-0.6594575643539429,green
dnn_5class_smote,462,2,2,1,40.02472970752638,0.9999688863754272,-0.0011285098735243082,red
dnn_5class_smote,463,0,0,1,39.39097904353941,0.9999246001243592,-0.004892432130873203,red
dnn_5class_smote,464,2,2,1,163.5716176878372,0.9999688863754272,-0.0009027503547258675,red
dnn_5class_smote,465,0,0,1,42.36542314461221,0.9999246001243592,-0.013799790292978287,red
dnn_5class_smote,466,0,0,1,50.86139947581195,0.9999246001243592,-0.001264384831301868,red
dnn_5class_smote,467,1,1,1,2.4439894866993894,0.9896886944770812,-0.3288308382034302,green
dnn_5class_smote,468,3,0,0,3.137967608268416,0.9999246001243592,-0.00042740313801914454,red
dnn_5class_smote,469,0,0,1,4.862410645270841,0.9999246001243592,-0.02260984294116497,red
dnn_5class_smote,470,0,0,1,19.36897681841341,0.9999246001243592,-0.014153692871332169,red
dnn_5class_smote,471,3,0,0,2.5597950541726027,0.9999246001243592,-0.049783483147621155,red
dnn_5class_smote,472,0,0,1,7.584565418120361,0.9999246001243592,-0.0014176497934386134,red
dnn_5class_smote,473,0,0,1,6.5027845743969195,0.9999246001243592,-0.0008611530065536499,red
dnn_5class_smote,474,0,0,1,34.96942390625306,0.9999246001243592,-0.0005607284838333726,red
dnn_5class_smote,475,2,2,1,11.812761706423897,0.9999688863754272,-0.0053922999650239944,red
dnn_5class_smote,476,0,0,1,36283.82407262128,0.9999246001243592,-0.01034787017852068,red
dnn_5class_smote,477,1,0,0,6.054312387370711,0.99992436170578,-0.14509575068950653,red
dnn_5class_smote,478,2,2,1,63.53662326667156,0.9999688863754272,-0.0022777169942855835,red
dnn_5class_smote,479,3,0,0,3.071445823007619,0.9999246001243592,-0.0035625421442091465,red
dnn_5class_smote,480,4,4,1,1.7721643363573565,0.6296560168266296,-0.6298519968986511,red
dnn_5class_smote,481,3,3,1,1.1014087362237561,0.6376981735229492,-0.6603043079376221,red
dnn_5class_smote,482,1,1,1,28.02187587627946,0.9896886944770812,-0.16847814619541168,green
dnn_5class_smote,483,0,0,1,127.89144312733444,0.9999246001243592,-0.01632392406463623,red
dnn_5class_smote,484,2,2,1,32.4047990716203,0.9999688863754272,-0.009515505284070969,red
dnn_5class_smote,485,2,2,1,76.12974479012748,0.9999688863754272,-0.001642935792915523,red
dnn_5class_smote,486,3,0,0,2.963293685507155,0.9999246001243592,-0.01107064075767994,red
dnn_5class_smote,487,0,0,1,25.702262499808064,0.9999246001243592,-0.0035436067264527082,red
dnn_5class_smote,488,0,2,0,5.750239800445532,0.9999688863754272,-0.0002453905181027949,red
dnn_5class_smote,489,1,1,1,39.51219072013108,0.999924659729004,-0.003211641451343894,green
dnn_5class_smote,490,3,0,0,1.1830022597831138,0.5262782573699951,-0.636275053024292,red
dnn_5class_smote,491,2,2,1,7.468988440072354,0.9999688863754272,-0.008110899478197098,red
dnn_5class_smote,492,1,1,1,121.91907638390013,0.999924659729004,-0.018109489232301712,green
dnn_5class_smote,493,2,2,1,6.171135426509102,0.9999688863754272,-0.00015010792412795126,red
dnn_5class_smote,494,4,0,0,0.9999307200048106,0.6285362243652344,-0.9728097319602966,red
dnn_5class_smote,495,3,0,0,1.825598110820833,0.9999246001243592,-0.018067331984639168,red
dnn_5class_smote,496,0,0,1,5.770979958071995,0.9999246001243592,-0.000909093942027539,red
dnn_5class_smote,497,4,0,0,0.999289634716083,0.97716623544693,-1.1562557220458984,red
dnn_5class_smote,498,3,0,0,0.4644674271582722,0.9999246001243592,-0.1381155550479889,red
dnn_5class_smote,499,1,1,1,104.68487474352722,0.999924659729004,-0.004324861336499453,green
dnn_5class_smote,500,0,0,1,48.64723322963095,0.9999246001243592,-0.004613335244357586,red
dnn_5class_smote,501,0,0,1,3.578481943537347,0.9999246001243592,-0.0020605477038770914,red
dnn_5class_smote,502,0,0,1,66.52993088272486,0.9999246001243592,-0.002477901289239526,red
dnn_5class_smote,503,0,0,1,12.13783102154401,0.9999246001243592,-0.0021033447701483965,red
dnn_5class_smote,504,3,0,0,1.4729959243660027,0.9931451678276062,-0.7291110157966614,red
dnn_5class_smote,505,0,0,1,13.604447783849443,0.9999246001243592,-0.002290332457050681,red
dnn_5class_smote,506,0,0,1,18.34164811488638,0.9999246001243592,-0.005329509265720844,red
dnn_5class_smote,507,2,2,1,28.899469194285604,0.9999688863754272,-0.0046823034062981606,red
dnn_5class_smote,508,1,1,1,1.806707194796082,0.9896886944770812,-0.22486045956611633,green
dnn_5class_smote,509,0,0,1,16.47630494926775,0.9999246001243592,-0.015335973352193832,red
dnn_5class_smote,510,0,0,1,88490.21207890814,0.9999246001243592,-0.019527673721313477,red
dnn_5class_smote,511,1,1,1,104.62142699869004,0.999924659729004,-0.0024925770703703165,green
dnn_5class_smote,512,3,0,0,2.3992229083252994,0.9999246001243592,-0.0005062137497588992,red
dnn_5class_smote,513,3,0,0,2.833699445622038,0.9999246001243592,-0.012117115780711174,red
dnn_5class_smote,514,0,0,1,8.05386927348557,0.9999246001243592,-0.00114683888386935,red
dnn_5class_smote,515,1,1,1,86.30674407240174,0.999924659729004,-0.0015431175706908107,green
dnn_5class_smote,516,3,0,0,2.9662496781183223,0.9999246001243592,-0.0057635740377008915,red
dnn_5class_smote,517,2,0,0,0.7493243342123213,0.7741947174072266,-1.2334990501403809,red
dnn_5class_smote,518,1,1,1,48.550016369735566,0.999924659729004,-0.005517251323908567,green
dnn_5class_smote,519,2,2,1,16.213726338973846,0.9999688863754272,-0.0003380708221811801,red
dnn_5class_smote,520,3,0,0,1.4357399295924635,0.9999246001243592,-0.027880970388650894,red
dnn_5class_smote,521,1,1,1,131.24765568926097,0.999924659729004,-0.0027080404106527567,green
dnn_5class_smote,522,4,0,0,4.664533832374475,0.9821212291717528,-1.0471560955047607,red
dnn_5class_smote,523,3,0,0,3.8561293215669203,0.7855029106140137,-0.6002544164657593,red
dnn_5class_smote,524,3,0,0,146.96069366203437,0.9999246001243592,-0.00522966030985117,red
dnn_5class_smote,525,2,2,1,24.00064551633209,0.9999688863754272,-0.028074732050299644,red
dnn_5class_smote,526,2,0,0,0.7261827203221486,0.6936162710189819,-1.1238248348236084,red
dnn_5class_smote,527,1,1,1,115.43014705786359,0.999924659729004,-0.011898087337613106,green
dnn_5class_smote,528,2,2,1,0.9369303166862211,0.9999688863754272,-0.0007113970350474119,red
dnn_5class_smote,529,4,0,0,2.8656499880167234,0.9999246001243592,-0.03489594906568527,red
dnn_5class_smote,530,2,2,1,0.5849415361625381,0.989663541316986,-0.13273316621780396,red
dnn_5class_smote,531,2,0,0,1.649536935319319,0.9999246001243592,-0.02499089203774929,red
dnn_5class_smote,532,1,1,1,1.3422450317321117,0.999924659729004,-0.010479775257408619,green
dnn_5class_smote,533,2,2,1,39.759631198985964,0.9999688863754272,-0.006541663780808449,red
dnn_5class_smote,534,3,0,0,2.2888320420066344,0.9999246001243592,-0.0144030237570405,red
dnn_5class_smote,535,0,0,1,39.090977068099,0.9999246001243592,-0.0022534248419106007,red
dnn_5class_smote,536,2,2,1,0.4838711716060195,0.996435523033142,-0.21677422523498535,red
dnn_5class_smote,537,3,3,1,0.27206968113404295,0.670061469078064,-0.3341180682182312,red
dnn_5class_smote,538,1,1,1,18.430096408702184,0.9963915944099426,-0.04023367166519165,green
dnn_5class_smote,539,0,0,1,19.95502624796185,0.9999246001243592,-0.002054780488833785,red
dnn_5class_smote,540,4,0,0,0.6049174822353783,0.6995633840560913,-0.4776933491230011,red
dnn_5class_smote,541,2,2,1,85.27364594419576,0.989663541316986,-0.03641260415315628,red
dnn_5class_smote,542,0,0,1,7.097148524100948,0.9999246001243592,-0.0046555157750844955,red
dnn_5class_smote,543,1,1,1,20.82838781559052,0.999924659729004,-0.0014539366820827127,green
dnn_5class_smote,544,1,1,1,58.80183683970838,0.999924659729004,-0.000838527805171907,green
dnn_5class_smote,545,1,1,1,124.42192641002569,0.999924659729004,-0.00508427107706666,green
dnn_5class_smote,546,1,0,0,5.641050976906945,0.9821541905403136,-0.5644480586051941,red
dnn_5class_smote,547,3,0,0,6.438099377818699,0.9999246001243592,-0.025165114551782608,red
dnn_5class_smote,548,3,0,0,2.345951332253393,0.9999246001243592,-0.0008729054825380445,red
dnn_5class_smote,549,3,0,0,2.3461131887380784,0.9999246001243592,-0.0017039497615769506,red
dnn_5class_smote,550,1,1,1,33.44617420901266,0.999924659729004,-0.002413414651528001,green
dnn_5class_smote,551,2,2,1,0.5828277489784188,0.9999688863754272,-0.07635197043418884,red
dnn_5class_smote,552,0,0,1,12.90823828242367,0.9999246001243592,-0.00043263041879981756,red
dnn_5class_smote,553,2,0,0,0.5652450294856582,0.5237557888031006,-1.0042859315872192,red
dnn_5class_smote,554,0,0,1,11.63357858845465,0.9999246001243592,-0.006276335101574659,red
dnn_5class_smote,555,2,0,0,1.014523133037032,0.9999244809150696,-0.10429959744215012,red
dnn_5class_smote,556,3,0,0,2.4599526938844933,0.9999246001243592,-0.0009117902955040336,red
dnn_5class_smote,557,1,3,0,0.18335128842602766,0.9897567629814148,-0.8270145058631897,red
dnn_5class_smote,558,0,0,1,42.618385514634994,0.9999246001243592,-0.0012072579702362418,red
dnn_5class_smote,559,0,0,1,8136.08080860753,0.9999246001243592,-0.0002586977498140186,red
dnn_5class_smote,560,0,0,1,9.612988541073017,0.9999246001243592,-0.0036369911395013332,red
dnn_5class_smote,561,0,0,1,19.41111728600609,0.9999246001243592,-0.005091962870210409,red
dnn_5class_smote,562,3,0,0,1.4262651739949659,0.9880967736244202,-0.8829346299171448,red
dnn_5class_smote,563,2,2,1,38.17486632464552,0.9999688863754272,-0.002575778868049383,red
dnn_5class_smote,564,3,0,0,83.03868117811713,0.9999246001243592,-0.03581552952528,red
dnn_5class_smote,565,1,1,1,169.7681075411272,0.999924659729004,-0.0018573490669950843,green
dnn_5class_smote,566,3,0,0,3.225745454992277,0.9999246001243592,-7.455248851329088e-05,red
dnn_5class_smote,567,0,0,1,1188.9539767052393,0.9999246001243592,-0.005227621644735336,red
dnn_5class_smote,568,0,0,1,31.53262558704824,0.9999246001243592,-0.0003664478426799178,red
dnn_5class_smote,569,1,1,1,103.9504696891553,0.999924659729004,-0.006209450773894787,green
dnn_5class_smote,570,2,2,1,0.7686691881485738,0.5417020916938782,-1.0387580394744873,red
dnn_5class_smote,571,2,1,0,5.54971588499187,0.999924659729004,-0.30800074338912964,green
dnn_5class_smote,572,2,2,1,14.733621025047027,0.9999688863754272,-0.0017977370880544186,red
dnn_5class_smote,573,3,0,0,3.3488253575035305,0.9999246001243592,-0.000735979585442692,red
dnn_5class_smote,574,4,0,0,4.540486169575551,0.988932728767395,-0.8357218503952026,red
dnn_5class_smote,575,1,0,0,1.6260558543432597,0.9999246001243592,-0.2932015061378479,red
dnn_5class_smote,576,0,0,1,21.78222731569501,0.9999246001243592,-0.0036082391161471605,red
dnn_5class_smote,577,0,0,1,15.264330867360663,0.9999246001243592,-0.0019646829459816217,red
dnn_5class_smote,578,4,0,0,3.320548155125283,0.5655572414398193,-0.8273130059242249,red
dnn_5class_smote,579,4,4,1,1.0015672148686248,0.9697033762931824,-0.45578086376190186,red
dnn_5class_smote,580,2,2,1,47.79935860410427,0.9999688863754272,-0.0010648847091943026,red
dnn_5class_smote,581,0,0,1,8.769116771697655,0.9999246001243592,-0.008742833510041237,red
dnn_5class_smote,582,1,0,0,1.3672396635983788,0.9947551488876344,-0.77436363697052,red
dnn_5class_smote,583,4,0,0,0.6891288137091482,0.986517608165741,-0.8196842670440674,red
dnn_5class_smote,584,1,1,1,17.638820406435148,0.999924659729004,-0.004064736422151327,green
dnn_5class_smote,585,2,0,0,1.1593815951133664,0.9999246001243592,-0.11153008788824081,red
dnn_5class_smote,586,3,0,0,8.477928006996402,0.9999246001243592,-0.01803266443312168,red
dnn_5class_smote,587,0,0,1,3.2773184601997563,0.9999246001243592,-0.02666470594704151,red
dnn_5class_smote,588,4,0,0,1.5545567839387273,0.9999246001243592,-0.008523775264620781,red
dnn_5class_smote,589,3,0,0,2.844389610940224,0.9999246001243592,-0.0027701014187186956,red
dnn_5class_smote,590,2,2,1,47.193839785110136,0.9999688863754272,-0.0010587427532300353,red
dnn_5class_smote,591,3,3,1,0.45760587316659657,0.9963915944099426,-0.4860665202140808,red
dnn_5class_smote,592,1,1,1,58.080166278536424,0.999924659729004,-0.0006338172242976725,green
dnn_5class_smote,593,3,0,0,1.8141116944507198,0.9999246001243592,-0.010021856985986233,red
dnn_5class_smote,594,2,2,1,4.182181718661724,0.9999688863754272,-0.024087071418762207,red
dnn_5class_smote,595,2,2,1,0.5466179371390826,0.996435523033142,-0.01891184039413929,red
dnn_5class_smote,596,0,0,1,21.752671848468957,0.9999246001243592,-0.01496774610131979,red
dnn_5class_smote,597,4,0,0,0.5850415759100274,0.6042406558990479,-0.41776931285858154,red
dnn_5class_smote,598,3,0,0,146.21591677137604,0.9999246001243592,-0.026827432215213776,red
dnn_5class_smote,599,0,0,1,3.020904932110982,0.9999246001243592,-0.007123407442122698,red
dnn_5class_smote,600,2,2,1,26.124119827582977,0.9999688863754272,-0.006486999802291393,red
dnn_5class_smote,601,2,2,1,48.506442296046,0.9999688863754272,-0.0013392060063779354,red
dnn_5class_smote,602,2,2,1,73.09951580801105,0.989663541316986,-0.0443514846265316,red
dnn_5class_smote,603,1,1,1,51.94852215287827,0.999924659729004,-0.0184156633913517,green
dnn_5class_smote,604,1,1,1,41.9005996933487,0.999924659729004,-0.008286838419735432,green
dnn_5class_smote,605,1,1,1,78.71269902912606,0.999924659729004,-0.0010210892651230097,green
dnn_5class_smote,606,0,0,1,9.754754595548391,0.9999246001243592,-0.0009023745078593493,red
dnn_5class_smote,607,2,2,1,3.8426905118252312,0.9999688863754272,-0.02065470442175865,red
dnn_5class_smote,608,1,3,0,0.1818227368622903,0.9897567629814148,-0.8706756234169006,red
dnn_5class_smote,609,0,0,1,10.901776790806151,0.9999244809150696,-0.1572352796792984,red
dnn_5class_smote,610,1,1,1,45.831462916216424,0.999924659729004,-0.00022117896878626198,green
dnn_5class_smote,611,1,1,1,47.19991801232743,0.999924659729004,-0.0007156878127716482,green
dnn_5class_smote,612,2,2,1,177.5055031552731,0.9999688863754272,-0.0012605494121089578,red
dnn_5class_smote,613,0,0,1,11.358871049266591,0.9999246001243592,-0.011204132810235023,red
dnn_5class_smote,614,2,0,0,0.5080785580407973,0.5245752930641174,-1.1211347579956055,red
dnn_5class_smote,615,0,0,1,15.299793564363878,0.9999246001243592,-0.001380988280288875,red
dnn_5class_smote,616,2,1,0,1.7565797125967226,0.5233830809593201,-1.1268136501312256,green
dnn_5class_smote,617,1,1,1,20.77353824098466,0.999924659729004,-0.005352386273443699,green
dnn_5class_smote,618,0,0,1,40893.327261345876,0.9999246001243592,-0.008633390069007874,red
dnn_5class_smote,619,1,1,1,11.744774664103538,0.999924659729004,-0.0007398093002848327,green
dnn_5class_smote,620,2,1,0,1.9005765010422366,0.9897567629814148,-0.12402915954589844,green
dnn_5class_smote,621,0,2,0,2.7405190765969767,0.989663541316986,-0.2469538152217865,red
dnn_5class_smote,622,1,1,1,36.003542409827396,0.999924659729004,-0.013174316845834255,green
dnn_5class_smote,623,3,0,0,3.0867164661543613,0.5262782573699951,-0.4994312524795532,red
dnn_5class_smote,624,4,4,1,0.5774470285125032,0.969771444797516,-0.20252420008182526,red
dnn_5class_smote,625,2,0,0,0.6005913730563216,0.9880971312522888,-0.6456034183502197,red
dnn_5class_smote,626,3,3,1,0.7401145230508103,0.9897567629814148,-0.08640092611312866,red
dnn_5class_smote,627,2,2,1,31.31164471972404,0.9999688863754272,-0.006939442828297615,red
dnn_5class_smote,628,1,1,1,47.001048932776115,0.999924659729004,-0.002051917603239417,green
dnn_5class_smote,629,0,0,1,22.722281488513644,0.9999246001243592,-0.0016051015118137002,red
dnn_5class_smote,630,1,1,1,1.9291347931481742,0.649962842464447,-0.7340114116668701,green
dnn_5class_smote,631,3,0,0,2.3141418395809468,0.9999246001243592,-0.002578193787485361,red
dnn_5class_smote,632,1,1,1,234.26012028157845,0.999924659729004,-0.002302971901372075,green
dnn_5class_smote,633,1,0,0,1.2604266953698313,0.6285362243652344,-0.7193325757980347,red
dnn_5class_smote,634,2,1,0,5.986075633015827,0.999924659729004,-0.11194232106208801,green
dnn_5class_smote,635,2,2,1,21.944441844348557,0.9999688863754272,-0.008641885593533516,red
dnn_5class_smote,636,3,0,0,3.4680865193828914,0.9999246001243592,-0.004651379305869341,red
dnn_5class_smote,637,0,0,1,0.9772505242945061,0.9999244809150696,-0.570643424987793,red
dnn_5class_smote,638,0,0,1,43.83632823343181,0.9999246001243592,-0.005408911034464836,red
dnn_5class_smote,639,1,1,1,1.958533860949406,0.9896886944770812,-0.3469858169555664,green
dnn_5class_smote,640,3,0,0,3.8751961348300457,0.9999246001243592,-0.010363883338868618,red
dnn_5class_smote,641,2,2,1,29.849604829113563,0.9999688863754272,-0.0011625275947153568,red
dnn_5class_smote,642,1,1,1,1.7691945155979998,0.9896886944770812,-0.09597903490066528,green
dnn_5class_smote,643,1,1,1,54.63626859258812,0.999924659729004,-0.009310303255915642,green
dnn_5class_smote,644,1,1,1,51.07912973236209,0.999924659729004,-0.006285951007157564,green
dnn_5class_smote,645,2,2,1,3.1429296682846917,0.989663541316986,-0.3456369936466217,red
dnn_5class_smote,646,0,0,1,15.254547518882998,0.9999246001243592,-0.0007379827438853681,red
dnn_5class_smote,647,0,0,1,164.9635133772805,0.9999246001243592,-0.014100133441388607,red
dnn_5class_smote,648,0,0,1,713.2355276711148,0.9999246001243592,-0.02176574617624283,red
dnn_5class_smote,649,1,1,1,45.355092248076005,0.999924659729004,-0.005040605552494526,green
dnn_5class_smote,650,3,0,0,5.7918320786284,0.9999246001243592,-0.11148051917552948,red
dnn_5class_smote,651,1,1,1,2.0331837244971127,0.649962842464447,-0.6314266324043274,green
dnn_5class_smote,652,0,0,1,85444.9024594415,0.9999246001243592,-0.022797834128141403,red
dnn_5class_smote,653,1,1,1,2.5443915194329247,0.999924659729004,-0.01856383867561817,green
dnn_5class_smote,654,3,0,0,3.158769283991999,0.9999246001243592,-0.0007968948921188712,red
dnn_5class_smote,655,1,1,1,42.0456033968406,0.999924659729004,-0.0031815641559660435,green
dnn_5class_smote,656,2,0,0,1.1641109857503587,0.994807243347168,-0.7339320778846741,red
dnn_5class_smote,657,3,3,1,1.2577875721768372,0.6376981735229492,-0.6334586143493652,red
dnn_5class_smote,658,3,0,0,1.8220063313287176,0.9999246001243592,-0.005176478531211615,red
dnn_5class_smote,659,4,4,1,1.9020219787281278,0.8497036695480347,-0.11120402067899704,red
dnn_5class_smote,660,3,0,0,146.88813825147392,0.9999246001243592,-0.002614634810015559,red
dnn_5class_smote,661,3,0,0,1.826992693334085,0.9999246001243592,-0.005584327969700098,red
dnn_5class_smote,662,3,0,0,1.6624589785146007,0.9999244809150696,-0.13925449550151825,red
dnn_5class_smote,663,2,2,1,2.512742217462972,0.8421527743339539,-0.33718186616897583,red
dnn_5class_smote,664,4,0,0,0.7710375525443206,0.9999246001243592,-0.1043035238981247,red
dnn_5class_smote,665,0,0,1,8.228459245360574,0.9999246001243592,-0.0043761031702160835,red
dnn_5class_smote,666,1,1,1,1.1854347331296224,0.999924659729004,-0.02699374593794346,green
dnn_5class_smote,667,0,0,1,4.06073533776481,0.9999244809150696,-0.08394806832075119,red
dnn_5class_smote,668,0,0,1,3.521527868556795,0.9999246001243592,-0.00597591046243906,red
dnn_5class_smote,669,0,0,1,26.579279970056604,0.9999246001243592,-0.003889871295541525,red
dnn_5class_smote,670,2,2,1,2.039777234641636,0.9999688863754272,-0.0009729450102895498,red
dnn_5class_smote,671,3,4,0,0.11252046817041347,0.8492690324783325,-0.084006667137146,red
dnn_5class_smote,672,0,0,1,19.5403256139464,0.9999246001243592,-0.0013889280380681157,red
dnn_5class_smote,673,3,0,0,4.93517699097452,0.9999246001243592,-0.02761426568031311,red
dnn_5class_smote,674,2,2,1,0.4920722018539463,0.5834634304046631,-0.9456281065940857,red
dnn_5class_smote,675,0,0,1,160.90795023334738,0.9999246001243592,-0.038751356303691864,red
dnn_5class_smote,676,0,0,1,998.2144230922823,0.9999246001243592,-0.052716344594955444,red
dnn_5class_smote,677,3,0,0,146.96069366203437,0.9999246001243592,-0.016522249206900597,red
dnn_5class_smote,678,2,0,0,1.2679568405048915,0.5530193448066711,-0.865899920463562,red
dnn_5class_smote,679,0,0,1,17.726238886273002,0.9999246001243592,-0.0031806370243430138,red
dnn_5class_smote,680,0,0,1,25.526446924805697,0.9999246001243592,-0.016035035252571106,red
dnn_5class_smote,681,2,2,1,19.67475269990494,0.9999688863754272,-0.007032488938421011,red
dnn_5class_smote,682,1,1,1,51.49094596689758,0.999924659729004,-0.02857152931392193,green
dnn_5class_smote,683,2,0,0,2.4282077019410755,0.9999246001243592,-0.0046562571078538895,red
dnn_5class_smote,684,1,1,1,42.92546074596857,0.999924659729004,-0.0052519808523356915,green
dnn_5class_smote,685,3,0,0,5.679659554977732,0.9999246001243592,-0.059815533459186554,red
dnn_5class_smote,686,3,0,0,2.310128685880585,0.9999246001243592,-0.00014613685198128223,red
dnn_5class_smote,687,0,0,1,130.2029614102119,0.9999246001243592,-0.022356852889060974,red
dnn_5class_smote,688,4,0,0,0.9998631592455886,0.965686023235321,-1.158470630645752,red
dnn_5class_smote,689,0,0,1,12.139212106331088,0.9999246001243592,-0.0009730784222483635,red
dnn_5class_smote,690,2,2,1,38.362506608892936,0.9999688863754272,-0.0009308428270742297,red
dnn_5class_smote,691,2,0,0,0.6023954992901329,0.9880971312522888,-0.7830326557159424,red
dnn_5class_smote,692,0,0,1,11.91790281852182,0.9999246001243592,-0.002518976107239723,red
dnn_5class_smote,693,1,0,0,1.5998152773567598,0.9999244809150696,-0.3851753771305084,red
dnn_5class_smote,694,1,1,1,33.09487311099611,0.999924659729004,-0.003097043838351965,green
dnn_5class_smote,695,3,0,0,2.5661407182475715,0.9999246001243592,-0.0015277398051694036,red
dnn_5class_smote,696,0,0,1,0.8883448282595718,0.9931452870368958,-0.6452756524085999,red
dnn_5class_smote,697,1,1,1,1.6779753118981842,0.9896886944770812,-0.13290788233280182,green
dnn_5class_smote,698,2,0,0,0.6464724607227427,0.9999244809150696,-0.1668950766324997,red
dnn_5class_smote,699,0,0,1,4.0185707700701725,0.9999246001243592,-0.014454562216997147,red
dnn_5class_smote,700,4,0,0,1.238921312204183,0.5262782573699951,-0.4799566864967346,red
dnn_5class_smote,701,0,0,1,127.54369560189,0.9999246001243592,-0.008296448737382889,red
dnn_5class_smote,702,1,1,1,41.57878354031285,0.999924659729004,-0.0050424207001924515,green
dnn_5class_smote,703,2,0,0,1.2677635573440773,0.6055504679679871,-0.875200629234314,red
dnn_5class_smote,704,1,1,1,27.492536322531183,0.999924659729004,-0.0031880673486739397,green
dnn_5class_smote,705,0,0,1,5059.127779704491,0.9999246001243592,-0.01668192818760872,red
dnn_5class_smote,706,2,2,1,0.9548079557661093,0.6074605584144592,-0.6510129570960999,red
dnn_5class_smote,707,0,0,1,15.042724582479062,0.9999246001243592,-0.04849565774202347,red
dnn_5class_smote,708,3,0,0,50.127608426658895,0.9999246001243592,-0.01583784818649292,red
dnn_5class_smote,709,2,2,1,24.238495757430552,0.9999688863754272,-0.004823664668947458,red
dnn_5class_smote,710,2,2,1,28.973451888606142,0.9999688863754272,-0.005804609041661024,red
dnn_5class_smote,711,0,0,1,8.891771124057158,0.9999246001243592,-0.023975372314453125,red
dnn_5class_smote,712,3,0,0,2.908017604369757,0.9999246001243592,-0.00374462828040123,red
dnn_5class_smote,713,2,2,1,12.74204787303005,0.9999688863754272,-0.0021285242401063442,red
dnn_5class_smote,714,2,2,1,85.25327897585568,0.989663541316986,-0.03980819880962372,red
dnn_5class_smote,715,2,2,1,4.808202609719808,0.9999688863754272,-0.01276625506579876,red
dnn_5class_smote,716,3,0,0,2.4436190805172044,0.9999246001243592,-0.0022154583130031824,red
dnn_5class_smote,717,0,0,1,3113.4501294506886,0.9999246001243592,-0.0242864191532135,red
dnn_5class_smote,718,3,0,0,3.002257967574271,0.9999246001243592,-0.025320954620838165,red
dnn_5class_smote,719,2,2,1,55.357671537512005,0.9999688863754272,-0.0005047179874964058,red
dnn_5class_smote,720,2,1,0,1.4426559855087764,0.9963915944099426,-0.13035736978054047,green
dnn_5class_smote,721,0,0,1,2.827625937237533,0.9999246001243592,-0.015546637587249279,red
dnn_5class_smote,722,0,0,1,49.48254788060761,0.9999246001243592,-0.002196825807914138,red
dnn_5class_smote,723,0,0,1,34.96067405862249,0.9999246001243592,-0.009150033816695213,red
dnn_5class_smote,724,0,0,1,99.59513707489879,0.9999246001243592,-0.0008293174905702472,red
dnn_5class_smote,725,0,0,1,5086.813925123565,0.9999246001243592,-0.057953327894210815,red
dnn_5class_smote,726,3,0,0,2.4857415021021545,0.9999246001243592,-0.0005514883087016642,red
dnn_5class_smote,727,2,2,1,2.8934576959468505,0.9898000359535216,-0.1313364952802658,red
dnn_5class_smote,728,1,1,1,41.29799729994475,0.999924659729004,-0.003839985467493534,green
dnn_5class_smote,729,1,1,1,1.8500677245044572,0.8940445780754089,-0.15395952761173248,green
dnn_5class_smote,730,2,0,0,0.6332422976758152,0.9879785776138306,-0.7508068084716797,red
dnn_5class_smote,731,3,0,0,83.03873734405538,0.9999246001243592,-0.008051630109548569,red
dnn_5class_smote,732,1,1,1,46.58379349847762,0.999924659729004,-0.002821060363203287,green
dnn_5class_smote,733,0,0,1,0.9825826706043828,0.9999246001243592,-0.393433541059494,red
dnn_5class_smote,734,1,1,1,68.68322465361366,0.999924659729004,-0.009341238997876644,green
dnn_5class_smote,735,1,1,1,1.0544565352304538,0.649962842464447,-0.2968001961708069,green
dnn_5class_smote,736,1,0,0,2.0483309323180605,0.9999244809150696,-0.26750603318214417,red
dnn_5class_smote,737,1,1,1,1.5906396320121758,0.9897567629814148,-0.09115457534790039,green
dnn_5class_smote,738,3,0,0,2.3729892540533273,0.9999246001243592,-0.001599256880581379,red
dnn_5class_smote,739,0,0,1,0.9797039232178979,0.9999244809150696,-0.37277430295944214,red
dnn_5class_smote,740,3,0,0,2.0065694731318433,0.9999244809150696,-0.21707671880722046,red
dnn_5class_smote,741,0,0,1,47104.20476939877,0.9999246001243592,-0.007708067074418068,red
dnn_5class_smote,742,2,2,1,0.9998780841632322,0.9999688863754272,-6.935793606110963e-10,red
dnn_5class_smote,743,2,2,1,27.92974456717267,0.9999688863754272,-0.001180874416604638,red
dnn_5class_smote,744,3,0,0,2.3140373934918594,0.9999246001243592,-0.0010149714071303606,red
dnn_5class_smote,745,2,2,1,50.17925686725484,0.9999688863754272,-0.0020091712940484285,red
dnn_5class_smote,746,1,1,1,1.7889819818453239,0.9896886944770812,-0.134701669216156,green
dnn_5class_smote,747,0,0,1,43.3093089466926,0.9999246001243592,-0.0011899621458724141,red
dnn_5class_smote,748,2,1,0,1.3255361410277262,0.999924659729004,-0.16846981644630432,green
dnn_5class_smote,749,2,2,1,12.697023193103497,0.9999688863754272,-0.001311001367866993,red
dnn_5class_smote,750,0,0,1,11.482956470142822,0.9999246001243592,-0.018089450895786285,red
dnn_5class_smote,751,2,2,1,11.957998954845092,0.9999688863754272,-0.0014588136691600084,red
dnn_5class_smote,752,0,0,1,8.632856624718794,0.9999244809150696,-0.11091681569814682,red
dnn_5class_smote,753,2,0,0,1.145749541004164,0.9692359566688538,-0.7524520754814148,red
dnn_5class_smote,754,3,0,0,6.186544829156901,0.9999246001243592,-0.05627140402793884,red
dnn_5class_smote,755,1,1,1,1.7740527848283034,0.9897567629814148,-0.10303597897291183,green
dnn_5class_smote,756,0,1,0,2.7589396789450813,0.9963915944099426,-0.01864391565322876,green
dnn_5class_smote,757,1,3,0,0.1821634550557867,0.9897567629814148,-0.7735833525657654,red
dnn_5class_smote,758,0,0,1,20.90499565042853,0.9999246001243592,-0.0010211414191871881,red
dnn_5class_smote,759,1,1,1,48.00456399202405,0.999924659729004,-0.003492806339636445,green
dnn_5class_smote,760,3,0,0,2.4390661861133927,0.9999246001243592,-0.0003377289103809744,red
dnn_5class_smote,761,0,0,1,13.928529495543769,0.9999246001243592,-0.04866807535290718,red
dnn_5class_smote,762,0,0,1,15.37375713056172,0.9999246001243592,-0.00067008042242378,red
dnn_5class_smote,763,3,0,0,2.4949180008592844,0.9999246001243592,-0.0018805265426635742,red
dnn_5class_smote,764,0,0,1,29582.325907305814,0.9999246001243592,-0.01607072725892067,red
dnn_5class_smote,765,3,3,1,1.2564500502784708,0.5943362712860107,-0.6590672731399536,red
dnn_5class_smote,766,2,0,0,1.2460553233340912,0.526300311088562,-0.632373571395874,red
dnn_5class_smote,767,0,0,1,96.57901319959625,0.9999246001243592,-0.09461715817451477,red
dnn_5class_smote,768,0,0,1,33.767599272036215,0.9999246001243592,-0.001571529544889927,red
dnn_5class_smote,769,2,2,1,103.53303605251642,0.9898000359535216,-0.01802748069167137,red
dnn_5class_smote,770,1,1,1,43.18035597496453,0.999924659729004,-0.0032881898805499077,green
dnn_5class_smote,771,0,2,0,3.092135795301433,0.996435523033142,-0.2081366777420044,red
dnn_5class_smote,772,1,1,1,11.338963368855689,0.999924659729004,-0.0039839292876422405,green
dnn_5class_smote,773,1,1,1,45.655563970343344,0.999924659729004,-0.007105457130819559,green
dnn_5class_smote,774,3,0,0,1.4196238827769256,0.9880967736244202,-0.6936192512512207,red
dnn_5class_smote,775,3,0,0,6.133114038935127,0.9999246001243592,-0.004164260346442461,red
dnn_5class_smote,776,3,0,0,2.50318696135555,0.9999244809150696,-0.08561035990715027,red
dnn_5class_smote,777,4,4,1,0.6379142087247692,0.9700177311897278,-0.10040666162967682,red
dnn_5class_smote,778,1,0,0,1.599721517790452,0.9999246001243592,-0.27012526988983154,red
dnn_5class_smote,779,0,0,1,19.265889757473097,0.9999246001243592,-0.004721991252154112,red
dnn_5class_smote,780,0,0,1,669.4896034904497,0.9999246001243592,-0.003018183633685112,red
dnn_5class_smote,781,0,0,1,58.70886278098105,0.9999246001243592,-0.0025377124547958374,red
dnn_5class_smote,782,0,0,1,50.14377060142063,0.9999246001243592,-0.0035462449304759502,red
dnn_5class_smote,783,1,1,1,47.87558735531105,0.999924659729004,-0.0013488664990291,green
dnn_5class_smote,784,1,1,1,1.9758301685635202,0.9896886944770812,-0.13314127922058105,green
dnn_5class_smote,785,0,0,1,12.102382069427854,0.9999246001243592,-0.0019235844956710935,red
dnn_5class_smote,786,3,0,0,2.7447036161071137,0.9999246001243592,-0.0897366851568222,red
dnn_5class_smote,787,1,0,0,1.602763189651698,0.9999244809150696,-0.5313826203346252,red
dnn_5class_smote,788,1,1,1,113.8860648215231,0.999924659729004,-0.0015478531131520867,green
dnn_5class_smote,789,4,0,0,21.70172708080716,0.9999246001243592,-0.022419657558202744,red
dnn_5class_smote,790,0,0,1,10.734084064092238,0.9999246001243592,-0.0018926628399640322,red
dnn_5class_smote,791,0,0,1,15.588002690403478,0.9999246001243592,-0.010358035564422607,red
dnn_5class_smote,792,1,1,1,27.633425675477856,0.999924659729004,-0.009572410024702549,green
dnn_5class_smote,793,2,1,0,1.3989164304096298,0.999924659729004,-0.13401347398757935,green
dnn_5class_smote,794,1,1,1,1.556675791711332,0.9897567629814148,-0.15523576736450195,green
dnn_5class_smote,795,2,0,0,0.7106339156198945,0.99992436170578,-0.27095362544059753,red
dnn_5class_smote,796,2,0,0,1.3244516305572995,0.6055504083633423,-0.9134209752082825,red
dnn_5class_smote,797,1,1,1,117.12460399656473,0.999924659729004,-0.0012661967193707824,green
dnn_5class_smote,798,1,1,1,11.881701405911162,0.9896886944770812,-0.06405861675739288,green
dnn_5class_smote,799,3,0,0,2.5940819703249836,0.9999246001243592,-0.023363439366221428,red
dnn_5class_smote,800,2,1,0,5.775306906023606,0.999924659729004,-0.19511577486991882,green
dnn_5class_smote,801,2,2,1,12.992991673081404,0.9999688863754272,-0.0009702320676296949,red
dnn_5class_smote,802,0,0,1,12.397485516674402,0.9999246001243592,-0.016360633075237274,red
dnn_5class_smote,803,0,0,1,188.02066048069057,0.9999246001243592,-0.0013264361768960953,red
dnn_5class_smote,804,1,1,1,53.29279555344612,0.999924659729004,-0.013976866379380226,green
dnn_5class_smote,805,3,0,0,3.403415813270885,0.9999246001243592,-0.0006297227228060365,red
dnn_5class_smote,806,3,0,0,1.3628422650690815,0.9999244809150696,-0.3306911289691925,red
dnn_5class_smote,807,2,1,0,1.9752290207764958,0.5562971830368042,-1.0122004747390747,green
dnn_5class_smote,808,3,0,0,1.8233258719677041,0.9999246001243592,-0.006284575443714857,red
dnn_5class_smote,809,4,0,0,0.5692980523502724,0.9999244809150696,-0.43709808588027954,red
dnn_5class_smote,810,0,0,1,3.5090463353738235,0.9999246001243592,-0.010234035551548004,red
dnn_5class_smote,811,4,0,0,4.51623870203669,0.9999246001243592,-0.007530830800533295,red
dnn_5class_smote,812,2,2,1,0.6407236882002353,0.9397507309913636,-0.07113246619701385,red
dnn_5class_smote,813,0,0,1,28.937393675756457,0.9999246001243592,-0.0036379857920110226,red
dnn_5class_smote,814,1,1,1,32.322502883467145,0.999924659729004,-0.007823692634701729,green
dnn_5class_smote,815,1,1,1,98.01761500912578,0.999924659729004,-0.004838861525058746,green
dnn_5class_smote,816,1,1,1,43.83161061825154,0.999924659729004,-0.0006447690539062023,green
dnn_5class_smote,817,2,2,1,82.83494996401245,0.9999688863754272,-0.0016498134937137365,red
dnn_5class_smote,818,1,1,1,44.39293303531547,0.999924659729004,-0.00505362031981349,green
dnn_5class_smote,819,0,0,1,20.95496111138886,0.9999246001243592,-0.0008511636406183243,red
dnn_5class_smote,820,3,0,0,2.3768168748279352,0.99992436170578,-0.2746883034706116,red
dnn_5class_smote,821,4,0,0,9.261796263323388,0.9999244809150696,-0.08527906984090805,red
dnn_5class_smote,822,1,1,1,42.24046515041164,0.999924659729004,-0.00044636879465542734,green
dnn_5class_smote,823,3,0,0,84.12962150358254,0.9999246001243592,-0.0036131294909864664,red
dnn_5class_smote,824,1,1,1,38.09470365894053,0.999924659729004,-0.003792867297306657,green
dnn_5class_smote,825,1,1,1,172.5696625775958,0.999924659729004,-0.001500487793236971,green
dnn_5class_smote,826,0,0,1,58.048061532763136,0.9999246001243592,-0.002339777536690235,red
dnn_5class_smote,827,1,1,1,47.483352326959874,0.999924659729004,-0.002590418793261051,green
dnn_5class_smote,828,2,2,1,11.888674589306541,0.9999688863754272,-0.0011289998656138778,red
dnn_5class_smote,829,2,2,1,12.062908985203201,0.9999688863754272,-0.007241547107696533,red
dnn_5class_smote,830,3,0,0,48.33392150377275,0.9999246001243592,-0.004663409665226936,red
dnn_5class_smote,831,3,3,1,1.5531768226606224,0.670061469078064,-0.5820719003677368,red
dnn_5class_smote,832,1,1,1,78.33451415454357,0.999924659729004,-0.002753741806373,green
dnn_5class_smote,833,2,0,0,1.2733476366526533,0.8001081347465515,-0.9584444165229797,red
dnn_5class_smote,834,1,1,1,137.8544402722199,0.999924659729004,-0.02181246690452099,green
dnn_5class_smote,835,2,2,1,48.316282163213565,0.9999688863754272,-0.0005397884524427354,red
dnn_5class_smote,836,1,1,1,23.640048878138327,0.999924659729004,-0.0031714115757495165,green
dnn_5class_smote,837,4,4,1,1.0014019749684189,0.8462013006210327,-0.3792398273944855,red
dnn_5class_smote,838,3,0,0,2.502473790918937,0.9999246001243592,-0.00158016721252352,red
dnn_5class_smote,839,3,0,0,4.884841229170163,0.9999246001243592,-0.03969959914684296,red
dnn_5class_smote,840,0,0,1,13.629279687879187,0.9999246001243592,-0.004919482860714197,red
dnn_5class_smote,841,0,0,1,6292.150624156654,0.9999246001243592,-0.021312667056918144,red
dnn_5class_smote,842,3,0,0,2.8859092645971445,0.9999246001243592,-0.10762879252433777,red
dnn_5class_smote,843,0,0,1,0.5445229448804203,0.5555402040481567,-0.7551586031913757,red
dnn_5class_smote,844,1,1,1,87.9779080767264,0.999924659729004,-0.0002014539495576173,green
dnn_5class_smote,845,3,0,0,11.866569553836582,0.9999246001243592,-0.04592644423246384,red
dnn_5class_smote,846,0,0,1,3.8062221311694673,0.9999246001243592,-0.02380700409412384,red
dnn_5class_smote,847,1,1,1,41.32967793097237,0.999924659729004,-0.01625654101371765,green
dnn_5class_smote,848,1,1,1,33.33799391919472,0.999924659729004,-0.00072525191353634,green
dnn_5class_smote,849,4,0,0,0.6830739802863706,0.9930546879768372,-0.7687138319015503,red
dnn_5class_smote,850,2,0,0,1.176316735671095,0.9999246001243592,-0.01972515508532524,red
dnn_5class_smote,851,1,0,0,2.2572114972063444,0.9821242690086364,-0.9669754505157471,red
dnn_5class_smote,852,0,0,1,17.233345941777227,0.9999246001243592,-0.017114553600549698,red
dnn_5class_smote,853,1,1,1,1.968824009828531,0.999924659729004,-0.002604519948363304,green
dnn_5class_smote,854,2,0,0,0.5998511743923662,0.9880971312522888,-0.6041622757911682,red
dnn_5class_smote,855,3,0,0,1.8249989834249618,0.9999246001243592,-0.004707918036729097,red
dnn_5class_smote,856,1,1,1,43.77297672729924,0.999924659729004,-0.00439292099326849,green
dnn_5class_smote,857,0,0,1,35.85232536001948,0.9999246001243592,-0.01120337750762701,red
dnn_5class_smote,858,3,0,0,2.5475608310094717,0.9999246001243592,-0.029677381739020348,red
dnn_5class_smote,859,3,0,0,4.007291115401905,0.9946154952049256,-0.7544307708740234,red
dnn_5class_smote,860,3,0,0,3.9736603745231758,0.9947107434272766,-0.6883836984634399,red
dnn_5class_smote,861,1,0,0,9.495505775828303,0.99992436170578,-0.12017892301082611,red
dnn_5class_smote,862,1,0,0,4.072848488790873,0.9999244809150696,-0.2156032919883728,red
dnn_5class_smote,863,1,0,0,1.58160782694992,0.99992436170578,-0.6811128854751587,red
dnn_5class_smote,864,2,2,1,73.27240712206485,0.9898000359535216,-0.03664148598909378,red
dnn_5class_smote,865,4,0,0,1.8018056973440555,0.9999244809150696,-0.2602520287036896,red
dnn_5class_smote,866,3,0,0,3.066043601765869,0.9999246001243592,-0.05088384449481964,red
dnn_5class_smote,867,3,0,0,25.755973634108308,0.9999246001243592,-0.020664669573307037,red
dnn_5class_smote,868,3,0,0,0.6858833940881844,0.539667010307312,-0.7012655735015869,red
dnn_5class_smote,869,4,0,0,4.331018967096035,0.9999246001243592,-0.03440046310424805,red
dnn_5class_smote,870,2,2,1,48.626578926097885,0.9999688863754272,-0.0023187894839793444,red
dnn_5class_smote,871,3,0,0,76.4196874454423,0.9999246001243592,-0.017210228368639946,red
dnn_5class_smote,872,2,2,1,10.644440976256,0.9999688863754272,-0.0022415127605199814,red
dnn_5class_smote,873,2,2,1,74.21161788560029,0.9999688863754272,-0.024255242198705673,red
dnn_5class_smote,874,1,1,1,73.76072902929214,0.999924659729004,-0.002248739590868354,green
dnn_5class_smote,875,1,1,1,25.56155624301397,0.999924659729004,-0.002983894431963563,green
dnn_5class_smote,876,0,0,1,11.571189325250272,0.9999246001243592,-0.0011228622170165181,red
dnn_5class_smote,877,0,0,1,48.43757223598215,0.9999246001243592,-0.0005313275614753366,red
dnn_5class_smote,878,3,0,0,24.230914800375984,0.9999246001243592,-0.00220874953083694,red
dnn_5class_smote,879,2,2,1,0.4634792806606577,0.9833067059516908,-0.6702510714530945,red
dnn_5class_smote,880,1,1,1,28.486795979078185,0.999924659729004,-0.00411065062507987,green
dnn_5class_smote,881,4,0,0,1.367766132800834,0.8713046312332153,-0.7259553670883179,red
dnn_5class_smote,882,0,0,1,99.8645214922029,0.9999246001243592,-0.020677980035543442,red
dnn_5class_smote,883,2,2,1,40.50323845253409,0.9999688863754272,-0.0008708711247891188,red
dnn_5class_smote,884,3,0,0,3.9546017749038986,0.9947303533554076,-0.6158490180969238,red
dnn_5class_smote,885,0,0,1,17.642688976541695,0.9999246001243592,-0.005451757460832596,red
dnn_5class_smote,886,1,1,1,1.5317730402243368,0.9896886944770812,-0.17874665558338165,green
dnn_5class_smote,887,3,0,0,56.109223313503854,0.9999246001243592,-0.0010520884534344077,red
dnn_5class_smote,888,2,2,1,2.9897616796969446,0.9898000359535216,-0.20013880729675293,red
dnn_5class_smote,889,0,0,1,82.85488578604064,0.9999246001243592,-0.00015637614706065506,red
dnn_5class_smote,890,2,2,1,19.473823121129286,0.9999688863754272,-0.013583752326667309,red
dnn_5class_smote,891,0,0,1,1.2402501725195063,0.9821213483810424,-0.9638926982879639,red
dnn_5class_smote,892,1,1,1,32.36476359561403,0.999924659729004,-0.009171009063720703,green
dnn_5class_smote,893,3,0,0,2.8335358794480037,0.9999246001243592,-0.006076209247112274,red
dnn_5class_smote,894,4,0,0,0.6100432750498369,0.6824433207511902,-0.9309074282646179,red
dnn_5class_smote,895,0,0,1,13.717290891081916,0.9999246001243592,-0.003674388164654374,red
dnn_5class_smote,896,0,0,1,158.03729343197557,0.9999246001243592,-0.0008624617476016283,red
dnn_5class_smote,897,1,1,1,22.42365299587963,0.999924659729004,-0.010609927587211132,green
dnn_5class_smote,898,3,0,0,1.6388008948521031,0.9999244809150696,-0.1477779597043991,red
dnn_5class_smote,899,0,0,1,64.23056115855427,0.9999246001243592,-0.0038887362461537123,red
dnn_5class_smote,900,1,1,1,2.0492350033015687,0.649962842464447,-0.5976950526237488,green
dnn_5class_smote,901,1,0,0,5.620810583417633,0.9939897060394288,-0.6182314157485962,red
dnn_5class_smote,902,2,2,1,42.398937120045446,0.9999688863754272,-0.002609091578051448,red
dnn_5class_smote,903,0,0,1,48.39148289433136,0.9999246001243592,-0.0009771663462743163,red
dnn_5class_smote,904,1,1,1,49.86148217446996,0.999924659729004,-0.0005448345909826458,green
dnn_5class_smote,905,2,0,0,1.3772654079908233,0.9948056936264038,-0.8443037867546082,red
dnn_5class_smote,906,1,1,1,35.681467941000754,0.999924659729004,-0.002681870013475418,green
dnn_5class_smote,907,1,1,1,13.436940091939853,0.9896886944770812,-0.12753789126873016,green
dnn_5class_smote,908,2,0,0,0.9136840720011477,0.994807243347168,-0.3173888623714447,red
dnn_5class_smote,909,2,2,1,3.318417587531809,0.9999688863754272,-0.01012174878269434,red
dnn_5class_smote,910,2,2,1,68.96954762422382,0.9999688863754272,-0.0016351030208170414,red
dnn_5class_smote,911,4,3,0,0.6247530163251973,0.9897567629814148,-0.26046890020370483,red
dnn_5class_smote,912,1,1,1,2.857277625670138,0.9897567629814148,-0.11857409030199051,green
dnn_5class_smote,913,1,0,0,0.247100878386998,0.5182729959487915,-0.8031377196311951,red
dnn_5class_smote,914,0,0,1,19.331182668864646,0.9999246001243592,-0.030952954664826393,red
dnn_5class_smote,915,2,2,1,15.18848604975671,0.9999688863754272,-0.0022516848985105753,red
dnn_5class_smote,916,4,0,0,1.232734675494176,0.9999244809150696,-0.8175541162490845,red
dnn_5class_smote,917,0,0,1,0.7206246254681552,0.9930766820907592,-0.7865355014801025,red
dnn_5class_smote,918,0,0,1,90.21692430000171,0.9999246001243592,-0.0012143483618274331,red
dnn_5class_smote,919,1,1,1,41.83570967979459,0.999924659729004,-0.008447965607047081,green
dnn_5class_smote,920,3,0,0,1.4335984310871914,0.9948041439056396,-0.6752254366874695,red
dnn_5class_smote,921,1,1,1,0.5481325690863176,0.944537341594696,-0.5835496187210083,green
dnn_5class_smote,922,1,1,1,2.3788934029211224,0.9896886944770812,-0.15308016538619995,green
dnn_5class_smote,923,3,0,0,5.500578417157118,0.9999246001243592,-0.06928609311580658,red
dnn_5class_smote,924,3,3,1,0.44771076162399653,0.6700614094734192,-0.2296963930130005,red
dnn_5class_smote,925,1,3,0,0.1866873287691902,0.9448868632316588,-1.0200079679489136,red
dnn_5class_smote,926,3,0,0,2.8672278143164234,0.9999246001243592,-0.019335029646754265,red
dnn_5class_smote,927,3,0,0,2.1569264717896446,0.981842875480652,-0.7610110640525818,red
dnn_5class_smote,928,1,1,1,43.695892552764896,0.999924659729004,-0.0053563243709504604,green
dnn_5class_smote,929,3,0,0,2.3141418395809468,0.9999246001243592,-0.0005356406909413636,red
dnn_5class_smote,930,1,1,1,125.36157114789745,0.999924659729004,-0.002028079004958272,green
dnn_5class_smote,931,0,0,1,14.420781383793152,0.99992436170578,-0.2261459082365036,red
dnn_5class_smote,932,2,2,1,0.7845092681992786,0.996435523033142,-0.01715192012488842,red
dnn_5class_smote,933,1,3,0,0.18733543675455444,0.670061469078064,-1.0874269008636475,red
dnn_5class_smote,934,0,0,1,41.97902153903013,0.9999246001243592,-0.008079697377979755,red
dnn_5class_smote,935,2,2,1,25.83249384687855,0.9999688863754272,-0.005016351118683815,red
dnn_5class_smote,936,4,0,0,1.3764925538043649,0.9880964159965516,-0.9830338954925537,red
dnn_5class_smote,937,4,0,0,0.7834340250866269,0.9970199465751648,-0.7265346646308899,red
dnn_5class_smote,938,3,0,0,2.8443700921728508,0.9999246001243592,-0.029958054423332214,red
dnn_5class_smote,939,0,0,1,34024.168356669,0.9999246001243592,-0.07329204678535461,red
dnn_5class_smote,940,1,1,1,55.57319711187228,0.999924659729004,-0.005167159251868725,green
dnn_5class_smote,941,2,0,0,0.7146598838257486,0.5150843262672424,-1.2048813104629517,red
dnn_5class_smote,942,3,2,0,5.077828031201676,0.8853898048400879,-0.33259835839271545,red
dnn_5class_smote,943,0,0,1,10.708607091423984,0.9999246001243592,-0.0016531824367120862,red
dnn_5class_smote,944,1,1,1,11.319226856542267,0.9897567629814148,-0.09328833222389221,green
dnn_5class_smote,945,3,0,0,4.862871676725172,0.9499123096466064,-0.662709653377533,red
dnn_5class_smote,946,3,0,0,2.5810315768149716,0.9999246001243592,-0.0063582537695765495,red
dnn_5class_smote,947,1,1,1,103.7731888449915,0.999924659729004,-0.002042917301878333,green
dnn_5class_smote,948,0,0,1,8.13551780193184,0.9999246001243592,-0.0033855829387903214,red
dnn_5class_smote,949,0,0,1,1041.1612973204178,0.9999246001243592,-0.005462958011776209,red
dnn_5class_smote,950,3,0,0,2.5780334225286943,0.9999246001243592,-0.03678250312805176,red
dnn_5class_smote,951,1,1,1,56.894225641289175,0.999924659729004,-0.002808468649163842,green
dnn_5class_smote,952,2,2,1,2.2510347696950204,0.9397507309913636,-0.43022704124450684,red
dnn_5class_smote,953,0,0,1,37.53642917461497,0.9999246001243592,-0.0011299600591883063,red
dnn_5class_smote,954,1,2,0,0.9854181821531011,0.9397507309913636,-0.1741538643836975,red
dnn_5class_smote,955,3,0,0,1.3788930921739015,0.9821254014968872,-0.7477762699127197,red
dnn_5class_smote,956,1,1,1,126.19593513114405,0.999924659729004,-0.00828363187611103,green
dnn_5class_smote,957,1,0,0,1.307232172837977,0.9687065482139589,-0.7346787452697754,red
dnn_5class_smote,958,3,0,0,2.708246017250407,0.9999246001243592,-0.0018173848511651158,red
dnn_5class_smote,959,1,1,1,59.77604631288313,0.999924659729004,-0.010210417211055756,green
dnn_5class_smote,960,0,2,0,2.467376560465311,0.9999688863754272,-0.0021975317504256964,red
dnn_5class_smote,961,2,2,1,84.66582368006769,0.9999688863754272,-0.00021696976909879595,red
dnn_5class_smote,962,1,1,1,53.75391563276084,0.999924659729004,-0.0050897058099508286,green
dnn_5class_smote,963,1,1,1,93.0434064473084,0.999924659729004,-0.001959139248356223,green
dnn_5class_smote,964,0,0,1,6.830779156057714,0.9999246001243592,-0.019290586933493614,red
dnn_5class_smote,965,1,1,1,45.00447129825352,0.999924659729004,-0.022720584645867348,green
dnn_5class_smote,966,3,0,0,16.07939450550722,0.9999246001243592,-0.009965200908482075,red
dnn_5class_smote,967,1,1,1,44.95716629075194,0.999924659729004,-0.001245543360710144,green
dnn_5class_smote,968,3,3,1,0.48575292424633626,0.8170809149742126,-0.24010613560676575,red
dnn_5class_smote,969,4,3,0,0.499067305303192,0.6700614094734192,-0.171042799949646,red
dnn_5class_smote,970,3,0,0,4.413216971159283,0.9999246001243592,-0.0008865984855219722,red
dnn_5class_smote,971,3,3,1,0.9328090988474784,0.6376981735229492,-0.6107444167137146,red
dnn_5class_smote,972,3,0,0,1.822080793545395,0.9999246001243592,-0.015349912457168102,red
dnn_5class_smote,973,0,0,1,16569.89484931773,0.9999246001243592,-0.01931179314851761,red
dnn_5class_smote,974,0,0,1,0.9702386424219399,0.9999246001243592,-0.5166118144989014,red
dnn_5class_smote,975,2,2,1,106.94134682768279,0.9999688863754272,-0.0031563283409923315,red
dnn_5class_smote,976,2,2,1,51.096205937879745,0.9999688863754272,-0.0024085005279630423,red
dnn_5class_smote,977,4,4,1,0.6388924894510379,0.9893693923950196,-0.0174630768597126,red
dnn_5class_smote,978,2,2,1,1.1320645596558598,0.9999688863754272,-0.001258305856026709,red
dnn_5class_smote,979,3,0,0,2.647631167575394,0.9999246001243592,-0.001624935306608677,red
dnn_5class_smote,980,0,0,1,19.70102081234314,0.9999246001243592,-0.00664746668189764,red
dnn_5class_smote,981,0,0,1,18.394442913849403,0.9999246001243592,-0.0011534534860402346,red
dnn_5class_smote,982,2,0,0,0.9572848447667808,0.7527787089347839,-0.7693584561347961,red
dnn_5class_smote,983,2,2,1,2.161078102624214,0.6632502675056458,-0.4283234775066376,red
dnn_5class_smote,984,0,0,1,38.812280441308296,0.9999246001243592,-0.0019031288102269173,red
dnn_5class_smote,985,1,1,1,30.203875978574242,0.999924659729004,-0.0018873196095228195,green
dnn_5class_smote,986,2,2,1,0.43168487020289886,0.989663541316986,-0.332973837852478,red
dnn_5class_smote,987,3,0,0,3.2523492790989255,0.9999246001243592,-0.010090998373925686,red
dnn_5class_smote,988,3,0,0,2.501615046799992,0.9999246001243592,-0.002364350715652108,red
dnn_5class_smote,989,1,1,1,10.622263467218735,0.999924659729004,-0.0033121558371931314,green
dnn_5class_smote,990,3,0,0,3.2311743752956876,0.9999246001243592,-0.009284642525017262,red
dnn_5class_smote,991,2,2,1,0.4676485410917529,0.989663541316986,-0.65455561876297,red
dnn_5class_smote,992,3,0,0,4.889926479411639,0.9999246001243592,-0.02863241359591484,red
dnn_5class_smote,993,0,0,1,14.124034190975854,0.9999246001243592,-0.003049498423933983,red
dnn_5class_smote,994,0,0,1,41081.84329359331,0.9999246001243592,-0.014285551384091377,red
dnn_5class_smote,995,1,1,1,1.0609333857257601,0.999924659729004,-0.01702849194407463,green
dnn_5class_smote,996,1,1,1,48.27709563281015,0.999924659729004,-0.026735540479421616,green
dnn_5class_smote,997,2,2,1,3.359280236550153,0.996435523033142,-0.044565942138433456,red
dnn_5class_smote,998,4,0,0,0.6817446231300999,0.9999241232872008,-0.5931140780448914,red
dnn_5class_smote,999,0,0,1,3968.8418744014875,0.9999246001243592,-0.014369062148034573,red
