dataset,variant,config,space_note,direction,k,n,FA,FA_lo,FA_hi,RA,RA_lo,RA_hi,RC,RC_lo,RC_hi,PRA,PRA_lo,PRA_hi,delta_RC_vs_original,delta_RC_lo,delta_RC_hi,RC_sig
nsl_kdd_v2,5class_cw,rf-xgb original,"prob vs logit, as in 06",A->B,5,1000,0.641,0.6305999999999997,0.6515999999999997,0.2542,0.24120000000000005,0.26720000000000005,0.6237999999999999,0.6031000000000002,0.6442025000000002,0.7666000000000001,0.7568000000000004,0.7764000000000001,,,,POS
nsl_kdd_v2,5class_smote,rf-xgb original,"prob vs logit, as in 06",A->B,5,1000,0.6516,0.6417999999999995,0.6615999999999993,0.21740000000000004,0.206,0.22920000000000007,0.5027999999999999,0.478495,0.5269000000000001,0.7072,0.6962975,0.7182,,,,POS
nsl_kdd_v2,5class_cw,rf-dnn original,"prob vs prob, as in 06 (matched)",A->B,5,1000,0.3612,0.3510000000000002,0.37140000000000034,0.0884,0.08119999999999993,0.09619999999999994,-0.11330000000000001,-0.13960250000000002,-0.08729750000000001,0.45909999999999995,0.44839999999999997,0.4695999999999999,,,,NEG
nsl_kdd_v2,5class_smote,rf-dnn original,"prob vs prob, as in 06 (matched)",A->B,5,1000,0.3056000000000001,0.2956000000000001,0.31560000000000016,0.06720000000000001,0.06039999999999999,0.07399999999999997,0.027799999999999988,-0.0034000000000000085,0.06050249999999995,0.5127,0.49970000000000014,0.5261999999999999,,,,ns
nsl_kdd_v2,5class_cw,xgb-dnn original,"logit vs prob, as in 06 (mismatched)",A->B,5,1000,0.28900000000000003,0.279,0.2988000000000002,0.056,0.049999999999999996,0.06199999999999999,-0.2332,-0.2576025,-0.20869750000000006,0.4071,0.39720000000000005,0.4170000000000001,,,,NEG
nsl_kdd_v2,5class_smote,xgb-dnn original,"logit vs prob, as in 06 (mismatched)",A->B,5,1000,0.3032,0.2930000000000001,0.31340000000000007,0.07180000000000002,0.06479999999999998,0.07899999999999997,-0.1291,-0.15480000000000002,-0.10259750000000001,0.44670000000000004,0.43639999999999995,0.45720000000000005,,,,NEG
nsl_kdd_v2,5class_cw,xgb-dnn logit-matched,logit vs logit,A->B,5,1000,0.26,0.24939999999999998,0.27080000000000004,0.045399999999999996,0.04,0.05099999999999999,-0.25739999999999996,-0.2809025000000001,-0.23360000000000003,0.4031,0.39370000000000005,0.41260000000000013,-0.024199999999999996,-0.0365,-0.012299999999999997,NEG
nsl_kdd_v2,5class_smote,xgb-dnn logit-matched,logit vs logit,A->B,5,1000,0.29580000000000006,0.2864000000000001,0.3050000000000001,0.06340000000000001,0.05659999999999999,0.07019999999999998,-0.13199999999999998,-0.15860500000000002,-0.10550000000000001,0.4463000000000001,0.43550000000000016,0.4571000000000001,-0.0029000000000000002,-0.015002499999999997,0.008899999999999998,NEG
nsl_kdd_v2,5class_cw,rf-dnn logit-mismatched,prob vs logit (mismatch control),A->B,5,1000,0.3088000000000001,0.2980000000000001,0.3198000000000002,0.0548,0.0482,0.06159999999999999,-0.11819999999999999,-0.14439999999999997,-0.09199999999999998,0.45539999999999997,0.4451,0.4656,,,,NEG
nsl_kdd_v2,5class_smote,rf-dnn logit-mismatched,prob vs logit (mismatch control),A->B,5,1000,0.32500000000000007,0.31520000000000026,0.3348000000000002,0.0792,0.07199999999999995,0.08699999999999992,0.023200000000000002,-0.009500000000000003,0.0566,0.5067,0.49310000000000004,0.5204999999999999,,,,ns
nsl_kdd_v2,5class_cw,dnn self prob-vs-logit,"same model, two output heads",A->B,5,1000,0.68,0.669,0.6911999999999998,0.2834000000000001,0.26980000000000015,0.29720000000000024,0.5778,0.5557,0.5992999999999999,0.741,0.7308000000000004,0.7511000000000001,,,,POS
nsl_kdd_v2,5class_smote,dnn self prob-vs-logit,"same model, two output heads",A->B,5,1000,0.6484,0.6375999999999997,0.6589999999999997,0.22340000000000004,0.21019499999999997,0.23660000000000003,0.5055,0.4806000000000001,0.5299025,0.7112999999999999,0.7003975000000001,0.7221000000000003,,,,POS
nsl_kdd_v2,5class_cw,rf-xgb original,"prob vs logit, as in 06",A->B,10,1000,0.7189,0.7125,0.725,0.1606,0.15280000000000002,0.16840000000000005,0.5749575757575757,0.559890606060606,0.5898427272727271,0.7249111111111111,0.7183777777777776,0.7312894444444442,,,,POS
nsl_kdd_v2,5class_smote,rf-xgb original,"prob vs logit, as in 06",A->B,10,1000,0.7578,0.7527000000000001,0.7630025000000004,0.14640000000000003,0.13950000000000007,0.15360000000000004,0.5591151515151516,0.5457212121212119,0.572812121212121,0.714911111111111,0.7089333333333332,0.7210222222222219,,,,POS
nsl_kdd_v2,5class_cw,rf-dnn original,"prob vs prob, as in 06 (matched)",A->B,10,1000,0.4592,0.4516,0.4665,0.06830000000000001,0.06349999999999996,0.07329999999999995,-0.011296969696969698,-0.02746727272727273,0.004715757575757564,0.5022444444444445,0.4958666666666667,0.5086666666666667,,,,ns
nsl_kdd_v2,5class_smote,rf-dnn original,"prob vs prob, as in 06 (matched)",A->B,10,1000,0.4495,0.44239999999999996,0.45679999999999993,0.056499999999999995,0.05209999999999996,0.06099999999999996,0.03391515151515151,0.01778181818181818,0.05023030303030303,0.514711111111111,0.5087555555555556,0.5207999999999999,,,,POS
nsl_kdd_v2,5class_cw,xgb-dnn original,"logit vs prob, as in 06 (mismatched)",A->B,10,1000,0.3865,0.38029999999999986,0.39269999999999994,0.046700000000000005,0.04259999999999998,0.05079999999999997,-0.18590303030303026,-0.2026063636363636,-0.16946666666666663,0.4354666666666667,0.42888888888888893,0.44202222222222215,,,,NEG
nsl_kdd_v2,5class_smote,xgb-dnn original,"logit vs prob, as in 06 (mismatched)",A->B,10,1000,0.3889,0.3825999999999999,0.39509999999999984,0.0594,0.054899999999999956,0.06399999999999996,-0.06946666666666666,-0.08575818181818182,-0.053623939393939384,0.4781333333333333,0.4718222222222223,0.48426777777777796,,,,NEG
nsl_kdd_v2,5class_cw,xgb-dnn logit-matched,logit vs logit,A->B,10,1000,0.3725,0.3651999999999998,0.3797999999999998,0.0422,0.03839999999999998,0.04599999999999998,-0.21255757575757572,-0.22866757575757565,-0.19652121212121212,0.4251111111111111,0.41871111111111115,0.43144444444444446,-0.02665454545454545,-0.033684848484848484,-0.01976939393939394,NEG
nsl_kdd_v2,5class_smote,xgb-dnn logit-matched,logit vs logit,A->B,10,1000,0.4127,0.40579999999999994,0.4194999999999999,0.05280000000000001,0.04819999999999997,0.057399999999999965,-0.10493333333333332,-0.12143030303030301,-0.08911515151515154,0.4630666666666666,0.4567549999999999,0.4692222222222222,-0.03546666666666667,-0.0440730303030303,-0.027066666666666666,NEG
nsl_kdd_v2,5class_cw,rf-dnn logit-mismatched,prob vs logit (mismatch control),A->B,10,1000,0.43629999999999997,0.42829999999999996,0.4443999999999999,0.0465,0.04229999999999997,0.050899999999999966,-0.04293333333333334,-0.06035181818181819,-0.025103030303030315,0.4854888888888889,0.478755,0.492422777777778,,,,NEG
nsl_kdd_v2,5class_smote,rf-dnn logit-mismatched,prob vs logit (mismatch control),A->B,10,1000,0.46490000000000004,0.4570000000000001,0.47259999999999996,0.0595,0.05479999999999996,0.06419999999999997,0.008157575757575758,-0.0091760606060606,0.025418484848484843,0.5017333333333334,0.4953549999999998,0.5081555555555555,,,,ns
nsl_kdd_v2,5class_cw,dnn self prob-vs-logit,"same model, two output heads",A->B,10,1000,0.702,0.695,0.7088999999999999,0.17820000000000003,0.17040000000000008,0.1861,0.6452363636363635,0.6308596969696969,0.6594669696969697,0.7552888888888889,0.7487333333333329,0.7618444444444439,,,,POS
nsl_kdd_v2,5class_smote,dnn self prob-vs-logit,"same model, two output heads",A->B,10,1000,0.7128,0.7058000000000002,0.7196999999999999,0.14710000000000004,0.13920000000000005,0.15520000000000006,0.5809212121212121,0.5654545454545454,0.5963036363636363,0.7285777777777778,0.7218222222222219,0.735333333333333,,,,POS
nsl_kdd_v2,5class_cw,rf-xgb original,"prob vs logit, as in 06",A->B,15,1000,0.7864666666666666,0.7818666666666664,0.7910016666666665,0.12666666666666665,0.12059999999999987,0.13266666666666654,0.5961535714285715,0.5839924999999998,0.6082681249999998,0.7281428571428571,0.7229045238095235,0.7334002380952378,,,,POS
nsl_kdd_v2,5class_smote,rf-xgb original,"prob vs logit, as in 06",A->B,15,1000,0.7969333333333334,0.7931333333333332,0.8007999999999998,0.11853333333333334,0.11326666666666657,0.12393333333333323,0.625675,0.6145285714285712,0.6365180357142857,0.7373238095238095,0.7326380952380952,0.7419428571428568,,,,POS
nsl_kdd_v2,5class_cw,rf-dnn original,"prob vs prob, as in 06 (matched)",A->B,15,1000,0.5086666666666667,0.5034666666666667,0.5139999999999999,0.05546666666666667,0.05193333333333331,0.059199999999999954,0.06859642857142856,0.05627124999999999,0.08096080357142856,0.533552380952381,0.5286476190476191,0.5384857142857142,,,,POS
nsl_kdd_v2,5class_smote,rf-dnn original,"prob vs prob, as in 06 (matched)",A->B,15,1000,0.5449333333333334,0.5391333333333331,0.5505999999999998,0.049333333333333326,0.045998333333333315,0.052799999999999986,0.07344642857142855,0.06098169642857142,0.08574303571428571,0.5304285714285715,0.5257619047619048,0.5351333333333333,,,,POS
nsl_kdd_v2,5class_cw,xgb-dnn original,"logit vs prob, as in 06 (mismatched)",A->B,15,1000,0.4860666666666667,0.4809333333333334,0.4913333333333333,0.04246666666666666,0.039200000000000006,0.04573333333333332,-0.11885357142857142,-0.1310074107142857,-0.10686321428571428,0.4614476190476191,0.4567904761904762,0.46602857142857124,,,,NEG
nsl_kdd_v2,5class_smote,xgb-dnn original,"logit vs prob, as in 06 (mismatched)",A->B,15,1000,0.4912,0.48586666666666684,0.4965333333333335,0.05246666666666667,0.04899999999999999,0.056066666666666626,-0.02353571428571428,-0.03552160714285713,-0.011424553571428577,0.49745714285714293,0.4928476190476191,0.5020669047619049,,,,NEG
nsl_kdd_v2,5class_cw,xgb-dnn logit-matched,logit vs logit,A->B,15,1000,0.49073333333333335,0.4857333333333333,0.4958666666666668,0.03833333333333333,0.03540000000000001,0.04126666666666667,-0.16393928571428568,-0.17590750000000005,-0.15199625,0.4444952380952381,0.4398476190476189,0.44911428571428574,-0.04508571428571428,-0.05183249999999997,-0.038689285714285704,NEG
nsl_kdd_v2,5class_smote,xgb-dnn logit-matched,logit vs logit,A->B,15,1000,0.5320666666666666,0.5263333333333333,0.5378666666666666,0.04639999999999999,0.04286666666666666,0.04986666666666666,-0.04253928571428571,-0.05511821428571429,-0.03048571428571429,0.49052380952380953,0.48567619047619054,0.49524809523809527,-0.019003571428571425,-0.026657678571428572,-0.011552857142857151,NEG
nsl_kdd_v2,5class_cw,rf-dnn logit-mismatched,prob vs logit (mismatch control),A->B,15,1000,0.5103333333333333,0.5054,0.5153333333333333,0.039266666666666665,0.0362,0.04246666666666665,0.03544642857142856,0.022285267857142854,0.048739375,0.5175714285714287,0.5125714285714286,0.5226857142857143,,,,POS
nsl_kdd_v2,5class_smote,rf-dnn logit-mismatched,prob vs logit (mismatch control),A->B,15,1000,0.5824,0.5769999999999995,0.5877333333333329,0.05193333333333333,0.04833333333333331,0.05546666666666664,0.04989999999999999,0.037138839285714285,0.06284678571428569,0.5212380952380952,0.5162950000000001,0.5262385714285716,,,,POS
nsl_kdd_v2,5class_cw,dnn self prob-vs-logit,"same model, two output heads",A->B,15,1000,0.7428666666666666,0.7366666666666662,0.7489333333333325,0.13613333333333333,0.13059999999999988,0.14186666666666656,0.654225,0.642931339285714,0.6652965178571426,0.753247619047619,0.7481238095238093,0.7582954761904759,,,,POS
nsl_kdd_v2,5class_smote,dnn self prob-vs-logit,"same model, two output heads",A->B,15,1000,0.7359333333333332,0.729933333333333,0.7419999999999995,0.11433333333333331,0.10853333333333322,0.12033333333333318,0.6364071428571427,0.6247064285714288,0.6483573214285714,0.7451142857142856,0.7400092857142851,0.7503142857142853,,,,POS
nsl_kdd_v2,5class_cw,rf-xgb original,"prob vs logit, as in 06",B->A,5,1000,0.641,0.6305999999999997,0.6515999999999997,0.2542,0.24120000000000005,0.26720000000000005,0.5512999999999999,0.5303,0.5716999999999997,0.7182000000000001,0.7085,0.7278000000000002,,,,POS
nsl_kdd_v2,5class_smote,rf-xgb original,"prob vs logit, as in 06",B->A,5,1000,0.6516,0.6417999999999995,0.6615999999999993,0.21740000000000004,0.206,0.22920000000000007,0.45139999999999997,0.42579999999999996,0.47680249999999996,0.6837000000000001,0.6720999999999999,0.6953999999999999,,,,POS
nsl_kdd_v2,5class_cw,rf-dnn original,"prob vs prob, as in 06 (matched)",B->A,5,1000,0.3612,0.3510000000000002,0.37140000000000034,0.0884,0.08119999999999993,0.09619999999999994,0.18569999999999998,0.1548975,0.21659999999999993,0.5751000000000001,0.5621000000000002,0.588,,,,POS
nsl_kdd_v2,5class_smote,rf-dnn original,"prob vs prob, as in 06 (matched)",B->A,5,1000,0.3056000000000001,0.2956000000000001,0.31560000000000016,0.06720000000000001,0.06039999999999999,0.07399999999999997,0.0943,0.06479749999999998,0.12299999999999996,0.5422,0.5305,0.5538,,,,POS
nsl_kdd_v2,5class_cw,xgb-dnn original,"logit vs prob, as in 06 (mismatched)",B->A,5,1000,0.28900000000000003,0.279,0.2988000000000002,0.056,0.049999999999999996,0.06199999999999999,0.2249,0.19640000000000005,0.25379999999999997,0.5921000000000001,0.5805,0.6039999999999999,,,,POS
nsl_kdd_v2,5class_smote,xgb-dnn original,"logit vs prob, as in 06 (mismatched)",B->A,5,1000,0.3032,0.2930000000000001,0.31340000000000007,0.07180000000000002,0.06479999999999998,0.07899999999999997,0.12089999999999998,0.0910975,0.15139999999999998,0.5564,0.5447000000000001,0.5684999999999998,,,,POS
nsl_kdd_v2,5class_cw,xgb-dnn logit-matched,logit vs logit,B->A,5,1000,0.26,0.24939999999999998,0.27080000000000004,0.045399999999999996,0.04,0.05099999999999999,0.33359999999999995,0.30650000000000005,0.36079999999999984,0.6271,0.6156999999999998,0.6385025,0.10869999999999999,0.07789999999999998,0.14020249999999998,POS
nsl_kdd_v2,5class_smote,xgb-dnn logit-matched,logit vs logit,B->A,5,1000,0.29580000000000006,0.2864000000000001,0.3050000000000001,0.06340000000000001,0.05659999999999999,0.07019999999999998,0.20109999999999997,0.17090000000000002,0.23180000000000003,0.5788,0.5663,0.5915999999999997,0.0802,0.04209499999999998,0.11899999999999994,POS
nsl_kdd_v2,5class_cw,rf-dnn logit-mismatched,prob vs logit (mismatch control),B->A,5,1000,0.3088000000000001,0.2980000000000001,0.3198000000000002,0.0548,0.0482,0.06159999999999999,0.22719999999999999,0.196,0.25800249999999997,0.5877,0.5748974999999998,0.6005,,,,POS
nsl_kdd_v2,5class_smote,rf-dnn logit-mismatched,prob vs logit (mismatch control),B->A,5,1000,0.32500000000000007,0.31520000000000026,0.3348000000000002,0.0792,0.07199999999999995,0.08699999999999992,0.21789999999999998,0.18780000000000002,0.24790249999999997,0.5851,0.5725,0.5977999999999999,,,,POS
nsl_kdd_v2,5class_cw,dnn self prob-vs-logit,"same model, two output heads",B->A,5,1000,0.68,0.669,0.6911999999999998,0.2834000000000001,0.26980000000000015,0.29720000000000024,0.6014999999999999,0.5814975,0.6215,0.7515,0.7418974999999999,0.7610999999999998,,,,POS
nsl_kdd_v2,5class_smote,dnn self prob-vs-logit,"same model, two output heads",B->A,5,1000,0.6484,0.6375999999999997,0.6589999999999997,0.22340000000000004,0.21019499999999997,0.23660000000000003,0.531,0.5073000000000001,0.5535025000000001,0.7212000000000001,0.7107000000000002,0.7311,,,,POS
nsl_kdd_v2,5class_cw,rf-xgb original,"prob vs logit, as in 06",B->A,10,1000,0.7189,0.7125,0.725,0.1606,0.15280000000000002,0.16840000000000005,0.5612727272727273,0.5489448484848486,0.5740124242424242,0.7137777777777777,0.7084222222222217,0.7193111111111107,,,,POS
nsl_kdd_v2,5class_smote,rf-xgb original,"prob vs logit, as in 06",B->A,10,1000,0.7578,0.7527000000000001,0.7630025000000004,0.14640000000000003,0.13950000000000007,0.15360000000000004,0.49984242424242414,0.48399969696969686,0.5153457575757575,0.6906888888888889,0.6842444444444442,0.696978333333333,,,,POS
nsl_kdd_v2,5class_cw,rf-dnn original,"prob vs prob, as in 06 (matched)",B->A,10,1000,0.4592,0.4516,0.4665,0.06830000000000001,0.06349999999999996,0.07329999999999995,0.3062787878787879,0.2869451515151515,0.325480303030303,0.615511111111111,0.6080666666666666,0.6229561111111113,,,,POS
nsl_kdd_v2,5class_smote,rf-dnn original,"prob vs prob, as in 06 (matched)",B->A,10,1000,0.4495,0.44239999999999996,0.45679999999999993,0.056499999999999995,0.05209999999999996,0.06099999999999996,0.18631515151515152,0.1661818181818182,0.20657030303030305,0.5726222222222223,0.5652438888888885,0.5801111111111109,,,,POS
nsl_kdd_v2,5class_cw,xgb-dnn original,"logit vs prob, as in 06 (mismatched)",B->A,10,1000,0.3865,0.38029999999999986,0.39269999999999994,0.046700000000000005,0.04259999999999998,0.05079999999999997,0.32141818181818177,0.30334424242424246,0.3393212121212121,0.6204,0.6133555555555554,0.6273338888888889,,,,POS
nsl_kdd_v2,5class_smote,xgb-dnn original,"logit vs prob, as in 06 (mismatched)",B->A,10,1000,0.3889,0.3825999999999999,0.39509999999999984,0.0594,0.054899999999999956,0.06399999999999996,0.18088484848484848,0.1607151515151515,0.2009818181818182,0.5726444444444444,0.5653333333333332,0.5799555555555556,,,,POS
nsl_kdd_v2,5class_cw,xgb-dnn logit-matched,logit vs logit,B->A,10,1000,0.3725,0.3651999999999998,0.3797999999999998,0.0422,0.03839999999999998,0.04599999999999998,0.28888484848484847,0.2715636363636363,0.30546696969696974,0.6049111111111111,0.5983333333333335,0.6113555555555555,-0.03253333333333333,-0.05404969696969695,-0.011212121212121217,POS
nsl_kdd_v2,5class_smote,xgb-dnn logit-matched,logit vs logit,B->A,10,1000,0.4127,0.40579999999999994,0.4194999999999999,0.05280000000000001,0.04819999999999997,0.057399999999999965,0.24829090909090906,0.2308969696969697,0.26557606060606054,0.5911333333333333,0.5844666666666665,0.5978444444444442,0.06740606060606061,0.044557272727272744,0.09043666666666669,POS
nsl_kdd_v2,5class_cw,rf-dnn logit-mismatched,prob vs logit (mismatch control),B->A,10,1000,0.43629999999999997,0.42829999999999996,0.4443999999999999,0.0465,0.04229999999999997,0.050899999999999966,0.26263030303030305,0.2436360606060606,0.2816372727272727,0.5942888888888889,0.5871111111111108,0.6014444444444444,,,,POS
nsl_kdd_v2,5class_smote,rf-dnn logit-mismatched,prob vs logit (mismatch control),B->A,10,1000,0.46490000000000004,0.4570000000000001,0.47259999999999996,0.0595,0.05479999999999996,0.06419999999999997,0.28909090909090907,0.27056939393939394,0.30780636363636354,0.6063555555555555,0.599111111111111,0.6135999999999998,,,,POS
nsl_kdd_v2,5class_cw,dnn self prob-vs-logit,"same model, two output heads",B->A,10,1000,0.702,0.695,0.7088999999999999,0.17820000000000003,0.17040000000000008,0.1861,0.601660606060606,0.5867024242424244,0.6169457575757575,0.7357333333333334,0.7291327777777772,0.7424666666666663,,,,POS
nsl_kdd_v2,5class_smote,dnn self prob-vs-logit,"same model, two output heads",B->A,10,1000,0.7128,0.7058000000000002,0.7196999999999999,0.14710000000000004,0.13920000000000005,0.15520000000000006,0.5835515151515152,0.5682054545454543,0.5986063636363634,0.7283111111111111,0.7217999999999999,0.7346227777777777,,,,POS
nsl_kdd_v2,5class_cw,rf-xgb original,"prob vs logit, as in 06",B->A,15,1000,0.7864666666666666,0.7818666666666664,0.7910016666666665,0.12666666666666665,0.12059999999999987,0.13266666666666654,0.6237392857142856,0.6148855357142857,0.6323430357142852,0.7359809523809524,0.7321999999999997,0.7396478571428567,,,,POS
nsl_kdd_v2,5class_smote,rf-xgb original,"prob vs logit, as in 06",B->A,15,1000,0.7969333333333334,0.7931333333333332,0.8007999999999998,0.11853333333333334,0.11326666666666657,0.12393333333333323,0.6163142857142856,0.6086320535714286,0.6237643750000001,0.7313809523809522,0.7281045238095234,0.7346571428571423,,,,POS
nsl_kdd_v2,5class_cw,rf-dnn original,"prob vs prob, as in 06 (matched)",B->A,15,1000,0.5086666666666667,0.5034666666666667,0.5139999999999999,0.05546666666666667,0.05193333333333331,0.059199999999999954,0.3502071428571428,0.3356641071428571,0.3648151785714285,0.6283333333333333,0.6227523809523808,0.6339142857142854,,,,POS
nsl_kdd_v2,5class_smote,rf-dnn original,"prob vs prob, as in 06 (matched)",B->A,15,1000,0.5449333333333334,0.5391333333333331,0.5505999999999998,0.049333333333333326,0.045998333333333315,0.052799999999999986,0.26009999999999994,0.24445321428571423,0.27579294642857133,0.5957523809523809,0.5900759523809523,0.601504761904762,,,,POS
nsl_kdd_v2,5class_cw,xgb-dnn original,"logit vs prob, as in 06 (mismatched)",B->A,15,1000,0.4860666666666667,0.4809333333333334,0.4913333333333333,0.04246666666666666,0.039200000000000006,0.04573333333333332,0.3529571428571428,0.3391642857142857,0.3664999999999999,0.6287142857142857,0.6234378571428569,0.6339333333333333,,,,POS
nsl_kdd_v2,5class_smote,xgb-dnn original,"logit vs prob, as in 06 (mismatched)",B->A,15,1000,0.4912,0.48586666666666684,0.4965333333333335,0.05246666666666667,0.04899999999999999,0.056066666666666626,0.2205285714285714,0.20543169642857134,0.2354753571428571,0.582047619047619,0.5765333333333333,0.5875333333333332,,,,POS
nsl_kdd_v2,5class_cw,xgb-dnn logit-matched,logit vs logit,B->A,15,1000,0.49073333333333335,0.4857333333333333,0.4958666666666668,0.03833333333333333,0.03540000000000001,0.04126666666666667,0.3207749999999999,0.3068425892857143,0.3344789285714285,0.6168666666666666,0.611647619047619,0.6220571428571425,-0.03218214285714285,-0.04810374999999999,-0.01621428571428572,POS
nsl_kdd_v2,5class_smote,xgb-dnn logit-matched,logit vs logit,B->A,15,1000,0.5320666666666666,0.5263333333333333,0.5378666666666666,0.04639999999999999,0.04286666666666666,0.04986666666666666,0.27855714285714284,0.264835625,0.2920608035714284,0.5997904761904761,0.5947521428571428,0.6047999999999999,0.058028571428571415,0.04059999999999999,0.07551848214285713,POS
nsl_kdd_v2,5class_cw,rf-dnn logit-mismatched,prob vs logit (mismatch control),B->A,15,1000,0.5103333333333333,0.5054,0.5153333333333333,0.039266666666666665,0.0362,0.04246666666666665,0.32948214285714283,0.31349616071428577,0.34487151785714276,0.6183999999999998,0.6123809523809522,0.6242095238095238,,,,POS
nsl_kdd_v2,5class_smote,rf-dnn logit-mismatched,prob vs logit (mismatch control),B->A,15,1000,0.5824,0.5769999999999995,0.5877333333333329,0.05193333333333333,0.04833333333333331,0.05546666666666664,0.3245785714285714,0.30974267857142856,0.3396291071428571,0.6170476190476191,0.6113614285714286,0.6227528571428571,,,,POS
nsl_kdd_v2,5class_cw,dnn self prob-vs-logit,"same model, two output heads",B->A,15,1000,0.7428666666666666,0.7366666666666662,0.7489333333333325,0.13613333333333333,0.13059999999999988,0.14186666666666656,0.622675,0.61125,0.6338859821428571,0.7379809523809523,0.7329999999999995,0.7429049999999998,,,,POS
nsl_kdd_v2,5class_smote,dnn self prob-vs-logit,"same model, two output heads",B->A,15,1000,0.7359333333333332,0.729933333333333,0.7419999999999995,0.11433333333333331,0.10853333333333322,0.12033333333333318,0.6313071428571427,0.6194281250000001,0.6427928571428569,0.7414285714285714,0.7363904761904756,0.74647619047619,,,,POS
unsw_nb15_v2,5class_cw,rf-xgb original,"prob vs logit, as in 06",A->B,5,1000,0.6366,0.6251999999999999,0.6481999999999997,0.16360000000000002,0.15339999999999993,0.1738,0.4463,0.42169999999999996,0.4706025000000001,0.6781,0.6673975,0.6888000000000002,,,,POS
unsw_nb15_v2,5class_smote,rf-xgb original,"prob vs logit, as in 06",A->B,5,1000,0.649,0.6381999999999995,0.6597999999999998,0.2058,0.19340000000000002,0.21859999999999996,0.4890999999999999,0.4629,0.5152,0.7016,0.6900000000000002,0.7132025000000001,,,,POS
unsw_nb15_v2,5class_cw,rf-dnn original,"prob vs prob, as in 06 (matched)",A->B,5,1000,0.385,0.37320000000000025,0.3966000000000003,0.086,0.07879999999999995,0.09359999999999993,0.1137,0.0851,0.14209999999999998,0.5481,0.5363974999999996,0.5596999999999999,,,,POS
unsw_nb15_v2,5class_smote,rf-dnn original,"prob vs prob, as in 06 (matched)",A->B,5,1000,0.37540000000000007,0.36420000000000013,0.38660000000000017,0.097,0.08879999999999995,0.10539999999999995,0.2007,0.16979999999999998,0.23089999999999997,0.5864,0.5732974999999998,0.5992000000000001,,,,POS
unsw_nb15_v2,5class_cw,xgb-dnn original,"logit vs prob, as in 06 (mismatched)",A->B,5,1000,0.415,0.4049999999999999,0.4248,0.1356,0.12539999999999993,0.14559999999999992,0.20399999999999996,0.17299999999999993,0.2341999999999999,0.5839,0.5711,0.5963,,,,POS
unsw_nb15_v2,5class_smote,xgb-dnn original,"logit vs prob, as in 06 (mismatched)",A->B,5,1000,0.4282,0.4184000000000002,0.4380000000000001,0.1146,0.10559999999999994,0.12339999999999993,0.2358,0.2083974999999999,0.26289999999999997,0.5954,0.5842,0.6065,,,,POS
unsw_nb15_v2,5class_cw,xgb-dnn logit-matched,logit vs logit,A->B,5,1000,0.42860000000000004,0.418,0.4388050000000001,0.14120000000000002,0.1315999999999999,0.15079999999999996,0.20629999999999996,0.17419749999999998,0.23690000000000003,0.5827,0.5694975,0.5954999999999999,0.0022999999999999982,-0.010999999999999992,0.015399999999999997,POS
unsw_nb15_v2,5class_smote,xgb-dnn logit-matched,logit vs logit,A->B,5,1000,0.42240000000000005,0.41180000000000017,0.4330000000000001,0.1252,0.1163949999999999,0.13379999999999995,0.22089999999999999,0.18999999999999997,0.25079999999999997,0.5864000000000001,0.5735999999999999,0.5989000000000002,-0.014899999999999998,-0.0344,0.004699999999999999,POS
unsw_nb15_v2,5class_cw,rf-dnn logit-mismatched,prob vs logit (mismatch control),A->B,5,1000,0.37900000000000006,0.3667950000000002,0.39100000000000035,0.09140000000000001,0.08239999999999997,0.10059999999999994,0.1608,0.13049999999999995,0.19019999999999992,0.5703,0.558,0.5824999999999999,,,,POS
unsw_nb15_v2,5class_smote,rf-dnn logit-mismatched,prob vs logit (mismatch control),A->B,5,1000,0.35860000000000003,0.34680000000000016,0.37040000000000034,0.1118,0.10259999999999994,0.12119999999999993,0.20989999999999998,0.17839999999999998,0.24109999999999993,0.5892000000000001,0.576,0.6023,,,,POS
unsw_nb15_v2,5class_cw,dnn self prob-vs-logit,"same model, two output heads",A->B,5,1000,0.7238,0.7121999999999996,0.7349999999999997,0.3396,0.3254000000000002,0.3540000000000001,0.636,0.6132000000000003,0.6579000000000004,0.7736000000000001,0.7628000000000004,0.7841000000000004,,,,POS
unsw_nb15_v2,5class_smote,dnn self prob-vs-logit,"same model, two output heads",A->B,5,1000,0.6858,0.6737999999999998,0.6973999999999999,0.295,0.28060000000000007,0.3100000000000001,0.5681999999999998,0.5441975,0.5922025000000001,0.7447999999999999,0.7339000000000001,0.7558,,,,POS
unsw_nb15_v2,5class_cw,rf-xgb original,"prob vs logit, as in 06",A->B,10,1000,0.6989,0.6921999999999997,0.7056999999999997,0.11910000000000003,0.11279999999999998,0.1253025,0.5363272727272727,0.5186778787878787,0.553890909090909,0.7067555555555555,0.6992666666666664,0.7140666666666661,,,,POS
unsw_nb15_v2,5class_smote,rf-xgb original,"prob vs logit, as in 06",A->B,10,1000,0.7011,0.6937999999999998,0.7081999999999996,0.13620000000000002,0.12919999999999998,0.14340000000000006,0.5758060606060605,0.5587993939393939,0.5925460606060606,0.7254222222222222,0.7181999999999998,0.7325783333333331,,,,POS
unsw_nb15_v2,5class_cw,rf-dnn original,"prob vs prob, as in 06 (matched)",A->B,10,1000,0.46990000000000004,0.46220000000000006,0.47769999999999996,0.0645,0.05989999999999996,0.06910250000000001,0.18933333333333333,0.171150303030303,0.20732181818181816,0.5698,0.5629777777777777,0.5766666666666665,,,,POS
unsw_nb15_v2,5class_smote,rf-dnn original,"prob vs prob, as in 06 (matched)",A->B,10,1000,0.4825,0.4742000000000002,0.49060000000000004,0.06709999999999999,0.062099999999999975,0.07219999999999997,0.1688,0.14962393939393936,0.1870424242424242,0.5650666666666666,0.5577111111111112,0.5721777777777777,,,,POS
unsw_nb15_v2,5class_cw,xgb-dnn original,"logit vs prob, as in 06 (mismatched)",A->B,10,1000,0.45070000000000005,0.44430000000000003,0.45729999999999993,0.0835,0.07789999999999997,0.089,0.27423030303030305,0.25793909090909084,0.28979484848484843,0.6059111111111111,0.5996222222222223,0.6119555555555556,,,,POS
unsw_nb15_v2,5class_smote,xgb-dnn original,"logit vs prob, as in 06 (mismatched)",A->B,10,1000,0.4935,0.4864,0.5007999999999999,0.07740000000000001,0.07199999999999997,0.08279999999999998,0.24656969696969697,0.23009636363636354,0.26306696969696963,0.5937555555555555,0.5875999999999999,0.5999561111111109,,,,POS
unsw_nb15_v2,5class_cw,xgb-dnn logit-matched,logit vs logit,A->B,10,1000,0.4501,0.4433,0.45679999999999993,0.08660000000000001,0.08129999999999998,0.09199999999999998,0.2791393939393939,0.2636727272727272,0.2941584848484847,0.6063777777777777,0.6004438888888886,0.6122222222222219,0.004909090909090908,-0.0034909090909090892,0.013406363636363643,POS
unsw_nb15_v2,5class_smote,xgb-dnn logit-matched,logit vs logit,A->B,10,1000,0.4776,0.4699,0.4852,0.0809,0.07559999999999997,0.08619999999999997,0.2468121212121212,0.2302181818181818,0.26356363636363633,0.5916888888888888,0.5853549999999998,0.5980894444444445,0.00024242424242424177,-0.009758181818181812,0.010230606060606051,POS
unsw_nb15_v2,5class_cw,rf-dnn logit-mismatched,prob vs logit (mismatch control),A->B,10,1000,0.47129999999999994,0.46370000000000006,0.47879999999999995,0.0635,0.05839999999999997,0.06869999999999996,0.17953939393939392,0.16015757575757572,0.19836454545454535,0.5676666666666667,0.5603555555555555,0.5749555555555556,,,,POS
unsw_nb15_v2,5class_smote,rf-dnn logit-mismatched,prob vs logit (mismatch control),A->B,10,1000,0.4827,0.47390000000000004,0.49140000000000006,0.075,0.06959999999999997,0.08059999999999999,0.14606060606060606,0.12646030303030306,0.16541818181818171,0.5545777777777778,0.5470444444444444,0.5621111111111111,,,,POS
unsw_nb15_v2,5class_cw,dnn self prob-vs-logit,"same model, two output heads",A->B,10,1000,0.7367999999999999,0.73,0.7437,0.2156,0.20700000000000005,0.22440000000000004,0.6675757575757575,0.6528603030303027,0.6817336363636364,0.7691111111111112,0.7623555555555552,0.7755777777777774,,,,POS
unsw_nb15_v2,5class_smote,dnn self prob-vs-logit,"same model, two output heads",A->B,10,1000,0.7138,0.706,0.7213999999999998,0.18660000000000002,0.17790000000000009,0.1953000000000001,0.6168242424242424,0.6012845454545453,0.6320975757575756,0.7456666666666667,0.7387333333333329,0.7525999999999996,,,,POS
unsw_nb15_v2,5class_cw,rf-xgb original,"prob vs logit, as in 06",A->B,15,1000,0.6633333333333332,0.6582666666666664,0.6683333333333329,0.09040000000000001,0.08593333333333325,0.09493333333333326,0.6119249999999999,0.6003178571428571,0.6234766071428571,0.7307809523809524,0.7259428571428569,0.7356285714285712,,,,POS
unsw_nb15_v2,5class_smote,rf-xgb original,"prob vs logit, as in 06",A->B,15,1000,0.677,0.6719333333333328,0.6821333333333325,0.10293333333333334,0.09786666666666659,0.10813333333333322,0.6272107142857142,0.6154320535714285,0.6391790178571427,0.7383904761904762,0.7335238095238094,0.7433999999999995,,,,POS
unsw_nb15_v2,5class_cw,rf-dnn original,"prob vs prob, as in 06 (matched)",A->B,15,1000,0.5171333333333334,0.5106,0.5235333333333333,0.051133333333333336,0.04773333333333332,0.054534999999999965,0.21937857142857137,0.20448892857142856,0.23438580357142857,0.5773428571428572,0.5719330952380953,0.5828288095238096,,,,POS
unsw_nb15_v2,5class_smote,rf-dnn original,"prob vs prob, as in 06 (matched)",A->B,15,1000,0.5137999999999999,0.5073333333333332,0.520135,0.051866666666666665,0.048266666666666666,0.05540166666666664,0.24389642857142854,0.2290963392857143,0.25836446428571436,0.590647619047619,0.5851142857142857,0.5960954761904762,,,,POS
unsw_nb15_v2,5class_cw,xgb-dnn original,"logit vs prob, as in 06 (mismatched)",A->B,15,1000,0.4810666666666667,0.4754666666666668,0.4867350000000001,0.06433333333333333,0.0603333333333333,0.0683333333333333,0.28528928571428563,0.27285330357142856,0.2970683035714285,0.6076666666666666,0.6029233333333334,0.6122761904761903,,,,POS
unsw_nb15_v2,5class_smote,xgb-dnn original,"logit vs prob, as in 06 (mismatched)",A->B,15,1000,0.5077333333333334,0.5020666666666667,0.5134666666666667,0.059199999999999996,0.0553983333333333,0.06299999999999997,0.2924321428571428,0.28044624999999995,0.3044392857142857,0.6090285714285714,0.6043809523809526,0.6136859523809524,,,,POS
unsw_nb15_v2,5class_cw,xgb-dnn logit-matched,logit vs logit,A->B,15,1000,0.45526666666666665,0.4500666666666667,0.4604666666666668,0.06573333333333332,0.06186666666666663,0.06973333333333329,0.30206071428571424,0.28944991071428566,0.31416071428571424,0.614447619047619,0.6096095238095236,0.6191145238095237,0.01677142857142857,0.010581964285714288,0.022921607142857136,POS
unsw_nb15_v2,5class_smote,xgb-dnn logit-matched,logit vs logit,A->B,15,1000,0.48746666666666666,0.48146666666666665,0.49339999999999995,0.0612,0.05739999999999998,0.06506666666666662,0.2893142857142857,0.2775424999999999,0.3009859821428571,0.606495238095238,0.6020095238095237,0.6109714285714285,-0.0031178571428571427,-0.010442857142857143,0.004167857142857139,POS
unsw_nb15_v2,5class_cw,rf-dnn logit-mismatched,prob vs logit (mismatch control),A->B,15,1000,0.5057333333333333,0.4991333333333332,0.5123333333333333,0.05093333333333333,0.04719999999999997,0.05473333333333331,0.2185142857142857,0.20298196428571422,0.23378946428571426,0.5773523809523808,0.5717616666666667,0.5829047619047619,,,,POS
unsw_nb15_v2,5class_smote,rf-dnn logit-mismatched,prob vs logit (mismatch control),A->B,15,1000,0.5112,0.5045999999999998,0.5177999999999997,0.0588,0.0549333333333333,0.06286666666666664,0.23159999999999997,0.21641410714285705,0.24651455357142849,0.5843523809523808,0.5786854761904762,0.5899050000000001,,,,POS
unsw_nb15_v2,5class_cw,dnn self prob-vs-logit,"same model, two output heads",A->B,15,1000,0.7617333333333334,0.7561333333333329,0.7672666666666662,0.16326666666666664,0.1571333333333332,0.1694666666666666,0.6902107142857141,0.6791817857142856,0.7006930357142853,0.7716285714285713,0.7666666666666663,0.7763619047619043,,,,POS
unsw_nb15_v2,5class_smote,dnn self prob-vs-logit,"same model, two output heads",A->B,15,1000,0.7392666666666666,0.7330666666666658,0.7451999999999994,0.1406,0.13446499999999986,0.14693333333333328,0.6442464285714286,0.6319493749999998,0.6564466071428572,0.7508666666666666,0.7455333333333329,0.7561523809523804,,,,POS
unsw_nb15_v2,5class_cw,rf-xgb original,"prob vs logit, as in 06",B->A,5,1000,0.6366,0.6251999999999999,0.6481999999999997,0.16360000000000002,0.15339999999999993,0.1738,0.41379999999999995,0.38729749999999996,0.43980250000000004,0.6688000000000001,0.6576000000000002,0.6799000000000003,,,,POS
unsw_nb15_v2,5class_smote,rf-xgb original,"prob vs logit, as in 06",B->A,5,1000,0.649,0.6381999999999995,0.6597999999999998,0.2058,0.19340000000000002,0.21859999999999996,0.40549999999999986,0.3753,0.4361025000000001,0.6706,0.6577000000000002,0.6838,,,,POS
unsw_nb15_v2,5class_cw,rf-dnn original,"prob vs prob, as in 06 (matched)",B->A,5,1000,0.385,0.37320000000000025,0.3966000000000003,0.086,0.07879999999999995,0.09359999999999993,0.2442,0.21409749999999997,0.2736,0.5961000000000001,0.5832999999999999,0.6086,,,,POS
unsw_nb15_v2,5class_smote,rf-dnn original,"prob vs prob, as in 06 (matched)",B->A,5,1000,0.37540000000000007,0.36420000000000013,0.38660000000000017,0.097,0.08879999999999995,0.10539999999999995,0.18989999999999999,0.1594,0.22139999999999999,0.581,0.5682999999999999,0.594,,,,POS
unsw_nb15_v2,5class_cw,xgb-dnn original,"logit vs prob, as in 06 (mismatched)",B->A,5,1000,0.415,0.4049999999999999,0.4248,0.1356,0.12539999999999993,0.14559999999999992,0.2799,0.2503999999999999,0.3083,0.6171,0.6046000000000001,0.6293,,,,POS
unsw_nb15_v2,5class_smote,xgb-dnn original,"logit vs prob, as in 06 (mismatched)",B->A,5,1000,0.4282,0.4184000000000002,0.4380000000000001,0.1146,0.10559999999999994,0.12339999999999993,0.28959999999999997,0.2612,0.3176025,0.6172,0.6052999999999998,0.6289999999999999,,,,POS
unsw_nb15_v2,5class_cw,xgb-dnn logit-matched,logit vs logit,B->A,5,1000,0.42860000000000004,0.418,0.4388050000000001,0.14120000000000002,0.1315999999999999,0.15079999999999996,0.31139999999999995,0.2839,0.3386025000000001,0.628,0.6163999999999998,0.6396025000000001,0.0315,0.001200000000000003,0.06250000000000004,POS
unsw_nb15_v2,5class_smote,xgb-dnn logit-matched,logit vs logit,B->A,5,1000,0.42240000000000005,0.41180000000000017,0.4330000000000001,0.1252,0.1163949999999999,0.13379999999999995,0.3263,0.29940000000000005,0.35320000000000007,0.6283000000000001,0.6168,0.6398,0.0367,0.0056000000000000156,0.06699999999999995,POS
unsw_nb15_v2,5class_cw,rf-dnn logit-mismatched,prob vs logit (mismatch control),B->A,5,1000,0.37900000000000006,0.3667950000000002,0.39100000000000035,0.09140000000000001,0.08239999999999997,0.10059999999999994,0.2971,0.2669974999999999,0.3263,0.6215,0.6091999999999999,0.6337025000000002,,,,POS
unsw_nb15_v2,5class_smote,rf-dnn logit-mismatched,prob vs logit (mismatch control),B->A,5,1000,0.35860000000000003,0.34680000000000016,0.37040000000000034,0.1118,0.10259999999999994,0.12119999999999993,0.24469999999999997,0.21349999999999997,0.2756,0.6012000000000001,0.5881,0.6140999999999999,,,,POS
unsw_nb15_v2,5class_cw,dnn self prob-vs-logit,"same model, two output heads",B->A,5,1000,0.7238,0.7121999999999996,0.7349999999999997,0.3396,0.3254000000000002,0.3540000000000001,0.6467999999999999,0.6249000000000003,0.6681000000000004,0.7797000000000001,0.7695000000000002,0.7897000000000003,,,,POS
unsw_nb15_v2,5class_smote,dnn self prob-vs-logit,"same model, two output heads",B->A,5,1000,0.6858,0.6737999999999998,0.6973999999999999,0.295,0.28060000000000007,0.3100000000000001,0.5905999999999999,0.5677000000000001,0.6133000000000001,0.7525,0.7419000000000001,0.7631000000000001,,,,POS
unsw_nb15_v2,5class_cw,rf-xgb original,"prob vs logit, as in 06",B->A,10,1000,0.6989,0.6921999999999997,0.7056999999999997,0.11910000000000003,0.11279999999999998,0.1253025,0.5920484848484848,0.5747269696969697,0.6093696969696969,0.7315777777777778,0.7242438888888884,0.7389777777777774,,,,POS
unsw_nb15_v2,5class_smote,rf-xgb original,"prob vs logit, as in 06",B->A,10,1000,0.7011,0.6937999999999998,0.7081999999999996,0.13620000000000002,0.12919999999999998,0.14340000000000006,0.592860606060606,0.5750421212121211,0.6104972727272726,0.7339111111111111,0.7262888888888885,0.7415333333333328,,,,POS
unsw_nb15_v2,5class_cw,rf-dnn original,"prob vs prob, as in 06 (matched)",B->A,10,1000,0.46990000000000004,0.46220000000000006,0.47769999999999996,0.0645,0.05989999999999996,0.06910250000000001,0.3492242424242424,0.32927242424242426,0.3687154545454544,0.6288222222222222,0.6210888888888887,0.6363777777777777,,,,POS
unsw_nb15_v2,5class_smote,rf-dnn original,"prob vs prob, as in 06 (matched)",B->A,10,1000,0.4825,0.4742000000000002,0.49060000000000004,0.06709999999999999,0.062099999999999975,0.07219999999999997,0.3385696969696969,0.3186648484848485,0.35815787878787864,0.6285555555555555,0.6210222222222219,0.6361116666666665,,,,POS
unsw_nb15_v2,5class_cw,xgb-dnn original,"logit vs prob, as in 06 (mismatched)",B->A,10,1000,0.45070000000000005,0.44430000000000003,0.45729999999999993,0.0835,0.07789999999999997,0.089,0.33883636363636355,0.3211387878787879,0.35594,0.6281555555555555,0.6213333333333332,0.6347999999999998,,,,POS
unsw_nb15_v2,5class_smote,xgb-dnn original,"logit vs prob, as in 06 (mismatched)",B->A,10,1000,0.4935,0.4864,0.5007999999999999,0.07740000000000001,0.07199999999999997,0.08279999999999998,0.3751636363636363,0.3586418181818183,0.39162454545454545,0.6401777777777777,0.6337333333333331,0.6466666666666665,,,,POS
unsw_nb15_v2,5class_cw,xgb-dnn logit-matched,logit vs logit,B->A,10,1000,0.4501,0.4433,0.45679999999999993,0.08660000000000001,0.08129999999999998,0.09199999999999998,0.3837333333333333,0.36679969696969705,0.39974666666666653,0.6464,0.6396888888888886,0.6527999999999997,0.04489696969696969,0.026835757575757548,0.06321272727272725,POS
unsw_nb15_v2,5class_smote,xgb-dnn logit-matched,logit vs logit,B->A,10,1000,0.4776,0.4699,0.4852,0.0809,0.07559999999999997,0.08619999999999997,0.38425454545454546,0.3688360606060606,0.3997218181818181,0.6398666666666667,0.6337999999999997,0.6459777777777777,0.00909090909090909,-0.009673030303030303,0.02760060606060607,POS
unsw_nb15_v2,5class_cw,rf-dnn logit-mismatched,prob vs logit (mismatch control),B->A,10,1000,0.47129999999999994,0.46370000000000006,0.47879999999999995,0.0635,0.05839999999999997,0.06869999999999996,0.38030303030303025,0.3625818181818182,0.3978912121212119,0.6411333333333333,0.6343549999999996,0.6479777777777774,,,,POS
unsw_nb15_v2,5class_smote,rf-dnn logit-mismatched,prob vs logit (mismatch control),B->A,10,1000,0.4827,0.47390000000000004,0.49140000000000006,0.075,0.06959999999999997,0.08059999999999999,0.3623393939393939,0.34321212121212125,0.3819642424242423,0.6370222222222222,0.6296444444444441,0.6446444444444444,,,,POS
unsw_nb15_v2,5class_cw,dnn self prob-vs-logit,"same model, two output heads",B->A,10,1000,0.7367999999999999,0.73,0.7437,0.2156,0.20700000000000005,0.22440000000000004,0.6779878787878788,0.663575454545454,0.6921942424242422,0.7731555555555556,0.7665555555555552,0.7796888888888884,,,,POS
unsw_nb15_v2,5class_smote,dnn self prob-vs-logit,"same model, two output heads",B->A,10,1000,0.7138,0.706,0.7213999999999998,0.18660000000000002,0.17790000000000009,0.1953000000000001,0.6243636363636362,0.6091151515151515,0.6391757575757574,0.7479777777777777,0.7412666666666663,0.7545777777777773,,,,POS
unsw_nb15_v2,5class_cw,rf-xgb original,"prob vs logit, as in 06",B->A,15,1000,0.6633333333333332,0.6582666666666664,0.6683333333333329,0.09040000000000001,0.08593333333333325,0.09493333333333326,0.6421571428571428,0.63044625,0.6540287499999999,0.7438571428571429,0.7388095238095236,0.749038333333333,,,,POS
unsw_nb15_v2,5class_smote,rf-xgb original,"prob vs logit, as in 06",B->A,15,1000,0.677,0.6719333333333328,0.6821333333333325,0.10293333333333334,0.09786666666666659,0.10813333333333322,0.6562678571428571,0.6461458928571427,0.6662286607142855,0.7466857142857143,0.7423904761904758,0.7510288095238091,,,,POS
unsw_nb15_v2,5class_cw,rf-dnn original,"prob vs prob, as in 06 (matched)",B->A,15,1000,0.5171333333333334,0.5106,0.5235333333333333,0.051133333333333336,0.04773333333333332,0.054534999999999965,0.39991071428571423,0.3862461607142856,0.41427499999999984,0.6438571428571428,0.6386571428571426,0.6493523809523806,,,,POS
unsw_nb15_v2,5class_smote,rf-dnn original,"prob vs prob, as in 06 (matched)",B->A,15,1000,0.5137999999999999,0.5073333333333332,0.520135,0.051866666666666665,0.048266666666666666,0.05540166666666664,0.3994749999999999,0.3848711607142857,0.4141894642857143,0.6457238095238095,0.6401807142857142,0.6513145238095238,,,,POS
unsw_nb15_v2,5class_cw,xgb-dnn original,"logit vs prob, as in 06 (mismatched)",B->A,15,1000,0.4810666666666667,0.4754666666666668,0.4867350000000001,0.06433333333333333,0.0603333333333333,0.0683333333333333,0.3794178571428571,0.3665571428571428,0.39227866071428563,0.6382380952380952,0.6333999999999997,0.6431049999999998,,,,POS
unsw_nb15_v2,5class_smote,xgb-dnn original,"logit vs prob, as in 06 (mismatched)",B->A,15,1000,0.5077333333333334,0.5020666666666667,0.5134666666666667,0.059199999999999996,0.0553983333333333,0.06299999999999997,0.4220464285714285,0.41022491071428574,0.43409348214285715,0.6526952380952381,0.6481619047619046,0.6573049999999998,,,,POS
unsw_nb15_v2,5class_cw,xgb-dnn logit-matched,logit vs logit,B->A,15,1000,0.45526666666666665,0.4500666666666667,0.4604666666666668,0.06573333333333332,0.06186666666666663,0.06973333333333329,0.41907142857142854,0.4058426785714284,0.4319285714285714,0.6535619047619047,0.6484476190476189,0.6585714285714283,0.03965357142857143,0.026013928571428563,0.05344669642857142,POS
unsw_nb15_v2,5class_smote,xgb-dnn logit-matched,logit vs logit,B->A,15,1000,0.48746666666666666,0.48146666666666665,0.49339999999999995,0.0612,0.05739999999999998,0.06506666666666662,0.43158571428571424,0.4192855357142856,0.44354642857142845,0.6547523809523809,0.6500569047619045,0.6594476190476188,0.009539285714285712,-0.004528749999999998,0.023593392857142844,POS
unsw_nb15_v2,5class_cw,rf-dnn logit-mismatched,prob vs logit (mismatch control),B->A,15,1000,0.5057333333333333,0.4991333333333332,0.5123333333333333,0.05093333333333333,0.04719999999999997,0.05473333333333331,0.44304999999999994,0.42977839285714287,0.4562285714285712,0.660447619047619,0.6554190476190476,0.6653809523809522,,,,POS
unsw_nb15_v2,5class_smote,rf-dnn logit-mismatched,prob vs logit (mismatch control),B->A,15,1000,0.5112,0.5045999999999998,0.5177999999999997,0.0588,0.0549333333333333,0.06286666666666664,0.42021428571428565,0.40624589285714285,0.4342929464285714,0.6538666666666666,0.6485235714285711,0.6592761904761901,,,,POS
unsw_nb15_v2,5class_cw,dnn self prob-vs-logit,"same model, two output heads",B->A,15,1000,0.7617333333333334,0.7561333333333329,0.7672666666666662,0.16326666666666664,0.1571333333333332,0.1694666666666666,0.6835071428571428,0.6726641071428571,0.6940499999999998,0.7682952380952381,0.7633999999999995,0.7731714285714276,,,,POS
unsw_nb15_v2,5class_smote,dnn self prob-vs-logit,"same model, two output heads",B->A,15,1000,0.7392666666666666,0.7330666666666658,0.7451999999999994,0.1406,0.13446499999999986,0.14693333333333328,0.6449071428571427,0.6328782142857142,0.6567143749999999,0.7494857142857143,0.7442666666666662,0.7547333333333327,,,,POS
cic_ids2017_v2,5class_cw,rf-xgb original,"prob vs logit, as in 06",A->B,5,1000,0.4252,0.4159950000000001,0.43460000000000043,0.20640000000000003,0.19720000000000001,0.21580000000000013,0.42239999999999994,0.3990975,0.4453,0.6508,0.6390000000000002,0.6625000000000002,,,,POS
cic_ids2017_v2,5class_smote,rf-xgb original,"prob vs logit, as in 06",A->B,5,1000,0.47200000000000003,0.46200000000000024,0.4824,0.18420000000000003,0.17419999999999994,0.19460000000000005,0.4769999999999999,0.4603000000000002,0.49400249999999996,0.6915999999999999,0.6842999999999997,0.6990999999999997,,,,POS
cic_ids2017_v2,5class_cw,rf-dnn original,"prob vs prob, as in 06 (matched)",A->B,5,1000,0.1502,0.13859999999999997,0.16219999999999996,0.0366,0.031400000000000004,0.0424,-0.0556,-0.08359999999999997,-0.027700000000000002,0.4718,0.4602000000000001,0.4834999999999999,,,,NEG
cic_ids2017_v2,5class_smote,rf-dnn original,"prob vs prob, as in 06 (matched)",A->B,5,1000,0.23160000000000003,0.21900000000000006,0.2442,0.048400000000000006,0.042199999999999994,0.055,0.08469999999999998,0.05699499999999999,0.1119,0.5304,0.5191000000000001,0.5414,,,,POS
cic_ids2017_v2,5class_cw,xgb-dnn original,"logit vs prob, as in 06 (mismatched)",A->B,5,1000,0.27980000000000005,0.26920000000000005,0.29040000000000016,0.059,0.052599999999999994,0.06579999999999998,0.13879999999999998,0.11119999999999995,0.167,0.5612,0.5499,0.5728,,,,POS
cic_ids2017_v2,5class_smote,xgb-dnn original,"logit vs prob, as in 06 (mismatched)",A->B,5,1000,0.33820000000000006,0.3272000000000002,0.3490050000000003,0.072,0.06459999999999998,0.07959999999999998,0.2811,0.25420000000000004,0.30850249999999996,0.6027,0.5918000000000001,0.6136000000000001,,,,POS
cic_ids2017_v2,5class_cw,xgb-dnn logit-matched,logit vs logit,A->B,5,1000,0.302,0.29080000000000017,0.31360000000000005,0.062400000000000004,0.05599999999999999,0.06879999999999999,0.14279999999999998,0.11610000000000002,0.16979999999999995,0.564,0.5529999999999999,0.5751,0.004000000000000001,-0.0077,0.015400000000000002,POS
cic_ids2017_v2,5class_smote,xgb-dnn logit-matched,logit vs logit,A->B,5,1000,0.3216,0.31200000000000006,0.3316,0.06659999999999999,0.06019999999999998,0.07339999999999995,0.29419999999999996,0.26920000000000016,0.3192,0.6007,0.5908999999999998,0.6105999999999997,0.013099999999999995,-0.00010000000000000143,0.026399999999999996,POS
cic_ids2017_v2,5class_cw,rf-dnn logit-mismatched,prob vs logit (mismatch control),A->B,5,1000,0.1608,0.14939999999999995,0.17259999999999998,0.032600000000000004,0.027800000000000005,0.03780000000000001,-0.0629,-0.0904025,-0.035899999999999994,0.47029999999999994,0.4586999999999999,0.4815999999999999,,,,NEG
cic_ids2017_v2,5class_smote,rf-dnn logit-mismatched,prob vs logit (mismatch control),A->B,5,1000,0.20740000000000003,0.19540000000000002,0.21960000000000005,0.0472,0.041,0.05359999999999999,0.08519999999999998,0.05869749999999999,0.11210249999999998,0.534,0.5237,0.5446025,,,,POS
cic_ids2017_v2,5class_cw,dnn self prob-vs-logit,"same model, two output heads",A->B,5,1000,0.7932,0.7836000000000002,0.8028000000000001,0.4992,0.48360000000000003,0.5151999999999999,0.8558,0.8453000000000006,0.8659000000000003,0.886,0.879600000000001,0.8924000000000006,,,,POS
cic_ids2017_v2,5class_smote,dnn self prob-vs-logit,"same model, two output heads",A->B,5,1000,0.598,0.5865999999999997,0.6095999999999997,0.19640000000000005,0.1838,0.2092,0.5425999999999999,0.5179000000000001,0.5669000000000002,0.7268,0.7159000000000003,0.7377000000000002,,,,POS
cic_ids2017_v2,5class_cw,rf-xgb original,"prob vs logit, as in 06",A->B,10,1000,0.391,0.38209999999999994,0.40020000000000006,0.11650000000000003,0.11110000000000002,0.12210000000000008,0.26769696969696966,0.24707878787878795,0.2880130303030303,0.5966666666666667,0.5876438888888886,0.6055777777777775,,,,POS
cic_ids2017_v2,5class_smote,rf-xgb original,"prob vs logit, as in 06",A->B,10,1000,0.4525,0.44610000000000016,0.4590000000000001,0.1058,0.10039999999999998,0.11150000000000002,0.3629818181818181,0.34713939393939397,0.3789215151515152,0.6281777777777777,0.6211549999999998,0.6352666666666666,,,,POS
cic_ids2017_v2,5class_cw,rf-dnn original,"prob vs prob, as in 06 (matched)",A->B,10,1000,0.29469999999999996,0.2825974999999999,0.30729999999999996,0.0315,0.027999999999999994,0.035199999999999995,-0.03964848484848484,-0.058497272727272724,-0.02077545454545456,0.48664444444444444,0.47957777777777777,0.4938672222222223,,,,NEG
cic_ids2017_v2,5class_smote,rf-dnn original,"prob vs prob, as in 06 (matched)",A->B,10,1000,0.3172,0.3083000000000001,0.3263,0.0361,0.03219999999999999,0.04009999999999999,0.001260606060606058,-0.02092181818181818,0.023576363636363628,0.4963555555555555,0.48773277777777774,0.5049777777777777,,,,ns
cic_ids2017_v2,5class_cw,xgb-dnn original,"logit vs prob, as in 06 (mismatched)",A->B,10,1000,0.2858,0.2789000000000001,0.2926,0.0373,0.03359999999999999,0.04119999999999997,0.27672727272727277,0.2611515151515151,0.2921575757575757,0.6044222222222222,0.5986438888888886,0.610311111111111,,,,POS
cic_ids2017_v2,5class_smote,xgb-dnn original,"logit vs prob, as in 06 (mismatched)",A->B,10,1000,0.2892,0.28229999999999994,0.2962,0.0429,0.03879999999999998,0.04710249999999996,0.302690909090909,0.288230303030303,0.31713969696969696,0.6029111111111111,0.5973999999999999,0.6083555555555555,,,,POS
cic_ids2017_v2,5class_cw,xgb-dnn logit-matched,logit vs logit,A->B,10,1000,0.2878,0.2804,0.29549999999999993,0.039900000000000005,0.03619749999999999,0.04369999999999998,0.2865333333333333,0.2715390909090909,0.3017696969696971,0.6083999999999999,0.6028,0.6140222222222221,0.009806060606060603,0.0028242424242424205,0.016848484848484845,POS
cic_ids2017_v2,5class_smote,xgb-dnn logit-matched,logit vs logit,A->B,10,1000,0.2864,0.28049999999999986,0.2924999999999999,0.0414,0.037799999999999986,0.045199999999999976,0.315030303030303,0.300969393939394,0.3290912121212121,0.604711111111111,0.5992216666666664,0.6101111111111108,0.01233939393939394,0.0040242424242424284,0.020739393939393936,POS
cic_ids2017_v2,5class_cw,rf-dnn logit-mismatched,prob vs logit (mismatch control),A->B,10,1000,0.3065,0.29480000000000006,0.3186000000000001,0.0303,0.026999999999999993,0.03369999999999999,-0.04633939393939394,-0.06493424242424244,-0.02763636363636364,0.48293333333333327,0.47591111111111106,0.49004444444444445,,,,NEG
cic_ids2017_v2,5class_smote,rf-dnn logit-mismatched,prob vs logit (mismatch control),A->B,10,1000,0.2839,0.2750000000000001,0.2927,0.0367,0.032799999999999996,0.04069999999999997,0.0013454545454545423,-0.020436363636363628,0.02341909090909089,0.4968222222222222,0.4886222222222221,0.5050450000000001,,,,ns
cic_ids2017_v2,5class_cw,dnn self prob-vs-logit,"same model, two output heads",A->B,10,1000,0.7443,0.7354,0.7533000000000002,0.3158000000000001,0.30589999999999995,0.32589999999999997,0.7845333333333333,0.7738545454545456,0.794848787878788,0.831088888888889,0.8255111111111106,0.8365333333333326,,,,POS
cic_ids2017_v2,5class_smote,dnn self prob-vs-logit,"same model, two output heads",A->B,10,1000,0.6270999999999999,0.6193,0.6347999999999996,0.1269,0.11970000000000001,0.13430000000000003,0.598230303030303,0.5823272727272728,0.6141215151515153,0.7323777777777777,0.7254444444444439,0.7393333333333331,,,,POS
cic_ids2017_v2,5class_cw,rf-xgb original,"prob vs logit, as in 06",A->B,15,1000,0.4474000000000001,0.44026666666666675,0.45460000000000006,0.08493333333333333,0.08106499999999991,0.0887999999999999,0.28731785714285707,0.27170321428571426,0.3029035714285713,0.6061142857142856,0.5997238095238094,0.6123811904761902,,,,POS
cic_ids2017_v2,5class_smote,rf-xgb original,"prob vs logit, as in 06",A->B,15,1000,0.48100000000000004,0.47573333333333356,0.48646666666666694,0.07466666666666666,0.07093333333333326,0.0785999999999999,0.3728428571428571,0.3608318750000001,0.38505455357142854,0.6338095238095237,0.6290000000000001,0.6386761904761904,,,,POS
cic_ids2017_v2,5class_cw,rf-dnn original,"prob vs prob, as in 06 (matched)",A->B,15,1000,0.3496,0.34193333333333337,0.3573333333333334,0.026,0.023400000000000004,0.02873333333333334,0.07289999999999999,0.05062446428571427,0.09522187499999997,0.5273428571428571,0.5193804761904761,0.5353430952380952,,,,POS
cic_ids2017_v2,5class_smote,rf-dnn original,"prob vs prob, as in 06 (matched)",A->B,15,1000,0.3758666666666667,0.36753333333333343,0.3845333333333334,0.03,0.027200000000000012,0.032866666666666676,0.08207857142857142,0.06156785714285715,0.10243223214285713,0.5294380952380953,0.5219047619047619,0.5368761904761905,,,,POS
cic_ids2017_v2,5class_cw,xgb-dnn original,"logit vs prob, as in 06 (mismatched)",A->B,15,1000,0.3476,0.34233333333333327,0.35273333333333334,0.031,0.028333333333333335,0.03380000000000001,0.2026285714285714,0.18961776785714285,0.21587205357142855,0.5744285714285713,0.5695809523809523,0.5792478571428572,,,,POS
cic_ids2017_v2,5class_smote,xgb-dnn original,"logit vs prob, as in 06 (mismatched)",A->B,15,1000,0.33466666666666667,0.32866666666666655,0.3407333333333333,0.0338,0.030866666666666678,0.036866666666666666,0.1747892857142857,0.16224223214285716,0.18746446428571426,0.5576190476190475,0.5529142857142856,0.5623430952380951,,,,POS
cic_ids2017_v2,5class_cw,xgb-dnn logit-matched,logit vs logit,A->B,15,1000,0.32820000000000005,0.32319999999999993,0.33333333333333315,0.032266666666666666,0.02953333333333334,0.03506666666666667,0.22181071428571425,0.20825276785714286,0.23529642857142857,0.5822571428571428,0.5772952380952381,0.5871809523809522,0.01918214285714285,0.013414196428571425,0.02510723214285714,POS
cic_ids2017_v2,5class_smote,xgb-dnn logit-matched,logit vs logit,A->B,15,1000,0.3294666666666667,0.32433333333333325,0.33453333333333324,0.0326,0.030000000000000006,0.03533333333333334,0.18398214285714284,0.1721178571428571,0.19586473214285707,0.5600380952380951,0.5555714285714287,0.5644857142857143,0.00919285714285714,0.0019570535714285684,0.016375267857142852,POS
cic_ids2017_v2,5class_cw,rf-dnn logit-mismatched,prob vs logit (mismatch control),A->B,15,1000,0.3578,0.3502,0.36540166666666674,0.025199999999999997,0.02279833333333334,0.02766666666666668,0.06275714285714284,0.04016419642857145,0.08535017857142858,0.5225904761904763,0.5146473809523809,0.5306097619047621,,,,POS
cic_ids2017_v2,5class_smote,rf-dnn logit-mismatched,prob vs logit (mismatch control),A->B,15,1000,0.36833333333333335,0.3613333333333334,0.37520000000000003,0.032266666666666666,0.029266666666666673,0.035333333333333335,0.031689285714285705,0.011767321428571427,0.05170758928571428,0.511847619047619,0.5047616666666667,0.5190669047619046,,,,POS
cic_ids2017_v2,5class_cw,dnn self prob-vs-logit,"same model, two output heads",A->B,15,1000,0.7363333333333333,0.729131666666666,0.7433333333333328,0.23086666666666666,0.22373333333333326,0.23806666666666668,0.7425249999999999,0.7316068749999999,0.7534791964285714,0.8040190476190476,0.7986473809523802,0.8094380952380946,,,,POS
cic_ids2017_v2,5class_smote,dnn self prob-vs-logit,"same model, two output heads",A->B,15,1000,0.6875999999999999,0.6812666666666664,0.6938666666666661,0.10073333333333331,0.09539999999999989,0.10606666666666656,0.5756178571428571,0.5631785714285714,0.588150357142857,0.7187142857142856,0.7133904761904761,0.7240761904761902,,,,POS
cic_ids2017_v2,5class_cw,rf-xgb original,"prob vs logit, as in 06",B->A,5,1000,0.4252,0.4159950000000001,0.43460000000000043,0.20640000000000003,0.19720000000000001,0.21580000000000013,0.6110999999999999,0.5955000000000001,0.6262000000000001,0.7502000000000001,0.7423000000000001,0.7579000000000001,,,,POS
cic_ids2017_v2,5class_smote,rf-xgb original,"prob vs logit, as in 06",B->A,5,1000,0.47200000000000003,0.46200000000000024,0.4824,0.18420000000000003,0.17419999999999994,0.19460000000000005,0.6407999999999999,0.6231000000000002,0.6584025000000002,0.7751000000000001,0.7673000000000001,0.7828000000000002,,,,POS
cic_ids2017_v2,5class_cw,rf-dnn original,"prob vs prob, as in 06 (matched)",B->A,5,1000,0.1502,0.13859999999999997,0.16219999999999996,0.0366,0.031400000000000004,0.0424,0.146,0.1135,0.17909999999999993,0.5537000000000001,0.5404975,0.5671999999999998,,,,POS
cic_ids2017_v2,5class_smote,rf-dnn original,"prob vs prob, as in 06 (matched)",B->A,5,1000,0.23160000000000003,0.21900000000000006,0.2442,0.048400000000000006,0.042199999999999994,0.055,0.26089999999999997,0.22960000000000003,0.2919,0.6050999999999999,0.5922000000000001,0.6179000000000001,,,,POS
cic_ids2017_v2,5class_cw,xgb-dnn original,"logit vs prob, as in 06 (mismatched)",B->A,5,1000,0.27980000000000005,0.26920000000000005,0.29040000000000016,0.059,0.052599999999999994,0.06579999999999998,0.24309999999999996,0.21339999999999998,0.2724,0.5995999999999999,0.5873974999999996,0.6116999999999998,,,,POS
cic_ids2017_v2,5class_smote,xgb-dnn original,"logit vs prob, as in 06 (mismatched)",B->A,5,1000,0.33820000000000006,0.3272000000000002,0.3490050000000003,0.072,0.06459999999999998,0.07959999999999998,0.34659999999999996,0.319,0.374,0.6389,0.6275,0.6504000000000002,,,,POS
cic_ids2017_v2,5class_cw,xgb-dnn logit-matched,logit vs logit,B->A,5,1000,0.302,0.29080000000000017,0.31360000000000005,0.062400000000000004,0.05599999999999999,0.06879999999999999,0.19299999999999998,0.1634,0.2224,0.5795,0.5676000000000001,0.5912025000000001,-0.0501,-0.076,-0.024897500000000013,POS
cic_ids2017_v2,5class_smote,xgb-dnn logit-matched,logit vs logit,B->A,5,1000,0.3216,0.31200000000000006,0.3316,0.06659999999999999,0.06019999999999998,0.07339999999999995,0.28169999999999995,0.25299999999999995,0.3103,0.6119,0.6000999999999999,0.6235999999999997,-0.06489999999999999,-0.09870250000000003,-0.031100000000000023,POS
cic_ids2017_v2,5class_cw,rf-dnn logit-mismatched,prob vs logit (mismatch control),B->A,5,1000,0.1608,0.14939999999999995,0.17259999999999998,0.032600000000000004,0.027800000000000005,0.03780000000000001,0.0632,0.03329999999999999,0.09390000000000001,0.5233,0.5115974999999998,0.5355999999999999,,,,POS
cic_ids2017_v2,5class_smote,rf-dnn logit-mismatched,prob vs logit (mismatch control),B->A,5,1000,0.20740000000000003,0.19540000000000002,0.21960000000000005,0.0472,0.041,0.05359999999999999,0.21589999999999998,0.18569999999999995,0.24630000000000002,0.5873999999999999,0.5749974999999998,0.5998999999999999,,,,POS
cic_ids2017_v2,5class_cw,dnn self prob-vs-logit,"same model, two output heads",B->A,5,1000,0.7932,0.7836000000000002,0.8028000000000001,0.4992,0.48360000000000003,0.5151999999999999,0.8585999999999999,0.8479000000000008,0.8688000000000003,0.8877,0.8812000000000009,0.8941000000000008,,,,POS
cic_ids2017_v2,5class_smote,dnn self prob-vs-logit,"same model, two output heads",B->A,5,1000,0.598,0.5865999999999997,0.6095999999999997,0.19640000000000005,0.1838,0.2092,0.359,0.3296974999999999,0.3875000000000001,0.6443,0.6321999999999999,0.6564999999999999,,,,POS
cic_ids2017_v2,5class_cw,rf-xgb original,"prob vs logit, as in 06",B->A,10,1000,0.391,0.38209999999999994,0.40020000000000006,0.11650000000000003,0.11110000000000002,0.12210000000000008,0.5744363636363636,0.5612842424242424,0.5877218181818182,0.7225555555555554,0.7165549999999994,0.7285555555555552,,,,POS
cic_ids2017_v2,5class_smote,rf-xgb original,"prob vs logit, as in 06",B->A,10,1000,0.4525,0.44610000000000016,0.4590000000000001,0.1058,0.10039999999999998,0.11150000000000002,0.5720727272727272,0.561090909090909,0.58257,0.7195999999999999,0.7148222222222218,0.7241561111111109,,,,POS
cic_ids2017_v2,5class_cw,rf-dnn original,"prob vs prob, as in 06 (matched)",B->A,10,1000,0.29469999999999996,0.2825974999999999,0.30729999999999996,0.0315,0.027999999999999994,0.035199999999999995,0.07307878787878788,0.048278181818181824,0.09819424242424242,0.5214444444444444,0.5119105555555555,0.531022777777778,,,,POS
cic_ids2017_v2,5class_smote,rf-dnn original,"prob vs prob, as in 06 (matched)",B->A,10,1000,0.3172,0.3083000000000001,0.3263,0.0361,0.03219999999999999,0.04009999999999999,0.266,0.24438757575757572,0.286630606060606,0.5984444444444443,0.5903333333333335,0.606245,,,,POS
cic_ids2017_v2,5class_cw,xgb-dnn original,"logit vs prob, as in 06 (mismatched)",B->A,10,1000,0.2858,0.2789000000000001,0.2926,0.0373,0.03359999999999999,0.04119999999999997,0.22946666666666665,0.21079969696969691,0.24826696969696968,0.5826222222222223,0.5756666666666668,0.5896666666666666,,,,POS
cic_ids2017_v2,5class_smote,xgb-dnn original,"logit vs prob, as in 06 (mismatched)",B->A,10,1000,0.2892,0.28229999999999994,0.2962,0.0429,0.03879999999999998,0.04710249999999996,0.35476363636363634,0.336181515151515,0.37304242424242406,0.6309333333333332,0.6236666666666663,0.6381783333333331,,,,POS
cic_ids2017_v2,5class_cw,xgb-dnn logit-matched,logit vs logit,B->A,10,1000,0.2878,0.2804,0.29549999999999993,0.039900000000000005,0.03619749999999999,0.04369999999999998,0.26758787878787876,0.2490172727272727,0.28614606060606046,0.5965777777777778,0.5896444444444443,0.6034666666666666,0.03812121212121212,0.021478787878787868,0.05470303030303029,POS
cic_ids2017_v2,5class_smote,xgb-dnn logit-matched,logit vs logit,B->A,10,1000,0.2864,0.28049999999999986,0.2924999999999999,0.0414,0.037799999999999986,0.045199999999999976,0.35978181818181815,0.3404724242424242,0.3791154545454545,0.6340222222222222,0.6265327777777777,0.6416666666666667,0.005018181818181815,-0.01719999999999999,0.028084848484848483,POS
cic_ids2017_v2,5class_cw,rf-dnn logit-mismatched,prob vs logit (mismatch control),B->A,10,1000,0.3065,0.29480000000000006,0.3186000000000001,0.0303,0.026999999999999993,0.03369999999999999,0.08688484848484848,0.06201212121212123,0.11203666666666665,0.5275333333333333,0.5183994444444444,0.5370005555555556,,,,POS
cic_ids2017_v2,5class_smote,rf-dnn logit-mismatched,prob vs logit (mismatch control),B->A,10,1000,0.2839,0.2750000000000001,0.2927,0.0367,0.032799999999999996,0.04069999999999997,0.2570181818181818,0.23381727272727268,0.2799639393939395,0.5983555555555556,0.5895549999999998,0.6070666666666666,,,,POS
cic_ids2017_v2,5class_cw,dnn self prob-vs-logit,"same model, two output heads",B->A,10,1000,0.7443,0.7354,0.7533000000000002,0.3158000000000001,0.30589999999999995,0.32589999999999997,0.8208484848484847,0.812593636363636,0.8291033333333334,0.8496666666666668,0.8450222222222213,0.8544005555555548,,,,POS
cic_ids2017_v2,5class_smote,dnn self prob-vs-logit,"same model, two output heads",B->A,10,1000,0.6270999999999999,0.6193,0.6347999999999996,0.1269,0.11970000000000001,0.13430000000000003,0.4482424242424242,0.43027878787878787,0.4662066666666665,0.6688888888888889,0.6615555555555553,0.6761999999999996,,,,POS
cic_ids2017_v2,5class_cw,rf-xgb original,"prob vs logit, as in 06",B->A,15,1000,0.4474000000000001,0.44026666666666675,0.45460000000000006,0.08493333333333333,0.08106499999999991,0.0887999999999999,0.49317857142857136,0.48279249999999996,0.5037145535714284,0.6847809523809524,0.6805235714285711,0.6890571428571426,,,,POS
cic_ids2017_v2,5class_smote,rf-xgb original,"prob vs logit, as in 06",B->A,15,1000,0.48100000000000004,0.47573333333333356,0.48646666666666694,0.07466666666666666,0.07093333333333326,0.0785999999999999,0.5071107142857143,0.4976284821428571,0.5165930357142857,0.6862761904761904,0.6823619047619046,0.6902190476190471,,,,POS
cic_ids2017_v2,5class_cw,rf-dnn original,"prob vs prob, as in 06 (matched)",B->A,15,1000,0.3496,0.34193333333333337,0.3573333333333334,0.026,0.023400000000000004,0.02873333333333334,0.052675,0.030062589285714283,0.07530044642857141,0.5144190476190476,0.5060380952380953,0.5227907142857142,,,,POS
cic_ids2017_v2,5class_smote,rf-dnn original,"prob vs prob, as in 06 (matched)",B->A,15,1000,0.3758666666666667,0.36753333333333343,0.3845333333333334,0.03,0.027200000000000012,0.032866666666666676,0.24396428571428566,0.2261030357142857,0.2614074107142857,0.5881333333333333,0.5815619047619046,0.5945621428571427,,,,POS
cic_ids2017_v2,5class_cw,xgb-dnn original,"logit vs prob, as in 06 (mismatched)",B->A,15,1000,0.3476,0.34233333333333327,0.35273333333333334,0.031,0.028333333333333335,0.03380000000000001,0.18177142857142856,0.16634625,0.19679294642857137,0.5638285714285715,0.5581714285714285,0.5694380952380952,,,,POS
cic_ids2017_v2,5class_smote,xgb-dnn original,"logit vs prob, as in 06 (mismatched)",B->A,15,1000,0.33466666666666667,0.32866666666666655,0.3407333333333333,0.0338,0.030866666666666678,0.036866666666666666,0.3352107142857142,0.32063553571428577,0.35003571428571423,0.6209714285714285,0.6153328571428571,0.6266192857142857,,,,POS
cic_ids2017_v2,5class_cw,xgb-dnn logit-matched,logit vs logit,B->A,15,1000,0.32820000000000005,0.32319999999999993,0.33333333333333315,0.032266666666666666,0.02953333333333334,0.03506666666666667,0.2344142857142857,0.2195425892857142,0.24950008928571432,0.5824095238095237,0.5769997619047618,0.5879428571428571,0.05264285714285714,0.03852857142857143,0.06681848214285713,POS
cic_ids2017_v2,5class_smote,xgb-dnn logit-matched,logit vs logit,B->A,15,1000,0.3294666666666667,0.32433333333333325,0.33453333333333324,0.0326,0.030000000000000006,0.03533333333333334,0.35807857142857136,0.34243892857142855,0.37387580357142847,0.6290095238095238,0.6231330952380949,0.6349430952380949,0.02286785714285714,0.005214196428571428,0.04044642857142856,POS
cic_ids2017_v2,5class_cw,rf-dnn logit-mismatched,prob vs logit (mismatch control),B->A,15,1000,0.3578,0.3502,0.36540166666666674,0.025199999999999997,0.02279833333333334,0.02766666666666668,0.10692499999999998,0.08376749999999998,0.130025,0.5359904761904762,0.5275047619047618,0.5446095238095237,,,,POS
cic_ids2017_v2,5class_smote,rf-dnn logit-mismatched,prob vs logit (mismatch control),B->A,15,1000,0.36833333333333335,0.3613333333333334,0.37520000000000003,0.032266666666666666,0.029266666666666673,0.035333333333333335,0.2505642857142857,0.23041312499999997,0.27018955357142854,0.5935809523809523,0.5862759523809522,0.6007238095238094,,,,POS
cic_ids2017_v2,5class_cw,dnn self prob-vs-logit,"same model, two output heads",B->A,15,1000,0.7363333333333333,0.729131666666666,0.7433333333333328,0.23086666666666666,0.22373333333333326,0.23806666666666668,0.7791499999999999,0.7696063392857141,0.7887750892857142,0.8218952380952382,0.8169235714285705,0.8268761904761899,,,,POS
cic_ids2017_v2,5class_smote,dnn self prob-vs-logit,"same model, two output heads",B->A,15,1000,0.6875999999999999,0.6812666666666664,0.6938666666666661,0.10073333333333331,0.09539999999999989,0.10606666666666656,0.4688964285714285,0.45424964285714287,0.48348232142857134,0.6747714285714285,0.668838095238095,0.6806097619047616,,,,POS
nsl_kdd_v2,POOLED,rf-xgb original,"prob vs logit, as in 06",A->B,5,2000,0.6463,0.6380000000000007,0.6549000000000006,0.2358,0.22560000000000047,0.24610000000000049,0.5632999999999999,0.54389875,0.58225,0.7369000000000001,0.728,0.7456000000000004,,,,POS
nsl_kdd_v2,POOLED,rf-dnn original,"prob vs prob, as in 06 (matched)",A->B,5,2000,0.3334000000000001,0.3252000000000005,0.3416025000000003,0.07780000000000001,0.07269999999999996,0.08299999999999999,-0.04275000000000002,-0.06834999999999998,-0.016750000000000004,0.4859,0.4757000000000002,0.4965000000000001,,,,NEG
nsl_kdd_v2,POOLED,xgb-dnn original,"logit vs prob, as in 06 (mismatched)",A->B,5,2000,0.29610000000000003,0.28740000000000054,0.30450000000000055,0.06390000000000001,0.05929999999999994,0.06869999999999996,-0.18114999999999998,-0.20314999999999997,-0.15914874999999995,0.42690000000000006,0.41830000000000006,0.43570000000000003,,,,NEG
nsl_kdd_v2,POOLED,xgb-dnn logit-matched,logit vs logit,A->B,5,2000,0.27790000000000004,0.26930000000000054,0.28640000000000043,0.054400000000000004,0.049897499999999956,0.058899999999999945,-0.19469999999999998,-0.21645124999999993,-0.17339874999999993,0.4247,0.41614999999999996,0.4334,-0.013549999999999998,-0.022351250000000007,-0.004948750000000015,NEG
nsl_kdd_v2,POOLED,rf-dnn logit-mismatched,prob vs logit (mismatch control),A->B,5,2000,0.31690000000000007,0.30820000000000036,0.3260000000000004,0.067,0.061799999999999966,0.07239999999999998,-0.047499999999999994,-0.07285124999999996,-0.021650000000000003,0.48105000000000003,0.4710000000000004,0.4914500000000001,,,,NEG
nsl_kdd_v2,POOLED,dnn self prob-vs-logit,"same model, two output heads",A->B,5,2000,0.6642,0.6561000000000009,0.6723000000000008,0.25340000000000007,0.24340000000000048,0.2636000000000004,0.54165,0.5241,0.5588000000000002,0.72615,0.7181500000000005,0.7339500000000002,,,,POS
nsl_kdd_v2,POOLED,rf-xgb original,"prob vs logit, as in 06",A->B,10,2000,0.7383500000000001,0.7333500000000003,0.7432512500000006,0.1535,0.14735000000000012,0.15970000000000004,0.5670363636363636,0.5549754545454543,0.5792181818181814,0.7199111111111111,0.7145555555555549,0.7252224999999992,,,,POS
nsl_kdd_v2,POOLED,rf-dnn original,"prob vs prob, as in 06 (matched)",A->B,10,2000,0.45435000000000003,0.4481000000000005,0.46045000000000025,0.062400000000000004,0.059000000000000045,0.06580125000000003,0.011309090909090906,-0.002339848484848489,0.024988030303030304,0.5084777777777778,0.5033330555555554,0.5135888888888889,,,,ns
nsl_kdd_v2,POOLED,xgb-dnn original,"logit vs prob, as in 06 (mismatched)",A->B,10,2000,0.38770000000000004,0.3827000000000006,0.3925500000000006,0.05305,0.05000000000000002,0.056151250000000014,-0.12768484848484848,-0.14277015151515157,-0.1133392424242424,0.4568,0.4511108333333333,0.4622672222222221,,,,NEG
nsl_kdd_v2,POOLED,xgb-dnn logit-matched,logit vs logit,A->B,10,2000,0.3926,0.3864000000000004,0.39870000000000033,0.0475,0.044449999999999996,0.05050000000000001,-0.15874545454545452,-0.1734363636363636,-0.14438166666666666,0.44408888888888887,0.43841083333333325,0.44962222222222226,-0.031060606060606063,-0.036745454545454546,-0.0257210606060606,NEG
nsl_kdd_v2,POOLED,rf-dnn logit-mismatched,prob vs logit (mismatch control),A->B,10,2000,0.4506,0.44389999999999996,0.45740000000000003,0.053,0.04965000000000002,0.05635000000000001,-0.01738787878787879,-0.032606363636363635,-0.0020845454545454596,0.49361111111111117,0.4879555555555556,0.4993000000000001,,,,NEG
nsl_kdd_v2,POOLED,dnn self prob-vs-logit,"same model, two output heads",A->B,10,2000,0.7074,0.7023999999999999,0.7123999999999999,0.16265000000000004,0.15694999999999998,0.16840000000000002,0.6130787878787878,0.6016848484848484,0.6244183333333334,0.7419333333333334,0.7369111111111106,0.7468888888888882,,,,POS
nsl_kdd_v2,POOLED,rf-xgb original,"prob vs logit, as in 06",A->B,15,2000,0.7917000000000001,0.7881000000000015,0.7952666666666681,0.1226,0.1179666666666667,0.12723333333333348,0.6109142857142857,0.6003142857142857,0.6213930803571429,0.7327333333333333,0.7282714285714282,0.7371428571428567,,,,POS
nsl_kdd_v2,POOLED,rf-dnn original,"prob vs prob, as in 06 (matched)",A->B,15,2000,0.5268,0.5222999999999995,0.5312333333333329,0.052399999999999995,0.04996666666666658,0.05489999999999992,0.07102142857142855,0.06022991071428568,0.08178049107142854,0.5319904761904762,0.5278902380952382,0.536052380952381,,,,POS
nsl_kdd_v2,POOLED,xgb-dnn original,"logit vs prob, as in 06 (mismatched)",A->B,15,2000,0.48863333333333336,0.4844333333333336,0.4929333333333335,0.04746666666666667,0.045066666666666616,0.04986666666666659,-0.07119464285714286,-0.08195901785714281,-0.06050714285714283,0.479452380952381,0.47541880952380944,0.4834620238095239,,,,NEG
nsl_kdd_v2,POOLED,xgb-dnn logit-matched,logit vs logit,A->B,15,2000,0.5114,0.5068666666666665,0.5159341666666665,0.04236666666666666,0.039999999999999945,0.04473333333333327,-0.1032392857142857,-0.1142074107142857,-0.09242290178571423,0.46750952380952376,0.4632952380952381,0.4716477380952381,-0.03204464285714285,-0.037423214285714254,-0.026926741071428558,NEG
nsl_kdd_v2,POOLED,rf-dnn logit-mismatched,prob vs logit (mismatch control),A->B,15,2000,0.5463666666666667,0.5422666666666662,0.5503999999999993,0.045599999999999995,0.04319999999999994,0.04803333333333327,0.04267321428571428,0.03097821428571428,0.054437633928571386,0.5194047619047619,0.514952380952381,0.5238526190476192,,,,POS
nsl_kdd_v2,POOLED,dnn self prob-vs-logit,"same model, two output heads",A->B,15,2000,0.7393999999999998,0.7345333333333341,0.7443008333333344,0.1252333333333333,0.12110000000000017,0.12940000000000015,0.6453160714285714,0.6368320535714285,0.653857544642857,0.7491809523809524,0.7454380952380948,0.7529145238095235,,,,POS
nsl_kdd_v2,POOLED,rf-xgb original,"prob vs logit, as in 06",B->A,5,2000,0.6463,0.6380000000000007,0.6549000000000006,0.2358,0.22560000000000047,0.24610000000000049,0.50135,0.48109750000000007,0.5215512500000001,0.7009500000000001,0.6915499999999999,0.71015,,,,POS
nsl_kdd_v2,POOLED,rf-dnn original,"prob vs prob, as in 06 (matched)",B->A,5,2000,0.3334000000000001,0.3252000000000005,0.3416025000000003,0.07780000000000001,0.07269999999999996,0.08299999999999999,0.14,0.11769875,0.16225125000000004,0.5586500000000001,0.5495500000000002,0.5678500000000002,,,,POS
nsl_kdd_v2,POOLED,xgb-dnn original,"logit vs prob, as in 06 (mismatched)",B->A,5,2000,0.29610000000000003,0.28740000000000054,0.30450000000000055,0.06390000000000001,0.05929999999999994,0.06869999999999996,0.17289999999999997,0.15045000000000003,0.19544999999999993,0.57425,0.56524875,0.5832,,,,POS
nsl_kdd_v2,POOLED,xgb-dnn logit-matched,logit vs logit,B->A,5,2000,0.27790000000000004,0.26930000000000054,0.28640000000000043,0.054400000000000004,0.049897499999999956,0.058899999999999945,0.26735,0.2433,0.2909999999999999,0.6029500000000001,0.5930987500000001,0.6126,0.09444999999999999,0.06955000000000001,0.11885000000000001,POS
nsl_kdd_v2,POOLED,rf-dnn logit-mismatched,prob vs logit (mismatch control),B->A,5,2000,0.31690000000000007,0.30820000000000036,0.3260000000000004,0.067,0.061799999999999966,0.07239999999999998,0.22254999999999997,0.19690000000000007,0.24825,0.5864,0.5759,0.5969499999999999,,,,POS
nsl_kdd_v2,POOLED,dnn self prob-vs-logit,"same model, two output heads",B->A,5,2000,0.6642,0.6561000000000009,0.6723000000000008,0.25340000000000007,0.24340000000000048,0.2636000000000004,0.56625,0.5506000000000002,0.5819000000000003,0.7363500000000001,0.7291987499999997,0.74345,,,,POS
nsl_kdd_v2,POOLED,rf-xgb original,"prob vs logit, as in 06",B->A,10,2000,0.7383500000000001,0.7333500000000003,0.7432512500000006,0.1535,0.14735000000000012,0.15970000000000004,0.5305575757575757,0.5185330303030302,0.5425640909090905,0.7022333333333334,0.6971888888888884,0.707255555555555,,,,POS
nsl_kdd_v2,POOLED,rf-dnn original,"prob vs prob, as in 06 (matched)",B->A,10,2000,0.45435000000000003,0.4481000000000005,0.46045000000000025,0.062400000000000004,0.059000000000000045,0.06580125000000003,0.24629696969696968,0.23144833333333328,0.26133333333333325,0.5940666666666666,0.5884000000000001,0.5997444444444444,,,,POS
nsl_kdd_v2,POOLED,xgb-dnn original,"logit vs prob, as in 06 (mismatched)",B->A,10,2000,0.38770000000000004,0.3827000000000006,0.3925500000000006,0.05305,0.05000000000000002,0.056151250000000014,0.2511515151515151,0.2373086363636363,0.2653154545454546,0.5965222222222222,0.5912888888888889,0.601811388888889,,,,POS
nsl_kdd_v2,POOLED,xgb-dnn logit-matched,logit vs logit,B->A,10,2000,0.3926,0.3864000000000004,0.39870000000000033,0.0475,0.044449999999999996,0.05050000000000001,0.26858787878787876,0.2553575757575758,0.28166075757575765,0.5980222222222221,0.5929111111111112,0.6030780555555555,0.01743636363636364,0.0017449999999999879,0.03303075757575757,POS
nsl_kdd_v2,POOLED,rf-dnn logit-mismatched,prob vs logit (mismatch control),B->A,10,2000,0.4506,0.44389999999999996,0.45740000000000003,0.053,0.04965000000000002,0.05635000000000001,0.2758606060606061,0.260508787878788,0.2912560606060607,0.6003222222222222,0.5943663888888889,0.6062111111111113,,,,POS
nsl_kdd_v2,POOLED,dnn self prob-vs-logit,"same model, two output heads",B->A,10,2000,0.7074,0.7023999999999999,0.7123999999999999,0.16265000000000004,0.15694999999999998,0.16840000000000002,0.5926060606060605,0.5813149999999999,0.6040124242424243,0.7320222222222222,0.7271111111111104,0.737088888888888,,,,POS
nsl_kdd_v2,POOLED,rf-xgb original,"prob vs logit, as in 06",B->A,15,2000,0.7917000000000001,0.7881000000000015,0.7952666666666681,0.1226,0.1179666666666667,0.12723333333333348,0.6200267857142856,0.6132570982142858,0.6264124999999998,0.7336809523809523,0.7307903571428565,0.7364428571428564,,,,POS
nsl_kdd_v2,POOLED,rf-dnn original,"prob vs prob, as in 06 (matched)",B->A,15,2000,0.5268,0.5222999999999995,0.5312333333333329,0.052399999999999995,0.04996666666666658,0.05489999999999992,0.30515357142857136,0.2933712053571427,0.31699111607142827,0.6120428571428571,0.6076714285714283,0.6165190476190472,,,,POS
nsl_kdd_v2,POOLED,xgb-dnn original,"logit vs prob, as in 06 (mismatched)",B->A,15,2000,0.48863333333333336,0.4844333333333336,0.4929333333333335,0.04746666666666667,0.045066666666666616,0.04986666666666659,0.28674285714285713,0.27619803571428553,0.29746687499999985,0.6053809523809522,0.6014571428571427,0.6094047619047617,,,,POS
nsl_kdd_v2,POOLED,xgb-dnn logit-matched,logit vs logit,B->A,15,2000,0.5114,0.5068666666666665,0.5159341666666665,0.04236666666666666,0.039999999999999945,0.04473333333333327,0.2996660714285714,0.28888361607142843,0.3103000892857141,0.6083285714285713,0.6043666666666664,0.6122905952380949,0.012923214285714284,0.0009803571428571398,0.02474999999999999,POS
nsl_kdd_v2,POOLED,rf-dnn logit-mismatched,prob vs logit (mismatch control),B->A,15,2000,0.5463666666666667,0.5422666666666662,0.5503999999999993,0.045599999999999995,0.04319999999999994,0.04803333333333327,0.3270303571428571,0.31394107142857136,0.3397166517857141,0.6177238095238095,0.612823571428571,0.6224667857142857,,,,POS
nsl_kdd_v2,POOLED,dnn self prob-vs-logit,"same model, two output heads",B->A,15,2000,0.7393999999999998,0.7345333333333341,0.7443008333333344,0.1252333333333333,0.12110000000000017,0.12940000000000015,0.6269910714285714,0.6183748660714286,0.6354822321428572,0.7397047619047619,0.7359619047619042,0.7434190476190471,,,,POS
unsw_nb15_v2,POOLED,rf-xgb original,"prob vs logit, as in 06",A->B,5,2000,0.6427999999999999,0.6328000000000006,0.6530000000000009,0.18470000000000003,0.17550000000000024,0.19420000000000026,0.46769999999999995,0.4457500000000001,0.4893525000000001,0.6898500000000001,0.6802999999999999,0.6993500000000001,,,,POS
unsw_nb15_v2,POOLED,rf-dnn original,"prob vs prob, as in 06 (matched)",A->B,5,2000,0.38020000000000004,0.3701000000000004,0.3902000000000004,0.0915,0.08539999999999998,0.0977,0.15719999999999998,0.13189874999999998,0.18195249999999996,0.56725,0.5569487499999997,0.57745,,,,POS
unsw_nb15_v2,POOLED,xgb-dnn original,"logit vs prob, as in 06 (mismatched)",A->B,5,2000,0.42160000000000003,0.4135000000000001,0.4295000000000003,0.1251,0.11720000000000007,0.13280000000000006,0.21989999999999998,0.19445000000000007,0.24505125000000008,0.5896500000000001,0.5793500000000001,0.59975,,,,POS
unsw_nb15_v2,POOLED,xgb-dnn logit-matched,logit vs logit,A->B,5,2000,0.4255,0.41660000000000025,0.4343000000000002,0.1332,0.1257000000000001,0.14050000000000018,0.21359999999999996,0.18475000000000003,0.24134999999999995,0.58455,0.5727,0.5961,-0.006300000000000001,-0.0181,0.0053999999999999986,POS
unsw_nb15_v2,POOLED,rf-dnn logit-mismatched,prob vs logit (mismatch control),A->B,5,2000,0.36880000000000007,0.3579000000000004,0.3797000000000003,0.1016,0.09430000000000002,0.10920000000000002,0.18535,0.15880000000000002,0.2114000000000001,0.57975,0.5689000000000002,0.5907500000000001,,,,POS
unsw_nb15_v2,POOLED,dnn self prob-vs-logit,"same model, two output heads",A->B,5,2000,0.7048,0.695600000000001,0.7139000000000012,0.3173,0.3065000000000002,0.3286000000000001,0.6020999999999999,0.5839000000000001,0.6199500000000001,0.7592000000000001,0.7508500000000001,0.7674499999999999,,,,POS
unsw_nb15_v2,POOLED,rf-xgb original,"prob vs logit, as in 06",A->B,10,2000,0.7,0.6938999999999999,0.70625,0.12765,0.12235000000000017,0.13310000000000016,0.5560666666666666,0.5402722727272725,0.571691212121212,0.7160888888888889,0.7093219444444436,0.722755555555555,,,,POS
unsw_nb15_v2,POOLED,rf-dnn original,"prob vs prob, as in 06 (matched)",A->B,10,2000,0.47620000000000007,0.4693500000000001,0.4831012500000001,0.0658,0.06215000000000003,0.06950000000000005,0.17906666666666665,0.1633692424242425,0.19477606060606056,0.5674333333333332,0.5613330555555555,0.5734555555555555,,,,POS
unsw_nb15_v2,POOLED,xgb-dnn original,"logit vs prob, as in 06 (mismatched)",A->B,10,2000,0.4721,0.4666,0.4776,0.08045000000000001,0.07600000000000008,0.08485000000000012,0.26039999999999996,0.24642242424242425,0.2738972727272727,0.5998333333333332,0.5945999999999999,0.6048777777777775,,,,POS
unsw_nb15_v2,POOLED,xgb-dnn logit-matched,logit vs logit,A->B,10,2000,0.46385000000000004,0.4576000000000001,0.4699000000000002,0.08375,0.07950000000000011,0.08790000000000017,0.2629757575757576,0.24906015151515146,0.27678787878787864,0.5990333333333333,0.593822222222222,0.6042558333333331,0.0025757575757575754,-0.004291363636363637,0.00961227272727272,POS
unsw_nb15_v2,POOLED,rf-dnn logit-mismatched,prob vs logit (mismatch control),A->B,10,2000,0.477,0.46969999999999995,0.4841999999999998,0.06925,0.06510000000000002,0.07365000000000006,0.16279999999999997,0.14578787878787886,0.17949106060606052,0.5611222222222223,0.5546219444444441,0.567622222222222,,,,POS
unsw_nb15_v2,POOLED,dnn self prob-vs-logit,"same model, two output heads",A->B,10,2000,0.7253,0.7194999999999997,0.7310499999999996,0.20110000000000003,0.19455000000000006,0.2078499999999999,0.6421999999999999,0.6301575757575758,0.6539333333333331,0.7573888888888889,0.7520444444444438,0.762777777777777,,,,POS
unsw_nb15_v2,POOLED,rf-xgb original,"prob vs logit, as in 06",A->B,15,2000,0.6701666666666666,0.6657333333333334,0.6746000000000001,0.09666666666666666,0.09290000000000004,0.10050000000000003,0.6195678571428571,0.6088551785714286,0.6301732142857143,0.7345857142857143,0.7301523809523806,0.7390476190476186,,,,POS
unsw_nb15_v2,POOLED,rf-dnn original,"prob vs prob, as in 06 (matched)",A->B,15,2000,0.5154666666666667,0.5098666666666664,0.5210999999999998,0.0515,0.04889999999999994,0.05413333333333325,0.23163749999999997,0.21837299107142855,0.2445537500000001,0.583995238095238,0.5791760714285711,0.5887952380952378,,,,POS
unsw_nb15_v2,POOLED,xgb-dnn original,"logit vs prob, as in 06 (mismatched)",A->B,15,2000,0.49440000000000006,0.48980000000000007,0.49903333333333333,0.061766666666666664,0.058599999999999916,0.06483333333333323,0.28886071428571425,0.2785266964285714,0.2991110714285714,0.608347619047619,0.6044855952380952,0.6122476190476186,,,,POS
unsw_nb15_v2,POOLED,xgb-dnn logit-matched,logit vs logit,A->B,15,2000,0.47136666666666666,0.46670000000000017,0.4761,0.06346666666666666,0.0603999999999999,0.06650083333333327,0.2956875,0.2853440625,0.3061163392857142,0.6104714285714286,0.606575952380952,0.6144476190476188,0.006826785714285712,0.0016587053571428566,0.011932187499999991,POS
unsw_nb15_v2,POOLED,rf-dnn logit-mismatched,prob vs logit (mismatch control),A->B,15,2000,0.5084666666666666,0.5025333333333332,0.5143333333333332,0.05486666666666666,0.051866666666666596,0.05796666666666658,0.22505714285714282,0.2111351785714286,0.23871995535714277,0.5808523809523808,0.5757238095238095,0.585890595238095,,,,POS
unsw_nb15_v2,POOLED,dnn self prob-vs-logit,"same model, two output heads",A->B,15,2000,0.7505,0.7459333333333341,0.7549000000000008,0.15193333333333334,0.14730000000000018,0.15673333333333359,0.6672285714285713,0.6582300892857141,0.6759839285714285,0.761247619047619,0.7572761904761901,0.7651857142857136,,,,POS
unsw_nb15_v2,POOLED,rf-xgb original,"prob vs logit, as in 06",B->A,5,2000,0.6427999999999999,0.6328000000000006,0.6530000000000009,0.18470000000000003,0.17550000000000024,0.19420000000000026,0.4096499999999999,0.38499875,0.43435125000000024,0.6697000000000001,0.6591500000000002,0.6805000000000001,,,,POS
unsw_nb15_v2,POOLED,rf-dnn original,"prob vs prob, as in 06 (matched)",B->A,5,2000,0.38020000000000004,0.3701000000000004,0.3902000000000004,0.0915,0.08539999999999998,0.0977,0.21705,0.19134875000000004,0.24195125,0.5885499999999999,0.5779000000000001,0.5990499999999997,,,,POS
unsw_nb15_v2,POOLED,xgb-dnn original,"logit vs prob, as in 06 (mismatched)",B->A,5,2000,0.42160000000000003,0.4135000000000001,0.4295000000000003,0.1251,0.11720000000000007,0.13280000000000006,0.28475,0.26149875,0.3075025,0.61715,0.6074000000000002,0.62665,,,,POS
unsw_nb15_v2,POOLED,xgb-dnn logit-matched,logit vs logit,B->A,5,2000,0.4255,0.41660000000000025,0.4343000000000002,0.1332,0.1257000000000001,0.14050000000000018,0.31884999999999997,0.29669999999999996,0.34069999999999995,0.6281500000000001,0.6188499999999999,0.6374499999999999,0.0341,0.011700000000000002,0.05644999999999999,POS
unsw_nb15_v2,POOLED,rf-dnn logit-mismatched,prob vs logit (mismatch control),B->A,5,2000,0.36880000000000007,0.3579000000000004,0.3797000000000003,0.1016,0.09430000000000002,0.10920000000000002,0.2709,0.24575000000000005,0.29590000000000005,0.6113500000000001,0.6010000000000002,0.6217,,,,POS
unsw_nb15_v2,POOLED,dnn self prob-vs-logit,"same model, two output heads",B->A,5,2000,0.7048,0.695600000000001,0.7139000000000012,0.3173,0.3065000000000002,0.3286000000000001,0.6186999999999999,0.601,0.63610125,0.7661,0.7579,0.7742,,,,POS
unsw_nb15_v2,POOLED,rf-xgb original,"prob vs logit, as in 06",B->A,10,2000,0.7,0.6938999999999999,0.70625,0.12765,0.12235000000000017,0.13310000000000016,0.5924545454545453,0.5764712121212121,0.6085760606060607,0.7327444444444444,0.725876944444444,0.7396333333333325,,,,POS
unsw_nb15_v2,POOLED,rf-dnn original,"prob vs prob, as in 06 (matched)",B->A,10,2000,0.47620000000000007,0.4693500000000001,0.4831012500000001,0.0658,0.06215000000000003,0.06950000000000005,0.3438969696969697,0.32701772727272727,0.3603945454545452,0.6286888888888889,0.6221666666666665,0.635066944444444,,,,POS
unsw_nb15_v2,POOLED,xgb-dnn original,"logit vs prob, as in 06 (mismatched)",B->A,10,2000,0.4721,0.4666,0.4776,0.08045000000000001,0.07600000000000008,0.08485000000000012,0.35699999999999993,0.34289681818181805,0.3704854545454544,0.6341666666666665,0.6287222222222221,0.6394333333333332,,,,POS
unsw_nb15_v2,POOLED,xgb-dnn logit-matched,logit vs logit,B->A,10,2000,0.46385000000000004,0.4576000000000001,0.4699000000000002,0.08375,0.07950000000000011,0.08790000000000017,0.3839939393939394,0.37116939393939385,0.3967278787878787,0.6431333333333333,0.6381108333333333,0.6480777777777775,0.026993939393939393,0.013509090909090906,0.04068515151515153,POS
unsw_nb15_v2,POOLED,rf-dnn logit-mismatched,prob vs logit (mismatch control),B->A,10,2000,0.477,0.46969999999999995,0.4841999999999998,0.06925,0.06510000000000002,0.07365000000000006,0.37132121212121205,0.3557210606060606,0.38727878787878767,0.6390777777777777,0.6330438888888885,0.645244444444444,,,,POS
unsw_nb15_v2,POOLED,dnn self prob-vs-logit,"same model, two output heads",B->A,10,2000,0.7253,0.7194999999999997,0.7310499999999996,0.20110000000000003,0.19455000000000006,0.2078499999999999,0.6511757575757575,0.6397818181818183,0.6625456060606059,0.7605666666666666,0.7554555555555547,0.7657666666666658,,,,POS
unsw_nb15_v2,POOLED,rf-xgb original,"prob vs logit, as in 06",B->A,15,2000,0.6701666666666666,0.6657333333333334,0.6746000000000001,0.09666666666666666,0.09290000000000004,0.10050000000000003,0.6492124999999999,0.6398892410714285,0.6587019196428571,0.7452714285714286,0.7412285714285708,0.7494763095238091,,,,POS
unsw_nb15_v2,POOLED,rf-dnn original,"prob vs prob, as in 06 (matched)",B->A,15,2000,0.5154666666666667,0.5098666666666664,0.5210999999999998,0.0515,0.04889999999999994,0.05413333333333325,0.39969285714285707,0.3875854910714285,0.4119732589285712,0.644790476190476,0.6401903571428567,0.6494525000000001,,,,POS
unsw_nb15_v2,POOLED,xgb-dnn original,"logit vs prob, as in 06 (mismatched)",B->A,15,2000,0.49440000000000006,0.48980000000000007,0.49903333333333333,0.061766666666666664,0.058599999999999916,0.06483333333333323,0.40073214285714276,0.3909625000000001,0.41046790178571424,0.6454666666666667,0.6417569047619046,0.6491428571428569,,,,POS
unsw_nb15_v2,POOLED,xgb-dnn logit-matched,logit vs logit,B->A,15,2000,0.47136666666666666,0.46670000000000017,0.4761,0.06346666666666666,0.0603999999999999,0.06650083333333327,0.42532857142857144,0.4147212946428571,0.4355804464285714,0.6541571428571429,0.6500904761904757,0.6581144047619045,0.024596428571428568,0.014803571428571433,0.03441142857142856,POS
unsw_nb15_v2,POOLED,rf-dnn logit-mismatched,prob vs logit (mismatch control),B->A,15,2000,0.5084666666666666,0.5025333333333332,0.5143333333333332,0.05486666666666666,0.051866666666666596,0.05796666666666658,0.4316321428571428,0.42032857142857133,0.44309303571428577,0.6571571428571428,0.6528903571428568,0.6615095238095234,,,,POS
unsw_nb15_v2,POOLED,dnn self prob-vs-logit,"same model, two output heads",B->A,15,2000,0.7505,0.7459333333333341,0.7549000000000008,0.15193333333333334,0.14730000000000018,0.15673333333333359,0.6642071428571428,0.6552640625000001,0.6731035714285712,0.7588904761904762,0.7548523809523805,0.7628999999999991,,,,POS
cic_ids2017_v2,POOLED,rf-xgb original,"prob vs logit, as in 06",A->B,5,2000,0.4486,0.4402000000000005,0.45740000000000025,0.1953,0.18680000000000035,0.20410000000000048,0.44969999999999993,0.43214874999999986,0.46714999999999995,0.6712,0.6628999999999995,0.6795499999999997,,,,POS
cic_ids2017_v2,POOLED,rf-dnn original,"prob vs prob, as in 06 (matched)",A->B,5,2000,0.19090000000000001,0.18020000000000022,0.2019000000000003,0.0425,0.037899999999999975,0.04729999999999997,0.014549999999999997,-0.0076012500000000064,0.03675124999999997,0.5011,0.49204874999999954,0.5102999999999998,,,,ns
cic_ids2017_v2,POOLED,xgb-dnn original,"logit vs prob, as in 06 (mismatched)",A->B,5,2000,0.30900000000000005,0.2997000000000003,0.31840000000000024,0.0655,0.06029999999999995,0.07089999999999995,0.20995,0.1865487499999999,0.23325,0.5819500000000001,0.57255,0.5914499999999998,,,,POS
cic_ids2017_v2,POOLED,xgb-dnn logit-matched,logit vs logit,A->B,5,2000,0.3118,0.3027000000000005,0.3211000000000005,0.0645,0.05959999999999995,0.06959999999999997,0.2185,0.19624874999999992,0.2403499999999999,0.58235,0.5735499999999999,0.5910999999999998,0.008549999999999999,-0.0003499999999999915,0.017450000000000004,POS
cic_ids2017_v2,POOLED,rf-dnn logit-mismatched,prob vs logit (mismatch control),A->B,5,2000,0.1841,0.17369750000000017,0.19510000000000022,0.0399,0.035599999999999986,0.04449999999999998,0.011149999999999998,-0.010401249999999994,0.032549999999999996,0.50215,0.49339999999999984,0.5109,,,,ns
cic_ids2017_v2,POOLED,dnn self prob-vs-logit,"same model, two output heads",A->B,5,2000,0.6956,0.687900000000001,0.703700000000001,0.3478,0.3373999999999997,0.3583999999999997,0.6991999999999999,0.6858987499999998,0.7125012499999999,0.8064,0.8000500000000001,0.8129000000000002,,,,POS
cic_ids2017_v2,POOLED,rf-xgb original,"prob vs logit, as in 06",A->B,10,2000,0.42175,0.4147000000000005,0.42910000000000054,0.11115000000000003,0.10635000000000022,0.11610000000000027,0.31533939393939386,0.29895742424242416,0.33163636363636373,0.6124222222222222,0.6050222222222222,0.6196888888888888,,,,POS
cic_ids2017_v2,POOLED,rf-dnn original,"prob vs prob, as in 06 (matched)",A->B,10,2000,0.30595,0.2963000000000001,0.3159000000000001,0.0338,0.030899999999999973,0.03684999999999998,-0.01919393939393939,-0.03533348484848486,-0.002866666666666666,0.4915,0.4853222222222221,0.497922222222222,,,,NEG
cic_ids2017_v2,POOLED,xgb-dnn original,"logit vs prob, as in 06 (mismatched)",A->B,10,2000,0.2875,0.2819000000000001,0.29325000000000023,0.0401,0.037199999999999976,0.04309999999999998,0.2897090909090909,0.2772421212121212,0.3021881818181818,0.6036666666666666,0.5989222222222221,0.6083558333333332,,,,POS
cic_ids2017_v2,POOLED,xgb-dnn logit-matched,logit vs logit,A->B,10,2000,0.2871,0.2815500000000001,0.29295000000000004,0.040650000000000006,0.03794999999999998,0.043549999999999985,0.30078181818181815,0.28864242424242437,0.3130737878787878,0.6065555555555554,0.6019777777777778,0.6112333333333333,0.01107272727272727,0.005606060606060606,0.016660757575757572,POS
cic_ids2017_v2,POOLED,rf-dnn logit-mismatched,prob vs logit (mismatch control),A->B,10,2000,0.29519999999999996,0.2860500000000001,0.3045000000000001,0.0335,0.03064999999999997,0.036399999999999974,-0.022496969696969696,-0.03887272727272726,-0.005611212121212132,0.48987777777777775,0.4837555555555556,0.4962666666666665,,,,NEG
cic_ids2017_v2,POOLED,dnn self prob-vs-logit,"same model, two output heads",A->B,10,2000,0.6857,0.6791999999999999,0.6921499999999998,0.22135000000000002,0.21494999999999972,0.22784999999999986,0.6913818181818182,0.6821392424242423,0.700921515151515,0.7817333333333334,0.7773333333333325,0.7862777777777769,,,,POS
cic_ids2017_v2,POOLED,rf-xgb original,"prob vs logit, as in 06",A->B,15,2000,0.46420000000000006,0.45860000000000045,0.4700333333333338,0.0798,0.07643333333333334,0.08323333333333335,0.3300803571428571,0.31772665178571424,0.34259642857142847,0.6199619047619046,0.6149428571428569,0.6250001190476189,,,,POS
cic_ids2017_v2,POOLED,rf-dnn original,"prob vs prob, as in 06 (matched)",A->B,15,2000,0.36273333333333335,0.3558333333333337,0.3697000000000002,0.028,0.02593333333333332,0.030133333333333314,0.0774892857142857,0.05870982142857143,0.09669330357142857,0.5283904761904762,0.5216284523809523,0.5353380952380951,,,,POS
cic_ids2017_v2,POOLED,xgb-dnn original,"logit vs prob, as in 06 (mismatched)",A->B,15,2000,0.34113333333333334,0.3366666666666672,0.34560000000000046,0.0324,0.030299999999999983,0.034533333333333305,0.18870892857142854,0.17778205357142854,0.1996006696428572,0.5660238095238094,0.5620284523809523,0.5700048809523809,,,,POS
cic_ids2017_v2,POOLED,xgb-dnn logit-matched,logit vs logit,A->B,15,2000,0.32883333333333337,0.32470000000000054,0.33300000000000046,0.03243333333333333,0.030433333333333305,0.03449999999999997,0.20289642857142853,0.19220352678571423,0.2136001339285713,0.5711476190476189,0.5673379761904758,0.5749857142857141,0.014187499999999995,0.009315624999999998,0.019157366071428567,POS
cic_ids2017_v2,POOLED,rf-dnn logit-mismatched,prob vs logit (mismatch control),A->B,15,2000,0.3630666666666667,0.3571666666666672,0.36900000000000066,0.02873333333333333,0.026666666666666648,0.030933333333333316,0.04722321428571428,0.027992187500000005,0.06683267857142854,0.5172190476190476,0.510437976190476,0.5241667857142857,,,,POS
cic_ids2017_v2,POOLED,dnn self prob-vs-logit,"same model, two output heads",A->B,15,2000,0.7119666666666666,0.7067000000000008,0.7171666666666673,0.1658,0.16113333333333357,0.1706000000000003,0.6590714285714284,0.650548125,0.6676466517857143,0.7613666666666666,0.7574141666666663,0.765333333333333,,,,POS
cic_ids2017_v2,POOLED,rf-xgb original,"prob vs logit, as in 06",B->A,5,2000,0.4486,0.4402000000000005,0.45740000000000025,0.1953,0.18680000000000035,0.20410000000000048,0.6259499999999999,0.6133,0.6385999999999997,0.76265,0.7566500000000003,0.7685012500000006,,,,POS
cic_ids2017_v2,POOLED,rf-dnn original,"prob vs prob, as in 06 (matched)",B->A,5,2000,0.19090000000000001,0.18020000000000022,0.2019000000000003,0.0425,0.037899999999999975,0.04729999999999997,0.20345,0.17844874999999993,0.22930250000000002,0.5794,0.5692500000000003,0.59005,,,,POS
cic_ids2017_v2,POOLED,xgb-dnn original,"logit vs prob, as in 06 (mismatched)",B->A,5,2000,0.30900000000000005,0.2997000000000003,0.31840000000000024,0.0655,0.06029999999999995,0.07089999999999995,0.29484999999999995,0.27344749999999995,0.3158525,0.61925,0.6102500000000003,0.6278999999999999,,,,POS
cic_ids2017_v2,POOLED,xgb-dnn logit-matched,logit vs logit,B->A,5,2000,0.3118,0.3027000000000005,0.3211000000000005,0.0645,0.05959999999999995,0.06959999999999997,0.23734999999999998,0.21569999999999995,0.25889999999999996,0.5957,0.5868499999999999,0.6045500000000001,-0.0575,-0.07929999999999994,-0.03599874999999999,POS
cic_ids2017_v2,POOLED,rf-dnn logit-mismatched,prob vs logit (mismatch control),B->A,5,2000,0.1841,0.17369750000000017,0.19510000000000022,0.0399,0.035599999999999986,0.04449999999999998,0.13954999999999998,0.11564874999999998,0.16405,0.5553499999999999,0.54584875,0.56525,,,,POS
cic_ids2017_v2,POOLED,dnn self prob-vs-logit,"same model, two output heads",B->A,5,2000,0.6956,0.687900000000001,0.703700000000001,0.3478,0.3373999999999997,0.3583999999999997,0.6088,0.5929987500000001,0.6242512500000003,0.766,0.7589500000000003,0.7730500000000002,,,,POS
cic_ids2017_v2,POOLED,rf-xgb original,"prob vs logit, as in 06",B->A,10,2000,0.42175,0.4147000000000005,0.42910000000000054,0.11115000000000003,0.10635000000000022,0.11610000000000027,0.5732545454545455,0.5640965151515153,0.5823272727272726,0.7210777777777777,0.7170555555555549,0.7250888888888882,,,,POS
cic_ids2017_v2,POOLED,rf-dnn original,"prob vs prob, as in 06 (matched)",B->A,10,2000,0.30595,0.2963000000000001,0.3159000000000001,0.0338,0.030899999999999973,0.03684999999999998,0.16953939393939393,0.1501512121212121,0.18884863636363633,0.5599444444444444,0.5526333333333333,0.5672447222222219,,,,POS
cic_ids2017_v2,POOLED,xgb-dnn original,"logit vs prob, as in 06 (mismatched)",B->A,10,2000,0.2875,0.2819000000000001,0.29325000000000023,0.0401,0.037199999999999976,0.04309999999999998,0.29211515151515155,0.2775449999999999,0.3067757575757575,0.6067777777777779,0.6010444444444443,0.6124555555555551,,,,POS
cic_ids2017_v2,POOLED,xgb-dnn logit-matched,logit vs logit,B->A,10,2000,0.2871,0.2815500000000001,0.29295000000000004,0.040650000000000006,0.03794999999999998,0.043549999999999985,0.31368484848484846,0.2978116666666666,0.3295151515151515,0.6153,0.6092216666666662,0.6212999999999997,0.021569696969696968,0.007733181818181817,0.035630454545454535,POS
cic_ids2017_v2,POOLED,rf-dnn logit-mismatched,prob vs logit (mismatch control),B->A,10,2000,0.29519999999999996,0.2860500000000001,0.3045000000000001,0.0335,0.03064999999999997,0.036399999999999974,0.17195151515151513,0.1513634848484848,0.19244303030303028,0.5629444444444445,0.555188611111111,0.5707002777777773,,,,POS
cic_ids2017_v2,POOLED,dnn self prob-vs-logit,"same model, two output heads",B->A,10,2000,0.6857,0.6791999999999999,0.6921499999999998,0.22135000000000002,0.21494999999999972,0.22784999999999986,0.6345454545454545,0.6246060606060607,0.6445336363636361,0.7592777777777778,0.7548666666666657,0.7638002777777771,,,,POS
cic_ids2017_v2,POOLED,rf-xgb original,"prob vs logit, as in 06",B->A,15,2000,0.46420000000000006,0.45860000000000045,0.4700333333333338,0.0798,0.07643333333333334,0.08323333333333335,0.5001446428571428,0.491467767857143,0.5086554910714286,0.6855285714285714,0.68202369047619,0.6890095238095234,,,,POS
cic_ids2017_v2,POOLED,rf-dnn original,"prob vs prob, as in 06 (matched)",B->A,15,2000,0.36273333333333335,0.3558333333333337,0.3697000000000002,0.028,0.02593333333333332,0.030133333333333314,0.14831964285714283,0.13087308035714282,0.16572017857142857,0.5512761904761905,0.5448664285714285,0.5576952380952378,,,,POS
cic_ids2017_v2,POOLED,xgb-dnn original,"logit vs prob, as in 06 (mismatched)",B->A,15,2000,0.34113333333333334,0.3366666666666672,0.34560000000000046,0.0324,0.030299999999999983,0.034533333333333305,0.2584910714285713,0.2464553125,0.2707752232142857,0.5923999999999999,0.5879142857142857,0.5969095238095237,,,,POS
cic_ids2017_v2,POOLED,xgb-dnn logit-matched,logit vs logit,B->A,15,2000,0.32883333333333337,0.32470000000000054,0.33300000000000046,0.03243333333333333,0.030433333333333305,0.03449999999999997,0.2962464285714285,0.28341223214285716,0.3093090625,0.6057095238095237,0.6009999999999999,0.6105194047619042,0.03775535714285714,0.026740892857142845,0.04872861607142855,POS
cic_ids2017_v2,POOLED,rf-dnn logit-mismatched,prob vs logit (mismatch control),B->A,15,2000,0.3630666666666667,0.3571666666666672,0.36900000000000066,0.02873333333333333,0.026666666666666648,0.030933333333333316,0.1787446428571428,0.1599105357142857,0.19754281250000003,0.5647857142857142,0.557995119047619,0.5716858333333333,,,,POS
cic_ids2017_v2,POOLED,dnn self prob-vs-logit,"same model, two output heads",B->A,15,2000,0.7119666666666666,0.7067000000000008,0.7171666666666673,0.1658,0.16113333333333357,0.1706000000000003,0.6240232142857142,0.6148587946428571,0.6330340625,0.7483333333333334,0.7442333333333329,0.7523714285714279,,,,POS
