Model,Accuracy,F1 macro,F1 weighted,MCC,R2L F1,U2R F1
rf_binary_cw,0.7674325762952449,0.7662772689514568,0.7640016414894338,0.6030600342129762,,
xgb_binary_cw,0.7882806955287438,0.7877745094083961,0.7863391660226328,0.6331015139189136,,
dnn_binary_cw,0.8106369765791341,0.8105262428004284,0.8098919109525031,0.6651564015717462,,
rf_5class_smote,0.7427253371185237,0.5101795772576511,0.697393066348882,0.6296502863986401,0.031313818924438394,0.15384615384615385
xgb_5class_smote,0.7869499645138396,0.6137674816563837,0.7525210297676803,0.6920296182227537,0.18695106649937265,0.41304347826086957
dnn_5class_smote,0.7811834634492548,0.5746627663172444,0.7500671121987282,0.6795304958998586,0.1940828402366864,0.24324324324324326
rf_5class_cw,0.7345191625266146,0.46905722217708173,0.6866204684920023,0.6172664900609129,0.006906077348066298,0.02857142857142857
xgb_5class_cw,0.7841997870830376,0.5947543324212714,0.7455017667083644,0.6883493965988934,0.13182552504038772,0.3655913978494624
dnn_5class_cw,0.7716465578424414,0.5471231481826725,0.7514277181900544,0.6637414232061225,0.21897810218978103,0.09348914858096828
