{
  "timestamp": "2026-05-30T01:27:50.438782",
  "method": "canonical_shared_samples_per_dataset",
  "n_datasets": 3,
  "n_models": 18,
  "n_samples_per_model": 1000,
  "primary_alpha": 0.05,
  "sensitivity_alphas": [
    0.05,
    0.1,
    0.2
  ],
  "overall_stats": {
    "mean_scts": 67.76923339111275,
    "median_scts": 74.24734497070312,
    "min_scts": 0.36133965849876404,
    "max_scts": 100.0,
    "std_scts": 19.031792948756877
  },
  "mean_components": {
    "c1_calibration": 0.8935438867459694,
    "c2_stability": 0.4780308663567735,
    "c3_conformal": 0.8226713266840711
  },
  "mean_scts_by_dataset_architecture": {
    "cic_ids2017_v2|dnn": 69.08572135400772,
    "cic_ids2017_v2|rf": 53.11291693438589,
    "cic_ids2017_v2|xgb": 70.57153694072366,
    "nsl_kdd_v2|dnn": 76.5443060348928,
    "nsl_kdd_v2|rf": 78.30975853866339,
    "nsl_kdd_v2|xgb": 80.37415351372957,
    "unsw_nb15_v2|dnn": 61.56935976576805,
    "unsw_nb15_v2|rf": 59.40744807730615,
    "unsw_nb15_v2|xgb": 60.94789936053753
  },
  "mean_pearson_corr_scts_correctness": 0.27961365602791916,
  "conformal_thresholds": {
    "nsl_kdd_v2/rf_5class_cw": {
      "marginal_threshold_alpha_0.05": 1.0,
      "mondrian_thresholds_alpha_0.05": {
        "0": 1.0,
        "1": 0.48000115624718354,
        "2": 1.0,
        "3": 0.49354748735004383,
        "4": 1.0
      },
      "fallback_classes": [
        4
      ],
      "n_calib_per_predicted_class": {
        "0": 13334,
        "1": 6327,
        "2": 1771,
        "3": 108,
        "4": 4
      },
      "empirical_coverage_on_canonical_mondrian": 0.975,
      "n_conformal_calibration_samples": 21544
    },
    "nsl_kdd_v2/xgb_5class_cw": {
      "marginal_threshold_alpha_0.05": 1.0,
      "mondrian_thresholds_alpha_0.05": {
        "0": 1.0,
        "1": 0.2908620834350586,
        "2": 1.0,
        "3": 0.40000253915786743,
        "4": 1.0
      },
      "fallback_classes": [
        4
      ],
      "n_calib_per_predicted_class": {
        "0": 13071,
        "1": 6324,
        "2": 1947,
        "3": 196,
        "4": 6
      },
      "empirical_coverage_on_canonical_mondrian": 0.973,
      "n_conformal_calibration_samples": 21544
    },
    "nsl_kdd_v2/dnn_5class_cw": {
      "marginal_threshold_alpha_0.05": 1.0,
      "mondrian_thresholds_alpha_0.05": {
        "0": 1.0,
        "1": 0.4447098970413208,
        "2": 0.9866669774055481,
        "3": 0.3751949667930603,
        "4": 1.0
      },
      "fallback_classes": [
        4
      ],
      "n_calib_per_predicted_class": {
        "0": 13374,
        "1": 6272,
        "2": 1686,
        "3": 202,
        "4": 10
      },
      "empirical_coverage_on_canonical_mondrian": 0.962,
      "n_conformal_calibration_samples": 21544
    },
    "nsl_kdd_v2/rf_5class_smote": {
      "marginal_threshold_alpha_0.05": 1.0,
      "mondrian_thresholds_alpha_0.05": {
        "0": 1.0,
        "1": 0.49061055056052216,
        "2": 1.0,
        "3": 0.46153936913341764,
        "4": 1.0
      },
      "fallback_classes": [
        4
      ],
      "n_calib_per_predicted_class": {
        "0": 13410,
        "1": 6314,
        "2": 1646,
        "3": 170,
        "4": 4
      },
      "empirical_coverage_on_canonical_mondrian": 0.977,
      "n_conformal_calibration_samples": 21544
    },
    "nsl_kdd_v2/xgb_5class_smote": {
      "marginal_threshold_alpha_0.05": 1.0,
      "mondrian_thresholds_alpha_0.05": {
        "0": 1.0,
        "1": 0.3571479916572571,
        "2": 1.0,
        "3": 0.43968233466148376,
        "4": 1.0
      },
      "fallback_classes": [
        4
      ],
      "n_calib_per_predicted_class": {
        "0": 13071,
        "1": 6277,
        "2": 1923,
        "3": 268,
        "4": 5
      },
      "empirical_coverage_on_canonical_mondrian": 0.979,
      "n_conformal_calibration_samples": 21544
    },
    "nsl_kdd_v2/dnn_5class_smote": {
      "marginal_threshold_alpha_0.05": 1.0,
      "mondrian_thresholds_alpha_0.05": {
        "0": 1.0,
        "1": 0.45670437812805176,
        "2": 1.0,
        "3": 1.0,
        "4": 1.0
      },
      "fallback_classes": [],
      "n_calib_per_predicted_class": {
        "0": 13292,
        "1": 6347,
        "2": 1631,
        "3": 235,
        "4": 39
      },
      "empirical_coverage_on_canonical_mondrian": 0.973,
      "n_conformal_calibration_samples": 21544
    },
    "unsw_nb15_v2/rf_5class_cw": {
      "marginal_threshold_alpha_0.05": 0.8898914956726482,
      "mondrian_thresholds_alpha_0.05": {
        "0": 0.4874123811248312,
        "1": 0.690847979035034,
        "2": 0.7267913863775285,
        "3": 0.9001092132802904,
        "4": 0.9982911108044621
      },
      "fallback_classes": [],
      "n_calib_per_predicted_class": {
        "0": 27812,
        "1": 124,
        "2": 3163,
        "3": 30918,
        "4": 444
      },
      "empirical_coverage_on_canonical_mondrian": 0.93,
      "n_conformal_calibration_samples": 62461
    },
    "unsw_nb15_v2/xgb_5class_cw": {
      "marginal_threshold_alpha_0.05": 0.8888731598854065,
      "mondrian_thresholds_alpha_0.05": {
        "0": 0.4801475405693054,
        "1": 0.8636389374732971,
        "2": 0.9127776026725769,
        "3": 0.9098784327507019,
        "4": 0.9981290698051453
      },
      "fallback_classes": [],
      "n_calib_per_predicted_class": {
        "0": 27185,
        "1": 842,
        "2": 3699,
        "3": 30010,
        "4": 725
      },
      "empirical_coverage_on_canonical_mondrian": 0.93,
      "n_conformal_calibration_samples": 62461
    },
    "unsw_nb15_v2/dnn_5class_cw": {
      "marginal_threshold_alpha_0.05": 0.8887551426887512,
      "mondrian_thresholds_alpha_0.05": {
        "0": 0.46638959646224976,
        "1": 0.5731340050697327,
        "2": 0.9781879782676697,
        "3": 0.8907523155212402,
        "4": 0.9985120892524719
      },
      "fallback_classes": [],
      "n_calib_per_predicted_class": {
        "0": 22602,
        "1": 97,
        "2": 4536,
        "3": 34284,
        "4": 942
      },
      "empirical_coverage_on_canonical_mondrian": 0.921,
      "n_conformal_calibration_samples": 62461
    },
    "unsw_nb15_v2/rf_5class_smote": {
      "marginal_threshold_alpha_0.05": 0.8852753291544543,
      "mondrian_thresholds_alpha_0.05": {
        "0": 0.49192952937459744,
        "1": 0.8096613717370588,
        "2": 0.8010273929344949,
        "3": 0.8975130187103496,
        "4": 0.999337565692101
      },
      "fallback_classes": [],
      "n_calib_per_predicted_class": {
        "0": 27154,
        "1": 192,
        "2": 3555,
        "3": 30995,
        "4": 565
      },
      "empirical_coverage_on_canonical_mondrian": 0.939,
      "n_conformal_calibration_samples": 62461
    },
    "unsw_nb15_v2/xgb_5class_smote": {
      "marginal_threshold_alpha_0.05": 0.8874526619911194,
      "mondrian_thresholds_alpha_0.05": {
        "0": 0.4848346710205078,
        "1": 0.8512584567070007,
        "2": 0.9123104214668274,
        "3": 0.9050580859184265,
        "4": 0.9977757334709167
      },
      "fallback_classes": [],
      "n_calib_per_predicted_class": {
        "0": 28169,
        "1": 883,
        "2": 3760,
        "3": 29039,
        "4": 610
      },
      "empirical_coverage_on_canonical_mondrian": 0.908,
      "n_conformal_calibration_samples": 62461
    },
    "unsw_nb15_v2/dnn_5class_smote": {
      "marginal_threshold_alpha_0.05": 0.8808138370513916,
      "mondrian_thresholds_alpha_0.05": {
        "0": 0.49464404582977295,
        "1": 0.6507017612457275,
        "2": 0.9772981405258179,
        "3": 0.8904426097869873,
        "4": 1.0
      },
      "fallback_classes": [],
      "n_calib_per_predicted_class": {
        "0": 26504,
        "1": 327,
        "2": 4507,
        "3": 30117,
        "4": 1006
      },
      "empirical_coverage_on_canonical_mondrian": 0.929,
      "n_conformal_calibration_samples": 62461
    },