dataset,model,sample_position,true_class,pred_class,correct,c1,c2,c3,scts
nsl_kdd_v2,rf_5class_cw,0,0,0,1,0.9999958872795105,0.6666666865348816,0.9999958872795105,87.35780334472656
nsl_kdd_v2,rf_5class_cw,1,4,0,0,0.9996930360794067,0.6666666865348816,0.9996930360794067,87.34017181396484
nsl_kdd_v2,rf_5class_cw,2,3,0,0,0.9999958872795105,0.5384615659713745,0.9999958872795105,81.35489654541016
nsl_kdd_v2,rf_5class_cw,3,3,0,0,0.9999958872795105,0.6666666865348816,0.9999958872795105,87.35780334472656
nsl_kdd_v2,rf_5class_cw,4,0,0,1,0.9999958872795105,0.8181818127632141,0.9999958872795105,93.52953338623047
nsl_kdd_v2,rf_5class_cw,5,2,0,0,0.5624969601631165,0.5384615659713745,0.5624969601631165,55.436824798583984
nsl_kdd_v2,rf_5class_cw,6,4,0,0,0.9995613098144531,0.5384615659713745,0.9995613098144531,81.33132934570312
nsl_kdd_v2,rf_5class_cw,7,3,0,0,0.9999927878379822,0.4285714328289032,0.9999927878379822,75.39437866210938
nsl_kdd_v2,rf_5class_cw,8,1,1,1,0.9795879125595093,0.5384615659713745,0.9544525742530823,79.55195617675781
nsl_kdd_v2,rf_5class_cw,9,0,0,1,0.9999958872795105,0.6666666865348816,0.9999958872795105,87.35780334472656
nsl_kdd_v2,rf_5class_cw,10,2,2,1,0.9999958872795105,0.6666666865348816,0.9999958872795105,87.35780334472656
nsl_kdd_v2,rf_5class_cw,11,2,2,1,0.9999958872795105,0.8181818127632141,0.9999958872795105,93.52953338623047
nsl_kdd_v2,rf_5class_cw,12,0,0,1,0.9999958872795105,0.6666666865348816,0.9999958872795105,87.35780334472656
nsl_kdd_v2,rf_5class_cw,13,1,0,0,0.9792177081108093,0.6666666865348816,0.9792177081108093,86.14347839355469
nsl_kdd_v2,rf_5class_cw,14,3,0,0,0.9999958872795105,0.8181818127632141,0.9999958872795105,93.52953338623047
nsl_kdd_v2,rf_5class_cw,15,0,2,0,0.9999958872795105,0.6666666865348816,0.9999958872795105,87.35780334472656
nsl_kdd_v2,rf_5class_cw,16,0,0,1,0.9999958872795105,0.5384615659713745,0.9999958872795105,81.35489654541016
nsl_kdd_v2,rf_5class_cw,17,3,0,0,0.9999958872795105,0.8181818127632141,0.9999958872795105,93.52953338623047
nsl_kdd_v2,rf_5class_cw,18,0,0,1,0.9999958872795105,0.5384615659713745,0.9999958872795105,81.35489654541016
nsl_kdd_v2,rf_5class_cw,19,0,0,1,0.9999958872795105,0.6666666865348816,0.9999958872795105,87.35780334472656
nsl_kdd_v2,rf_5class_cw,20,0,0,1,0.9999958872795105,0.8181818127632141,0.9999958872795105,93.52953338623047
nsl_kdd_v2,rf_5class_cw,21,3,0,0,0.9999790787696838,0.4285714328289032,0.9999790787696838,75.39369201660156
nsl_kdd_v2,rf_5class_cw,22,0,0,1,0.9999958872795105,0.5384615659713745,0.9999958872795105,81.35489654541016
nsl_kdd_v2,rf_5class_cw,23,1,1,1,0.769225537776947,0.4285714328289032,0.48505163192749023,54.27772521972656
nsl_kdd_v2,rf_5class_cw,24,0,0,1,0.9119937419891357,0.8181818127632141,0.9119937419891357,87.95851135253906
nsl_kdd_v2,rf_5class_cw,25,2,2,1,0.9999958872795105,0.8181818127632141,0.9999958872795105,93.52953338623047
nsl_kdd_v2,rf_5class_cw,26,0,0,1,0.9790882468223572,0.6666666865348816,0.9790882468223572,86.1358871459961
nsl_kdd_v2,rf_5class_cw,27,4,4,1,0.6744303703308105,0.5384615659713745,0.6744303703308105,62.5666618347168
nsl_kdd_v2,rf_5class_cw,28,3,0,0,0.9792177081108093,0.5384615659713745,0.9792177081108093,80.2240219116211
nsl_kdd_v2,rf_5class_cw,29,1,1,1,0.9999958872795105,0.6666666865348816,0.9999908208847046,87.35765838623047
nsl_kdd_v2,rf_5class_cw,30,1,1,1,0.799996018409729,0.5384615659713745,0.5537126660346985,62.01675033569336
nsl_kdd_v2,rf_5class_cw,31,4,0,0,0.9789482355117798,0.6666666865348816,0.9789482355117798,86.12767791748047
nsl_kdd_v2,rf_5class_cw,32,2,2,1,0.8475085496902466,0.6666666865348816,0.8475085496902466,78.234619140625
nsl_kdd_v2,rf_5class_cw,33,2,2,1,0.5581377148628235,0.6666666865348816,0.5581377148628235,59.21937942504883
nsl_kdd_v2,rf_5class_cw,34,1,1,1,0.9999958872795105,0.6666666865348816,0.9999908208847046,87.35765838623047
nsl_kdd_v2,rf_5class_cw,35,3,0,0,0.9999958872795105,0.6666666865348816,0.9999958872795105,87.35780334472656
nsl_kdd_v2,rf_5class_cw,36,1,1,1,0.9999958872795105,0.6666666865348816,0.9999908208847046,87.35765838623047
nsl_kdd_v2,rf_5class_cw,37,1,1,1,0.9999958872795105,0.6666666865348816,0.9999908208847046,87.35765838623047
nsl_kdd_v2,rf_5class_cw,38,1,1,1,0.9999958872795105,0.8181818127632141,0.9999908208847046,93.52937316894531
nsl_kdd_v2,rf_5class_cw,39,2,2,1,0.9999958872795105,0.6666666865348816,0.9999958872795105,87.35780334472656
nsl_kdd_v2,rf_5class_cw,40,0,0,1,0.9999958872795105,0.5384615659713745,0.9999958872795105,81.35489654541016
nsl_kdd_v2,rf_5class_cw,41,3,0,0,0.9999958276748657,0.5384615659713745,0.9999958276748657,81.35488891601562
nsl_kdd_v2,rf_5class_cw,42,1,1,1,0.9999958872795105,0.6666666865348816,0.9999908208847046,87.35765838623047
nsl_kdd_v2,rf_5class_cw,43,2,2,1,0.9999958872795105,0.5384615659713745,0.9999958872795105,81.35489654541016
nsl_kdd_v2,rf_5class_cw,44,2,2,1,0.6249951720237732,0.6666666865348816,0.6249951720237732,63.858787536621094
nsl_kdd_v2,rf_5class_cw,45,3,0,0,0.9632036685943604,0.8181818127632141,0.9632036685943604,91.22111511230469
nsl_kdd_v2,rf_5class_cw,46,1,1,1,0.9999958872795105,0.6666666865348816,0.9999908208847046,87.35765838623047
nsl_kdd_v2,rf_5class_cw,47,1,1,1,0.9999958872795105,0.6666666865348816,0.9999908208847046,87.35765838623047
nsl_kdd_v2,rf_5class_cw,48,0,0,1,0.9999958872795105,0.5384615659713745,0.9999958872795105,81.35489654541016
nsl_kdd_v2,rf_5class_cw,49,3,0,0,0.808820366859436,0.6666666865348816,0.808820366859436,75.83522033691406
nsl_kdd_v2,rf_5class_cw,50,2,2,1,0.9999958872795105,0.6666666865348816,0.9999958872795105,87.35780334472656
nsl_kdd_v2,rf_5class_cw,51,2,0,0,0.9119937419891357,0.5384615659713745,0.9119937419891357,76.5090560913086
nsl_kdd_v2,rf_5class_cw,52,3,0,0,0.9999958872795105,0.4285714328289032,0.9999958872795105,75.39453125
nsl_kdd_v2,rf_5class_cw,53,1,1,1,0.9999958872795105,0.6666666865348816,0.9999908208847046,87.35765838623047
nsl_kdd_v2,rf_5class_cw,54,2,2,1,0.9999958872795105,0.6666666865348816,0.9999958872795105,87.35780334472656
nsl_kdd_v2,rf_5class_cw,55,3,0,0,0.9999958872795105,0.5384615659713745,0.9999958872795105,81.35489654541016
nsl_kdd_v2,rf_5class_cw,56,1,1,1,0.9999958872795105,0.4285714328289032,0.9999908208847046,75.3944091796875
nsl_kdd_v2,rf_5class_cw,57,0,0,1,0.9999958872795105,0.5384615659713745,0.9999958872795105,81.35489654541016
nsl_kdd_v2,rf_5class_cw,58,2,2,1,0.9999958872795105,0.5384615659713745,0.9999958872795105,81.35489654541016
nsl_kdd_v2,rf_5class_cw,59,3,3,1,0.6363614201545715,0.4285714328289032,0.2626245617866516,41.52925491333008
nsl_kdd_v2,rf_5class_cw,60,0,0,1,0.9999958872795105,0.6666666865348816,0.9999958872795105,87.35780334472656
nsl_kdd_v2,rf_5class_cw,61,3,0,0,0.7118062973022461,0.5384615659713745,0.7118062973022461,64.85739135742188
nsl_kdd_v2,rf_5class_cw,62,0,0,1,0.9999958872795105,0.5384615659713745,0.9999958872795105,81.35489654541016
nsl_kdd_v2,rf_5class_cw,63,0,0,1,0.9999958872795105,0.5384615659713745,0.9999958872795105,81.35489654541016
nsl_kdd_v2,rf_5class_cw,64,2,0,0,0.9790882468223572,0.6666666865348816,0.9790882468223572,86.1358871459961
nsl_kdd_v2,rf_5class_cw,65,0,0,1,0.9999958872795105,0.8181818127632141,0.9999958872795105,93.52953338623047
nsl_kdd_v2,rf_5class_cw,66,0,0,1,0.9999958872795105,0.6666666865348816,0.9999958872795105,87.35780334472656
nsl_kdd_v2,rf_5class_cw,67,1,1,1,0.9795879125595093,0.8181818127632141,0.9544525742530823,91.45677185058594
nsl_kdd_v2,rf_5class_cw,68,0,0,1,0.9999958872795105,0.8181818127632141,0.9999958872795105,93.52953338623047
nsl_kdd_v2,rf_5class_cw,69,0,0,1,0.9999958872795105,0.8181818127632141,0.9999958872795105,93.52953338623047
nsl_kdd_v2,rf_5class_cw,70,0,0,1,0.9999958872795105,0.6666666865348816,0.9999958872795105,87.35780334472656
nsl_kdd_v2,rf_5class_cw,71,2,2,1,0.9999958872795105,0.8181818127632141,0.9999958872795105,93.52953338623047
nsl_kdd_v2,rf_5class_cw,72,0,0,1,0.9999958872795105,0.5384615659713745,0.9999958872795105,81.35489654541016
nsl_kdd_v2,rf_5class_cw,73,1,1,1,0.9999958872795105,0.6666666865348816,0.9999908208847046,87.35765838623047
nsl_kdd_v2,rf_5class_cw,74,3,3,1,0.5600796341896057,0.5384615659713745,0.10794258862733841,31.930011749267578
nsl_kdd_v2,rf_5class_cw,75,4,0,0,0.996996283531189,0.6666666865348816,0.996996283531189,87.18302917480469
nsl_kdd_v2,rf_5class_cw,76,3,0,0,0.9790882468223572,0.8181818127632141,0.9790882468223572,92.22128295898438
nsl_kdd_v2,rf_5class_cw,77,2,0,0,0.9759657979011536,0.4285714328289032,0.9759657979011536,74.18181610107422
nsl_kdd_v2,rf_5class_cw,78,0,0,1,0.9999958872795105,0.4285714328289032,0.9999958872795105,75.39453125
nsl_kdd_v2,rf_5class_cw,79,0,0,1,0.9999958872795105,0.6666666865348816,0.9999958872795105,87.35780334472656
nsl_kdd_v2,rf_5class_cw,80,1,1,1,0.9999958872795105,0.6666666865348816,0.9999908208847046,87.35765838623047
nsl_kdd_v2,rf_5class_cw,81,2,2,1,0.9999958872795105,0.6666666865348816,0.9999958872795105,87.35780334472656
nsl_kdd_v2,rf_5class_cw,82,1,1,1,0.9999958872795105,0.8181818127632141,0.9999908208847046,93.52937316894531
nsl_kdd_v2,rf_5class_cw,83,4,0,0,0.9998497366905212,0.6666666865348816,0.9998497366905212,87.34929656982422
nsl_kdd_v2,rf_5class_cw,84,0,2,0,0.9999958872795105,0.6666666865348816,0.9999958872795105,87.35780334472656
nsl_kdd_v2,rf_5class_cw,85,1,1,1,0.9999958872795105,0.6666666865348816,0.9999908208847046,87.35765838623047
nsl_kdd_v2,rf_5class_cw,86,0,0,1,0.9999958872795105,0.6666666865348816,0.9999958872795105,87.35780334472656
nsl_kdd_v2,rf_5class_cw,87,1,0,0,0.9119937419891357,0.6666666865348816,0.9119937419891357,82.1543960571289
nsl_kdd_v2,rf_5class_cw,88,0,0,1,0.9999958872795105,0.6666666865348816,0.9999958872795105,87.35780334472656
nsl_kdd_v2,rf_5class_cw,89,1,1,1,0.9999958872795105,0.6666666865348816,0.9999908208847046,87.35765838623047
nsl_kdd_v2,rf_5class_cw,90,0,2,0,0.9999958872795105,0.6666666865348816,0.9999958872795105,87.35780334472656
nsl_kdd_v2,rf_5class_cw,91,1,1,1,0.9999958872795105,0.8181818127632141,0.9999908208847046,93.52937316894531
nsl_kdd_v2,rf_5class_cw,92,0,0,1,0.9999958872795105,0.5384615659713745,0.9999958872795105,81.35489654541016
nsl_kdd_v2,rf_5class_cw,93,1,1,1,0.9999958872795105,0.6666666865348816,0.9999908208847046,87.35765838623047
nsl_kdd_v2,rf_5class_cw,94,4,0,0,0.9933711290359497,0.4285714328289032,0.9933711290359497,75.06118774414062
nsl_kdd_v2,rf_5class_cw,95,4,0,0,0.9999126195907593,0.5384615659713745,0.9999126195907593,81.35038757324219
nsl_kdd_v2,rf_5class_cw,96,1,1,1,0.9999958872795105,0.5384615659713745,0.9999908208847046,81.3547592163086
nsl_kdd_v2,rf_5class_cw,97,0,0,1,0.9999958872795105,0.6666666865348816,0.9999958872795105,87.35780334472656
nsl_kdd_v2,rf_5class_cw,98,0,0,1,0.9999958872795105,0.6666666865348816,0.9999958872795105,87.35780334472656
nsl_kdd_v2,rf_5class_cw,99,1,1,1,0.9999958872795105,0.5384615659713745,0.9999908208847046,81.3547592163086
nsl_kdd_v2,rf_5class_cw,100,3,0,0,0.9999853372573853,0.4285714328289032,0.9999853372573853,75.39400482177734
nsl_kdd_v2,rf_5class_cw,101,2,0,0,0.9790882468223572,0.6666666865348816,0.9790882468223572,86.1358871459961
nsl_kdd_v2,rf_5class_cw,102,2,0,0,0.9759657979011536,0.6666666865348816,0.9759657979011536,85.9526596069336
nsl_kdd_v2,rf_5class_cw,103,3,0,0,0.9999853372573853,0.5384615659713745,0.9999853372573853,81.35433197021484
nsl_kdd_v2,rf_5class_cw,104,0,0,1,0.9999958872795105,0.6666666865348816,0.9999958872795105,87.35780334472656
nsl_kdd_v2,rf_5class_cw,105,3,0,0,0.9790874719619751,0.5384615659713745,0.9790874719619751,80.21690368652344
nsl_kdd_v2,rf_5class_cw,106,1,1,1,0.9999958872795105,0.8181818127632141,0.9999908208847046,93.52937316894531
nsl_kdd_v2,rf_5class_cw,107,2,2,1,0.6666612029075623,0.6666666865348816,0.6666612029075623,66.66629791259766
nsl_kdd_v2,rf_5class_cw,108,2,2,1,0.6666612029075623,0.5384615659713745,0.6666612029075623,62.08523941040039
nsl_kdd_v2,rf_5class_cw,109,4,0,0,0.9999958872795105,0.6666666865348816,0.9999958872795105,87.35780334472656
nsl_kdd_v2,rf_5class_cw,110,4,3,0,0.7244718074798584,0.6666666865348816,0.4412921965122223,59.73361587524414
nsl_kdd_v2,rf_5class_cw,111,0,0,1,0.9999958872795105,0.8181818127632141,0.9999958872795105,93.52953338623047
nsl_kdd_v2,rf_5class_cw,112,3,0,0,0.9790882468223572,0.8181818127632141,0.9790882468223572,92.22128295898438
nsl_kdd_v2,rf_5class_cw,113,0,0,1,0.9790882468223572,0.6666666865348816,0.9790882468223572,86.1358871459961
nsl_kdd_v2,rf_5class_cw,114,2,0,0,0.9759657979011536,0.6666666865348816,0.9759657979011536,85.9526596069336
nsl_kdd_v2,rf_5class_cw,115,0,0,1,0.9790882468223572,0.6666666865348816,0.9790882468223572,86.1358871459961
nsl_kdd_v2,rf_5class_cw,116,2,2,1,0.6249951720237732,0.5384615659713745,0.6249951720237732,59.470645904541016
nsl_kdd_v2,rf_5class_cw,117,3,0,0,0.8298726081848145,0.5384615659713745,0.8298726081848145,71.84432983398438
nsl_kdd_v2,rf_5class_cw,118,3,0,0,0.9999949932098389,0.6666666865348816,0.9999949932098389,87.35774993896484
nsl_kdd_v2,rf_5class_cw,119,2,2,1,0.9999958872795105,0.5384615659713745,0.9999958872795105,81.35489654541016
nsl_kdd_v2,rf_5class_cw,120,1,1,1,0.9999958872795105,0.8181818127632141,0.9999908208847046,93.52937316894531
nsl_kdd_v2,rf_5class_cw,121,3,0,0,0.9999958872795105,0.6666666865348816,0.9999958872795105,87.35780334472656
nsl_kdd_v2,rf_5class_cw,122,3,0,0,0.9790882468223572,0.6666666865348816,0.9790882468223572,86.1358871459961
nsl_kdd_v2,rf_5class_cw,123,1,1,1,0.9999958872795105,0.6666666865348816,0.9999908208847046,87.35765838623047
nsl_kdd_v2,rf_5class_cw,124,2,2,1,0.6666612029075623,0.6666666865348816,0.6666612029075623,66.66629791259766
nsl_kdd_v2,rf_5class_cw,125,1,1,1,0.7325557470321655,0.8181818127632141,0.4032268524169922,62.28927993774414
nsl_kdd_v2,rf_5class_cw,126,1,2,0,0.5581380128860474,1.0,0.5581380128860474,67.7892837524414
nsl_kdd_v2,rf_5class_cw,127,0,0,1,0.9999958872795105,0.6666666865348816,0.9999958872795105,87.35780334472656
nsl_kdd_v2,rf_5class_cw,128,0,0,1,0.9999958872795105,0.6666666865348816,0.9999958872795105,87.35780334472656
nsl_kdd_v2,rf_5class_cw,129,1,1,1,0.7692270874977112,0.6666666865348816,0.4850551187992096,62.890464782714844
nsl_kdd_v2,rf_5class_cw,130,0,0,1,0.9999958872795105,0.5384615659713745,0.9999958872795105,81.35489654541016
nsl_kdd_v2,rf_5class_cw,131,1,1,1,0.9999958872795105,0.8181818127632141,0.9999908208847046,93.52937316894531
nsl_kdd_v2,rf_5class_cw,132,1,1,1,0.9999958872795105,0.6666666865348816,0.9999908208847046,87.35765838623047
nsl_kdd_v2,rf_5class_cw,133,1,1,1,0.9999958872795105,0.6666666865348816,0.9999908208847046,87.35765838623047
nsl_kdd_v2,rf_5class_cw,134,2,2,1,0.9999958872795105,0.5384615659713745,0.9999958872795105,81.35489654541016
nsl_kdd_v2,rf_5class_cw,135,0,0,1,0.9999958872795105,0.8181818127632141,0.9999958872795105,93.52953338623047
nsl_kdd_v2,rf_5class_cw,136,4,3,0,0.5908228754997253,0.5384615659713745,0.17028288543224335,37.837955474853516
nsl_kdd_v2,rf_5class_cw,137,4,3,0,0.7256394624710083,0.4285714328289032,0.4436599314212799,51.673133850097656
nsl_kdd_v2,rf_5class_cw,138,3,0,0,0.9999749660491943,0.4285714328289032,0.9999749660491943,75.39348602294922
nsl_kdd_v2,rf_5class_cw,139,3,0,0,0.9999958872795105,0.6666666865348816,0.9999958872795105,87.35780334472656
nsl_kdd_v2,rf_5class_cw,140,2,2,1,0.9999958872795105,0.6666666865348816,0.9999958872795105,87.35780334472656
nsl_kdd_v2,rf_5class_cw,141,2,2,1,0.9999958872795105,0.5384615659713745,0.9999958872795105,81.35489654541016
nsl_kdd_v2,rf_5class_cw,142,3,0,0,0.9790882468223572,0.6666666865348816,0.9790882468223572,86.1358871459961
nsl_kdd_v2,rf_5class_cw,143,1,1,1,0.9999958872795105,0.8181818127632141,0.9999908208847046,93.52937316894531
nsl_kdd_v2,rf_5class_cw,144,2,2,1,0.8407607078552246,0.6666666865348816,0.8407607078552246,77.81880187988281
nsl_kdd_v2,rf_5class_cw,145,2,2,1,0.9999958872795105,0.6666666865348816,0.9999958872795105,87.35780334472656
nsl_kdd_v2,rf_5class_cw,146,0,0,1,0.9999958872795105,0.6666666865348816,0.9999958872795105,87.35780334472656
nsl_kdd_v2,rf_5class_cw,147,1,1,1,0.9999958872795105,0.6666666865348816,0.9999908208847046,87.35765838623047
nsl_kdd_v2,rf_5class_cw,148,0,0,1,0.9999958872795105,0.6666666865348816,0.9999958872795105,87.35780334472656
nsl_kdd_v2,rf_5class_cw,149,2,2,1,0.9999958872795105,0.6666666865348816,0.9999958872795105,87.35780334472656
nsl_kdd_v2,rf_5class_cw,150,3,0,0,0.9792100191116333,0.4285714328289032,0.9792100191116333,74.34612274169922
nsl_kdd_v2,rf_5class_cw,151,2,0,0,0.5624969601631165,0.5384615659713745,0.5624969601631165,55.436824798583984
nsl_kdd_v2,rf_5class_cw,152,2,2,1,0.545207679271698,0.6666666865348816,0.545207679271698,58.30120849609375
nsl_kdd_v2,rf_5class_cw,153,0,0,1,0.9999958872795105,0.8181818127632141,0.9999958872795105,93.52953338623047
nsl_kdd_v2,rf_5class_cw,154,0,0,1,0.9999958872795105,0.5384615659713745,0.9999958872795105,81.35489654541016
nsl_kdd_v2,rf_5class_cw,155,1,0,0,0.9999958872795105,0.6666666865348816,0.9999958872795105,87.35780334472656
nsl_kdd_v2,rf_5class_cw,156,2,2,1,0.9999958872795105,0.6666666865348816,0.9999958872795105,87.35780334472656
nsl_kdd_v2,rf_5class_cw,157,0,0,1,0.9999958872795105,0.5384615659713745,0.9999958872795105,81.35489654541016
nsl_kdd_v2,rf_5class_cw,158,1,0,0,0.9792177081108093,0.6666666865348816,0.9792177081108093,86.14347839355469
nsl_kdd_v2,rf_5class_cw,159,4,4,1,1.0,0.3333333432674408,1.0,69.33612823486328
nsl_kdd_v2,rf_5class_cw,160,1,1,1,0.9999958872795105,0.5384615659713745,0.9999908208847046,81.3547592163086
nsl_kdd_v2,rf_5class_cw,161,2,2,1,0.9999958872795105,0.6666666865348816,0.9999958872795105,87.35780334472656
nsl_kdd_v2,rf_5class_cw,162,0,0,1,0.9999958872795105,0.5384615659713745,0.9999958872795105,81.35489654541016
nsl_kdd_v2,rf_5class_cw,163,1,1,1,0.9999958872795105,0.8181818127632141,0.9999908208847046,93.52937316894531
nsl_kdd_v2,rf_5class_cw,164,2,2,1,0.9999958872795105,0.5384615659713745,0.9999958872795105,81.35489654541016
nsl_kdd_v2,rf_5class_cw,165,1,1,1,0.9999958872795105,0.6666666865348816,0.9999908208847046,87.35765838623047
nsl_kdd_v2,rf_5class_cw,166,2,2,1,0.7826045155525208,0.5384615659713745,0.7826045155525208,69.08966827392578
nsl_kdd_v2,rf_5class_cw,167,3,0,0,0.9795879125595093,0.4285714328289032,0.9795879125595093,74.36524963378906
nsl_kdd_v2,rf_5class_cw,168,0,0,1,0.9999958872795105,0.6666666865348816,0.9999958872795105,87.35780334472656
nsl_kdd_v2,rf_5class_cw,169,0,0,1,0.9999958872795105,0.8181818127632141,0.9999958872795105,93.52953338623047
nsl_kdd_v2,rf_5class_cw,170,1,1,1,0.9999958872795105,0.8181818127632141,0.9999908208847046,93.52937316894531
nsl_kdd_v2,rf_5class_cw,171,2,2,1,0.9999958872795105,0.8181818127632141,0.9999958872795105,93.52953338623047
nsl_kdd_v2,rf_5class_cw,172,2,1,0,0.9999958872795105,0.6666666865348816,0.9999908208847046,87.35765838623047
nsl_kdd_v2,rf_5class_cw,173,0,0,1,0.9999958872795105,0.6666666865348816,0.9999958872795105,87.35780334472656
nsl_kdd_v2,rf_5class_cw,174,1,1,1,0.9999958872795105,0.6666666865348816,0.9999908208847046,87.35765838623047
nsl_kdd_v2,rf_5class_cw,175,2,1,0,0.852985680103302,0.6666666865348816,0.6719533801078796,72.56544494628906
nsl_kdd_v2,rf_5class_cw,176,1,1,1,0.9999958872795105,0.6666666865348816,0.9999908208847046,87.35765838623047
nsl_kdd_v2,rf_5class_cw,177,3,0,0,0.9999958276748657,0.6666666865348816,0.9999958276748657,87.35780334472656
nsl_kdd_v2,rf_5class_cw,178,0,0,1,0.9999958872795105,0.5384615659713745,0.9999958872795105,81.35489654541016
nsl_kdd_v2,rf_5class_cw,179,4,0,0,0.9011281728744507,0.4285714328289032,0.9011281728744507,70.33942413330078
nsl_kdd_v2,rf_5class_cw,180,0,0,1,0.9999958872795105,0.6666666865348816,0.9999958872795105,87.35780334472656
nsl_kdd_v2,rf_5class_cw,181,3,0,0,0.999995768070221,0.5384615659713745,0.999995768070221,81.35488891601562
nsl_kdd_v2,rf_5class_cw,182,1,1,1,0.9999958872795105,0.6666666865348816,0.9999908208847046,87.35765838623047
nsl_kdd_v2,rf_5class_cw,183,1,1,1,0.9999958872795105,0.8181818127632141,0.9999908208847046,93.52937316894531
nsl_kdd_v2,rf_5class_cw,184,4,0,0,0.9999958872795105,0.8181818127632141,0.9999958872795105,93.52953338623047
nsl_kdd_v2,rf_5class_cw,185,1,1,1,0.9999958872795105,0.6666666865348816,0.9999908208847046,87.35765838623047
nsl_kdd_v2,rf_5class_cw,186,0,0,1,0.9999749660491943,0.6666666865348816,0.9999749660491943,87.3565902709961
nsl_kdd_v2,rf_5class_cw,187,0,0,1,0.9999958872795105,0.5384615659713745,0.9999958872795105,81.35489654541016
nsl_kdd_v2,rf_5class_cw,188,3,0,0,0.9999949336051941,0.6666666865348816,0.9999949336051941,87.35774993896484
nsl_kdd_v2,rf_5class_cw,189,1,1,1,0.9999958872795105,0.8181818127632141,0.9999908208847046,93.52937316894531
nsl_kdd_v2,rf_5class_cw,190,0,0,1,0.9999958872795105,0.5384615659713745,0.9999958872795105,81.35489654541016
nsl_kdd_v2,rf_5class_cw,191,4,0,0,0.9981738924980164,0.5384615659713745,0.9981738924980164,81.25605010986328
nsl_kdd_v2,rf_5class_cw,192,1,1,1,0.9795879125595093,0.6666666865348816,0.9544525742530823,85.42182159423828
nsl_kdd_v2,rf_5class_cw,193,3,0,0,0.9999958872795105,0.8181818127632141,0.9999958872795105,93.52953338623047
nsl_kdd_v2,rf_5class_cw,194,3,0,0,0.9999958872795105,0.6666666865348816,0.9999958872795105,87.35780334472656
nsl_kdd_v2,rf_5class_cw,195,0,0,1,0.9999958872795105,0.6666666865348816,0.9999958872795105,87.35780334472656
nsl_kdd_v2,rf_5class_cw,196,2,0,0,0.9790882468223572,0.6666666865348816,0.9790882468223572,86.1358871459961
nsl_kdd_v2,rf_5class_cw,197,4,0,0,0.9999939799308777,0.6666666865348816,0.9999939799308777,87.35769653320312
nsl_kdd_v2,rf_5class_cw,198,3,0,0,0.9999958872795105,0.5384615659713745,0.9999958872795105,81.35489654541016
nsl_kdd_v2,rf_5class_cw,199,4,0,0,0.9999384880065918,0.6666666865348816,0.9999384880065918,87.35446166992188
nsl_kdd_v2,rf_5class_cw,200,1,1,1,0.9999958872795105,0.6666666865348816,0.9999908208847046,87.35765838623047
nsl_kdd_v2,rf_5class_cw,201,1,1,1,0.9999958872795105,0.8181818127632141,0.9999908208847046,93.52937316894531
nsl_kdd_v2,rf_5class_cw,202,2,1,0,0.4074053466320038,0.8181818127632141,0.0,0.6933600306510925
nsl_kdd_v2,rf_5class_cw,203,4,0,0,0.9999958276748657,0.8181818127632141,0.9999958276748657,93.52952575683594
nsl_kdd_v2,rf_5class_cw,204,0,0,1,0.9999958872795105,0.6666666865348816,0.9999958872795105,87.35780334472656
nsl_kdd_v2,rf_5class_cw,205,4,0,0,0.9999853372573853,0.8181818127632141,0.9999853372573853,93.52886962890625
nsl_kdd_v2,rf_5class_cw,206,2,0,0,0.9790882468223572,0.5384615659713745,0.9790882468223572,80.2169418334961
nsl_kdd_v2,rf_5class_cw,207,0,0,1,0.9999958872795105,0.6666666865348816,0.9999958872795105,87.35780334472656
nsl_kdd_v2,rf_5class_cw,208,2,0,0,0.6206867694854736,0.6666666865348816,0.6206867694854736,63.564979553222656
nsl_kdd_v2,rf_5class_cw,209,2,2,1,0.9999958872795105,0.6666666865348816,0.9999958872795105,87.35780334472656
nsl_kdd_v2,rf_5class_cw,210,3,0,0,0.9999958872795105,0.8181818127632141,0.9999958872795105,93.52953338623047
nsl_kdd_v2,rf_5class_cw,211,1,0,0,0.9999958872795105,0.6666666865348816,0.9999958872795105,87.35780334472656
nsl_kdd_v2,rf_5class_cw,212,1,1,1,0.9999958872795105,0.6666666865348816,0.9999908208847046,87.35765838623047
nsl_kdd_v2,rf_5class_cw,213,2,0,0,0.9488101601600647,0.5384615659713745,0.9488101601600647,78.55451202392578
nsl_kdd_v2,rf_5class_cw,214,0,0,1,0.9999958872795105,0.6666666865348816,0.9999958872795105,87.35780334472656
nsl_kdd_v2,rf_5class_cw,215,3,0,0,0.9999958872795105,0.5384615659713745,0.9999958872795105,81.35489654541016
nsl_kdd_v2,rf_5class_cw,216,3,0,0,0.9999958872795105,0.6666666865348816,0.9999958872795105,87.35780334472656
nsl_kdd_v2,rf_5class_cw,217,3,0,0,0.9999958872795105,0.8181818127632141,0.9999958872795105,93.52953338623047
nsl_kdd_v2,rf_5class_cw,218,3,0,0,0.9999897480010986,0.6666666865348816,0.9999897480010986,87.35745239257812
nsl_kdd_v2,rf_5class_cw,219,1,1,1,0.9999958872795105,0.6666666865348816,0.9999908208847046,87.35765838623047
nsl_kdd_v2,rf_5class_cw,220,2,0,0,0.9119937419891357,0.6666666865348816,0.9119937419891357,82.1543960571289
nsl_kdd_v2,rf_5class_cw,221,1,1,1,0.9999958872795105,0.5384615659713745,0.9999908208847046,81.3547592163086
nsl_kdd_v2,rf_5class_cw,222,1,1,1,0.5499981045722961,0.4285714328289032,0.0,0.6177243590354919
nsl_kdd_v2,rf_5class_cw,223,1,1,1,0.9999958872795105,0.8181818127632141,0.9999908208847046,93.52937316894531
nsl_kdd_v2,rf_5class_cw,224,1,0,0,0.506808876991272,0.5384615659713745,0.506808876991272,51.71474075317383
nsl_kdd_v2,rf_5class_cw,225,2,1,0,0.9999958872795105,0.6666666865348816,0.9999908208847046,87.35765838623047
nsl_kdd_v2,rf_5class_cw,226,2,2,1,0.9999958872795105,0.5384615659713745,0.9999958872795105,81.35489654541016
nsl_kdd_v2,rf_5class_cw,227,1,1,1,0.9999958872795105,0.8181818127632141,0.9999908208847046,93.52937316894531
nsl_kdd_v2,rf_5class_cw,228,3,0,0,0.9488101601600647,0.5384615659713745,0.9488101601600647,78.55451202392578
nsl_kdd_v2,rf_5class_cw,229,0,0,1,0.9488101601600647,0.6666666865348816,0.9488101601600647,84.35078430175781
nsl_kdd_v2,rf_5class_cw,230,2,2,1,0.9999958872795105,0.8181818127632141,0.9999958872795105,93.52953338623047
nsl_kdd_v2,rf_5class_cw,231,1,1,1,0.9999958872795105,0.3333333432674408,0.9999908208847046,69.3358154296875
nsl_kdd_v2,rf_5class_cw,232,2,2,1,0.9999958872795105,0.4285714328289032,0.9999958872795105,75.39453125
nsl_kdd_v2,rf_5class_cw,233,3,0,0,0.9488101601600647,0.25,0.9488101601600647,60.82743835449219
nsl_kdd_v2,rf_5class_cw,234,0,0,1,0.9999958872795105,0.8181818127632141,0.9999958872795105,93.52953338623047
nsl_kdd_v2,rf_5class_cw,235,3,0,0,0.9999897480010986,0.6666666865348816,0.9999897480010986,87.35745239257812
nsl_kdd_v2,rf_5class_cw,236,1,1,1,0.9999958872795105,0.5384615659713745,0.9999908208847046,81.3547592163086
nsl_kdd_v2,rf_5class_cw,237,0,0,1,0.9999958872795105,0.6666666865348816,0.9999958872795105,87.35780334472656
nsl_kdd_v2,rf_5class_cw,238,2,2,1,0.9999958872795105,0.6666666865348816,0.9999958872795105,87.35780334472656
nsl_kdd_v2,rf_5class_cw,239,3,0,0,0.9790824055671692,0.5384615659713745,0.9790824055671692,80.21662902832031
nsl_kdd_v2,rf_5class_cw,240,1,1,1,0.9999958872795105,0.6666666865348816,0.9999908208847046,87.35765838623047
nsl_kdd_v2,rf_5class_cw,241,1,1,1,0.9999958872795105,0.5384615659713745,0.9999908208847046,81.3547592163086
nsl_kdd_v2,rf_5class_cw,242,4,0,0,0.9978950619697571,0.5384615659713745,0.9978950619697571,81.24091339111328
nsl_kdd_v2,rf_5class_cw,243,3,0,0,0.9999958872795105,0.5384615659713745,0.9999958872795105,81.35489654541016
nsl_kdd_v2,rf_5class_cw,244,1,1,1,0.9999958872795105,0.5384615659713745,0.9999908208847046,81.3547592163086
nsl_kdd_v2,rf_5class_cw,245,0,0,1,0.9999958872795105,0.6666666865348816,0.9999958872795105,87.35780334472656
nsl_kdd_v2,rf_5class_cw,246,1,0,0,0.9790882468223572,0.8181818127632141,0.9790882468223572,92.22128295898438
nsl_kdd_v2,rf_5class_cw,247,1,1,1,0.9999958872795105,0.5384615659713745,0.9999908208847046,81.3547592163086
nsl_kdd_v2,rf_5class_cw,248,3,0,0,0.9999958872795105,0.8181818127632141,0.9999958872795105,93.52953338623047
nsl_kdd_v2,rf_5class_cw,249,3,0,0,0.9999958872795105,0.8181818127632141,0.9999958872795105,93.52953338623047
nsl_kdd_v2,rf_5class_cw,250,3,0,0,0.9999914169311523,0.6666666865348816,0.9999914169311523,87.3575439453125
nsl_kdd_v2,rf_5class_cw,251,0,0,1,0.9999958872795105,0.8181818127632141,0.9999958872795105,93.52953338623047
nsl_kdd_v2,rf_5class_cw,252,3,0,0,0.9792177081108093,0.6666666865348816,0.9792177081108093,86.14347839355469
nsl_kdd_v2,rf_5class_cw,253,1,0,0,0.6063129901885986,0.6666666865348816,0.6063129901885986,62.57979965209961
nsl_kdd_v2,rf_5class_cw,254,3,0,0,0.999995768070221,0.5384615659713745,0.999995768070221,81.35488891601562
nsl_kdd_v2,rf_5class_cw,255,1,0,0,0.9792177081108093,0.6666666865348816,0.9792177081108093,86.14347839355469
nsl_kdd_v2,rf_5class_cw,256,2,2,1,0.9999958872795105,0.6666666865348816,0.9999958872795105,87.35780334472656
nsl_kdd_v2,rf_5class_cw,257,1,0,0,0.9414371252059937,0.6666666865348816,0.9414371252059937,83.91323852539062
nsl_kdd_v2,rf_5class_cw,258,2,2,1,0.9999958872795105,0.5384615659713745,0.9999958872795105,81.35489654541016
nsl_kdd_v2,rf_5class_cw,259,0,0,1,0.9999958872795105,0.6666666865348816,0.9999958872795105,87.35780334472656
nsl_kdd_v2,rf_5class_cw,260,1,1,1,0.9999958872795105,0.6666666865348816,0.9999908208847046,87.35765838623047
nsl_kdd_v2,rf_5class_cw,261,4,0,0,0.9999488592147827,0.5384615659713745,0.9999488592147827,81.35234832763672
nsl_kdd_v2,rf_5class_cw,262,3,0,0,0.9999897480010986,0.5384615659713745,0.9999897480010986,81.35456085205078
nsl_kdd_v2,rf_5class_cw,263,0,0,1,0.9947037100791931,0.6666666865348816,0.9947037100791931,87.04932403564453
nsl_kdd_v2,rf_5class_cw,264,4,0,0,0.9999950528144836,0.6666666865348816,0.9999950528144836,87.35775756835938
nsl_kdd_v2,rf_5class_cw,265,3,0,0,0.9999958872795105,0.5384615659713745,0.9999958872795105,81.35489654541016
nsl_kdd_v2,rf_5class_cw,266,3,0,0,0.9999958872795105,0.6666666865348816,0.9999958872795105,87.35780334472656
nsl_kdd_v2,rf_5class_cw,267,0,0,1,0.9999958872795105,0.5384615659713745,0.9999958872795105,81.35489654541016
nsl_kdd_v2,rf_5class_cw,268,1,1,1,0.9999958872795105,0.6666666865348816,0.9999908208847046,87.35765838623047
nsl_kdd_v2,rf_5class_cw,269,1,1,1,0.9999958872795105,0.6666666865348816,0.9999908208847046,87.35765838623047
nsl_kdd_v2,rf_5class_cw,270,0,0,1,0.9999958872795105,0.6666666865348816,0.9999958872795105,87.35780334472656
nsl_kdd_v2,rf_5class_cw,271,2,0,0,0.9488101601600647,0.6666666865348816,0.9488101601600647,84.35078430175781
nsl_kdd_v2,rf_5class_cw,272,1,1,1,0.9999958872795105,0.6666666865348816,0.9999908208847046,87.35765838623047
nsl_kdd_v2,rf_5class_cw,273,0,0,1,0.9790882468223572,0.8181818127632141,0.9790882468223572,92.22128295898438
nsl_kdd_v2,rf_5class_cw,274,3,3,1,0.6363614201545715,0.5384615659713745,0.2626245617866516,44.812374114990234
nsl_kdd_v2,rf_5class_cw,275,0,0,1,0.9999958872795105,0.5384615659713745,0.9999958872795105,81.35489654541016
nsl_kdd_v2,rf_5class_cw,276,3,0,0,0.9999877214431763,0.5384615659713745,0.9999877214431763,81.35445404052734
nsl_kdd_v2,rf_5class_cw,277,0,0,1,0.9795879125595093,0.5384615659713745,0.9795879125595093,80.2442398071289
nsl_kdd_v2,rf_5class_cw,278,3,3,1,0.8271665573120117,0.5384615659713745,0.6495335102081299,66.1377944946289
nsl_kdd_v2,rf_5class_cw,279,1,0,0,0.9999958872795105,0.6666666865348816,0.9999958872795105,87.35780334472656
nsl_kdd_v2,rf_5class_cw,280,1,1,1,0.9999958872795105,0.5384615659713745,0.9999908208847046,81.3547592163086
nsl_kdd_v2,rf_5class_cw,281,0,0,1,0.9999958872795105,0.5384615659713745,0.9999958872795105,81.35489654541016
nsl_kdd_v2,rf_5class_cw,282,3,0,0,0.9999958872795105,0.6666666865348816,0.9999958872795105,87.35780334472656
nsl_kdd_v2,rf_5class_cw,283,3,0,0,0.999995768070221,0.5384615659713745,0.999995768070221,81.35488891601562
nsl_kdd_v2,rf_5class_cw,284,0,0,1,0.9999958872795105,0.4285714328289032,0.9999958872795105,75.39453125
nsl_kdd_v2,rf_5class_cw,285,2,2,1,0.9999958872795105,0.5384615659713745,0.9999958872795105,81.35489654541016
nsl_kdd_v2,rf_5class_cw,286,1,1,1,0.9999958872795105,0.5384615659713745,0.9999908208847046,81.3547592163086
nsl_kdd_v2,rf_5class_cw,287,2,1,0,0.9999958872795105,0.8181818127632141,0.9999908208847046,93.52937316894531
nsl_kdd_v2,rf_5class_cw,288,0,0,1,0.9999958872795105,0.5384615659713745,0.9999958872795105,81.35489654541016
nsl_kdd_v2,rf_5class_cw,289,2,1,0,0.9999958872795105,0.8181818127632141,0.9999908208847046,93.52937316894531
nsl_kdd_v2,rf_5class_cw,290,3,0,0,0.9999958872795105,0.6666666865348816,0.9999958872795105,87.35780334472656
nsl_kdd_v2,rf_5class_cw,291,3,0,0,0.9999958872795105,0.6666666865348816,0.9999958872795105,87.35780334472656
nsl_kdd_v2,rf_5class_cw,292,3,0,0,0.9999958872795105,0.6666666865348816,0.9999958872795105,87.35780334472656
nsl_kdd_v2,rf_5class_cw,293,3,0,0,0.9999940991401672,0.6666666865348816,0.9999940991401672,87.35770416259766
nsl_kdd_v2,rf_5class_cw,294,3,0,0,0.9790882468223572,0.6666666865348816,0.9790882468223572,86.1358871459961
nsl_kdd_v2,rf_5class_cw,295,1,1,1,0.5263140797615051,0.6666666865348816,0.0,0.7053172588348389
nsl_kdd_v2,rf_5class_cw,296,1,1,1,0.9999958872795105,0.5384615659713745,0.9999908208847046,81.3547592163086
nsl_kdd_v2,rf_5class_cw,297,0,0,1,0.9999958872795105,0.6666666865348816,0.9999958872795105,87.35780334472656
nsl_kdd_v2,rf_5class_cw,298,0,0,1,0.9999958872795105,0.5384615659713745,0.9999958872795105,81.35489654541016
nsl_kdd_v2,rf_5class_cw,299,3,0,0,0.9999958872795105,0.5384615659713745,0.9999958872795105,81.35489654541016
nsl_kdd_v2,rf_5class_cw,300,1,1,1,0.9999958872795105,0.8181818127632141,0.9999908208847046,93.52937316894531
nsl_kdd_v2,rf_5class_cw,301,0,0,1,0.9999958872795105,0.5384615659713745,0.9999958872795105,81.35489654541016
nsl_kdd_v2,rf_5class_cw,302,2,2,1,0.9999958872795105,0.8181818127632141,0.9999958872795105,93.52953338623047
nsl_kdd_v2,rf_5class_cw,303,1,1,1,0.9999958872795105,0.6666666865348816,0.9999908208847046,87.35765838623047
nsl_kdd_v2,rf_5class_cw,304,1,1,1,0.9999958872795105,1.0,0.9999908208847046,99.99955749511719
nsl_kdd_v2,rf_5class_cw,305,1,1,1,0.9999958872795105,0.6666666865348816,0.9999908208847046,87.35765838623047
nsl_kdd_v2,rf_5class_cw,306,2,2,1,0.9999958872795105,0.5384615659713745,0.9999958872795105,81.35489654541016
nsl_kdd_v2,rf_5class_cw,307,3,3,1,0.818178117275238,0.4285714328289032,0.631307065486908,60.49283218383789
nsl_kdd_v2,rf_5class_cw,308,2,2,1,0.9999958872795105,0.8181818127632141,0.9999958872795105,93.52953338623047
nsl_kdd_v2,rf_5class_cw,309,4,0,0,0.9998742938041687,0.4285714328289032,0.9998742938041687,75.388427734375
nsl_kdd_v2,rf_5class_cw,310,0,0,1,0.9999958872795105,0.5384615659713745,0.9999958872795105,81.35489654541016
nsl_kdd_v2,rf_5class_cw,311,0,0,1,0.9999958872795105,0.5384615659713745,0.9999958872795105,81.35489654541016
nsl_kdd_v2,rf_5class_cw,312,2,2,1,0.9999958872795105,0.8181818127632141,0.9999958872795105,93.52953338623047
nsl_kdd_v2,rf_5class_cw,313,2,2,1,0.9999958872795105,0.8181818127632141,0.9999958872795105,93.52953338623047
nsl_kdd_v2,rf_5class_cw,314,1,1,1,0.9999958872795105,0.6666666865348816,0.9999908208847046,87.35765838623047
nsl_kdd_v2,rf_5class_cw,315,1,1,1,0.9999958872795105,0.6666666865348816,0.9999908208847046,87.35765838623047
nsl_kdd_v2,rf_5class_cw,316,0,0,1,0.9999958872795105,0.5384615659713745,0.9999958872795105,81.35489654541016
nsl_kdd_v2,rf_5class_cw,317,3,0,0,0.5454518795013428,0.6666666865348816,0.5454518795013428,58.3186149597168
nsl_kdd_v2,rf_5class_cw,318,0,0,1,0.9999958872795105,0.6666666865348816,0.9999958872795105,87.35780334472656
nsl_kdd_v2,rf_5class_cw,319,3,0,0,0.808820366859436,0.6666666865348816,0.808820366859436,75.83522033691406
nsl_kdd_v2,rf_5class_cw,320,3,0,0,0.9999958872795105,0.6666666865348816,0.9999958872795105,87.35780334472656
nsl_kdd_v2,rf_5class_cw,321,1,1,1,0.769225537776947,0.6666666865348816,0.48505163192749023,62.89026641845703
nsl_kdd_v2,rf_5class_cw,322,3,0,0,0.9999939799308777,0.4285714328289032,0.9999939799308777,75.39443969726562
nsl_kdd_v2,rf_5class_cw,323,1,1,1,0.6891865134239197,0.8181818127632141,0.3064531981945038,55.69935989379883
nsl_kdd_v2,rf_5class_cw,324,1,1,1,0.9999958872795105,0.6666666865348816,0.9999908208847046,87.35765838623047
nsl_kdd_v2,rf_5class_cw,325,3,0,0,0.999992847442627,0.5384615659713745,0.999992847442627,81.35472869873047
nsl_kdd_v2,rf_5class_cw,326,0,0,1,0.9999958872795105,0.6666666865348816,0.9999958872795105,87.35780334472656
nsl_kdd_v2,rf_5class_cw,327,1,2,0,0.5454530119895935,0.8181818127632141,0.5454530119895935,62.438838958740234
nsl_kdd_v2,rf_5class_cw,328,2,0,0,0.9790882468223572,0.5384615659713745,0.9790882468223572,80.2169418334961
nsl_kdd_v2,rf_5class_cw,329,3,0,0,0.9999897480010986,0.6666666865348816,0.9999897480010986,87.35745239257812
nsl_kdd_v2,rf_5class_cw,330,2,2,1,0.9999958872795105,0.6666666865348816,0.9999958872795105,87.35780334472656
nsl_kdd_v2,rf_5class_cw,331,3,0,0,0.9792169332504272,0.5384615659713745,0.9792169332504272,80.22396850585938
nsl_kdd_v2,rf_5class_cw,332,3,0,0,0.9792177081108093,0.8181818127632141,0.9792177081108093,92.22941589355469
nsl_kdd_v2,rf_5class_cw,333,2,2,1,0.9999958872795105,0.5384615659713745,0.9999958872795105,81.35489654541016
nsl_kdd_v2,rf_5class_cw,334,0,0,1,0.9999958872795105,0.6666666865348816,0.9999958872795105,87.35780334472656
nsl_kdd_v2,rf_5class_cw,335,2,2,1,0.9999958872795105,0.6666666865348816,0.9999958872795105,87.35780334472656
nsl_kdd_v2,rf_5class_cw,336,3,0,0,0.9999897480010986,0.5384615659713745,0.9999897480010986,81.35456085205078
nsl_kdd_v2,rf_5class_cw,337,0,0,1,0.9999958872795105,0.6666666865348816,0.9999958872795105,87.35780334472656
nsl_kdd_v2,rf_5class_cw,338,2,2,1,0.9999958872795105,0.8181818127632141,0.9999958872795105,93.52953338623047
nsl_kdd_v2,rf_5class_cw,339,0,0,1,0.9999958872795105,0.5384615659713745,0.9999958872795105,81.35489654541016
nsl_kdd_v2,rf_5class_cw,340,1,1,1,0.9999958872795105,0.6666666865348816,0.9999908208847046,87.35765838623047
nsl_kdd_v2,rf_5class_cw,341,0,0,1,0.9999958872795105,0.6666666865348816,0.9999958872795105,87.35780334472656
nsl_kdd_v2,rf_5class_cw,342,3,0,0,0.9999915957450867,0.6666666865348816,0.9999915957450867,87.35755920410156
nsl_kdd_v2,rf_5class_cw,343,1,1,1,0.9999958872795105,0.5384615659713745,0.9999908208847046,81.3547592163086
nsl_kdd_v2,rf_5class_cw,344,3,0,0,0.999992847442627,0.5384615659713745,0.999992847442627,81.35472869873047
nsl_kdd_v2,rf_5class_cw,345,0,0,1,0.9999958872795105,0.5384615659713745,0.9999958872795105,81.35489654541016
nsl_kdd_v2,rf_5class_cw,346,0,0,1,0.9999958872795105,0.6666666865348816,0.9999958872795105,87.35780334472656
nsl_kdd_v2,rf_5class_cw,347,2,2,1,0.9999958872795105,0.5384615659713745,0.9999958872795105,81.35489654541016
nsl_kdd_v2,rf_5class_cw,348,0,0,1,0.9999958872795105,0.6666666865348816,0.9999958872795105,87.35780334472656
nsl_kdd_v2,rf_5class_cw,349,2,2,1,0.6666612029075623,0.8181818127632141,0.6666612029075623,71.3761978149414
nsl_kdd_v2,rf_5class_cw,350,2,2,1,0.9999958872795105,0.5384615659713745,0.9999958872795105,81.35489654541016
nsl_kdd_v2,rf_5class_cw,351,0,0,1,0.9999958872795105,0.5384615659713745,0.9999958872795105,81.35489654541016
nsl_kdd_v2,rf_5class_cw,352,0,0,1,0.9999958872795105,0.8181818127632141,0.9999958872795105,93.52953338623047
nsl_kdd_v2,rf_5class_cw,353,1,1,1,0.9999958872795105,0.6666666865348816,0.9999908208847046,87.35765838623047
nsl_kdd_v2,rf_5class_cw,354,3,0,0,0.9790882468223572,0.6666666865348816,0.9790882468223572,86.1358871459961
nsl_kdd_v2,rf_5class_cw,355,1,0,0,0.9999958872795105,0.6666666865348816,0.9999958872795105,87.35780334472656
nsl_kdd_v2,rf_5class_cw,356,1,1,1,0.9999958872795105,0.8181818127632141,0.9999908208847046,93.52937316894531
nsl_kdd_v2,rf_5class_cw,357,1,0,0,0.9790882468223572,0.6666666865348816,0.9790882468223572,86.1358871459961
nsl_kdd_v2,rf_5class_cw,358,0,0,1,0.9999958872795105,0.6666666865348816,0.9999958872795105,87.35780334472656
nsl_kdd_v2,rf_5class_cw,359,4,0,0,0.9732003808021545,0.5384615659713745,0.9732003808021545,79.89502716064453
nsl_kdd_v2,rf_5class_cw,360,2,0,0,0.9414371252059937,0.5384615659713745,0.9414371252059937,78.14702606201172
nsl_kdd_v2,rf_5class_cw,361,2,2,1,0.7826045155525208,0.5384615659713745,0.7826045155525208,69.08966827392578
nsl_kdd_v2,rf_5class_cw,362,0,0,1,0.9999958872795105,0.6666666865348816,0.9999958872795105,87.35780334472656
nsl_kdd_v2,rf_5class_cw,363,2,2,1,0.9999958872795105,0.6666666865348816,0.9999958872795105,87.35780334472656
nsl_kdd_v2,rf_5class_cw,364,0,1,0,0.9999958872795105,0.6666666865348816,0.9999908208847046,87.35765838623047
nsl_kdd_v2,rf_5class_cw,365,1,1,1,0.9999958872795105,0.6666666865348816,0.9999908208847046,87.35765838623047
nsl_kdd_v2,rf_5class_cw,366,0,1,0,0.9795879125595093,1.0,0.9544525742530823,97.78357696533203
nsl_kdd_v2,rf_5class_cw,367,3,0,0,0.9999958872795105,0.5384615659713745,0.9999958872795105,81.35489654541016
nsl_kdd_v2,rf_5class_cw,368,3,0,0,0.9488094449043274,0.5384615659713745,0.9488094449043274,78.5544662475586
nsl_kdd_v2,rf_5class_cw,369,0,0,1,0.9999958872795105,0.8181818127632141,0.9999958872795105,93.52953338623047
nsl_kdd_v2,rf_5class_cw,370,3,0,0,0.999995768070221,0.6666666865348816,0.999995768070221,87.35780334472656
nsl_kdd_v2,rf_5class_cw,371,0,0,1,0.9999958872795105,0.5384615659713745,0.9999958872795105,81.35489654541016
nsl_kdd_v2,rf_5class_cw,372,1,1,1,0.9999958872795105,0.8181818127632141,0.9999908208847046,93.52937316894531
nsl_kdd_v2,rf_5class_cw,373,2,2,1,0.6666612029075623,0.6666666865348816,0.6666612029075623,66.66629791259766
nsl_kdd_v2,rf_5class_cw,374,1,0,0,0.9792177081108093,0.5384615659713745,0.9792177081108093,80.2240219116211
nsl_kdd_v2,rf_5class_cw,375,3,0,0,0.9792169332504272,0.5384615659713745,0.9792169332504272,80.22396850585938
nsl_kdd_v2,rf_5class_cw,376,0,0,1,0.9999958872795105,0.6666666865348816,0.9999958872795105,87.35780334472656
nsl_kdd_v2,rf_5class_cw,377,2,2,1,0.9999958872795105,0.8181818127632141,0.9999958872795105,93.52953338623047
nsl_kdd_v2,rf_5class_cw,378,2,2,1,0.9999958872795105,0.6666666865348816,0.9999958872795105,87.35780334472656
nsl_kdd_v2,rf_5class_cw,379,3,0,0,0.9999939799308777,0.5384615659713745,0.9999939799308777,81.35479736328125
nsl_kdd_v2,rf_5class_cw,380,2,2,1,0.9999958872795105,0.6666666865348816,0.9999958872795105,87.35780334472656
nsl_kdd_v2,rf_5class_cw,381,1,1,1,0.9999958872795105,0.6666666865348816,0.9999908208847046,87.35765838623047
nsl_kdd_v2,rf_5class_cw,382,0,0,1,0.9999958872795105,0.5384615659713745,0.9999958872795105,81.35489654541016
nsl_kdd_v2,rf_5class_cw,383,4,0,0,0.9011281728744507,0.6666666865348816,0.9011281728744507,81.50056457519531
nsl_kdd_v2,rf_5class_cw,384,3,0,0,0.9999958872795105,0.8181818127632141,0.9999958872795105,93.52953338623047
nsl_kdd_v2,rf_5class_cw,385,2,2,1,0.9999958872795105,0.6666666865348816,0.9999958872795105,87.35780334472656
nsl_kdd_v2,rf_5class_cw,386,3,0,0,0.9999950528144836,0.6666666865348816,0.9999950528144836,87.35775756835938
nsl_kdd_v2,rf_5class_cw,387,2,2,1,0.9999958872795105,0.4285714328289032,0.9999958872795105,75.39453125
nsl_kdd_v2,rf_5class_cw,388,2,2,1,0.9999958872795105,0.6666666865348816,0.9999958872795105,87.35780334472656
nsl_kdd_v2,rf_5class_cw,389,2,2,1,0.9999958872795105,0.6666666865348816,0.9999958872795105,87.35780334472656
nsl_kdd_v2,rf_5class_cw,390,4,4,1,0.8161430954933167,0.6666666865348816,0.8161430954933167,76.29225158691406
nsl_kdd_v2,rf_5class_cw,391,1,1,1,0.9999958872795105,0.6666666865348816,0.9999908208847046,87.35765838623047
nsl_kdd_v2,rf_5class_cw,392,0,0,1,0.9999958872795105,0.6666666865348816,0.9999958872795105,87.35780334472656
nsl_kdd_v2,rf_5class_cw,393,1,1,1,0.9999958872795105,0.8181818127632141,0.9999908208847046,93.52937316894531
nsl_kdd_v2,rf_5class_cw,394,2,2,1,0.9999958872795105,0.6666666865348816,0.9999958872795105,87.35780334472656
nsl_kdd_v2,rf_5class_cw,395,2,0,0,0.5936645865440369,0.6666666865348816,0.5936645865440369,61.706417083740234
nsl_kdd_v2,rf_5class_cw,396,3,0,0,0.999995768070221,0.6666666865348816,0.999995768070221,87.35780334472656
nsl_kdd_v2,rf_5class_cw,397,0,0,1,0.9999958872795105,0.5384615659713745,0.9999958872795105,81.35489654541016
nsl_kdd_v2,rf_5class_cw,398,1,1,1,0.9999958872795105,0.5384615659713745,0.9999908208847046,81.3547592163086
nsl_kdd_v2,rf_5class_cw,399,2,1,0,0.9999958872795105,0.8181818127632141,0.9999908208847046,93.52937316894531
nsl_kdd_v2,rf_5class_cw,400,3,0,0,0.9790882468223572,0.5384615659713745,0.9790882468223572,80.2169418334961
nsl_kdd_v2,rf_5class_cw,401,4,0,0,0.9998948574066162,0.6666666865348816,0.9998948574066162,87.35192108154297
nsl_kdd_v2,rf_5class_cw,402,0,0,1,0.9999958872795105,0.8181818127632141,0.9999958872795105,93.52953338623047
nsl_kdd_v2,rf_5class_cw,403,4,0,0,0.9998948574066162,0.6666666865348816,0.9998948574066162,87.35192108154297
nsl_kdd_v2,rf_5class_cw,404,1,1,1,0.9999958872795105,0.6666666865348816,0.9999908208847046,87.35765838623047
nsl_kdd_v2,rf_5class_cw,405,4,0,0,0.9999958872795105,0.8181818127632141,0.9999958872795105,93.52953338623047
nsl_kdd_v2,rf_5class_cw,406,0,0,1,0.9999958872795105,0.6666666865348816,0.9999958872795105,87.35780334472656
nsl_kdd_v2,rf_5class_cw,407,2,2,1,0.9999958872795105,0.6666666865348816,0.9999958872795105,87.35780334472656
nsl_kdd_v2,rf_5class_cw,408,1,1,1,0.9999958872795105,0.6666666865348816,0.9999908208847046,87.35765838623047
nsl_kdd_v2,rf_5class_cw,409,1,1,1,0.9999958872795105,0.6666666865348816,0.9999908208847046,87.35765838623047
nsl_kdd_v2,rf_5class_cw,410,2,2,1,0.9999958872795105,0.6666666865348816,0.9999958872795105,87.35780334472656
nsl_kdd_v2,rf_5class_cw,411,0,0,1,0.9999958872795105,0.8181818127632141,0.9999958872795105,93.52953338623047
nsl_kdd_v2,rf_5class_cw,412,1,1,1,0.9999958872795105,0.6666666865348816,0.9999908208847046,87.35765838623047
nsl_kdd_v2,rf_5class_cw,413,0,0,1,0.9999958872795105,0.6666666865348816,0.9999958872795105,87.35780334472656
nsl_kdd_v2,rf_5class_cw,414,2,0,0,0.6206867694854736,0.5384615659713745,0.6206867694854736,59.197025299072266
nsl_kdd_v2,rf_5class_cw,415,3,2,0,0.8275826573371887,0.4285714328289032,0.8275826573371887,66.45821380615234
nsl_kdd_v2,rf_5class_cw,416,0,0,1,0.9999958872795105,0.6666666865348816,0.9999958872795105,87.35780334472656
nsl_kdd_v2,rf_5class_cw,417,0,0,1,0.9999958872795105,0.8181818127632141,0.9999958872795105,93.52953338623047
nsl_kdd_v2,rf_5class_cw,418,3,0,0,0.9999950528144836,0.6666666865348816,0.9999950528144836,87.35775756835938
nsl_kdd_v2,rf_5class_cw,419,3,0,0,0.9999853372573853,0.4285714328289032,0.9999853372573853,75.39400482177734
nsl_kdd_v2,rf_5class_cw,420,1,1,1,0.9999958872795105,0.6666666865348816,0.9999908208847046,87.35765838623047
nsl_kdd_v2,rf_5class_cw,421,4,0,0,0.9789915084838867,0.4285714328289032,0.9789915084838867,74.3350601196289
nsl_kdd_v2,rf_5class_cw,422,2,0,0,0.5327032804489136,0.5384615659713745,0.5327032804489136,53.46158218383789
nsl_kdd_v2,rf_5class_cw,423,2,0,0,0.9792177081108093,0.8181818127632141,0.9792177081108093,92.22941589355469
nsl_kdd_v2,rf_5class_cw,424,3,0,0,0.9999958276748657,0.4285714328289032,0.9999958276748657,75.39453125
nsl_kdd_v2,rf_5class_cw,425,0,0,1,0.9999958872795105,0.6666666865348816,0.9999958872795105,87.35780334472656
nsl_kdd_v2,rf_5class_cw,426,2,0,0,0.9790882468223572,0.5384615659713745,0.9790882468223572,80.2169418334961
nsl_kdd_v2,rf_5class_cw,427,3,0,0,0.9999958872795105,0.6666666865348816,0.9999958872795105,87.35780334472656
nsl_kdd_v2,rf_5class_cw,428,0,0,1,0.9999958872795105,0.6666666865348816,0.9999958872795105,87.35780334472656
nsl_kdd_v2,rf_5class_cw,429,0,0,1,0.9999958872795105,0.5384615659713745,0.9999958872795105,81.35489654541016
nsl_kdd_v2,rf_5class_cw,430,3,0,0,0.9999958276748657,0.6666666865348816,0.9999958276748657,87.35780334472656
nsl_kdd_v2,rf_5class_cw,431,0,0,1,0.9999958872795105,0.8181818127632141,0.9999958872795105,93.52953338623047
nsl_kdd_v2,rf_5class_cw,432,1,0,0,0.9790882468223572,0.8181818127632141,0.9790882468223572,92.22128295898438
nsl_kdd_v2,rf_5class_cw,433,1,0,0,0.9414371252059937,0.8181818127632141,0.9414371252059937,89.84159851074219
nsl_kdd_v2,rf_5class_cw,434,3,0,0,0.9999958872795105,0.6666666865348816,0.9999958872795105,87.35780334472656
nsl_kdd_v2,rf_5class_cw,435,4,0,0,0.9999788999557495,0.6666666865348816,0.9999788999557495,87.35681915283203
nsl_kdd_v2,rf_5class_cw,436,3,0,0,0.9999958872795105,0.6666666865348816,0.9999958872795105,87.35780334472656
nsl_kdd_v2,rf_5class_cw,437,2,2,1,0.687494158744812,0.4285714328289032,0.687494158744812,58.72915267944336
nsl_kdd_v2,rf_5class_cw,438,3,0,0,0.9999958872795105,0.6666666865348816,0.9999958872795105,87.35780334472656
nsl_kdd_v2,rf_5class_cw,439,3,0,0,0.9999958872795105,0.6666666865348816,0.9999958872795105,87.35780334472656
nsl_kdd_v2,rf_5class_cw,440,1,1,1,0.9999958872795105,0.5384615659713745,0.9999908208847046,81.3547592163086
nsl_kdd_v2,rf_5class_cw,441,0,0,1,0.9999958872795105,0.5384615659713745,0.9999958872795105,81.35489654541016
nsl_kdd_v2,rf_5class_cw,442,0,0,1,0.9999958872795105,0.4285714328289032,0.9999958872795105,75.39453125
nsl_kdd_v2,rf_5class_cw,443,0,0,1,0.9999958872795105,0.5384615659713745,0.9999958872795105,81.35489654541016
nsl_kdd_v2,rf_5class_cw,444,1,1,1,0.9999958872795105,0.6666666865348816,0.9999908208847046,87.35765838623047
nsl_kdd_v2,rf_5class_cw,445,0,0,1,0.9999958872795105,0.8181818127632141,0.9999958872795105,93.52953338623047
nsl_kdd_v2,rf_5class_cw,446,1,1,1,0.6796088218688965,0.6666666865348816,0.28508150577545166,50.54896545410156
nsl_kdd_v2,rf_5class_cw,447,1,1,1,0.9999958872795105,0.6666666865348816,0.9999908208847046,87.35765838623047
nsl_kdd_v2,rf_5class_cw,448,2,2,1,0.9999958872795105,0.6666666865348816,0.9999958872795105,87.35780334472656
nsl_kdd_v2,rf_5class_cw,449,2,2,1,0.9999958872795105,0.5384615659713745,0.9999958872795105,81.35489654541016
nsl_kdd_v2,rf_5class_cw,450,0,0,1,0.9999958872795105,0.5384615659713745,0.9999958872795105,81.35489654541016
nsl_kdd_v2,rf_5class_cw,451,0,0,1,0.9999958872795105,0.5384615659713745,0.9999958872795105,81.35489654541016
nsl_kdd_v2,rf_5class_cw,452,0,0,1,0.9999958872795105,0.6666666865348816,0.9999958872795105,87.35780334472656
nsl_kdd_v2,rf_5class_cw,453,3,0,0,0.9999958872795105,0.6666666865348816,0.9999958872795105,87.35780334472656
nsl_kdd_v2,rf_5class_cw,454,3,0,0,0.9999958872795105,0.5384615659713745,0.9999958872795105,81.35489654541016
nsl_kdd_v2,rf_5class_cw,455,0,0,1,0.9999958872795105,0.6666666865348816,0.9999958872795105,87.35780334472656
nsl_kdd_v2,rf_5class_cw,456,0,0,1,0.9999958872795105,0.5384615659713745,0.9999958872795105,81.35489654541016
nsl_kdd_v2,rf_5class_cw,457,3,0,0,0.9999950528144836,0.5384615659713745,0.9999950528144836,81.35485076904297
nsl_kdd_v2,rf_5class_cw,458,1,0,0,0.9414371252059937,0.8181818127632141,0.9414371252059937,89.84159851074219
nsl_kdd_v2,rf_5class_cw,459,0,0,1,0.9999958872795105,0.6666666865348816,0.9999958872795105,87.35780334472656
nsl_kdd_v2,rf_5class_cw,460,0,0,1,0.9999958872795105,0.4285714328289032,0.9999958872795105,75.39453125
nsl_kdd_v2,rf_5class_cw,461,2,0,0,0.9790882468223572,0.5384615659713745,0.9790882468223572,80.2169418334961
nsl_kdd_v2,rf_5class_cw,462,2,2,1,0.9999958872795105,0.5384615659713745,0.9999958872795105,81.35489654541016
nsl_kdd_v2,rf_5class_cw,463,0,0,1,0.9999958872795105,0.6666666865348816,0.9999958872795105,87.35780334472656
nsl_kdd_v2,rf_5class_cw,464,2,2,1,0.9999958872795105,0.8181818127632141,0.9999958872795105,93.52953338623047
nsl_kdd_v2,rf_5class_cw,465,0,0,1,0.9999958872795105,0.6666666865348816,0.9999958872795105,87.35780334472656
nsl_kdd_v2,rf_5class_cw,466,0,0,1,0.9999958872795105,0.8181818127632141,0.9999958872795105,93.52953338623047
nsl_kdd_v2,rf_5class_cw,467,1,0,0,0.5168125629425049,0.6666666865348816,0.5168125629425049,56.25895309448242
nsl_kdd_v2,rf_5class_cw,468,3,0,0,0.9999958872795105,0.6666666865348816,0.9999958872795105,87.35780334472656
nsl_kdd_v2,rf_5class_cw,469,0,0,1,0.9999958872795105,0.5384615659713745,0.9999958872795105,81.35489654541016
nsl_kdd_v2,rf_5class_cw,470,0,0,1,0.9999958872795105,0.5384615659713745,0.9999958872795105,81.35489654541016
nsl_kdd_v2,rf_5class_cw,471,3,0,0,0.9999958276748657,0.6666666865348816,0.9999958276748657,87.35780334472656
nsl_kdd_v2,rf_5class_cw,472,0,0,1,0.9999958872795105,0.6666666865348816,0.9999958872795105,87.35780334472656
nsl_kdd_v2,rf_5class_cw,473,0,0,1,0.9999958872795105,0.6666666865348816,0.9999958872795105,87.35780334472656
nsl_kdd_v2,rf_5class_cw,474,0,0,1,0.9999958872795105,0.5384615659713745,0.9999958872795105,81.35489654541016
nsl_kdd_v2,rf_5class_cw,475,2,2,1,0.9999958872795105,0.6666666865348816,0.9999958872795105,87.35780334472656
nsl_kdd_v2,rf_5class_cw,476,0,0,1,0.9999958872795105,0.6666666865348816,0.9999958872795105,87.35780334472656
nsl_kdd_v2,rf_5class_cw,477,1,0,0,0.9792177081108093,0.5384615659713745,0.9792177081108093,80.2240219116211
nsl_kdd_v2,rf_5class_cw,478,2,2,1,0.9999958872795105,0.4285714328289032,0.9999958872795105,75.39453125
nsl_kdd_v2,rf_5class_cw,479,3,0,0,0.9999958872795105,0.6666666865348816,0.9999958872795105,87.35780334472656
nsl_kdd_v2,rf_5class_cw,480,4,0,0,0.998766303062439,0.5384615659713745,0.998766303062439,81.28820037841797
nsl_kdd_v2,rf_5class_cw,481,3,0,0,0.9790874719619751,0.5384615659713745,0.9790874719619751,80.21690368652344
nsl_kdd_v2,rf_5class_cw,482,1,1,1,0.9999958872795105,0.8181818127632141,0.9999908208847046,93.52937316894531
nsl_kdd_v2,rf_5class_cw,483,0,0,1,0.9999958872795105,0.6666666865348816,0.9999958872795105,87.35780334472656
nsl_kdd_v2,rf_5class_cw,484,2,2,1,0.9999958872795105,0.6666666865348816,0.9999958872795105,87.35780334472656
nsl_kdd_v2,rf_5class_cw,485,2,2,1,0.9999958872795105,0.6666666865348816,0.9999958872795105,87.35780334472656
nsl_kdd_v2,rf_5class_cw,486,3,0,0,0.9999958872795105,0.6666666865348816,0.9999958872795105,87.35780334472656
nsl_kdd_v2,rf_5class_cw,487,0,0,1,0.9999958872795105,0.6666666865348816,0.9999958872795105,87.35780334472656
nsl_kdd_v2,rf_5class_cw,488,0,2,0,0.9999958872795105,0.4285714328289032,0.9999958872795105,75.39453125
nsl_kdd_v2,rf_5class_cw,489,1,1,1,0.9999958872795105,0.6666666865348816,0.9999908208847046,87.35765838623047
nsl_kdd_v2,rf_5class_cw,490,3,0,0,0.8088197112083435,0.5384615659713745,0.8088197112083435,70.62406921386719
nsl_kdd_v2,rf_5class_cw,491,2,2,1,0.9999958872795105,0.6666666865348816,0.9999958872795105,87.35780334472656
nsl_kdd_v2,rf_5class_cw,492,1,1,1,0.9999958872795105,0.6666666865348816,0.9999908208847046,87.35765838623047
nsl_kdd_v2,rf_5class_cw,493,2,2,1,0.9999958872795105,0.5384615659713745,0.9999958872795105,81.35489654541016
nsl_kdd_v2,rf_5class_cw,494,4,0,0,0.8245334029197693,0.3333333432674408,0.8245334029197693,60.967506408691406
nsl_kdd_v2,rf_5class_cw,495,3,0,0,0.9999958872795105,0.5384615659713745,0.9999958872795105,81.35489654541016
nsl_kdd_v2,rf_5class_cw,496,0,0,1,0.9999958872795105,0.5384615659713745,0.9999958872795105,81.35489654541016
nsl_kdd_v2,rf_5class_cw,497,4,0,0,0.9999749660491943,0.6666666865348816,0.9999749660491943,87.3565902709961
nsl_kdd_v2,rf_5class_cw,498,3,0,0,0.9999949336051941,0.4285714328289032,0.9999949336051941,75.39448547363281
nsl_kdd_v2,rf_5class_cw,499,1,1,1,0.9999958872795105,0.5384615659713745,0.9999908208847046,81.3547592163086
nsl_kdd_v2,rf_5class_cw,500,0,0,1,0.9999958872795105,0.6666666865348816,0.9999958872795105,87.35780334472656
nsl_kdd_v2,rf_5class_cw,501,0,0,1,0.9999958872795105,0.8181818127632141,0.9999958872795105,93.52953338623047
nsl_kdd_v2,rf_5class_cw,502,0,0,1,0.9999958872795105,0.8181818127632141,0.9999958872795105,93.52953338623047
nsl_kdd_v2,rf_5class_cw,503,0,0,1,0.9999958872795105,0.6666666865348816,0.9999958872795105,87.35780334472656
nsl_kdd_v2,rf_5class_cw,504,3,0,0,0.9488101601600647,0.5384615659713745,0.9488101601600647,78.55451202392578
nsl_kdd_v2,rf_5class_cw,505,0,0,1,0.9999958872795105,0.6666666865348816,0.9999958872795105,87.35780334472656
nsl_kdd_v2,rf_5class_cw,506,0,0,1,0.9999958872795105,0.6666666865348816,0.9999958872795105,87.35780334472656
nsl_kdd_v2,rf_5class_cw,507,2,2,1,0.9999958872795105,0.5384615659713745,0.9999958872795105,81.35489654541016
nsl_kdd_v2,rf_5class_cw,508,1,1,1,0.7999943494796753,0.6666666865348816,0.5537089109420776,66.59255981445312
nsl_kdd_v2,rf_5class_cw,509,0,0,1,0.9999958872795105,0.6666666865348816,0.9999958872795105,87.35780334472656
nsl_kdd_v2,rf_5class_cw,510,0,0,1,0.9999958872795105,0.6666666865348816,0.9999958872795105,87.35780334472656
nsl_kdd_v2,rf_5class_cw,511,1,1,1,0.9999958872795105,0.6666666865348816,0.9999908208847046,87.35765838623047
nsl_kdd_v2,rf_5class_cw,512,3,0,0,0.9999958872795105,0.6666666865348816,0.9999958872795105,87.35780334472656
nsl_kdd_v2,rf_5class_cw,513,3,0,0,0.9999897480010986,0.4285714328289032,0.9999897480010986,75.39423370361328
nsl_kdd_v2,rf_5class_cw,514,0,0,1,0.9999958872795105,0.5384615659713745,0.9999958872795105,81.35489654541016
nsl_kdd_v2,rf_5class_cw,515,1,1,1,0.9999958872795105,0.8181818127632141,0.9999908208847046,93.52937316894531
nsl_kdd_v2,rf_5class_cw,516,3,0,0,0.9999958872795105,0.8181818127632141,0.9999958872795105,93.52953338623047
nsl_kdd_v2,rf_5class_cw,517,2,0,0,0.9119937419891357,0.6666666865348816,0.9119937419891357,82.1543960571289
nsl_kdd_v2,rf_5class_cw,518,1,1,1,0.9999958872795105,0.6666666865348816,0.9999908208847046,87.35765838623047
nsl_kdd_v2,rf_5class_cw,519,2,2,1,0.9999958872795105,0.6666666865348816,0.9999958872795105,87.35780334472656
nsl_kdd_v2,rf_5class_cw,520,3,0,0,0.9999958276748657,0.5384615659713745,0.9999958276748657,81.35488891601562
nsl_kdd_v2,rf_5class_cw,521,1,1,1,0.9999958872795105,0.8181818127632141,0.9999908208847046,93.52937316894531
nsl_kdd_v2,rf_5class_cw,522,4,0,0,0.8673761487007141,0.4285714328289032,0.8673761487007141,68.5718765258789
nsl_kdd_v2,rf_5class_cw,523,3,0,0,0.9999958276748657,0.4285714328289032,0.9999958276748657,75.39453125
nsl_kdd_v2,rf_5class_cw,524,3,0,0,0.9790882468223572,0.8181818127632141,0.9790882468223572,92.22128295898438
nsl_kdd_v2,rf_5class_cw,525,2,2,1,0.9999958872795105,0.6666666865348816,0.9999958872795105,87.35780334472656
nsl_kdd_v2,rf_5class_cw,526,2,0,0,0.5624969601631165,0.6666666865348816,0.5624969601631165,59.52732467651367
nsl_kdd_v2,rf_5class_cw,527,1,1,1,0.9999958872795105,0.8181818127632141,0.9999908208847046,93.52937316894531
nsl_kdd_v2,rf_5class_cw,528,2,2,1,0.9999958872795105,0.5384615659713745,0.9999958872795105,81.35489654541016
nsl_kdd_v2,rf_5class_cw,529,4,0,0,0.9999958872795105,0.6666666865348816,0.9999958872795105,87.35780334472656
nsl_kdd_v2,rf_5class_cw,530,2,0,0,0.7886194586753845,0.6666666865348816,0.7886194586753845,74.56721496582031
nsl_kdd_v2,rf_5class_cw,531,2,2,1,0.9999958872795105,0.6666666865348816,0.9999958872795105,87.35780334472656
nsl_kdd_v2,rf_5class_cw,532,1,1,1,0.5263137221336365,0.8181818127632141,0.0,0.755146861076355
nsl_kdd_v2,rf_5class_cw,533,2,2,1,0.9999958872795105,0.5384615659713745,0.9999958872795105,81.35489654541016
nsl_kdd_v2,rf_5class_cw,534,3,0,0,0.9999958872795105,0.6666666865348816,0.9999958872795105,87.35780334472656
nsl_kdd_v2,rf_5class_cw,535,0,0,1,0.9999958872795105,0.6666666865348816,0.9999958872795105,87.35780334472656
nsl_kdd_v2,rf_5class_cw,536,2,2,1,0.6249951720237732,0.6666666865348816,0.6249951720237732,63.858787536621094
nsl_kdd_v2,rf_5class_cw,537,3,0,0,0.808820366859436,0.6666666865348816,0.808820366859436,75.83522033691406
nsl_kdd_v2,rf_5class_cw,538,1,1,1,0.9999958872795105,1.0,0.9999908208847046,99.99955749511719
nsl_kdd_v2,rf_5class_cw,539,0,0,1,0.9999958872795105,0.5384615659713745,0.9999958872795105,81.35489654541016
nsl_kdd_v2,rf_5class_cw,540,4,0,0,0.999373197555542,0.5384615659713745,0.999373197555542,81.32112884521484
nsl_kdd_v2,rf_5class_cw,541,2,2,1,0.9999958872795105,0.6666666865348816,0.9999958872795105,87.35780334472656
nsl_kdd_v2,rf_5class_cw,542,0,0,1,0.9999958872795105,0.5384615659713745,0.9999958872795105,81.35489654541016
nsl_kdd_v2,rf_5class_cw,543,1,1,1,0.9999958872795105,0.8181818127632141,0.9999908208847046,93.52937316894531
nsl_kdd_v2,rf_5class_cw,544,1,1,1,0.9999958872795105,0.5384615659713745,0.9999908208847046,81.3547592163086
nsl_kdd_v2,rf_5class_cw,545,1,1,1,0.9999958872795105,0.8181818127632141,0.9999908208847046,93.52937316894531
nsl_kdd_v2,rf_5class_cw,546,1,0,0,0.9790882468223572,0.5384615659713745,0.9790882468223572,80.2169418334961
nsl_kdd_v2,rf_5class_cw,547,3,0,0,0.9999958872795105,0.5384615659713745,0.9999958872795105,81.35489654541016
nsl_kdd_v2,rf_5class_cw,548,3,0,0,0.9999958872795105,0.8181818127632141,0.9999958872795105,93.52953338623047
nsl_kdd_v2,rf_5class_cw,549,3,0,0,0.9999958872795105,0.5384615659713745,0.9999958872795105,81.35489654541016
nsl_kdd_v2,rf_5class_cw,550,1,1,1,0.9999958872795105,0.6666666865348816,0.9999908208847046,87.35765838623047
nsl_kdd_v2,rf_5class_cw,551,2,2,1,0.687494158744812,0.6666666865348816,0.687494158744812,68.04803466796875
nsl_kdd_v2,rf_5class_cw,552,0,0,1,0.9999958872795105,0.6666666865348816,0.9999958872795105,87.35780334472656
nsl_kdd_v2,rf_5class_cw,553,2,2,1,0.5116246938705444,0.6666666865348816,0.5116246938705444,55.88182067871094
nsl_kdd_v2,rf_5class_cw,554,0,0,1,0.9999958872795105,0.5384615659713745,0.9999958872795105,81.35489654541016
nsl_kdd_v2,rf_5class_cw,555,2,0,0,0.9488101601600647,0.6666666865348816,0.9488101601600647,84.35078430175781
nsl_kdd_v2,rf_5class_cw,556,3,0,0,0.9999958872795105,0.8181818127632141,0.9999958872795105,93.52953338623047
nsl_kdd_v2,rf_5class_cw,557,1,0,0,0.9119937419891357,0.6666666865348816,0.9119937419891357,82.1543960571289
nsl_kdd_v2,rf_5class_cw,558,0,0,1,0.9999958872795105,0.8181818127632141,0.9999958872795105,93.52953338623047
nsl_kdd_v2,rf_5class_cw,559,0,0,1,0.9999958872795105,0.6666666865348816,0.9999958872795105,87.35780334472656
nsl_kdd_v2,rf_5class_cw,560,0,0,1,0.9999958872795105,0.6666666865348816,0.9999958872795105,87.35780334472656
nsl_kdd_v2,rf_5class_cw,561,0,0,1,0.9999958872795105,0.5384615659713745,0.9999958872795105,81.35489654541016
nsl_kdd_v2,rf_5class_cw,562,3,0,0,0.9414371252059937,0.3333333432674408,0.9414371252059937,66.60198211669922
nsl_kdd_v2,rf_5class_cw,563,2,2,1,0.9999958872795105,0.5384615659713745,0.9999958872795105,81.35489654541016
nsl_kdd_v2,rf_5class_cw,564,3,0,0,0.9790882468223572,0.6666666865348816,0.9790882468223572,86.1358871459961
nsl_kdd_v2,rf_5class_cw,565,1,1,1,0.9999958872795105,0.6666666865348816,0.9999908208847046,87.35765838623047
nsl_kdd_v2,rf_5class_cw,566,3,0,0,0.9999958872795105,0.6666666865348816,0.9999958872795105,87.35780334472656
nsl_kdd_v2,rf_5class_cw,567,0,0,1,0.9999958872795105,0.6666666865348816,0.9999958872795105,87.35780334472656
nsl_kdd_v2,rf_5class_cw,568,0,0,1,0.9999958872795105,0.5384615659713745,0.9999958872795105,81.35489654541016
nsl_kdd_v2,rf_5class_cw,569,1,1,1,0.9999958872795105,0.6666666865348816,0.9999908208847046,87.35765838623047
nsl_kdd_v2,rf_5class_cw,570,2,0,0,0.6206867694854736,0.6666666865348816,0.6206867694854736,63.564979553222656
nsl_kdd_v2,rf_5class_cw,571,2,1,0,0.9999958872795105,0.6666666865348816,0.9999908208847046,87.35765838623047
nsl_kdd_v2,rf_5class_cw,572,2,2,1,0.9999958872795105,0.8181818127632141,0.9999958872795105,93.52953338623047
nsl_kdd_v2,rf_5class_cw,573,3,0,0,0.9999958872795105,0.8181818127632141,0.9999958872795105,93.52953338623047
nsl_kdd_v2,rf_5class_cw,574,4,0,0,0.9999852776527405,0.6666666865348816,0.9999852776527405,87.35718536376953
nsl_kdd_v2,rf_5class_cw,575,1,0,0,0.9792177081108093,0.6666666865348816,0.9792177081108093,86.14347839355469
nsl_kdd_v2,rf_5class_cw,576,0,0,1,0.9999958872795105,0.5384615659713745,0.9999958872795105,81.35489654541016
nsl_kdd_v2,rf_5class_cw,577,0,0,1,0.9999958872795105,0.6666666865348816,0.9999958872795105,87.35780334472656
nsl_kdd_v2,rf_5class_cw,578,4,4,1,0.8481822609901428,0.4285714328289032,0.8481822609901428,67.55650329589844
nsl_kdd_v2,rf_5class_cw,579,4,4,1,0.7762472629547119,0.6666666865348816,0.7762472629547119,73.78526306152344
nsl_kdd_v2,rf_5class_cw,580,2,2,1,0.9999958872795105,0.6666666865348816,0.9999958872795105,87.35780334472656
nsl_kdd_v2,rf_5class_cw,581,0,0,1,0.9999958872795105,1.0,0.9999958872795105,99.99972534179688
nsl_kdd_v2,rf_5class_cw,582,1,0,0,0.9632036685943604,0.8181818127632141,0.9632036685943604,91.22111511230469
nsl_kdd_v2,rf_5class_cw,583,4,0,0,0.9999572038650513,0.3333333432674408,0.9999572038650513,69.33415222167969
nsl_kdd_v2,rf_5class_cw,584,1,1,1,0.9999958872795105,0.6666666865348816,0.9999908208847046,87.35765838623047
nsl_kdd_v2,rf_5class_cw,585,2,0,0,0.9790882468223572,0.8181818127632141,0.9790882468223572,92.22128295898438
nsl_kdd_v2,rf_5class_cw,586,3,0,0,0.9999958872795105,0.6666666865348816,0.9999958872795105,87.35780334472656
nsl_kdd_v2,rf_5class_cw,587,0,0,1,0.9999958872795105,0.5384615659713745,0.9999958872795105,81.35489654541016
nsl_kdd_v2,rf_5class_cw,588,4,0,0,0.9999958276748657,0.4285714328289032,0.9999958276748657,75.39453125
nsl_kdd_v2,rf_5class_cw,589,3,0,0,0.9999958276748657,0.6666666865348816,0.9999958276748657,87.35780334472656
nsl_kdd_v2,rf_5class_cw,590,2,2,1,0.9999958872795105,0.6666666865348816,0.9999958872795105,87.35780334472656
nsl_kdd_v2,rf_5class_cw,591,3,0,0,0.9999913573265076,0.3333333432674408,0.9999913573265076,69.33573150634766
nsl_kdd_v2,rf_5class_cw,592,1,1,1,0.9499955773353577,0.8181818127632141,0.8884204626083374,88.38867950439453
nsl_kdd_v2,rf_5class_cw,593,3,0,0,0.9999958872795105,0.6666666865348816,0.9999958872795105,87.35780334472656
nsl_kdd_v2,rf_5class_cw,594,2,2,1,0.9999958872795105,0.5384615659713745,0.9999958872795105,81.35489654541016
nsl_kdd_v2,rf_5class_cw,595,2,0,0,0.7886194586753845,0.4285714328289032,0.7886194586753845,64.35556030273438
nsl_kdd_v2,rf_5class_cw,596,0,0,1,0.9999958872795105,0.6666666865348816,0.9999958872795105,87.35780334472656
nsl_kdd_v2,rf_5class_cw,597,4,0,0,0.9996330142021179,0.6666666865348816,0.9996330142021179,87.336669921875
nsl_kdd_v2,rf_5class_cw,598,3,0,0,0.9999958872795105,0.6666666865348816,0.9999958872795105,87.35780334472656
nsl_kdd_v2,rf_5class_cw,599,0,0,1,0.9999958872795105,0.6666666865348816,0.9999958872795105,87.35780334472656
nsl_kdd_v2,rf_5class_cw,600,2,2,1,0.9999958872795105,0.5384615659713745,0.9999958872795105,81.35489654541016
nsl_kdd_v2,rf_5class_cw,601,2,2,1,0.9999958872795105,0.5384615659713745,0.9999958872795105,81.35489654541016
nsl_kdd_v2,rf_5class_cw,602,2,2,1,0.9999958872795105,0.6666666865348816,0.9999958872795105,87.35780334472656
nsl_kdd_v2,rf_5class_cw,603,1,1,1,0.9999958872795105,0.6666666865348816,0.9999908208847046,87.35765838623047
nsl_kdd_v2,rf_5class_cw,604,1,1,1,0.9999958872795105,0.6666666865348816,0.9999908208847046,87.35765838623047
nsl_kdd_v2,rf_5class_cw,605,1,1,1,0.9999958872795105,0.5384615659713745,0.9999908208847046,81.3547592163086
nsl_kdd_v2,rf_5class_cw,606,0,0,1,0.9999958872795105,0.6666666865348816,0.9999958872795105,87.35780334472656
nsl_kdd_v2,rf_5class_cw,607,2,2,1,0.9999958872795105,0.5384615659713745,0.9999958872795105,81.35489654541016
nsl_kdd_v2,rf_5class_cw,608,1,0,0,0.9119937419891357,0.5384615659713745,0.9119937419891357,76.5090560913086
nsl_kdd_v2,rf_5class_cw,609,0,0,1,0.8458313941955566,0.6666666865348816,0.8458313941955566,78.1313705444336
nsl_kdd_v2,rf_5class_cw,610,1,1,1,0.9999958872795105,0.5384615659713745,0.9999908208847046,81.3547592163086
nsl_kdd_v2,rf_5class_cw,611,1,1,1,0.9999958872795105,0.6666666865348816,0.9999908208847046,87.35765838623047
nsl_kdd_v2,rf_5class_cw,612,2,2,1,0.9999958872795105,0.8181818127632141,0.9999958872795105,93.52953338623047
nsl_kdd_v2,rf_5class_cw,613,0,0,1,0.9999958872795105,0.6666666865348816,0.9999958872795105,87.35780334472656
nsl_kdd_v2,rf_5class_cw,614,2,2,1,0.8475085496902466,0.5384615659713745,0.8475085496902466,72.85862731933594
nsl_kdd_v2,rf_5class_cw,615,0,0,1,0.9999958872795105,0.6666666865348816,0.9999958872795105,87.35780334472656
nsl_kdd_v2,rf_5class_cw,616,2,1,0,0.4074053466320038,0.5384615659713745,0.0,0.6031061410903931
nsl_kdd_v2,rf_5class_cw,617,1,1,1,0.9999958872795105,0.6666666865348816,0.9999908208847046,87.35765838623047
nsl_kdd_v2,rf_5class_cw,618,0,0,1,0.9999958872795105,0.6666666865348816,0.9999958872795105,87.35780334472656
nsl_kdd_v2,rf_5class_cw,619,1,1,1,0.9999958872795105,0.6666666865348816,0.9999908208847046,87.35765838623047
nsl_kdd_v2,rf_5class_cw,620,2,0,0,0.9790882468223572,0.3333333432674408,0.9790882468223572,68.36609649658203
nsl_kdd_v2,rf_5class_cw,621,0,2,0,0.9999958872795105,0.6666666865348816,0.9999958872795105,87.35780334472656
nsl_kdd_v2,rf_5class_cw,622,1,1,1,0.9999958872795105,0.6666666865348816,0.9999908208847046,87.35765838623047
nsl_kdd_v2,rf_5class_cw,623,3,0,0,0.9999958276748657,0.4285714328289032,0.9999958276748657,75.39453125
nsl_kdd_v2,rf_5class_cw,624,4,0,0,0.999373197555542,0.8181818127632141,0.999373197555542,93.49069213867188
nsl_kdd_v2,rf_5class_cw,625,2,2,1,0.6666612029075623,0.5384615659713745,0.6666612029075623,62.08523941040039
nsl_kdd_v2,rf_5class_cw,626,3,3,1,0.7894695997238159,0.5384615659713745,0.5730927586555481,62.45564270019531
nsl_kdd_v2,rf_5class_cw,627,2,2,1,0.9999958872795105,0.5384615659713745,0.9999958872795105,81.35489654541016
nsl_kdd_v2,rf_5class_cw,628,1,1,1,0.9999958872795105,0.5384615659713745,0.9999908208847046,81.3547592163086
nsl_kdd_v2,rf_5class_cw,629,0,0,1,0.9999958872795105,0.5384615659713745,0.9999958872795105,81.35489654541016
nsl_kdd_v2,rf_5class_cw,630,1,1,1,0.9999958872795105,0.6666666865348816,0.9999908208847046,87.35765838623047
nsl_kdd_v2,rf_5class_cw,631,3,0,0,0.9999958872795105,0.6666666865348816,0.9999958872795105,87.35780334472656
nsl_kdd_v2,rf_5class_cw,632,1,1,1,0.9999958872795105,0.6666666865348816,0.9999908208847046,87.35765838623047
nsl_kdd_v2,rf_5class_cw,633,1,0,0,0.6063129901885986,0.6666666865348816,0.6063129901885986,62.57979965209961
nsl_kdd_v2,rf_5class_cw,634,2,1,0,0.9999958872795105,0.8181818127632141,0.9999908208847046,93.52937316894531
nsl_kdd_v2,rf_5class_cw,635,2,2,1,0.9999958872795105,0.6666666865348816,0.9999958872795105,87.35780334472656
nsl_kdd_v2,rf_5class_cw,636,3,0,0,0.9790882468223572,0.8181818127632141,0.9790882468223572,92.22128295898438
nsl_kdd_v2,rf_5class_cw,637,0,0,1,0.9790882468223572,0.8181818127632141,0.9790882468223572,92.22128295898438
nsl_kdd_v2,rf_5class_cw,638,0,0,1,0.9999958872795105,0.5384615659713745,0.9999958872795105,81.35489654541016
nsl_kdd_v2,rf_5class_cw,639,1,1,1,0.5499973297119141,0.6666666865348816,0.0,0.7157418131828308
nsl_kdd_v2,rf_5class_cw,640,3,0,0,0.9999958872795105,0.5384615659713745,0.9999958872795105,81.35489654541016
nsl_kdd_v2,rf_5class_cw,641,2,2,1,0.9999958872795105,0.6666666865348816,0.9999958872795105,87.35780334472656
nsl_kdd_v2,rf_5class_cw,642,1,1,1,0.7692263722419739,0.6666666865348816,0.48505353927612305,62.89037322998047
nsl_kdd_v2,rf_5class_cw,643,1,1,1,0.9999958872795105,0.8181818127632141,0.9999908208847046,93.52937316894531
nsl_kdd_v2,rf_5class_cw,644,1,1,1,0.9999958872795105,0.6666666865348816,0.9999908208847046,87.35765838623047
nsl_kdd_v2,rf_5class_cw,645,2,2,1,0.9999958872795105,0.5384615659713745,0.9999958872795105,81.35489654541016
nsl_kdd_v2,rf_5class_cw,646,0,0,1,0.9999958872795105,0.6666666865348816,0.9999958872795105,87.35780334472656
nsl_kdd_v2,rf_5class_cw,647,0,0,1,0.9999958872795105,0.6666666865348816,0.9999958872795105,87.35780334472656
nsl_kdd_v2,rf_5class_cw,648,0,0,1,0.9999958872795105,0.6666666865348816,0.9999958872795105,87.35780334472656
nsl_kdd_v2,rf_5class_cw,649,1,1,1,0.9999958872795105,0.6666666865348816,0.9999908208847046,87.35765838623047
nsl_kdd_v2,rf_5class_cw,650,3,0,0,0.999995768070221,0.5384615659713745,0.999995768070221,81.35488891601562
nsl_kdd_v2,rf_5class_cw,651,1,1,1,0.9999958872795105,0.6666666865348816,0.9999908208847046,87.35765838623047
nsl_kdd_v2,rf_5class_cw,652,0,0,1,0.9999958872795105,0.6666666865348816,0.9999958872795105,87.35780334472656
nsl_kdd_v2,rf_5class_cw,653,1,1,1,0.5660360455513,1.0,0.03165612742304802,26.167804718017578
nsl_kdd_v2,rf_5class_cw,654,3,0,0,0.9999958872795105,0.5384615659713745,0.9999958872795105,81.35489654541016
nsl_kdd_v2,rf_5class_cw,655,1,1,1,0.9999958872795105,0.5384615659713745,0.9999908208847046,81.3547592163086
nsl_kdd_v2,rf_5class_cw,656,2,0,0,0.9759657979011536,0.6666666865348816,0.9759657979011536,85.9526596069336
nsl_kdd_v2,rf_5class_cw,657,3,3,1,0.6275839805603027,0.4285714328289032,0.24482589960098267,40.381656646728516
nsl_kdd_v2,rf_5class_cw,658,3,0,0,0.9999958872795105,0.8181818127632141,0.9999958872795105,93.52953338623047
nsl_kdd_v2,rf_5class_cw,659,4,0,0,0.9991045594215393,0.6666666865348816,0.9991045594215393,87.30589294433594
nsl_kdd_v2,rf_5class_cw,660,3,0,0,0.9999958872795105,0.6666666865348816,0.9999958872795105,87.35780334472656
nsl_kdd_v2,rf_5class_cw,661,3,0,0,0.9999958872795105,0.8181818127632141,0.9999958872795105,93.52953338623047
nsl_kdd_v2,rf_5class_cw,662,3,0,0,0.9999958872795105,0.6666666865348816,0.9999958872795105,87.35780334472656
nsl_kdd_v2,rf_5class_cw,663,2,2,1,0.9999958872795105,0.5384615659713745,0.9999958872795105,81.35489654541016
nsl_kdd_v2,rf_5class_cw,664,4,0,0,0.9999958872795105,0.6666666865348816,0.9999958872795105,87.35780334472656
nsl_kdd_v2,rf_5class_cw,665,0,0,1,0.9999958872795105,0.6666666865348816,0.9999958872795105,87.35780334472656
nsl_kdd_v2,rf_5class_cw,666,1,2,0,0.5581380128860474,0.6666666865348816,0.5581380128860474,59.21939468383789
nsl_kdd_v2,rf_5class_cw,667,0,0,1,0.9999958872795105,0.6666666865348816,0.9999958872795105,87.35780334472656
nsl_kdd_v2,rf_5class_cw,668,0,0,1,0.9999958872795105,0.5384615659713745,0.9999958872795105,81.35489654541016
nsl_kdd_v2,rf_5class_cw,669,0,0,1,0.9999958872795105,0.6666666865348816,0.9999958872795105,87.35780334472656
nsl_kdd_v2,rf_5class_cw,670,2,2,1,0.9999958872795105,0.5384615659713745,0.9999958872795105,81.35489654541016
nsl_kdd_v2,rf_5class_cw,671,3,0,0,0.9999572038650513,0.4285714328289032,0.9999572038650513,75.39259338378906
nsl_kdd_v2,rf_5class_cw,672,0,0,1,0.9999958872795105,0.6666666865348816,0.9999958872795105,87.35780334472656
nsl_kdd_v2,rf_5class_cw,673,3,0,0,0.9792169332504272,0.5384615659713745,0.9792169332504272,80.22396850585938
nsl_kdd_v2,rf_5class_cw,674,2,2,1,0.6666612029075623,0.8181818127632141,0.6666612029075623,71.3761978149414
nsl_kdd_v2,rf_5class_cw,675,0,0,1,0.9999958872795105,0.5384615659713745,0.9999958872795105,81.35489654541016
nsl_kdd_v2,rf_5class_cw,676,0,0,1,0.9999958872795105,0.6666666865348816,0.9999958872795105,87.35780334472656
nsl_kdd_v2,rf_5class_cw,677,3,0,0,0.9790882468223572,0.6666666865348816,0.9790882468223572,86.1358871459961
nsl_kdd_v2,rf_5class_cw,678,2,1,0,0.4074053466320038,0.8181818127632141,0.0,0.6933600306510925
nsl_kdd_v2,rf_5class_cw,679,0,0,1,0.9999958872795105,0.6666666865348816,0.9999958872795105,87.35780334472656
nsl_kdd_v2,rf_5class_cw,680,0,0,1,0.9999958872795105,0.6666666865348816,0.9999958872795105,87.35780334472656
nsl_kdd_v2,rf_5class_cw,681,2,2,1,0.9999958872795105,0.6666666865348816,0.9999958872795105,87.35780334472656
nsl_kdd_v2,rf_5class_cw,682,1,1,1,0.9999958872795105,0.6666666865348816,0.9999908208847046,87.35765838623047
nsl_kdd_v2,rf_5class_cw,683,2,2,1,0.9999958872795105,0.4285714328289032,0.9999958872795105,75.39453125
nsl_kdd_v2,rf_5class_cw,684,1,1,1,0.9999958872795105,0.5384615659713745,0.9999908208847046,81.3547592163086
nsl_kdd_v2,rf_5class_cw,685,3,0,0,0.999995768070221,0.5384615659713745,0.999995768070221,81.35488891601562
nsl_kdd_v2,rf_5class_cw,686,3,0,0,0.9999958872795105,0.6666666865348816,0.9999958872795105,87.35780334472656
nsl_kdd_v2,rf_5class_cw,687,0,0,1,0.9999958872795105,0.6666666865348816,0.9999958872795105,87.35780334472656
nsl_kdd_v2,rf_5class_cw,688,4,0,0,0.9998955130577087,0.5384615659713745,0.9998955130577087,81.34945678710938
nsl_kdd_v2,rf_5class_cw,689,0,0,1,0.9999958872795105,0.6666666865348816,0.9999958872795105,87.35780334472656
nsl_kdd_v2,rf_5class_cw,690,2,2,1,0.9999958872795105,0.6666666865348816,0.9999958872795105,87.35780334472656
nsl_kdd_v2,rf_5class_cw,691,2,2,1,0.7499961256980896,0.6666666865348816,0.7499961256980896,72.11223602294922
nsl_kdd_v2,rf_5class_cw,692,0,0,1,0.9999958872795105,0.6666666865348816,0.9999958872795105,87.35780334472656
nsl_kdd_v2,rf_5class_cw,693,1,0,0,0.9488101601600647,0.8181818127632141,0.9488101601600647,90.31006622314453
nsl_kdd_v2,rf_5class_cw,694,1,2,0,0.5440503358840942,0.5384615659713745,0.5440503358840942,54.21809387207031
nsl_kdd_v2,rf_5class_cw,695,3,0,0,0.9999853372573853,0.4285714328289032,0.9999853372573853,75.39400482177734
nsl_kdd_v2,rf_5class_cw,696,0,0,1,0.9790882468223572,0.8181818127632141,0.9790882468223572,92.22128295898438
nsl_kdd_v2,rf_5class_cw,697,1,1,1,0.6086933612823486,0.5384615659713745,0.12684133648872375,34.64213562011719
nsl_kdd_v2,rf_5class_cw,698,2,0,0,0.6206867694854736,0.6666666865348816,0.6206867694854736,63.564979553222656
nsl_kdd_v2,rf_5class_cw,699,0,0,1,0.9999958872795105,0.6666666865348816,0.9999958872795105,87.35780334472656
nsl_kdd_v2,rf_5class_cw,700,4,3,0,0.7287169098854065,0.3333333432674408,0.44990023970603943,47.80990982055664
nsl_kdd_v2,rf_5class_cw,701,0,0,1,0.9999958872795105,0.6666666865348816,0.9999958872795105,87.35780334472656
nsl_kdd_v2,rf_5class_cw,702,1,1,1,0.9999958872795105,0.8181818127632141,0.9999908208847046,93.52937316894531
nsl_kdd_v2,rf_5class_cw,703,2,1,0,0.5158337950706482,0.6666666865348816,0.0,0.700604259967804
nsl_kdd_v2,rf_5class_cw,704,1,1,1,0.7195091843605042,0.6666666865348816,0.374114990234375,56.404884338378906
nsl_kdd_v2,rf_5class_cw,705,0,0,1,0.9999958872795105,0.6666666865348816,0.9999958872795105,87.35780334472656
nsl_kdd_v2,rf_5class_cw,706,2,0,0,0.6412460207939148,0.6666666865348816,0.6412460207939148,64.96099853515625
nsl_kdd_v2,rf_5class_cw,707,0,0,1,0.9999958872795105,0.8181818127632141,0.9999958872795105,93.52953338623047
nsl_kdd_v2,rf_5class_cw,708,3,0,0,0.9790882468223572,0.8181818127632141,0.9790882468223572,92.22128295898438
nsl_kdd_v2,rf_5class_cw,709,2,2,1,0.9999958872795105,0.5384615659713745,0.9999958872795105,81.35489654541016
nsl_kdd_v2,rf_5class_cw,710,2,2,1,0.9999958872795105,0.6666666865348816,0.9999958872795105,87.35780334472656
nsl_kdd_v2,rf_5class_cw,711,0,0,1,0.9999958872795105,0.5384615659713745,0.9999958872795105,81.35489654541016
nsl_kdd_v2,rf_5class_cw,712,3,0,0,0.9999958872795105,0.6666666865348816,0.9999958872795105,87.35780334472656
nsl_kdd_v2,rf_5class_cw,713,2,2,1,0.9999958872795105,0.5384615659713745,0.9999958872795105,81.35489654541016
nsl_kdd_v2,rf_5class_cw,714,2,2,1,0.9999958872795105,0.6666666865348816,0.9999958872795105,87.35780334472656
nsl_kdd_v2,rf_5class_cw,715,2,2,1,0.9999958872795105,0.6666666865348816,0.9999958872795105,87.35780334472656
nsl_kdd_v2,rf_5class_cw,716,3,0,0,0.9999958872795105,0.6666666865348816,0.9999958872795105,87.35780334472656
nsl_kdd_v2,rf_5class_cw,717,0,0,1,0.9999958872795105,0.6666666865348816,0.9999958872795105,87.35780334472656
nsl_kdd_v2,rf_5class_cw,718,3,0,0,0.9999958872795105,0.5384615659713745,0.9999958872795105,81.35489654541016
nsl_kdd_v2,rf_5class_cw,719,2,2,1,0.9999958872795105,0.5384615659713745,0.9999958872795105,81.35489654541016
nsl_kdd_v2,rf_5class_cw,720,2,1,0,0.9999950528144836,0.5384615659713745,0.9999890327453613,81.35469055175781
nsl_kdd_v2,rf_5class_cw,721,0,0,1,0.9999958872795105,0.6666666865348816,0.9999958872795105,87.35780334472656
nsl_kdd_v2,rf_5class_cw,722,0,0,1,0.9999958872795105,0.5384615659713745,0.9999958872795105,81.35489654541016
nsl_kdd_v2,rf_5class_cw,723,0,0,1,0.9999958872795105,0.6666666865348816,0.9999958872795105,87.35780334472656
nsl_kdd_v2,rf_5class_cw,724,0,0,1,0.9999958872795105,0.8181818127632141,0.9999958872795105,93.52953338623047
nsl_kdd_v2,rf_5class_cw,725,0,0,1,0.9999958872795105,0.6666666865348816,0.9999958872795105,87.35780334472656
nsl_kdd_v2,rf_5class_cw,726,3,0,0,0.9999958872795105,0.6666666865348816,0.9999958872795105,87.35780334472656
nsl_kdd_v2,rf_5class_cw,727,2,2,1,0.9999958872795105,0.6666666865348816,0.9999958872795105,87.35780334472656
nsl_kdd_v2,rf_5class_cw,728,1,1,1,0.9999958872795105,0.6666666865348816,0.9999908208847046,87.35765838623047
nsl_kdd_v2,rf_5class_cw,729,1,1,1,0.9999958872795105,0.4285714328289032,0.9999908208847046,75.3944091796875
nsl_kdd_v2,rf_5class_cw,730,2,2,1,0.8407607078552246,0.4285714328289032,0.8407607078552246,67.16184997558594
nsl_kdd_v2,rf_5class_cw,731,3,0,0,0.9999958872795105,0.8181818127632141,0.9999958872795105,93.52953338623047
nsl_kdd_v2,rf_5class_cw,732,1,1,1,0.9999958872795105,0.6666666865348816,0.9999908208847046,87.35765838623047
nsl_kdd_v2,rf_5class_cw,733,0,0,1,0.9790882468223572,0.8181818127632141,0.9790882468223572,92.22128295898438
nsl_kdd_v2,rf_5class_cw,734,1,1,1,0.9999958872795105,0.6666666865348816,0.9999908208847046,87.35765838623047
nsl_kdd_v2,rf_5class_cw,735,1,1,1,0.9999958872795105,0.5384615659713745,0.9999908208847046,81.3547592163086
nsl_kdd_v2,rf_5class_cw,736,1,0,0,0.9999958276748657,0.5384615659713745,0.9999958276748657,81.35488891601562
nsl_kdd_v2,rf_5class_cw,737,1,1,1,0.799996018409729,0.5384615659713745,0.5537126660346985,62.01675033569336
nsl_kdd_v2,rf_5class_cw,738,3,0,0,0.9999958872795105,0.5384615659713745,0.9999958872795105,81.35489654541016
nsl_kdd_v2,rf_5class_cw,739,0,0,1,0.9790882468223572,0.8181818127632141,0.9790882468223572,92.22128295898438
nsl_kdd_v2,rf_5class_cw,740,3,0,0,0.9792149066925049,0.4285714328289032,0.9792149066925049,74.34636688232422
nsl_kdd_v2,rf_5class_cw,741,0,0,1,0.9999958872795105,0.6666666865348816,0.9999958872795105,87.35780334472656
nsl_kdd_v2,rf_5class_cw,742,2,2,1,0.6511601805686951,0.5384615659713745,0.6511601805686951,61.11907958984375
nsl_kdd_v2,rf_5class_cw,743,2,2,1,0.9999958872795105,0.5384615659713745,0.9999958872795105,81.35489654541016
nsl_kdd_v2,rf_5class_cw,744,3,0,0,0.9999958872795105,0.6666666865348816,0.9999958872795105,87.35780334472656
nsl_kdd_v2,rf_5class_cw,745,2,2,1,0.9999958872795105,0.5384615659713745,0.9999958872795105,81.35489654541016
nsl_kdd_v2,rf_5class_cw,746,1,1,1,0.6796088218688965,0.6666666865348816,0.28508150577545166,50.54896545410156
nsl_kdd_v2,rf_5class_cw,747,0,0,1,0.9999958872795105,0.5384615659713745,0.9999958872795105,81.35489654541016
nsl_kdd_v2,rf_5class_cw,748,2,1,0,0.9999958872795105,0.6666666865348816,0.9999908208847046,87.35765838623047
nsl_kdd_v2,rf_5class_cw,749,2,2,1,0.9999958872795105,0.5384615659713745,0.9999958872795105,81.35489654541016
nsl_kdd_v2,rf_5class_cw,750,0,0,1,0.9999958872795105,0.6666666865348816,0.9999958872795105,87.35780334472656
nsl_kdd_v2,rf_5class_cw,751,2,2,1,0.9999958872795105,0.8181818127632141,0.9999958872795105,93.52953338623047
nsl_kdd_v2,rf_5class_cw,752,0,0,1,0.9999958872795105,0.6666666865348816,0.9999958872795105,87.35780334472656
nsl_kdd_v2,rf_5class_cw,753,2,0,0,0.9759657979011536,0.6666666865348816,0.9759657979011536,85.9526596069336
nsl_kdd_v2,rf_5class_cw,754,3,0,0,0.9999950528144836,0.6666666865348816,0.9999950528144836,87.35775756835938
nsl_kdd_v2,rf_5class_cw,755,1,1,1,0.799996018409729,0.5384615659713745,0.5537126660346985,62.01675033569336
nsl_kdd_v2,rf_5class_cw,756,0,1,0,0.9999958872795105,0.6666666865348816,0.9999908208847046,87.35765838623047
nsl_kdd_v2,rf_5class_cw,757,1,0,0,0.9119937419891357,0.6666666865348816,0.9119937419891357,82.1543960571289
nsl_kdd_v2,rf_5class_cw,758,0,0,1,0.9999958872795105,0.5384615659713745,0.9999958872795105,81.35489654541016
nsl_kdd_v2,rf_5class_cw,759,1,1,1,0.9999958872795105,0.5384615659713745,0.9999908208847046,81.3547592163086
nsl_kdd_v2,rf_5class_cw,760,3,0,0,0.9999958872795105,0.6666666865348816,0.9999958872795105,87.35780334472656
nsl_kdd_v2,rf_5class_cw,761,0,0,1,0.9999958872795105,0.6666666865348816,0.9999958872795105,87.35780334472656
nsl_kdd_v2,rf_5class_cw,762,0,0,1,0.9999958872795105,0.6666666865348816,0.9999958872795105,87.35780334472656
nsl_kdd_v2,rf_5class_cw,763,3,0,0,0.9999958872795105,0.8181818127632141,0.9999958872795105,93.52953338623047
nsl_kdd_v2,rf_5class_cw,764,0,0,1,0.9999958872795105,0.6666666865348816,0.9999958872795105,87.35780334472656
nsl_kdd_v2,rf_5class_cw,765,3,0,0,0.9790865182876587,0.5384615659713745,0.9790865182876587,80.21685028076172
nsl_kdd_v2,rf_5class_cw,766,2,2,1,0.7826045155525208,0.4285714328289032,0.7826045155525208,64.02790832519531
nsl_kdd_v2,rf_5class_cw,767,0,0,1,0.9999958872795105,0.8181818127632141,0.9999958872795105,93.52953338623047
nsl_kdd_v2,rf_5class_cw,768,0,0,1,0.9999958872795105,0.5384615659713745,0.9999958872795105,81.35489654541016
nsl_kdd_v2,rf_5class_cw,769,2,2,1,0.9999958872795105,0.6666666865348816,0.9999958872795105,87.35780334472656
nsl_kdd_v2,rf_5class_cw,770,1,1,1,0.9999958872795105,0.6666666865348816,0.9999908208847046,87.35765838623047
nsl_kdd_v2,rf_5class_cw,771,0,2,0,0.9999958872795105,0.6666666865348816,0.9999958872795105,87.35780334472656
nsl_kdd_v2,rf_5class_cw,772,1,1,1,0.9999958872795105,0.8181818127632141,0.9999908208847046,93.52937316894531
nsl_kdd_v2,rf_5class_cw,773,1,1,1,0.9999958872795105,0.5384615659713745,0.9999908208847046,81.3547592163086
nsl_kdd_v2,rf_5class_cw,774,3,0,0,0.9488101601600647,0.4285714328289032,0.9488101601600647,72.79931640625
nsl_kdd_v2,rf_5class_cw,775,3,0,0,0.9999950528144836,0.6666666865348816,0.9999950528144836,87.35775756835938
nsl_kdd_v2,rf_5class_cw,776,3,0,0,0.9488094449043274,0.5384615659713745,0.9488094449043274,78.5544662475586
nsl_kdd_v2,rf_5class_cw,777,4,4,1,0.8314893841743469,0.4285714328289032,0.8314893841743469,66.66719818115234
nsl_kdd_v2,rf_5class_cw,778,1,0,0,0.9792177081108093,0.6666666865348816,0.9792177081108093,86.14347839355469
nsl_kdd_v2,rf_5class_cw,779,0,0,1,0.9999958872795105,0.6666666865348816,0.9999958872795105,87.35780334472656
nsl_kdd_v2,rf_5class_cw,780,0,0,1,0.9999958872795105,0.5384615659713745,0.9999958872795105,81.35489654541016
nsl_kdd_v2,rf_5class_cw,781,0,0,1,0.9999958872795105,0.5384615659713745,0.9999958872795105,81.35489654541016
nsl_kdd_v2,rf_5class_cw,782,0,0,1,0.9999958872795105,0.5384615659713745,0.9999958872795105,81.35489654541016
nsl_kdd_v2,rf_5class_cw,783,1,1,1,0.9999958872795105,0.6666666865348816,0.9999908208847046,87.35765838623047
nsl_kdd_v2,rf_5class_cw,784,1,1,1,0.6796088218688965,0.5384615659713745,0.28508150577545166,47.07542419433594
nsl_kdd_v2,rf_5class_cw,785,0,0,1,0.9999958872795105,0.6666666865348816,0.9999958872795105,87.35780334472656
nsl_kdd_v2,rf_5class_cw,786,3,0,0,0.9999958872795105,0.4285714328289032,0.9999958872795105,75.39453125
nsl_kdd_v2,rf_5class_cw,787,1,0,0,0.9414371252059937,0.8181818127632141,0.9414371252059937,89.84159851074219
nsl_kdd_v2,rf_5class_cw,788,1,1,1,0.9999958872795105,0.6666666865348816,0.9999908208847046,87.35765838623047
nsl_kdd_v2,rf_5class_cw,789,4,0,0,0.9999958872795105,0.6666666865348816,0.9999958872795105,87.35780334472656
nsl_kdd_v2,rf_5class_cw,790,0,0,1,0.9999958872795105,0.6666666865348816,0.9999958872795105,87.35780334472656
nsl_kdd_v2,rf_5class_cw,791,0,0,1,0.9999958872795105,0.5384615659713745,0.9999958872795105,81.35489654541016
nsl_kdd_v2,rf_5class_cw,792,1,1,1,0.9795879125595093,0.8181818127632141,0.9544525742530823,91.45677185058594
nsl_kdd_v2,rf_5class_cw,793,2,1,0,0.9999958872795105,0.8181818127632141,0.9999908208847046,93.52937316894531
nsl_kdd_v2,rf_5class_cw,794,1,1,1,0.7999952435493469,0.5384615659713745,0.5537109375,62.016666412353516
nsl_kdd_v2,rf_5class_cw,795,2,2,1,0.5147026181221008,0.8181818127632141,0.5147026181221008,60.06952667236328
nsl_kdd_v2,rf_5class_cw,796,2,2,1,0.8407607078552246,0.6666666865348816,0.8407607078552246,77.81880187988281
nsl_kdd_v2,rf_5class_cw,797,1,1,1,0.9999958872795105,0.8181818127632141,0.9999908208847046,93.52937316894531
nsl_kdd_v2,rf_5class_cw,798,1,1,1,0.9999958872795105,0.8181818127632141,0.9999908208847046,93.52937316894531
nsl_kdd_v2,rf_5class_cw,799,3,0,0,0.9999958276748657,0.5384615659713745,0.9999958276748657,81.35488891601562
nsl_kdd_v2,rf_5class_cw,800,2,1,0,0.9999958872795105,0.6666666865348816,0.9999908208847046,87.35765838623047
nsl_kdd_v2,rf_5class_cw,801,2,2,1,0.9999958872795105,0.6666666865348816,0.9999958872795105,87.35780334472656
nsl_kdd_v2,rf_5class_cw,802,0,0,1,0.9999958872795105,0.6666666865348816,0.9999958872795105,87.35780334472656
nsl_kdd_v2,rf_5class_cw,803,0,0,1,0.9999958872795105,0.5384615659713745,0.9999958872795105,81.35489654541016
nsl_kdd_v2,rf_5class_cw,804,1,1,1,0.9999958872795105,0.6666666865348816,0.9999908208847046,87.35765838623047
nsl_kdd_v2,rf_5class_cw,805,3,0,0,0.9999958872795105,0.6666666865348816,0.9999958872795105,87.35780334472656
nsl_kdd_v2,rf_5class_cw,806,3,0,0,0.9792177081108093,0.5384615659713745,0.9792177081108093,80.2240219116211
nsl_kdd_v2,rf_5class_cw,807,2,0,0,0.9790882468223572,0.5384615659713745,0.9790882468223572,80.2169418334961
nsl_kdd_v2,rf_5class_cw,808,3,0,0,0.9999958872795105,0.6666666865348816,0.9999958872795105,87.35780334472656
nsl_kdd_v2,rf_5class_cw,809,4,0,0,0.9999120235443115,0.6666666865348816,0.9999120235443115,87.3529281616211
nsl_kdd_v2,rf_5class_cw,810,0,0,1,0.9999958872795105,0.6666666865348816,0.9999958872795105,87.35780334472656
nsl_kdd_v2,rf_5class_cw,811,4,0,0,0.9999958872795105,0.8181818127632141,0.9999958872795105,93.52953338623047
nsl_kdd_v2,rf_5class_cw,812,2,0,0,0.9119937419891357,0.5384615659713745,0.9119937419891357,76.5090560913086
nsl_kdd_v2,rf_5class_cw,813,0,0,1,0.9999958872795105,0.8181818127632141,0.9999958872795105,93.52953338623047
nsl_kdd_v2,rf_5class_cw,814,1,1,1,0.9999958872795105,0.8181818127632141,0.9999908208847046,93.52937316894531
nsl_kdd_v2,rf_5class_cw,815,1,1,1,0.9999958872795105,0.5384615659713745,0.9999908208847046,81.3547592163086
nsl_kdd_v2,rf_5class_cw,816,1,1,1,0.9999958872795105,0.6666666865348816,0.9999908208847046,87.35765838623047
nsl_kdd_v2,rf_5class_cw,817,2,2,1,0.9999958872795105,0.8181818127632141,0.9999958872795105,93.52953338623047
nsl_kdd_v2,rf_5class_cw,818,1,1,1,0.9999958872795105,0.5384615659713745,0.9999908208847046,81.3547592163086
nsl_kdd_v2,rf_5class_cw,819,0,0,1,0.9999958872795105,0.6666666865348816,0.9999958872795105,87.35780334472656
nsl_kdd_v2,rf_5class_cw,820,3,0,0,0.9792177081108093,0.5384615659713745,0.9792177081108093,80.2240219116211
nsl_kdd_v2,rf_5class_cw,821,4,0,0,0.9999958872795105,0.8181818127632141,0.9999958872795105,93.52953338623047
nsl_kdd_v2,rf_5class_cw,822,1,1,1,0.9999958872795105,0.8181818127632141,0.9999908208847046,93.52937316894531
nsl_kdd_v2,rf_5class_cw,823,3,0,0,0.9999958872795105,0.6666666865348816,0.9999958872795105,87.35780334472656
nsl_kdd_v2,rf_5class_cw,824,1,1,1,0.9999958872795105,0.6666666865348816,0.9999908208847046,87.35765838623047
nsl_kdd_v2,rf_5class_cw,825,1,1,1,0.9999958872795105,0.6666666865348816,0.9999908208847046,87.35765838623047
nsl_kdd_v2,rf_5class_cw,826,0,0,1,0.9999958872795105,0.4285714328289032,0.9999958872795105,75.39453125
nsl_kdd_v2,rf_5class_cw,827,1,1,1,0.9999958872795105,0.6666666865348816,0.9999908208847046,87.35765838623047
nsl_kdd_v2,rf_5class_cw,828,2,2,1,0.9999958872795105,0.5384615659713745,0.9999958872795105,81.35489654541016
nsl_kdd_v2,rf_5class_cw,829,2,2,1,0.9999958872795105,0.6666666865348816,0.9999958872795105,87.35780334472656
nsl_kdd_v2,rf_5class_cw,830,3,0,0,0.9790882468223572,0.6666666865348816,0.9790882468223572,86.1358871459961
nsl_kdd_v2,rf_5class_cw,831,3,3,1,0.8181774020195007,0.4285714328289032,0.6313056349754333,60.492767333984375
nsl_kdd_v2,rf_5class_cw,832,1,1,1,0.9999958872795105,0.5384615659713745,0.9999908208847046,81.3547592163086
nsl_kdd_v2,rf_5class_cw,833,2,2,1,0.5365791916847229,0.8181818127632141,0.5365791916847229,61.759788513183594
nsl_kdd_v2,rf_5class_cw,834,1,1,1,0.9999958872795105,0.8181818127632141,0.9999908208847046,93.52937316894531
nsl_kdd_v2,rf_5class_cw,835,2,2,1,0.9999958872795105,0.5384615659713745,0.9999958872795105,81.35489654541016
nsl_kdd_v2,rf_5class_cw,836,1,1,1,0.9999958872795105,0.5384615659713745,0.9999908208847046,81.3547592163086
nsl_kdd_v2,rf_5class_cw,837,4,0,0,0.9967384934425354,0.6666666865348816,0.9967384934425354,87.16799926757812
nsl_kdd_v2,rf_5class_cw,838,3,0,0,0.9999958872795105,0.8181818127632141,0.9999958872795105,93.52953338623047
nsl_kdd_v2,rf_5class_cw,839,3,0,0,0.9999958872795105,0.4285714328289032,0.9999958872795105,75.39453125
nsl_kdd_v2,rf_5class_cw,840,0,0,1,0.9999958872795105,0.5384615659713745,0.9999958872795105,81.35489654541016
nsl_kdd_v2,rf_5class_cw,841,0,0,1,0.9999958872795105,0.6666666865348816,0.9999958872795105,87.35780334472656
nsl_kdd_v2,rf_5class_cw,842,3,0,0,0.999992847442627,0.5384615659713745,0.999992847442627,81.35472869873047
nsl_kdd_v2,rf_5class_cw,843,0,0,1,0.9790882468223572,0.6666666865348816,0.9790882468223572,86.1358871459961
nsl_kdd_v2,rf_5class_cw,844,1,1,1,0.9999958872795105,0.6666666865348816,0.9999908208847046,87.35765838623047
nsl_kdd_v2,rf_5class_cw,845,3,0,0,0.9792177081108093,0.6666666865348816,0.9792177081108093,86.14347839355469
nsl_kdd_v2,rf_5class_cw,846,0,0,1,0.9999958872795105,0.6666666865348816,0.9999958872795105,87.35780334472656
nsl_kdd_v2,rf_5class_cw,847,1,1,1,0.9999958872795105,0.8181818127632141,0.9999908208847046,93.52937316894531
nsl_kdd_v2,rf_5class_cw,848,1,1,1,0.9999958872795105,0.6666666865348816,0.9999908208847046,87.35765838623047
nsl_kdd_v2,rf_5class_cw,849,4,0,0,0.9998497366905212,0.5384615659713745,0.9998497366905212,81.34697723388672
nsl_kdd_v2,rf_5class_cw,850,2,0,0,0.9119937419891357,0.6666666865348816,0.9119937419891357,82.1543960571289
nsl_kdd_v2,rf_5class_cw,851,1,0,0,0.9790865182876587,0.6666666865348816,0.9790865182876587,86.13578796386719
nsl_kdd_v2,rf_5class_cw,852,0,0,1,0.9999958872795105,0.8181818127632141,0.9999958872795105,93.52953338623047
nsl_kdd_v2,rf_5class_cw,853,1,1,1,0.7088581919670105,0.8181818127632141,0.35034841299057007,58.78995132446289
nsl_kdd_v2,rf_5class_cw,854,2,2,1,0.6666612029075623,0.5384615659713745,0.6666612029075623,62.08523941040039
nsl_kdd_v2,rf_5class_cw,855,3,0,0,0.9999958872795105,0.8181818127632141,0.9999958872795105,93.52953338623047
nsl_kdd_v2,rf_5class_cw,856,1,1,1,0.9999958872795105,0.6666666865348816,0.9999908208847046,87.35765838623047
nsl_kdd_v2,rf_5class_cw,857,0,0,1,0.9999958872795105,0.8181818127632141,0.9999958872795105,93.52953338623047
nsl_kdd_v2,rf_5class_cw,858,3,0,0,0.9999958276748657,0.5384615659713745,0.9999958276748657,81.35488891601562
nsl_kdd_v2,rf_5class_cw,859,3,0,0,0.9999853372573853,0.4285714328289032,0.9999853372573853,75.39400482177734
nsl_kdd_v2,rf_5class_cw,860,3,0,0,0.9999853372573853,0.5384615659713745,0.9999853372573853,81.35433197021484
nsl_kdd_v2,rf_5class_cw,861,1,0,0,0.9795879125595093,0.6666666865348816,0.9795879125595093,86.16519927978516
nsl_kdd_v2,rf_5class_cw,862,1,0,0,0.9792177081108093,0.6666666865348816,0.9792177081108093,86.14347839355469
nsl_kdd_v2,rf_5class_cw,863,1,0,0,0.9414371252059937,0.8181818127632141,0.9414371252059937,89.84159851074219
nsl_kdd_v2,rf_5class_cw,864,2,2,1,0.9999958872795105,0.6666666865348816,0.9999958872795105,87.35780334472656
nsl_kdd_v2,rf_5class_cw,865,4,0,0,0.9999958276748657,0.6666666865348816,0.9999958276748657,87.35780334472656
nsl_kdd_v2,rf_5class_cw,866,3,0,0,0.9999897480010986,0.6666666865348816,0.9999897480010986,87.35745239257812
nsl_kdd_v2,rf_5class_cw,867,3,0,0,0.9792177081108093,0.6666666865348816,0.9792177081108093,86.14347839355469
nsl_kdd_v2,rf_5class_cw,868,3,0,0,0.6206867694854736,0.6666666865348816,0.6206867694854736,63.564979553222656
nsl_kdd_v2,rf_5class_cw,869,4,0,0,0.9999958872795105,0.8181818127632141,0.9999958872795105,93.52953338623047
nsl_kdd_v2,rf_5class_cw,870,2,2,1,0.9999958872795105,0.5384615659713745,0.9999958872795105,81.35489654541016
nsl_kdd_v2,rf_5class_cw,871,3,0,0,0.9795879125595093,0.8181818127632141,0.9795879125595093,92.25265502929688
nsl_kdd_v2,rf_5class_cw,872,2,2,1,0.9999958872795105,0.6666666865348816,0.9999958872795105,87.35780334472656
nsl_kdd_v2,rf_5class_cw,873,2,2,1,0.9999958872795105,0.6666666865348816,0.9999958872795105,87.35780334472656
nsl_kdd_v2,rf_5class_cw,874,1,1,1,0.9999958872795105,0.6666666865348816,0.9999908208847046,87.35765838623047
nsl_kdd_v2,rf_5class_cw,875,1,1,1,0.9999958872795105,0.6666666865348816,0.9999908208847046,87.35765838623047
nsl_kdd_v2,rf_5class_cw,876,0,0,1,0.9999958872795105,0.5384615659713745,0.9999958872795105,81.35489654541016
nsl_kdd_v2,rf_5class_cw,877,0,0,1,0.9999958872795105,1.0,0.9999958872795105,99.99972534179688
nsl_kdd_v2,rf_5class_cw,878,3,0,0,0.9999958872795105,0.6666666865348816,0.9999958872795105,87.35780334472656
nsl_kdd_v2,rf_5class_cw,879,2,0,0,0.7596855163574219,0.5384615659713745,0.7596855163574219,67.73411560058594
nsl_kdd_v2,rf_5class_cw,880,1,1,1,0.9999958872795105,0.6666666865348816,0.9999908208847046,87.35765838623047
nsl_kdd_v2,rf_5class_cw,881,4,0,0,0.9999939799308777,0.6666666865348816,0.9999939799308777,87.35769653320312
nsl_kdd_v2,rf_5class_cw,882,0,0,1,0.9999958872795105,0.6666666865348816,0.9999958872795105,87.35780334472656
nsl_kdd_v2,rf_5class_cw,883,2,2,1,0.9999958872795105,0.5384615659713745,0.9999958872795105,81.35489654541016
nsl_kdd_v2,rf_5class_cw,884,3,0,0,0.9999853372573853,0.5384615659713745,0.9999853372573853,81.35433197021484
nsl_kdd_v2,rf_5class_cw,885,0,0,1,0.9999958872795105,0.5384615659713745,0.9999958872795105,81.35489654541016
nsl_kdd_v2,rf_5class_cw,886,1,0,0,0.999994158744812,0.3333333432674408,0.999994158744812,69.33586120605469
nsl_kdd_v2,rf_5class_cw,887,3,0,0,0.9790882468223572,0.8181818127632141,0.9790882468223572,92.22128295898438
nsl_kdd_v2,rf_5class_cw,888,2,2,1,0.9999958872795105,0.5384615659713745,0.9999958872795105,81.35489654541016
nsl_kdd_v2,rf_5class_cw,889,0,0,1,0.9999958872795105,0.6666666865348816,0.9999958872795105,87.35780334472656
nsl_kdd_v2,rf_5class_cw,890,2,2,1,0.9999958872795105,0.6666666865348816,0.9999958872795105,87.35780334472656
nsl_kdd_v2,rf_5class_cw,891,0,0,1,0.9999958872795105,0.5384615659713745,0.9999958872795105,81.35489654541016
nsl_kdd_v2,rf_5class_cw,892,1,1,1,0.9999958872795105,0.8181818127632141,0.9999908208847046,93.52937316894531
nsl_kdd_v2,rf_5class_cw,893,3,0,0,0.9999939799308777,0.5384615659713745,0.9999939799308777,81.35479736328125
nsl_kdd_v2,rf_5class_cw,894,4,0,0,0.9732003808021545,0.6666666865348816,0.9732003808021545,85.79021453857422
nsl_kdd_v2,rf_5class_cw,895,0,0,1,0.9999958872795105,0.5384615659713745,0.9999958872795105,81.35489654541016
nsl_kdd_v2,rf_5class_cw,896,0,0,1,0.9999958872795105,0.8181818127632141,0.9999958872795105,93.52953338623047
nsl_kdd_v2,rf_5class_cw,897,1,1,1,0.9999958872795105,0.8181818127632141,0.9999908208847046,93.52937316894531
nsl_kdd_v2,rf_5class_cw,898,3,0,0,0.9414362907409668,0.6666666865348816,0.9414362907409668,83.91319274902344
nsl_kdd_v2,rf_5class_cw,899,0,0,1,0.9999958872795105,0.8181818127632141,0.9999958872795105,93.52953338623047
nsl_kdd_v2,rf_5class_cw,900,1,1,1,0.9999958872795105,0.6666666865348816,0.9999908208847046,87.35765838623047
nsl_kdd_v2,rf_5class_cw,901,1,0,0,0.9790882468223572,0.8181818127632141,0.9790882468223572,92.22128295898438
nsl_kdd_v2,rf_5class_cw,902,2,2,1,0.9999958872795105,0.5384615659713745,0.9999958872795105,81.35489654541016
nsl_kdd_v2,rf_5class_cw,903,0,0,1,0.9999958872795105,0.6666666865348816,0.9999958872795105,87.35780334472656
nsl_kdd_v2,rf_5class_cw,904,1,1,1,0.9999958872795105,0.6666666865348816,0.9999908208847046,87.35765838623047
nsl_kdd_v2,rf_5class_cw,905,2,0,0,0.9790874719619751,0.6666666865348816,0.9790874719619751,86.1358413696289
nsl_kdd_v2,rf_5class_cw,906,1,1,1,0.9999958872795105,0.6666666865348816,0.9999908208847046,87.35765838623047
nsl_kdd_v2,rf_5class_cw,907,1,1,1,0.9999958872795105,0.8181818127632141,0.9999908208847046,93.52937316894531
nsl_kdd_v2,rf_5class_cw,908,2,0,0,0.9414371252059937,0.3333333432674408,0.9414371252059937,66.60198211669922
nsl_kdd_v2,rf_5class_cw,909,2,2,1,0.9999958872795105,0.5384615659713745,0.9999958872795105,81.35489654541016
nsl_kdd_v2,rf_5class_cw,910,2,2,1,0.9999958872795105,0.6666666865348816,0.9999958872795105,87.35780334472656
nsl_kdd_v2,rf_5class_cw,911,4,0,0,0.9997928142547607,0.5384615659713745,0.9997928142547607,81.34387969970703
nsl_kdd_v2,rf_5class_cw,912,1,1,1,0.799996018409729,0.5384615659713745,0.5537126660346985,62.01675033569336
nsl_kdd_v2,rf_5class_cw,913,1,1,1,0.9999958872795105,0.8181818127632141,0.9999908208847046,93.52937316894531
nsl_kdd_v2,rf_5class_cw,914,0,0,1,0.9999958872795105,0.6666666865348816,0.9999958872795105,87.35780334472656
nsl_kdd_v2,rf_5class_cw,915,2,2,1,0.9999958872795105,0.5384615659713745,0.9999958872795105,81.35489654541016
nsl_kdd_v2,rf_5class_cw,916,4,0,0,0.9999897480010986,0.6666666865348816,0.9999897480010986,87.35745239257812
nsl_kdd_v2,rf_5class_cw,917,0,0,1,0.9790882468223572,0.6666666865348816,0.9790882468223572,86.1358871459961
nsl_kdd_v2,rf_5class_cw,918,0,0,1,0.9999958872795105,0.8181818127632141,0.9999958872795105,93.52953338623047
nsl_kdd_v2,rf_5class_cw,919,1,1,1,0.9999958872795105,0.6666666865348816,0.9999908208847046,87.35765838623047
nsl_kdd_v2,rf_5class_cw,920,3,0,0,0.9792160391807556,0.5384615659713745,0.9792160391807556,80.22392272949219
nsl_kdd_v2,rf_5class_cw,921,1,1,1,0.9446631073951721,0.6666666865348816,0.8765217065811157,82.03189849853516
nsl_kdd_v2,rf_5class_cw,922,1,1,1,0.7692270874977112,0.8181818127632141,0.4850551187992096,67.3335952758789
nsl_kdd_v2,rf_5class_cw,923,3,0,0,0.9999958872795105,0.6666666865348816,0.9999958872795105,87.35780334472656
nsl_kdd_v2,rf_5class_cw,924,3,3,1,0.6363614201545715,0.4285714328289032,0.2626245617866516,41.52925491333008
nsl_kdd_v2,rf_5class_cw,925,1,0,0,0.9119937419891357,0.6666666865348816,0.9119937419891357,82.1543960571289
nsl_kdd_v2,rf_5class_cw,926,3,0,0,0.9999897480010986,0.6666666865348816,0.9999897480010986,87.35745239257812
nsl_kdd_v2,rf_5class_cw,927,3,3,1,0.6363614201545715,0.5384615659713745,0.2626245617866516,44.812374114990234
nsl_kdd_v2,rf_5class_cw,928,1,1,1,0.9999958872795105,0.6666666865348816,0.9999908208847046,87.35765838623047
nsl_kdd_v2,rf_5class_cw,929,3,0,0,0.9999958872795105,0.6666666865348816,0.9999958872795105,87.35780334472656
nsl_kdd_v2,rf_5class_cw,930,1,1,1,0.9999958872795105,0.8181818127632141,0.9999908208847046,93.52937316894531
nsl_kdd_v2,rf_5class_cw,931,0,0,1,0.9414371252059937,0.6666666865348816,0.9414371252059937,83.91323852539062
nsl_kdd_v2,rf_5class_cw,932,2,2,1,0.9999958872795105,0.5384615659713745,0.9999958872795105,81.35489654541016
nsl_kdd_v2,rf_5class_cw,933,1,0,0,0.9119937419891357,0.8181818127632141,0.9119937419891357,87.95851135253906
nsl_kdd_v2,rf_5class_cw,934,0,0,1,0.9999958872795105,0.5384615659713745,0.9999958872795105,81.35489654541016
nsl_kdd_v2,rf_5class_cw,935,2,2,1,0.9999958872795105,0.8181818127632141,0.9999958872795105,93.52953338623047
nsl_kdd_v2,rf_5class_cw,936,4,0,0,0.9792149066925049,0.8181818127632141,0.9792149066925049,92.22923278808594
nsl_kdd_v2,rf_5class_cw,937,4,0,0,0.9998497366905212,0.8181818127632141,0.9998497366905212,93.52041625976562
nsl_kdd_v2,rf_5class_cw,938,3,0,0,0.9999939799308777,0.4285714328289032,0.9999939799308777,75.39443969726562
nsl_kdd_v2,rf_5class_cw,939,0,0,1,0.9999958872795105,0.8181818127632141,0.9999958872795105,93.52953338623047
nsl_kdd_v2,rf_5class_cw,940,1,1,1,0.9999958872795105,0.6666666865348816,0.9999908208847046,87.35765838623047
nsl_kdd_v2,rf_5class_cw,941,2,0,0,0.5624969601631165,0.5384615659713745,0.5624969601631165,55.436824798583984
nsl_kdd_v2,rf_5class_cw,942,3,0,0,0.9119937419891357,0.6666666865348816,0.9119937419891357,82.1543960571289
nsl_kdd_v2,rf_5class_cw,943,0,0,1,0.9999958872795105,0.5384615659713745,0.9999958872795105,81.35489654541016
nsl_kdd_v2,rf_5class_cw,944,1,1,1,0.9999958872795105,0.4285714328289032,0.9999908208847046,75.3944091796875
nsl_kdd_v2,rf_5class_cw,945,3,0,0,0.999995768070221,0.5384615659713745,0.999995768070221,81.35488891601562
nsl_kdd_v2,rf_5class_cw,946,3,0,0,0.9999958872795105,0.8181818127632141,0.9999958872795105,93.52953338623047
nsl_kdd_v2,rf_5class_cw,947,1,1,1,0.9999958872795105,0.8181818127632141,0.9999908208847046,93.52937316894531
nsl_kdd_v2,rf_5class_cw,948,0,0,1,0.9999958872795105,0.5384615659713745,0.9999958872795105,81.35489654541016
nsl_kdd_v2,rf_5class_cw,949,0,0,1,0.9999958872795105,0.8181818127632141,0.9999958872795105,93.52953338623047
nsl_kdd_v2,rf_5class_cw,950,3,0,0,0.9790781736373901,0.5384615659713745,0.9790781736373901,80.21639251708984
nsl_kdd_v2,rf_5class_cw,951,1,1,1,0.9999958872795105,0.8181818127632141,0.9999908208847046,93.52937316894531
nsl_kdd_v2,rf_5class_cw,952,2,2,1,0.9999958872795105,0.5384615659713745,0.9999958872795105,81.35489654541016
nsl_kdd_v2,rf_5class_cw,953,0,0,1,0.9999958872795105,0.5384615659713745,0.9999958872795105,81.35489654541016
nsl_kdd_v2,rf_5class_cw,954,1,2,0,0.9999958872795105,0.6666666865348816,0.9999958872795105,87.35780334472656
nsl_kdd_v2,rf_5class_cw,955,3,2,0,0.8275826573371887,0.4285714328289032,0.8275826573371887,66.45821380615234
nsl_kdd_v2,rf_5class_cw,956,1,1,1,0.9999958872795105,0.6666666865348816,0.9999908208847046,87.35765838623047
nsl_kdd_v2,rf_5class_cw,957,1,0,0,0.9632036685943604,0.6666666865348816,0.9632036685943604,85.20171356201172
nsl_kdd_v2,rf_5class_cw,958,3,0,0,0.9999958872795105,0.6666666865348816,0.9999958872795105,87.35780334472656
nsl_kdd_v2,rf_5class_cw,959,1,1,1,0.9999958872795105,0.8181818127632141,0.9999908208847046,93.52937316894531
nsl_kdd_v2,rf_5class_cw,960,0,2,0,0.9999958872795105,0.5384615659713745,0.9999958872795105,81.35489654541016
nsl_kdd_v2,rf_5class_cw,961,2,2,1,0.9999958872795105,0.6666666865348816,0.9999958872795105,87.35780334472656
nsl_kdd_v2,rf_5class_cw,962,1,1,1,0.9999958872795105,0.6666666865348816,0.9999908208847046,87.35765838623047
nsl_kdd_v2,rf_5class_cw,963,1,1,1,0.9999958872795105,0.6666666865348816,0.9999908208847046,87.35765838623047
nsl_kdd_v2,rf_5class_cw,964,0,0,1,0.9999958872795105,0.6666666865348816,0.9999958872795105,87.35780334472656
nsl_kdd_v2,rf_5class_cw,965,1,1,1,0.9999958872795105,0.6666666865348816,0.9999908208847046,87.35765838623047
nsl_kdd_v2,rf_5class_cw,966,3,0,0,0.9999958872795105,0.6666666865348816,0.9999958872795105,87.35780334472656
nsl_kdd_v2,rf_5class_cw,967,1,1,1,0.9999958872795105,0.6666666865348816,0.9999908208847046,87.35765838623047
nsl_kdd_v2,rf_5class_cw,968,3,0,0,0.5454522967338562,0.4285714328289032,0.5454522967338562,50.332157135009766
nsl_kdd_v2,rf_5class_cw,969,4,3,0,0.9902185201644897,0.4285714328289032,0.9801654815673828,74.64794921875
nsl_kdd_v2,rf_5class_cw,970,3,0,0,0.9999949932098389,0.5384615659713745,0.9999949932098389,81.35485076904297
nsl_kdd_v2,rf_5class_cw,971,3,3,1,0.6363614201545715,0.4285714328289032,0.2626245617866516,41.52925491333008
nsl_kdd_v2,rf_5class_cw,972,3,0,0,0.9999958872795105,0.8181818127632141,0.9999958872795105,93.52953338623047
nsl_kdd_v2,rf_5class_cw,973,0,0,1,0.9999958872795105,0.6666666865348816,0.9999958872795105,87.35780334472656
nsl_kdd_v2,rf_5class_cw,974,0,0,1,0.9790882468223572,0.8181818127632141,0.9790882468223572,92.22128295898438
nsl_kdd_v2,rf_5class_cw,975,2,2,1,0.9999958872795105,0.5384615659713745,0.9999958872795105,81.35489654541016
nsl_kdd_v2,rf_5class_cw,976,2,2,1,0.9999958872795105,0.5384615659713745,0.9999958872795105,81.35489654541016
nsl_kdd_v2,rf_5class_cw,977,4,0,0,0.5784759521484375,0.5384615659713745,0.5784759521484375,56.481788635253906
nsl_kdd_v2,rf_5class_cw,978,2,2,1,0.9999958872795105,0.5384615659713745,0.9999958872795105,81.35489654541016
nsl_kdd_v2,rf_5class_cw,979,3,0,0,0.9999958872795105,0.8181818127632141,0.9999958872795105,93.52953338623047
nsl_kdd_v2,rf_5class_cw,980,0,0,1,0.9999958872795105,0.6666666865348816,0.9999958872795105,87.35780334472656
nsl_kdd_v2,rf_5class_cw,981,0,0,1,0.9999958872795105,0.6666666865348816,0.9999958872795105,87.35780334472656
nsl_kdd_v2,rf_5class_cw,982,2,0,0,0.9119937419891357,0.6666666865348816,0.9119937419891357,82.1543960571289
nsl_kdd_v2,rf_5class_cw,983,2,2,1,0.9999958872795105,0.5384615659713745,0.9999958872795105,81.35489654541016
nsl_kdd_v2,rf_5class_cw,984,0,0,1,0.9999958872795105,0.6666666865348816,0.9999958872795105,87.35780334472656
nsl_kdd_v2,rf_5class_cw,985,1,1,1,0.9999958872795105,0.6666666865348816,0.9999908208847046,87.35765838623047
nsl_kdd_v2,rf_5class_cw,986,2,2,1,0.9999958872795105,0.6666666865348816,0.9999958872795105,87.35780334472656
nsl_kdd_v2,rf_5class_cw,987,3,0,0,0.9999958872795105,0.6666666865348816,0.9999958872795105,87.35780334472656
nsl_kdd_v2,rf_5class_cw,988,3,0,0,0.9999958872795105,0.8181818127632141,0.9999958872795105,93.52953338623047
nsl_kdd_v2,rf_5class_cw,989,1,1,1,0.9999958872795105,1.0,0.9999908208847046,99.99955749511719
nsl_kdd_v2,rf_5class_cw,990,3,0,0,0.9999958276748657,0.4285714328289032,0.9999958276748657,75.39453125
nsl_kdd_v2,rf_5class_cw,991,2,0,0,0.8906173706054688,0.6666666865348816,0.8906173706054688,80.86557006835938
nsl_kdd_v2,rf_5class_cw,992,3,0,0,0.9999949932098389,0.5384615659713745,0.9999949932098389,81.35485076904297
nsl_kdd_v2,rf_5class_cw,993,0,0,1,0.9999958872795105,0.6666666865348816,0.9999958872795105,87.35780334472656
nsl_kdd_v2,rf_5class_cw,994,0,0,1,0.9999958872795105,0.8181818127632141,0.9999958872795105,93.52953338623047
nsl_kdd_v2,rf_5class_cw,995,1,1,1,0.5263137221336365,0.5384615659713745,0.0,0.6568503379821777
nsl_kdd_v2,rf_5class_cw,996,1,1,1,0.9999958872795105,0.6666666865348816,0.9999908208847046,87.35765838623047
nsl_kdd_v2,rf_5class_cw,997,2,2,1,0.9999958872795105,0.5384615659713745,0.9999958872795105,81.35489654541016
nsl_kdd_v2,rf_5class_cw,998,4,0,0,0.9999929666519165,0.5384615659713745,0.9999929666519165,81.354736328125
nsl_kdd_v2,rf_5class_cw,999,0,0,1,0.9999958872795105,0.5384615659713745,0.9999958872795105,81.35489654541016
nsl_kdd_v2,xgb_5class_cw,0,0,0,1,0.9999966621398926,0.5384615659713745,0.9999966621398926,81.35494232177734
nsl_kdd_v2,xgb_5class_cw,1,4,0,0,0.9999960660934448,0.6666666865348816,0.9999960660934448,87.35781860351562
nsl_kdd_v2,xgb_5class_cw,2,3,0,0,0.9999966621398926,0.6666666865348816,0.9999966621398926,87.35785675048828
nsl_kdd_v2,xgb_5class_cw,3,3,0,0,0.9999966621398926,0.5384615659713745,0.9999966621398926,81.35494232177734
nsl_kdd_v2,xgb_5class_cw,4,0,0,1,0.9999966621398926,0.5384615659713745,0.9999966621398926,81.35494232177734
nsl_kdd_v2,xgb_5class_cw,5,2,0,0,0.5999979972839355,0.6666666865348816,0.5999979972839355,62.14451217651367
nsl_kdd_v2,xgb_5class_cw,6,4,0,0,0.9999843835830688,0.5384615659713745,0.9999843835830688,81.35427856445312
nsl_kdd_v2,xgb_5class_cw,7,3,0,0,0.9999966621398926,0.6666666865348816,0.9999966621398926,87.35785675048828
nsl_kdd_v2,xgb_5class_cw,8,1,1,1,0.9729698300361633,0.3333333432674408,0.9070687890052795,66.5078353881836
nsl_kdd_v2,xgb_5class_cw,9,0,0,1,0.9999966621398926,0.5384615659713745,0.9999966621398926,81.35494232177734
nsl_kdd_v2,xgb_5class_cw,10,2,2,1,0.9999966621398926,0.5384615659713745,0.9999966621398926,81.35494232177734
nsl_kdd_v2,xgb_5class_cw,11,2,2,1,0.9999966621398926,0.6666666865348816,0.9999966621398926,87.35785675048828
nsl_kdd_v2,xgb_5class_cw,12,0,0,1,0.9999966621398926,0.5384615659713745,0.9999966621398926,81.35494232177734
nsl_kdd_v2,xgb_5class_cw,13,1,0,0,0.9999966621398926,0.8181818127632141,0.9999966621398926,93.52957916259766
nsl_kdd_v2,xgb_5class_cw,14,3,0,0,0.9999966621398926,0.5384615659713745,0.9999966621398926,81.35494232177734
nsl_kdd_v2,xgb_5class_cw,15,0,2,0,0.9999966621398926,0.6666666865348816,0.9999966621398926,87.35785675048828
nsl_kdd_v2,xgb_5class_cw,16,0,0,1,0.9999966621398926,0.5384615659713745,0.9999966621398926,81.35494232177734
nsl_kdd_v2,xgb_5class_cw,17,3,0,0,0.9999966621398926,0.6666666865348816,0.9999966621398926,87.35785675048828
nsl_kdd_v2,xgb_5class_cw,18,0,0,1,0.9999966621398926,0.5384615659713745,0.9999966621398926,81.35494232177734
nsl_kdd_v2,xgb_5class_cw,19,0,0,1,0.9999966621398926,0.5384615659713745,0.9999966621398926,81.35494232177734
nsl_kdd_v2,xgb_5class_cw,20,0,0,1,0.9999966621398926,0.5384615659713745,0.9999966621398926,81.35494232177734
nsl_kdd_v2,xgb_5class_cw,21,3,0,0,0.9999966621398926,0.5384615659713745,0.9999966621398926,81.35494232177734
nsl_kdd_v2,xgb_5class_cw,22,0,0,1,0.9999966621398926,0.4285714328289032,0.9999966621398926,75.39457702636719
nsl_kdd_v2,xgb_5class_cw,23,1,1,1,0.7467947602272034,0.5384615659713745,0.12946629524230957,37.33970642089844
nsl_kdd_v2,xgb_5class_cw,24,0,0,1,0.9999963045120239,0.6666666865348816,0.9999963045120239,87.35783386230469
nsl_kdd_v2,xgb_5class_cw,25,2,2,1,0.9999966621398926,0.6666666865348816,0.9999966621398926,87.35785675048828
nsl_kdd_v2,xgb_5class_cw,26,0,0,1,0.9999966621398926,0.5384615659713745,0.9999966621398926,81.35494232177734
nsl_kdd_v2,xgb_5class_cw,27,4,4,1,0.9726651906967163,0.4285714328289032,0.9726651906967163,74.01447296142578
nsl_kdd_v2,xgb_5class_cw,28,3,0,0,0.9999966621398926,0.6666666865348816,0.9999966621398926,87.35785675048828
nsl_kdd_v2,xgb_5class_cw,29,1,1,1,0.9999966621398926,0.5384615659713745,0.9999884963035583,81.35472106933594
nsl_kdd_v2,xgb_5class_cw,30,1,1,1,0.9729698300361633,0.5384615659713745,0.9070687890052795,78.03656005859375
nsl_kdd_v2,xgb_5class_cw,31,4,0,0,0.5999976396560669,0.5384615659713745,0.5999976396560669,57.874149322509766
nsl_kdd_v2,xgb_5class_cw,32,2,2,1,0.9729698300361633,0.6666666865348816,0.9729698300361633,85.77667236328125
nsl_kdd_v2,xgb_5class_cw,33,2,2,1,0.9920601844787598,0.6666666865348816,0.9920601844787598,86.89502716064453
nsl_kdd_v2,xgb_5class_cw,34,1,1,1,0.9999966621398926,0.6666666865348816,0.9999884963035583,87.35762023925781
nsl_kdd_v2,xgb_5class_cw,35,3,0,0,0.9999966621398926,0.6666666865348816,0.9999966621398926,87.35785675048828
nsl_kdd_v2,xgb_5class_cw,36,1,1,1,0.9999966621398926,0.5384615659713745,0.9999884963035583,81.35472106933594
nsl_kdd_v2,xgb_5class_cw,37,1,1,1,0.9999966621398926,0.5384615659713745,0.9999884963035583,81.35472106933594
nsl_kdd_v2,xgb_5class_cw,38,1,1,1,0.9999966621398926,0.5384615659713745,0.9999884963035583,81.35472106933594
nsl_kdd_v2,xgb_5class_cw,39,2,2,1,0.9999966621398926,0.5384615659713745,0.9999966621398926,81.35494232177734
nsl_kdd_v2,xgb_5class_cw,40,0,0,1,0.9999966621398926,0.6666666865348816,0.9999966621398926,87.35785675048828
nsl_kdd_v2,xgb_5class_cw,41,3,0,0,0.9999966621398926,0.6666666865348816,0.9999966621398926,87.35785675048828
nsl_kdd_v2,xgb_5class_cw,42,1,1,1,0.9999966621398926,0.5384615659713745,0.9999884963035583,81.35472106933594
nsl_kdd_v2,xgb_5class_cw,43,2,2,1,0.9999966621398926,0.6666666865348816,0.9999966621398926,87.35785675048828
nsl_kdd_v2,xgb_5class_cw,44,2,2,1,0.7199980020523071,0.6666666865348816,0.7199980020523071,70.17630004882812
nsl_kdd_v2,xgb_5class_cw,45,3,0,0,0.9999966621398926,0.6666666865348816,0.9999966621398926,87.35785675048828
nsl_kdd_v2,xgb_5class_cw,46,1,1,1,0.9999966621398926,0.6666666865348816,0.9999884963035583,87.35762023925781
nsl_kdd_v2,xgb_5class_cw,47,1,1,1,0.9999966621398926,0.6666666865348816,0.9999884963035583,87.35762023925781
nsl_kdd_v2,xgb_5class_cw,48,0,0,1,0.9999966621398926,0.5384615659713745,0.9999966621398926,81.35494232177734
nsl_kdd_v2,xgb_5class_cw,49,3,0,0,0.9999963045120239,0.5384615659713745,0.9999963045120239,81.35491943359375
nsl_kdd_v2,xgb_5class_cw,50,2,2,1,0.9999966621398926,0.6666666865348816,0.9999966621398926,87.35785675048828
nsl_kdd_v2,xgb_5class_cw,51,2,0,0,0.5999979972839355,0.8181818127632141,0.5999979972839355,66.53495025634766
nsl_kdd_v2,xgb_5class_cw,52,3,0,0,0.9999966621398926,0.6666666865348816,0.9999966621398926,87.35785675048828
nsl_kdd_v2,xgb_5class_cw,53,1,1,1,0.9999966621398926,0.6666666865348816,0.9999884963035583,87.35762023925781
nsl_kdd_v2,xgb_5class_cw,54,2,2,1,0.9999966621398926,0.5384615659713745,0.9999966621398926,81.35494232177734
nsl_kdd_v2,xgb_5class_cw,55,3,0,0,0.9999966621398926,0.5384615659713745,0.9999966621398926,81.35494232177734
nsl_kdd_v2,xgb_5class_cw,56,1,1,1,0.9999966621398926,0.5384615659713745,0.9999884963035583,81.35472106933594
nsl_kdd_v2,xgb_5class_cw,57,0,0,1,0.9999966621398926,0.6666666865348816,0.9999966621398926,87.35785675048828
nsl_kdd_v2,xgb_5class_cw,58,2,2,1,0.9999966621398926,0.6666666865348816,0.9999966621398926,87.35785675048828
nsl_kdd_v2,xgb_5class_cw,59,3,3,1,0.9918303489685059,0.5384615659713745,0.9795759916305542,80.5768051147461
nsl_kdd_v2,xgb_5class_cw,60,0,0,1,0.9999966621398926,0.6666666865348816,0.9999966621398926,87.35785675048828
nsl_kdd_v2,xgb_5class_cw,61,3,0,0,0.47852635383605957,0.4285714328289032,0.47852635383605957,46.125911712646484
nsl_kdd_v2,xgb_5class_cw,62,0,0,1,0.9999966621398926,0.6666666865348816,0.9999966621398926,87.35785675048828
nsl_kdd_v2,xgb_5class_cw,63,0,0,1,0.9999966621398926,0.5384615659713745,0.9999966621398926,81.35494232177734
nsl_kdd_v2,xgb_5class_cw,64,2,0,0,0.9999966621398926,0.8181818127632141,0.9999966621398926,93.52957916259766
nsl_kdd_v2,xgb_5class_cw,65,0,0,1,0.9999966621398926,0.6666666865348816,0.9999966621398926,87.35785675048828
nsl_kdd_v2,xgb_5class_cw,66,0,0,1,0.9999966621398926,0.6666666865348816,0.9999966621398926,87.35785675048828
nsl_kdd_v2,xgb_5class_cw,67,1,1,1,0.9729698300361633,0.5384615659713745,0.9070687890052795,78.03656005859375
nsl_kdd_v2,xgb_5class_cw,68,0,0,1,0.9999966621398926,0.6666666865348816,0.9999966621398926,87.35785675048828
nsl_kdd_v2,xgb_5class_cw,69,0,0,1,0.9999966621398926,0.6666666865348816,0.9999966621398926,87.35785675048828
nsl_kdd_v2,xgb_5class_cw,70,0,0,1,0.9999966621398926,0.6666666865348816,0.9999966621398926,87.35785675048828
nsl_kdd_v2,xgb_5class_cw,71,2,2,1,0.9999966621398926,0.8181818127632141,0.9999966621398926,93.52957916259766
nsl_kdd_v2,xgb_5class_cw,72,0,0,1,0.9999966621398926,0.5384615659713745,0.9999966621398926,81.35494232177734
nsl_kdd_v2,xgb_5class_cw,73,1,1,1,0.9999966621398926,0.5384615659713745,0.9999884963035583,81.35472106933594
nsl_kdd_v2,xgb_5class_cw,74,3,3,1,0.9914948344230652,0.5384615659713745,0.9787372350692749,80.54472351074219
nsl_kdd_v2,xgb_5class_cw,75,4,4,1,0.9684399366378784,0.5384615659713745,0.9684399366378784,79.63426971435547
nsl_kdd_v2,xgb_5class_cw,76,3,0,0,0.9999966621398926,0.5384615659713745,0.9999966621398926,81.35494232177734
nsl_kdd_v2,xgb_5class_cw,77,2,0,0,0.9999966621398926,0.5384615659713745,0.9999966621398926,81.35494232177734
nsl_kdd_v2,xgb_5class_cw,78,0,0,1,0.9999966621398926,0.6666666865348816,0.9999966621398926,87.35785675048828
nsl_kdd_v2,xgb_5class_cw,79,0,0,1,0.9999966621398926,0.8181818127632141,0.9999966621398926,93.52957916259766
nsl_kdd_v2,xgb_5class_cw,80,1,1,1,0.9999966621398926,0.6666666865348816,0.9999884963035583,87.35762023925781
nsl_kdd_v2,xgb_5class_cw,81,2,2,1,0.9999966621398926,0.6666666865348816,0.9999966621398926,87.35785675048828
nsl_kdd_v2,xgb_5class_cw,82,1,1,1,0.9999966621398926,0.6666666865348816,0.9999884963035583,87.35762023925781
nsl_kdd_v2,xgb_5class_cw,83,4,0,0,0.999996542930603,0.5384615659713745,0.999996542930603,81.35493469238281
nsl_kdd_v2,xgb_5class_cw,84,0,2,0,0.9999966621398926,0.5384615659713745,0.9999966621398926,81.35494232177734
nsl_kdd_v2,xgb_5class_cw,85,1,1,1,0.9999966621398926,0.6666666865348816,0.9999884963035583,87.35762023925781
nsl_kdd_v2,xgb_5class_cw,86,0,0,1,0.9999966621398926,0.6666666865348816,0.9999966621398926,87.35785675048828
nsl_kdd_v2,xgb_5class_cw,87,1,2,0,0.9729698300361633,0.6666666865348816,0.9729698300361633,85.77667236328125
nsl_kdd_v2,xgb_5class_cw,88,0,0,1,0.9999966621398926,0.6666666865348816,0.9999966621398926,87.35785675048828
nsl_kdd_v2,xgb_5class_cw,89,1,1,1,0.9999966621398926,0.6666666865348816,0.9999884963035583,87.35762023925781
nsl_kdd_v2,xgb_5class_cw,90,0,2,0,0.9999966621398926,0.4285714328289032,0.9999966621398926,75.39457702636719
nsl_kdd_v2,xgb_5class_cw,91,1,1,1,0.9999966621398926,0.6666666865348816,0.9999884963035583,87.35762023925781
nsl_kdd_v2,xgb_5class_cw,92,0,0,1,0.9999966621398926,0.5384615659713745,0.9999966621398926,81.35494232177734
nsl_kdd_v2,xgb_5class_cw,93,1,1,1,0.9999966621398926,0.5384615659713745,0.9999884963035583,81.35472106933594
nsl_kdd_v2,xgb_5class_cw,94,4,3,0,0.5999960899353027,0.3333333432674408,0.0,0.5848022103309631
nsl_kdd_v2,xgb_5class_cw,95,4,0,0,0.9999940991401672,0.8181818127632141,0.9999940991401672,93.5294189453125
nsl_kdd_v2,xgb_5class_cw,96,1,1,1,0.9999966621398926,0.6666666865348816,0.9999884963035583,87.35762023925781
nsl_kdd_v2,xgb_5class_cw,97,0,0,1,0.9999966621398926,0.5384615659713745,0.9999966621398926,81.35494232177734
nsl_kdd_v2,xgb_5class_cw,98,0,0,1,0.9999966621398926,0.6666666865348816,0.9999966621398926,87.35785675048828
nsl_kdd_v2,xgb_5class_cw,99,1,1,1,0.9999966621398926,0.6666666865348816,0.9999884963035583,87.35762023925781
nsl_kdd_v2,xgb_5class_cw,100,3,0,0,0.9999966025352478,0.5384615659713745,0.9999966025352478,81.35493469238281
nsl_kdd_v2,xgb_5class_cw,101,2,0,0,0.9999966621398926,0.6666666865348816,0.9999966621398926,87.35785675048828
nsl_kdd_v2,xgb_5class_cw,102,2,0,0,0.9999966621398926,0.6666666865348816,0.9999966621398926,87.35785675048828
nsl_kdd_v2,xgb_5class_cw,103,3,0,0,0.9999966621398926,0.5384615659713745,0.9999966621398926,81.35494232177734
nsl_kdd_v2,xgb_5class_cw,104,0,0,1,0.9999966621398926,0.5384615659713745,0.9999966621398926,81.35494232177734
nsl_kdd_v2,xgb_5class_cw,105,3,0,0,0.9999966621398926,0.6666666865348816,0.9999966621398926,87.35785675048828
nsl_kdd_v2,xgb_5class_cw,106,1,1,1,0.9999966621398926,0.6666666865348816,0.9999884963035583,87.35762023925781
nsl_kdd_v2,xgb_5class_cw,107,2,0,0,0.5999979972839355,0.8181818127632141,0.5999979972839355,66.53495025634766
nsl_kdd_v2,xgb_5class_cw,108,2,2,1,0.7199980020523071,0.5384615659713745,0.7199980020523071,65.35403442382812
nsl_kdd_v2,xgb_5class_cw,109,4,0,0,0.9999966621398926,0.5384615659713745,0.9999966621398926,81.35494232177734
nsl_kdd_v2,xgb_5class_cw,110,4,3,0,0.9473398327827454,0.5384615659713745,0.8683503866195679,76.22869873046875
nsl_kdd_v2,xgb_5class_cw,111,0,0,1,0.9999966621398926,0.5384615659713745,0.9999966621398926,81.35494232177734
nsl_kdd_v2,xgb_5class_cw,112,3,0,0,0.9999966621398926,0.8181818127632141,0.9999966621398926,93.52957916259766
nsl_kdd_v2,xgb_5class_cw,113,0,0,1,0.9999966621398926,0.5384615659713745,0.9999966621398926,81.35494232177734
nsl_kdd_v2,xgb_5class_cw,114,2,0,0,0.9999966621398926,0.8181818127632141,0.9999966621398926,93.52957916259766
nsl_kdd_v2,xgb_5class_cw,115,0,0,1,0.9999966621398926,0.6666666865348816,0.9999966621398926,87.35785675048828
nsl_kdd_v2,xgb_5class_cw,116,2,0,0,0.5999979972839355,0.6666666865348816,0.5999979972839355,62.14451217651367
nsl_kdd_v2,xgb_5class_cw,117,3,0,0,0.545452892780304,0.5384615659713745,0.545452892780304,54.311241149902344
nsl_kdd_v2,xgb_5class_cw,118,3,0,0,0.9999966621398926,0.5384615659713745,0.9999966621398926,81.35494232177734
nsl_kdd_v2,xgb_5class_cw,119,2,2,1,0.9999966621398926,0.5384615659713745,0.9999966621398926,81.35494232177734
nsl_kdd_v2,xgb_5class_cw,120,1,1,1,0.9999966621398926,0.8181818127632141,0.9999884963035583,93.5293197631836
nsl_kdd_v2,xgb_5class_cw,121,3,0,0,0.9999966621398926,0.6666666865348816,0.9999966621398926,87.35785675048828
nsl_kdd_v2,xgb_5class_cw,122,3,0,0,0.9999966621398926,0.6666666865348816,0.9999966621398926,87.35785675048828
nsl_kdd_v2,xgb_5class_cw,123,1,1,1,0.9999966621398926,0.6666666865348816,0.9999884963035583,87.35762023925781
nsl_kdd_v2,xgb_5class_cw,124,2,0,0,0.5999979972839355,0.6666666865348816,0.5999979972839355,62.14451217651367
nsl_kdd_v2,xgb_5class_cw,125,1,1,1,0.5714269280433655,0.5384615659713745,0.0,0.675105631351471
nsl_kdd_v2,xgb_5class_cw,126,1,1,1,0.9999966621398926,0.8181818127632141,0.9999884963035583,93.5293197631836
nsl_kdd_v2,xgb_5class_cw,127,0,0,1,0.9999966621398926,0.5384615659713745,0.9999966621398926,81.35494232177734
nsl_kdd_v2,xgb_5class_cw,128,0,0,1,0.9999966621398926,0.5384615659713745,0.9999966621398926,81.35494232177734
nsl_kdd_v2,xgb_5class_cw,129,1,1,1,0.9729698300361633,0.5384615659713745,0.9070687890052795,78.03656005859375
nsl_kdd_v2,xgb_5class_cw,130,0,0,1,0.9999966621398926,0.6666666865348816,0.9999966621398926,87.35785675048828
nsl_kdd_v2,xgb_5class_cw,131,1,1,1,0.9999966621398926,0.4285714328289032,0.9999884963035583,75.39437103271484
nsl_kdd_v2,xgb_5class_cw,132,1,1,1,0.9999966621398926,0.6666666865348816,0.9999884963035583,87.35762023925781
nsl_kdd_v2,xgb_5class_cw,133,1,1,1,0.9999966621398926,0.5384615659713745,0.9999884963035583,81.35472106933594
nsl_kdd_v2,xgb_5class_cw,134,2,2,1,0.9999966621398926,0.6666666865348816,0.9999966621398926,87.35785675048828
nsl_kdd_v2,xgb_5class_cw,135,0,0,1,0.9999966621398926,0.6666666865348816,0.9999966621398926,87.35785675048828
nsl_kdd_v2,xgb_5class_cw,136,4,0,0,0.5454467535018921,0.5384615659713745,0.5454467535018921,54.31083297729492
nsl_kdd_v2,xgb_5class_cw,137,4,3,0,0.5960119962692261,0.5384615659713745,0.0,0.6846519112586975
nsl_kdd_v2,xgb_5class_cw,138,3,0,0,0.9999966025352478,0.6666666865348816,0.9999966025352478,87.35784912109375
nsl_kdd_v2,xgb_5class_cw,139,3,0,0,0.9999966621398926,0.5384615659713745,0.9999966621398926,81.35494232177734
nsl_kdd_v2,xgb_5class_cw,140,2,2,1,0.9999966621398926,1.0,0.9999966621398926,99.9997787475586
nsl_kdd_v2,xgb_5class_cw,141,2,2,1,0.9999966621398926,0.5384615659713745,0.9999966621398926,81.35494232177734
nsl_kdd_v2,xgb_5class_cw,142,3,0,0,0.9999966621398926,0.6666666865348816,0.9999966621398926,87.35785675048828
nsl_kdd_v2,xgb_5class_cw,143,1,1,1,0.9999966621398926,0.6666666865348816,0.9999884963035583,87.35762023925781
nsl_kdd_v2,xgb_5class_cw,144,2,2,1,0.7199980020523071,1.0,0.7199980020523071,80.3318099975586
nsl_kdd_v2,xgb_5class_cw,145,2,2,1,0.9999966621398926,0.6666666865348816,0.9999966621398926,87.35785675048828
nsl_kdd_v2,xgb_5class_cw,146,0,0,1,0.9999966621398926,0.5384615659713745,0.9999966621398926,81.35494232177734
nsl_kdd_v2,xgb_5class_cw,147,1,1,1,0.9999966621398926,0.8181818127632141,0.9999884963035583,93.5293197631836
nsl_kdd_v2,xgb_5class_cw,148,0,0,1,0.9999966621398926,0.6666666865348816,0.9999966621398926,87.35785675048828
nsl_kdd_v2,xgb_5class_cw,149,2,2,1,0.9999966621398926,0.8181818127632141,0.9999966621398926,93.52957916259766
nsl_kdd_v2,xgb_5class_cw,150,3,0,0,0.9999966621398926,0.5384615659713745,0.9999966621398926,81.35494232177734
nsl_kdd_v2,xgb_5class_cw,151,2,2,1,0.7199980020523071,0.6666666865348816,0.7199980020523071,70.17630004882812
nsl_kdd_v2,xgb_5class_cw,152,2,0,0,0.5999979972839355,0.6666666865348816,0.5999979972839355,62.14451217651367
nsl_kdd_v2,xgb_5class_cw,153,0,0,1,0.9999966621398926,0.4285714328289032,0.9999966621398926,75.39457702636719
nsl_kdd_v2,xgb_5class_cw,154,0,0,1,0.9999966621398926,0.4285714328289032,0.9999966621398926,75.39457702636719
nsl_kdd_v2,xgb_5class_cw,155,1,0,0,0.9999966621398926,0.4285714328289032,0.9999966621398926,75.39457702636719
nsl_kdd_v2,xgb_5class_cw,156,2,2,1,0.9999966621398926,0.8181818127632141,0.9999966621398926,93.52957916259766
nsl_kdd_v2,xgb_5class_cw,157,0,0,1,0.9999966621398926,0.6666666865348816,0.9999966621398926,87.35785675048828
nsl_kdd_v2,xgb_5class_cw,158,1,0,0,0.85526043176651,0.5384615659713745,0.85526043176651,73.3022232055664
nsl_kdd_v2,xgb_5class_cw,159,4,3,0,0.873623788356781,0.3333333432674408,0.6840614676475525,58.402679443359375
nsl_kdd_v2,xgb_5class_cw,160,1,1,1,0.9999966621398926,0.6666666865348816,0.9999884963035583,87.35762023925781
nsl_kdd_v2,xgb_5class_cw,161,2,2,1,0.9999966621398926,0.6666666865348816,0.9999966621398926,87.35785675048828
nsl_kdd_v2,xgb_5class_cw,162,0,0,1,0.9999966621398926,0.5384615659713745,0.9999966621398926,81.35494232177734
nsl_kdd_v2,xgb_5class_cw,163,1,1,1,0.9999966621398926,0.5384615659713745,0.9999884963035583,81.35472106933594
nsl_kdd_v2,xgb_5class_cw,164,2,2,1,0.9999966621398926,0.4285714328289032,0.9999966621398926,75.39457702636719
nsl_kdd_v2,xgb_5class_cw,165,1,1,1,0.9999966621398926,0.6666666865348816,0.9999884963035583,87.35762023925781
nsl_kdd_v2,xgb_5class_cw,166,2,2,1,0.7199980020523071,0.6666666865348816,0.7199980020523071,70.17630004882812
nsl_kdd_v2,xgb_5class_cw,167,3,0,0,0.9999966621398926,0.6666666865348816,0.9999966621398926,87.35785675048828
nsl_kdd_v2,xgb_5class_cw,168,0,0,1,0.9999966621398926,0.6666666865348816,0.9999966621398926,87.35785675048828
nsl_kdd_v2,xgb_5class_cw,169,0,0,1,0.9999966621398926,0.5384615659713745,0.9999966621398926,81.35494232177734
nsl_kdd_v2,xgb_5class_cw,170,1,1,1,0.9920601844787598,0.5384615659713745,0.9727025032043457,80.39411163330078
nsl_kdd_v2,xgb_5class_cw,171,2,2,1,0.9999966621398926,0.6666666865348816,0.9999966621398926,87.35785675048828
nsl_kdd_v2,xgb_5class_cw,172,2,1,0,0.9920601844787598,0.6666666865348816,0.9727025032043457,86.32612609863281
nsl_kdd_v2,xgb_5class_cw,173,0,0,1,0.9999966621398926,0.5384615659713745,0.9999966621398926,81.35494232177734
nsl_kdd_v2,xgb_5class_cw,174,1,1,1,0.9999966621398926,0.8181818127632141,0.9999884963035583,93.5293197631836
nsl_kdd_v2,xgb_5class_cw,175,2,1,0,0.9729698300361633,0.5384615659713745,0.9070687890052795,78.03656005859375
nsl_kdd_v2,xgb_5class_cw,176,1,1,1,0.9999966621398926,0.8181818127632141,0.9999884963035583,93.5293197631836
nsl_kdd_v2,xgb_5class_cw,177,3,0,0,0.9999966621398926,0.5384615659713745,0.9999966621398926,81.35494232177734
nsl_kdd_v2,xgb_5class_cw,178,0,0,1,0.9999966621398926,0.5384615659713745,0.9999966621398926,81.35494232177734
nsl_kdd_v2,xgb_5class_cw,179,4,0,0,0.6873887181282043,0.5384615659713745,0.6873887181282043,63.365543365478516
nsl_kdd_v2,xgb_5class_cw,180,0,0,1,0.9999966621398926,0.5384615659713745,0.9999966621398926,81.35494232177734
nsl_kdd_v2,xgb_5class_cw,181,3,0,0,0.545452892780304,0.5384615659713745,0.545452892780304,54.311241149902344
nsl_kdd_v2,xgb_5class_cw,182,1,1,1,0.9999966621398926,0.5384615659713745,0.9999884963035583,81.35472106933594
nsl_kdd_v2,xgb_5class_cw,183,1,1,1,0.9999966621398926,0.5384615659713745,0.9999884963035583,81.35472106933594
nsl_kdd_v2,xgb_5class_cw,184,4,0,0,0.9999966621398926,0.8181818127632141,0.9999966621398926,93.52957916259766
nsl_kdd_v2,xgb_5class_cw,185,1,1,1,0.9999966621398926,0.8181818127632141,0.9999884963035583,93.5293197631836
nsl_kdd_v2,xgb_5class_cw,186,0,0,1,0.999996542930603,0.5384615659713745,0.999996542930603,81.35493469238281
nsl_kdd_v2,xgb_5class_cw,187,0,0,1,0.9999966621398926,0.8181818127632141,0.9999966621398926,93.52957916259766
nsl_kdd_v2,xgb_5class_cw,188,3,0,0,0.5714269280433655,0.6666666865348816,0.5714269280433655,60.15568923950195
nsl_kdd_v2,xgb_5class_cw,189,1,1,1,0.9999966621398926,0.6666666865348816,0.9999884963035583,87.35762023925781
nsl_kdd_v2,xgb_5class_cw,190,0,0,1,0.9999966621398926,0.5384615659713745,0.9999966621398926,81.35494232177734
nsl_kdd_v2,xgb_5class_cw,191,4,4,1,0.9725083112716675,0.5384615659713745,0.9725083112716675,79.85714721679688
nsl_kdd_v2,xgb_5class_cw,192,1,1,1,0.9999966621398926,0.5384615659713745,0.9999884963035583,81.35472106933594
nsl_kdd_v2,xgb_5class_cw,193,3,0,0,0.9999966621398926,0.5384615659713745,0.9999966621398926,81.35494232177734
nsl_kdd_v2,xgb_5class_cw,194,3,0,0,0.9999966621398926,0.8181818127632141,0.9999966621398926,93.52957916259766
nsl_kdd_v2,xgb_5class_cw,195,0,0,1,0.9999966621398926,0.6666666865348816,0.9999966621398926,87.35785675048828
nsl_kdd_v2,xgb_5class_cw,196,2,0,0,0.9999966621398926,0.5384615659713745,0.9999966621398926,81.35494232177734
nsl_kdd_v2,xgb_5class_cw,197,4,0,0,0.9999966621398926,0.5384615659713745,0.9999966621398926,81.35494232177734
nsl_kdd_v2,xgb_5class_cw,198,3,0,0,0.9999966621398926,0.5384615659713745,0.9999966621398926,81.35494232177734
nsl_kdd_v2,xgb_5class_cw,199,4,0,0,0.9816734194755554,0.6666666865348816,0.9816734194755554,86.28744506835938
nsl_kdd_v2,xgb_5class_cw,200,1,1,1,0.9999966621398926,0.6666666865348816,0.9999884963035583,87.35762023925781
nsl_kdd_v2,xgb_5class_cw,201,1,1,1,0.9999966621398926,0.6666666865348816,0.9999884963035583,87.35762023925781
nsl_kdd_v2,xgb_5class_cw,202,2,2,1,0.7199980020523071,0.8181818127632141,0.7199980020523071,75.13416290283203
nsl_kdd_v2,xgb_5class_cw,203,4,0,0,0.9999966621398926,0.6666666865348816,0.9999966621398926,87.35785675048828
nsl_kdd_v2,xgb_5class_cw,204,0,0,1,0.9999966621398926,0.6666666865348816,0.9999966621398926,87.35785675048828
nsl_kdd_v2,xgb_5class_cw,205,4,0,0,0.9999948740005493,0.6666666865348816,0.9999948740005493,87.35774993896484
nsl_kdd_v2,xgb_5class_cw,206,2,0,0,0.9999966621398926,0.6666666865348816,0.9999966621398926,87.35785675048828
nsl_kdd_v2,xgb_5class_cw,207,0,0,1,0.9999966621398926,0.6666666865348816,0.9999966621398926,87.35785675048828
nsl_kdd_v2,xgb_5class_cw,208,2,0,0,0.5999979972839355,0.6666666865348816,0.5999979972839355,62.14451217651367
nsl_kdd_v2,xgb_5class_cw,209,2,2,1,0.9999966621398926,0.8181818127632141,0.9999966621398926,93.52957916259766
nsl_kdd_v2,xgb_5class_cw,210,3,0,0,0.9999966621398926,0.6666666865348816,0.9999966621398926,87.35785675048828
nsl_kdd_v2,xgb_5class_cw,211,1,0,0,0.9999966621398926,0.3333333432674408,0.9999966621398926,69.33597564697266
nsl_kdd_v2,xgb_5class_cw,212,1,1,1,0.9999966621398926,0.8181818127632141,0.9999884963035583,93.5293197631836
nsl_kdd_v2,xgb_5class_cw,213,2,0,0,0.9999966621398926,0.6666666865348816,0.9999966621398926,87.35785675048828
nsl_kdd_v2,xgb_5class_cw,214,0,0,1,0.9999966621398926,0.4285714328289032,0.9999966621398926,75.39457702636719
nsl_kdd_v2,xgb_5class_cw,215,3,0,0,0.9999966621398926,0.5384615659713745,0.9999966621398926,81.35494232177734
nsl_kdd_v2,xgb_5class_cw,216,3,0,0,0.9999966621398926,0.6666666865348816,0.9999966621398926,87.35785675048828
nsl_kdd_v2,xgb_5class_cw,217,3,0,0,0.9999966621398926,0.6666666865348816,0.9999966621398926,87.35785675048828
nsl_kdd_v2,xgb_5class_cw,218,3,0,0,0.9999966621398926,0.6666666865348816,0.9999966621398926,87.35785675048828
nsl_kdd_v2,xgb_5class_cw,219,1,1,1,0.9999966621398926,0.6666666865348816,0.9999884963035583,87.35762023925781
nsl_kdd_v2,xgb_5class_cw,220,2,0,0,0.5999979972839355,0.8181818127632141,0.5999979972839355,66.53495025634766
nsl_kdd_v2,xgb_5class_cw,221,1,1,1,0.9999966621398926,0.8181818127632141,0.9999884963035583,93.5293197631836
nsl_kdd_v2,xgb_5class_cw,222,1,1,1,0.5263144373893738,0.5384615659713745,0.0,0.6568505764007568
nsl_kdd_v2,xgb_5class_cw,223,1,1,1,0.9999966621398926,0.4285714328289032,0.9999884963035583,75.39437103271484
nsl_kdd_v2,xgb_5class_cw,224,1,1,1,0.7098365426063538,0.5384615659713745,0.002401888370513916,9.719008445739746
nsl_kdd_v2,xgb_5class_cw,225,2,1,0,0.9920601844787598,0.5384615659713745,0.9727025032043457,80.39411163330078
nsl_kdd_v2,xgb_5class_cw,226,2,2,1,0.9999966621398926,0.5384615659713745,0.9999966621398926,81.35494232177734
nsl_kdd_v2,xgb_5class_cw,227,1,1,1,0.9999966621398926,0.6666666865348816,0.9999884963035583,87.35762023925781
nsl_kdd_v2,xgb_5class_cw,228,3,0,0,0.9999966025352478,0.6666666865348816,0.9999966025352478,87.35784912109375
nsl_kdd_v2,xgb_5class_cw,229,0,0,1,0.9999966621398926,0.4285714328289032,0.9999966621398926,75.39457702636719
nsl_kdd_v2,xgb_5class_cw,230,2,2,1,0.9999966621398926,0.6666666865348816,0.9999966621398926,87.35785675048828
nsl_kdd_v2,xgb_5class_cw,231,1,1,1,0.9999966621398926,0.4285714328289032,0.9999884963035583,75.39437103271484
nsl_kdd_v2,xgb_5class_cw,232,2,2,1,0.9999966621398926,0.6666666865348816,0.9999966621398926,87.35785675048828
nsl_kdd_v2,xgb_5class_cw,233,3,0,0,0.9999966025352478,0.6666666865348816,0.9999966025352478,87.35784912109375
nsl_kdd_v2,xgb_5class_cw,234,0,0,1,0.9999966621398926,0.6666666865348816,0.9999966621398926,87.35785675048828
nsl_kdd_v2,xgb_5class_cw,235,3,0,0,0.9999966621398926,0.8181818127632141,0.9999966621398926,93.52957916259766
nsl_kdd_v2,xgb_5class_cw,236,1,1,1,0.9999966621398926,0.5384615659713745,0.9999884963035583,81.35472106933594
nsl_kdd_v2,xgb_5class_cw,237,0,0,1,0.9999966621398926,0.6666666865348816,0.9999966621398926,87.35785675048828
nsl_kdd_v2,xgb_5class_cw,238,2,2,1,0.9999966621398926,0.6666666865348816,0.9999966621398926,87.35785675048828
nsl_kdd_v2,xgb_5class_cw,239,3,0,0,0.9999963641166687,0.5384615659713745,0.9999963641166687,81.35491943359375
nsl_kdd_v2,xgb_5class_cw,240,1,1,1,0.9999966621398926,0.5384615659713745,0.9999884963035583,81.35472106933594
nsl_kdd_v2,xgb_5class_cw,241,1,1,1,0.9999966621398926,0.6666666865348816,0.9999884963035583,87.35762023925781
nsl_kdd_v2,xgb_5class_cw,242,4,0,0,0.9999597668647766,0.5384615659713745,0.9999597668647766,81.35294342041016
nsl_kdd_v2,xgb_5class_cw,243,3,0,0,0.9999966621398926,0.6666666865348816,0.9999966621398926,87.35785675048828
nsl_kdd_v2,xgb_5class_cw,244,1,1,1,0.9999966621398926,0.6666666865348816,0.9999884963035583,87.35762023925781
nsl_kdd_v2,xgb_5class_cw,245,0,0,1,0.9999966621398926,0.6666666865348816,0.9999966621398926,87.35785675048828
nsl_kdd_v2,xgb_5class_cw,246,1,0,0,0.9999966621398926,0.8181818127632141,0.9999966621398926,93.52957916259766
nsl_kdd_v2,xgb_5class_cw,247,1,1,1,0.9999966621398926,0.3333333432674408,0.9999884963035583,69.33578491210938
nsl_kdd_v2,xgb_5class_cw,248,3,0,0,0.9999966621398926,0.8181818127632141,0.9999966621398926,93.52957916259766
nsl_kdd_v2,xgb_5class_cw,249,3,0,0,0.9999966621398926,0.5384615659713745,0.9999966621398926,81.35494232177734
nsl_kdd_v2,xgb_5class_cw,250,3,0,0,0.9999966621398926,0.6666666865348816,0.9999966621398926,87.35785675048828
nsl_kdd_v2,xgb_5class_cw,251,0,0,1,0.9999966621398926,0.6666666865348816,0.9999966621398926,87.35785675048828
nsl_kdd_v2,xgb_5class_cw,252,3,0,0,0.9999966621398926,0.6666666865348816,0.9999966621398926,87.35785675048828
nsl_kdd_v2,xgb_5class_cw,253,1,1,1,0.5263144373893738,0.8181818127632141,0.0,0.7551472187042236
nsl_kdd_v2,xgb_5class_cw,254,3,3,1,0.5999975204467773,0.4285714328289032,1.1920928955078125e-07,0.6359029412269592
nsl_kdd_v2,xgb_5class_cw,255,1,0,0,0.9999966621398926,0.4285714328289032,0.9999966621398926,75.39457702636719
nsl_kdd_v2,xgb_5class_cw,256,2,2,1,0.9999966621398926,0.5384615659713745,0.9999966621398926,81.35494232177734
nsl_kdd_v2,xgb_5class_cw,257,1,0,0,0.85526043176651,0.6666666865348816,0.85526043176651,78.71095275878906
nsl_kdd_v2,xgb_5class_cw,258,2,2,1,0.9999966621398926,0.6666666865348816,0.9999966621398926,87.35785675048828
nsl_kdd_v2,xgb_5class_cw,259,0,0,1,0.9999966621398926,0.6666666865348816,0.9999966621398926,87.35785675048828
nsl_kdd_v2,xgb_5class_cw,260,1,1,1,0.9999966621398926,0.6666666865348816,0.9999884963035583,87.35762023925781
nsl_kdd_v2,xgb_5class_cw,261,4,0,0,0.9999966025352478,0.6666666865348816,0.9999966025352478,87.35784912109375
nsl_kdd_v2,xgb_5class_cw,262,3,0,0,0.9999966621398926,0.5384615659713745,0.9999966621398926,81.35494232177734
nsl_kdd_v2,xgb_5class_cw,263,0,0,1,0.9998865127563477,0.5384615659713745,0.9998865127563477,81.34896850585938
nsl_kdd_v2,xgb_5class_cw,264,4,0,0,0.9999966621398926,0.6666666865348816,0.9999966621398926,87.35785675048828
nsl_kdd_v2,xgb_5class_cw,265,3,0,0,0.9999966621398926,0.6666666865348816,0.9999966621398926,87.35785675048828
nsl_kdd_v2,xgb_5class_cw,266,3,0,0,0.9999966621398926,0.6666666865348816,0.9999966621398926,87.35785675048828
nsl_kdd_v2,xgb_5class_cw,267,0,0,1,0.9999966621398926,0.5384615659713745,0.9999966621398926,81.35494232177734
nsl_kdd_v2,xgb_5class_cw,268,1,1,1,0.9999966621398926,0.5384615659713745,0.9999884963035583,81.35472106933594
nsl_kdd_v2,xgb_5class_cw,269,1,1,1,0.9999966621398926,0.5384615659713745,0.9999884963035583,81.35472106933594
nsl_kdd_v2,xgb_5class_cw,270,0,0,1,0.9999966621398926,0.6666666865348816,0.9999966621398926,87.35785675048828
nsl_kdd_v2,xgb_5class_cw,271,2,0,0,0.9999966621398926,0.6666666865348816,0.9999966621398926,87.35785675048828
nsl_kdd_v2,xgb_5class_cw,272,1,1,1,0.9999966621398926,0.6666666865348816,0.9999884963035583,87.35762023925781
nsl_kdd_v2,xgb_5class_cw,273,0,0,1,0.9999966621398926,0.6666666865348816,0.9999966621398926,87.35785675048828
nsl_kdd_v2,xgb_5class_cw,274,3,3,1,0.9920601844787598,0.6666666865348816,0.980150580406189,86.54590606689453
nsl_kdd_v2,xgb_5class_cw,275,0,0,1,0.9999966621398926,0.6666666865348816,0.9999966621398926,87.35785675048828
nsl_kdd_v2,xgb_5class_cw,276,3,0,0,0.9999966621398926,0.5384615659713745,0.9999966621398926,81.35494232177734
nsl_kdd_v2,xgb_5class_cw,277,0,0,1,0.9999966621398926,0.5384615659713745,0.9999966621398926,81.35494232177734
nsl_kdd_v2,xgb_5class_cw,278,3,0,0,0.43775859475135803,0.4285714328289032,0.43775856494903564,43.46744918823242
nsl_kdd_v2,xgb_5class_cw,279,1,0,0,0.9999966621398926,0.5384615659713745,0.9999966621398926,81.35494232177734
nsl_kdd_v2,xgb_5class_cw,280,1,1,1,0.9999966621398926,0.6666666865348816,0.9999884963035583,87.35762023925781
nsl_kdd_v2,xgb_5class_cw,281,0,0,1,0.9999966621398926,0.5384615659713745,0.9999966621398926,81.35494232177734
nsl_kdd_v2,xgb_5class_cw,282,3,0,0,0.9999966621398926,0.6666666865348816,0.9999966621398926,87.35785675048828
nsl_kdd_v2,xgb_5class_cw,283,3,0,0,0.545452892780304,0.5384615659713745,0.545452892780304,54.311241149902344
nsl_kdd_v2,xgb_5class_cw,284,0,0,1,0.9999966621398926,0.5384615659713745,0.9999966621398926,81.35494232177734
nsl_kdd_v2,xgb_5class_cw,285,2,2,1,0.9999966621398926,0.8181818127632141,0.9999966621398926,93.52957916259766
nsl_kdd_v2,xgb_5class_cw,286,1,1,1,0.9920601844787598,0.5384615659713745,0.9727025032043457,80.39411163330078
nsl_kdd_v2,xgb_5class_cw,287,2,1,0,0.9920601844787598,0.5384615659713745,0.9727025032043457,80.39411163330078
nsl_kdd_v2,xgb_5class_cw,288,0,0,1,0.9999966621398926,0.5384615659713745,0.9999966621398926,81.35494232177734
nsl_kdd_v2,xgb_5class_cw,289,2,1,0,0.9920601844787598,0.5384615659713745,0.9727025032043457,80.39411163330078
nsl_kdd_v2,xgb_5class_cw,290,3,0,0,0.9999966621398926,0.5384615659713745,0.9999966621398926,81.35494232177734
nsl_kdd_v2,xgb_5class_cw,291,3,0,0,0.9999966621398926,0.6666666865348816,0.9999966621398926,87.35785675048828
nsl_kdd_v2,xgb_5class_cw,292,3,0,0,0.9999966621398926,0.6666666865348816,0.9999966621398926,87.35785675048828
nsl_kdd_v2,xgb_5class_cw,293,3,0,0,0.9999961256980896,0.5384615659713745,0.9999961256980896,81.35491180419922
nsl_kdd_v2,xgb_5class_cw,294,3,0,0,0.9999966621398926,0.6666666865348816,0.9999966621398926,87.35785675048828
nsl_kdd_v2,xgb_5class_cw,295,1,1,1,0.854702889919281,0.6666666865348816,0.5004605054855347,65.82101440429688
nsl_kdd_v2,xgb_5class_cw,296,1,1,1,0.9999966621398926,0.6666666865348816,0.9999884963035583,87.35762023925781
nsl_kdd_v2,xgb_5class_cw,297,0,0,1,0.9999966621398926,0.5384615659713745,0.9999966621398926,81.35494232177734
nsl_kdd_v2,xgb_5class_cw,298,0,0,1,0.9999966621398926,0.6666666865348816,0.9999966621398926,87.35785675048828
nsl_kdd_v2,xgb_5class_cw,299,3,0,0,0.9999966621398926,0.5384615659713745,0.9999966621398926,81.35494232177734
nsl_kdd_v2,xgb_5class_cw,300,1,1,1,0.9999966621398926,0.6666666865348816,0.9999884963035583,87.35762023925781
nsl_kdd_v2,xgb_5class_cw,301,0,0,1,0.9999966621398926,0.4285714328289032,0.9999966621398926,75.39457702636719
nsl_kdd_v2,xgb_5class_cw,302,2,2,1,0.9999966621398926,0.5384615659713745,0.9999966621398926,81.35494232177734
nsl_kdd_v2,xgb_5class_cw,303,1,1,1,0.9999966621398926,0.6666666865348816,0.9999884963035583,87.35762023925781
nsl_kdd_v2,xgb_5class_cw,304,1,1,1,0.9999966621398926,0.4285714328289032,0.9999884963035583,75.39437103271484
nsl_kdd_v2,xgb_5class_cw,305,1,1,1,0.9999966621398926,0.5384615659713745,0.9999884963035583,81.35472106933594
nsl_kdd_v2,xgb_5class_cw,306,2,2,1,0.9999966621398926,0.5384615659713745,0.9999966621398926,81.35494232177734
nsl_kdd_v2,xgb_5class_cw,307,3,3,1,0.9920601844787598,0.5384615659713745,0.980150580406189,80.59879302978516
nsl_kdd_v2,xgb_5class_cw,308,2,2,1,0.9999966621398926,0.8181818127632141,0.9999966621398926,93.52957916259766
nsl_kdd_v2,xgb_5class_cw,309,4,0,0,0.9999953508377075,0.4285714328289032,0.9999953508377075,75.3945083618164
nsl_kdd_v2,xgb_5class_cw,310,0,0,1,0.9999966621398926,0.5384615659713745,0.9999966621398926,81.35494232177734
nsl_kdd_v2,xgb_5class_cw,311,0,0,1,0.9999966621398926,0.5384615659713745,0.9999966621398926,81.35494232177734
nsl_kdd_v2,xgb_5class_cw,312,2,2,1,0.9999966621398926,0.5384615659713745,0.9999966621398926,81.35494232177734
nsl_kdd_v2,xgb_5class_cw,313,2,2,1,0.9999966621398926,0.5384615659713745,0.9999966621398926,81.35494232177734
nsl_kdd_v2,xgb_5class_cw,314,1,1,1,0.9999966621398926,0.8181818127632141,0.9999884963035583,93.5293197631836
nsl_kdd_v2,xgb_5class_cw,315,1,1,1,0.9999966621398926,0.5384615659713745,0.9999884963035583,81.35472106933594
nsl_kdd_v2,xgb_5class_cw,316,0,0,1,0.9999966621398926,0.5384615659713745,0.9999966621398926,81.35494232177734
nsl_kdd_v2,xgb_5class_cw,317,3,0,0,0.6603417992591858,0.4285714328289032,0.6603417992591858,57.17246627807617
nsl_kdd_v2,xgb_5class_cw,318,0,0,1,0.9999966621398926,0.6666666865348816,0.9999966621398926,87.35785675048828
nsl_kdd_v2,xgb_5class_cw,319,3,0,0,0.9999963045120239,0.5384615659713745,0.9999963045120239,81.35491943359375
nsl_kdd_v2,xgb_5class_cw,320,3,0,0,0.9999966621398926,0.5384615659713745,0.9999966621398926,81.35494232177734
nsl_kdd_v2,xgb_5class_cw,321,1,1,1,0.7467947602272034,0.5384615659713745,0.12946629524230957,37.33970642089844
nsl_kdd_v2,xgb_5class_cw,322,3,0,0,0.9999966621398926,0.6666666865348816,0.9999966621398926,87.35785675048828
nsl_kdd_v2,xgb_5class_cw,323,1,1,1,0.9999966621398926,0.8181818127632141,0.9999884963035583,93.5293197631836
nsl_kdd_v2,xgb_5class_cw,324,1,1,1,0.9999966621398926,0.5384615659713745,0.9999884963035583,81.35472106933594
nsl_kdd_v2,xgb_5class_cw,325,3,0,0,0.9999966621398926,0.6666666865348816,0.9999966621398926,87.35785675048828
nsl_kdd_v2,xgb_5class_cw,326,0,0,1,0.9999966621398926,0.5384615659713745,0.9999966621398926,81.35494232177734
nsl_kdd_v2,xgb_5class_cw,327,1,1,1,0.638984739780426,0.6666666865348816,0.0,0.7524304389953613
nsl_kdd_v2,xgb_5class_cw,328,2,0,0,0.9999966621398926,0.5384615659713745,0.9999966621398926,81.35494232177734
nsl_kdd_v2,xgb_5class_cw,329,3,0,0,0.9999966621398926,0.5384615659713745,0.9999966621398926,81.35494232177734
nsl_kdd_v2,xgb_5class_cw,330,2,2,1,0.9999966621398926,0.6666666865348816,0.9999966621398926,87.35785675048828
nsl_kdd_v2,xgb_5class_cw,331,3,0,0,0.9999966621398926,0.6666666865348816,0.9999966621398926,87.35785675048828
nsl_kdd_v2,xgb_5class_cw,332,3,0,0,0.9999966621398926,0.8181818127632141,0.9999966621398926,93.52957916259766
nsl_kdd_v2,xgb_5class_cw,333,2,2,1,0.9999966621398926,0.6666666865348816,0.9999966621398926,87.35785675048828
nsl_kdd_v2,xgb_5class_cw,334,0,0,1,0.9999966621398926,0.5384615659713745,0.9999966621398926,81.35494232177734
nsl_kdd_v2,xgb_5class_cw,335,2,2,1,0.9999966621398926,0.6666666865348816,0.9999966621398926,87.35785675048828
nsl_kdd_v2,xgb_5class_cw,336,3,0,0,0.9999966621398926,0.5384615659713745,0.9999966621398926,81.35494232177734
nsl_kdd_v2,xgb_5class_cw,337,0,0,1,0.9999966621398926,0.5384615659713745,0.9999966621398926,81.35494232177734
nsl_kdd_v2,xgb_5class_cw,338,2,2,1,0.9999966621398926,0.6666666865348816,0.9999966621398926,87.35785675048828
nsl_kdd_v2,xgb_5class_cw,339,0,0,1,0.9999966621398926,0.6666666865348816,0.9999966621398926,87.35785675048828
nsl_kdd_v2,xgb_5class_cw,340,1,1,1,0.9999966621398926,0.8181818127632141,0.9999884963035583,93.5293197631836
nsl_kdd_v2,xgb_5class_cw,341,0,0,1,0.9999966621398926,0.6666666865348816,0.9999966621398926,87.35785675048828
nsl_kdd_v2,xgb_5class_cw,342,3,0,0,0.9999966025352478,0.5384615659713745,0.9999966025352478,81.35493469238281
nsl_kdd_v2,xgb_5class_cw,343,1,1,1,0.9999966621398926,0.6666666865348816,0.9999884963035583,87.35762023925781
nsl_kdd_v2,xgb_5class_cw,344,3,0,0,0.9999966621398926,0.6666666865348816,0.9999966621398926,87.35785675048828
nsl_kdd_v2,xgb_5class_cw,345,0,0,1,0.9999966621398926,0.5384615659713745,0.9999966621398926,81.35494232177734
nsl_kdd_v2,xgb_5class_cw,346,0,0,1,0.9999966621398926,0.5384615659713745,0.9999966621398926,81.35494232177734
nsl_kdd_v2,xgb_5class_cw,347,2,2,1,0.9999966621398926,0.6666666865348816,0.9999966621398926,87.35785675048828
nsl_kdd_v2,xgb_5class_cw,348,0,0,1,0.9999966621398926,0.5384615659713745,0.9999966621398926,81.35494232177734
nsl_kdd_v2,xgb_5class_cw,349,2,0,0,0.8124967217445374,0.6666666865348816,0.8124967217445374,76.0648422241211
nsl_kdd_v2,xgb_5class_cw,350,2,2,1,0.9999966621398926,0.5384615659713745,0.9999966621398926,81.35494232177734
nsl_kdd_v2,xgb_5class_cw,351,0,0,1,0.9999966621398926,0.6666666865348816,0.9999966621398926,87.35785675048828
nsl_kdd_v2,xgb_5class_cw,352,0,0,1,0.9999966621398926,0.6666666865348816,0.9999966621398926,87.35785675048828
nsl_kdd_v2,xgb_5class_cw,353,1,1,1,0.9999966621398926,0.5384615659713745,0.9999884963035583,81.35472106933594
nsl_kdd_v2,xgb_5class_cw,354,3,0,0,0.9999966621398926,0.6666666865348816,0.9999966621398926,87.35785675048828
nsl_kdd_v2,xgb_5class_cw,355,1,0,0,0.9999966621398926,0.5384615659713745,0.9999966621398926,81.35494232177734
nsl_kdd_v2,xgb_5class_cw,356,1,1,1,0.9999966621398926,0.6666666865348816,0.9999884963035583,87.35762023925781
nsl_kdd_v2,xgb_5class_cw,357,1,0,0,0.9999966621398926,0.6666666865348816,0.9999966621398926,87.35785675048828
nsl_kdd_v2,xgb_5class_cw,358,0,0,1,0.9999966621398926,0.5384615659713745,0.9999966621398926,81.35494232177734
nsl_kdd_v2,xgb_5class_cw,359,4,3,0,0.4703780710697174,0.5384615659713745,0.0,0.6327039003372192
nsl_kdd_v2,xgb_5class_cw,360,2,0,0,0.85526043176651,0.6666666865348816,0.85526043176651,78.71095275878906
nsl_kdd_v2,xgb_5class_cw,361,2,0,0,0.6229392290115356,0.8181818127632141,0.6229392290115356,68.2203140258789
nsl_kdd_v2,xgb_5class_cw,362,0,0,1,0.9999966621398926,0.5384615659713745,0.9999966621398926,81.35494232177734
nsl_kdd_v2,xgb_5class_cw,363,2,2,1,0.9999966621398926,0.8181818127632141,0.9999966621398926,93.52957916259766
nsl_kdd_v2,xgb_5class_cw,364,0,1,0,0.9729698300361633,0.5384615659713745,0.9070687890052795,78.03656005859375
nsl_kdd_v2,xgb_5class_cw,365,1,1,1,0.9999966621398926,0.8181818127632141,0.9999884963035583,93.5293197631836
nsl_kdd_v2,xgb_5class_cw,366,0,1,0,0.9920601844787598,0.6666666865348816,0.9727025032043457,86.32612609863281
nsl_kdd_v2,xgb_5class_cw,367,3,0,0,0.9999966621398926,0.6666666865348816,0.9999966621398926,87.35785675048828
nsl_kdd_v2,xgb_5class_cw,368,3,0,0,0.9999966621398926,0.6666666865348816,0.9999966621398926,87.35785675048828
nsl_kdd_v2,xgb_5class_cw,369,0,0,1,0.9999966621398926,0.6666666865348816,0.9999966621398926,87.35785675048828
nsl_kdd_v2,xgb_5class_cw,370,3,0,0,0.545452892780304,0.5384615659713745,0.545452892780304,54.311241149902344
nsl_kdd_v2,xgb_5class_cw,371,0,0,1,0.9999966621398926,0.6666666865348816,0.9999966621398926,87.35785675048828
nsl_kdd_v2,xgb_5class_cw,372,1,1,1,0.9999966621398926,0.4285714328289032,0.9999884963035583,75.39437103271484
nsl_kdd_v2,xgb_5class_cw,373,2,0,0,0.7227989435195923,0.6666666865348816,0.7227989435195923,70.3581771850586
nsl_kdd_v2,xgb_5class_cw,374,1,0,0,0.9999966621398926,0.5384615659713745,0.9999966621398926,81.35494232177734
nsl_kdd_v2,xgb_5class_cw,375,3,0,0,0.9999966621398926,0.8181818127632141,0.9999966621398926,93.52957916259766
nsl_kdd_v2,xgb_5class_cw,376,0,0,1,0.9999966621398926,0.5384615659713745,0.9999966621398926,81.35494232177734
nsl_kdd_v2,xgb_5class_cw,377,2,2,1,0.9999966621398926,0.4285714328289032,0.9999966621398926,75.39457702636719
nsl_kdd_v2,xgb_5class_cw,378,2,2,1,0.9999966621398926,1.0,0.9999966621398926,99.9997787475586
nsl_kdd_v2,xgb_5class_cw,379,3,0,0,0.545452892780304,0.6666666865348816,0.545452892780304,58.318687438964844
nsl_kdd_v2,xgb_5class_cw,380,2,2,1,0.9999966621398926,0.5384615659713745,0.9999966621398926,81.35494232177734
nsl_kdd_v2,xgb_5class_cw,381,1,1,1,0.9999966621398926,0.6666666865348816,0.9999884963035583,87.35762023925781
nsl_kdd_v2,xgb_5class_cw,382,0,0,1,0.9999966621398926,0.6666666865348816,0.9999966621398926,87.35785675048828
nsl_kdd_v2,xgb_5class_cw,383,4,0,0,0.6185775995254517,0.5384615659713745,0.6185775995254517,59.062843322753906
nsl_kdd_v2,xgb_5class_cw,384,3,0,0,0.9999966621398926,0.5384615659713745,0.9999966621398926,81.35494232177734
nsl_kdd_v2,xgb_5class_cw,385,2,2,1,0.9999966621398926,1.0,0.9999966621398926,99.9997787475586
nsl_kdd_v2,xgb_5class_cw,386,3,0,0,0.9999966621398926,0.5384615659713745,0.9999966621398926,81.35494232177734
nsl_kdd_v2,xgb_5class_cw,387,2,2,1,0.9920601844787598,0.6666666865348816,0.9920601844787598,86.89502716064453
nsl_kdd_v2,xgb_5class_cw,388,2,2,1,0.9999966621398926,0.5384615659713745,0.9999966621398926,81.35494232177734
nsl_kdd_v2,xgb_5class_cw,389,2,2,1,0.9999966621398926,0.6666666865348816,0.9999966621398926,87.35785675048828
nsl_kdd_v2,xgb_5class_cw,390,4,4,1,0.9920021891593933,0.5384615659713745,0.9920021891593933,80.92076873779297
nsl_kdd_v2,xgb_5class_cw,391,1,1,1,0.9999966621398926,0.8181818127632141,0.9999884963035583,93.5293197631836
nsl_kdd_v2,xgb_5class_cw,392,0,0,1,0.9999966621398926,0.6666666865348816,0.9999966621398926,87.35785675048828
nsl_kdd_v2,xgb_5class_cw,393,1,1,1,0.9999966621398926,0.8181818127632141,0.9999884963035583,93.5293197631836
nsl_kdd_v2,xgb_5class_cw,394,2,2,1,0.9999966621398926,0.6666666865348816,0.9999966621398926,87.35785675048828
nsl_kdd_v2,xgb_5class_cw,395,2,0,0,0.6602917313575745,0.6666666865348816,0.6602917313575745,66.2409896850586
nsl_kdd_v2,xgb_5class_cw,396,3,0,0,0.5675025582313538,0.5384615659713745,0.5675025582313538,55.76522445678711
nsl_kdd_v2,xgb_5class_cw,397,0,0,1,0.9999966621398926,0.6666666865348816,0.9999966621398926,87.35785675048828
nsl_kdd_v2,xgb_5class_cw,398,1,1,1,0.9999966621398926,0.8181818127632141,0.9999884963035583,93.5293197631836
nsl_kdd_v2,xgb_5class_cw,399,2,1,0,0.9920601844787598,0.8181818127632141,0.9727025032043457,92.42496490478516
nsl_kdd_v2,xgb_5class_cw,400,3,0,0,0.9999966621398926,0.8181818127632141,0.9999966621398926,93.52957916259766
nsl_kdd_v2,xgb_5class_cw,401,4,0,0,0.9999946355819702,0.5384615659713745,0.9999946355819702,81.3548355102539
nsl_kdd_v2,xgb_5class_cw,402,0,0,1,0.9999966621398926,0.6666666865348816,0.9999966621398926,87.35785675048828
nsl_kdd_v2,xgb_5class_cw,403,4,0,0,0.9999966025352478,0.6666666865348816,0.9999966025352478,87.35784912109375
nsl_kdd_v2,xgb_5class_cw,404,1,1,1,0.9999966621398926,0.6666666865348816,0.9999884963035583,87.35762023925781
nsl_kdd_v2,xgb_5class_cw,405,4,0,0,0.9999966621398926,0.5384615659713745,0.9999966621398926,81.35494232177734
nsl_kdd_v2,xgb_5class_cw,406,0,0,1,0.9999966621398926,0.5384615659713745,0.9999966621398926,81.35494232177734
nsl_kdd_v2,xgb_5class_cw,407,2,2,1,0.9999966621398926,0.5384615659713745,0.9999966621398926,81.35494232177734
nsl_kdd_v2,xgb_5class_cw,408,1,1,1,0.9999966621398926,0.6666666865348816,0.9999884963035583,87.35762023925781
nsl_kdd_v2,xgb_5class_cw,409,1,1,1,0.9999966621398926,0.6666666865348816,0.9999884963035583,87.35762023925781
nsl_kdd_v2,xgb_5class_cw,410,2,2,1,0.9999966621398926,0.6666666865348816,0.9999966621398926,87.35785675048828
nsl_kdd_v2,xgb_5class_cw,411,0,0,1,0.9999966621398926,0.5384615659713745,0.9999966621398926,81.35494232177734
nsl_kdd_v2,xgb_5class_cw,412,1,1,1,0.9999966621398926,0.5384615659713745,0.9999884963035583,81.35472106933594
nsl_kdd_v2,xgb_5class_cw,413,0,0,1,0.9999966621398926,0.6666666865348816,0.9999966621398926,87.35785675048828
nsl_kdd_v2,xgb_5class_cw,414,2,0,0,0.5999979972839355,0.5384615659713745,0.5999979972839355,57.874168395996094
nsl_kdd_v2,xgb_5class_cw,415,3,2,0,0.7199979424476624,0.4285714328289032,0.7199979424476624,60.565956115722656
nsl_kdd_v2,xgb_5class_cw,416,0,0,1,0.9999966621398926,0.5384615659713745,0.9999966621398926,81.35494232177734
nsl_kdd_v2,xgb_5class_cw,417,0,0,1,0.9999966621398926,0.6666666865348816,0.9999966621398926,87.35785675048828
nsl_kdd_v2,xgb_5class_cw,418,3,0,0,0.9999966621398926,0.6666666865348816,0.9999966621398926,87.35785675048828
nsl_kdd_v2,xgb_5class_cw,419,3,0,0,0.9999966621398926,0.5384615659713745,0.9999966621398926,81.35494232177734
nsl_kdd_v2,xgb_5class_cw,420,1,1,1,0.9999966621398926,0.6666666865348816,0.9999884963035583,87.35762023925781
nsl_kdd_v2,xgb_5class_cw,421,4,0,0,0.999995768070221,0.4285714328289032,0.999995768070221,75.39453125
nsl_kdd_v2,xgb_5class_cw,422,2,2,1,0.7199980020523071,0.6666666865348816,0.7199980020523071,70.17630004882812
nsl_kdd_v2,xgb_5class_cw,423,2,0,0,0.9999966621398926,0.6666666865348816,0.9999966621398926,87.35785675048828
nsl_kdd_v2,xgb_5class_cw,424,3,0,0,0.9999966621398926,0.5384615659713745,0.9999966621398926,81.35494232177734
nsl_kdd_v2,xgb_5class_cw,425,0,0,1,0.9999966621398926,0.5384615659713745,0.9999966621398926,81.35494232177734
nsl_kdd_v2,xgb_5class_cw,426,2,0,0,0.9999966621398926,0.6666666865348816,0.9999966621398926,87.35785675048828
nsl_kdd_v2,xgb_5class_cw,427,3,0,0,0.9999966621398926,0.8181818127632141,0.9999966621398926,93.52957916259766
nsl_kdd_v2,xgb_5class_cw,428,0,0,1,0.9999966621398926,0.6666666865348816,0.9999966621398926,87.35785675048828
nsl_kdd_v2,xgb_5class_cw,429,0,0,1,0.9999966621398926,0.5384615659713745,0.9999966621398926,81.35494232177734
nsl_kdd_v2,xgb_5class_cw,430,3,0,0,0.9999966621398926,0.5384615659713745,0.9999966621398926,81.35494232177734
nsl_kdd_v2,xgb_5class_cw,431,0,0,1,0.9999966621398926,0.5384615659713745,0.9999966621398926,81.35494232177734
nsl_kdd_v2,xgb_5class_cw,432,1,0,0,0.9999966621398926,0.6666666865348816,0.9999966621398926,87.35785675048828
nsl_kdd_v2,xgb_5class_cw,433,1,0,0,0.85526043176651,0.8181818127632141,0.85526043176651,84.27178192138672
nsl_kdd_v2,xgb_5class_cw,434,3,0,0,0.9999966621398926,0.6666666865348816,0.9999966621398926,87.35785675048828
nsl_kdd_v2,xgb_5class_cw,435,4,0,0,0.9999958872795105,0.8181818127632141,0.9999958872795105,93.52953338623047
nsl_kdd_v2,xgb_5class_cw,436,3,0,0,0.9999966621398926,0.5384615659713745,0.9999966621398926,81.35494232177734
nsl_kdd_v2,xgb_5class_cw,437,2,2,1,0.9729698300361633,0.6666666865348816,0.9729698300361633,85.77667236328125
nsl_kdd_v2,xgb_5class_cw,438,3,0,0,0.9999966621398926,0.4285714328289032,0.9999966621398926,75.39457702636719
nsl_kdd_v2,xgb_5class_cw,439,3,0,0,0.9999966621398926,0.6666666865348816,0.9999966621398926,87.35785675048828
nsl_kdd_v2,xgb_5class_cw,440,1,1,1,0.9999966621398926,0.6666666865348816,0.9999884963035583,87.35762023925781
nsl_kdd_v2,xgb_5class_cw,441,0,0,1,0.9999966621398926,0.8181818127632141,0.9999966621398926,93.52957916259766
nsl_kdd_v2,xgb_5class_cw,442,0,0,1,0.9999966621398926,0.5384615659713745,0.9999966621398926,81.35494232177734
nsl_kdd_v2,xgb_5class_cw,443,0,0,1,0.9999966621398926,0.5384615659713745,0.9999966621398926,81.35494232177734
nsl_kdd_v2,xgb_5class_cw,444,1,1,1,0.9999966621398926,0.8181818127632141,0.9999884963035583,93.5293197631836
nsl_kdd_v2,xgb_5class_cw,445,0,0,1,0.9999966621398926,0.5384615659713745,0.9999966621398926,81.35494232177734
nsl_kdd_v2,xgb_5class_cw,446,1,1,1,0.9729698300361633,0.5384615659713745,0.9070687890052795,78.03656005859375
nsl_kdd_v2,xgb_5class_cw,447,1,1,1,0.9999966621398926,0.6666666865348816,0.9999884963035583,87.35762023925781
nsl_kdd_v2,xgb_5class_cw,448,2,2,1,0.9999966621398926,0.6666666865348816,0.9999966621398926,87.35785675048828
nsl_kdd_v2,xgb_5class_cw,449,2,2,1,0.9999966621398926,1.0,0.9999966621398926,99.9997787475586
nsl_kdd_v2,xgb_5class_cw,450,0,0,1,0.9999966621398926,0.5384615659713745,0.9999966621398926,81.35494232177734
nsl_kdd_v2,xgb_5class_cw,451,0,0,1,0.9999966621398926,0.6666666865348816,0.9999966621398926,87.35785675048828
nsl_kdd_v2,xgb_5class_cw,452,0,0,1,0.9999966621398926,0.6666666865348816,0.9999966621398926,87.35785675048828
nsl_kdd_v2,xgb_5class_cw,453,3,0,0,0.9999966621398926,0.4285714328289032,0.9999966621398926,75.39457702636719
nsl_kdd_v2,xgb_5class_cw,454,3,0,0,0.9999966621398926,0.6666666865348816,0.9999966621398926,87.35785675048828
nsl_kdd_v2,xgb_5class_cw,455,0,0,1,0.9999966621398926,0.6666666865348816,0.9999966621398926,87.35785675048828
nsl_kdd_v2,xgb_5class_cw,456,0,0,1,0.9999966621398926,0.5384615659713745,0.9999966621398926,81.35494232177734
nsl_kdd_v2,xgb_5class_cw,457,3,0,0,0.9999966621398926,0.5384615659713745,0.9999966621398926,81.35494232177734
nsl_kdd_v2,xgb_5class_cw,458,1,0,0,0.85526043176651,0.8181818127632141,0.85526043176651,84.27178192138672
nsl_kdd_v2,xgb_5class_cw,459,0,0,1,0.9999966621398926,0.5384615659713745,0.9999966621398926,81.35494232177734
nsl_kdd_v2,xgb_5class_cw,460,0,0,1,0.9999966621398926,0.6666666865348816,0.9999966621398926,87.35785675048828
nsl_kdd_v2,xgb_5class_cw,461,2,0,0,0.9999966621398926,0.5384615659713745,0.9999966621398926,81.35494232177734
nsl_kdd_v2,xgb_5class_cw,462,2,2,1,0.9999966621398926,0.8181818127632141,0.9999966621398926,93.52957916259766
nsl_kdd_v2,xgb_5class_cw,463,0,0,1,0.9999966621398926,0.5384615659713745,0.9999966621398926,81.35494232177734
nsl_kdd_v2,xgb_5class_cw,464,2,2,1,0.9999966621398926,0.6666666865348816,0.9999966621398926,87.35785675048828
nsl_kdd_v2,xgb_5class_cw,465,0,0,1,0.9999966621398926,0.6666666865348816,0.9999966621398926,87.35785675048828
nsl_kdd_v2,xgb_5class_cw,466,0,0,1,0.9999966621398926,0.6666666865348816,0.9999966621398926,87.35785675048828
nsl_kdd_v2,xgb_5class_cw,467,1,0,0,0.5769218802452087,0.5384615659713745,0.5769218802452087,56.38058090209961
nsl_kdd_v2,xgb_5class_cw,468,3,0,0,0.9999966621398926,0.6666666865348816,0.9999966621398926,87.35785675048828
nsl_kdd_v2,xgb_5class_cw,469,0,0,1,0.9999966621398926,0.5384615659713745,0.9999966621398926,81.35494232177734
nsl_kdd_v2,xgb_5class_cw,470,0,0,1,0.9999966621398926,0.6666666865348816,0.9999966621398926,87.35785675048828
nsl_kdd_v2,xgb_5class_cw,471,3,0,0,0.9999966621398926,0.4285714328289032,0.9999966621398926,75.39457702636719
nsl_kdd_v2,xgb_5class_cw,472,0,0,1,0.9999966621398926,0.4285714328289032,0.9999966621398926,75.39457702636719
nsl_kdd_v2,xgb_5class_cw,473,0,0,1,0.9999966621398926,0.5384615659713745,0.9999966621398926,81.35494232177734
nsl_kdd_v2,xgb_5class_cw,474,0,0,1,0.9999966621398926,0.5384615659713745,0.9999966621398926,81.35494232177734
nsl_kdd_v2,xgb_5class_cw,475,2,2,1,0.9999966621398926,0.8181818127632141,0.9999966621398926,93.52957916259766
nsl_kdd_v2,xgb_5class_cw,476,0,0,1,0.9999966621398926,0.5384615659713745,0.9999966621398926,81.35494232177734
nsl_kdd_v2,xgb_5class_cw,477,1,0,0,0.9999966621398926,0.4285714328289032,0.9999966621398926,75.39457702636719
nsl_kdd_v2,xgb_5class_cw,478,2,2,1,0.9999966621398926,0.6666666865348816,0.9999966621398926,87.35785675048828
nsl_kdd_v2,xgb_5class_cw,479,3,0,0,0.9999966621398926,0.6666666865348816,0.9999966621398926,87.35785675048828
nsl_kdd_v2,xgb_5class_cw,480,4,0,0,0.9999931454658508,0.5384615659713745,0.9999931454658508,81.35475158691406
nsl_kdd_v2,xgb_5class_cw,481,3,0,0,0.545452892780304,0.5384615659713745,0.545452892780304,54.311241149902344
nsl_kdd_v2,xgb_5class_cw,482,1,1,1,0.9999966621398926,0.5384615659713745,0.9999884963035583,81.35472106933594
nsl_kdd_v2,xgb_5class_cw,483,0,0,1,0.9999966621398926,0.5384615659713745,0.9999966621398926,81.35494232177734
nsl_kdd_v2,xgb_5class_cw,484,2,2,1,0.9999966621398926,1.0,0.9999966621398926,99.9997787475586
nsl_kdd_v2,xgb_5class_cw,485,2,2,1,0.9999966621398926,0.6666666865348816,0.9999966621398926,87.35785675048828
nsl_kdd_v2,xgb_5class_cw,486,3,0,0,0.9999966621398926,0.6666666865348816,0.9999966621398926,87.35785675048828
nsl_kdd_v2,xgb_5class_cw,487,0,0,1,0.9999966621398926,0.5384615659713745,0.9999966621398926,81.35494232177734
nsl_kdd_v2,xgb_5class_cw,488,0,2,0,0.9999966621398926,0.5384615659713745,0.9999966621398926,81.35494232177734
nsl_kdd_v2,xgb_5class_cw,489,1,1,1,0.9999966621398926,0.5384615659713745,0.9999884963035583,81.35472106933594
nsl_kdd_v2,xgb_5class_cw,490,3,0,0,0.545452892780304,0.5384615659713745,0.545452892780304,54.311241149902344
nsl_kdd_v2,xgb_5class_cw,491,2,2,1,0.9999966621398926,0.6666666865348816,0.9999966621398926,87.35785675048828
nsl_kdd_v2,xgb_5class_cw,492,1,1,1,0.9999966621398926,0.6666666865348816,0.9999884963035583,87.35762023925781
nsl_kdd_v2,xgb_5class_cw,493,2,2,1,0.9999966621398926,0.8181818127632141,0.9999966621398926,93.52957916259766
nsl_kdd_v2,xgb_5class_cw,494,4,0,0,0.528998076915741,0.4285714328289032,0.528998076915741,49.314781188964844
nsl_kdd_v2,xgb_5class_cw,495,3,0,0,0.9999966621398926,0.5384615659713745,0.9999966621398926,81.35494232177734
nsl_kdd_v2,xgb_5class_cw,496,0,0,1,0.9999966621398926,0.5384615659713745,0.9999966621398926,81.35494232177734
nsl_kdd_v2,xgb_5class_cw,497,4,0,0,0.9999963641166687,0.4285714328289032,0.9999963641166687,75.39456176757812
nsl_kdd_v2,xgb_5class_cw,498,3,0,0,0.9999966621398926,0.5384615659713745,0.9999966621398926,81.35494232177734
nsl_kdd_v2,xgb_5class_cw,499,1,1,1,0.9999966621398926,0.6666666865348816,0.9999884963035583,87.35762023925781
nsl_kdd_v2,xgb_5class_cw,500,0,0,1,0.9999966621398926,0.6666666865348816,0.9999966621398926,87.35785675048828
nsl_kdd_v2,xgb_5class_cw,501,0,0,1,0.9999966621398926,0.5384615659713745,0.9999966621398926,81.35494232177734
nsl_kdd_v2,xgb_5class_cw,502,0,0,1,0.9999966621398926,0.5384615659713745,0.9999966621398926,81.35494232177734
nsl_kdd_v2,xgb_5class_cw,503,0,0,1,0.9999966621398926,0.5384615659713745,0.9999966621398926,81.35494232177734
nsl_kdd_v2,xgb_5class_cw,504,3,0,0,0.9999966621398926,0.5384615659713745,0.9999966621398926,81.35494232177734
nsl_kdd_v2,xgb_5class_cw,505,0,0,1,0.9999966621398926,0.4285714328289032,0.9999966621398926,75.39457702636719
nsl_kdd_v2,xgb_5class_cw,506,0,0,1,0.9999966621398926,0.6666666865348816,0.9999966621398926,87.35785675048828
nsl_kdd_v2,xgb_5class_cw,507,2,2,1,0.9999966621398926,0.6666666865348816,0.9999966621398926,87.35785675048828
nsl_kdd_v2,xgb_5class_cw,508,1,1,1,0.7467947602272034,0.5384615659713745,0.12946629524230957,37.33970642089844
nsl_kdd_v2,xgb_5class_cw,509,0,0,1,0.9999966621398926,0.6666666865348816,0.9999966621398926,87.35785675048828
nsl_kdd_v2,xgb_5class_cw,510,0,0,1,0.9999966621398926,0.5384615659713745,0.9999966621398926,81.35494232177734
nsl_kdd_v2,xgb_5class_cw,511,1,1,1,0.9999966621398926,0.6666666865348816,0.9999884963035583,87.35762023925781
nsl_kdd_v2,xgb_5class_cw,512,3,0,0,0.9999966621398926,0.5384615659713745,0.9999966621398926,81.35494232177734
nsl_kdd_v2,xgb_5class_cw,513,3,0,0,0.9999966621398926,0.8181818127632141,0.9999966621398926,93.52957916259766
nsl_kdd_v2,xgb_5class_cw,514,0,0,1,0.9999966621398926,0.5384615659713745,0.9999966621398926,81.35494232177734
nsl_kdd_v2,xgb_5class_cw,515,1,1,1,0.9999966621398926,0.8181818127632141,0.9999884963035583,93.5293197631836
nsl_kdd_v2,xgb_5class_cw,516,3,0,0,0.9999966621398926,0.5384615659713745,0.9999966621398926,81.35494232177734
nsl_kdd_v2,xgb_5class_cw,517,2,2,1,0.7199980020523071,0.6666666865348816,0.7199980020523071,70.17630004882812
nsl_kdd_v2,xgb_5class_cw,518,1,1,1,0.9999966621398926,0.6666666865348816,0.9999884963035583,87.35762023925781
nsl_kdd_v2,xgb_5class_cw,519,2,2,1,0.9999966621398926,0.6666666865348816,0.9999966621398926,87.35785675048828
nsl_kdd_v2,xgb_5class_cw,520,3,0,0,0.9999966621398926,0.4285714328289032,0.9999966621398926,75.39457702636719
nsl_kdd_v2,xgb_5class_cw,521,1,1,1,0.9999966621398926,0.8181818127632141,0.9999884963035583,93.5293197631836
nsl_kdd_v2,xgb_5class_cw,522,4,4,1,0.9727576375007629,0.4285714328289032,0.9727576375007629,74.0191650390625
nsl_kdd_v2,xgb_5class_cw,523,3,0,0,0.9618704319000244,0.4285714328289032,0.9618704319000244,73.4658432006836
nsl_kdd_v2,xgb_5class_cw,524,3,0,0,0.9999966621398926,0.6666666865348816,0.9999966621398926,87.35785675048828
nsl_kdd_v2,xgb_5class_cw,525,2,2,1,0.9999966621398926,0.8181818127632141,0.9999966621398926,93.52957916259766
nsl_kdd_v2,xgb_5class_cw,526,2,0,0,0.5999979972839355,0.6666666865348816,0.5999979972839355,62.14451217651367
nsl_kdd_v2,xgb_5class_cw,527,1,1,1,0.9999966621398926,0.5384615659713745,0.9999884963035583,81.35472106933594
nsl_kdd_v2,xgb_5class_cw,528,2,2,1,0.9920601844787598,0.6666666865348816,0.9920601844787598,86.89502716064453
nsl_kdd_v2,xgb_5class_cw,529,4,0,0,0.9999966621398926,0.5384615659713745,0.9999966621398926,81.35494232177734
nsl_kdd_v2,xgb_5class_cw,530,2,0,0,0.7188721299171448,0.6666666865348816,0.7188721299171448,70.10311889648438
nsl_kdd_v2,xgb_5class_cw,531,2,2,1,0.9999966621398926,0.6666666865348816,0.9999966621398926,87.35785675048828
nsl_kdd_v2,xgb_5class_cw,532,1,1,1,0.9999966621398926,0.6666666865348816,0.9999884963035583,87.35762023925781
nsl_kdd_v2,xgb_5class_cw,533,2,2,1,0.9999966621398926,0.6666666865348816,0.9999966621398926,87.35785675048828
nsl_kdd_v2,xgb_5class_cw,534,3,0,0,0.9999966621398926,0.5384615659713745,0.9999966621398926,81.35494232177734
nsl_kdd_v2,xgb_5class_cw,535,0,0,1,0.9999966621398926,0.6666666865348816,0.9999966621398926,87.35785675048828
nsl_kdd_v2,xgb_5class_cw,536,2,2,1,0.7199980020523071,0.6666666865348816,0.7199980020523071,70.17630004882812
nsl_kdd_v2,xgb_5class_cw,537,3,0,0,0.9999963045120239,0.5384615659713745,0.9999963045120239,81.35491943359375
nsl_kdd_v2,xgb_5class_cw,538,1,1,1,0.9999966621398926,0.4285714328289032,0.9999884963035583,75.39437103271484
nsl_kdd_v2,xgb_5class_cw,539,0,0,1,0.9999966621398926,0.5384615659713745,0.9999966621398926,81.35494232177734
nsl_kdd_v2,xgb_5class_cw,540,4,0,0,0.9999964833259583,0.4285714328289032,0.9999964833259583,75.39456176757812
nsl_kdd_v2,xgb_5class_cw,541,2,2,1,0.9999966621398926,0.6666666865348816,0.9999966621398926,87.35785675048828
nsl_kdd_v2,xgb_5class_cw,542,0,0,1,0.9999966621398926,0.5384615659713745,0.9999966621398926,81.35494232177734
nsl_kdd_v2,xgb_5class_cw,543,1,1,1,0.9999966621398926,0.6666666865348816,0.9999884963035583,87.35762023925781
nsl_kdd_v2,xgb_5class_cw,544,1,1,1,0.9999966621398926,0.6666666865348816,0.9999884963035583,87.35762023925781
nsl_kdd_v2,xgb_5class_cw,545,1,1,1,0.9999966621398926,0.5384615659713745,0.9999884963035583,81.35472106933594
nsl_kdd_v2,xgb_5class_cw,546,1,0,0,0.9999966621398926,0.6666666865348816,0.9999966621398926,87.35785675048828
nsl_kdd_v2,xgb_5class_cw,547,3,0,0,0.9999966621398926,0.5384615659713745,0.9999966621398926,81.35494232177734
nsl_kdd_v2,xgb_5class_cw,548,3,0,0,0.9999966621398926,0.5384615659713745,0.9999966621398926,81.35494232177734
nsl_kdd_v2,xgb_5class_cw,549,3,0,0,0.9999966621398926,0.6666666865348816,0.9999966621398926,87.35785675048828
nsl_kdd_v2,xgb_5class_cw,550,1,1,1,0.9999966621398926,0.6666666865348816,0.9999884963035583,87.35762023925781
nsl_kdd_v2,xgb_5class_cw,551,2,2,1,0.9729698300361633,0.6666666865348816,0.9729698300361633,85.77667236328125
nsl_kdd_v2,xgb_5class_cw,552,0,0,1,0.9999966621398926,0.6666666865348816,0.9999966621398926,87.35785675048828
nsl_kdd_v2,xgb_5class_cw,553,2,2,1,0.7199980020523071,0.8181818127632141,0.7199980020523071,75.13416290283203
nsl_kdd_v2,xgb_5class_cw,554,0,0,1,0.9999966621398926,0.5384615659713745,0.9999966621398926,81.35494232177734
nsl_kdd_v2,xgb_5class_cw,555,2,0,0,0.9999966621398926,0.6666666865348816,0.9999966621398926,87.35785675048828
nsl_kdd_v2,xgb_5class_cw,556,3,0,0,0.9999966621398926,0.8181818127632141,0.9999966621398926,93.52957916259766
nsl_kdd_v2,xgb_5class_cw,557,1,0,0,0.5999979972839355,0.8181818127632141,0.5999979972839355,66.53495025634766
nsl_kdd_v2,xgb_5class_cw,558,0,0,1,0.9999966621398926,0.6666666865348816,0.9999966621398926,87.35785675048828
nsl_kdd_v2,xgb_5class_cw,559,0,0,1,0.9999966621398926,0.4285714328289032,0.9999966621398926,75.39457702636719
nsl_kdd_v2,xgb_5class_cw,560,0,0,1,0.9999966621398926,0.5384615659713745,0.9999966621398926,81.35494232177734
nsl_kdd_v2,xgb_5class_cw,561,0,0,1,0.9999966621398926,0.5384615659713745,0.9999966621398926,81.35494232177734
nsl_kdd_v2,xgb_5class_cw,562,3,0,0,0.9999966621398926,0.5384615659713745,0.9999966621398926,81.35494232177734
nsl_kdd_v2,xgb_5class_cw,563,2,2,1,0.9999966621398926,1.0,0.9999966621398926,99.9997787475586
nsl_kdd_v2,xgb_5class_cw,564,3,0,0,0.9999966621398926,0.8181818127632141,0.9999966621398926,93.52957916259766
nsl_kdd_v2,xgb_5class_cw,565,1,1,1,0.9999966621398926,0.8181818127632141,0.9999884963035583,93.5293197631836
nsl_kdd_v2,xgb_5class_cw,566,3,0,0,0.9999966621398926,0.8181818127632141,0.9999966621398926,93.52957916259766
nsl_kdd_v2,xgb_5class_cw,567,0,0,1,0.9999966621398926,0.5384615659713745,0.9999966621398926,81.35494232177734
nsl_kdd_v2,xgb_5class_cw,568,0,0,1,0.9999966621398926,0.5384615659713745,0.9999966621398926,81.35494232177734
nsl_kdd_v2,xgb_5class_cw,569,1,1,1,0.9999966621398926,0.5384615659713745,0.9999884963035583,81.35472106933594
nsl_kdd_v2,xgb_5class_cw,570,2,0,0,0.5999979972839355,0.5384615659713745,0.5999979972839355,57.874168395996094
nsl_kdd_v2,xgb_5class_cw,571,2,1,0,0.9920601844787598,0.6666666865348816,0.9727025032043457,86.32612609863281
nsl_kdd_v2,xgb_5class_cw,572,2,2,1,0.9999966621398926,0.6666666865348816,0.9999966621398926,87.35785675048828
nsl_kdd_v2,xgb_5class_cw,573,3,0,0,0.9999966621398926,0.6666666865348816,0.9999966621398926,87.35785675048828
nsl_kdd_v2,xgb_5class_cw,574,4,0,0,0.9999960064888,0.5384615659713745,0.9999960064888,81.35490417480469
nsl_kdd_v2,xgb_5class_cw,575,1,0,0,0.9999966621398926,0.6666666865348816,0.9999966621398926,87.35785675048828
nsl_kdd_v2,xgb_5class_cw,576,0,0,1,0.9999966621398926,0.5384615659713745,0.9999966621398926,81.35494232177734
nsl_kdd_v2,xgb_5class_cw,577,0,0,1,0.9999966621398926,0.6666666865348816,0.9999966621398926,87.35785675048828
nsl_kdd_v2,xgb_5class_cw,578,4,4,1,0.9920043349266052,0.5384615659713745,0.9920043349266052,80.92088317871094
nsl_kdd_v2,xgb_5class_cw,579,4,4,1,0.9726343154907227,0.6666666865348816,0.9726343154907227,85.75694274902344
nsl_kdd_v2,xgb_5class_cw,580,2,2,1,0.9999966621398926,1.0,0.9999966621398926,99.9997787475586
nsl_kdd_v2,xgb_5class_cw,581,0,0,1,0.9999966621398926,0.5384615659713745,0.9999966621398926,81.35494232177734
nsl_kdd_v2,xgb_5class_cw,582,1,0,0,0.9999963045120239,0.8181818127632141,0.9999963045120239,93.52954864501953
nsl_kdd_v2,xgb_5class_cw,583,4,0,0,0.9999966025352478,0.6666666865348816,0.9999966025352478,87.35784912109375
nsl_kdd_v2,xgb_5class_cw,584,1,1,1,0.9999966621398926,0.6666666865348816,0.9999884963035583,87.35762023925781
nsl_kdd_v2,xgb_5class_cw,585,2,0,0,0.9999966621398926,0.5384615659713745,0.9999966621398926,81.35494232177734
nsl_kdd_v2,xgb_5class_cw,586,3,0,0,0.9999966621398926,0.6666666865348816,0.9999966621398926,87.35785675048828
nsl_kdd_v2,xgb_5class_cw,587,0,0,1,0.9999966621398926,0.6666666865348816,0.9999966621398926,87.35785675048828
nsl_kdd_v2,xgb_5class_cw,588,4,0,0,0.9999966621398926,0.5384615659713745,0.9999966621398926,81.35494232177734
nsl_kdd_v2,xgb_5class_cw,589,3,0,0,0.9999966621398926,0.6666666865348816,0.9999966621398926,87.35785675048828
nsl_kdd_v2,xgb_5class_cw,590,2,2,1,0.9999966621398926,0.8181818127632141,0.9999966621398926,93.52957916259766
nsl_kdd_v2,xgb_5class_cw,591,3,0,0,0.9999963045120239,0.5384615659713745,0.9999963045120239,81.35491943359375
nsl_kdd_v2,xgb_5class_cw,592,1,1,1,0.9999966621398926,0.6666666865348816,0.9999884963035583,87.35762023925781
nsl_kdd_v2,xgb_5class_cw,593,3,0,0,0.9999966621398926,0.3333333432674408,0.9999966621398926,69.33597564697266
nsl_kdd_v2,xgb_5class_cw,594,2,2,1,0.9999966621398926,0.6666666865348816,0.9999966621398926,87.35785675048828
nsl_kdd_v2,xgb_5class_cw,595,2,2,1,0.7199980020523071,0.6666666865348816,0.7199980020523071,70.17630004882812
nsl_kdd_v2,xgb_5class_cw,596,0,0,1,0.9999966621398926,0.6666666865348816,0.9999966621398926,87.35785675048828
nsl_kdd_v2,xgb_5class_cw,597,4,0,0,0.9999950528144836,0.6666666865348816,0.9999950528144836,87.35775756835938
nsl_kdd_v2,xgb_5class_cw,598,3,0,0,0.9999966621398926,0.6666666865348816,0.9999966621398926,87.35785675048828
nsl_kdd_v2,xgb_5class_cw,599,0,0,1,0.9999966621398926,0.6666666865348816,0.9999966621398926,87.35785675048828
nsl_kdd_v2,xgb_5class_cw,600,2,2,1,0.9999966621398926,0.6666666865348816,0.9999966621398926,87.35785675048828
nsl_kdd_v2,xgb_5class_cw,601,2,2,1,0.9999966621398926,0.6666666865348816,0.9999966621398926,87.35785675048828
nsl_kdd_v2,xgb_5class_cw,602,2,2,1,0.9999966621398926,0.6666666865348816,0.9999966621398926,87.35785675048828
nsl_kdd_v2,xgb_5class_cw,603,1,1,1,0.9999966621398926,0.8181818127632141,0.9999884963035583,93.5293197631836
nsl_kdd_v2,xgb_5class_cw,604,1,1,1,0.9999966621398926,0.6666666865348816,0.9999884963035583,87.35762023925781
nsl_kdd_v2,xgb_5class_cw,605,1,1,1,0.9999966621398926,0.6666666865348816,0.9999884963035583,87.35762023925781
nsl_kdd_v2,xgb_5class_cw,606,0,0,1,0.9999966621398926,0.6666666865348816,0.9999966621398926,87.35785675048828
nsl_kdd_v2,xgb_5class_cw,607,2,2,1,0.9999966621398926,0.8181818127632141,0.9999966621398926,93.52957916259766
nsl_kdd_v2,xgb_5class_cw,608,1,0,0,0.5999979972839355,0.5384615659713745,0.5999979972839355,57.874168395996094
nsl_kdd_v2,xgb_5class_cw,609,0,0,1,0.85526043176651,0.5384615659713745,0.85526043176651,73.3022232055664
nsl_kdd_v2,xgb_5class_cw,610,1,1,1,0.9999966621398926,0.6666666865348816,0.9999884963035583,87.35762023925781
nsl_kdd_v2,xgb_5class_cw,611,1,1,1,0.9999966621398926,0.6666666865348816,0.9999884963035583,87.35762023925781
nsl_kdd_v2,xgb_5class_cw,612,2,2,1,0.9999966621398926,0.6666666865348816,0.9999966621398926,87.35785675048828
nsl_kdd_v2,xgb_5class_cw,613,0,0,1,0.9999966621398926,0.6666666865348816,0.9999966621398926,87.35785675048828
nsl_kdd_v2,xgb_5class_cw,614,2,2,1,0.9729698300361633,0.6666666865348816,0.9729698300361633,85.77667236328125
nsl_kdd_v2,xgb_5class_cw,615,0,0,1,0.9999966621398926,0.6666666865348816,0.9999966621398926,87.35785675048828
nsl_kdd_v2,xgb_5class_cw,616,2,2,1,0.5942685008049011,0.5384615659713745,0.5942685008049011,57.50514221191406
nsl_kdd_v2,xgb_5class_cw,617,1,1,1,0.9999966621398926,0.6666666865348816,0.9999884963035583,87.35762023925781
nsl_kdd_v2,xgb_5class_cw,618,0,0,1,0.9999966621398926,0.6666666865348816,0.9999966621398926,87.35785675048828
nsl_kdd_v2,xgb_5class_cw,619,1,1,1,0.9920601844787598,0.6666666865348816,0.9727025032043457,86.32612609863281
nsl_kdd_v2,xgb_5class_cw,620,2,0,0,0.9999966621398926,0.6666666865348816,0.9999966621398926,87.35785675048828
nsl_kdd_v2,xgb_5class_cw,621,0,2,0,0.9999966621398926,0.6666666865348816,0.9999966621398926,87.35785675048828
nsl_kdd_v2,xgb_5class_cw,622,1,1,1,0.9999966621398926,0.6666666865348816,0.9999884963035583,87.35762023925781
nsl_kdd_v2,xgb_5class_cw,623,3,0,0,0.6936112642288208,0.5384615659713745,0.6936112642288208,63.74737548828125
nsl_kdd_v2,xgb_5class_cw,624,4,0,0,0.9999876022338867,0.6666666865348816,0.9999876022338867,87.3573226928711
nsl_kdd_v2,xgb_5class_cw,625,2,0,0,0.5999979972839355,0.6666666865348816,0.5999979972839355,62.14451217651367
nsl_kdd_v2,xgb_5class_cw,626,3,3,1,0.9920601844787598,0.5384615659713745,0.980150580406189,80.59879302978516
nsl_kdd_v2,xgb_5class_cw,627,2,2,1,0.9999966621398926,0.8181818127632141,0.9999966621398926,93.52957916259766
nsl_kdd_v2,xgb_5class_cw,628,1,1,1,0.9999966621398926,0.5384615659713745,0.9999884963035583,81.35472106933594
nsl_kdd_v2,xgb_5class_cw,629,0,0,1,0.9999966621398926,0.6666666865348816,0.9999966621398926,87.35785675048828
nsl_kdd_v2,xgb_5class_cw,630,1,1,1,0.9729698300361633,0.6666666865348816,0.9070687890052795,83.79461669921875
nsl_kdd_v2,xgb_5class_cw,631,3,0,0,0.9999966621398926,0.5384615659713745,0.9999966621398926,81.35494232177734
nsl_kdd_v2,xgb_5class_cw,632,1,1,1,0.9999966621398926,0.5384615659713745,0.9999884963035583,81.35472106933594
nsl_kdd_v2,xgb_5class_cw,633,1,1,1,0.5263144373893738,0.8181818127632141,0.0,0.7551472187042236
nsl_kdd_v2,xgb_5class_cw,634,2,1,0,0.9920601844787598,0.6666666865348816,0.9727025032043457,86.32612609863281
nsl_kdd_v2,xgb_5class_cw,635,2,2,1,0.9999966621398926,0.8181818127632141,0.9999966621398926,93.52957916259766
nsl_kdd_v2,xgb_5class_cw,636,3,0,0,0.9999966621398926,0.8181818127632141,0.9999966621398926,93.52957916259766
nsl_kdd_v2,xgb_5class_cw,637,0,0,1,0.9999966621398926,0.6666666865348816,0.9999966621398926,87.35785675048828
nsl_kdd_v2,xgb_5class_cw,638,0,0,1,0.9999966621398926,0.5384615659713745,0.9999966621398926,81.35494232177734
nsl_kdd_v2,xgb_5class_cw,639,1,1,1,0.7367648482322693,0.5384615659713745,0.09498292207717896,33.52558517456055
nsl_kdd_v2,xgb_5class_cw,640,3,0,0,0.9999966621398926,0.6666666865348816,0.9999966621398926,87.35785675048828
nsl_kdd_v2,xgb_5class_cw,641,2,2,1,0.9999966621398926,0.6666666865348816,0.9999966621398926,87.35785675048828
nsl_kdd_v2,xgb_5class_cw,642,1,1,1,0.745157778263092,0.5384615659713745,0.12383830547332764,36.76370620727539
nsl_kdd_v2,xgb_5class_cw,643,1,1,1,0.9920601844787598,0.6666666865348816,0.9727025032043457,86.32612609863281
nsl_kdd_v2,xgb_5class_cw,644,1,1,1,0.9999966621398926,0.5384615659713745,0.9999884963035583,81.35472106933594
nsl_kdd_v2,xgb_5class_cw,645,2,2,1,0.9999966621398926,0.6666666865348816,0.9999966621398926,87.35785675048828
nsl_kdd_v2,xgb_5class_cw,646,0,0,1,0.9999966621398926,0.5384615659713745,0.9999966621398926,81.35494232177734
nsl_kdd_v2,xgb_5class_cw,647,0,0,1,0.9999966621398926,0.6666666865348816,0.9999966621398926,87.35785675048828
nsl_kdd_v2,xgb_5class_cw,648,0,0,1,0.9999966621398926,0.8181818127632141,0.9999966621398926,93.52957916259766
nsl_kdd_v2,xgb_5class_cw,649,1,1,1,0.9999966621398926,0.6666666865348816,0.9999884963035583,87.35762023925781
nsl_kdd_v2,xgb_5class_cw,650,3,0,0,0.5454528331756592,0.4285714328289032,0.5454528331756592,50.33219528198242
nsl_kdd_v2,xgb_5class_cw,651,1,1,1,0.9729698300361633,0.5384615659713745,0.9070687890052795,78.03656005859375
nsl_kdd_v2,xgb_5class_cw,652,0,0,1,0.9999966621398926,0.5384615659713745,0.9999966621398926,81.35494232177734
nsl_kdd_v2,xgb_5class_cw,653,1,1,1,0.9999966621398926,0.5384615659713745,0.9999884963035583,81.35472106933594
nsl_kdd_v2,xgb_5class_cw,654,3,0,0,0.9999966621398926,0.8181818127632141,0.9999966621398926,93.52957916259766
nsl_kdd_v2,xgb_5class_cw,655,1,1,1,0.9999966621398926,0.6666666865348816,0.9999884963035583,87.35762023925781
nsl_kdd_v2,xgb_5class_cw,656,2,0,0,0.9999966621398926,0.5384615659713745,0.9999966621398926,81.35494232177734
nsl_kdd_v2,xgb_5class_cw,657,3,3,1,0.9904120564460754,0.4285714328289032,0.9760302901268005,74.54768371582031
nsl_kdd_v2,xgb_5class_cw,658,3,0,0,0.9999966621398926,0.6666666865348816,0.9999966621398926,87.35785675048828
nsl_kdd_v2,xgb_5class_cw,659,4,0,0,0.9999962449073792,0.6666666865348816,0.9999962449073792,87.35783386230469
nsl_kdd_v2,xgb_5class_cw,660,3,0,0,0.9999966621398926,0.6666666865348816,0.9999966621398926,87.35785675048828
nsl_kdd_v2,xgb_5class_cw,661,3,0,0,0.9999966621398926,0.8181818127632141,0.9999966621398926,93.52957916259766
nsl_kdd_v2,xgb_5class_cw,662,3,0,0,0.9999966621398926,0.6666666865348816,0.9999966621398926,87.35785675048828
nsl_kdd_v2,xgb_5class_cw,663,2,2,1,0.9999966621398926,0.6666666865348816,0.9999966621398926,87.35785675048828
nsl_kdd_v2,xgb_5class_cw,664,4,0,0,0.9999966621398926,0.5384615659713745,0.9999966621398926,81.35494232177734
nsl_kdd_v2,xgb_5class_cw,665,0,0,1,0.9999966621398926,0.5384615659713745,0.9999966621398926,81.35494232177734
nsl_kdd_v2,xgb_5class_cw,666,1,1,1,0.9999966621398926,0.6666666865348816,0.9999884963035583,87.35762023925781
nsl_kdd_v2,xgb_5class_cw,667,0,0,1,0.9999966621398926,0.5384615659713745,0.9999966621398926,81.35494232177734
nsl_kdd_v2,xgb_5class_cw,668,0,0,1,0.9999966621398926,0.5384615659713745,0.9999966621398926,81.35494232177734
nsl_kdd_v2,xgb_5class_cw,669,0,0,1,0.9999966621398926,0.5384615659713745,0.9999966621398926,81.35494232177734
nsl_kdd_v2,xgb_5class_cw,670,2,2,1,0.9999966621398926,0.6666666865348816,0.9999966621398926,87.35785675048828
nsl_kdd_v2,xgb_5class_cw,671,3,0,0,0.999996542930603,0.6666666865348816,0.999996542930603,87.35784149169922
nsl_kdd_v2,xgb_5class_cw,672,0,0,1,0.9999966621398926,0.5384615659713745,0.9999966621398926,81.35494232177734
nsl_kdd_v2,xgb_5class_cw,673,3,0,0,0.9999966621398926,0.5384615659713745,0.9999966621398926,81.35494232177734
nsl_kdd_v2,xgb_5class_cw,674,2,2,1,0.7199980020523071,0.8181818127632141,0.7199980020523071,75.13416290283203
nsl_kdd_v2,xgb_5class_cw,675,0,0,1,0.9999966621398926,0.5384615659713745,0.9999966621398926,81.35494232177734
nsl_kdd_v2,xgb_5class_cw,676,0,0,1,0.9999966621398926,0.6666666865348816,0.9999966621398926,87.35785675048828
nsl_kdd_v2,xgb_5class_cw,677,3,0,0,0.9999966621398926,0.6666666865348816,0.9999966621398926,87.35785675048828
nsl_kdd_v2,xgb_5class_cw,678,2,2,1,0.7199980020523071,0.8181818127632141,0.7199980020523071,75.13416290283203
nsl_kdd_v2,xgb_5class_cw,679,0,0,1,0.9999966621398926,0.6666666865348816,0.9999966621398926,87.35785675048828
nsl_kdd_v2,xgb_5class_cw,680,0,0,1,0.9999966621398926,0.5384615659713745,0.9999966621398926,81.35494232177734
nsl_kdd_v2,xgb_5class_cw,681,2,2,1,0.9999966621398926,1.0,0.9999966621398926,99.9997787475586
nsl_kdd_v2,xgb_5class_cw,682,1,1,1,0.9999966621398926,0.6666666865348816,0.9999884963035583,87.35762023925781
nsl_kdd_v2,xgb_5class_cw,683,2,2,1,0.9999966621398926,0.5384615659713745,0.9999966621398926,81.35494232177734
nsl_kdd_v2,xgb_5class_cw,684,1,1,1,0.9999966621398926,0.6666666865348816,0.9999884963035583,87.35762023925781
nsl_kdd_v2,xgb_5class_cw,685,3,3,1,0.5999975204467773,0.4285714328289032,1.1920928955078125e-07,0.6359029412269592
nsl_kdd_v2,xgb_5class_cw,686,3,0,0,0.9999966621398926,0.5384615659713745,0.9999966621398926,81.35494232177734
nsl_kdd_v2,xgb_5class_cw,687,0,0,1,0.9999966621398926,0.6666666865348816,0.9999966621398926,87.35785675048828
nsl_kdd_v2,xgb_5class_cw,688,4,0,0,0.999996542930603,0.5384615659713745,0.999996542930603,81.35493469238281
nsl_kdd_v2,xgb_5class_cw,689,0,0,1,0.9999966621398926,0.6666666865348816,0.9999966621398926,87.35785675048828
nsl_kdd_v2,xgb_5class_cw,690,2,2,1,0.9999966621398926,0.8181818127632141,0.9999966621398926,93.52957916259766
nsl_kdd_v2,xgb_5class_cw,691,2,2,1,0.5999975800514221,0.8181818127632141,0.5999975800514221,66.534912109375
nsl_kdd_v2,xgb_5class_cw,692,0,0,1,0.9999966621398926,0.6666666865348816,0.9999966621398926,87.35785675048828
nsl_kdd_v2,xgb_5class_cw,693,1,0,0,0.85526043176651,0.8181818127632141,0.85526043176651,84.27178192138672
nsl_kdd_v2,xgb_5class_cw,694,1,1,1,0.896899938583374,0.5384615659713745,0.6455363035202026,67.80677795410156
nsl_kdd_v2,xgb_5class_cw,695,3,0,0,0.999996542930603,0.4285714328289032,0.999996542930603,75.39456939697266
nsl_kdd_v2,xgb_5class_cw,696,0,0,1,0.9999966621398926,0.6666666865348816,0.9999966621398926,87.35785675048828
nsl_kdd_v2,xgb_5class_cw,697,1,1,1,0.9729698300361633,0.5384615659713745,0.9070687890052795,78.03656005859375
nsl_kdd_v2,xgb_5class_cw,698,2,0,0,0.8238958120346069,0.5384615659713745,0.8238958120346069,71.49896240234375
nsl_kdd_v2,xgb_5class_cw,699,0,0,1,0.9999966621398926,0.6666666865348816,0.9999966621398926,87.35785675048828
nsl_kdd_v2,xgb_5class_cw,700,4,4,1,0.9663794636726379,0.5384615659713745,0.9663794636726379,79.52127838134766
nsl_kdd_v2,xgb_5class_cw,701,0,0,1,0.9999966621398926,0.5384615659713745,0.9999966621398926,81.35494232177734
nsl_kdd_v2,xgb_5class_cw,702,1,1,1,0.9999966621398926,0.6666666865348816,0.9999884963035583,87.35762023925781
nsl_kdd_v2,xgb_5class_cw,703,2,0,0,0.5999979972839355,0.6666666865348816,0.5999979972839355,62.14451217651367
nsl_kdd_v2,xgb_5class_cw,704,1,1,1,0.9920601844787598,0.6666666865348816,0.9727025032043457,86.32612609863281
nsl_kdd_v2,xgb_5class_cw,705,0,0,1,0.9999966621398926,0.6666666865348816,0.9999966621398926,87.35785675048828
nsl_kdd_v2,xgb_5class_cw,706,2,0,0,0.5999979972839355,0.6666666865348816,0.5999979972839355,62.14451217651367
nsl_kdd_v2,xgb_5class_cw,707,0,0,1,0.9999966621398926,0.6666666865348816,0.9999966621398926,87.35785675048828
nsl_kdd_v2,xgb_5class_cw,708,3,0,0,0.9999966621398926,0.8181818127632141,0.9999966621398926,93.52957916259766
nsl_kdd_v2,xgb_5class_cw,709,2,2,1,0.9999966621398926,0.6666666865348816,0.9999966621398926,87.35785675048828
nsl_kdd_v2,xgb_5class_cw,710,2,2,1,0.9999966621398926,1.0,0.9999966621398926,99.9997787475586
nsl_kdd_v2,xgb_5class_cw,711,0,0,1,0.9999966621398926,0.4285714328289032,0.9999966621398926,75.39457702636719
nsl_kdd_v2,xgb_5class_cw,712,3,0,0,0.9999966621398926,0.8181818127632141,0.9999966621398926,93.52957916259766
nsl_kdd_v2,xgb_5class_cw,713,2,2,1,0.9999966621398926,0.6666666865348816,0.9999966621398926,87.35785675048828
nsl_kdd_v2,xgb_5class_cw,714,2,2,1,0.9999966621398926,0.6666666865348816,0.9999966621398926,87.35785675048828
nsl_kdd_v2,xgb_5class_cw,715,2,2,1,0.9999966621398926,0.4285714328289032,0.9999966621398926,75.39457702636719
nsl_kdd_v2,xgb_5class_cw,716,3,0,0,0.9999966621398926,0.5384615659713745,0.9999966621398926,81.35494232177734
nsl_kdd_v2,xgb_5class_cw,717,0,0,1,0.9999966621398926,0.5384615659713745,0.9999966621398926,81.35494232177734
nsl_kdd_v2,xgb_5class_cw,718,3,0,0,0.9999966621398926,0.5384615659713745,0.9999966621398926,81.35494232177734
nsl_kdd_v2,xgb_5class_cw,719,2,2,1,0.9999966621398926,0.6666666865348816,0.9999966621398926,87.35785675048828
nsl_kdd_v2,xgb_5class_cw,720,2,1,0,0.9729698300361633,0.6666666865348816,0.9070687890052795,83.79461669921875
nsl_kdd_v2,xgb_5class_cw,721,0,0,1,0.9999966621398926,0.6666666865348816,0.9999966621398926,87.35785675048828
nsl_kdd_v2,xgb_5class_cw,722,0,0,1,0.9999966621398926,0.6666666865348816,0.9999966621398926,87.35785675048828
nsl_kdd_v2,xgb_5class_cw,723,0,0,1,0.9999966621398926,0.6666666865348816,0.9999966621398926,87.35785675048828
nsl_kdd_v2,xgb_5class_cw,724,0,0,1,0.9999966621398926,0.5384615659713745,0.9999966621398926,81.35494232177734
nsl_kdd_v2,xgb_5class_cw,725,0,0,1,0.9999966621398926,0.6666666865348816,0.9999966621398926,87.35785675048828
nsl_kdd_v2,xgb_5class_cw,726,3,0,0,0.9999966621398926,0.5384615659713745,0.9999966621398926,81.35494232177734
nsl_kdd_v2,xgb_5class_cw,727,2,2,1,0.9999966621398926,0.6666666865348816,0.9999966621398926,87.35785675048828
nsl_kdd_v2,xgb_5class_cw,728,1,1,1,0.9999966621398926,0.6666666865348816,0.9999884963035583,87.35762023925781
nsl_kdd_v2,xgb_5class_cw,729,1,1,1,0.9920601844787598,0.6666666865348816,0.9727025032043457,86.32612609863281
nsl_kdd_v2,xgb_5class_cw,730,2,2,1,0.9729698300361633,0.6666666865348816,0.9729698300361633,85.77667236328125
nsl_kdd_v2,xgb_5class_cw,731,3,0,0,0.9999966621398926,0.6666666865348816,0.9999966621398926,87.35785675048828
nsl_kdd_v2,xgb_5class_cw,732,1,1,1,0.9999966621398926,0.5384615659713745,0.9999884963035583,81.35472106933594
nsl_kdd_v2,xgb_5class_cw,733,0,0,1,0.9999966621398926,0.8181818127632141,0.9999966621398926,93.52957916259766
nsl_kdd_v2,xgb_5class_cw,734,1,1,1,0.9999966621398926,0.6666666865348816,0.9999884963035583,87.35762023925781
nsl_kdd_v2,xgb_5class_cw,735,1,1,1,0.9999966621398926,0.6666666865348816,0.9999884963035583,87.35762023925781
nsl_kdd_v2,xgb_5class_cw,736,1,0,0,0.9999966621398926,0.5384615659713745,0.9999966621398926,81.35494232177734
nsl_kdd_v2,xgb_5class_cw,737,1,1,1,0.7479112148284912,0.5384615659713745,0.13330477476119995,37.72391891479492
nsl_kdd_v2,xgb_5class_cw,738,3,0,0,0.9999966621398926,0.4285714328289032,0.9999966621398926,75.39457702636719
nsl_kdd_v2,xgb_5class_cw,739,0,0,1,0.9999966621398926,0.6666666865348816,0.9999966621398926,87.35785675048828
nsl_kdd_v2,xgb_5class_cw,740,3,0,0,0.9999964833259583,0.6666666865348816,0.9999964833259583,87.35784149169922
nsl_kdd_v2,xgb_5class_cw,741,0,0,1,0.9999966621398926,0.6666666865348816,0.9999966621398926,87.35785675048828
nsl_kdd_v2,xgb_5class_cw,742,2,2,1,0.7221497893333435,0.6666666865348816,0.7221497893333435,70.31604766845703
nsl_kdd_v2,xgb_5class_cw,743,2,2,1,0.9999966621398926,0.8181818127632141,0.9999966621398926,93.52957916259766
nsl_kdd_v2,xgb_5class_cw,744,3,0,0,0.9999966621398926,0.5384615659713745,0.9999966621398926,81.35494232177734
nsl_kdd_v2,xgb_5class_cw,745,2,2,1,0.9999966621398926,0.8181818127632141,0.9999966621398926,93.52957916259766
nsl_kdd_v2,xgb_5class_cw,746,1,1,1,0.9729698300361633,0.5384615659713745,0.9070687890052795,78.03656005859375
nsl_kdd_v2,xgb_5class_cw,747,0,0,1,0.9999966621398926,0.6666666865348816,0.9999966621398926,87.35785675048828
nsl_kdd_v2,xgb_5class_cw,748,2,1,0,0.9920601844787598,0.6666666865348816,0.9727025032043457,86.32612609863281
nsl_kdd_v2,xgb_5class_cw,749,2,2,1,0.9999966621398926,0.5384615659713745,0.9999966621398926,81.35494232177734
nsl_kdd_v2,xgb_5class_cw,750,0,0,1,0.9999966621398926,0.6666666865348816,0.9999966621398926,87.35785675048828
nsl_kdd_v2,xgb_5class_cw,751,2,2,1,0.9999966621398926,1.0,0.9999966621398926,99.9997787475586
nsl_kdd_v2,xgb_5class_cw,752,0,0,1,0.9999966621398926,0.5384615659713745,0.9999966621398926,81.35494232177734
nsl_kdd_v2,xgb_5class_cw,753,2,0,0,0.9999966621398926,0.8181818127632141,0.9999966621398926,93.52957916259766
nsl_kdd_v2,xgb_5class_cw,754,3,0,0,0.9999966621398926,0.5384615659713745,0.9999966621398926,81.35494232177734
nsl_kdd_v2,xgb_5class_cw,755,1,1,1,0.9729698300361633,0.5384615659713745,0.9070687890052795,78.03656005859375
nsl_kdd_v2,xgb_5class_cw,756,0,1,0,0.9999966621398926,0.5384615659713745,0.9999884963035583,81.35472106933594
nsl_kdd_v2,xgb_5class_cw,757,1,0,0,0.5999979972839355,0.6666666865348816,0.5999979972839355,62.14451217651367
nsl_kdd_v2,xgb_5class_cw,758,0,0,1,0.9999966621398926,0.6666666865348816,0.9999966621398926,87.35785675048828
nsl_kdd_v2,xgb_5class_cw,759,1,1,1,0.9999966621398926,0.6666666865348816,0.9999884963035583,87.35762023925781
nsl_kdd_v2,xgb_5class_cw,760,3,0,0,0.9999966621398926,0.5384615659713745,0.9999966621398926,81.35494232177734
nsl_kdd_v2,xgb_5class_cw,761,0,0,1,0.9999966621398926,0.5384615659713745,0.9999966621398926,81.35494232177734
nsl_kdd_v2,xgb_5class_cw,762,0,0,1,0.9999966621398926,0.5384615659713745,0.9999966621398926,81.35494232177734
nsl_kdd_v2,xgb_5class_cw,763,3,0,0,0.9999966621398926,0.6666666865348816,0.9999966621398926,87.35785675048828
nsl_kdd_v2,xgb_5class_cw,764,0,0,1,0.9999966621398926,0.6666666865348816,0.9999966621398926,87.35785675048828
nsl_kdd_v2,xgb_5class_cw,765,3,0,0,0.5454528331756592,0.5384615659713745,0.5454528331756592,54.31123352050781
nsl_kdd_v2,xgb_5class_cw,766,2,2,1,0.5999975800514221,0.6666666865348816,0.5999975800514221,62.14448165893555
nsl_kdd_v2,xgb_5class_cw,767,0,0,1,0.9999966621398926,0.6666666865348816,0.9999966621398926,87.35785675048828
nsl_kdd_v2,xgb_5class_cw,768,0,0,1,0.9999966621398926,0.5384615659713745,0.9999966621398926,81.35494232177734
nsl_kdd_v2,xgb_5class_cw,769,2,2,1,0.9999966621398926,0.6666666865348816,0.9999966621398926,87.35785675048828
nsl_kdd_v2,xgb_5class_cw,770,1,1,1,0.9999966621398926,0.6666666865348816,0.9999884963035583,87.35762023925781
nsl_kdd_v2,xgb_5class_cw,771,0,2,0,0.9999966621398926,0.6666666865348816,0.9999966621398926,87.35785675048828
nsl_kdd_v2,xgb_5class_cw,772,1,1,1,0.9999966621398926,0.8181818127632141,0.9999884963035583,93.5293197631836
nsl_kdd_v2,xgb_5class_cw,773,1,1,1,0.9999966621398926,0.6666666865348816,0.9999884963035583,87.35762023925781
nsl_kdd_v2,xgb_5class_cw,774,3,0,0,0.9999966621398926,0.5384615659713745,0.9999966621398926,81.35494232177734
nsl_kdd_v2,xgb_5class_cw,775,3,0,0,0.9999966621398926,0.6666666865348816,0.9999966621398926,87.35785675048828
nsl_kdd_v2,xgb_5class_cw,776,3,0,0,0.9999963045120239,0.5384615659713745,0.9999963045120239,81.35491943359375
nsl_kdd_v2,xgb_5class_cw,777,4,4,1,0.9920048713684082,0.5384615659713745,0.9920048713684082,80.92091369628906
nsl_kdd_v2,xgb_5class_cw,778,1,0,0,0.9999966621398926,0.6666666865348816,0.9999966621398926,87.35785675048828
nsl_kdd_v2,xgb_5class_cw,779,0,0,1,0.9999966621398926,0.5384615659713745,0.9999966621398926,81.35494232177734
nsl_kdd_v2,xgb_5class_cw,780,0,0,1,0.9999966621398926,0.5384615659713745,0.9999966621398926,81.35494232177734
nsl_kdd_v2,xgb_5class_cw,781,0,0,1,0.9999966621398926,0.5384615659713745,0.9999966621398926,81.35494232177734
nsl_kdd_v2,xgb_5class_cw,782,0,0,1,0.9999966621398926,0.5384615659713745,0.9999966621398926,81.35494232177734
nsl_kdd_v2,xgb_5class_cw,783,1,1,1,0.9999966621398926,0.6666666865348816,0.9999884963035583,87.35762023925781
nsl_kdd_v2,xgb_5class_cw,784,1,1,1,0.9729698300361633,0.4285714328289032,0.9070687890052795,72.31930541992188
nsl_kdd_v2,xgb_5class_cw,785,0,0,1,0.9999966621398926,0.6666666865348816,0.9999966621398926,87.35785675048828
nsl_kdd_v2,xgb_5class_cw,786,3,0,0,0.9999966621398926,0.4285714328289032,0.9999966621398926,75.39457702636719
nsl_kdd_v2,xgb_5class_cw,787,1,0,0,0.85526043176651,0.8181818127632141,0.85526043176651,84.27178192138672
nsl_kdd_v2,xgb_5class_cw,788,1,1,1,0.9999966621398926,0.5384615659713745,0.9999884963035583,81.35472106933594
nsl_kdd_v2,xgb_5class_cw,789,4,0,0,0.9999966025352478,0.5384615659713745,0.9999966025352478,81.35493469238281
nsl_kdd_v2,xgb_5class_cw,790,0,0,1,0.9999966621398926,0.6666666865348816,0.9999966621398926,87.35785675048828
nsl_kdd_v2,xgb_5class_cw,791,0,0,1,0.9999966621398926,0.6666666865348816,0.9999966621398926,87.35785675048828
nsl_kdd_v2,xgb_5class_cw,792,1,1,1,0.9999966621398926,0.5384615659713745,0.9999884963035583,81.35472106933594
nsl_kdd_v2,xgb_5class_cw,793,2,1,0,0.9920601844787598,0.5384615659713745,0.9727025032043457,80.39411163330078
nsl_kdd_v2,xgb_5class_cw,794,1,1,1,0.9729698300361633,0.5384615659713745,0.9070687890052795,78.03656005859375
nsl_kdd_v2,xgb_5class_cw,795,2,2,1,0.7199980020523071,0.6666666865348816,0.7199980020523071,70.17630004882812
nsl_kdd_v2,xgb_5class_cw,796,2,2,1,0.7199980020523071,0.8181818127632141,0.7199980020523071,75.13416290283203
nsl_kdd_v2,xgb_5class_cw,797,1,1,1,0.9999966621398926,0.8181818127632141,0.9999884963035583,93.5293197631836
nsl_kdd_v2,xgb_5class_cw,798,1,1,1,0.9999966621398926,0.5384615659713745,0.9999884963035583,81.35472106933594
nsl_kdd_v2,xgb_5class_cw,799,3,0,0,0.9999966621398926,0.4285714328289032,0.9999966621398926,75.39457702636719
nsl_kdd_v2,xgb_5class_cw,800,2,1,0,0.9920601844787598,0.6666666865348816,0.9727025032043457,86.32612609863281
nsl_kdd_v2,xgb_5class_cw,801,2,2,1,0.9999966621398926,0.4285714328289032,0.9999966621398926,75.39457702636719
nsl_kdd_v2,xgb_5class_cw,802,0,0,1,0.9999966621398926,0.5384615659713745,0.9999966621398926,81.35494232177734
nsl_kdd_v2,xgb_5class_cw,803,0,0,1,0.9999966621398926,0.6666666865348816,0.9999966621398926,87.35785675048828
nsl_kdd_v2,xgb_5class_cw,804,1,1,1,0.9999966621398926,0.6666666865348816,0.9999884963035583,87.35762023925781
nsl_kdd_v2,xgb_5class_cw,805,3,0,0,0.9999966621398926,0.6666666865348816,0.9999966621398926,87.35785675048828
nsl_kdd_v2,xgb_5class_cw,806,3,0,0,0.9999966621398926,0.5384615659713745,0.9999966621398926,81.35494232177734
nsl_kdd_v2,xgb_5class_cw,807,2,0,0,0.9999966621398926,0.5384615659713745,0.9999966621398926,81.35494232177734
nsl_kdd_v2,xgb_5class_cw,808,3,0,0,0.9999966621398926,0.6666666865348816,0.9999966621398926,87.35785675048828
nsl_kdd_v2,xgb_5class_cw,809,4,0,0,0.9999964833259583,0.6666666865348816,0.9999964833259583,87.35784149169922
nsl_kdd_v2,xgb_5class_cw,810,0,0,1,0.9999966621398926,0.5384615659713745,0.9999966621398926,81.35494232177734
nsl_kdd_v2,xgb_5class_cw,811,4,0,0,0.9999966621398926,0.6666666865348816,0.9999966621398926,87.35785675048828
nsl_kdd_v2,xgb_5class_cw,812,2,0,0,0.85526043176651,0.6666666865348816,0.85526043176651,78.71095275878906
nsl_kdd_v2,xgb_5class_cw,813,0,0,1,0.9999966621398926,0.6666666865348816,0.9999966621398926,87.35785675048828
nsl_kdd_v2,xgb_5class_cw,814,1,1,1,0.9999966621398926,0.6666666865348816,0.9999884963035583,87.35762023925781
nsl_kdd_v2,xgb_5class_cw,815,1,1,1,0.9999966621398926,0.5384615659713745,0.9999884963035583,81.35472106933594
nsl_kdd_v2,xgb_5class_cw,816,1,1,1,0.9999966621398926,0.6666666865348816,0.9999884963035583,87.35762023925781
nsl_kdd_v2,xgb_5class_cw,817,2,2,1,0.9999966621398926,1.0,0.9999966621398926,99.9997787475586
nsl_kdd_v2,xgb_5class_cw,818,1,1,1,0.9999966621398926,0.6666666865348816,0.9999884963035583,87.35762023925781
nsl_kdd_v2,xgb_5class_cw,819,0,0,1,0.9999966621398926,0.8181818127632141,0.9999966621398926,93.52957916259766
nsl_kdd_v2,xgb_5class_cw,820,3,0,0,0.9999966621398926,0.5384615659713745,0.9999966621398926,81.35494232177734
nsl_kdd_v2,xgb_5class_cw,821,4,0,0,0.9999966621398926,0.5384615659713745,0.9999966621398926,81.35494232177734
nsl_kdd_v2,xgb_5class_cw,822,1,1,1,0.9999966621398926,0.5384615659713745,0.9999884963035583,81.35472106933594
nsl_kdd_v2,xgb_5class_cw,823,3,0,0,0.9999966621398926,0.6666666865348816,0.9999966621398926,87.35785675048828
nsl_kdd_v2,xgb_5class_cw,824,1,1,1,0.9999966621398926,0.5384615659713745,0.9999884963035583,81.35472106933594
nsl_kdd_v2,xgb_5class_cw,825,1,1,1,0.9999966621398926,0.8181818127632141,0.9999884963035583,93.5293197631836
nsl_kdd_v2,xgb_5class_cw,826,0,0,1,0.9999966621398926,0.4285714328289032,0.9999966621398926,75.39457702636719
nsl_kdd_v2,xgb_5class_cw,827,1,1,1,0.9999966621398926,0.6666666865348816,0.9999884963035583,87.35762023925781
nsl_kdd_v2,xgb_5class_cw,828,2,2,1,0.9999966621398926,0.6666666865348816,0.9999966621398926,87.35785675048828
nsl_kdd_v2,xgb_5class_cw,829,2,2,1,0.9999966621398926,1.0,0.9999966621398926,99.9997787475586
nsl_kdd_v2,xgb_5class_cw,830,3,0,0,0.9999966621398926,0.8181818127632141,0.9999966621398926,93.52957916259766
nsl_kdd_v2,xgb_5class_cw,831,3,3,1,0.9999966621398926,0.5384615659713745,0.9999916553497314,81.35481262207031
nsl_kdd_v2,xgb_5class_cw,832,1,1,1,0.9999966621398926,0.8181818127632141,0.9999884963035583,93.5293197631836
nsl_kdd_v2,xgb_5class_cw,833,2,0,0,0.5999979972839355,0.8181818127632141,0.5999979972839355,66.53495025634766
nsl_kdd_v2,xgb_5class_cw,834,1,1,1,0.9999966621398926,0.8181818127632141,0.9999884963035583,93.5293197631836
nsl_kdd_v2,xgb_5class_cw,835,2,2,1,0.9999966621398926,0.6666666865348816,0.9999966621398926,87.35785675048828
nsl_kdd_v2,xgb_5class_cw,836,1,1,1,0.9999966621398926,0.6666666865348816,0.9999884963035583,87.35762023925781
nsl_kdd_v2,xgb_5class_cw,837,4,0,0,0.999996542930603,0.5384615659713745,0.999996542930603,81.35493469238281
nsl_kdd_v2,xgb_5class_cw,838,3,0,0,0.9999966621398926,0.6666666865348816,0.9999966621398926,87.35785675048828
nsl_kdd_v2,xgb_5class_cw,839,3,0,0,0.9999966621398926,0.4285714328289032,0.9999966621398926,75.39457702636719
nsl_kdd_v2,xgb_5class_cw,840,0,0,1,0.9999966621398926,0.6666666865348816,0.9999966621398926,87.35785675048828
nsl_kdd_v2,xgb_5class_cw,841,0,0,1,0.9999966621398926,0.6666666865348816,0.9999966621398926,87.35785675048828
nsl_kdd_v2,xgb_5class_cw,842,3,0,0,0.9999966621398926,0.5384615659713745,0.9999966621398926,81.35494232177734
nsl_kdd_v2,xgb_5class_cw,843,0,0,1,0.9999966621398926,0.8181818127632141,0.9999966621398926,93.52957916259766
nsl_kdd_v2,xgb_5class_cw,844,1,1,1,0.9999966621398926,0.8181818127632141,0.9999884963035583,93.5293197631836
nsl_kdd_v2,xgb_5class_cw,845,3,0,0,0.9999966621398926,0.5384615659713745,0.9999966621398926,81.35494232177734
nsl_kdd_v2,xgb_5class_cw,846,0,0,1,0.9999966621398926,0.6666666865348816,0.9999966621398926,87.35785675048828
nsl_kdd_v2,xgb_5class_cw,847,1,1,1,0.9999966621398926,0.6666666865348816,0.9999884963035583,87.35762023925781
nsl_kdd_v2,xgb_5class_cw,848,1,1,1,0.9999966621398926,0.5384615659713745,0.9999884963035583,81.35472106933594
nsl_kdd_v2,xgb_5class_cw,849,4,0,0,0.999996542930603,0.6666666865348816,0.999996542930603,87.35784149169922
nsl_kdd_v2,xgb_5class_cw,850,2,0,0,0.9999966621398926,0.6666666865348816,0.9999966621398926,87.35785675048828
nsl_kdd_v2,xgb_5class_cw,851,1,0,0,0.9999966621398926,0.8181818127632141,0.9999966621398926,93.52957916259766
nsl_kdd_v2,xgb_5class_cw,852,0,0,1,0.9999966621398926,0.6666666865348816,0.9999966621398926,87.35785675048828
nsl_kdd_v2,xgb_5class_cw,853,1,1,1,0.9999966621398926,0.6666666865348816,0.9999884963035583,87.35762023925781
nsl_kdd_v2,xgb_5class_cw,854,2,0,0,0.6661686301231384,0.6666666865348816,0.6661686301231384,66.63345336914062
nsl_kdd_v2,xgb_5class_cw,855,3,0,0,0.9999966621398926,0.5384615659713745,0.9999966621398926,81.35494232177734
nsl_kdd_v2,xgb_5class_cw,856,1,1,1,0.9999966621398926,0.6666666865348816,0.9999884963035583,87.35762023925781
nsl_kdd_v2,xgb_5class_cw,857,0,0,1,0.9999966621398926,0.6666666865348816,0.9999966621398926,87.35785675048828
nsl_kdd_v2,xgb_5class_cw,858,3,0,0,0.9999963045120239,0.4285714328289032,0.9999963045120239,75.39456176757812
nsl_kdd_v2,xgb_5class_cw,859,3,0,0,0.9999966621398926,0.5384615659713745,0.9999966621398926,81.35494232177734
nsl_kdd_v2,xgb_5class_cw,860,3,0,0,0.9999966621398926,0.5384615659713745,0.9999966621398926,81.35494232177734
nsl_kdd_v2,xgb_5class_cw,861,1,0,0,0.9999966621398926,0.6666666865348816,0.9999966621398926,87.35785675048828
nsl_kdd_v2,xgb_5class_cw,862,1,0,0,0.9999966621398926,0.5384615659713745,0.9999966621398926,81.35494232177734
nsl_kdd_v2,xgb_5class_cw,863,1,0,0,0.8116426467895508,0.8181818127632141,0.8116426467895508,81.38165283203125
nsl_kdd_v2,xgb_5class_cw,864,2,2,1,0.9999966621398926,0.5384615659713745,0.9999966621398926,81.35494232177734
nsl_kdd_v2,xgb_5class_cw,865,4,0,0,0.9999966621398926,0.6666666865348816,0.9999966621398926,87.35785675048828
nsl_kdd_v2,xgb_5class_cw,866,3,0,0,0.9999966621398926,0.5384615659713745,0.9999966621398926,81.35494232177734
nsl_kdd_v2,xgb_5class_cw,867,3,0,0,0.9999966621398926,0.8181818127632141,0.9999966621398926,93.52957916259766
nsl_kdd_v2,xgb_5class_cw,868,3,0,0,0.85526043176651,0.4285714328289032,0.85526043176651,67.93183135986328
nsl_kdd_v2,xgb_5class_cw,869,4,0,0,0.9999966621398926,0.6666666865348816,0.9999966621398926,87.35785675048828
nsl_kdd_v2,xgb_5class_cw,870,2,2,1,0.9999966621398926,0.8181818127632141,0.9999966621398926,93.52957916259766
nsl_kdd_v2,xgb_5class_cw,871,3,0,0,0.9999966621398926,0.8181818127632141,0.9999966621398926,93.52957916259766
nsl_kdd_v2,xgb_5class_cw,872,2,2,1,0.9999966621398926,1.0,0.9999966621398926,99.9997787475586
nsl_kdd_v2,xgb_5class_cw,873,2,2,1,0.9999966621398926,0.8181818127632141,0.9999966621398926,93.52957916259766
nsl_kdd_v2,xgb_5class_cw,874,1,1,1,0.9999966621398926,0.8181818127632141,0.9999884963035583,93.5293197631836
nsl_kdd_v2,xgb_5class_cw,875,1,1,1,0.9999966621398926,0.6666666865348816,0.9999884963035583,87.35762023925781
nsl_kdd_v2,xgb_5class_cw,876,0,0,1,0.9999966621398926,0.5384615659713745,0.9999966621398926,81.35494232177734
nsl_kdd_v2,xgb_5class_cw,877,0,0,1,0.9999966621398926,0.8181818127632141,0.9999966621398926,93.52957916259766
nsl_kdd_v2,xgb_5class_cw,878,3,0,0,0.9999966621398926,0.6666666865348816,0.9999966621398926,87.35785675048828
nsl_kdd_v2,xgb_5class_cw,879,2,0,0,0.5999979972839355,0.6666666865348816,0.5999979972839355,62.14451217651367
nsl_kdd_v2,xgb_5class_cw,880,1,1,1,0.9999966621398926,0.5384615659713745,0.9999884963035583,81.35472106933594
nsl_kdd_v2,xgb_5class_cw,881,4,0,0,0.8994145393371582,0.6666666865348816,0.8994145393371582,81.39720916748047
nsl_kdd_v2,xgb_5class_cw,882,0,0,1,0.9999966621398926,0.5384615659713745,0.9999966621398926,81.35494232177734
nsl_kdd_v2,xgb_5class_cw,883,2,2,1,0.9999966621398926,0.5384615659713745,0.9999966621398926,81.35494232177734
nsl_kdd_v2,xgb_5class_cw,884,3,0,0,0.9999966621398926,0.5384615659713745,0.9999966621398926,81.35494232177734
nsl_kdd_v2,xgb_5class_cw,885,0,0,1,0.9999966621398926,0.8181818127632141,0.9999966621398926,93.52957916259766
nsl_kdd_v2,xgb_5class_cw,886,1,0,0,0.9999963045120239,0.5384615659713745,0.9999963045120239,81.35491943359375
nsl_kdd_v2,xgb_5class_cw,887,3,0,0,0.9999966621398926,0.6666666865348816,0.9999966621398926,87.35785675048828
nsl_kdd_v2,xgb_5class_cw,888,2,2,1,0.9999966621398926,0.6666666865348816,0.9999966621398926,87.35785675048828
nsl_kdd_v2,xgb_5class_cw,889,0,0,1,0.9999966621398926,0.6666666865348816,0.9999966621398926,87.35785675048828
nsl_kdd_v2,xgb_5class_cw,890,2,2,1,0.9999966621398926,0.8181818127632141,0.9999966621398926,93.52957916259766
nsl_kdd_v2,xgb_5class_cw,891,0,0,1,0.9999966621398926,0.6666666865348816,0.9999966621398926,87.35785675048828
nsl_kdd_v2,xgb_5class_cw,892,1,1,1,0.9999966621398926,0.8181818127632141,0.9999884963035583,93.5293197631836
nsl_kdd_v2,xgb_5class_cw,893,3,0,0,0.9999966621398926,0.5384615659713745,0.9999966621398926,81.35494232177734
nsl_kdd_v2,xgb_5class_cw,894,4,4,1,0.9721020460128784,0.5384615659713745,0.9721020460128784,79.83489990234375
nsl_kdd_v2,xgb_5class_cw,895,0,0,1,0.9999966621398926,0.6666666865348816,0.9999966621398926,87.35785675048828
nsl_kdd_v2,xgb_5class_cw,896,0,0,1,0.9999966621398926,0.6666666865348816,0.9999966621398926,87.35785675048828
nsl_kdd_v2,xgb_5class_cw,897,1,1,1,0.9999966621398926,0.6666666865348816,0.9999884963035583,87.35762023925781
nsl_kdd_v2,xgb_5class_cw,898,3,0,0,0.9999966621398926,0.5384615659713745,0.9999966621398926,81.35494232177734
nsl_kdd_v2,xgb_5class_cw,899,0,0,1,0.9999966621398926,0.6666666865348816,0.9999966621398926,87.35785675048828
nsl_kdd_v2,xgb_5class_cw,900,1,1,1,0.9729698300361633,0.5384615659713745,0.9070687890052795,78.03656005859375
nsl_kdd_v2,xgb_5class_cw,901,1,0,0,0.9999966621398926,0.6666666865348816,0.9999966621398926,87.35785675048828
nsl_kdd_v2,xgb_5class_cw,902,2,2,1,0.9999966621398926,0.8181818127632141,0.9999966621398926,93.52957916259766
nsl_kdd_v2,xgb_5class_cw,903,0,0,1,0.9999966621398926,0.4285714328289032,0.9999966621398926,75.39457702636719
nsl_kdd_v2,xgb_5class_cw,904,1,1,1,0.9999966621398926,0.6666666865348816,0.9999884963035583,87.35762023925781
nsl_kdd_v2,xgb_5class_cw,905,2,0,0,0.9999966621398926,0.8181818127632141,0.9999966621398926,93.52957916259766
nsl_kdd_v2,xgb_5class_cw,906,1,1,1,0.9999966621398926,0.6666666865348816,0.9999884963035583,87.35762023925781
nsl_kdd_v2,xgb_5class_cw,907,1,1,1,0.9999966621398926,0.5384615659713745,0.9999884963035583,81.35472106933594
nsl_kdd_v2,xgb_5class_cw,908,2,0,0,0.9999966621398926,0.6666666865348816,0.9999966621398926,87.35785675048828
nsl_kdd_v2,xgb_5class_cw,909,2,2,1,0.9999966621398926,0.6666666865348816,0.9999966621398926,87.35785675048828
nsl_kdd_v2,xgb_5class_cw,910,2,2,1,0.9999966621398926,0.5384615659713745,0.9999966621398926,81.35494232177734
nsl_kdd_v2,xgb_5class_cw,911,4,0,0,0.9999962449073792,0.5384615659713745,0.9999962449073792,81.35491943359375
nsl_kdd_v2,xgb_5class_cw,912,1,1,1,0.9729698300361633,0.5384615659713745,0.9070687890052795,78.03656005859375
nsl_kdd_v2,xgb_5class_cw,913,1,1,1,0.9920601844787598,0.5384615659713745,0.9727025032043457,80.39411163330078
nsl_kdd_v2,xgb_5class_cw,914,0,0,1,0.9999966621398926,0.6666666865348816,0.9999966621398926,87.35785675048828
nsl_kdd_v2,xgb_5class_cw,915,2,2,1,0.9999966621398926,0.8181818127632141,0.9999966621398926,93.52957916259766
nsl_kdd_v2,xgb_5class_cw,916,4,3,0,0.5999974608421326,0.6666666865348816,0.0,0.7368051409721375
nsl_kdd_v2,xgb_5class_cw,917,0,0,1,0.9999966621398926,0.5384615659713745,0.9999966621398926,81.35494232177734
nsl_kdd_v2,xgb_5class_cw,918,0,0,1,0.9999966621398926,0.6666666865348816,0.9999966621398926,87.35785675048828
nsl_kdd_v2,xgb_5class_cw,919,1,1,1,0.9999966621398926,0.6666666865348816,0.9999884963035583,87.35762023925781
nsl_kdd_v2,xgb_5class_cw,920,3,0,0,0.999996542930603,0.5384615659713745,0.999996542930603,81.35493469238281
nsl_kdd_v2,xgb_5class_cw,921,1,1,1,0.9729698300361633,0.5384615659713745,0.9070687890052795,78.03656005859375
nsl_kdd_v2,xgb_5class_cw,922,1,1,1,0.9729698300361633,0.6666666865348816,0.9070687890052795,83.79461669921875
nsl_kdd_v2,xgb_5class_cw,923,3,0,0,0.9999966621398926,0.6666666865348816,0.9999966621398926,87.35785675048828
nsl_kdd_v2,xgb_5class_cw,924,3,3,1,0.9599953889846802,0.5384615659713745,0.899989128112793,77.48548889160156
nsl_kdd_v2,xgb_5class_cw,925,1,2,0,0.5999975800514221,0.8181818127632141,0.5999975800514221,66.534912109375
nsl_kdd_v2,xgb_5class_cw,926,3,0,0,0.9999966621398926,0.6666666865348816,0.9999966621398926,87.35785675048828
nsl_kdd_v2,xgb_5class_cw,927,3,3,1,0.9916622042655945,0.5384615659713745,0.9791556596755981,80.56072998046875
nsl_kdd_v2,xgb_5class_cw,928,1,1,1,0.9999966621398926,0.6666666865348816,0.9999884963035583,87.35762023925781
nsl_kdd_v2,xgb_5class_cw,929,3,0,0,0.9999966621398926,0.5384615659713745,0.9999966621398926,81.35494232177734
nsl_kdd_v2,xgb_5class_cw,930,1,1,1,0.9999966621398926,0.8181818127632141,0.9999884963035583,93.5293197631836
nsl_kdd_v2,xgb_5class_cw,931,0,0,1,0.9999966621398926,0.5384615659713745,0.9999966621398926,81.35494232177734
nsl_kdd_v2,xgb_5class_cw,932,2,2,1,0.9999966621398926,0.6666666865348816,0.9999966621398926,87.35785675048828
nsl_kdd_v2,xgb_5class_cw,933,1,2,0,0.5999975800514221,0.8181818127632141,0.5999975800514221,66.534912109375
nsl_kdd_v2,xgb_5class_cw,934,0,0,1,0.9999966621398926,0.6666666865348816,0.9999966621398926,87.35785675048828
nsl_kdd_v2,xgb_5class_cw,935,2,2,1,0.9999966621398926,0.8181818127632141,0.9999966621398926,93.52957916259766
nsl_kdd_v2,xgb_5class_cw,936,4,0,0,0.9380759000778198,0.6666666865348816,0.9380759000778198,83.71338653564453
nsl_kdd_v2,xgb_5class_cw,937,4,0,0,0.9999960660934448,0.5384615659713745,0.9999960660934448,81.35490417480469
nsl_kdd_v2,xgb_5class_cw,938,3,0,0,0.9999966621398926,0.6666666865348816,0.9999966621398926,87.35785675048828
nsl_kdd_v2,xgb_5class_cw,939,0,0,1,0.9999966621398926,0.5384615659713745,0.9999966621398926,81.35494232177734
nsl_kdd_v2,xgb_5class_cw,940,1,1,1,0.9999966621398926,0.6666666865348816,0.9999884963035583,87.35762023925781
nsl_kdd_v2,xgb_5class_cw,941,2,2,1,0.7199980020523071,0.8181818127632141,0.7199980020523071,75.13416290283203
nsl_kdd_v2,xgb_5class_cw,942,3,0,0,0.9999966621398926,0.5384615659713745,0.9999966621398926,81.35494232177734
nsl_kdd_v2,xgb_5class_cw,943,0,0,1,0.9999966621398926,0.5384615659713745,0.9999966621398926,81.35494232177734
nsl_kdd_v2,xgb_5class_cw,944,1,1,1,0.9999966621398926,0.5384615659713745,0.9999884963035583,81.35472106933594
nsl_kdd_v2,xgb_5class_cw,945,3,0,0,0.9999963045120239,0.5384615659713745,0.9999963045120239,81.35491943359375
nsl_kdd_v2,xgb_5class_cw,946,3,0,0,0.9999966621398926,0.6666666865348816,0.9999966621398926,87.35785675048828
nsl_kdd_v2,xgb_5class_cw,947,1,1,1,0.9999966621398926,0.6666666865348816,0.9999884963035583,87.35762023925781
nsl_kdd_v2,xgb_5class_cw,948,0,0,1,0.9999966621398926,0.6666666865348816,0.9999966621398926,87.35785675048828
nsl_kdd_v2,xgb_5class_cw,949,0,0,1,0.9999966621398926,0.5384615659713745,0.9999966621398926,81.35494232177734
nsl_kdd_v2,xgb_5class_cw,950,3,0,0,0.999996542930603,0.5384615659713745,0.999996542930603,81.35493469238281
nsl_kdd_v2,xgb_5class_cw,951,1,1,1,0.9999966621398926,0.6666666865348816,0.9999884963035583,87.35762023925781
nsl_kdd_v2,xgb_5class_cw,952,2,2,1,0.9999966621398926,0.6666666865348816,0.9999966621398926,87.35785675048828
nsl_kdd_v2,xgb_5class_cw,953,0,0,1,0.9999966621398926,0.6666666865348816,0.9999966621398926,87.35785675048828
nsl_kdd_v2,xgb_5class_cw,954,1,2,0,0.9920601844787598,0.5384615659713745,0.9920601844787598,80.92391967773438
nsl_kdd_v2,xgb_5class_cw,955,3,0,0,0.9430696368217468,0.3333333432674408,0.9430696368217468,66.678955078125
nsl_kdd_v2,xgb_5class_cw,956,1,1,1,0.9999966621398926,0.8181818127632141,0.9999884963035583,93.5293197631836
nsl_kdd_v2,xgb_5class_cw,957,1,1,1,0.5222285389900208,0.6666666865348816,0.0,0.7034875154495239
nsl_kdd_v2,xgb_5class_cw,958,3,0,0,0.9999966621398926,0.8181818127632141,0.9999966621398926,93.52957916259766
nsl_kdd_v2,xgb_5class_cw,959,1,1,1,0.9999966621398926,0.6666666865348816,0.9999884963035583,87.35762023925781
nsl_kdd_v2,xgb_5class_cw,960,0,2,0,0.9999966621398926,0.5384615659713745,0.9999966621398926,81.35494232177734
nsl_kdd_v2,xgb_5class_cw,961,2,2,1,0.9999966621398926,0.6666666865348816,0.9999966621398926,87.35785675048828
nsl_kdd_v2,xgb_5class_cw,962,1,1,1,0.9999966621398926,0.6666666865348816,0.9999884963035583,87.35762023925781
nsl_kdd_v2,xgb_5class_cw,963,1,1,1,0.9999966621398926,0.6666666865348816,0.9999884963035583,87.35762023925781
nsl_kdd_v2,xgb_5class_cw,964,0,0,1,0.9999966621398926,0.6666666865348816,0.9999966621398926,87.35785675048828
nsl_kdd_v2,xgb_5class_cw,965,1,1,1,0.9999966621398926,0.6666666865348816,0.9999884963035583,87.35762023925781
nsl_kdd_v2,xgb_5class_cw,966,3,0,0,0.9999966621398926,0.6666666865348816,0.9999966621398926,87.35785675048828
nsl_kdd_v2,xgb_5class_cw,967,1,1,1,0.9999966621398926,0.5384615659713745,0.9999884963035583,81.35472106933594
nsl_kdd_v2,xgb_5class_cw,968,3,3,1,0.9898015856742859,0.5384615659713745,0.9745041131973267,80.38262176513672
nsl_kdd_v2,xgb_5class_cw,969,4,4,1,0.9874957799911499,0.5384615659713745,0.9874957799911499,80.6755142211914
nsl_kdd_v2,xgb_5class_cw,970,3,0,0,0.9999966621398926,0.5384615659713745,0.9999966621398926,81.35494232177734
nsl_kdd_v2,xgb_5class_cw,971,3,3,1,0.9912325739860535,0.4285714328289032,0.9780815839767456,74.6204605102539
nsl_kdd_v2,xgb_5class_cw,972,3,0,0,0.9999966621398926,0.6666666865348816,0.9999966621398926,87.35785675048828
nsl_kdd_v2,xgb_5class_cw,973,0,0,1,0.9999966621398926,0.5384615659713745,0.9999966621398926,81.35494232177734
nsl_kdd_v2,xgb_5class_cw,974,0,0,1,0.9999966621398926,0.6666666865348816,0.9999966621398926,87.35785675048828
nsl_kdd_v2,xgb_5class_cw,975,2,2,1,0.9999966621398926,0.6666666865348816,0.9999966621398926,87.35785675048828
nsl_kdd_v2,xgb_5class_cw,976,2,2,1,0.9999966621398926,0.6666666865348816,0.9999966621398926,87.35785675048828
nsl_kdd_v2,xgb_5class_cw,977,4,4,1,0.6268340349197388,0.4285714328289032,0.6268340349197388,55.22166061401367
nsl_kdd_v2,xgb_5class_cw,978,2,2,1,0.9999966621398926,0.5384615659713745,0.9999966621398926,81.35494232177734
nsl_kdd_v2,xgb_5class_cw,979,3,0,0,0.9999966621398926,0.8181818127632141,0.9999966621398926,93.52957916259766
nsl_kdd_v2,xgb_5class_cw,980,0,0,1,0.9999966621398926,0.6666666865348816,0.9999966621398926,87.35785675048828
nsl_kdd_v2,xgb_5class_cw,981,0,0,1,0.9999966621398926,0.5384615659713745,0.9999966621398926,81.35494232177734
nsl_kdd_v2,xgb_5class_cw,982,2,0,0,0.9999966621398926,0.5384615659713745,0.9999966621398926,81.35494232177734
nsl_kdd_v2,xgb_5class_cw,983,2,2,1,0.9999966621398926,0.6666666865348816,0.9999966621398926,87.35785675048828
nsl_kdd_v2,xgb_5class_cw,984,0,0,1,0.9999966621398926,0.6666666865348816,0.9999966621398926,87.35785675048828
nsl_kdd_v2,xgb_5class_cw,985,1,1,1,0.9999966621398926,0.5384615659713745,0.9999884963035583,81.35472106933594
nsl_kdd_v2,xgb_5class_cw,986,2,2,1,0.9999966621398926,0.8181818127632141,0.9999966621398926,93.52957916259766
nsl_kdd_v2,xgb_5class_cw,987,3,0,0,0.9999966621398926,0.6666666865348816,0.9999966621398926,87.35785675048828
nsl_kdd_v2,xgb_5class_cw,988,3,0,0,0.9999966621398926,0.6666666865348816,0.9999966621398926,87.35785675048828
nsl_kdd_v2,xgb_5class_cw,989,1,1,1,0.9999966621398926,0.5384615659713745,0.9999884963035583,81.35472106933594
nsl_kdd_v2,xgb_5class_cw,990,3,0,0,0.5567200779914856,0.5384615659713745,0.5567200779914856,55.05661392211914
nsl_kdd_v2,xgb_5class_cw,991,2,0,0,0.85526043176651,0.6666666865348816,0.85526043176651,78.71095275878906
nsl_kdd_v2,xgb_5class_cw,992,3,0,0,0.9999966621398926,0.5384615659713745,0.9999966621398926,81.35494232177734
nsl_kdd_v2,xgb_5class_cw,993,0,0,1,0.9999966621398926,0.5384615659713745,0.9999966621398926,81.35494232177734
nsl_kdd_v2,xgb_5class_cw,994,0,0,1,0.9999966621398926,0.6666666865348816,0.9999966621398926,87.35785675048828
nsl_kdd_v2,xgb_5class_cw,995,1,1,1,0.9999966621398926,0.4285714328289032,0.9999884963035583,75.39437103271484
nsl_kdd_v2,xgb_5class_cw,996,1,1,1,0.9999966621398926,0.5384615659713745,0.9999884963035583,81.35472106933594
nsl_kdd_v2,xgb_5class_cw,997,2,2,1,0.9999966621398926,0.6666666865348816,0.9999966621398926,87.35785675048828
nsl_kdd_v2,xgb_5class_cw,998,4,0,0,0.9999966025352478,0.6666666865348816,0.9999966025352478,87.35784912109375
nsl_kdd_v2,xgb_5class_cw,999,0,0,1,0.9999966621398926,0.6666666865348816,0.9999966621398926,87.35785675048828
nsl_kdd_v2,dnn_5class_cw,0,0,0,1,0.9997984766960144,0.4285714328289032,0.9997984766960144,75.38461303710938
nsl_kdd_v2,dnn_5class_cw,1,4,4,1,0.5317090153694153,0.4285714328289032,0.5317090153694153,49.48311996459961
nsl_kdd_v2,dnn_5class_cw,2,3,0,0,0.9997965693473816,0.6666666865348816,0.9997965693473816,87.34619903564453
nsl_kdd_v2,dnn_5class_cw,3,3,0,0,0.9999337196350098,0.4285714328289032,0.9999337196350098,75.39141082763672
nsl_kdd_v2,dnn_5class_cw,4,0,0,1,0.9997984766960144,0.4285714328289032,0.9997984766960144,75.38461303710938
nsl_kdd_v2,dnn_5class_cw,5,2,0,0,0.7772808074951172,0.8181818127632141,0.7772808074951172,79.06820678710938
nsl_kdd_v2,dnn_5class_cw,6,4,0,0,0.9748087525367737,0.5384615659713745,0.9748087525367737,79.98302459716797
nsl_kdd_v2,dnn_5class_cw,7,3,3,1,0.6273714900016785,0.5384615659713745,0.006840348243713379,13.22064208984375
nsl_kdd_v2,dnn_5class_cw,8,1,1,1,0.9999337196350098,0.6666666865348816,0.9998509287834167,87.35177612304688
nsl_kdd_v2,dnn_5class_cw,9,0,0,1,0.9999337196350098,0.4285714328289032,0.9999337196350098,75.39141082763672
nsl_kdd_v2,dnn_5class_cw,10,2,2,1,0.9810131192207336,0.4285714328289032,0.9807565212249756,74.43086242675781
nsl_kdd_v2,dnn_5class_cw,11,2,2,1,0.9999783039093018,0.5384615659713745,0.9999780058860779,81.35393524169922
nsl_kdd_v2,dnn_5class_cw,12,0,0,1,0.9999337196350098,0.3333333432674408,0.9999337196350098,69.33306121826172
nsl_kdd_v2,dnn_5class_cw,13,1,0,0,0.9997979402542114,0.6666666865348816,0.9997979402542114,87.34628295898438
nsl_kdd_v2,dnn_5class_cw,14,3,0,0,0.9999337196350098,0.4285714328289032,0.9999337196350098,75.39141082763672
nsl_kdd_v2,dnn_5class_cw,15,0,2,0,0.9999783039093018,0.8181818127632141,0.9999780058860779,93.52842712402344
nsl_kdd_v2,dnn_5class_cw,16,0,0,1,0.9999337196350098,0.3333333432674408,0.9999337196350098,69.33306121826172
nsl_kdd_v2,dnn_5class_cw,17,3,0,0,0.9999337196350098,0.3333333432674408,0.9999337196350098,69.33306121826172
nsl_kdd_v2,dnn_5class_cw,18,0,0,1,0.999798595905304,0.3333333432674408,0.999798595905304,69.32682037353516
nsl_kdd_v2,dnn_5class_cw,19,0,0,1,0.9999337196350098,0.5384615659713745,0.9999337196350098,81.35152435302734
nsl_kdd_v2,dnn_5class_cw,20,0,0,1,0.9997981786727905,0.4285714328289032,0.9997981786727905,75.38459777832031
nsl_kdd_v2,dnn_5class_cw,21,3,0,0,0.5260850191116333,0.5384615659713745,0.5260850191116333,53.017860412597656
nsl_kdd_v2,dnn_5class_cw,22,0,0,1,0.9997981786727905,0.5384615659713745,0.9997981786727905,81.34417724609375
nsl_kdd_v2,dnn_5class_cw,23,1,1,1,0.952252209186554,0.5384615659713745,0.8926315903663635,77.06543731689453
nsl_kdd_v2,dnn_5class_cw,24,0,0,1,0.7172957062721252,0.5384615659713745,0.7172957062721252,65.19041442871094
nsl_kdd_v2,dnn_5class_cw,25,2,2,1,0.9999783039093018,0.6666666865348816,0.9999780058860779,87.35677337646484
nsl_kdd_v2,dnn_5class_cw,26,0,2,0,0.5575327277183533,0.5384615659713745,0.5515536069869995,54.9124641418457
nsl_kdd_v2,dnn_5class_cw,27,4,4,1,0.8532688617706299,0.4285714328289032,0.8532688617706299,67.82633209228516
nsl_kdd_v2,dnn_5class_cw,28,3,0,0,0.9998730421066284,0.5384615659713745,0.9998730421066284,81.34823608398438
nsl_kdd_v2,dnn_5class_cw,29,1,1,1,0.9999337196350098,0.4285714328289032,0.9998509287834167,75.38932800292969
nsl_kdd_v2,dnn_5class_cw,30,1,1,1,0.9533457159996033,0.5384615659713745,0.8950905203819275,77.1656494140625
nsl_kdd_v2,dnn_5class_cw,31,4,4,1,0.7759571075439453,0.5384615659713745,0.7759571075439453,68.69789123535156
nsl_kdd_v2,dnn_5class_cw,32,2,0,0,0.6753925681114197,0.6666666865348816,0.6753925681114197,67.24713134765625
nsl_kdd_v2,dnn_5class_cw,33,2,2,1,0.9999783039093018,0.8181818127632141,0.9999780058860779,93.52842712402344
nsl_kdd_v2,dnn_5class_cw,34,1,1,1,0.9999337196350098,0.4285714328289032,0.9998509287834167,75.38932800292969
nsl_kdd_v2,dnn_5class_cw,35,3,0,0,0.9998859167098999,0.3333333432674408,0.9998859167098999,69.33085632324219
nsl_kdd_v2,dnn_5class_cw,36,1,1,1,0.9999337196350098,0.3333333432674408,0.9998509287834167,69.3311538696289
nsl_kdd_v2,dnn_5class_cw,37,1,1,1,0.9999337196350098,0.5384615659713745,0.9998509287834167,81.34927368164062
nsl_kdd_v2,dnn_5class_cw,38,1,1,1,0.9864201545715332,0.5384615659713745,0.969463586807251,80.15230560302734
nsl_kdd_v2,dnn_5class_cw,39,2,2,1,0.9999783039093018,0.5384615659713745,0.9999780058860779,81.35393524169922
nsl_kdd_v2,dnn_5class_cw,40,0,0,1,0.9997984766960144,0.4285714328289032,0.9997984766960144,75.38461303710938
nsl_kdd_v2,dnn_5class_cw,41,3,0,0,0.9999337196350098,0.5384615659713745,0.9999337196350098,81.35152435302734
nsl_kdd_v2,dnn_5class_cw,42,1,1,1,0.9999337196350098,0.5384615659713745,0.9998509287834167,81.34927368164062
nsl_kdd_v2,dnn_5class_cw,43,2,0,0,0.9940295219421387,0.6666666865348816,0.9940295219421387,87.0099868774414
nsl_kdd_v2,dnn_5class_cw,44,2,2,1,0.6548131704330444,0.6666666865348816,0.6501486301422119,65.71727752685547
nsl_kdd_v2,dnn_5class_cw,45,3,0,0,0.9997984766960144,0.5384615659713745,0.9997984766960144,81.34419250488281
nsl_kdd_v2,dnn_5class_cw,46,1,1,1,0.9999337196350098,0.4285714328289032,0.9998509287834167,75.38932800292969
nsl_kdd_v2,dnn_5class_cw,47,1,1,1,0.9999337196350098,0.5384615659713745,0.9998509287834167,81.34927368164062
nsl_kdd_v2,dnn_5class_cw,48,0,0,1,0.999798595905304,0.25,0.999798595905304,62.98759460449219
nsl_kdd_v2,dnn_5class_cw,49,3,0,0,0.972818911075592,0.5384615659713745,0.972818911075592,79.8741455078125
nsl_kdd_v2,dnn_5class_cw,50,2,2,1,0.9999783039093018,0.6666666865348816,0.9999780058860779,87.35677337646484
nsl_kdd_v2,dnn_5class_cw,51,2,2,1,0.6684557199478149,0.6666666865348816,0.6639754772186279,66.63634490966797
nsl_kdd_v2,dnn_5class_cw,52,3,0,0,0.9997984766960144,0.4285714328289032,0.9997984766960144,75.38461303710938
nsl_kdd_v2,dnn_5class_cw,53,1,1,1,0.9999337196350098,0.3333333432674408,0.9998509287834167,69.3311538696289
nsl_kdd_v2,dnn_5class_cw,54,2,2,1,0.9999783039093018,0.4285714328289032,0.9999780058860779,75.39364624023438
nsl_kdd_v2,dnn_5class_cw,55,3,0,0,0.9999337196350098,0.4285714328289032,0.9999337196350098,75.39141082763672
nsl_kdd_v2,dnn_5class_cw,56,1,1,1,0.9999337196350098,0.4285714328289032,0.9998509287834167,75.38932800292969
nsl_kdd_v2,dnn_5class_cw,57,0,0,1,0.999798595905304,0.4285714328289032,0.999798595905304,75.3846206665039
nsl_kdd_v2,dnn_5class_cw,58,2,2,1,0.8904499411582947,0.6666666865348816,0.8889695405960083,80.81060791015625
nsl_kdd_v2,dnn_5class_cw,59,3,3,1,0.627373456954956,0.5384615659713745,0.006845593452453613,13.224034309387207
nsl_kdd_v2,dnn_5class_cw,60,0,0,1,0.9999337196350098,0.5384615659713745,0.9999337196350098,81.35152435302734
nsl_kdd_v2,dnn_5class_cw,61,3,0,0,0.9922774434089661,0.6666666865348816,0.9922774434089661,86.90771484375
nsl_kdd_v2,dnn_5class_cw,62,0,0,1,0.9999337196350098,0.25,0.9999337196350098,62.99327087402344
nsl_kdd_v2,dnn_5class_cw,63,0,0,1,0.9999337196350098,0.4285714328289032,0.9999337196350098,75.39141082763672
nsl_kdd_v2,dnn_5class_cw,64,2,1,0,0.9978210926055908,0.5384615659713745,0.9951003789901733,81.16300201416016
nsl_kdd_v2,dnn_5class_cw,65,0,0,1,0.9999337196350098,0.5384615659713745,0.9999337196350098,81.35152435302734
nsl_kdd_v2,dnn_5class_cw,66,0,0,1,0.999798595905304,0.4285714328289032,0.999798595905304,75.3846206665039
nsl_kdd_v2,dnn_5class_cw,67,1,1,1,0.9999337196350098,0.6666666865348816,0.9998509287834167,87.35177612304688
nsl_kdd_v2,dnn_5class_cw,68,0,0,1,0.9997984766960144,0.5384615659713745,0.9997984766960144,81.34419250488281
nsl_kdd_v2,dnn_5class_cw,69,0,0,1,0.9998154044151306,0.4285714328289032,0.9998154044151306,75.38545989990234
nsl_kdd_v2,dnn_5class_cw,70,0,0,1,0.9999337196350098,0.5384615659713745,0.9999337196350098,81.35152435302734
nsl_kdd_v2,dnn_5class_cw,71,2,2,1,0.9999783039093018,0.4285714328289032,0.9999780058860779,75.39364624023438
nsl_kdd_v2,dnn_5class_cw,72,0,0,1,0.9997984766960144,0.25,0.9997984766960144,62.98759078979492
nsl_kdd_v2,dnn_5class_cw,73,1,1,1,0.9999337196350098,0.4285714328289032,0.9998509287834167,75.38932800292969
nsl_kdd_v2,dnn_5class_cw,74,3,3,1,0.5127683281898499,0.4285714328289032,0.0,0.6034594178199768
nsl_kdd_v2,dnn_5class_cw,75,4,0,0,0.8675099611282349,0.6666666865348816,0.8675099611282349,79.46073150634766
nsl_kdd_v2,dnn_5class_cw,76,3,0,0,0.9999337196350098,0.5384615659713745,0.9999337196350098,81.35152435302734
nsl_kdd_v2,dnn_5class_cw,77,2,0,0,0.9997966289520264,0.4285714328289032,0.9997966289520264,75.384521484375
nsl_kdd_v2,dnn_5class_cw,78,0,0,1,0.9999337196350098,0.5384615659713745,0.9999337196350098,81.35152435302734
nsl_kdd_v2,dnn_5class_cw,79,0,0,1,0.9997984766960144,0.4285714328289032,0.9997984766960144,75.38461303710938
nsl_kdd_v2,dnn_5class_cw,80,1,1,1,0.9999337196350098,0.3333333432674408,0.9998509287834167,69.3311538696289
nsl_kdd_v2,dnn_5class_cw,81,2,2,1,0.9999783039093018,0.5384615659713745,0.9999780058860779,81.35393524169922
nsl_kdd_v2,dnn_5class_cw,82,1,1,1,0.9999337196350098,0.6666666865348816,0.9998509287834167,87.35177612304688
nsl_kdd_v2,dnn_5class_cw,83,4,0,0,0.6821992993354797,0.3333333432674408,0.6821992993354797,53.73208999633789
nsl_kdd_v2,dnn_5class_cw,84,0,2,0,0.9536963105201721,0.4285714328289032,0.9530705809593201,73.03305053710938
nsl_kdd_v2,dnn_5class_cw,85,1,1,1,0.9999337196350098,0.5384615659713745,0.9998509287834167,81.34927368164062
nsl_kdd_v2,dnn_5class_cw,86,0,0,1,0.9997984766960144,0.3333333432674408,0.9997984766960144,69.32681274414062
nsl_kdd_v2,dnn_5class_cw,87,1,0,0,0.9670886397361755,0.5384615659713745,0.9670886397361755,79.5601806640625
nsl_kdd_v2,dnn_5class_cw,88,0,0,1,0.999798595905304,0.5384615659713745,0.999798595905304,81.34420013427734
nsl_kdd_v2,dnn_5class_cw,89,1,1,1,0.9999337196350098,0.4285714328289032,0.9998509287834167,75.38932800292969
nsl_kdd_v2,dnn_5class_cw,90,0,2,0,0.9931526184082031,0.4285714328289032,0.9930601119995117,75.0478515625
nsl_kdd_v2,dnn_5class_cw,91,1,1,1,0.9999337196350098,0.5384615659713745,0.9998509287834167,81.34927368164062
nsl_kdd_v2,dnn_5class_cw,92,0,0,1,0.9999337196350098,0.5384615659713745,0.9999337196350098,81.35152435302734
nsl_kdd_v2,dnn_5class_cw,93,1,1,1,0.9999337196350098,0.5384615659713745,0.9998509287834167,81.34927368164062
nsl_kdd_v2,dnn_5class_cw,94,4,0,0,0.6068834066390991,0.5384615659713745,0.6068834066390991,58.31609344482422
nsl_kdd_v2,dnn_5class_cw,95,4,0,0,0.9637147188186646,0.5384615659713745,0.9637147188186646,79.37503051757812
nsl_kdd_v2,dnn_5class_cw,96,1,1,1,0.9999337196350098,0.5384615659713745,0.9998509287834167,81.34927368164062
nsl_kdd_v2,dnn_5class_cw,97,0,0,1,0.9999337196350098,0.4285714328289032,0.9999337196350098,75.39141082763672
nsl_kdd_v2,dnn_5class_cw,98,0,0,1,0.9999337196350098,0.4285714328289032,0.9999337196350098,75.39141082763672
nsl_kdd_v2,dnn_5class_cw,99,1,1,1,0.9999337196350098,0.4285714328289032,0.9998509287834167,75.38932800292969
nsl_kdd_v2,dnn_5class_cw,100,3,0,0,0.5357110500335693,0.5384615659713745,0.5357110500335693,53.662635803222656
nsl_kdd_v2,dnn_5class_cw,101,2,1,0,0.9864201545715332,0.8181818127632141,0.969463586807251,92.14697265625
nsl_kdd_v2,dnn_5class_cw,102,2,0,0,0.8607290387153625,0.5384615659713745,0.8607290387153625,73.6143569946289
nsl_kdd_v2,dnn_5class_cw,103,3,0,0,0.6756946444511414,0.5384615659713745,0.6756946444511414,62.64482879638672
nsl_kdd_v2,dnn_5class_cw,104,0,0,1,0.999798595905304,0.5384615659713745,0.999798595905304,81.34420013427734
nsl_kdd_v2,dnn_5class_cw,105,3,0,0,0.9316152930259705,0.6666666865348816,0.9316152930259705,83.32858276367188
nsl_kdd_v2,dnn_5class_cw,106,1,1,1,0.9999337196350098,0.4285714328289032,0.9998509287834167,75.38932800292969
nsl_kdd_v2,dnn_5class_cw,107,2,0,0,0.9102309942245483,0.6666666865348816,0.9102309942245483,82.04850769042969
nsl_kdd_v2,dnn_5class_cw,108,2,0,0,0.7796269655227661,0.6666666865348816,0.7796269655227661,73.99928283691406
nsl_kdd_v2,dnn_5class_cw,109,4,0,0,0.9997979998588562,0.6666666865348816,0.9997979998588562,87.34628295898438
nsl_kdd_v2,dnn_5class_cw,110,4,3,0,0.985135555267334,0.6666666865348816,0.9603821039199829,85.7596435546875
nsl_kdd_v2,dnn_5class_cw,111,0,0,1,0.9997984766960144,0.3333333432674408,0.9997984766960144,69.32681274414062
nsl_kdd_v2,dnn_5class_cw,112,3,0,0,0.9999337196350098,0.3333333432674408,0.9999337196350098,69.33306121826172
nsl_kdd_v2,dnn_5class_cw,113,0,0,1,0.999798595905304,0.4285714328289032,0.999798595905304,75.3846206665039
nsl_kdd_v2,dnn_5class_cw,114,2,0,0,0.9997960925102234,0.5384615659713745,0.9997960925102234,81.34406280517578
nsl_kdd_v2,dnn_5class_cw,115,0,0,1,0.7772817611694336,0.5384615659713745,0.7772817611694336,68.77604675292969
nsl_kdd_v2,dnn_5class_cw,116,2,0,0,0.7772811055183411,0.6666666865348816,0.7772811055183411,73.85076141357422
nsl_kdd_v2,dnn_5class_cw,117,3,0,0,0.5756707191467285,0.6666666865348816,0.5756707191467285,60.45315933227539
nsl_kdd_v2,dnn_5class_cw,118,3,0,0,0.9922793507575989,0.5384615659713745,0.9922793507575989,80.93584442138672
nsl_kdd_v2,dnn_5class_cw,119,2,2,1,0.8904499411582947,0.8181818127632141,0.8889695405960083,86.519775390625
nsl_kdd_v2,dnn_5class_cw,120,1,1,1,0.9999337196350098,0.4285714328289032,0.9998509287834167,75.38932800292969
nsl_kdd_v2,dnn_5class_cw,121,3,0,0,0.9997984170913696,0.6666666865348816,0.9997984170913696,87.34630584716797
nsl_kdd_v2,dnn_5class_cw,122,3,0,0,0.9940273761749268,0.5384615659713745,0.9940273761749268,81.0308609008789
nsl_kdd_v2,dnn_5class_cw,123,1,1,1,0.9999337196350098,0.5384615659713745,0.9998509287834167,81.34927368164062
nsl_kdd_v2,dnn_5class_cw,124,2,0,0,0.6427487730979919,0.5384615659713745,0.6427487730979919,60.59159469604492
nsl_kdd_v2,dnn_5class_cw,125,1,1,1,0.9999337196350098,0.4285714328289032,0.9998509287834167,75.38932800292969
nsl_kdd_v2,dnn_5class_cw,126,1,1,1,0.9999337196350098,0.3333333432674408,0.9998509287834167,69.3311538696289
nsl_kdd_v2,dnn_5class_cw,127,0,0,1,0.9999337196350098,0.6666666865348816,0.9999337196350098,87.35418701171875
nsl_kdd_v2,dnn_5class_cw,128,0,0,1,0.9999337196350098,0.4285714328289032,0.9999337196350098,75.39141082763672
nsl_kdd_v2,dnn_5class_cw,129,1,1,1,0.8873243927955627,0.6666666865348816,0.7466312050819397,76.15512084960938
nsl_kdd_v2,dnn_5class_cw,130,0,0,1,0.9999337196350098,0.4285714328289032,0.9999337196350098,75.39141082763672
nsl_kdd_v2,dnn_5class_cw,131,1,1,1,0.9999337196350098,0.4285714328289032,0.9998509287834167,75.38932800292969
nsl_kdd_v2,dnn_5class_cw,132,1,1,1,0.9999337196350098,0.4285714328289032,0.9998509287834167,75.38932800292969
nsl_kdd_v2,dnn_5class_cw,133,1,1,1,0.9999337196350098,0.4285714328289032,0.9998509287834167,75.38932800292969
nsl_kdd_v2,dnn_5class_cw,134,2,2,1,0.9999783039093018,0.5384615659713745,0.9999780058860779,81.35393524169922
nsl_kdd_v2,dnn_5class_cw,135,0,0,1,0.9997984766960144,0.4285714328289032,0.9997984766960144,75.38461303710938
nsl_kdd_v2,dnn_5class_cw,136,4,3,0,0.731959342956543,0.5384615659713745,0.2855963706970215,48.28343200683594
nsl_kdd_v2,dnn_5class_cw,137,4,3,0,0.7319594621658325,0.5384615659713745,0.28559666872024536,48.283447265625
nsl_kdd_v2,dnn_5class_cw,138,3,0,0,0.526383101940155,0.5384615659713745,0.526383101940155,53.037879943847656
nsl_kdd_v2,dnn_5class_cw,139,3,0,0,0.9999337196350098,0.5384615659713745,0.9999337196350098,81.35152435302734
nsl_kdd_v2,dnn_5class_cw,140,2,2,1,0.9999783039093018,0.6666666865348816,0.9999780058860779,87.35677337646484
nsl_kdd_v2,dnn_5class_cw,141,2,2,1,0.9536963105201721,0.5384615659713745,0.9530705809593201,78.80672454833984
nsl_kdd_v2,dnn_5class_cw,142,3,0,0,0.9999337196350098,0.5384615659713745,0.9999337196350098,81.35152435302734
nsl_kdd_v2,dnn_5class_cw,143,1,1,1,0.9999337196350098,0.5384615659713745,0.9998509287834167,81.34927368164062
nsl_kdd_v2,dnn_5class_cw,144,2,2,1,0.8224706649780273,0.6666666865348816,0.8200716972351074,76.6114501953125
nsl_kdd_v2,dnn_5class_cw,145,2,0,0,0.9825053811073303,0.5384615659713745,0.9825053811073303,80.40348052978516
nsl_kdd_v2,dnn_5class_cw,146,0,0,1,0.9999337196350098,0.3333333432674408,0.9999337196350098,69.33306121826172
nsl_kdd_v2,dnn_5class_cw,147,1,1,1,0.9999337196350098,0.5384615659713745,0.9998509287834167,81.34927368164062
nsl_kdd_v2,dnn_5class_cw,148,0,0,1,0.9997984766960144,0.4285714328289032,0.9997984766960144,75.38461303710938
nsl_kdd_v2,dnn_5class_cw,149,2,2,1,0.9999783039093018,0.6666666865348816,0.9999780058860779,87.35677337646484
nsl_kdd_v2,dnn_5class_cw,150,3,0,0,0.5264031291007996,0.3333333432674408,0.5264031291007996,45.2034797668457
nsl_kdd_v2,dnn_5class_cw,151,2,2,1,0.6183112263679504,0.6666666865348816,0.6131533980369568,63.225894927978516
nsl_kdd_v2,dnn_5class_cw,152,2,2,1,0.9549776911735535,0.4285714328289032,0.954369306564331,73.09892272949219
nsl_kdd_v2,dnn_5class_cw,153,0,0,1,0.9999337196350098,0.3333333432674408,0.9999337196350098,69.33306121826172
nsl_kdd_v2,dnn_5class_cw,154,0,0,1,0.9940294027328491,0.5384615659713745,0.9940294027328491,81.03096771240234
nsl_kdd_v2,dnn_5class_cw,155,1,0,0,0.9999337196350098,0.3333333432674408,0.9999337196350098,69.33306121826172
nsl_kdd_v2,dnn_5class_cw,156,2,0,0,0.9997984766960144,0.4285714328289032,0.9997984766960144,75.38461303710938
nsl_kdd_v2,dnn_5class_cw,157,0,0,1,0.9997984766960144,0.4285714328289032,0.9997984766960144,75.38461303710938
nsl_kdd_v2,dnn_5class_cw,158,1,0,0,0.9940294027328491,0.6666666865348816,0.9940294027328491,87.00997924804688
nsl_kdd_v2,dnn_5class_cw,159,4,0,0,0.8062423467636108,0.8181818127632141,0.8062423467636108,81.020263671875
nsl_kdd_v2,dnn_5class_cw,160,1,1,1,0.9999337196350098,0.4285714328289032,0.9998509287834167,75.38932800292969
nsl_kdd_v2,dnn_5class_cw,161,2,2,1,0.9865758419036865,0.5384615659713745,0.986394464969635,80.6204605102539
nsl_kdd_v2,dnn_5class_cw,162,0,0,1,0.9999337196350098,0.5384615659713745,0.9999337196350098,81.35152435302734
nsl_kdd_v2,dnn_5class_cw,163,1,1,1,0.9999337196350098,0.5384615659713745,0.9998509287834167,81.34927368164062
nsl_kdd_v2,dnn_5class_cw,164,2,2,1,0.986645519733429,0.4285714328289032,0.9864650368690491,74.71744537353516
nsl_kdd_v2,dnn_5class_cw,165,1,1,1,0.9999337196350098,0.4285714328289032,0.9998509287834167,75.38932800292969
nsl_kdd_v2,dnn_5class_cw,166,2,0,0,0.7119296193122864,0.6666666865348816,0.7119296193122864,69.65104675292969
nsl_kdd_v2,dnn_5class_cw,167,3,0,0,0.9997984170913696,0.4285714328289032,0.9997984170913696,75.38461303710938
nsl_kdd_v2,dnn_5class_cw,168,0,0,1,0.9997984766960144,0.3333333432674408,0.9997984766960144,69.32681274414062
nsl_kdd_v2,dnn_5class_cw,169,0,0,1,0.9997984766960144,0.4285714328289032,0.9997984766960144,75.38461303710938
nsl_kdd_v2,dnn_5class_cw,170,1,1,1,0.9999337196350098,0.4285714328289032,0.9998509287834167,75.38932800292969
nsl_kdd_v2,dnn_5class_cw,171,2,2,1,0.9999783039093018,0.6666666865348816,0.9999780058860779,87.35677337646484
nsl_kdd_v2,dnn_5class_cw,172,2,1,0,0.9999337196350098,0.6666666865348816,0.9998509287834167,87.35177612304688
nsl_kdd_v2,dnn_5class_cw,173,0,0,1,0.999798595905304,0.3333333432674408,0.999798595905304,69.32682037353516
nsl_kdd_v2,dnn_5class_cw,174,1,1,1,0.9999337196350098,0.4285714328289032,0.9998509287834167,75.38932800292969
nsl_kdd_v2,dnn_5class_cw,175,2,1,0,0.9999337196350098,0.5384615659713745,0.9998509287834167,81.34927368164062
nsl_kdd_v2,dnn_5class_cw,176,1,1,1,0.9999337196350098,0.5384615659713745,0.9998509287834167,81.34927368164062
nsl_kdd_v2,dnn_5class_cw,177,3,0,0,0.9877936244010925,0.6666666865348816,0.9877936244010925,86.64571380615234
nsl_kdd_v2,dnn_5class_cw,178,0,0,1,0.9999337196350098,0.3333333432674408,0.9999337196350098,69.33306121826172
nsl_kdd_v2,dnn_5class_cw,179,4,4,1,0.8017416596412659,0.4285714328289032,0.8017416596412659,65.06748962402344
nsl_kdd_v2,dnn_5class_cw,180,0,0,1,0.999798595905304,0.3333333432674408,0.999798595905304,69.32682037353516
nsl_kdd_v2,dnn_5class_cw,181,3,0,0,0.9876541495323181,0.5384615659713745,0.9876541495323181,80.68413543701172
nsl_kdd_v2,dnn_5class_cw,182,1,1,1,0.9999337196350098,0.3333333432674408,0.9998509287834167,69.3311538696289
nsl_kdd_v2,dnn_5class_cw,183,1,1,1,0.9999337196350098,0.4285714328289032,0.9998509287834167,75.38932800292969
nsl_kdd_v2,dnn_5class_cw,184,4,0,0,0.9997977614402771,0.5384615659713745,0.9997977614402771,81.34415435791016
nsl_kdd_v2,dnn_5class_cw,185,1,1,1,0.9999337196350098,0.6666666865348816,0.9998509287834167,87.35177612304688
nsl_kdd_v2,dnn_5class_cw,186,0,0,1,0.9860614538192749,0.5384615659713745,0.9860614538192749,80.59737396240234
nsl_kdd_v2,dnn_5class_cw,187,0,0,1,0.9999337196350098,0.4285714328289032,0.9999337196350098,75.39141082763672
nsl_kdd_v2,dnn_5class_cw,188,3,3,1,0.6273737549781799,0.5384615659713745,0.006846368312835693,13.22453498840332
nsl_kdd_v2,dnn_5class_cw,189,1,1,1,0.9999337196350098,0.4285714328289032,0.9998509287834167,75.38932800292969
nsl_kdd_v2,dnn_5class_cw,190,0,0,1,0.999798595905304,0.5384615659713745,0.999798595905304,81.34420013427734
nsl_kdd_v2,dnn_5class_cw,191,4,0,0,0.9997978806495667,0.6666666865348816,0.9997978806495667,87.34627532958984
nsl_kdd_v2,dnn_5class_cw,192,1,1,1,0.9999337196350098,0.5384615659713745,0.9998509287834167,81.34927368164062
nsl_kdd_v2,dnn_5class_cw,193,3,0,0,0.9998130798339844,0.3333333432674408,0.9998130798339844,69.32748413085938
nsl_kdd_v2,dnn_5class_cw,194,3,0,0,0.9999337196350098,0.3333333432674408,0.9999337196350098,69.33306121826172
nsl_kdd_v2,dnn_5class_cw,195,0,0,1,0.9999337196350098,0.5384615659713745,0.9999337196350098,81.35152435302734
nsl_kdd_v2,dnn_5class_cw,196,2,1,0,0.9978210926055908,0.6666666865348816,0.9951003789901733,87.15174865722656
nsl_kdd_v2,dnn_5class_cw,197,4,0,0,0.9997979998588562,0.6666666865348816,0.9997979998588562,87.34628295898438
nsl_kdd_v2,dnn_5class_cw,198,3,0,0,0.999798595905304,0.5384615659713745,0.999798595905304,81.34420013427734
nsl_kdd_v2,dnn_5class_cw,199,4,0,0,0.6574853658676147,0.6666666865348816,0.6574853658676147,66.05316162109375
nsl_kdd_v2,dnn_5class_cw,200,1,1,1,0.9999337196350098,0.5384615659713745,0.9998509287834167,81.34927368164062
nsl_kdd_v2,dnn_5class_cw,201,1,1,1,0.9999337196350098,0.5384615659713745,0.9998509287834167,81.34927368164062
nsl_kdd_v2,dnn_5class_cw,202,2,2,1,0.8754562139511108,0.6666666865348816,0.8737732172012329,79.89396667480469
nsl_kdd_v2,dnn_5class_cw,203,4,0,0,0.9997977614402771,0.5384615659713745,0.9997977614402771,81.34415435791016
nsl_kdd_v2,dnn_5class_cw,204,0,0,1,0.9999337196350098,0.4285714328289032,0.9999337196350098,75.39141082763672
nsl_kdd_v2,dnn_5class_cw,205,4,0,0,0.839755654335022,0.6666666865348816,0.839755654335022,77.75676727294922
nsl_kdd_v2,dnn_5class_cw,206,2,1,0,0.9978210926055908,0.5384615659713745,0.9951003789901733,81.16300201416016
nsl_kdd_v2,dnn_5class_cw,207,0,0,1,0.9997984766960144,0.4285714328289032,0.9997984766960144,75.38461303710938
nsl_kdd_v2,dnn_5class_cw,208,2,2,1,0.6183111667633057,0.8181818127632141,0.613153338432312,67.6927261352539
nsl_kdd_v2,dnn_5class_cw,209,2,2,1,0.9999783039093018,0.5384615659713745,0.9999780058860779,81.35393524169922
nsl_kdd_v2,dnn_5class_cw,210,3,0,0,0.9997984766960144,0.3333333432674408,0.9997984766960144,69.32681274414062
nsl_kdd_v2,dnn_5class_cw,211,1,0,0,0.999798595905304,0.4285714328289032,0.999798595905304,75.3846206665039
nsl_kdd_v2,dnn_5class_cw,212,1,1,1,0.9999337196350098,0.6666666865348816,0.9998509287834167,87.35177612304688
nsl_kdd_v2,dnn_5class_cw,213,2,0,0,0.9997915625572205,0.5384615659713745,0.9997915625572205,81.34381866455078
nsl_kdd_v2,dnn_5class_cw,214,0,0,1,0.9999337196350098,0.4285714328289032,0.9999337196350098,75.39141082763672
nsl_kdd_v2,dnn_5class_cw,215,3,0,0,0.9997982978820801,0.4285714328289032,0.9997982978820801,75.38460540771484
nsl_kdd_v2,dnn_5class_cw,216,3,0,0,0.9997984170913696,0.5384615659713745,0.9997984170913696,81.34418487548828
nsl_kdd_v2,dnn_5class_cw,217,3,0,0,0.9999337196350098,0.4285714328289032,0.9999337196350098,75.39141082763672
nsl_kdd_v2,dnn_5class_cw,218,3,0,0,0.6730689406394958,0.6666666865348816,0.6730689406394958,67.09280395507812
nsl_kdd_v2,dnn_5class_cw,219,1,1,1,0.9999337196350098,0.25,0.9998509287834167,62.99153137207031
nsl_kdd_v2,dnn_5class_cw,220,2,1,0,0.952252209186554,0.6666666865348816,0.8926315903663635,82.75183868408203
nsl_kdd_v2,dnn_5class_cw,221,1,1,1,0.9999337196350098,0.4285714328289032,0.9998509287834167,75.38932800292969
nsl_kdd_v2,dnn_5class_cw,222,1,0,0,0.6095279455184937,0.4285714328289032,0.6095279455184937,54.200523376464844
nsl_kdd_v2,dnn_5class_cw,223,1,1,1,0.9999337196350098,0.4285714328289032,0.9998509287834167,75.38932800292969
nsl_kdd_v2,dnn_5class_cw,224,1,0,0,0.8777128458023071,0.4285714328289032,0.8777128458023071,69.11559295654297
nsl_kdd_v2,dnn_5class_cw,225,2,1,0,0.9999337196350098,0.8181818127632141,0.9998509287834167,93.5230712890625
nsl_kdd_v2,dnn_5class_cw,226,2,0,0,0.9940295219421387,0.6666666865348816,0.9940295219421387,87.0099868774414
nsl_kdd_v2,dnn_5class_cw,227,1,1,1,0.9999337196350098,0.6666666865348816,0.9998509287834167,87.35177612304688
nsl_kdd_v2,dnn_5class_cw,228,3,0,0,0.6749218106269836,0.6666666865348816,0.6749218106269836,67.21588134765625
nsl_kdd_v2,dnn_5class_cw,229,0,0,1,0.9997984766960144,0.4285714328289032,0.9997984766960144,75.38461303710938
nsl_kdd_v2,dnn_5class_cw,230,2,2,1,0.9536963105201721,0.6666666865348816,0.9530705809593201,84.62161254882812
nsl_kdd_v2,dnn_5class_cw,231,1,1,1,0.9978210926055908,0.5384615659713745,0.9951003789901733,81.16300201416016
nsl_kdd_v2,dnn_5class_cw,232,2,2,1,0.9978950023651123,0.5384615659713745,0.9978665709495544,81.24014282226562
nsl_kdd_v2,dnn_5class_cw,233,3,0,0,0.9141070246696472,0.6666666865348816,0.9141070246696472,82.28126525878906
nsl_kdd_v2,dnn_5class_cw,234,0,0,1,0.9999337196350098,0.3333333432674408,0.9999337196350098,69.33306121826172
nsl_kdd_v2,dnn_5class_cw,235,3,0,0,0.6723727583885193,0.5384615659713745,0.6723727583885193,62.43933868408203
nsl_kdd_v2,dnn_5class_cw,236,1,1,1,0.9999337196350098,0.5384615659713745,0.9998509287834167,81.34927368164062
nsl_kdd_v2,dnn_5class_cw,237,0,0,1,0.999798595905304,0.3333333432674408,0.999798595905304,69.32682037353516
nsl_kdd_v2,dnn_5class_cw,238,2,2,1,0.9810131192207336,0.4285714328289032,0.9807565212249756,74.43086242675781
nsl_kdd_v2,dnn_5class_cw,239,3,0,0,0.8146564364433289,0.6666666865348816,0.8146564364433289,76.19957733154297
nsl_kdd_v2,dnn_5class_cw,240,1,1,1,0.9999337196350098,0.5384615659713745,0.9998509287834167,81.34927368164062
nsl_kdd_v2,dnn_5class_cw,241,1,1,1,0.9999337196350098,0.5384615659713745,0.9998509287834167,81.34927368164062
nsl_kdd_v2,dnn_5class_cw,242,4,0,0,0.8062539100646973,0.6666666865348816,0.8062539100646973,75.67472076416016
nsl_kdd_v2,dnn_5class_cw,243,3,0,0,0.777269721031189,0.5384615659713745,0.777269721031189,68.77533721923828
nsl_kdd_v2,dnn_5class_cw,244,1,1,1,0.9999337196350098,0.3333333432674408,0.9998509287834167,69.3311538696289
nsl_kdd_v2,dnn_5class_cw,245,0,0,1,0.999798595905304,0.6666666865348816,0.999798595905304,87.3463134765625
nsl_kdd_v2,dnn_5class_cw,246,1,0,0,0.9997983574867249,0.5384615659713745,0.9997983574867249,81.34418487548828
nsl_kdd_v2,dnn_5class_cw,247,1,1,1,0.9999337196350098,0.3333333432674408,0.9998509287834167,69.3311538696289
nsl_kdd_v2,dnn_5class_cw,248,3,0,0,0.9999337196350098,0.4285714328289032,0.9999337196350098,75.39141082763672
nsl_kdd_v2,dnn_5class_cw,249,3,0,0,0.9997984170913696,0.3333333432674408,0.9997984170913696,69.3268051147461
nsl_kdd_v2,dnn_5class_cw,250,3,0,0,0.6448454856872559,0.3333333432674408,0.6448454856872559,51.75234603881836
nsl_kdd_v2,dnn_5class_cw,251,0,0,1,0.9997984766960144,0.3333333432674408,0.9997984766960144,69.32681274414062
nsl_kdd_v2,dnn_5class_cw,252,3,0,0,0.9999337196350098,0.5384615659713745,0.9999337196350098,81.35152435302734
nsl_kdd_v2,dnn_5class_cw,253,1,0,0,0.999793291091919,0.5384615659713745,0.999793291091919,81.34391021728516
nsl_kdd_v2,dnn_5class_cw,254,3,0,0,0.9876543283462524,0.4285714328289032,0.9876543283462524,74.7729263305664
nsl_kdd_v2,dnn_5class_cw,255,1,0,0,0.9997984170913696,0.5384615659713745,0.9997984170913696,81.34418487548828
nsl_kdd_v2,dnn_5class_cw,256,2,2,1,0.9999783039093018,0.5384615659713745,0.9999780058860779,81.35393524169922
nsl_kdd_v2,dnn_5class_cw,257,1,0,0,0.9997979998588562,0.5384615659713745,0.9997979998588562,81.34416961669922
nsl_kdd_v2,dnn_5class_cw,258,2,2,1,0.9999783039093018,0.6666666865348816,0.9999780058860779,87.35677337646484
nsl_kdd_v2,dnn_5class_cw,259,0,0,1,0.9999337196350098,0.4285714328289032,0.9999337196350098,75.39141082763672
nsl_kdd_v2,dnn_5class_cw,260,1,1,1,0.9999337196350098,0.5384615659713745,0.9998509287834167,81.34927368164062
nsl_kdd_v2,dnn_5class_cw,261,4,0,0,0.906112790107727,0.4285714328289032,0.906112790107727,70.59857177734375
nsl_kdd_v2,dnn_5class_cw,262,3,0,0,0.6483488082885742,0.3333333432674408,0.6483488082885742,51.939613342285156
nsl_kdd_v2,dnn_5class_cw,263,0,4,0,0.9119451642036438,0.4285714328289032,0.9119451642036438,70.90119171142578
nsl_kdd_v2,dnn_5class_cw,264,4,0,0,0.9664437174797058,0.8181818127632141,0.9664437174797058,91.4255599975586
nsl_kdd_v2,dnn_5class_cw,265,3,0,0,0.9997984766960144,0.4285714328289032,0.9997984766960144,75.38461303710938
nsl_kdd_v2,dnn_5class_cw,266,3,0,0,0.9997984766960144,0.5384615659713745,0.9997984766960144,81.34419250488281
nsl_kdd_v2,dnn_5class_cw,267,0,0,1,0.999798595905304,0.5384615659713745,0.999798595905304,81.34420013427734
nsl_kdd_v2,dnn_5class_cw,268,1,1,1,0.9999337196350098,0.4285714328289032,0.9998509287834167,75.38932800292969
nsl_kdd_v2,dnn_5class_cw,269,1,1,1,0.9999337196350098,0.5384615659713745,0.9998509287834167,81.34927368164062
nsl_kdd_v2,dnn_5class_cw,270,0,0,1,0.9999337196350098,0.4285714328289032,0.9999337196350098,75.39141082763672
nsl_kdd_v2,dnn_5class_cw,271,2,0,0,0.9995113611221313,0.5384615659713745,0.9995113611221313,81.32862091064453
nsl_kdd_v2,dnn_5class_cw,272,1,1,1,0.9999337196350098,0.3333333432674408,0.9998509287834167,69.3311538696289
nsl_kdd_v2,dnn_5class_cw,273,0,0,1,0.6753934621810913,0.5384615659713745,0.6753934621810913,62.62621307373047
nsl_kdd_v2,dnn_5class_cw,274,3,0,0,0.5077255368232727,0.5384615659713745,0.5077255368232727,51.77708435058594
nsl_kdd_v2,dnn_5class_cw,275,0,0,1,0.9997984766960144,0.4285714328289032,0.9997984766960144,75.38461303710938
nsl_kdd_v2,dnn_5class_cw,276,3,0,0,0.6336488723754883,0.6666666865348816,0.6336488723754883,64.4468994140625
nsl_kdd_v2,dnn_5class_cw,277,0,0,1,0.9940286874771118,0.6666666865348816,0.9940286874771118,87.00993347167969
nsl_kdd_v2,dnn_5class_cw,278,3,0,0,0.9876503944396973,0.8181818127632141,0.9876503944396973,92.7581558227539
nsl_kdd_v2,dnn_5class_cw,279,1,0,0,0.9997984766960144,0.4285714328289032,0.9997984766960144,75.38461303710938
nsl_kdd_v2,dnn_5class_cw,280,1,1,1,0.9999337196350098,0.4285714328289032,0.9998509287834167,75.38932800292969
nsl_kdd_v2,dnn_5class_cw,281,0,0,1,0.9999337196350098,0.5384615659713745,0.9999337196350098,81.35152435302734
nsl_kdd_v2,dnn_5class_cw,282,3,0,0,0.9925216436386108,0.6666666865348816,0.9925216436386108,86.9219741821289
nsl_kdd_v2,dnn_5class_cw,283,3,0,0,0.9876541495323181,0.5384615659713745,0.9876541495323181,80.68413543701172
nsl_kdd_v2,dnn_5class_cw,284,0,0,1,0.9999337196350098,0.5384615659713745,0.9999337196350098,81.35152435302734
nsl_kdd_v2,dnn_5class_cw,285,2,0,0,0.9997984766960144,0.5384615659713745,0.9997984766960144,81.34419250488281
nsl_kdd_v2,dnn_5class_cw,286,1,1,1,0.8698756098747253,0.5384615659713745,0.7073948979377747,69.19763946533203
nsl_kdd_v2,dnn_5class_cw,287,2,1,0,0.9999337196350098,0.6666666865348816,0.9998509287834167,87.35177612304688
nsl_kdd_v2,dnn_5class_cw,288,0,0,1,0.9999337196350098,0.4285714328289032,0.9999337196350098,75.39141082763672
nsl_kdd_v2,dnn_5class_cw,289,2,1,0,0.9999337196350098,0.5384615659713745,0.9998509287834167,81.34927368164062
nsl_kdd_v2,dnn_5class_cw,290,3,0,0,0.999933660030365,0.4285714328289032,0.999933660030365,75.39141082763672
nsl_kdd_v2,dnn_5class_cw,291,3,0,0,0.9999337196350098,0.3333333432674408,0.9999337196350098,69.33306121826172
nsl_kdd_v2,dnn_5class_cw,292,3,0,0,0.9999337196350098,0.4285714328289032,0.9999337196350098,75.39141082763672
nsl_kdd_v2,dnn_5class_cw,293,3,0,0,0.9997983574867249,0.3333333432674408,0.9997983574867249,69.3268051147461
nsl_kdd_v2,dnn_5class_cw,294,3,0,0,0.9999164342880249,0.5384615659713745,0.9999164342880249,81.3505859375
nsl_kdd_v2,dnn_5class_cw,295,1,1,1,0.7052225470542908,0.5384615659713745,0.3371466398239136,50.40031051635742
nsl_kdd_v2,dnn_5class_cw,296,1,1,1,0.7085176706314087,0.3333333432674408,0.34455621242523193,43.3341064453125
nsl_kdd_v2,dnn_5class_cw,297,0,0,1,0.9997984766960144,0.4285714328289032,0.9997984766960144,75.38461303710938
nsl_kdd_v2,dnn_5class_cw,298,0,0,1,0.9999337196350098,0.5384615659713745,0.9999337196350098,81.35152435302734
nsl_kdd_v2,dnn_5class_cw,299,3,0,0,0.9999337196350098,0.5384615659713745,0.9999337196350098,81.35152435302734
nsl_kdd_v2,dnn_5class_cw,300,1,1,1,0.9999337196350098,0.4285714328289032,0.9998509287834167,75.38932800292969
nsl_kdd_v2,dnn_5class_cw,301,0,0,1,0.9997984766960144,0.4285714328289032,0.9997984766960144,75.38461303710938
nsl_kdd_v2,dnn_5class_cw,302,2,2,1,0.9999783039093018,0.4285714328289032,0.9999780058860779,75.39364624023438
nsl_kdd_v2,dnn_5class_cw,303,1,1,1,0.9999337196350098,0.5384615659713745,0.9998509287834167,81.34927368164062
nsl_kdd_v2,dnn_5class_cw,304,1,1,1,0.9999337196350098,0.4285714328289032,0.9998509287834167,75.38932800292969
nsl_kdd_v2,dnn_5class_cw,305,1,1,1,0.9999337196350098,0.4285714328289032,0.9998509287834167,75.38932800292969
nsl_kdd_v2,dnn_5class_cw,306,2,2,1,0.9536963105201721,0.5384615659713745,0.9530705809593201,78.80672454833984
nsl_kdd_v2,dnn_5class_cw,307,3,3,1,0.6273738145828247,0.4285714328289032,0.0068465471267700195,12.255763053894043
nsl_kdd_v2,dnn_5class_cw,308,2,2,1,0.9549776911735535,0.3333333432674408,0.954369306564331,67.22479248046875
nsl_kdd_v2,dnn_5class_cw,309,4,0,0,0.9663039445877075,0.6666666865348816,0.9663039445877075,85.38443756103516
nsl_kdd_v2,dnn_5class_cw,310,0,0,1,0.9999337196350098,0.6666666865348816,0.9999337196350098,87.35418701171875
nsl_kdd_v2,dnn_5class_cw,311,0,0,1,0.999798595905304,0.5384615659713745,0.999798595905304,81.34420013427734
nsl_kdd_v2,dnn_5class_cw,312,2,2,1,0.9999783039093018,0.6666666865348816,0.9999780058860779,87.35677337646484
nsl_kdd_v2,dnn_5class_cw,313,2,2,1,0.9999783039093018,0.5384615659713745,0.9999780058860779,81.35393524169922
nsl_kdd_v2,dnn_5class_cw,314,1,1,1,0.9999337196350098,0.5384615659713745,0.9998509287834167,81.34927368164062
nsl_kdd_v2,dnn_5class_cw,315,1,1,1,0.9999337196350098,0.4285714328289032,0.9998509287834167,75.38932800292969
nsl_kdd_v2,dnn_5class_cw,316,0,0,1,0.999798595905304,0.5384615659713745,0.999798595905304,81.34420013427734
nsl_kdd_v2,dnn_5class_cw,317,3,0,0,0.9876485466957092,0.3333333432674408,0.9876485466957092,68.7640151977539
nsl_kdd_v2,dnn_5class_cw,318,0,0,1,0.9999337196350098,0.4285714328289032,0.9999337196350098,75.39141082763672
nsl_kdd_v2,dnn_5class_cw,319,3,0,0,0.9728190302848816,0.6666666865348816,0.9728190302848816,85.7677993774414
nsl_kdd_v2,dnn_5class_cw,320,3,0,0,0.9997984766960144,0.5384615659713745,0.9997984766960144,81.34419250488281
nsl_kdd_v2,dnn_5class_cw,321,1,1,1,0.952252209186554,0.5384615659713745,0.8926315903663635,77.06543731689453
nsl_kdd_v2,dnn_5class_cw,322,3,0,0,0.676849365234375,0.6666666865348816,0.676849365234375,67.34379577636719
nsl_kdd_v2,dnn_5class_cw,323,1,1,1,0.9999337196350098,0.5384615659713745,0.9998509287834167,81.34927368164062
nsl_kdd_v2,dnn_5class_cw,324,1,1,1,0.9999337196350098,0.5384615659713745,0.9998509287834167,81.34927368164062
nsl_kdd_v2,dnn_5class_cw,325,3,0,0,0.6585993766784668,0.5384615659713745,0.6585993766784668,61.58369827270508
nsl_kdd_v2,dnn_5class_cw,326,0,0,1,0.9997984766960144,0.5384615659713745,0.9997984766960144,81.34419250488281
nsl_kdd_v2,dnn_5class_cw,327,1,2,0,0.7136391997337341,0.6666666865348816,0.7097695469856262,69.63617706298828
nsl_kdd_v2,dnn_5class_cw,328,2,0,0,0.9997974038124084,0.3333333432674408,0.9997974038124084,69.3267593383789
nsl_kdd_v2,dnn_5class_cw,329,3,0,0,0.6656728982925415,0.4285714328289032,0.6656728982925415,57.47976303100586
nsl_kdd_v2,dnn_5class_cw,330,2,2,1,0.9810131192207336,0.5384615659713745,0.9807565212249756,80.31504821777344
nsl_kdd_v2,dnn_5class_cw,331,3,0,0,0.9997982978820801,0.4285714328289032,0.9997982978820801,75.38460540771484
nsl_kdd_v2,dnn_5class_cw,332,3,0,0,0.9999337196350098,0.3333333432674408,0.9999337196350098,69.33306121826172
nsl_kdd_v2,dnn_5class_cw,333,2,2,1,0.9810131192207336,0.4285714328289032,0.9807565212249756,74.43086242675781
nsl_kdd_v2,dnn_5class_cw,334,0,0,1,0.999798595905304,0.25,0.999798595905304,62.98759460449219
nsl_kdd_v2,dnn_5class_cw,335,2,2,1,0.9810131192207336,0.4285714328289032,0.9807565212249756,74.43086242675781
nsl_kdd_v2,dnn_5class_cw,336,3,0,0,0.5329418778419495,0.5384615659713745,0.5329418778419495,53.477542877197266
nsl_kdd_v2,dnn_5class_cw,337,0,0,1,0.9997984766960144,0.6666666865348816,0.9997984766960144,87.34630584716797
nsl_kdd_v2,dnn_5class_cw,338,2,2,1,0.9999783039093018,0.6666666865348816,0.9999780058860779,87.35677337646484
nsl_kdd_v2,dnn_5class_cw,339,0,0,1,0.999798595905304,0.5384615659713745,0.999798595905304,81.34420013427734
nsl_kdd_v2,dnn_5class_cw,340,1,1,1,0.9999337196350098,0.5384615659713745,0.9998509287834167,81.34927368164062
nsl_kdd_v2,dnn_5class_cw,341,0,0,1,0.9997984766960144,0.4285714328289032,0.9997984766960144,75.38461303710938
nsl_kdd_v2,dnn_5class_cw,342,3,0,0,0.9661788940429688,0.6666666865348816,0.9661788940429688,85.3770751953125
nsl_kdd_v2,dnn_5class_cw,343,1,1,1,0.952252209186554,0.3333333432674408,0.8926315903663635,65.68018341064453
nsl_kdd_v2,dnn_5class_cw,344,3,0,0,0.6568456888198853,0.4285714328289032,0.6568456888198853,56.970489501953125
nsl_kdd_v2,dnn_5class_cw,345,0,0,1,0.9999337196350098,0.4285714328289032,0.9999337196350098,75.39141082763672
nsl_kdd_v2,dnn_5class_cw,346,0,0,1,0.999798595905304,0.3333333432674408,0.999798595905304,69.32682037353516
nsl_kdd_v2,dnn_5class_cw,347,2,2,1,0.9999783039093018,0.4285714328289032,0.9999780058860779,75.39364624023438
nsl_kdd_v2,dnn_5class_cw,348,0,0,1,0.9997984766960144,0.3333333432674408,0.9997984766960144,69.32681274414062
nsl_kdd_v2,dnn_5class_cw,349,2,0,0,0.7772810459136963,0.6666666865348816,0.7772810459136963,73.85076141357422
nsl_kdd_v2,dnn_5class_cw,350,2,2,1,0.9569041132926941,0.4285714328289032,0.9563217759132385,73.19789123535156
nsl_kdd_v2,dnn_5class_cw,351,0,0,1,0.999798595905304,0.3333333432674408,0.999798595905304,69.32682037353516
nsl_kdd_v2,dnn_5class_cw,352,0,0,1,0.9997984766960144,0.4285714328289032,0.9997984766960144,75.38461303710938
nsl_kdd_v2,dnn_5class_cw,353,1,1,1,0.9999337196350098,0.5384615659713745,0.9998509287834167,81.34927368164062
nsl_kdd_v2,dnn_5class_cw,354,3,0,0,0.9999337196350098,0.3333333432674408,0.9999337196350098,69.33306121826172
nsl_kdd_v2,dnn_5class_cw,355,1,0,0,0.9940294027328491,0.5384615659713745,0.9940294027328491,81.03096771240234
nsl_kdd_v2,dnn_5class_cw,356,1,1,1,0.9999337196350098,0.4285714328289032,0.9998509287834167,75.38932800292969
nsl_kdd_v2,dnn_5class_cw,357,1,0,0,0.9662106037139893,0.5384615659713745,0.9662106037139893,79.51201629638672
nsl_kdd_v2,dnn_5class_cw,358,0,0,1,0.9997984766960144,0.4285714328289032,0.9997984766960144,75.38461303710938
nsl_kdd_v2,dnn_5class_cw,359,4,0,0,0.6894311308860779,0.8181818127632141,0.6894311308860779,72.99232482910156
nsl_kdd_v2,dnn_5class_cw,360,2,0,0,0.7772603631019592,0.5384615659713745,0.7772603631019592,68.7747802734375
nsl_kdd_v2,dnn_5class_cw,361,2,2,1,0.7136391997337341,0.8181818127632141,0.7097695469856262,74.55589294433594
nsl_kdd_v2,dnn_5class_cw,362,0,0,1,0.999798595905304,0.5384615659713745,0.999798595905304,81.34420013427734
nsl_kdd_v2,dnn_5class_cw,363,2,2,1,0.9999783039093018,0.6666666865348816,0.9999780058860779,87.35677337646484
nsl_kdd_v2,dnn_5class_cw,364,0,0,1,0.8309714794158936,0.5384615659713745,0.8309714794158936,71.9077377319336
nsl_kdd_v2,dnn_5class_cw,365,1,1,1,0.9999337196350098,0.6666666865348816,0.9998509287834167,87.35177612304688
nsl_kdd_v2,dnn_5class_cw,366,0,1,0,0.9999337196350098,0.3333333432674408,0.9998509287834167,69.3311538696289
nsl_kdd_v2,dnn_5class_cw,367,3,0,0,0.966182291507721,0.5384615659713745,0.966182291507721,79.51045989990234
nsl_kdd_v2,dnn_5class_cw,368,3,0,0,0.9665382504463196,0.6666666865348816,0.9665382504463196,85.39824676513672
nsl_kdd_v2,dnn_5class_cw,369,0,0,1,0.9997984766960144,0.25,0.9997984766960144,62.98759078979492
nsl_kdd_v2,dnn_5class_cw,370,3,0,0,0.9876542091369629,0.5384615659713745,0.9876542091369629,80.68414306640625
nsl_kdd_v2,dnn_5class_cw,371,0,0,1,0.9999337196350098,0.5384615659713745,0.9999337196350098,81.35152435302734
nsl_kdd_v2,dnn_5class_cw,372,1,1,1,0.9999337196350098,0.4285714328289032,0.9998509287834167,75.38932800292969
nsl_kdd_v2,dnn_5class_cw,373,2,0,0,0.7772806286811829,0.6666666865348816,0.7772806286811829,73.8507308959961
nsl_kdd_v2,dnn_5class_cw,374,1,0,0,0.9997984766960144,0.4285714328289032,0.9997984766960144,75.38461303710938
nsl_kdd_v2,dnn_5class_cw,375,3,0,0,0.9997983574867249,0.5384615659713745,0.9997983574867249,81.34418487548828
nsl_kdd_v2,dnn_5class_cw,376,0,0,1,0.9999337196350098,0.6666666865348816,0.9999337196350098,87.35418701171875
nsl_kdd_v2,dnn_5class_cw,377,2,2,1,0.9999783039093018,0.5384615659713745,0.9999780058860779,81.35393524169922
nsl_kdd_v2,dnn_5class_cw,378,2,2,1,0.9978950023651123,0.6666666865348816,0.9978665709495544,87.23458099365234
nsl_kdd_v2,dnn_5class_cw,379,3,0,0,0.9997984170913696,0.6666666865348816,0.9997984170913696,87.34630584716797
nsl_kdd_v2,dnn_5class_cw,380,2,2,1,0.9978950023651123,0.3333333432674408,0.9978665709495544,69.23812866210938
nsl_kdd_v2,dnn_5class_cw,381,1,1,1,0.9999337196350098,0.6666666865348816,0.9998509287834167,87.35177612304688
nsl_kdd_v2,dnn_5class_cw,382,0,0,1,0.9999337196350098,0.3333333432674408,0.9999337196350098,69.33306121826172
nsl_kdd_v2,dnn_5class_cw,383,4,4,1,0.8016856908798218,0.5384615659713745,0.8016856908798218,70.20816802978516
nsl_kdd_v2,dnn_5class_cw,384,3,0,0,0.999933660030365,0.3333333432674408,0.999933660030365,69.33306121826172
nsl_kdd_v2,dnn_5class_cw,385,2,2,1,0.9978950023651123,0.5384615659713745,0.9978665709495544,81.24014282226562
nsl_kdd_v2,dnn_5class_cw,386,3,0,0,0.9926050305366516,0.3333333432674408,0.9926050305366516,68.99388122558594
nsl_kdd_v2,dnn_5class_cw,387,2,2,1,0.7136391997337341,0.6666666865348816,0.7097695469856262,69.63617706298828
nsl_kdd_v2,dnn_5class_cw,388,2,2,1,0.9931526184082031,0.4285714328289032,0.9930601119995117,75.0478515625
nsl_kdd_v2,dnn_5class_cw,389,2,2,1,0.9999783039093018,0.5384615659713745,0.9999780058860779,81.35393524169922
nsl_kdd_v2,dnn_5class_cw,390,4,0,0,0.8062565326690674,0.6666666865348816,0.8062565326690674,75.67488098144531
nsl_kdd_v2,dnn_5class_cw,391,1,1,1,0.9999337196350098,0.4285714328289032,0.9998509287834167,75.38932800292969
nsl_kdd_v2,dnn_5class_cw,392,0,0,1,0.9999337196350098,0.4285714328289032,0.9999337196350098,75.39141082763672
nsl_kdd_v2,dnn_5class_cw,393,1,1,1,0.9999337196350098,0.5384615659713745,0.9998509287834167,81.34927368164062
nsl_kdd_v2,dnn_5class_cw,394,2,2,1,0.9978950023651123,0.6666666865348816,0.9978665709495544,87.23458099365234
nsl_kdd_v2,dnn_5class_cw,395,2,0,0,0.7772812247276306,0.6666666865348816,0.7772812247276306,73.85077667236328
nsl_kdd_v2,dnn_5class_cw,396,3,0,0,0.9876545071601868,0.6666666865348816,0.9876545071601868,86.6375732421875
nsl_kdd_v2,dnn_5class_cw,397,0,0,1,0.9997984766960144,0.3333333432674408,0.9997984766960144,69.32681274414062
nsl_kdd_v2,dnn_5class_cw,398,1,1,1,0.9999337196350098,0.5384615659713745,0.9998509287834167,81.34927368164062
nsl_kdd_v2,dnn_5class_cw,399,2,1,0,0.9999337196350098,0.6666666865348816,0.9998509287834167,87.35177612304688
nsl_kdd_v2,dnn_5class_cw,400,3,0,0,0.9999337196350098,0.4285714328289032,0.9999337196350098,75.39141082763672
nsl_kdd_v2,dnn_5class_cw,401,4,0,0,0.7010067105293274,0.6666666865348816,0.7010067105293274,68.93678283691406
nsl_kdd_v2,dnn_5class_cw,402,0,0,1,0.9997984766960144,0.4285714328289032,0.9997984766960144,75.38461303710938
nsl_kdd_v2,dnn_5class_cw,403,4,3,0,0.9504284858703613,0.6666666865348816,0.8678779602050781,81.92736053466797
nsl_kdd_v2,dnn_5class_cw,404,1,1,1,0.9999337196350098,0.5384615659713745,0.9998509287834167,81.34927368164062
nsl_kdd_v2,dnn_5class_cw,405,4,0,0,0.9997977018356323,0.5384615659713745,0.9997977018356323,81.34415435791016
nsl_kdd_v2,dnn_5class_cw,406,0,0,1,0.9997984766960144,0.5384615659713745,0.9997984766960144,81.34419250488281
nsl_kdd_v2,dnn_5class_cw,407,2,2,1,0.9810131192207336,0.6666666865348816,0.9807565212249756,86.24122619628906
nsl_kdd_v2,dnn_5class_cw,408,1,1,1,0.9999337196350098,0.4285714328289032,0.9998509287834167,75.38932800292969
nsl_kdd_v2,dnn_5class_cw,409,1,1,1,0.9999337196350098,0.5384615659713745,0.9998509287834167,81.34927368164062
nsl_kdd_v2,dnn_5class_cw,410,2,0,0,0.9997984766960144,0.4285714328289032,0.9997984766960144,75.38461303710938
nsl_kdd_v2,dnn_5class_cw,411,0,0,1,0.9997984766960144,0.5384615659713745,0.9997984766960144,81.34419250488281
nsl_kdd_v2,dnn_5class_cw,412,1,1,1,0.9999337196350098,0.4285714328289032,0.9998509287834167,75.38932800292969
nsl_kdd_v2,dnn_5class_cw,413,0,0,1,0.9999337196350098,0.5384615659713745,0.9999337196350098,81.35152435302734
nsl_kdd_v2,dnn_5class_cw,414,2,2,1,0.8904499411582947,0.6666666865348816,0.8889695405960083,80.81060791015625
nsl_kdd_v2,dnn_5class_cw,415,3,0,0,0.7772742509841919,0.8181818127632141,0.7772742509841919,79.06776428222656
nsl_kdd_v2,dnn_5class_cw,416,0,0,1,0.9999337196350098,0.6666666865348816,0.9999337196350098,87.35418701171875
nsl_kdd_v2,dnn_5class_cw,417,0,0,1,0.9999337196350098,0.4285714328289032,0.9999337196350098,75.39141082763672
nsl_kdd_v2,dnn_5class_cw,418,3,0,0,0.992386519908905,0.4285714328289032,0.992386519908905,75.01158142089844
nsl_kdd_v2,dnn_5class_cw,419,3,0,0,0.5364974141120911,0.4285714328289032,0.5364974141120911,49.779762268066406
nsl_kdd_v2,dnn_5class_cw,420,1,1,1,0.9999337196350098,0.5384615659713745,0.9998509287834167,81.34927368164062
nsl_kdd_v2,dnn_5class_cw,421,4,0,0,0.9876251816749573,0.6666666865348816,0.9876251816749573,86.63585662841797
nsl_kdd_v2,dnn_5class_cw,422,2,2,1,0.9536963105201721,0.6666666865348816,0.9530705809593201,84.62161254882812
nsl_kdd_v2,dnn_5class_cw,423,2,0,0,0.9997882843017578,0.6666666865348816,0.9997882843017578,87.34571838378906
nsl_kdd_v2,dnn_5class_cw,424,3,0,0,0.9925069212913513,0.6666666865348816,0.9925069212913513,86.92111206054688
nsl_kdd_v2,dnn_5class_cw,425,0,0,1,0.9999337196350098,0.5384615659713745,0.9999337196350098,81.35152435302734
nsl_kdd_v2,dnn_5class_cw,426,2,1,0,0.9978210926055908,0.6666666865348816,0.9951003789901733,87.15174865722656
nsl_kdd_v2,dnn_5class_cw,427,3,0,0,0.9999337196350098,0.4285714328289032,0.9999337196350098,75.39141082763672
nsl_kdd_v2,dnn_5class_cw,428,0,0,1,0.9997984766960144,0.5384615659713745,0.9997984766960144,81.34419250488281
nsl_kdd_v2,dnn_5class_cw,429,0,0,1,0.999798595905304,0.3333333432674408,0.999798595905304,69.32682037353516
nsl_kdd_v2,dnn_5class_cw,430,3,0,0,0.9997978210449219,0.5384615659713745,0.9997978210449219,81.34415435791016
nsl_kdd_v2,dnn_5class_cw,431,0,0,1,0.9997984766960144,0.3333333432674408,0.9997984766960144,69.32681274414062
nsl_kdd_v2,dnn_5class_cw,432,1,0,0,0.9997972846031189,0.4285714328289032,0.9997972846031189,75.38455200195312
nsl_kdd_v2,dnn_5class_cw,433,1,0,0,0.9997979402542114,0.5384615659713745,0.9997979402542114,81.34416198730469
nsl_kdd_v2,dnn_5class_cw,434,3,0,0,0.999798595905304,0.5384615659713745,0.999798595905304,81.34420013427734
nsl_kdd_v2,dnn_5class_cw,435,4,0,0,0.9747711420059204,0.6666666865348816,0.9747711420059204,85.88249969482422
nsl_kdd_v2,dnn_5class_cw,436,3,0,0,0.9998874068260193,0.6666666865348816,0.9998874068260193,87.35148620605469
nsl_kdd_v2,dnn_5class_cw,437,2,2,1,0.7136391997337341,0.5384615659713745,0.7097695469856262,64.85103607177734
nsl_kdd_v2,dnn_5class_cw,438,3,0,0,0.9999337196350098,0.5384615659713745,0.9999337196350098,81.35152435302734
nsl_kdd_v2,dnn_5class_cw,439,3,0,0,0.9925216436386108,0.5384615659713745,0.9925216436386108,80.94901275634766
nsl_kdd_v2,dnn_5class_cw,440,1,1,1,0.9999337196350098,0.4285714328289032,0.9998509287834167,75.38932800292969
nsl_kdd_v2,dnn_5class_cw,441,0,0,1,0.999798595905304,0.3333333432674408,0.999798595905304,69.32682037353516
nsl_kdd_v2,dnn_5class_cw,442,0,0,1,0.9999337196350098,0.5384615659713745,0.9999337196350098,81.35152435302734
nsl_kdd_v2,dnn_5class_cw,443,0,0,1,0.9997984766960144,0.4285714328289032,0.9997984766960144,75.38461303710938
nsl_kdd_v2,dnn_5class_cw,444,1,1,1,0.9999337196350098,0.4285714328289032,0.9998509287834167,75.38932800292969
nsl_kdd_v2,dnn_5class_cw,445,0,0,1,0.9999337196350098,0.3333333432674408,0.9999337196350098,69.33306121826172
nsl_kdd_v2,dnn_5class_cw,446,1,1,1,0.8873243927955627,0.5384615659713745,0.7466312050819397,70.9220199584961
nsl_kdd_v2,dnn_5class_cw,447,1,1,1,0.9999337196350098,0.4285714328289032,0.9998509287834167,75.38932800292969
nsl_kdd_v2,dnn_5class_cw,448,2,0,0,0.9952934980392456,0.6666666865348816,0.9952934980392456,87.08373260498047
nsl_kdd_v2,dnn_5class_cw,449,2,2,1,0.9999783039093018,0.5384615659713745,0.9999780058860779,81.35393524169922
nsl_kdd_v2,dnn_5class_cw,450,0,0,1,0.9997984766960144,0.5384615659713745,0.9997984766960144,81.34419250488281
nsl_kdd_v2,dnn_5class_cw,451,0,0,1,0.999798595905304,0.6666666865348816,0.999798595905304,87.3463134765625
nsl_kdd_v2,dnn_5class_cw,452,0,0,1,0.9999337196350098,0.6666666865348816,0.9999337196350098,87.35418701171875
nsl_kdd_v2,dnn_5class_cw,453,3,0,0,0.9925249218940735,0.5384615659713745,0.9925249218940735,80.9491958618164
nsl_kdd_v2,dnn_5class_cw,454,3,0,0,0.999798595905304,0.5384615659713745,0.999798595905304,81.34420013427734
nsl_kdd_v2,dnn_5class_cw,455,0,0,1,0.9999337196350098,0.4285714328289032,0.9999337196350098,75.39141082763672
nsl_kdd_v2,dnn_5class_cw,456,0,0,1,0.9999337196350098,0.4285714328289032,0.9999337196350098,75.39141082763672
nsl_kdd_v2,dnn_5class_cw,457,3,0,0,0.9923831224441528,0.4285714328289032,0.9923831224441528,75.01140594482422
nsl_kdd_v2,dnn_5class_cw,458,1,0,0,0.9997979402542114,0.6666666865348816,0.9997979402542114,87.34628295898438
nsl_kdd_v2,dnn_5class_cw,459,0,0,1,0.999798595905304,0.5384615659713745,0.999798595905304,81.34420013427734
nsl_kdd_v2,dnn_5class_cw,460,0,0,1,0.9999337196350098,0.4285714328289032,0.9999337196350098,75.39141082763672
nsl_kdd_v2,dnn_5class_cw,461,2,1,0,0.8085259795188904,0.6666666865348816,0.5694406032562256,67.45545196533203
nsl_kdd_v2,dnn_5class_cw,462,2,2,1,0.9999783039093018,0.6666666865348816,0.9999780058860779,87.35677337646484
nsl_kdd_v2,dnn_5class_cw,463,0,0,1,0.999798595905304,0.4285714328289032,0.999798595905304,75.3846206665039
nsl_kdd_v2,dnn_5class_cw,464,2,2,1,0.9999783039093018,0.5384615659713745,0.9999780058860779,81.35393524169922
nsl_kdd_v2,dnn_5class_cw,465,0,0,1,0.9999337196350098,0.5384615659713745,0.9999337196350098,81.35152435302734
nsl_kdd_v2,dnn_5class_cw,466,0,0,1,0.9999337196350098,0.5384615659713745,0.9999337196350098,81.35152435302734
nsl_kdd_v2,dnn_5class_cw,467,1,1,1,0.8873243927955627,0.6666666865348816,0.7466312050819397,76.15512084960938
nsl_kdd_v2,dnn_5class_cw,468,3,0,0,0.9999337196350098,0.5384615659713745,0.9999337196350098,81.35152435302734
nsl_kdd_v2,dnn_5class_cw,469,0,0,1,0.9997984766960144,0.4285714328289032,0.9997984766960144,75.38461303710938
nsl_kdd_v2,dnn_5class_cw,470,0,0,1,0.999798595905304,0.4285714328289032,0.999798595905304,75.3846206665039
nsl_kdd_v2,dnn_5class_cw,471,3,0,0,0.9997978210449219,0.6666666865348816,0.9997978210449219,87.34627532958984
nsl_kdd_v2,dnn_5class_cw,472,0,0,1,0.9999337196350098,0.4285714328289032,0.9999337196350098,75.39141082763672
nsl_kdd_v2,dnn_5class_cw,473,0,0,1,0.9999337196350098,0.4285714328289032,0.9999337196350098,75.39141082763672
nsl_kdd_v2,dnn_5class_cw,474,0,0,1,0.9999337196350098,0.3333333432674408,0.9999337196350098,69.33306121826172
nsl_kdd_v2,dnn_5class_cw,475,2,2,1,0.9999783039093018,0.6666666865348816,0.9999780058860779,87.35677337646484
nsl_kdd_v2,dnn_5class_cw,476,0,0,1,0.9997984766960144,0.3333333432674408,0.9997984766960144,69.32681274414062
nsl_kdd_v2,dnn_5class_cw,477,1,0,0,0.9997984170913696,0.4285714328289032,0.9997984170913696,75.38461303710938
nsl_kdd_v2,dnn_5class_cw,478,2,2,1,0.9999783039093018,0.3333333432674408,0.9999780058860779,69.33511352539062
nsl_kdd_v2,dnn_5class_cw,479,3,0,0,0.9997984766960144,0.4285714328289032,0.9997984766960144,75.38461303710938
nsl_kdd_v2,dnn_5class_cw,480,4,4,1,0.5423873662948608,0.6666666865348816,0.5423873662948608,58.099971771240234
nsl_kdd_v2,dnn_5class_cw,481,3,3,1,0.7319592237472534,0.5384615659713745,0.28559601306915283,48.28340530395508
nsl_kdd_v2,dnn_5class_cw,482,1,1,1,0.9978210926055908,0.5384615659713745,0.9951003789901733,81.16300201416016
nsl_kdd_v2,dnn_5class_cw,483,0,0,1,0.999798595905304,0.4285714328289032,0.999798595905304,75.3846206665039
nsl_kdd_v2,dnn_5class_cw,484,2,2,1,0.9999783039093018,0.5384615659713745,0.9999780058860779,81.35393524169922
nsl_kdd_v2,dnn_5class_cw,485,2,2,1,0.9999783039093018,0.6666666865348816,0.9999780058860779,87.35677337646484
nsl_kdd_v2,dnn_5class_cw,486,3,0,0,0.9997984766960144,0.5384615659713745,0.9997984766960144,81.34419250488281
nsl_kdd_v2,dnn_5class_cw,487,0,0,1,0.999798595905304,0.6666666865348816,0.999798595905304,87.3463134765625
nsl_kdd_v2,dnn_5class_cw,488,0,2,0,0.986645519733429,0.4285714328289032,0.9864650368690491,74.71744537353516
nsl_kdd_v2,dnn_5class_cw,489,1,1,1,0.9999337196350098,0.3333333432674408,0.9998509287834167,69.3311538696289
nsl_kdd_v2,dnn_5class_cw,490,3,3,1,0.7319595813751221,0.8181818127632141,0.28559696674346924,55.50901412963867
nsl_kdd_v2,dnn_5class_cw,491,2,2,1,0.9999783039093018,0.6666666865348816,0.9999780058860779,87.35677337646484
nsl_kdd_v2,dnn_5class_cw,492,1,1,1,0.9999337196350098,0.4285714328289032,0.9998509287834167,75.38932800292969
nsl_kdd_v2,dnn_5class_cw,493,2,2,1,0.9978950023651123,0.4285714328289032,0.9978665709495544,75.2881851196289
nsl_kdd_v2,dnn_5class_cw,494,4,0,0,0.9728000164031982,0.5384615659713745,0.9728000164031982,79.87310791015625
nsl_kdd_v2,dnn_5class_cw,495,3,0,0,0.9924198985099792,0.5384615659713745,0.9924198985099792,80.94347381591797
nsl_kdd_v2,dnn_5class_cw,496,0,0,1,0.9999337196350098,0.3333333432674408,0.9999337196350098,69.33306121826172
nsl_kdd_v2,dnn_5class_cw,497,4,0,0,0.507728636264801,0.6666666865348816,0.507728636264801,55.59777069091797
nsl_kdd_v2,dnn_5class_cw,498,3,3,1,0.6273715496063232,0.6666666865348816,0.00684046745300293,14.196231842041016
nsl_kdd_v2,dnn_5class_cw,499,1,1,1,0.9999337196350098,0.5384615659713745,0.9998509287834167,81.34927368164062
nsl_kdd_v2,dnn_5class_cw,500,0,0,1,0.999798595905304,0.4285714328289032,0.999798595905304,75.3846206665039
nsl_kdd_v2,dnn_5class_cw,501,0,0,1,0.9924313426017761,0.5384615659713745,0.9924313426017761,80.94409942626953
nsl_kdd_v2,dnn_5class_cw,502,0,0,1,0.9997984766960144,0.3333333432674408,0.9997984766960144,69.32681274414062
nsl_kdd_v2,dnn_5class_cw,503,0,0,1,0.9997984766960144,0.4285714328289032,0.9997984766960144,75.38461303710938
nsl_kdd_v2,dnn_5class_cw,504,3,0,0,0.9133250713348389,0.5384615659713745,0.9133250713348389,76.58348846435547
nsl_kdd_v2,dnn_5class_cw,505,0,0,1,0.9999337196350098,0.4285714328289032,0.9999337196350098,75.39141082763672
nsl_kdd_v2,dnn_5class_cw,506,0,0,1,0.9999337196350098,0.5384615659713745,0.9999337196350098,81.35152435302734
nsl_kdd_v2,dnn_5class_cw,507,2,2,1,0.9999783039093018,0.4285714328289032,0.9999780058860779,75.39364624023438
nsl_kdd_v2,dnn_5class_cw,508,1,1,1,0.952252209186554,0.5384615659713745,0.8926315903663635,77.06543731689453
nsl_kdd_v2,dnn_5class_cw,509,0,0,1,0.9999337196350098,0.4285714328289032,0.9999337196350098,75.39141082763672
nsl_kdd_v2,dnn_5class_cw,510,0,0,1,0.9997984766960144,0.3333333432674408,0.9997984766960144,69.32681274414062
nsl_kdd_v2,dnn_5class_cw,511,1,1,1,0.9999337196350098,0.5384615659713745,0.9998509287834167,81.34927368164062
nsl_kdd_v2,dnn_5class_cw,512,3,0,0,0.9997984170913696,0.4285714328289032,0.9997984170913696,75.38461303710938
nsl_kdd_v2,dnn_5class_cw,513,3,0,0,0.6756944060325623,0.4285714328289032,0.6756944060325623,58.05522155761719
nsl_kdd_v2,dnn_5class_cw,514,0,0,1,0.9999337196350098,0.3333333432674408,0.9999337196350098,69.33306121826172
nsl_kdd_v2,dnn_5class_cw,515,1,1,1,0.9999337196350098,0.5384615659713745,0.9998509287834167,81.34927368164062
nsl_kdd_v2,dnn_5class_cw,516,3,0,0,0.9999337196350098,0.4285714328289032,0.9999337196350098,75.39141082763672
nsl_kdd_v2,dnn_5class_cw,517,2,0,0,0.5363014340400696,0.6666666865348816,0.5363014340400696,57.66454315185547
nsl_kdd_v2,dnn_5class_cw,518,1,1,1,0.9999337196350098,0.5384615659713745,0.9998509287834167,81.34927368164062
nsl_kdd_v2,dnn_5class_cw,519,2,2,1,0.9999783039093018,0.4285714328289032,0.9999780058860779,75.39364624023438
nsl_kdd_v2,dnn_5class_cw,520,3,0,0,0.9925247430801392,0.6666666865348816,0.9925247430801392,86.92215728759766
nsl_kdd_v2,dnn_5class_cw,521,1,1,1,0.9999337196350098,0.3333333432674408,0.9998509287834167,69.3311538696289
nsl_kdd_v2,dnn_5class_cw,522,4,0,0,0.9747869372367859,0.6666666865348816,0.9747869372367859,85.88343048095703
nsl_kdd_v2,dnn_5class_cw,523,3,0,0,0.9876533150672913,0.5384615659713745,0.9876533150672913,80.68408966064453
nsl_kdd_v2,dnn_5class_cw,524,3,0,0,0.9999337196350098,0.6666666865348816,0.9999337196350098,87.35418701171875
nsl_kdd_v2,dnn_5class_cw,525,2,2,1,0.9999783039093018,0.4285714328289032,0.9999780058860779,75.39364624023438
nsl_kdd_v2,dnn_5class_cw,526,2,2,1,0.6183112263679504,0.8181818127632141,0.6131533980369568,67.69273376464844
nsl_kdd_v2,dnn_5class_cw,527,1,1,1,0.9999337196350098,0.5384615659713745,0.9998509287834167,81.34927368164062
nsl_kdd_v2,dnn_5class_cw,528,2,2,1,0.9999783039093018,0.6666666865348816,0.9999780058860779,87.35677337646484
nsl_kdd_v2,dnn_5class_cw,529,4,0,0,0.9997982978820801,0.5384615659713745,0.9997982978820801,81.34418487548828
nsl_kdd_v2,dnn_5class_cw,530,2,0,0,0.7172955274581909,0.6666666865348816,0.7172955274581909,70.00057983398438
nsl_kdd_v2,dnn_5class_cw,531,2,0,0,0.9997984766960144,0.6666666865348816,0.9997984766960144,87.34630584716797
nsl_kdd_v2,dnn_5class_cw,532,1,1,1,0.9999337196350098,0.4285714328289032,0.9998509287834167,75.38932800292969
nsl_kdd_v2,dnn_5class_cw,533,2,2,1,0.9999783039093018,0.5384615659713745,0.9999780058860779,81.35393524169922
nsl_kdd_v2,dnn_5class_cw,534,3,0,0,0.9999337196350098,0.3333333432674408,0.9999337196350098,69.33306121826172
nsl_kdd_v2,dnn_5class_cw,535,0,0,1,0.9997984766960144,0.5384615659713745,0.9997984766960144,81.34419250488281
nsl_kdd_v2,dnn_5class_cw,536,2,2,1,0.9865758419036865,0.6666666865348816,0.986394464969635,86.56917572021484
nsl_kdd_v2,dnn_5class_cw,537,3,0,0,0.972818911075592,0.4285714328289032,0.972818911075592,74.02227020263672
nsl_kdd_v2,dnn_5class_cw,538,1,1,1,0.9999337196350098,0.4285714328289032,0.9998509287834167,75.38932800292969
nsl_kdd_v2,dnn_5class_cw,539,0,0,1,0.9999337196350098,0.5384615659713745,0.9999337196350098,81.35152435302734
nsl_kdd_v2,dnn_5class_cw,540,4,4,1,0.6906324625015259,0.5384615659713745,0.6906324625015259,63.564727783203125
nsl_kdd_v2,dnn_5class_cw,541,2,2,1,0.9810131192207336,0.5384615659713745,0.9807565212249756,80.31504821777344
nsl_kdd_v2,dnn_5class_cw,542,0,0,1,0.9999337196350098,0.5384615659713745,0.9999337196350098,81.35152435302734
nsl_kdd_v2,dnn_5class_cw,543,1,1,1,0.9999337196350098,0.5384615659713745,0.9998509287834167,81.34927368164062
nsl_kdd_v2,dnn_5class_cw,544,1,1,1,0.9999337196350098,0.4285714328289032,0.9998509287834167,75.38932800292969
nsl_kdd_v2,dnn_5class_cw,545,1,1,1,0.9999337196350098,0.5384615659713745,0.9998509287834167,81.34927368164062
nsl_kdd_v2,dnn_5class_cw,546,1,0,0,0.966210126876831,0.8181818127632141,0.966210126876831,91.41083526611328
nsl_kdd_v2,dnn_5class_cw,547,3,0,0,0.9997981190681458,0.4285714328289032,0.9997981190681458,75.38459014892578
nsl_kdd_v2,dnn_5class_cw,548,3,0,0,0.9999337196350098,0.4285714328289032,0.9999337196350098,75.39141082763672
nsl_kdd_v2,dnn_5class_cw,549,3,0,0,0.9999337196350098,0.5384615659713745,0.9999337196350098,81.35152435302734
nsl_kdd_v2,dnn_5class_cw,550,1,1,1,0.9999337196350098,0.5384615659713745,0.9998509287834167,81.34927368164062
nsl_kdd_v2,dnn_5class_cw,551,2,2,1,0.9931526184082031,0.5384615659713745,0.9930601119995117,80.98080444335938
nsl_kdd_v2,dnn_5class_cw,552,0,0,1,0.9999337196350098,0.4285714328289032,0.9999337196350098,75.39141082763672
nsl_kdd_v2,dnn_5class_cw,553,2,2,1,0.8903390169143677,0.6666666865348816,0.8888571262359619,80.80384826660156
nsl_kdd_v2,dnn_5class_cw,554,0,0,1,0.9998340606689453,0.6666666865348816,0.9998340606689453,87.34838104248047
nsl_kdd_v2,dnn_5class_cw,555,2,0,0,0.999796986579895,0.5384615659713745,0.999796986579895,81.34410858154297
nsl_kdd_v2,dnn_5class_cw,556,3,0,0,0.9997984766960144,0.5384615659713745,0.9997984766960144,81.34419250488281
nsl_kdd_v2,dnn_5class_cw,557,1,0,0,0.8352698683738708,0.4285714328289032,0.8352698683738708,66.86912536621094
nsl_kdd_v2,dnn_5class_cw,558,0,0,1,0.9999337196350098,0.6666666865348816,0.9999337196350098,87.35418701171875
nsl_kdd_v2,dnn_5class_cw,559,0,0,1,0.9999337196350098,0.5384615659713745,0.9999337196350098,81.35152435302734
nsl_kdd_v2,dnn_5class_cw,560,0,0,1,0.999798595905304,0.3333333432674408,0.999798595905304,69.32682037353516
nsl_kdd_v2,dnn_5class_cw,561,0,0,1,0.999798595905304,0.25,0.999798595905304,62.98759460449219
nsl_kdd_v2,dnn_5class_cw,562,3,0,0,0.9145358800888062,0.6666666865348816,0.9145358800888062,82.30699157714844
nsl_kdd_v2,dnn_5class_cw,563,2,2,1,0.9999783039093018,0.4285714328289032,0.9999780058860779,75.39364624023438
nsl_kdd_v2,dnn_5class_cw,564,3,0,0,0.9999337196350098,0.6666666865348816,0.9999337196350098,87.35418701171875
nsl_kdd_v2,dnn_5class_cw,565,1,1,1,0.9999337196350098,0.4285714328289032,0.9998509287834167,75.38932800292969
nsl_kdd_v2,dnn_5class_cw,566,3,0,0,0.9999337196350098,0.3333333432674408,0.9999337196350098,69.33306121826172
nsl_kdd_v2,dnn_5class_cw,567,0,0,1,0.999798595905304,0.4285714328289032,0.999798595905304,75.3846206665039
nsl_kdd_v2,dnn_5class_cw,568,0,0,1,0.999798595905304,0.4285714328289032,0.999798595905304,75.3846206665039
nsl_kdd_v2,dnn_5class_cw,569,1,1,1,0.9999337196350098,0.4285714328289032,0.9998509287834167,75.38932800292969
nsl_kdd_v2,dnn_5class_cw,570,2,2,1,0.6183111667633057,0.8181818127632141,0.613153338432312,67.6927261352539
nsl_kdd_v2,dnn_5class_cw,571,2,1,0,0.9999337196350098,0.8181818127632141,0.9998509287834167,93.5230712890625
nsl_kdd_v2,dnn_5class_cw,572,2,2,1,0.9999783039093018,0.5384615659713745,0.9999780058860779,81.35393524169922
nsl_kdd_v2,dnn_5class_cw,573,3,0,0,0.9999337196350098,0.3333333432674408,0.9999337196350098,69.33306121826172
nsl_kdd_v2,dnn_5class_cw,574,4,0,0,0.9865148067474365,0.5384615659713745,0.9865148067474365,80.6220703125
nsl_kdd_v2,dnn_5class_cw,575,1,0,0,0.999798059463501,0.4285714328289032,0.999798059463501,75.38459014892578
nsl_kdd_v2,dnn_5class_cw,576,0,0,1,0.999798595905304,0.4285714328289032,0.999798595905304,75.3846206665039
nsl_kdd_v2,dnn_5class_cw,577,0,0,1,0.9999337196350098,0.5384615659713745,0.9999337196350098,81.35152435302734
nsl_kdd_v2,dnn_5class_cw,578,4,0,0,0.9997959136962891,0.4285714328289032,0.9997959136962891,75.38448333740234
nsl_kdd_v2,dnn_5class_cw,579,4,0,0,0.6894311904907227,0.4285714328289032,0.6894311904907227,58.83941650390625
nsl_kdd_v2,dnn_5class_cw,580,2,2,1,0.9999783039093018,0.4285714328289032,0.9999780058860779,75.39364624023438
nsl_kdd_v2,dnn_5class_cw,581,0,0,1,0.9997983574867249,0.4285714328289032,0.9997983574867249,75.38461303710938
nsl_kdd_v2,dnn_5class_cw,582,1,0,0,0.9997982382774353,0.5384615659713745,0.9997982382774353,81.34418487548828
nsl_kdd_v2,dnn_5class_cw,583,4,0,0,0.9078983068466187,0.25,0.9078983068466187,59.06607437133789
nsl_kdd_v2,dnn_5class_cw,584,1,1,1,0.9999337196350098,0.6666666865348816,0.9998509287834167,87.35177612304688
nsl_kdd_v2,dnn_5class_cw,585,2,1,0,0.7085173726081848,0.5384615659713745,0.3445555567741394,50.84576416015625
nsl_kdd_v2,dnn_5class_cw,586,3,0,0,0.9997981786727905,0.5384615659713745,0.9997981786727905,81.34417724609375
nsl_kdd_v2,dnn_5class_cw,587,0,0,1,0.9997984766960144,0.3333333432674408,0.9997984766960144,69.32681274414062
nsl_kdd_v2,dnn_5class_cw,588,4,0,0,0.9997984766960144,0.4285714328289032,0.9997984766960144,75.38461303710938
nsl_kdd_v2,dnn_5class_cw,589,3,0,0,0.9999337196350098,0.4285714328289032,0.9999337196350098,75.39141082763672
nsl_kdd_v2,dnn_5class_cw,590,2,2,1,0.9999783039093018,0.5384615659713745,0.9999780058860779,81.35393524169922
nsl_kdd_v2,dnn_5class_cw,591,3,3,1,0.985135555267334,0.5384615659713745,0.9603821039199829,79.86654663085938
nsl_kdd_v2,dnn_5class_cw,592,1,1,1,0.9999337196350098,0.5384615659713745,0.9998509287834167,81.34927368164062
nsl_kdd_v2,dnn_5class_cw,593,3,0,0,0.9877936840057373,0.6666666865348816,0.9877936840057373,86.64571380615234
nsl_kdd_v2,dnn_5class_cw,594,2,2,1,0.9978950023651123,0.5384615659713745,0.9978665709495544,81.24014282226562
nsl_kdd_v2,dnn_5class_cw,595,2,2,1,0.8224707841873169,0.5384615659713745,0.820071816444397,71.34700012207031
nsl_kdd_v2,dnn_5class_cw,596,0,0,1,0.9997984766960144,0.4285714328289032,0.9997984766960144,75.38461303710938
nsl_kdd_v2,dnn_5class_cw,597,4,4,1,0.5475051403045654,0.6666666865348816,0.5475051403045654,58.46487808227539
nsl_kdd_v2,dnn_5class_cw,598,3,0,0,0.9999256134033203,0.4285714328289032,0.9999256134033203,75.39100646972656
nsl_kdd_v2,dnn_5class_cw,599,0,0,1,0.9999337196350098,0.3333333432674408,0.9999337196350098,69.33306121826172
nsl_kdd_v2,dnn_5class_cw,600,2,2,1,0.9999783039093018,0.5384615659713745,0.9999780058860779,81.35393524169922
nsl_kdd_v2,dnn_5class_cw,601,2,2,1,0.9999783039093018,0.5384615659713745,0.9999780058860779,81.35393524169922
nsl_kdd_v2,dnn_5class_cw,602,2,2,1,0.9810131192207336,0.5384615659713745,0.9807565212249756,80.31504821777344
nsl_kdd_v2,dnn_5class_cw,603,1,1,1,0.9999337196350098,0.4285714328289032,0.9998509287834167,75.38932800292969
nsl_kdd_v2,dnn_5class_cw,604,1,1,1,0.9999337196350098,0.5384615659713745,0.9998509287834167,81.34927368164062
nsl_kdd_v2,dnn_5class_cw,605,1,1,1,0.9999337196350098,0.3333333432674408,0.9998509287834167,69.3311538696289
nsl_kdd_v2,dnn_5class_cw,606,0,0,1,0.9999337196350098,0.4285714328289032,0.9999337196350098,75.39141082763672
nsl_kdd_v2,dnn_5class_cw,607,2,2,1,0.9978950023651123,0.5384615659713745,0.9978665709495544,81.24014282226562
nsl_kdd_v2,dnn_5class_cw,608,1,0,0,0.835271418094635,0.6666666865348816,0.835271418094635,77.4797134399414
nsl_kdd_v2,dnn_5class_cw,609,0,0,1,0.99402916431427,0.5384615659713745,0.99402916431427,81.03096008300781
nsl_kdd_v2,dnn_5class_cw,610,1,1,1,0.9999337196350098,0.25,0.9998509287834167,62.99153137207031
nsl_kdd_v2,dnn_5class_cw,611,1,1,1,0.9999337196350098,0.25,0.9998509287834167,62.99153137207031
nsl_kdd_v2,dnn_5class_cw,612,2,2,1,0.9999783039093018,0.6666666865348816,0.9999780058860779,87.35677337646484
nsl_kdd_v2,dnn_5class_cw,613,0,0,1,0.9999337196350098,0.5384615659713745,0.9999337196350098,81.35152435302734
nsl_kdd_v2,dnn_5class_cw,614,2,2,1,0.9204400181770325,0.5384615659713745,0.9193649291992188,76.95072174072266
nsl_kdd_v2,dnn_5class_cw,615,0,0,1,0.9999337196350098,0.4285714328289032,0.9999337196350098,75.39141082763672
nsl_kdd_v2,dnn_5class_cw,616,2,2,1,0.8754562139511108,0.6666666865348816,0.8737732172012329,79.89396667480469
nsl_kdd_v2,dnn_5class_cw,617,1,1,1,0.9999337196350098,0.5384615659713745,0.9998509287834167,81.34927368164062
nsl_kdd_v2,dnn_5class_cw,618,0,0,1,0.9997984766960144,0.4285714328289032,0.9997984766960144,75.38461303710938
nsl_kdd_v2,dnn_5class_cw,619,1,1,1,0.9999337196350098,0.5384615659713745,0.9998509287834167,81.34927368164062
nsl_kdd_v2,dnn_5class_cw,620,2,1,0,0.9999337196350098,0.5384615659713745,0.9998509287834167,81.34927368164062
nsl_kdd_v2,dnn_5class_cw,621,0,2,0,0.9536963105201721,0.5384615659713745,0.9530705809593201,78.80672454833984
nsl_kdd_v2,dnn_5class_cw,622,1,1,1,0.9999337196350098,0.5384615659713745,0.9998509287834167,81.34927368164062
nsl_kdd_v2,dnn_5class_cw,623,3,0,0,0.987653374671936,0.6666666865348816,0.987653374671936,86.63751220703125
nsl_kdd_v2,dnn_5class_cw,624,4,0,0,0.677721381187439,0.5384615659713745,0.677721381187439,62.77003479003906
nsl_kdd_v2,dnn_5class_cw,625,2,0,0,0.7772807478904724,0.6666666865348816,0.7772807478904724,73.85073852539062
nsl_kdd_v2,dnn_5class_cw,626,3,3,1,0.8277873992919922,0.6666666865348816,0.54100501537323,66.83587646484375
nsl_kdd_v2,dnn_5class_cw,627,2,2,1,0.9999783039093018,0.5384615659713745,0.9999780058860779,81.35393524169922
nsl_kdd_v2,dnn_5class_cw,628,1,1,1,0.9999337196350098,0.5384615659713745,0.9998509287834167,81.34927368164062
nsl_kdd_v2,dnn_5class_cw,629,0,0,1,0.999798595905304,0.3333333432674408,0.999798595905304,69.32682037353516
nsl_kdd_v2,dnn_5class_cw,630,1,1,1,0.9999337196350098,0.8181818127632141,0.9998509287834167,93.5230712890625
nsl_kdd_v2,dnn_5class_cw,631,3,0,0,0.9999337196350098,0.5384615659713745,0.9999337196350098,81.35152435302734
nsl_kdd_v2,dnn_5class_cw,632,1,1,1,0.9999337196350098,0.4285714328289032,0.9998509287834167,75.38932800292969
nsl_kdd_v2,dnn_5class_cw,633,1,0,0,0.999793291091919,0.4285714328289032,0.999793291091919,75.38435363769531
nsl_kdd_v2,dnn_5class_cw,634,2,1,0,0.9999337196350098,0.8181818127632141,0.9998509287834167,93.5230712890625
nsl_kdd_v2,dnn_5class_cw,635,2,2,1,0.9978950023651123,0.6666666865348816,0.9978665709495544,87.23458099365234
nsl_kdd_v2,dnn_5class_cw,636,3,0,0,0.9999337196350098,0.5384615659713745,0.9999337196350098,81.35152435302734
nsl_kdd_v2,dnn_5class_cw,637,0,0,1,0.7772817611694336,0.6666666865348816,0.7772817611694336,73.8508071899414
nsl_kdd_v2,dnn_5class_cw,638,0,0,1,0.999798595905304,0.4285714328289032,0.999798595905304,75.3846206665039
nsl_kdd_v2,dnn_5class_cw,639,1,1,1,0.952252209186554,0.5384615659713745,0.8926315903663635,77.06543731689453
nsl_kdd_v2,dnn_5class_cw,640,3,0,0,0.9997984170913696,0.4285714328289032,0.9997984170913696,75.38461303710938
nsl_kdd_v2,dnn_5class_cw,641,2,2,1,0.9999783039093018,0.6666666865348816,0.9999780058860779,87.35677337646484
nsl_kdd_v2,dnn_5class_cw,642,1,1,1,0.9522522687911987,0.5384615659713745,0.8926317095756531,77.06543731689453
nsl_kdd_v2,dnn_5class_cw,643,1,1,1,0.9999337196350098,0.5384615659713745,0.9998509287834167,81.34927368164062
nsl_kdd_v2,dnn_5class_cw,644,1,1,1,0.9999337196350098,0.5384615659713745,0.9998509287834167,81.34927368164062
nsl_kdd_v2,dnn_5class_cw,645,2,2,1,0.9549776911735535,0.6666666865348816,0.954369306564331,84.69792938232422
nsl_kdd_v2,dnn_5class_cw,646,0,0,1,0.9999337196350098,0.25,0.9999337196350098,62.99327087402344
nsl_kdd_v2,dnn_5class_cw,647,0,0,1,0.9999337196350098,0.4285714328289032,0.9999337196350098,75.39141082763672
nsl_kdd_v2,dnn_5class_cw,648,0,0,1,0.9997984766960144,0.4285714328289032,0.9997984766960144,75.38461303710938
nsl_kdd_v2,dnn_5class_cw,649,1,1,1,0.9999337196350098,0.5384615659713745,0.9998509287834167,81.34927368164062
nsl_kdd_v2,dnn_5class_cw,650,3,0,0,0.9876543283462524,0.5384615659713745,0.9876543283462524,80.68415069580078
nsl_kdd_v2,dnn_5class_cw,651,1,1,1,0.9999337196350098,0.6666666865348816,0.9998509287834167,87.35177612304688
nsl_kdd_v2,dnn_5class_cw,652,0,0,1,0.9997984766960144,0.5384615659713745,0.9997984766960144,81.34419250488281
nsl_kdd_v2,dnn_5class_cw,653,1,1,1,0.9999337196350098,0.4285714328289032,0.9998509287834167,75.38932800292969
nsl_kdd_v2,dnn_5class_cw,654,3,0,0,0.9999337196350098,0.4285714328289032,0.9999337196350098,75.39141082763672
nsl_kdd_v2,dnn_5class_cw,655,1,1,1,0.9999337196350098,0.3333333432674408,0.9998509287834167,69.3311538696289
nsl_kdd_v2,dnn_5class_cw,656,2,1,0,0.872079610824585,0.5384615659713745,0.7123509645462036,69.41739654541016
nsl_kdd_v2,dnn_5class_cw,657,3,3,1,0.7187148928642273,0.5384615659713745,0.2502961754798889,45.925636291503906
nsl_kdd_v2,dnn_5class_cw,658,3,0,0,0.9925216436386108,0.5384615659713745,0.9925216436386108,80.94901275634766
nsl_kdd_v2,dnn_5class_cw,659,4,4,1,0.8006384968757629,0.6666666865348816,0.8006384968757629,75.32292938232422
nsl_kdd_v2,dnn_5class_cw,660,3,0,0,0.9999184608459473,0.5384615659713745,0.9999184608459473,81.35069274902344
nsl_kdd_v2,dnn_5class_cw,661,3,0,0,0.9925249218940735,0.6666666865348816,0.9925249218940735,86.92216491699219
nsl_kdd_v2,dnn_5class_cw,662,3,0,0,0.9620437026023865,0.6666666865348816,0.9620437026023865,85.13329315185547
nsl_kdd_v2,dnn_5class_cw,663,2,2,1,0.9205585718154907,0.5384615659713745,0.9194850921630859,76.95738220214844
nsl_kdd_v2,dnn_5class_cw,664,4,0,0,0.8459253311157227,0.25,0.8459253311157227,56.34663772583008
nsl_kdd_v2,dnn_5class_cw,665,0,0,1,0.9999337196350098,0.4285714328289032,0.9999337196350098,75.39141082763672
nsl_kdd_v2,dnn_5class_cw,666,1,1,1,0.9999337196350098,0.3333333432674408,0.9998509287834167,69.3311538696289
nsl_kdd_v2,dnn_5class_cw,667,0,0,1,0.9997984766960144,0.4285714328289032,0.9997984766960144,75.38461303710938
nsl_kdd_v2,dnn_5class_cw,668,0,0,1,0.9997984766960144,0.5384615659713745,0.9997984766960144,81.34419250488281
nsl_kdd_v2,dnn_5class_cw,669,0,0,1,0.999798595905304,0.5384615659713745,0.999798595905304,81.34420013427734
nsl_kdd_v2,dnn_5class_cw,670,2,2,1,0.9999783039093018,0.5384615659713745,0.9999780058860779,81.35393524169922
nsl_kdd_v2,dnn_5class_cw,671,3,0,0,0.5283575654029846,0.4285714328289032,0.5283575654029846,49.27497100830078
nsl_kdd_v2,dnn_5class_cw,672,0,0,1,0.999798595905304,0.4285714328289032,0.999798595905304,75.3846206665039
nsl_kdd_v2,dnn_5class_cw,673,3,0,0,0.9997982978820801,0.6666666865348816,0.9997982978820801,87.34629821777344
nsl_kdd_v2,dnn_5class_cw,674,2,2,1,0.9205585718154907,0.4285714328289032,0.9194850921630859,71.31919860839844
nsl_kdd_v2,dnn_5class_cw,675,0,0,1,0.9999337196350098,0.5384615659713745,0.9999337196350098,81.35152435302734
nsl_kdd_v2,dnn_5class_cw,676,0,0,1,0.9997984766960144,0.6666666865348816,0.9997984766960144,87.34630584716797
nsl_kdd_v2,dnn_5class_cw,677,3,0,0,0.9999337196350098,0.5384615659713745,0.9999337196350098,81.35152435302734
nsl_kdd_v2,dnn_5class_cw,678,2,2,1,0.7136391997337341,0.4285714328289032,0.7097695469856262,60.09981155395508
nsl_kdd_v2,dnn_5class_cw,679,0,0,1,0.9997984766960144,0.4285714328289032,0.9997984766960144,75.38461303710938
nsl_kdd_v2,dnn_5class_cw,680,0,0,1,0.9997984766960144,0.5384615659713745,0.9997984766960144,81.34419250488281
nsl_kdd_v2,dnn_5class_cw,681,2,2,1,0.9978950023651123,0.5384615659713745,0.9978665709495544,81.24014282226562
nsl_kdd_v2,dnn_5class_cw,682,1,1,1,0.9999337196350098,0.6666666865348816,0.9998509287834167,87.35177612304688
nsl_kdd_v2,dnn_5class_cw,683,2,0,0,0.9997984766960144,0.5384615659713745,0.9997984766960144,81.34419250488281
nsl_kdd_v2,dnn_5class_cw,684,1,1,1,0.9999337196350098,0.4285714328289032,0.9998509287834167,75.38932800292969
nsl_kdd_v2,dnn_5class_cw,685,3,0,0,0.9876543283462524,0.5384615659713745,0.9876543283462524,80.68415069580078
nsl_kdd_v2,dnn_5class_cw,686,3,0,0,0.9999337196350098,0.4285714328289032,0.9999337196350098,75.39141082763672
nsl_kdd_v2,dnn_5class_cw,687,0,0,1,0.9999337196350098,0.4285714328289032,0.9999337196350098,75.39141082763672
nsl_kdd_v2,dnn_5class_cw,688,4,0,0,0.9876320362091064,0.5384615659713745,0.9876320362091064,80.68292999267578
nsl_kdd_v2,dnn_5class_cw,689,0,0,1,0.9999337196350098,0.5384615659713745,0.9999337196350098,81.35152435302734
nsl_kdd_v2,dnn_5class_cw,690,2,2,1,0.9999783039093018,0.6666666865348816,0.9999780058860779,87.35677337646484
nsl_kdd_v2,dnn_5class_cw,691,2,0,0,0.7772805690765381,0.6666666865348816,0.7772805690765381,73.85072326660156
nsl_kdd_v2,dnn_5class_cw,692,0,0,1,0.9999337196350098,0.4285714328289032,0.9999337196350098,75.39141082763672
nsl_kdd_v2,dnn_5class_cw,693,1,0,0,0.999798059463501,0.5384615659713745,0.999798059463501,81.34416961669922
nsl_kdd_v2,dnn_5class_cw,694,1,1,1,0.9999337196350098,0.5384615659713745,0.9998509287834167,81.34927368164062
nsl_kdd_v2,dnn_5class_cw,695,3,0,0,0.9997983574867249,0.5384615659713745,0.9997983574867249,81.34418487548828
nsl_kdd_v2,dnn_5class_cw,696,0,0,1,0.5363016128540039,0.5384615659713745,0.5363016128540039,53.70206069946289
nsl_kdd_v2,dnn_5class_cw,697,1,1,1,0.8873243927955627,0.5384615659713745,0.7466312050819397,70.9220199584961
nsl_kdd_v2,dnn_5class_cw,698,2,0,0,0.9940289258956909,0.6666666865348816,0.9940289258956909,87.00995635986328
nsl_kdd_v2,dnn_5class_cw,699,0,0,1,0.9997983574867249,0.3333333432674408,0.9997983574867249,69.3268051147461
nsl_kdd_v2,dnn_5class_cw,700,4,3,0,0.7319595813751221,0.6666666865348816,0.28559696674346924,51.84614562988281
nsl_kdd_v2,dnn_5class_cw,701,0,0,1,0.999798595905304,0.4285714328289032,0.999798595905304,75.3846206665039
nsl_kdd_v2,dnn_5class_cw,702,1,1,1,0.9999337196350098,0.5384615659713745,0.9998509287834167,81.34927368164062
nsl_kdd_v2,dnn_5class_cw,703,2,2,1,0.7136391997337341,0.6666666865348816,0.7097695469856262,69.63617706298828
nsl_kdd_v2,dnn_5class_cw,704,1,1,1,0.9999337196350098,0.5384615659713745,0.9998509287834167,81.34927368164062
nsl_kdd_v2,dnn_5class_cw,705,0,0,1,0.9997984766960144,0.4285714328289032,0.9997984766960144,75.38461303710938
nsl_kdd_v2,dnn_5class_cw,706,2,2,1,0.8224707841873169,0.6666666865348816,0.820071816444397,76.6114501953125
nsl_kdd_v2,dnn_5class_cw,707,0,0,1,0.9997984766960144,0.4285714328289032,0.9997984766960144,75.38461303710938
nsl_kdd_v2,dnn_5class_cw,708,3,0,0,0.9999337196350098,0.4285714328289032,0.9999337196350098,75.39141082763672
nsl_kdd_v2,dnn_5class_cw,709,2,2,1,0.9999783039093018,0.6666666865348816,0.9999780058860779,87.35677337646484
nsl_kdd_v2,dnn_5class_cw,710,2,2,1,0.9999783039093018,0.6666666865348816,0.9999780058860779,87.35677337646484
nsl_kdd_v2,dnn_5class_cw,711,0,0,1,0.9997984766960144,0.5384615659713745,0.9997984766960144,81.34419250488281
nsl_kdd_v2,dnn_5class_cw,712,3,0,0,0.9999337196350098,0.3333333432674408,0.9999337196350098,69.33306121826172
nsl_kdd_v2,dnn_5class_cw,713,2,2,1,0.9999783039093018,0.6666666865348816,0.9999780058860779,87.35677337646484
nsl_kdd_v2,dnn_5class_cw,714,2,2,1,0.9810131192207336,0.5384615659713745,0.9807565212249756,80.31504821777344
nsl_kdd_v2,dnn_5class_cw,715,2,2,1,0.9999783039093018,0.5384615659713745,0.9999780058860779,81.35393524169922
nsl_kdd_v2,dnn_5class_cw,716,3,0,0,0.999933660030365,0.3333333432674408,0.999933660030365,69.33306121826172
nsl_kdd_v2,dnn_5class_cw,717,0,0,1,0.9997984766960144,0.4285714328289032,0.9997984766960144,75.38461303710938
nsl_kdd_v2,dnn_5class_cw,718,3,0,0,0.9997979998588562,0.4285714328289032,0.9997979998588562,75.38459014892578
nsl_kdd_v2,dnn_5class_cw,719,2,2,1,0.9999783039093018,0.6666666865348816,0.9999780058860779,87.35677337646484
nsl_kdd_v2,dnn_5class_cw,720,2,1,0,0.9999337196350098,0.5384615659713745,0.9998509287834167,81.34927368164062
nsl_kdd_v2,dnn_5class_cw,721,0,0,1,0.992379903793335,0.6666666865348816,0.992379903793335,86.9136962890625
nsl_kdd_v2,dnn_5class_cw,722,0,0,1,0.999798595905304,0.3333333432674408,0.999798595905304,69.32682037353516
nsl_kdd_v2,dnn_5class_cw,723,0,0,1,0.9999337196350098,0.5384615659713745,0.9999337196350098,81.35152435302734
nsl_kdd_v2,dnn_5class_cw,724,0,0,1,0.9999337196350098,0.5384615659713745,0.9999337196350098,81.35152435302734
nsl_kdd_v2,dnn_5class_cw,725,0,0,1,0.9997984766960144,0.4285714328289032,0.9997984766960144,75.38461303710938
nsl_kdd_v2,dnn_5class_cw,726,3,0,0,0.999933660030365,0.4285714328289032,0.999933660030365,75.39141082763672
nsl_kdd_v2,dnn_5class_cw,727,2,2,1,0.9549776911735535,0.4285714328289032,0.954369306564331,73.09892272949219
nsl_kdd_v2,dnn_5class_cw,728,1,1,1,0.9999337196350098,0.3333333432674408,0.9998509287834167,69.3311538696289
nsl_kdd_v2,dnn_5class_cw,729,1,1,1,0.9182010293006897,0.6666666865348816,0.8160622119903564,79.34567260742188
nsl_kdd_v2,dnn_5class_cw,730,2,0,0,0.7172957062721252,0.6666666865348816,0.7172957062721252,70.00059509277344
nsl_kdd_v2,dnn_5class_cw,731,3,0,0,0.9999337196350098,0.4285714328289032,0.9999337196350098,75.39141082763672
nsl_kdd_v2,dnn_5class_cw,732,1,1,1,0.9999337196350098,0.4285714328289032,0.9998509287834167,75.38932800292969
nsl_kdd_v2,dnn_5class_cw,733,0,0,1,0.7772817611694336,0.5384615659713745,0.7772817611694336,68.77604675292969
nsl_kdd_v2,dnn_5class_cw,734,1,1,1,0.9999337196350098,0.6666666865348816,0.9998509287834167,87.35177612304688
nsl_kdd_v2,dnn_5class_cw,735,1,1,1,0.5576004385948181,0.3333333432674408,0.005195140838623047,9.88400650024414
nsl_kdd_v2,dnn_5class_cw,736,1,0,0,0.9997975826263428,0.3333333432674408,0.9997975826263428,69.32676696777344
nsl_kdd_v2,dnn_5class_cw,737,1,1,1,0.9798034429550171,0.6666666865348816,0.9545848965644836,85.43203735351562
nsl_kdd_v2,dnn_5class_cw,738,3,0,0,0.9999337196350098,0.4285714328289032,0.9999337196350098,75.39141082763672
nsl_kdd_v2,dnn_5class_cw,739,0,0,1,0.7494496703147888,0.6666666865348816,0.7494496703147888,72.07719421386719
nsl_kdd_v2,dnn_5class_cw,740,3,0,0,0.9165707230567932,0.6666666865348816,0.9165707230567932,82.42903900146484
nsl_kdd_v2,dnn_5class_cw,741,0,0,1,0.9997984766960144,0.4285714328289032,0.9997984766960144,75.38461303710938
nsl_kdd_v2,dnn_5class_cw,742,2,2,1,0.9999783039093018,0.5384615659713745,0.9999780058860779,81.35393524169922
nsl_kdd_v2,dnn_5class_cw,743,2,2,1,0.9999783039093018,0.5384615659713745,0.9999780058860779,81.35393524169922
nsl_kdd_v2,dnn_5class_cw,744,3,0,0,0.9999337196350098,0.4285714328289032,0.9999337196350098,75.39141082763672
nsl_kdd_v2,dnn_5class_cw,745,2,2,1,0.9999783039093018,0.5384615659713745,0.9999780058860779,81.35393524169922
nsl_kdd_v2,dnn_5class_cw,746,1,1,1,0.8873243927955627,0.5384615659713745,0.7466312050819397,70.9220199584961
nsl_kdd_v2,dnn_5class_cw,747,0,0,1,0.9999337196350098,0.3333333432674408,0.9999337196350098,69.33306121826172
nsl_kdd_v2,dnn_5class_cw,748,2,1,0,0.9999337196350098,0.6666666865348816,0.9998509287834167,87.35177612304688
nsl_kdd_v2,dnn_5class_cw,749,2,2,1,0.9978950023651123,0.5384615659713745,0.9978665709495544,81.24014282226562
nsl_kdd_v2,dnn_5class_cw,750,0,0,1,0.9997984766960144,0.5384615659713745,0.9997984766960144,81.34419250488281
nsl_kdd_v2,dnn_5class_cw,751,2,2,1,0.9931526184082031,0.5384615659713745,0.9930601119995117,80.98080444335938
nsl_kdd_v2,dnn_5class_cw,752,0,0,1,0.9997979998588562,0.3333333432674408,0.9997979998588562,69.32678985595703
nsl_kdd_v2,dnn_5class_cw,753,2,1,0,0.7085164189338684,0.5384615659713745,0.3445534110069275,50.84564208984375
nsl_kdd_v2,dnn_5class_cw,754,3,0,0,0.992386519908905,0.4285714328289032,0.992386519908905,75.01158142089844
nsl_kdd_v2,dnn_5class_cw,755,1,1,1,0.9522522687911987,0.5384615659713745,0.8926317095756531,77.06543731689453
nsl_kdd_v2,dnn_5class_cw,756,0,1,0,0.9999337196350098,0.4285714328289032,0.9998509287834167,75.38932800292969
nsl_kdd_v2,dnn_5class_cw,757,1,0,0,0.8352711200714111,0.5384615659713745,0.8352711200714111,72.15557098388672
nsl_kdd_v2,dnn_5class_cw,758,0,0,1,0.9999337196350098,0.4285714328289032,0.9999337196350098,75.39141082763672
nsl_kdd_v2,dnn_5class_cw,759,1,1,1,0.9999337196350098,0.5384615659713745,0.9998509287834167,81.34927368164062
nsl_kdd_v2,dnn_5class_cw,760,3,0,0,0.999933660030365,0.5384615659713745,0.999933660030365,81.35152435302734
nsl_kdd_v2,dnn_5class_cw,761,0,0,1,0.999798595905304,0.4285714328289032,0.999798595905304,75.3846206665039
nsl_kdd_v2,dnn_5class_cw,762,0,0,1,0.9999337196350098,0.5384615659713745,0.9999337196350098,81.35152435302734
nsl_kdd_v2,dnn_5class_cw,763,3,0,0,0.9997984766960144,0.4285714328289032,0.9997984766960144,75.38461303710938
nsl_kdd_v2,dnn_5class_cw,764,0,0,1,0.9997984766960144,0.5384615659713745,0.9997984766960144,81.34419250488281
nsl_kdd_v2,dnn_5class_cw,765,3,3,1,0.6273736953735352,0.5384615659713745,0.006846189498901367,13.224419593811035
nsl_kdd_v2,dnn_5class_cw,766,2,0,0,0.7410860061645508,0.5384615659713745,0.7410860061645508,66.62399291992188
nsl_kdd_v2,dnn_5class_cw,767,0,0,1,0.9999337196350098,0.5384615659713745,0.9999337196350098,81.35152435302734
nsl_kdd_v2,dnn_5class_cw,768,0,0,1,0.9999337196350098,0.4285714328289032,0.9999337196350098,75.39141082763672
nsl_kdd_v2,dnn_5class_cw,769,2,2,1,0.9810131192207336,0.5384615659713745,0.9807565212249756,80.31504821777344
nsl_kdd_v2,dnn_5class_cw,770,1,1,1,0.9999337196350098,0.3333333432674408,0.9998509287834167,69.3311538696289
nsl_kdd_v2,dnn_5class_cw,771,0,2,0,0.9536963105201721,0.6666666865348816,0.9530705809593201,84.62161254882812
nsl_kdd_v2,dnn_5class_cw,772,1,1,1,0.9999337196350098,0.4285714328289032,0.9998509287834167,75.38932800292969
nsl_kdd_v2,dnn_5class_cw,773,1,1,1,0.9999337196350098,0.5384615659713745,0.9998509287834167,81.34927368164062
nsl_kdd_v2,dnn_5class_cw,774,3,0,0,0.9045645594596863,0.5384615659713745,0.9045645594596863,76.09297943115234
nsl_kdd_v2,dnn_5class_cw,775,3,0,0,0.9925073981285095,0.5384615659713745,0.9925073981285095,80.9482421875
nsl_kdd_v2,dnn_5class_cw,776,3,0,0,0.9997979998588562,0.4285714328289032,0.9997979998588562,75.38459014892578
nsl_kdd_v2,dnn_5class_cw,777,4,0,0,0.5134663581848145,0.4285714328289032,0.5134663581848145,48.34471893310547
nsl_kdd_v2,dnn_5class_cw,778,1,0,0,0.9997981190681458,0.4285714328289032,0.9997981190681458,75.38459014892578
nsl_kdd_v2,dnn_5class_cw,779,0,0,1,0.9999337196350098,0.4285714328289032,0.9999337196350098,75.39141082763672
nsl_kdd_v2,dnn_5class_cw,780,0,0,1,0.999798595905304,0.4285714328289032,0.999798595905304,75.3846206665039
nsl_kdd_v2,dnn_5class_cw,781,0,0,1,0.9997984766960144,0.4285714328289032,0.9997984766960144,75.38461303710938
nsl_kdd_v2,dnn_5class_cw,782,0,0,1,0.999798595905304,0.6666666865348816,0.999798595905304,87.3463134765625
nsl_kdd_v2,dnn_5class_cw,783,1,1,1,0.9999337196350098,0.4285714328289032,0.9998509287834167,75.38932800292969
nsl_kdd_v2,dnn_5class_cw,784,1,1,1,0.8085264563560486,0.6666666865348816,0.5694416761398315,67.45550537109375
nsl_kdd_v2,dnn_5class_cw,785,0,0,1,0.999798595905304,0.4285714328289032,0.999798595905304,75.3846206665039
nsl_kdd_v2,dnn_5class_cw,786,3,0,0,0.9997976422309875,0.5384615659713745,0.9997976422309875,81.34414672851562
nsl_kdd_v2,dnn_5class_cw,787,1,0,0,0.9997978806495667,0.5384615659713745,0.9997978806495667,81.34415435791016
nsl_kdd_v2,dnn_5class_cw,788,1,1,1,0.9999337196350098,0.5384615659713745,0.9998509287834167,81.34927368164062
nsl_kdd_v2,dnn_5class_cw,789,4,0,0,0.9852009415626526,0.4285714328289032,0.9852009415626526,74.6490478515625
nsl_kdd_v2,dnn_5class_cw,790,0,0,1,0.9999337196350098,0.4285714328289032,0.9999337196350098,75.39141082763672
nsl_kdd_v2,dnn_5class_cw,791,0,0,1,0.999798595905304,0.4285714328289032,0.999798595905304,75.3846206665039
nsl_kdd_v2,dnn_5class_cw,792,1,1,1,0.9999337196350098,0.4285714328289032,0.9998509287834167,75.38932800292969
nsl_kdd_v2,dnn_5class_cw,793,2,1,0,0.9999337196350098,0.6666666865348816,0.9998509287834167,87.35177612304688
nsl_kdd_v2,dnn_5class_cw,794,1,1,1,0.9798034429550171,0.5384615659713745,0.9545848965644836,79.56146240234375
nsl_kdd_v2,dnn_5class_cw,795,2,0,0,0.9997982978820801,0.5384615659713745,0.9997982978820801,81.34418487548828
nsl_kdd_v2,dnn_5class_cw,796,2,0,0,0.7172949910163879,0.6666666865348816,0.7172949910163879,70.00054931640625
nsl_kdd_v2,dnn_5class_cw,797,1,1,1,0.9999337196350098,0.4285714328289032,0.9998509287834167,75.38932800292969
nsl_kdd_v2,dnn_5class_cw,798,1,1,1,0.9978210926055908,0.5384615659713745,0.9951003789901733,81.16300201416016
nsl_kdd_v2,dnn_5class_cw,799,3,0,0,0.9997977614402771,0.5384615659713745,0.9997977614402771,81.34415435791016
nsl_kdd_v2,dnn_5class_cw,800,2,1,0,0.9999337196350098,0.6666666865348816,0.9998509287834167,87.35177612304688
nsl_kdd_v2,dnn_5class_cw,801,2,2,1,0.9978950023651123,0.5384615659713745,0.9978665709495544,81.24014282226562
nsl_kdd_v2,dnn_5class_cw,802,0,0,1,0.9997984766960144,0.3333333432674408,0.9997984766960144,69.32681274414062
nsl_kdd_v2,dnn_5class_cw,803,0,0,1,0.9999337196350098,0.4285714328289032,0.9999337196350098,75.39141082763672
nsl_kdd_v2,dnn_5class_cw,804,1,1,1,0.9999337196350098,0.25,0.9998509287834167,62.99153137207031
nsl_kdd_v2,dnn_5class_cw,805,3,0,0,0.9997984766960144,0.4285714328289032,0.9997984766960144,75.38461303710938
nsl_kdd_v2,dnn_5class_cw,806,3,0,0,0.9924339652061462,0.6666666865348816,0.9924339652061462,86.91685485839844
nsl_kdd_v2,dnn_5class_cw,807,2,0,0,0.8730588555335999,0.5384615659713745,0.8730588555335999,74.31570434570312
nsl_kdd_v2,dnn_5class_cw,808,3,0,0,0.9924198389053345,0.3333333432674408,0.9924198389053345,68.98529815673828
nsl_kdd_v2,dnn_5class_cw,809,4,4,1,0.8008187413215637,0.4285714328289032,0.8008187413215637,65.01754760742188
nsl_kdd_v2,dnn_5class_cw,810,0,0,1,0.9997984766960144,0.1764705926179886,0.9997984766960144,56.083152770996094
nsl_kdd_v2,dnn_5class_cw,811,4,0,0,0.9997983574867249,0.25,0.9997983574867249,62.98758316040039
nsl_kdd_v2,dnn_5class_cw,812,2,2,1,0.6970854997634888,0.5384615659713745,0.6929921507835388,63.834632873535156
nsl_kdd_v2,dnn_5class_cw,813,0,0,1,0.9997984766960144,0.5384615659713745,0.9997984766960144,81.34419250488281
nsl_kdd_v2,dnn_5class_cw,814,1,1,1,0.9999337196350098,0.3333333432674408,0.9998509287834167,69.3311538696289
nsl_kdd_v2,dnn_5class_cw,815,1,1,1,0.9999337196350098,0.6666666865348816,0.9998509287834167,87.35177612304688
nsl_kdd_v2,dnn_5class_cw,816,1,1,1,0.9999337196350098,0.4285714328289032,0.9998509287834167,75.38932800292969
nsl_kdd_v2,dnn_5class_cw,817,2,2,1,0.9999783039093018,0.6666666865348816,0.9999780058860779,87.35677337646484
nsl_kdd_v2,dnn_5class_cw,818,1,1,1,0.9999337196350098,0.4285714328289032,0.9998509287834167,75.38932800292969
nsl_kdd_v2,dnn_5class_cw,819,0,0,1,0.9999337196350098,0.5384615659713745,0.9999337196350098,81.35152435302734
nsl_kdd_v2,dnn_5class_cw,820,3,0,0,0.9997970461845398,0.5384615659713745,0.9997970461845398,81.3441162109375
nsl_kdd_v2,dnn_5class_cw,821,4,0,0,0.9997978210449219,0.5384615659713745,0.9997978210449219,81.34415435791016
nsl_kdd_v2,dnn_5class_cw,822,1,1,1,0.9999337196350098,0.4285714328289032,0.9998509287834167,75.38932800292969
nsl_kdd_v2,dnn_5class_cw,823,3,0,0,0.9999337196350098,0.5384615659713745,0.9999337196350098,81.35152435302734
nsl_kdd_v2,dnn_5class_cw,824,1,1,1,0.9999337196350098,0.4285714328289032,0.9998509287834167,75.38932800292969
nsl_kdd_v2,dnn_5class_cw,825,1,1,1,0.9999337196350098,0.5384615659713745,0.9998509287834167,81.34927368164062
nsl_kdd_v2,dnn_5class_cw,826,0,0,1,0.9999337196350098,0.4285714328289032,0.9999337196350098,75.39141082763672
nsl_kdd_v2,dnn_5class_cw,827,1,1,1,0.9999337196350098,0.4285714328289032,0.9998509287834167,75.38932800292969
nsl_kdd_v2,dnn_5class_cw,828,2,2,1,0.9978950023651123,0.4285714328289032,0.9978665709495544,75.2881851196289
nsl_kdd_v2,dnn_5class_cw,829,2,2,1,0.9999783039093018,0.5384615659713745,0.9999780058860779,81.35393524169922
nsl_kdd_v2,dnn_5class_cw,830,3,0,0,0.9999337196350098,0.4285714328289032,0.9999337196350098,75.39141082763672
nsl_kdd_v2,dnn_5class_cw,831,3,3,1,0.6273732781410217,0.5384615659713745,0.00684511661529541,13.223725318908691
nsl_kdd_v2,dnn_5class_cw,832,1,1,1,0.9999337196350098,0.5384615659713745,0.9998509287834167,81.34927368164062
nsl_kdd_v2,dnn_5class_cw,833,2,2,1,0.6625678539276123,0.8181818127632141,0.6580080986022949,70.92028045654297
nsl_kdd_v2,dnn_5class_cw,834,1,1,1,0.9999337196350098,0.5384615659713745,0.9998509287834167,81.34927368164062
nsl_kdd_v2,dnn_5class_cw,835,2,2,1,0.9999783039093018,0.6666666865348816,0.9999780058860779,87.35677337646484
nsl_kdd_v2,dnn_5class_cw,836,1,1,1,0.9999337196350098,0.5384615659713745,0.9998509287834167,81.34927368164062
nsl_kdd_v2,dnn_5class_cw,837,4,0,0,0.6894322633743286,0.6666666865348816,0.6894322633743286,68.17586517333984
nsl_kdd_v2,dnn_5class_cw,838,3,0,0,0.9997984766960144,0.4285714328289032,0.9997984766960144,75.38461303710938
nsl_kdd_v2,dnn_5class_cw,839,3,0,0,0.9999337196350098,0.5384615659713745,0.9999337196350098,81.35152435302734
nsl_kdd_v2,dnn_5class_cw,840,0,0,1,0.9999337196350098,0.4285714328289032,0.9999337196350098,75.39141082763672
nsl_kdd_v2,dnn_5class_cw,841,0,0,1,0.9997984766960144,0.4285714328289032,0.9997984766960144,75.38461303710938
nsl_kdd_v2,dnn_5class_cw,842,3,0,0,0.6711943745613098,0.5384615659713745,0.6711943745613098,62.36636734008789
nsl_kdd_v2,dnn_5class_cw,843,0,2,0,0.6183112859725952,0.4285714328289032,0.6131534576416016,54.56739044189453
nsl_kdd_v2,dnn_5class_cw,844,1,1,1,0.9999337196350098,0.4285714328289032,0.9998509287834167,75.38932800292969
nsl_kdd_v2,dnn_5class_cw,845,3,0,0,0.9997982978820801,0.5384615659713745,0.9997982978820801,81.34418487548828
nsl_kdd_v2,dnn_5class_cw,846,0,0,1,0.9997984170913696,0.5384615659713745,0.9997984170913696,81.34418487548828
nsl_kdd_v2,dnn_5class_cw,847,1,1,1,0.9999337196350098,0.6666666865348816,0.9998509287834167,87.35177612304688
nsl_kdd_v2,dnn_5class_cw,848,1,1,1,0.9999337196350098,0.6666666865348816,0.9998509287834167,87.35177612304688
nsl_kdd_v2,dnn_5class_cw,849,4,0,0,0.9323800206184387,0.25,0.9323800206184387,60.1231803894043
nsl_kdd_v2,dnn_5class_cw,850,2,0,0,0.6094434261322021,0.6666666865348816,0.6094434261322021,62.795021057128906
nsl_kdd_v2,dnn_5class_cw,851,1,0,0,0.9997959733009338,0.5384615659713745,0.9997959733009338,81.34405517578125
nsl_kdd_v2,dnn_5class_cw,852,0,0,1,0.9997984766960144,0.5384615659713745,0.9997984766960144,81.34419250488281
nsl_kdd_v2,dnn_5class_cw,853,1,1,1,0.9999337196350098,0.4285714328289032,0.9998509287834167,75.38932800292969
nsl_kdd_v2,dnn_5class_cw,854,2,0,0,0.7772805690765381,0.6666666865348816,0.7772805690765381,73.85072326660156
nsl_kdd_v2,dnn_5class_cw,855,3,0,0,0.9925249218940735,0.6666666865348816,0.9925249218940735,86.92216491699219
nsl_kdd_v2,dnn_5class_cw,856,1,1,1,0.9999337196350098,0.4285714328289032,0.9998509287834167,75.38932800292969
nsl_kdd_v2,dnn_5class_cw,857,0,0,1,0.9997984766960144,0.5384615659713745,0.9997984766960144,81.34419250488281
nsl_kdd_v2,dnn_5class_cw,858,3,0,0,0.9997978210449219,0.5384615659713745,0.9997978210449219,81.34415435791016
nsl_kdd_v2,dnn_5class_cw,859,3,0,0,0.6018272042274475,0.4285714328289032,0.6018272042274475,53.743045806884766
nsl_kdd_v2,dnn_5class_cw,860,3,0,0,0.6029605269432068,0.5384615659713745,0.6029605269432068,58.06451416015625
nsl_kdd_v2,dnn_5class_cw,861,1,0,0,0.9940294027328491,0.5384615659713745,0.9940294027328491,81.03096771240234
nsl_kdd_v2,dnn_5class_cw,862,1,0,0,0.9997984170913696,0.5384615659713745,0.9997984170913696,81.34418487548828
nsl_kdd_v2,dnn_5class_cw,863,1,0,0,0.9997977018356323,0.3333333432674408,0.9997977018356323,69.32677459716797
nsl_kdd_v2,dnn_5class_cw,864,2,2,1,0.9810131192207336,0.6666666865348816,0.9807565212249756,86.24122619628906
nsl_kdd_v2,dnn_5class_cw,865,4,0,0,0.9997983574867249,0.4285714328289032,0.9997983574867249,75.38461303710938
nsl_kdd_v2,dnn_5class_cw,866,3,0,0,0.6597198247909546,0.5384615659713745,0.6597198247909546,61.653526306152344
nsl_kdd_v2,dnn_5class_cw,867,3,0,0,0.999798595905304,0.5384615659713745,0.999798595905304,81.34420013427734
nsl_kdd_v2,dnn_5class_cw,868,3,0,0,0.6753932237625122,0.6666666865348816,0.6753932237625122,67.24717712402344
nsl_kdd_v2,dnn_5class_cw,869,4,0,0,0.9997983574867249,0.3333333432674408,0.9997983574867249,69.3268051147461
nsl_kdd_v2,dnn_5class_cw,870,2,2,1,0.9999783039093018,0.6666666865348816,0.9999780058860779,87.35677337646484
nsl_kdd_v2,dnn_5class_cw,871,3,0,0,0.9999337196350098,0.5384615659713745,0.9999337196350098,81.35152435302734
nsl_kdd_v2,dnn_5class_cw,872,2,2,1,0.9999783039093018,0.5384615659713745,0.9999780058860779,81.35393524169922
nsl_kdd_v2,dnn_5class_cw,873,2,2,1,0.9999783039093018,0.6666666865348816,0.9999780058860779,87.35677337646484
nsl_kdd_v2,dnn_5class_cw,874,1,1,1,0.9999337196350098,0.5384615659713745,0.9998509287834167,81.34927368164062
nsl_kdd_v2,dnn_5class_cw,875,1,1,1,0.9999337196350098,0.4285714328289032,0.9998509287834167,75.38932800292969
nsl_kdd_v2,dnn_5class_cw,876,0,0,1,0.9999337196350098,0.6666666865348816,0.9999337196350098,87.35418701171875
nsl_kdd_v2,dnn_5class_cw,877,0,0,1,0.9999337196350098,0.5384615659713745,0.9999337196350098,81.35152435302734
nsl_kdd_v2,dnn_5class_cw,878,3,0,0,0.9997984766960144,0.6666666865348816,0.9997984766960144,87.34630584716797
nsl_kdd_v2,dnn_5class_cw,879,2,2,1,0.8903390169143677,0.4285714328289032,0.8888571262359619,69.73811340332031
nsl_kdd_v2,dnn_5class_cw,880,1,1,1,0.9999337196350098,0.25,0.9998509287834167,62.99153137207031
nsl_kdd_v2,dnn_5class_cw,881,4,0,0,0.9997982382774353,0.5384615659713745,0.9997982382774353,81.34418487548828
nsl_kdd_v2,dnn_5class_cw,882,0,0,1,0.999798595905304,0.6666666865348816,0.999798595905304,87.3463134765625
nsl_kdd_v2,dnn_5class_cw,883,2,2,1,0.9999783039093018,0.5384615659713745,0.9999780058860779,81.35393524169922
nsl_kdd_v2,dnn_5class_cw,884,3,0,0,0.6049988269805908,0.5384615659713745,0.6049988269805908,58.19529724121094
nsl_kdd_v2,dnn_5class_cw,885,0,0,1,0.999798595905304,0.4285714328289032,0.999798595905304,75.3846206665039
nsl_kdd_v2,dnn_5class_cw,886,1,1,1,0.9798034429550171,0.5384615659713745,0.9545848965644836,79.56146240234375
nsl_kdd_v2,dnn_5class_cw,887,3,0,0,0.9999337196350098,0.5384615659713745,0.9999337196350098,81.35152435302734
nsl_kdd_v2,dnn_5class_cw,888,2,2,1,0.9810131192207336,0.6666666865348816,0.9807565212249756,86.24122619628906
nsl_kdd_v2,dnn_5class_cw,889,0,0,1,0.9999337196350098,0.5384615659713745,0.9999337196350098,81.35152435302734
nsl_kdd_v2,dnn_5class_cw,890,2,2,1,0.9978950023651123,0.5384615659713745,0.9978665709495544,81.24014282226562
nsl_kdd_v2,dnn_5class_cw,891,0,0,1,0.9260813593864441,0.4285714328289032,0.9260813593864441,71.63201904296875
nsl_kdd_v2,dnn_5class_cw,892,1,1,1,0.9999337196350098,0.6666666865348816,0.9998509287834167,87.35177612304688
nsl_kdd_v2,dnn_5class_cw,893,3,0,0,0.6770755648612976,0.5384615659713745,0.6770755648612976,62.73015213012695
nsl_kdd_v2,dnn_5class_cw,894,4,4,1,0.5548712015151978,0.5384615659713745,0.5548712015151978,54.93465042114258
nsl_kdd_v2,dnn_5class_cw,895,0,0,1,0.9999337196350098,0.5384615659713745,0.9999337196350098,81.35152435302734
nsl_kdd_v2,dnn_5class_cw,896,0,0,1,0.9999337196350098,0.4285714328289032,0.9999337196350098,75.39141082763672
nsl_kdd_v2,dnn_5class_cw,897,1,1,1,0.9999337196350098,0.3333333432674408,0.9998509287834167,69.3311538696289
nsl_kdd_v2,dnn_5class_cw,898,3,0,0,0.9603015184402466,0.6666666865348816,0.9603015184402466,85.03048706054688
nsl_kdd_v2,dnn_5class_cw,899,0,0,1,0.9997984766960144,0.3333333432674408,0.9997984766960144,69.32681274414062
nsl_kdd_v2,dnn_5class_cw,900,1,1,1,0.9999337196350098,0.5384615659713745,0.9998509287834167,81.34927368164062
nsl_kdd_v2,dnn_5class_cw,901,1,0,0,0.9620459675788879,0.4285714328289032,0.9620459675788879,73.47477722167969
nsl_kdd_v2,dnn_5class_cw,902,2,2,1,0.9999783039093018,0.4285714328289032,0.9999780058860779,75.39364624023438
nsl_kdd_v2,dnn_5class_cw,903,0,0,1,0.9999337196350098,0.3333333432674408,0.9999337196350098,69.33306121826172
nsl_kdd_v2,dnn_5class_cw,904,1,1,1,0.9999337196350098,0.4285714328289032,0.9998509287834167,75.38932800292969
nsl_kdd_v2,dnn_5class_cw,905,2,0,0,0.9774684906005859,0.5384615659713745,0.9774684906005859,80.12844848632812
nsl_kdd_v2,dnn_5class_cw,906,1,1,1,0.9999337196350098,0.4285714328289032,0.9998509287834167,75.38932800292969
nsl_kdd_v2,dnn_5class_cw,907,1,1,1,0.9978210926055908,0.25,0.9951003789901733,62.847286224365234
nsl_kdd_v2,dnn_5class_cw,908,2,0,0,0.9997914433479309,0.6666666865348816,0.9997914433479309,87.34590148925781
nsl_kdd_v2,dnn_5class_cw,909,2,2,1,0.9865758419036865,0.5384615659713745,0.986394464969635,80.6204605102539
nsl_kdd_v2,dnn_5class_cw,910,2,2,1,0.9978950023651123,0.5384615659713745,0.9978665709495544,81.24014282226562
nsl_kdd_v2,dnn_5class_cw,911,4,0,0,0.926827609539032,0.6666666865348816,0.926827609539032,83.0428466796875
nsl_kdd_v2,dnn_5class_cw,912,1,1,1,0.8085264563560486,0.5384615659713745,0.5694416761398315,62.820213317871094
nsl_kdd_v2,dnn_5class_cw,913,1,1,1,0.6173179149627686,0.4285714328289032,0.13947927951812744,33.292564392089844
nsl_kdd_v2,dnn_5class_cw,914,0,0,1,0.9999337196350098,0.5384615659713745,0.9999337196350098,81.35152435302734
nsl_kdd_v2,dnn_5class_cw,915,2,2,1,0.9999783039093018,0.4285714328289032,0.9999780058860779,75.39364624023438
nsl_kdd_v2,dnn_5class_cw,916,4,0,0,0.9346890449523926,0.6666666865348816,0.9346890449523926,83.51177215576172
nsl_kdd_v2,dnn_5class_cw,917,0,0,1,0.5434218049049377,0.6666666865348816,0.5434218049049377,58.173824310302734
nsl_kdd_v2,dnn_5class_cw,918,0,0,1,0.9999337196350098,0.4285714328289032,0.9999337196350098,75.39141082763672
nsl_kdd_v2,dnn_5class_cw,919,1,1,1,0.9999337196350098,0.6666666865348816,0.9998509287834167,87.35177612304688
nsl_kdd_v2,dnn_5class_cw,920,3,0,0,0.9825561046600342,0.5384615659713745,0.9825561046600342,80.40625
nsl_kdd_v2,dnn_5class_cw,921,1,1,1,0.9978210926055908,0.3333333432674408,0.9951003789901733,69.1723861694336
nsl_kdd_v2,dnn_5class_cw,922,1,1,1,0.5223775506019592,0.5384615659713745,0.0,0.6552087068557739
nsl_kdd_v2,dnn_5class_cw,923,3,0,0,0.9837349057197571,0.6666666865348816,0.9837349057197571,86.408203125
nsl_kdd_v2,dnn_5class_cw,924,3,0,0,0.9871292114257812,0.5384615659713745,0.9871292114257812,80.65554809570312
nsl_kdd_v2,dnn_5class_cw,925,1,0,0,0.962035596370697,0.5384615659713745,0.962035596370697,79.28279876708984
nsl_kdd_v2,dnn_5class_cw,926,3,0,0,0.6723727583885193,0.4285714328289032,0.6723727583885193,57.864803314208984
nsl_kdd_v2,dnn_5class_cw,927,3,0,0,0.5077254772186279,0.5384615659713745,0.5077254772186279,51.777076721191406
nsl_kdd_v2,dnn_5class_cw,928,1,1,1,0.9999337196350098,0.5384615659713745,0.9998509287834167,81.34927368164062
nsl_kdd_v2,dnn_5class_cw,929,3,0,0,0.9999337196350098,0.4285714328289032,0.9999337196350098,75.39141082763672
nsl_kdd_v2,dnn_5class_cw,930,1,1,1,0.9999337196350098,0.5384615659713745,0.9998509287834167,81.34927368164062
nsl_kdd_v2,dnn_5class_cw,931,0,0,1,0.9997984170913696,0.5384615659713745,0.9997984170913696,81.34418487548828
nsl_kdd_v2,dnn_5class_cw,932,2,0,0,0.5363016128540039,0.4285714328289032,0.5363016128540039,49.76765060424805
nsl_kdd_v2,dnn_5class_cw,933,1,0,0,0.9620333909988403,0.5384615659713745,0.9620333909988403,79.28268432617188
nsl_kdd_v2,dnn_5class_cw,934,0,0,1,0.999798595905304,0.5384615659713745,0.999798595905304,81.34420013427734
nsl_kdd_v2,dnn_5class_cw,935,2,2,1,0.9978950023651123,0.4285714328289032,0.9978665709495544,75.2881851196289
nsl_kdd_v2,dnn_5class_cw,936,4,0,0,0.9819692373275757,0.8181818127632141,0.9819692373275757,92.40210723876953
nsl_kdd_v2,dnn_5class_cw,937,4,0,0,0.6210067272186279,0.3333333432674408,0.6210067272186279,50.46889114379883
nsl_kdd_v2,dnn_5class_cw,938,3,0,0,0.6747186183929443,0.5384615659713745,0.6747186183929443,62.5844841003418
nsl_kdd_v2,dnn_5class_cw,939,0,0,1,0.9997984766960144,0.3333333432674408,0.9997984766960144,69.32681274414062
nsl_kdd_v2,dnn_5class_cw,940,1,1,1,0.9999337196350098,0.5384615659713745,0.9998509287834167,81.34927368164062
nsl_kdd_v2,dnn_5class_cw,941,2,2,1,0.6183111667633057,0.8181818127632141,0.613153338432312,67.6927261352539
nsl_kdd_v2,dnn_5class_cw,942,3,2,0,0.7136391997337341,0.4285714328289032,0.7097695469856262,60.09981155395508
nsl_kdd_v2,dnn_5class_cw,943,0,0,1,0.9999337196350098,0.5384615659713745,0.9999337196350098,81.35152435302734
nsl_kdd_v2,dnn_5class_cw,944,1,1,1,0.9978210926055908,0.4285714328289032,0.9951003789901733,75.2166976928711
nsl_kdd_v2,dnn_5class_cw,945,3,0,0,0.9876542687416077,0.4285714328289032,0.9876542687416077,74.7729263305664
nsl_kdd_v2,dnn_5class_cw,946,3,0,0,0.9997984766960144,0.5384615659713745,0.9997984766960144,81.34419250488281
nsl_kdd_v2,dnn_5class_cw,947,1,1,1,0.9999337196350098,0.4285714328289032,0.9998509287834167,75.38932800292969
nsl_kdd_v2,dnn_5class_cw,948,0,0,1,0.999798595905304,0.3333333432674408,0.999798595905304,69.32682037353516
nsl_kdd_v2,dnn_5class_cw,949,0,0,1,0.9997984766960144,0.5384615659713745,0.9997984766960144,81.34419250488281
nsl_kdd_v2,dnn_5class_cw,950,3,0,0,0.9997984170913696,0.6666666865348816,0.9997984170913696,87.34630584716797
nsl_kdd_v2,dnn_5class_cw,951,1,1,1,0.9999337196350098,0.5384615659713745,0.9998509287834167,81.34927368164062
nsl_kdd_v2,dnn_5class_cw,952,2,2,1,0.9536963105201721,0.5384615659713745,0.9530705809593201,78.80672454833984
nsl_kdd_v2,dnn_5class_cw,953,0,0,1,0.9999337196350098,0.3333333432674408,0.9999337196350098,69.33306121826172
nsl_kdd_v2,dnn_5class_cw,954,1,2,0,0.8224707841873169,0.5384615659713745,0.820071816444397,71.34700012207031
nsl_kdd_v2,dnn_5class_cw,955,3,0,0,0.9134553074836731,0.8181818127632141,0.9134553074836731,88.05245971679688
nsl_kdd_v2,dnn_5class_cw,956,1,1,1,0.9999337196350098,0.6666666865348816,0.9998509287834167,87.35177612304688
nsl_kdd_v2,dnn_5class_cw,957,1,0,0,0.9997981190681458,0.5384615659713745,0.9997981190681458,81.34417724609375
nsl_kdd_v2,dnn_5class_cw,958,3,0,0,0.9997984766960144,0.4285714328289032,0.9997984766960144,75.38461303710938
nsl_kdd_v2,dnn_5class_cw,959,1,1,1,0.9999337196350098,0.5384615659713745,0.9998509287834167,81.34927368164062
nsl_kdd_v2,dnn_5class_cw,960,0,2,0,0.9999783039093018,0.8181818127632141,0.9999780058860779,93.52842712402344
nsl_kdd_v2,dnn_5class_cw,961,2,2,1,0.9999783039093018,0.5384615659713745,0.9999780058860779,81.35393524169922
nsl_kdd_v2,dnn_5class_cw,962,1,1,1,0.9999337196350098,0.4285714328289032,0.9998509287834167,75.38932800292969
nsl_kdd_v2,dnn_5class_cw,963,1,1,1,0.9999337196350098,0.6666666865348816,0.9998509287834167,87.35177612304688
nsl_kdd_v2,dnn_5class_cw,964,0,0,1,0.999798595905304,0.3333333432674408,0.999798595905304,69.32682037353516
nsl_kdd_v2,dnn_5class_cw,965,1,1,1,0.9999337196350098,0.4285714328289032,0.9998509287834167,75.38932800292969
nsl_kdd_v2,dnn_5class_cw,966,3,0,0,0.9997984766960144,0.3333333432674408,0.9997984766960144,69.32681274414062
nsl_kdd_v2,dnn_5class_cw,967,1,1,1,0.9999337196350098,0.5384615659713745,0.9998509287834167,81.34927368164062
nsl_kdd_v2,dnn_5class_cw,968,3,0,0,0.9870885610580444,0.6666666865348816,0.9870885610580444,86.60447692871094
nsl_kdd_v2,dnn_5class_cw,969,4,0,0,0.9810546636581421,0.6666666865348816,0.9810546636581421,86.25118255615234
nsl_kdd_v2,dnn_5class_cw,970,3,0,0,0.9997981786727905,0.3333333432674408,0.9997981786727905,69.32679748535156
nsl_kdd_v2,dnn_5class_cw,971,3,3,1,0.7319597601890564,0.6666666865348816,0.28559744358062744,51.84617614746094
nsl_kdd_v2,dnn_5class_cw,972,3,0,0,0.9925216436386108,0.5384615659713745,0.9925216436386108,80.94901275634766
nsl_kdd_v2,dnn_5class_cw,973,0,0,1,0.9999337196350098,0.5384615659713745,0.9999337196350098,81.35152435302734
nsl_kdd_v2,dnn_5class_cw,974,0,0,1,0.7772817611694336,0.5384615659713745,0.7772817611694336,68.77604675292969
nsl_kdd_v2,dnn_5class_cw,975,2,2,1,0.9999783039093018,0.5384615659713745,0.9999780058860779,81.35393524169922
nsl_kdd_v2,dnn_5class_cw,976,2,2,1,0.9978950023651123,0.4285714328289032,0.9978665709495544,75.2881851196289
nsl_kdd_v2,dnn_5class_cw,977,4,4,1,0.6794881820678711,0.3333333432674408,0.6794881820678711,53.58964157104492
nsl_kdd_v2,dnn_5class_cw,978,2,2,1,0.9999783039093018,0.5384615659713745,0.9999780058860779,81.35393524169922
nsl_kdd_v2,dnn_5class_cw,979,3,0,0,0.9999337196350098,0.3333333432674408,0.9999337196350098,69.33306121826172
nsl_kdd_v2,dnn_5class_cw,980,0,0,1,0.9999337196350098,0.3333333432674408,0.9999337196350098,69.33306121826172
nsl_kdd_v2,dnn_5class_cw,981,0,0,1,0.9999337196350098,0.5384615659713745,0.9999337196350098,81.35152435302734
nsl_kdd_v2,dnn_5class_cw,982,2,0,0,0.7410858869552612,0.5384615659713745,0.7410858869552612,66.62397766113281
nsl_kdd_v2,dnn_5class_cw,983,2,2,1,0.9205585718154907,0.5384615659713745,0.9194850921630859,76.95738220214844
nsl_kdd_v2,dnn_5class_cw,984,0,0,1,0.999798595905304,0.5384615659713745,0.999798595905304,81.34420013427734
nsl_kdd_v2,dnn_5class_cw,985,1,1,1,0.9999337196350098,0.6666666865348816,0.9998509287834167,87.35177612304688
nsl_kdd_v2,dnn_5class_cw,986,2,2,1,0.9810131192207336,0.8181818127632141,0.9807565212249756,92.33406066894531
nsl_kdd_v2,dnn_5class_cw,987,3,0,0,0.9999337196350098,0.3333333432674408,0.9999337196350098,69.33306121826172
nsl_kdd_v2,dnn_5class_cw,988,3,0,0,0.9997984766960144,0.5384615659713745,0.9997984766960144,81.34419250488281
nsl_kdd_v2,dnn_5class_cw,989,1,1,1,0.9999337196350098,0.6666666865348816,0.9998509287834167,87.35177612304688
nsl_kdd_v2,dnn_5class_cw,990,3,0,0,0.9997977018356323,0.3333333432674408,0.9997977018356323,69.32677459716797
nsl_kdd_v2,dnn_5class_cw,991,2,2,1,0.9536963105201721,0.6666666865348816,0.9530705809593201,84.62161254882812
nsl_kdd_v2,dnn_5class_cw,992,3,0,0,0.9922792911529541,0.4285714328289032,0.9922792911529541,75.00617218017578
nsl_kdd_v2,dnn_5class_cw,993,0,0,1,0.9999337196350098,0.25,0.9999337196350098,62.99327087402344
nsl_kdd_v2,dnn_5class_cw,994,0,0,1,0.9997984766960144,0.4285714328289032,0.9997984766960144,75.38461303710938
nsl_kdd_v2,dnn_5class_cw,995,1,1,1,0.9978210926055908,0.3333333432674408,0.9951003789901733,69.1723861694336
nsl_kdd_v2,dnn_5class_cw,996,1,1,1,0.9999337196350098,0.4285714328289032,0.9998509287834167,75.38932800292969
nsl_kdd_v2,dnn_5class_cw,997,2,2,1,0.9549776911735535,0.5384615659713745,0.954369306564331,78.87779998779297
nsl_kdd_v2,dnn_5class_cw,998,4,0,0,0.9533827900886536,0.4285714328289032,0.9533827900886536,73.03302001953125
nsl_kdd_v2,dnn_5class_cw,999,0,0,1,0.9997984766960144,0.5384615659713745,0.9997984766960144,81.34419250488281
nsl_kdd_v2,rf_5class_smote,0,0,0,1,0.9999993443489075,0.5384615659713745,0.9999993443489075,81.3550796508789
nsl_kdd_v2,rf_5class_smote,1,4,0,0,0.994518518447876,0.4285714328289032,0.994518518447876,75.11898040771484
nsl_kdd_v2,rf_5class_smote,2,3,0,0,0.9999993443489075,0.4285714328289032,0.9999993443489075,75.39471435546875
nsl_kdd_v2,rf_5class_smote,3,3,0,0,0.9999991059303284,0.5384615659713745,0.9999991059303284,81.35507202148438
nsl_kdd_v2,rf_5class_smote,4,0,0,1,0.9999993443489075,0.5384615659713745,0.9999993443489075,81.3550796508789
nsl_kdd_v2,rf_5class_smote,5,2,2,1,0.7499994039535522,0.5384615659713745,0.7499994039535522,67.15713500976562
nsl_kdd_v2,rf_5class_smote,6,4,0,0,0.9937542080879211,0.5384615659713745,0.9937542080879211,81.0160140991211
nsl_kdd_v2,rf_5class_smote,7,3,0,0,0.9999991059303284,0.4285714328289032,0.9999991059303284,75.39469909667969
nsl_kdd_v2,rf_5class_smote,8,1,1,1,0.8571423292160034,0.4285714328289032,0.6984117031097412,63.542240142822266
nsl_kdd_v2,rf_5class_smote,9,0,0,1,0.9999993443489075,0.5384615659713745,0.9999993443489075,81.3550796508789
nsl_kdd_v2,rf_5class_smote,10,2,2,1,0.9999993443489075,0.4285714328289032,0.9999993443489075,75.39471435546875
nsl_kdd_v2,rf_5class_smote,11,2,2,1,0.9999993443489075,0.6666666865348816,0.9999993443489075,87.3580093383789
nsl_kdd_v2,rf_5class_smote,12,0,0,1,0.9999993443489075,0.5384615659713745,0.9999993443489075,81.3550796508789
nsl_kdd_v2,rf_5class_smote,13,1,0,0,0.9999993443489075,0.6666666865348816,0.9999993443489075,87.3580093383789
nsl_kdd_v2,rf_5class_smote,14,3,0,0,0.9999988675117493,0.6666666865348816,0.9999988675117493,87.35797882080078
nsl_kdd_v2,rf_5class_smote,15,0,2,0,0.9999993443489075,0.5384615659713745,0.9999993443489075,81.3550796508789
nsl_kdd_v2,rf_5class_smote,16,0,0,1,0.9999993443489075,0.5384615659713745,0.9999993443489075,81.3550796508789
nsl_kdd_v2,rf_5class_smote,17,3,0,0,0.9999988675117493,0.6666666865348816,0.9999988675117493,87.35797882080078
nsl_kdd_v2,rf_5class_smote,18,0,0,1,0.9999993443489075,0.5384615659713745,0.9999993443489075,81.3550796508789
nsl_kdd_v2,rf_5class_smote,19,0,0,1,0.9999993443489075,0.4285714328289032,0.9999993443489075,75.39471435546875
nsl_kdd_v2,rf_5class_smote,20,0,0,1,0.9999993443489075,0.3333333432674408,0.9999993443489075,69.33609771728516
nsl_kdd_v2,rf_5class_smote,21,3,0,0,0.9999889135360718,0.4285714328289032,0.9999889135360718,75.3941879272461
nsl_kdd_v2,rf_5class_smote,22,0,0,1,0.9999993443489075,0.5384615659713745,0.9999993443489075,81.3550796508789
nsl_kdd_v2,rf_5class_smote,23,1,1,1,0.5555552840232849,0.5384615659713745,0.06172829866409302,26.431516647338867
nsl_kdd_v2,rf_5class_smote,24,0,0,1,0.9830738306045532,0.5384615659713745,0.9830738306045532,80.43448638916016
nsl_kdd_v2,rf_5class_smote,25,2,2,1,0.9999993443489075,0.5384615659713745,0.9999993443489075,81.3550796508789
nsl_kdd_v2,rf_5class_smote,26,0,0,1,0.9853129982948303,0.5384615659713745,0.9853129982948303,80.55657958984375
nsl_kdd_v2,rf_5class_smote,27,4,4,1,0.8565824031829834,0.4285714328289032,0.8565824031829834,68.00181579589844
nsl_kdd_v2,rf_5class_smote,28,3,0,0,0.9999993443489075,0.5384615659713745,0.9999993443489075,81.3550796508789
nsl_kdd_v2,rf_5class_smote,29,1,1,1,0.9999993443489075,0.4285714328289032,0.9999986290931702,75.39469909667969
nsl_kdd_v2,rf_5class_smote,30,1,1,1,0.5263155698776245,0.4285714328289032,6.624853909897865e-08,0.6087276935577393
nsl_kdd_v2,rf_5class_smote,31,4,0,0,0.9838190674781799,0.6666666865348816,0.9838190674781799,86.41313171386719
nsl_kdd_v2,rf_5class_smote,32,2,2,1,0.8315783739089966,0.4285714328289032,0.8315783739089966,66.67195892333984
nsl_kdd_v2,rf_5class_smote,33,2,1,0,0.4999997913837433,0.5384615659713745,0.0,0.6457158327102661
nsl_kdd_v2,rf_5class_smote,34,1,1,1,0.9999993443489075,0.5384615659713745,0.9999986290931702,81.35506439208984
nsl_kdd_v2,rf_5class_smote,35,3,0,0,0.9999993443489075,0.6666666865348816,0.9999993443489075,87.3580093383789
nsl_kdd_v2,rf_5class_smote,36,1,1,1,0.9999993443489075,0.4285714328289032,0.9999986290931702,75.39469909667969
nsl_kdd_v2,rf_5class_smote,37,1,1,1,0.9999993443489075,0.4285714328289032,0.9999986290931702,75.39469909667969
nsl_kdd_v2,rf_5class_smote,38,1,1,1,0.9999993443489075,0.6666666865348816,0.9999986290931702,87.35799407958984
nsl_kdd_v2,rf_5class_smote,39,2,2,1,0.9999993443489075,0.4285714328289032,0.9999993443489075,75.39471435546875
nsl_kdd_v2,rf_5class_smote,40,0,0,1,0.9999993443489075,0.4285714328289032,0.9999993443489075,75.39471435546875
nsl_kdd_v2,rf_5class_smote,41,3,0,0,0.9999991059303284,0.5384615659713745,0.9999991059303284,81.35507202148438
nsl_kdd_v2,rf_5class_smote,42,1,1,1,0.9999993443489075,0.4285714328289032,0.9999986290931702,75.39469909667969
nsl_kdd_v2,rf_5class_smote,43,2,2,1,0.9999991059303284,0.3333333432674408,0.9999991059303284,69.33609008789062
nsl_kdd_v2,rf_5class_smote,44,2,0,0,0.8108100295066833,0.4285714328289032,0.8108100295066833,65.55721282958984
nsl_kdd_v2,rf_5class_smote,45,3,0,0,0.9853129982948303,0.6666666865348816,0.9853129982948303,86.5005874633789
nsl_kdd_v2,rf_5class_smote,46,1,1,1,0.9999993443489075,0.4285714328289032,0.9999986290931702,75.39469909667969
nsl_kdd_v2,rf_5class_smote,47,1,1,1,0.9999993443489075,0.4285714328289032,0.9999986290931702,75.39469909667969
nsl_kdd_v2,rf_5class_smote,48,0,0,1,0.9999993443489075,0.5384615659713745,0.9999993443489075,81.3550796508789
nsl_kdd_v2,rf_5class_smote,49,3,0,0,0.6390973925590515,0.5384615659713745,0.6390973925590515,60.36190414428711
nsl_kdd_v2,rf_5class_smote,50,2,2,1,0.9999993443489075,0.6666666865348816,0.9999993443489075,87.3580093383789
nsl_kdd_v2,rf_5class_smote,51,2,0,0,0.8490558862686157,0.5384615659713745,0.8490558862686157,72.94727325439453
nsl_kdd_v2,rf_5class_smote,52,3,0,0,0.9999993443489075,0.4285714328289032,0.9999993443489075,75.39471435546875
nsl_kdd_v2,rf_5class_smote,53,1,1,1,0.9999993443489075,0.5384615659713745,0.9999986290931702,81.35506439208984
nsl_kdd_v2,rf_5class_smote,54,2,2,1,0.9999993443489075,0.4285714328289032,0.9999993443489075,75.39471435546875
nsl_kdd_v2,rf_5class_smote,55,3,0,0,0.9999988675117493,0.4285714328289032,0.9999988675117493,75.39469146728516
nsl_kdd_v2,rf_5class_smote,56,1,1,1,0.9999993443489075,0.3333333432674408,0.9999986290931702,69.3360824584961
nsl_kdd_v2,rf_5class_smote,57,0,0,1,0.9999993443489075,0.5384615659713745,0.9999993443489075,81.3550796508789
nsl_kdd_v2,rf_5class_smote,58,2,2,1,0.9999991059303284,0.5384615659713745,0.9999991059303284,81.35507202148438
nsl_kdd_v2,rf_5class_smote,59,3,0,0,0.6521734595298767,0.4285714328289032,0.6521734595298767,56.700008392333984
nsl_kdd_v2,rf_5class_smote,60,0,0,1,0.9999993443489075,0.5384615659713745,0.9999993443489075,81.3550796508789
nsl_kdd_v2,rf_5class_smote,61,3,0,0,0.6249989867210388,0.5384615659713745,0.6249989867210388,59.47089385986328
nsl_kdd_v2,rf_5class_smote,62,0,0,1,0.9999993443489075,0.4285714328289032,0.9999993443489075,75.39471435546875
nsl_kdd_v2,rf_5class_smote,63,0,0,1,0.9999993443489075,0.5384615659713745,0.9999993443489075,81.3550796508789
nsl_kdd_v2,rf_5class_smote,64,2,0,0,0.9878910779953003,0.6666666865348816,0.9878910779953003,86.65140533447266
nsl_kdd_v2,rf_5class_smote,65,0,0,1,0.9999993443489075,0.5384615659713745,0.9999993443489075,81.3550796508789
nsl_kdd_v2,rf_5class_smote,66,0,0,1,0.9999993443489075,0.4285714328289032,0.9999993443489075,75.39471435546875
nsl_kdd_v2,rf_5class_smote,67,1,1,1,0.9999993443489075,0.5384615659713745,0.9999986290931702,81.35506439208984
nsl_kdd_v2,rf_5class_smote,68,0,0,1,0.9999993443489075,0.5384615659713745,0.9999993443489075,81.3550796508789
nsl_kdd_v2,rf_5class_smote,69,0,0,1,0.9999993443489075,0.5384615659713745,0.9999993443489075,81.3550796508789
nsl_kdd_v2,rf_5class_smote,70,0,0,1,0.9999993443489075,0.5384615659713745,0.9999993443489075,81.3550796508789
nsl_kdd_v2,rf_5class_smote,71,2,2,1,0.9999993443489075,0.5384615659713745,0.9999993443489075,81.3550796508789
nsl_kdd_v2,rf_5class_smote,72,0,0,1,0.9999993443489075,0.5384615659713745,0.9999993443489075,81.3550796508789
nsl_kdd_v2,rf_5class_smote,73,1,1,1,0.9999993443489075,0.4285714328289032,0.9999986290931702,75.39469909667969
nsl_kdd_v2,rf_5class_smote,74,3,0,0,0.6521734595298767,0.3333333432674408,0.6521734595298767,52.1436767578125
nsl_kdd_v2,rf_5class_smote,75,4,0,0,0.9988311529159546,0.5384615659713745,0.9988311529159546,81.29171752929688
nsl_kdd_v2,rf_5class_smote,76,3,0,0,0.9878910779953003,0.4285714328289032,0.9878910779953003,74.78487396240234
nsl_kdd_v2,rf_5class_smote,77,2,0,0,0.8490559458732605,0.5384615659713745,0.8490559458732605,72.94728088378906
nsl_kdd_v2,rf_5class_smote,78,0,0,1,0.9999993443489075,0.4285714328289032,0.9999993443489075,75.39471435546875
nsl_kdd_v2,rf_5class_smote,79,0,0,1,0.9999993443489075,0.5384615659713745,0.9999993443489075,81.3550796508789
nsl_kdd_v2,rf_5class_smote,80,1,1,1,0.9999993443489075,0.4285714328289032,0.9999986290931702,75.39469909667969
nsl_kdd_v2,rf_5class_smote,81,2,2,1,0.9999993443489075,0.5384615659713745,0.9999993443489075,81.3550796508789
nsl_kdd_v2,rf_5class_smote,82,1,1,1,0.9999993443489075,0.3333333432674408,0.9999986290931702,69.3360824584961
nsl_kdd_v2,rf_5class_smote,83,4,0,0,0.9966871738433838,0.5384615659713745,0.9966871738433838,81.17534637451172
nsl_kdd_v2,rf_5class_smote,84,0,2,0,0.9999993443489075,0.5384615659713745,0.9999993443489075,81.3550796508789
nsl_kdd_v2,rf_5class_smote,85,1,1,1,0.9999993443489075,0.4285714328289032,0.9999986290931702,75.39469909667969
nsl_kdd_v2,rf_5class_smote,86,0,0,1,0.9999993443489075,0.4285714328289032,0.9999993443489075,75.39471435546875
nsl_kdd_v2,rf_5class_smote,87,1,0,0,0.8333326578140259,0.3333333432674408,0.8333326578140259,61.400489807128906
nsl_kdd_v2,rf_5class_smote,88,0,0,1,0.9999993443489075,0.4285714328289032,0.9999993443489075,75.39471435546875
nsl_kdd_v2,rf_5class_smote,89,1,1,1,0.9999993443489075,0.4285714328289032,0.9999986290931702,75.39469909667969
nsl_kdd_v2,rf_5class_smote,90,0,2,0,0.9999993443489075,0.5384615659713745,0.9999993443489075,81.3550796508789
nsl_kdd_v2,rf_5class_smote,91,1,1,1,0.9999993443489075,0.4285714328289032,0.9999986290931702,75.39469909667969
nsl_kdd_v2,rf_5class_smote,92,0,0,1,0.9999993443489075,0.5384615659713745,0.9999993443489075,81.3550796508789
nsl_kdd_v2,rf_5class_smote,93,1,1,1,0.9999993443489075,0.4285714328289032,0.9999986290931702,75.39469909667969
nsl_kdd_v2,rf_5class_smote,94,4,3,0,0.7047907710075378,0.4285714328289032,0.606387734413147,56.790794372558594
nsl_kdd_v2,rf_5class_smote,95,4,0,0,0.9998027682304382,0.4285714328289032,0.9998027682304382,75.38483428955078
nsl_kdd_v2,rf_5class_smote,96,1,1,1,0.9999993443489075,0.4285714328289032,0.9999986290931702,75.39469909667969
nsl_kdd_v2,rf_5class_smote,97,0,0,1,0.9999993443489075,0.4285714328289032,0.9999993443489075,75.39471435546875
nsl_kdd_v2,rf_5class_smote,98,0,0,1,0.9999993443489075,0.5384615659713745,0.9999993443489075,81.3550796508789
nsl_kdd_v2,rf_5class_smote,99,1,1,1,0.9999993443489075,0.3333333432674408,0.9999986290931702,69.3360824584961
nsl_kdd_v2,rf_5class_smote,100,3,0,0,0.999995231628418,0.5384615659713745,0.999995231628418,81.35486602783203
nsl_kdd_v2,rf_5class_smote,101,2,0,0,0.9878910779953003,0.5384615659713745,0.9878910779953003,80.6970443725586
nsl_kdd_v2,rf_5class_smote,102,2,0,0,0.9839990139007568,0.5384615659713745,0.9839990139007568,80.48494720458984
nsl_kdd_v2,rf_5class_smote,103,3,0,0,0.9999973177909851,0.4285714328289032,0.9999973177909851,75.39460754394531
nsl_kdd_v2,rf_5class_smote,104,0,0,1,0.9999993443489075,0.5384615659713745,0.9999993443489075,81.3550796508789
nsl_kdd_v2,rf_5class_smote,105,3,0,0,0.9878910779953003,0.5384615659713745,0.9878910779953003,80.6970443725586
nsl_kdd_v2,rf_5class_smote,106,1,1,1,0.9999993443489075,0.4285714328289032,0.9999986290931702,75.39469909667969
nsl_kdd_v2,rf_5class_smote,107,2,0,0,0.6521728038787842,0.6666666865348816,0.6521728038787842,65.69686889648438
nsl_kdd_v2,rf_5class_smote,108,2,2,1,0.7499994039535522,0.5384615659713745,0.7499994039535522,67.15713500976562
nsl_kdd_v2,rf_5class_smote,109,4,0,0,0.9999993443489075,0.5384615659713745,0.9999993443489075,81.3550796508789
nsl_kdd_v2,rf_5class_smote,110,4,3,0,0.7057307958602905,0.5384615659713745,0.6076411604881287,61.34986877441406
nsl_kdd_v2,rf_5class_smote,111,0,0,1,0.9999993443489075,0.5384615659713745,0.9999993443489075,81.3550796508789
nsl_kdd_v2,rf_5class_smote,112,3,0,0,0.9999993443489075,0.6666666865348816,0.9999993443489075,87.3580093383789
nsl_kdd_v2,rf_5class_smote,113,0,0,1,0.9999991059303284,0.6666666865348816,0.9999991059303284,87.35800170898438
nsl_kdd_v2,rf_5class_smote,114,2,0,0,0.8490559458732605,0.5384615659713745,0.8490559458732605,72.94728088378906
nsl_kdd_v2,rf_5class_smote,115,0,0,1,0.9839990139007568,0.6666666865348816,0.9839990139007568,86.42366790771484
nsl_kdd_v2,rf_5class_smote,116,2,0,0,0.6521726250648499,0.5384615659713745,0.6521726250648499,61.18241500854492
nsl_kdd_v2,rf_5class_smote,117,3,0,0,0.9999991059303284,0.4285714328289032,0.9999991059303284,75.39469909667969
nsl_kdd_v2,rf_5class_smote,118,3,0,0,0.9999988675117493,0.5384615659713745,0.9999988675117493,81.35505676269531
nsl_kdd_v2,rf_5class_smote,119,2,2,1,0.9999992251396179,0.6666666865348816,0.9999992251396179,87.35800170898438
nsl_kdd_v2,rf_5class_smote,120,1,1,1,0.9999993443489075,0.5384615659713745,0.9999986290931702,81.35506439208984
nsl_kdd_v2,rf_5class_smote,121,3,0,0,0.9999993443489075,0.5384615659713745,0.9999993443489075,81.3550796508789
nsl_kdd_v2,rf_5class_smote,122,3,0,0,0.9878910779953003,0.5384615659713745,0.9878910779953003,80.6970443725586
nsl_kdd_v2,rf_5class_smote,123,1,1,1,0.9999993443489075,0.5384615659713745,0.9999986290931702,81.35506439208984
nsl_kdd_v2,rf_5class_smote,124,2,0,0,0.7499991059303284,0.6666666865348816,0.7499991059303284,72.1124267578125
nsl_kdd_v2,rf_5class_smote,125,1,1,1,0.8620683550834656,0.4285714328289032,0.7088111639022827,63.978172302246094
nsl_kdd_v2,rf_5class_smote,126,1,1,1,0.5161288380622864,0.6666666865348816,0.0,0.7007378339767456
nsl_kdd_v2,rf_5class_smote,127,0,0,1,0.9999993443489075,0.5384615659713745,0.9999993443489075,81.3550796508789
nsl_kdd_v2,rf_5class_smote,128,0,0,1,0.9999993443489075,0.4285714328289032,0.9999993443489075,75.39471435546875
nsl_kdd_v2,rf_5class_smote,129,1,1,1,0.5263155698776245,0.6666666865348816,6.624853909897865e-08,0.7053179144859314
nsl_kdd_v2,rf_5class_smote,130,0,0,1,0.9999993443489075,0.5384615659713745,0.9999993443489075,81.3550796508789
nsl_kdd_v2,rf_5class_smote,131,1,1,1,0.9999993443489075,0.5384615659713745,0.9999986290931702,81.35506439208984
nsl_kdd_v2,rf_5class_smote,132,1,1,1,0.9999993443489075,0.5384615659713745,0.9999986290931702,81.35506439208984
nsl_kdd_v2,rf_5class_smote,133,1,1,1,0.9999993443489075,0.4285714328289032,0.9999986290931702,75.39469909667969
nsl_kdd_v2,rf_5class_smote,134,2,2,1,0.9999993443489075,0.5384615659713745,0.9999993443489075,81.3550796508789
nsl_kdd_v2,rf_5class_smote,135,0,0,1,0.9999993443489075,0.5384615659713745,0.9999993443489075,81.3550796508789
nsl_kdd_v2,rf_5class_smote,136,4,3,0,0.6153277158737183,0.3333333432674408,0.48710376024246216,46.401878356933594
nsl_kdd_v2,rf_5class_smote,137,4,3,0,0.7056509256362915,0.25,0.607534646987915,47.500732421875
nsl_kdd_v2,rf_5class_smote,138,3,0,0,0.9999852776527405,0.5384615659713745,0.9999852776527405,81.35432434082031
nsl_kdd_v2,rf_5class_smote,139,3,0,0,0.9999988675117493,0.5384615659713745,0.9999988675117493,81.35505676269531
nsl_kdd_v2,rf_5class_smote,140,2,2,1,0.9999993443489075,0.5384615659713745,0.9999993443489075,81.3550796508789
nsl_kdd_v2,rf_5class_smote,141,2,2,1,0.9999992251396179,0.6666666865348816,0.9999992251396179,87.35800170898438
nsl_kdd_v2,rf_5class_smote,142,3,0,0,0.9878910779953003,0.6666666865348816,0.9878910779953003,86.65140533447266
nsl_kdd_v2,rf_5class_smote,143,1,1,1,0.9999993443489075,0.5384615659713745,0.9999986290931702,81.35506439208984
nsl_kdd_v2,rf_5class_smote,144,2,0,0,0.6521728038787842,0.6666666865348816,0.6521728038787842,65.69686889648438
nsl_kdd_v2,rf_5class_smote,145,2,2,1,0.9999993443489075,0.4285714328289032,0.9999993443489075,75.39471435546875
nsl_kdd_v2,rf_5class_smote,146,0,0,1,0.9999993443489075,0.5384615659713745,0.9999993443489075,81.3550796508789
nsl_kdd_v2,rf_5class_smote,147,1,1,1,0.9999993443489075,0.4285714328289032,0.9999986290931702,75.39469909667969
nsl_kdd_v2,rf_5class_smote,148,0,0,1,0.9999993443489075,0.5384615659713745,0.9999993443489075,81.3550796508789
nsl_kdd_v2,rf_5class_smote,149,2,2,1,0.9999993443489075,0.5384615659713745,0.9999993443489075,81.3550796508789
nsl_kdd_v2,rf_5class_smote,150,3,0,0,0.999995231628418,0.4285714328289032,0.999995231628418,75.3945083618164
nsl_kdd_v2,rf_5class_smote,151,2,2,1,0.7627113461494446,0.6666666865348816,0.7627113461494446,72.92498779296875
nsl_kdd_v2,rf_5class_smote,152,2,0,0,0.7894728779792786,0.5384615659713745,0.7894728779792786,69.49331665039062
nsl_kdd_v2,rf_5class_smote,153,0,0,1,0.9999993443489075,0.5384615659713745,0.9999993443489075,81.3550796508789
nsl_kdd_v2,rf_5class_smote,154,0,0,1,0.9999993443489075,0.3333333432674408,0.9999993443489075,69.33609771728516
nsl_kdd_v2,rf_5class_smote,155,1,0,0,0.9999993443489075,0.5384615659713745,0.9999993443489075,81.3550796508789
nsl_kdd_v2,rf_5class_smote,156,2,2,1,0.9999991059303284,0.3333333432674408,0.9999991059303284,69.33609008789062
nsl_kdd_v2,rf_5class_smote,157,0,0,1,0.9999993443489075,0.5384615659713745,0.9999993443489075,81.3550796508789
nsl_kdd_v2,rf_5class_smote,158,1,0,0,0.9878910779953003,0.5384615659713745,0.9878910779953003,80.6970443725586
nsl_kdd_v2,rf_5class_smote,159,4,3,0,0.6238764524459839,0.4285714328289032,0.49850207567214966,51.08141326904297
nsl_kdd_v2,rf_5class_smote,160,1,1,1,0.9999993443489075,0.4285714328289032,0.9999986290931702,75.39469909667969
nsl_kdd_v2,rf_5class_smote,161,2,2,1,0.9999989867210388,0.5384615659713745,0.9999989867210388,81.35506439208984
nsl_kdd_v2,rf_5class_smote,162,0,0,1,0.9999993443489075,0.4285714328289032,0.9999993443489075,75.39471435546875
nsl_kdd_v2,rf_5class_smote,163,1,1,1,0.9999993443489075,0.4285714328289032,0.9999986290931702,75.39469909667969
nsl_kdd_v2,rf_5class_smote,164,2,2,1,0.9999993443489075,0.4285714328289032,0.9999993443489075,75.39471435546875
nsl_kdd_v2,rf_5class_smote,165,1,1,1,0.9999993443489075,0.5384615659713745,0.9999986290931702,81.35506439208984
nsl_kdd_v2,rf_5class_smote,166,2,2,1,0.7499995231628418,0.5384615659713745,0.7499995231628418,67.15714263916016
nsl_kdd_v2,rf_5class_smote,167,3,0,0,0.9878908395767212,0.5384615659713745,0.9878908395767212,80.69702911376953
nsl_kdd_v2,rf_5class_smote,168,0,0,1,0.9999993443489075,0.5384615659713745,0.9999993443489075,81.3550796508789
nsl_kdd_v2,rf_5class_smote,169,0,0,1,0.9999993443489075,0.4285714328289032,0.9999993443489075,75.39471435546875
nsl_kdd_v2,rf_5class_smote,170,1,1,1,0.9999993443489075,0.6666666865348816,0.9999986290931702,87.35799407958984
nsl_kdd_v2,rf_5class_smote,171,2,2,1,0.9999993443489075,0.5384615659713745,0.9999993443489075,81.3550796508789
nsl_kdd_v2,rf_5class_smote,172,2,1,0,0.9999993443489075,0.5384615659713745,0.9999986290931702,81.35506439208984
nsl_kdd_v2,rf_5class_smote,173,0,0,1,0.9999993443489075,0.5384615659713745,0.9999993443489075,81.3550796508789
nsl_kdd_v2,rf_5class_smote,174,1,1,1,0.9999993443489075,0.4285714328289032,0.9999986290931702,75.39469909667969
nsl_kdd_v2,rf_5class_smote,175,2,1,0,0.8504652380943298,0.6666666865348816,0.6843157410621643,72.93577575683594
nsl_kdd_v2,rf_5class_smote,176,1,1,1,0.9999993443489075,0.4285714328289032,0.9999986290931702,75.39469909667969
nsl_kdd_v2,rf_5class_smote,177,3,0,0,0.9999988675117493,0.6666666865348816,0.9999988675117493,87.35797882080078
nsl_kdd_v2,rf_5class_smote,178,0,0,1,0.9999993443489075,0.4285714328289032,0.9999993443489075,75.39471435546875
nsl_kdd_v2,rf_5class_smote,179,4,0,0,0.9575157165527344,0.3333333432674408,0.9575157165527344,67.358154296875
nsl_kdd_v2,rf_5class_smote,180,0,0,1,0.9999993443489075,0.5384615659713745,0.9999993443489075,81.3550796508789
nsl_kdd_v2,rf_5class_smote,181,3,0,0,0.6521735191345215,0.5384615659713745,0.6521735191345215,61.18246841430664
nsl_kdd_v2,rf_5class_smote,182,1,1,1,0.9999993443489075,0.4285714328289032,0.9999986290931702,75.39469909667969
nsl_kdd_v2,rf_5class_smote,183,1,1,1,0.9999993443489075,0.6666666865348816,0.9999986290931702,87.35799407958984
nsl_kdd_v2,rf_5class_smote,184,4,0,0,0.9999993443489075,0.5384615659713745,0.9999993443489075,81.3550796508789
nsl_kdd_v2,rf_5class_smote,185,1,1,1,0.9999993443489075,0.4285714328289032,0.9999986290931702,75.39469909667969
nsl_kdd_v2,rf_5class_smote,186,0,0,1,0.9999964237213135,0.4285714328289032,0.9999964237213135,75.39456176757812
nsl_kdd_v2,rf_5class_smote,187,0,0,1,0.9999993443489075,0.5384615659713745,0.9999993443489075,81.3550796508789
nsl_kdd_v2,rf_5class_smote,188,3,0,0,0.9999993443489075,0.5384615659713745,0.9999993443489075,81.3550796508789
nsl_kdd_v2,rf_5class_smote,189,1,1,1,0.9999993443489075,0.4285714328289032,0.9999986290931702,75.39469909667969
nsl_kdd_v2,rf_5class_smote,190,0,0,1,0.9999993443489075,0.5384615659713745,0.9999993443489075,81.3550796508789
nsl_kdd_v2,rf_5class_smote,191,4,0,0,0.9654431939125061,0.3333333432674408,0.9654431939125061,67.72942352294922
nsl_kdd_v2,rf_5class_smote,192,1,1,1,0.9999993443489075,0.3333333432674408,0.9999986290931702,69.3360824584961
nsl_kdd_v2,rf_5class_smote,193,3,0,0,0.9999989867210388,0.6666666865348816,0.9999989867210388,87.35799407958984
nsl_kdd_v2,rf_5class_smote,194,3,0,0,0.9999992251396179,0.5384615659713745,0.9999992251396179,81.3550796508789
nsl_kdd_v2,rf_5class_smote,195,0,0,1,0.9999993443489075,0.5384615659713745,0.9999993443489075,81.3550796508789
nsl_kdd_v2,rf_5class_smote,196,2,0,0,0.9853129982948303,0.5384615659713745,0.9853129982948303,80.55657958984375
nsl_kdd_v2,rf_5class_smote,197,4,0,0,0.9999989867210388,0.6666666865348816,0.9999989867210388,87.35799407958984
nsl_kdd_v2,rf_5class_smote,198,3,0,0,0.9999993443489075,0.6666666865348816,0.9999993443489075,87.3580093383789
nsl_kdd_v2,rf_5class_smote,199,4,0,0,0.9999852776527405,0.5384615659713745,0.9999852776527405,81.35432434082031
nsl_kdd_v2,rf_5class_smote,200,1,1,1,0.9999993443489075,0.4285714328289032,0.9999986290931702,75.39469909667969
nsl_kdd_v2,rf_5class_smote,201,1,1,1,0.9999993443489075,0.5384615659713745,0.9999986290931702,81.35506439208984
nsl_kdd_v2,rf_5class_smote,202,2,0,0,0.7499991059303284,0.6666666865348816,0.7499991059303284,72.1124267578125
nsl_kdd_v2,rf_5class_smote,203,4,0,0,0.9999993443489075,0.5384615659713745,0.9999993443489075,81.3550796508789
nsl_kdd_v2,rf_5class_smote,204,0,0,1,0.9999993443489075,0.5384615659713745,0.9999993443489075,81.3550796508789
nsl_kdd_v2,rf_5class_smote,205,4,0,0,0.9999945163726807,0.6666666865348816,0.9999945163726807,87.35772705078125
nsl_kdd_v2,rf_5class_smote,206,2,0,0,0.9853129982948303,0.4285714328289032,0.9853129982948303,74.65470886230469
nsl_kdd_v2,rf_5class_smote,207,0,0,1,0.9999993443489075,0.4285714328289032,0.9999993443489075,75.39471435546875
nsl_kdd_v2,rf_5class_smote,208,2,0,0,0.7894728779792786,0.5384615659713745,0.7894728779792786,69.49331665039062
nsl_kdd_v2,rf_5class_smote,209,2,2,1,0.9999993443489075,0.5384615659713745,0.9999993443489075,81.3550796508789
nsl_kdd_v2,rf_5class_smote,210,3,0,0,0.9878908395767212,0.6666666865348816,0.9878908395767212,86.6513900756836
nsl_kdd_v2,rf_5class_smote,211,1,0,0,0.9999993443489075,0.5384615659713745,0.9999993443489075,81.3550796508789
nsl_kdd_v2,rf_5class_smote,212,1,1,1,0.9999993443489075,0.5384615659713745,0.9999986290931702,81.35506439208984
nsl_kdd_v2,rf_5class_smote,213,2,0,0,0.8490559458732605,0.4285714328289032,0.8490559458732605,67.60289001464844
nsl_kdd_v2,rf_5class_smote,214,0,0,1,0.9999993443489075,0.4285714328289032,0.9999993443489075,75.39471435546875
nsl_kdd_v2,rf_5class_smote,215,3,0,0,0.9999992251396179,0.4285714328289032,0.9999992251396179,75.39470672607422
nsl_kdd_v2,rf_5class_smote,216,3,0,0,0.9878908395767212,0.4285714328289032,0.9878908395767212,74.78486633300781
nsl_kdd_v2,rf_5class_smote,217,3,0,0,0.9999993443489075,0.5384615659713745,0.9999993443489075,81.3550796508789
nsl_kdd_v2,rf_5class_smote,218,3,0,0,0.9999973177909851,0.6666666865348816,0.9999973177909851,87.3578872680664
nsl_kdd_v2,rf_5class_smote,219,1,1,1,0.9999993443489075,0.3333333432674408,0.9999986290931702,69.3360824584961
nsl_kdd_v2,rf_5class_smote,220,2,0,0,0.8490559458732605,0.4285714328289032,0.8490559458732605,67.60289001464844
nsl_kdd_v2,rf_5class_smote,221,1,1,1,0.9999993443489075,0.4285714328289032,0.9999986290931702,75.39469909667969
nsl_kdd_v2,rf_5class_smote,222,1,1,1,0.5263155698776245,0.3333333432674408,6.624853909897865e-08,0.5598111748695374
nsl_kdd_v2,rf_5class_smote,223,1,1,1,0.9999993443489075,0.6666666865348816,0.9999986290931702,87.35799407958984
nsl_kdd_v2,rf_5class_smote,224,1,1,1,0.5222927331924438,0.4285714328289032,0.0,0.6071728467941284
nsl_kdd_v2,rf_5class_smote,225,2,1,0,0.9999993443489075,0.8181818127632141,0.9999986290931702,93.52972412109375
nsl_kdd_v2,rf_5class_smote,226,2,2,1,0.9999989867210388,0.3333333432674408,0.9999989867210388,69.3360824584961
nsl_kdd_v2,rf_5class_smote,227,1,1,1,0.9999993443489075,0.1764705926179886,0.9999986290931702,56.09065246582031
nsl_kdd_v2,rf_5class_smote,228,3,0,0,0.9878910779953003,0.3333333432674408,0.9878910779953003,68.7752685546875
nsl_kdd_v2,rf_5class_smote,229,0,0,1,0.8490557670593262,0.5384615659713745,0.8490557670593262,72.94727325439453
nsl_kdd_v2,rf_5class_smote,230,2,2,1,0.9999993443489075,0.5384615659713745,0.9999993443489075,81.3550796508789
nsl_kdd_v2,rf_5class_smote,231,1,1,1,0.9999993443489075,0.4285714328289032,0.9999986290931702,75.39469909667969
nsl_kdd_v2,rf_5class_smote,232,2,2,1,0.9999993443489075,0.5384615659713745,0.9999993443489075,81.3550796508789
nsl_kdd_v2,rf_5class_smote,233,3,0,0,0.9878910779953003,0.1764705926179886,0.9878910779953003,55.63697052001953
nsl_kdd_v2,rf_5class_smote,234,0,0,1,0.9999993443489075,0.5384615659713745,0.9999993443489075,81.3550796508789
nsl_kdd_v2,rf_5class_smote,235,3,0,0,0.9999973177909851,0.5384615659713745,0.9999973177909851,81.35497283935547
nsl_kdd_v2,rf_5class_smote,236,1,1,1,0.9999993443489075,0.5384615659713745,0.9999986290931702,81.35506439208984
nsl_kdd_v2,rf_5class_smote,237,0,0,1,0.9999993443489075,0.5384615659713745,0.9999993443489075,81.3550796508789
nsl_kdd_v2,rf_5class_smote,238,2,2,1,0.9999993443489075,0.5384615659713745,0.9999993443489075,81.3550796508789
nsl_kdd_v2,rf_5class_smote,239,3,0,0,0.9839977025985718,0.4285714328289032,0.9839977025985718,74.5882568359375
nsl_kdd_v2,rf_5class_smote,240,1,1,1,0.9999993443489075,0.4285714328289032,0.9999986290931702,75.39469909667969
nsl_kdd_v2,rf_5class_smote,241,1,1,1,0.9999993443489075,0.4285714328289032,0.9999986290931702,75.39469909667969
nsl_kdd_v2,rf_5class_smote,242,4,0,0,0.9949134588241577,0.4285714328289032,0.9949134588241577,75.13886260986328
nsl_kdd_v2,rf_5class_smote,243,3,0,0,0.9999989867210388,0.3333333432674408,0.9999989867210388,69.3360824584961
nsl_kdd_v2,rf_5class_smote,244,1,1,1,0.9999993443489075,0.4285714328289032,0.9999986290931702,75.39469909667969
nsl_kdd_v2,rf_5class_smote,245,0,0,1,0.9999993443489075,0.5384615659713745,0.9999993443489075,81.3550796508789
nsl_kdd_v2,rf_5class_smote,246,1,0,0,0.9878910779953003,0.6666666865348816,0.9878910779953003,86.65140533447266
nsl_kdd_v2,rf_5class_smote,247,1,1,1,0.9999993443489075,0.3333333432674408,0.9999986290931702,69.3360824584961
nsl_kdd_v2,rf_5class_smote,248,3,0,0,0.9999993443489075,0.6666666865348816,0.9999993443489075,87.3580093383789
nsl_kdd_v2,rf_5class_smote,249,3,0,0,0.9878908395767212,0.6666666865348816,0.9878908395767212,86.6513900756836
nsl_kdd_v2,rf_5class_smote,250,3,0,0,0.9999969005584717,0.5384615659713745,0.9999969005584717,81.35494995117188
nsl_kdd_v2,rf_5class_smote,251,0,0,1,0.9999993443489075,0.5384615659713745,0.9999993443489075,81.3550796508789
nsl_kdd_v2,rf_5class_smote,252,3,0,0,0.9999993443489075,0.5384615659713745,0.9999993443489075,81.3550796508789
nsl_kdd_v2,rf_5class_smote,253,1,0,0,0.6362065076828003,0.4285714328289032,0.6362065076828003,55.770748138427734
nsl_kdd_v2,rf_5class_smote,254,3,0,0,0.9999992251396179,0.5384615659713745,0.9999992251396179,81.3550796508789
nsl_kdd_v2,rf_5class_smote,255,1,0,0,0.9878910779953003,0.5384615659713745,0.9878910779953003,80.6970443725586
nsl_kdd_v2,rf_5class_smote,256,2,2,1,0.9999993443489075,0.4285714328289032,0.9999993443489075,75.39471435546875
nsl_kdd_v2,rf_5class_smote,257,1,0,0,0.9853128790855408,0.6666666865348816,0.9853128790855408,86.50057983398438
nsl_kdd_v2,rf_5class_smote,258,2,2,1,0.9999993443489075,0.6666666865348816,0.9999993443489075,87.3580093383789
nsl_kdd_v2,rf_5class_smote,259,0,0,1,0.9999993443489075,0.5384615659713745,0.9999993443489075,81.3550796508789
nsl_kdd_v2,rf_5class_smote,260,1,1,1,0.9999993443489075,0.3333333432674408,0.9999986290931702,69.3360824584961
nsl_kdd_v2,rf_5class_smote,261,4,0,0,0.999234139919281,0.5384615659713745,0.999234139919281,81.31358337402344
nsl_kdd_v2,rf_5class_smote,262,3,0,0,0.9999973177909851,0.5384615659713745,0.9999973177909851,81.35497283935547
nsl_kdd_v2,rf_5class_smote,263,0,4,0,0.7681756615638733,0.4285714328289032,0.7681756615638733,63.23848342895508
nsl_kdd_v2,rf_5class_smote,264,4,0,0,0.9999992251396179,0.6666666865348816,0.9999992251396179,87.35800170898438
nsl_kdd_v2,rf_5class_smote,265,3,0,0,0.9999993443489075,0.5384615659713745,0.9999993443489075,81.3550796508789
nsl_kdd_v2,rf_5class_smote,266,3,0,0,0.9999993443489075,0.5384615659713745,0.9999993443489075,81.3550796508789
nsl_kdd_v2,rf_5class_smote,267,0,0,1,0.9999993443489075,0.5384615659713745,0.9999993443489075,81.3550796508789
nsl_kdd_v2,rf_5class_smote,268,1,1,1,0.9999993443489075,0.4285714328289032,0.9999986290931702,75.39469909667969
nsl_kdd_v2,rf_5class_smote,269,1,1,1,0.9999993443489075,0.25,0.9999986290931702,62.99601364135742
nsl_kdd_v2,rf_5class_smote,270,0,0,1,0.9999986886978149,0.4285714328289032,0.9999986886978149,75.3946762084961
nsl_kdd_v2,rf_5class_smote,271,2,0,0,0.8490559458732605,0.3333333432674408,0.8490559458732605,62.17041778564453
nsl_kdd_v2,rf_5class_smote,272,1,1,1,0.9999993443489075,0.4285714328289032,0.9999986290931702,75.39469909667969
nsl_kdd_v2,rf_5class_smote,273,0,0,1,0.9839991331100464,0.5384615659713745,0.9839991331100464,80.48495483398438
nsl_kdd_v2,rf_5class_smote,274,3,0,0,0.6521734595298767,0.6666666865348816,0.6521734595298767,65.6969223022461
nsl_kdd_v2,rf_5class_smote,275,0,0,1,0.9999993443489075,0.5384615659713745,0.9999993443489075,81.3550796508789
nsl_kdd_v2,rf_5class_smote,276,3,0,0,0.9999969005584717,0.5384615659713745,0.9999969005584717,81.35494995117188
nsl_kdd_v2,rf_5class_smote,277,0,0,1,0.9999992251396179,0.4285714328289032,0.9999992251396179,75.39470672607422
nsl_kdd_v2,rf_5class_smote,278,3,3,1,0.9998430609703064,0.3333333432674408,0.9997907280921936,69.32766723632812
nsl_kdd_v2,rf_5class_smote,279,1,0,0,0.9999993443489075,0.5384615659713745,0.9999993443489075,81.3550796508789
nsl_kdd_v2,rf_5class_smote,280,1,1,1,0.9999993443489075,0.3333333432674408,0.9999986290931702,69.3360824584961
nsl_kdd_v2,rf_5class_smote,281,0,0,1,0.9999993443489075,0.4285714328289032,0.9999993443489075,75.39471435546875
nsl_kdd_v2,rf_5class_smote,282,3,0,0,0.9999993443489075,0.5384615659713745,0.9999993443489075,81.3550796508789
nsl_kdd_v2,rf_5class_smote,283,3,0,0,0.6521735191345215,0.5384615659713745,0.6521735191345215,61.18246841430664
nsl_kdd_v2,rf_5class_smote,284,0,0,1,0.9999993443489075,0.25,0.9999993443489075,62.99602508544922
nsl_kdd_v2,rf_5class_smote,285,2,2,1,0.9999989867210388,0.4285714328289032,0.9999989867210388,75.39469146728516
nsl_kdd_v2,rf_5class_smote,286,1,1,1,0.9999993443489075,0.6666666865348816,0.9999986290931702,87.35799407958984
nsl_kdd_v2,rf_5class_smote,287,2,1,0,0.9999993443489075,1.0,0.9999986290931702,99.99993133544922
nsl_kdd_v2,rf_5class_smote,288,0,0,1,0.9999993443489075,0.5384615659713745,0.9999993443489075,81.3550796508789
nsl_kdd_v2,rf_5class_smote,289,2,1,0,0.9999993443489075,0.8181818127632141,0.9999986290931702,93.52972412109375
nsl_kdd_v2,rf_5class_smote,290,3,0,0,0.9999993443489075,0.6666666865348816,0.9999993443489075,87.3580093383789
nsl_kdd_v2,rf_5class_smote,291,3,0,0,0.9999986886978149,0.5384615659713745,0.9999986886978149,81.35504913330078
nsl_kdd_v2,rf_5class_smote,292,3,0,0,0.9999993443489075,0.5384615659713745,0.9999993443489075,81.3550796508789
nsl_kdd_v2,rf_5class_smote,293,3,0,0,0.9999982118606567,0.5384615659713745,0.9999982118606567,81.35502624511719
nsl_kdd_v2,rf_5class_smote,294,3,0,0,0.9999993443489075,0.5384615659713745,0.9999993443489075,81.3550796508789
nsl_kdd_v2,rf_5class_smote,295,1,1,1,0.8620683550834656,0.5384615659713745,0.7088111639022827,69.03600311279297
nsl_kdd_v2,rf_5class_smote,296,1,1,1,0.9999993443489075,0.5384615659713745,0.9999986290931702,81.35506439208984
nsl_kdd_v2,rf_5class_smote,297,0,0,1,0.9999993443489075,0.5384615659713745,0.9999993443489075,81.3550796508789
nsl_kdd_v2,rf_5class_smote,298,0,0,1,0.9999993443489075,0.5384615659713745,0.9999993443489075,81.3550796508789
nsl_kdd_v2,rf_5class_smote,299,3,0,0,0.9999991059303284,0.5384615659713745,0.9999991059303284,81.35507202148438
nsl_kdd_v2,rf_5class_smote,300,1,1,1,0.9999993443489075,0.4285714328289032,0.9999986290931702,75.39469909667969
nsl_kdd_v2,rf_5class_smote,301,0,0,1,0.9999993443489075,0.5384615659713745,0.9999993443489075,81.3550796508789
nsl_kdd_v2,rf_5class_smote,302,2,2,1,0.9999993443489075,0.5384615659713745,0.9999993443489075,81.3550796508789
nsl_kdd_v2,rf_5class_smote,303,1,1,1,0.9999993443489075,0.4285714328289032,0.9999986290931702,75.39469909667969
nsl_kdd_v2,rf_5class_smote,304,1,1,1,0.9999993443489075,0.6666666865348816,0.9999986290931702,87.35799407958984
nsl_kdd_v2,rf_5class_smote,305,1,1,1,0.9999993443489075,0.4285714328289032,0.9999986290931702,75.39469909667969
nsl_kdd_v2,rf_5class_smote,306,2,2,1,0.9999992251396179,0.6666666865348816,0.9999992251396179,87.35800170898438
nsl_kdd_v2,rf_5class_smote,307,3,0,0,0.5882347822189331,0.4285714328289032,0.5882347822189331,52.93076705932617
nsl_kdd_v2,rf_5class_smote,308,2,2,1,0.9999993443489075,0.6666666865348816,0.9999993443489075,87.3580093383789
nsl_kdd_v2,rf_5class_smote,309,4,0,0,0.999671459197998,0.3333333432674408,0.999671459197998,69.32093811035156
nsl_kdd_v2,rf_5class_smote,310,0,0,1,0.9999993443489075,0.4285714328289032,0.9999993443489075,75.39471435546875
nsl_kdd_v2,rf_5class_smote,311,0,0,1,0.9999993443489075,0.3333333432674408,0.9999993443489075,69.33609771728516
nsl_kdd_v2,rf_5class_smote,312,2,2,1,0.9999993443489075,0.5384615659713745,0.9999993443489075,81.3550796508789
nsl_kdd_v2,rf_5class_smote,313,2,2,1,0.9999993443489075,0.5384615659713745,0.9999993443489075,81.3550796508789
nsl_kdd_v2,rf_5class_smote,314,1,1,1,0.9999993443489075,0.25,0.9999986290931702,62.99601364135742
nsl_kdd_v2,rf_5class_smote,315,1,1,1,0.9999993443489075,0.4285714328289032,0.9999986290931702,75.39469909667969
nsl_kdd_v2,rf_5class_smote,316,0,0,1,0.9999993443489075,0.5384615659713745,0.9999993443489075,81.3550796508789
nsl_kdd_v2,rf_5class_smote,317,3,0,0,0.9999991059303284,0.4285714328289032,0.9999991059303284,75.39469909667969
nsl_kdd_v2,rf_5class_smote,318,0,0,1,0.9999993443489075,0.5384615659713745,0.9999993443489075,81.3550796508789
nsl_kdd_v2,rf_5class_smote,319,3,0,0,0.6249996423721313,0.5384615659713745,0.6249996423721313,59.47093200683594
nsl_kdd_v2,rf_5class_smote,320,3,0,0,0.9878908395767212,0.5384615659713745,0.9878908395767212,80.69702911376953
nsl_kdd_v2,rf_5class_smote,321,1,1,1,0.5555552840232849,0.4285714328289032,0.06172829866409302,24.495046615600586
nsl_kdd_v2,rf_5class_smote,322,3,0,0,0.9999986886978149,0.5384615659713745,0.9999986886978149,81.35504913330078
nsl_kdd_v2,rf_5class_smote,323,1,1,1,0.8632281422615051,0.6666666865348816,0.7112594842910767,74.24846649169922
nsl_kdd_v2,rf_5class_smote,324,1,1,1,0.9999993443489075,0.4285714328289032,0.9999986290931702,75.39469909667969
nsl_kdd_v2,rf_5class_smote,325,3,0,0,0.9999979734420776,0.4285714328289032,0.9999979734420776,75.39464569091797
nsl_kdd_v2,rf_5class_smote,326,0,0,1,0.9999993443489075,0.5384615659713745,0.9999993443489075,81.3550796508789
nsl_kdd_v2,rf_5class_smote,327,1,1,1,0.5263155698776245,0.5384615659713745,6.624853909897865e-08,0.656851053237915
nsl_kdd_v2,rf_5class_smote,328,2,0,0,0.8490559458732605,0.5384615659713745,0.8490559458732605,72.94728088378906
nsl_kdd_v2,rf_5class_smote,329,3,0,0,0.9999973177909851,0.4285714328289032,0.9999973177909851,75.39460754394531
nsl_kdd_v2,rf_5class_smote,330,2,2,1,0.9999993443489075,0.4285714328289032,0.9999993443489075,75.39471435546875
nsl_kdd_v2,rf_5class_smote,331,3,0,0,0.9999992251396179,0.25,0.9999992251396179,62.99601745605469
nsl_kdd_v2,rf_5class_smote,332,3,0,0,0.9999993443489075,0.6666666865348816,0.9999993443489075,87.3580093383789
nsl_kdd_v2,rf_5class_smote,333,2,2,1,0.9999993443489075,0.5384615659713745,0.9999993443489075,81.3550796508789
nsl_kdd_v2,rf_5class_smote,334,0,0,1,0.9999993443489075,0.6666666865348816,0.9999993443489075,87.3580093383789
nsl_kdd_v2,rf_5class_smote,335,2,2,1,0.9999993443489075,0.4285714328289032,0.9999993443489075,75.39471435546875
nsl_kdd_v2,rf_5class_smote,336,3,0,0,0.9999964237213135,0.5384615659713745,0.9999964237213135,81.35492706298828
nsl_kdd_v2,rf_5class_smote,337,0,0,1,0.9999993443489075,0.6666666865348816,0.9999993443489075,87.3580093383789
nsl_kdd_v2,rf_5class_smote,338,2,2,1,0.9999993443489075,0.6666666865348816,0.9999993443489075,87.3580093383789
nsl_kdd_v2,rf_5class_smote,339,0,0,1,0.9999993443489075,0.5384615659713745,0.9999993443489075,81.3550796508789
nsl_kdd_v2,rf_5class_smote,340,1,1,1,0.9999993443489075,0.4285714328289032,0.9999986290931702,75.39469909667969
nsl_kdd_v2,rf_5class_smote,341,0,0,1,0.9999993443489075,0.5384615659713745,0.9999993443489075,81.3550796508789
nsl_kdd_v2,rf_5class_smote,342,3,0,0,0.9999969005584717,0.4285714328289032,0.9999969005584717,75.39459228515625
nsl_kdd_v2,rf_5class_smote,343,1,1,1,0.9999993443489075,0.5384615659713745,0.9999986290931702,81.35506439208984
nsl_kdd_v2,rf_5class_smote,344,3,0,0,0.9999979734420776,0.4285714328289032,0.9999979734420776,75.39464569091797
nsl_kdd_v2,rf_5class_smote,345,0,0,1,0.9999993443489075,0.5384615659713745,0.9999993443489075,81.3550796508789
nsl_kdd_v2,rf_5class_smote,346,0,0,1,0.9999993443489075,0.4285714328289032,0.9999993443489075,75.39471435546875
nsl_kdd_v2,rf_5class_smote,347,2,2,1,0.9999993443489075,0.6666666865348816,0.9999993443489075,87.3580093383789
nsl_kdd_v2,rf_5class_smote,348,0,0,1,0.9999993443489075,0.4285714328289032,0.9999993443489075,75.39471435546875
nsl_kdd_v2,rf_5class_smote,349,2,0,0,0.749998927116394,0.6666666865348816,0.749998927116394,72.11241149902344
nsl_kdd_v2,rf_5class_smote,350,2,2,1,0.9999993443489075,0.4285714328289032,0.9999993443489075,75.39471435546875
nsl_kdd_v2,rf_5class_smote,351,0,0,1,0.9999993443489075,0.5384615659713745,0.9999993443489075,81.3550796508789
nsl_kdd_v2,rf_5class_smote,352,0,0,1,0.9999993443489075,0.4285714328289032,0.9999993443489075,75.39471435546875
nsl_kdd_v2,rf_5class_smote,353,1,1,1,0.9999993443489075,0.4285714328289032,0.9999986290931702,75.39469909667969
nsl_kdd_v2,rf_5class_smote,354,3,0,0,0.9878910779953003,0.6666666865348816,0.9878910779953003,86.65140533447266
nsl_kdd_v2,rf_5class_smote,355,1,0,0,0.9878910779953003,0.5384615659713745,0.9878910779953003,80.6970443725586
nsl_kdd_v2,rf_5class_smote,356,1,1,1,0.9999993443489075,0.5384615659713745,0.9999986290931702,81.35506439208984
nsl_kdd_v2,rf_5class_smote,357,1,0,0,0.9839991331100464,0.4285714328289032,0.9839991331100464,74.58832550048828
nsl_kdd_v2,rf_5class_smote,358,0,0,1,0.9999993443489075,0.4285714328289032,0.9999993443489075,75.39471435546875
nsl_kdd_v2,rf_5class_smote,359,4,0,0,0.6774272918701172,0.4285714328289032,0.6774272918701172,58.154441833496094
nsl_kdd_v2,rf_5class_smote,360,2,0,0,0.8333326578140259,0.4285714328289032,0.8333326578140259,66.76568603515625
nsl_kdd_v2,rf_5class_smote,361,2,0,0,0.7894728779792786,0.5384615659713745,0.7894728779792786,69.49331665039062
nsl_kdd_v2,rf_5class_smote,362,0,0,1,0.9999993443489075,0.5384615659713745,0.9999993443489075,81.3550796508789
nsl_kdd_v2,rf_5class_smote,363,2,2,1,0.9999993443489075,0.4285714328289032,0.9999993443489075,75.39471435546875
nsl_kdd_v2,rf_5class_smote,364,0,1,0,0.9999993443489075,0.6666666865348816,0.9999986290931702,87.35799407958984
nsl_kdd_v2,rf_5class_smote,365,1,1,1,0.9999993443489075,0.4285714328289032,0.9999986290931702,75.39469909667969
nsl_kdd_v2,rf_5class_smote,366,0,1,0,0.9879510402679443,0.6666666865348816,0.9745633602142334,86.26171112060547
nsl_kdd_v2,rf_5class_smote,367,3,0,0,0.9999988675117493,0.5384615659713745,0.9999988675117493,81.35505676269531
nsl_kdd_v2,rf_5class_smote,368,3,0,0,0.859872043132782,0.5384615659713745,0.859872043132782,73.56549072265625
nsl_kdd_v2,rf_5class_smote,369,0,0,1,0.9999993443489075,0.4285714328289032,0.9999993443489075,75.39471435546875
nsl_kdd_v2,rf_5class_smote,370,3,0,0,0.7664228677749634,0.5384615659713745,0.7664228677749634,68.13399505615234
nsl_kdd_v2,rf_5class_smote,371,0,0,1,0.9999993443489075,0.5384615659713745,0.9999993443489075,81.3550796508789
nsl_kdd_v2,rf_5class_smote,372,1,1,1,0.9999993443489075,0.6666666865348816,0.9999986290931702,87.35799407958984
nsl_kdd_v2,rf_5class_smote,373,2,0,0,0.7499987483024597,0.6666666865348816,0.7499987483024597,72.11239624023438
nsl_kdd_v2,rf_5class_smote,374,1,0,0,0.9878910779953003,0.5384615659713745,0.9878910779953003,80.6970443725586
nsl_kdd_v2,rf_5class_smote,375,3,0,0,0.9878910779953003,0.4285714328289032,0.9878910779953003,74.78487396240234
nsl_kdd_v2,rf_5class_smote,376,0,0,1,0.9999993443489075,0.5384615659713745,0.9999993443489075,81.3550796508789
nsl_kdd_v2,rf_5class_smote,377,2,2,1,0.9999993443489075,0.4285714328289032,0.9999993443489075,75.39471435546875
nsl_kdd_v2,rf_5class_smote,378,2,2,1,0.9999993443489075,0.5384615659713745,0.9999993443489075,81.3550796508789
nsl_kdd_v2,rf_5class_smote,379,3,0,0,0.9999993443489075,0.6666666865348816,0.9999993443489075,87.3580093383789
nsl_kdd_v2,rf_5class_smote,380,2,2,1,0.9999993443489075,0.6666666865348816,0.9999993443489075,87.3580093383789
nsl_kdd_v2,rf_5class_smote,381,1,1,1,0.9999993443489075,0.4285714328289032,0.9999986290931702,75.39469909667969
nsl_kdd_v2,rf_5class_smote,382,0,0,1,0.9999993443489075,0.4285714328289032,0.9999993443489075,75.39471435546875
nsl_kdd_v2,rf_5class_smote,383,4,0,0,0.9952341914176941,0.4285714328289032,0.9952341914176941,75.1550064086914
nsl_kdd_v2,rf_5class_smote,384,3,0,0,0.9999992251396179,0.6666666865348816,0.9999992251396179,87.35800170898438
nsl_kdd_v2,rf_5class_smote,385,2,2,1,0.9999993443489075,0.5384615659713745,0.9999993443489075,81.3550796508789
nsl_kdd_v2,rf_5class_smote,386,3,0,0,0.9999984502792358,0.6666666865348816,0.9999984502792358,87.35795593261719
nsl_kdd_v2,rf_5class_smote,387,2,2,1,0.9999993443489075,0.4285714328289032,0.9999993443489075,75.39471435546875
nsl_kdd_v2,rf_5class_smote,388,2,2,1,0.9999991059303284,0.3333333432674408,0.9999991059303284,69.33609008789062
nsl_kdd_v2,rf_5class_smote,389,2,2,1,0.9999993443489075,0.5384615659713745,0.9999993443489075,81.3550796508789
nsl_kdd_v2,rf_5class_smote,390,4,4,1,1.0,0.4285714328289032,1.0,75.39474487304688
nsl_kdd_v2,rf_5class_smote,391,1,1,1,0.9999993443489075,0.5384615659713745,0.9999986290931702,81.35506439208984
nsl_kdd_v2,rf_5class_smote,392,0,0,1,0.9999993443489075,0.5384615659713745,0.9999993443489075,81.3550796508789
nsl_kdd_v2,rf_5class_smote,393,1,1,1,0.9999993443489075,0.4285714328289032,0.9999986290931702,75.39469909667969
nsl_kdd_v2,rf_5class_smote,394,2,2,1,0.9999993443489075,0.6666666865348816,0.9999993443489075,87.3580093383789
nsl_kdd_v2,rf_5class_smote,395,2,0,0,0.8108099699020386,0.4285714328289032,0.8108099699020386,65.55721282958984
nsl_kdd_v2,rf_5class_smote,396,3,0,0,0.9999989867210388,0.5384615659713745,0.9999989867210388,81.35506439208984
nsl_kdd_v2,rf_5class_smote,397,0,0,1,0.9999993443489075,0.5384615659713745,0.9999993443489075,81.3550796508789
nsl_kdd_v2,rf_5class_smote,398,1,1,1,0.9999993443489075,0.4285714328289032,0.9999986290931702,75.39469909667969
nsl_kdd_v2,rf_5class_smote,399,2,1,0,0.9999993443489075,0.6666666865348816,0.9999986290931702,87.35799407958984
nsl_kdd_v2,rf_5class_smote,400,3,0,0,0.9878910779953003,0.6666666865348816,0.9878910779953003,86.65140533447266
nsl_kdd_v2,rf_5class_smote,401,4,0,0,0.9994983673095703,0.6666666865348816,0.9994983673095703,87.32882690429688
nsl_kdd_v2,rf_5class_smote,402,0,0,1,0.9999993443489075,0.5384615659713745,0.9999993443489075,81.3550796508789
nsl_kdd_v2,rf_5class_smote,403,4,0,0,0.9999544620513916,0.5384615659713745,0.9999544620513916,81.35265350341797
nsl_kdd_v2,rf_5class_smote,404,1,1,1,0.9999993443489075,0.3333333432674408,0.9999986290931702,69.3360824584961
nsl_kdd_v2,rf_5class_smote,405,4,0,0,0.9999993443489075,0.5384615659713745,0.9999993443489075,81.3550796508789
nsl_kdd_v2,rf_5class_smote,406,0,0,1,0.9999993443489075,0.5384615659713745,0.9999993443489075,81.3550796508789
nsl_kdd_v2,rf_5class_smote,407,2,2,1,0.9999993443489075,0.5384615659713745,0.9999993443489075,81.3550796508789
nsl_kdd_v2,rf_5class_smote,408,1,1,1,0.9999993443489075,0.5384615659713745,0.9999986290931702,81.35506439208984
nsl_kdd_v2,rf_5class_smote,409,1,1,1,0.9999993443489075,0.4285714328289032,0.9999986290931702,75.39469909667969
nsl_kdd_v2,rf_5class_smote,410,2,2,1,0.9999991059303284,0.4285714328289032,0.9999991059303284,75.39469909667969
nsl_kdd_v2,rf_5class_smote,411,0,0,1,0.9999993443489075,0.5384615659713745,0.9999993443489075,81.3550796508789
nsl_kdd_v2,rf_5class_smote,412,1,1,1,0.9999993443489075,0.3333333432674408,0.9999986290931702,69.3360824584961
nsl_kdd_v2,rf_5class_smote,413,0,0,1,0.9999993443489075,0.5384615659713745,0.9999993443489075,81.3550796508789
nsl_kdd_v2,rf_5class_smote,414,2,2,1,0.7499993443489075,0.4285714328289032,0.7499993443489075,62.23695373535156
nsl_kdd_v2,rf_5class_smote,415,3,0,0,0.8108099699020386,0.5384615659713745,0.8108099699020386,70.73987579345703
nsl_kdd_v2,rf_5class_smote,416,0,0,1,0.9999993443489075,0.5384615659713745,0.9999993443489075,81.3550796508789
nsl_kdd_v2,rf_5class_smote,417,0,0,1,0.9999993443489075,0.4285714328289032,0.9999993443489075,75.39471435546875
nsl_kdd_v2,rf_5class_smote,418,3,0,0,0.9999986886978149,0.5384615659713745,0.9999986886978149,81.35504913330078
nsl_kdd_v2,rf_5class_smote,419,3,0,0,0.9999945163726807,0.5384615659713745,0.9999945163726807,81.35482025146484
nsl_kdd_v2,rf_5class_smote,420,1,1,1,0.9999993443489075,0.4285714328289032,0.9999986290931702,75.39469909667969
nsl_kdd_v2,rf_5class_smote,421,4,0,0,0.9982166886329651,0.4285714328289032,0.9982166886329651,75.30508422851562
nsl_kdd_v2,rf_5class_smote,422,2,0,0,0.8108100295066833,0.4285714328289032,0.8108100295066833,65.55721282958984
nsl_kdd_v2,rf_5class_smote,423,2,0,0,0.9878910779953003,0.6666666865348816,0.9878910779953003,86.65140533447266
nsl_kdd_v2,rf_5class_smote,424,3,0,0,0.9999989867210388,0.5384615659713745,0.9999989867210388,81.35506439208984
nsl_kdd_v2,rf_5class_smote,425,0,0,1,0.9999993443489075,0.5384615659713745,0.9999993443489075,81.3550796508789
nsl_kdd_v2,rf_5class_smote,426,2,0,0,0.9878910779953003,0.4285714328289032,0.9878910779953003,74.78487396240234
nsl_kdd_v2,rf_5class_smote,427,3,0,0,0.9999989867210388,0.6666666865348816,0.9999989867210388,87.35799407958984
nsl_kdd_v2,rf_5class_smote,428,0,0,1,0.9999993443489075,0.4285714328289032,0.9999993443489075,75.39471435546875
nsl_kdd_v2,rf_5class_smote,429,0,0,1,0.9999993443489075,0.5384615659713745,0.9999993443489075,81.3550796508789
nsl_kdd_v2,rf_5class_smote,430,3,0,0,0.9999992251396179,0.4285714328289032,0.9999992251396179,75.39470672607422
nsl_kdd_v2,rf_5class_smote,431,0,0,1,0.9999993443489075,0.4285714328289032,0.9999993443489075,75.39471435546875
nsl_kdd_v2,rf_5class_smote,432,1,0,0,0.9839991331100464,0.5384615659713745,0.9839991331100464,80.48495483398438
nsl_kdd_v2,rf_5class_smote,433,1,0,0,0.9839990139007568,0.5384615659713745,0.9839990139007568,80.48494720458984
nsl_kdd_v2,rf_5class_smote,434,3,0,0,0.9999993443489075,0.5384615659713745,0.9999993443489075,81.3550796508789
nsl_kdd_v2,rf_5class_smote,435,4,0,0,0.6521708369255066,0.5384615659713745,0.6521708369255066,61.18230056762695
nsl_kdd_v2,rf_5class_smote,436,3,0,0,0.9999989867210388,0.5384615659713745,0.9999989867210388,81.35506439208984
nsl_kdd_v2,rf_5class_smote,437,2,0,0,0.5789461731910706,0.5384615659713745,0.5789461731910706,56.51239013671875
nsl_kdd_v2,rf_5class_smote,438,3,0,0,0.9999993443489075,0.5384615659713745,0.9999993443489075,81.3550796508789
nsl_kdd_v2,rf_5class_smote,439,3,0,0,0.9999993443489075,0.6666666865348816,0.9999993443489075,87.3580093383789
nsl_kdd_v2,rf_5class_smote,440,1,1,1,0.9999993443489075,0.3333333432674408,0.9999986290931702,69.3360824584961
nsl_kdd_v2,rf_5class_smote,441,0,0,1,0.9999993443489075,0.5384615659713745,0.9999993443489075,81.3550796508789
nsl_kdd_v2,rf_5class_smote,442,0,0,1,0.9999993443489075,0.4285714328289032,0.9999993443489075,75.39471435546875
nsl_kdd_v2,rf_5class_smote,443,0,0,1,0.9999993443489075,0.5384615659713745,0.9999993443489075,81.3550796508789
nsl_kdd_v2,rf_5class_smote,444,1,1,1,0.9999993443489075,0.5384615659713745,0.9999986290931702,81.35506439208984
nsl_kdd_v2,rf_5class_smote,445,0,0,1,0.9999993443489075,0.5384615659713745,0.9999993443489075,81.3550796508789
nsl_kdd_v2,rf_5class_smote,446,1,1,1,0.540540337562561,0.6666666865348816,0.030030054971575737,22.118940353393555
nsl_kdd_v2,rf_5class_smote,447,1,1,1,0.9999993443489075,0.4285714328289032,0.9999986290931702,75.39469909667969
nsl_kdd_v2,rf_5class_smote,448,2,2,1,0.9999991059303284,0.3333333432674408,0.9999991059303284,69.33609008789062
nsl_kdd_v2,rf_5class_smote,449,2,2,1,0.9999993443489075,0.6666666865348816,0.9999993443489075,87.3580093383789
nsl_kdd_v2,rf_5class_smote,450,0,0,1,0.9999993443489075,0.4285714328289032,0.9999993443489075,75.39471435546875
nsl_kdd_v2,rf_5class_smote,451,0,0,1,0.9999993443489075,0.5384615659713745,0.9999993443489075,81.3550796508789
nsl_kdd_v2,rf_5class_smote,452,0,0,1,0.9999993443489075,0.5384615659713745,0.9999993443489075,81.3550796508789
nsl_kdd_v2,rf_5class_smote,453,3,0,0,0.9999993443489075,0.5384615659713745,0.9999993443489075,81.3550796508789
nsl_kdd_v2,rf_5class_smote,454,3,0,0,0.9999984502792358,0.4285714328289032,0.9999984502792358,75.39466857910156
nsl_kdd_v2,rf_5class_smote,455,0,0,1,0.9999993443489075,0.5384615659713745,0.9999993443489075,81.3550796508789
nsl_kdd_v2,rf_5class_smote,456,0,0,1,0.9999993443489075,0.4285714328289032,0.9999993443489075,75.39471435546875
nsl_kdd_v2,rf_5class_smote,457,3,0,0,0.9999986886978149,0.5384615659713745,0.9999986886978149,81.35504913330078
nsl_kdd_v2,rf_5class_smote,458,1,0,0,0.9839990139007568,0.6666666865348816,0.9839990139007568,86.42366790771484
nsl_kdd_v2,rf_5class_smote,459,0,0,1,0.9999993443489075,0.4285714328289032,0.9999993443489075,75.39471435546875
nsl_kdd_v2,rf_5class_smote,460,0,0,1,0.9999993443489075,0.5384615659713745,0.9999993443489075,81.3550796508789
nsl_kdd_v2,rf_5class_smote,461,2,0,0,0.9878910779953003,0.4285714328289032,0.9878910779953003,74.78487396240234
nsl_kdd_v2,rf_5class_smote,462,2,2,1,0.9999993443489075,0.5384615659713745,0.9999993443489075,81.3550796508789
nsl_kdd_v2,rf_5class_smote,463,0,0,1,0.9999993443489075,0.5384615659713745,0.9999993443489075,81.3550796508789
nsl_kdd_v2,rf_5class_smote,464,2,2,1,0.9999993443489075,0.6666666865348816,0.9999993443489075,87.3580093383789
nsl_kdd_v2,rf_5class_smote,465,0,0,1,0.9999993443489075,0.6666666865348816,0.9999993443489075,87.3580093383789
nsl_kdd_v2,rf_5class_smote,466,0,0,1,0.9999993443489075,0.5384615659713745,0.9999993443489075,81.3550796508789
nsl_kdd_v2,rf_5class_smote,467,1,0,0,0.5744677782058716,0.5384615659713745,0.5744677782058716,56.220584869384766
nsl_kdd_v2,rf_5class_smote,468,3,0,0,0.9999992251396179,0.6666666865348816,0.9999992251396179,87.35800170898438
nsl_kdd_v2,rf_5class_smote,469,0,0,1,0.9999993443489075,0.5384615659713745,0.9999993443489075,81.3550796508789
nsl_kdd_v2,rf_5class_smote,470,0,0,1,0.9999993443489075,0.5384615659713745,0.9999993443489075,81.3550796508789
nsl_kdd_v2,rf_5class_smote,471,3,0,0,0.9999989867210388,0.6666666865348816,0.9999989867210388,87.35799407958984
nsl_kdd_v2,rf_5class_smote,472,0,0,1,0.9999993443489075,0.4285714328289032,0.9999993443489075,75.39471435546875
nsl_kdd_v2,rf_5class_smote,473,0,0,1,0.9999993443489075,0.3333333432674408,0.9999993443489075,69.33609771728516
nsl_kdd_v2,rf_5class_smote,474,0,0,1,0.9999993443489075,0.5384615659713745,0.9999993443489075,81.3550796508789
nsl_kdd_v2,rf_5class_smote,475,2,2,1,0.9999993443489075,0.4285714328289032,0.9999993443489075,75.39471435546875
nsl_kdd_v2,rf_5class_smote,476,0,0,1,0.9999993443489075,0.5384615659713745,0.9999993443489075,81.3550796508789
nsl_kdd_v2,rf_5class_smote,477,1,0,0,0.9878910779953003,0.6666666865348816,0.9878910779953003,86.65140533447266
nsl_kdd_v2,rf_5class_smote,478,2,2,1,0.9999993443489075,0.6666666865348816,0.9999993443489075,87.3580093383789
nsl_kdd_v2,rf_5class_smote,479,3,0,0,0.9999993443489075,0.4285714328289032,0.9999993443489075,75.39471435546875
nsl_kdd_v2,rf_5class_smote,480,4,0,0,0.999754786491394,0.5384615659713745,0.999754786491394,81.3418197631836
nsl_kdd_v2,rf_5class_smote,481,3,0,0,0.9839982986450195,0.4285714328289032,0.9839982986450195,74.58828735351562
nsl_kdd_v2,rf_5class_smote,482,1,1,1,0.9999993443489075,0.5384615659713745,0.9999986290931702,81.35506439208984
nsl_kdd_v2,rf_5class_smote,483,0,0,1,0.9999993443489075,0.5384615659713745,0.9999993443489075,81.3550796508789
nsl_kdd_v2,rf_5class_smote,484,2,2,1,0.9999993443489075,0.5384615659713745,0.9999993443489075,81.3550796508789
nsl_kdd_v2,rf_5class_smote,485,2,2,1,0.9999993443489075,0.6666666865348816,0.9999993443489075,87.3580093383789
nsl_kdd_v2,rf_5class_smote,486,3,0,0,0.9999993443489075,0.6666666865348816,0.9999993443489075,87.3580093383789
nsl_kdd_v2,rf_5class_smote,487,0,0,1,0.9999993443489075,0.5384615659713745,0.9999993443489075,81.3550796508789
nsl_kdd_v2,rf_5class_smote,488,0,2,0,0.9999993443489075,0.4285714328289032,0.9999993443489075,75.39471435546875
nsl_kdd_v2,rf_5class_smote,489,1,1,1,0.9999993443489075,0.25,0.9999986290931702,62.99601364135742
nsl_kdd_v2,rf_5class_smote,490,3,0,0,0.9999987483024597,0.3333333432674408,0.9999987483024597,69.33606719970703
nsl_kdd_v2,rf_5class_smote,491,2,2,1,0.9999993443489075,0.6666666865348816,0.9999993443489075,87.3580093383789
nsl_kdd_v2,rf_5class_smote,492,1,1,1,0.9999993443489075,0.3333333432674408,0.9999986290931702,69.3360824584961
nsl_kdd_v2,rf_5class_smote,493,2,2,1,0.9999989867210388,0.4285714328289032,0.9999989867210388,75.39469146728516
nsl_kdd_v2,rf_5class_smote,494,4,0,0,0.9795804023742676,0.4285714328289032,0.9795804023742676,74.3648681640625
nsl_kdd_v2,rf_5class_smote,495,3,0,0,0.9999992251396179,0.5384615659713745,0.9999992251396179,81.3550796508789
nsl_kdd_v2,rf_5class_smote,496,0,0,1,0.9999993443489075,0.4285714328289032,0.9999993443489075,75.39471435546875
nsl_kdd_v2,rf_5class_smote,497,4,0,0,0.9999936819076538,0.6666666865348816,0.9999936819076538,87.35767364501953
nsl_kdd_v2,rf_5class_smote,498,3,0,0,0.9999991059303284,0.4285714328289032,0.9999991059303284,75.39469909667969
nsl_kdd_v2,rf_5class_smote,499,1,1,1,0.9999993443489075,0.4285714328289032,0.9999986290931702,75.39469909667969
nsl_kdd_v2,rf_5class_smote,500,0,0,1,0.9999993443489075,0.5384615659713745,0.9999993443489075,81.3550796508789
nsl_kdd_v2,rf_5class_smote,501,0,0,1,0.9999993443489075,0.4285714328289032,0.9999993443489075,75.39471435546875
nsl_kdd_v2,rf_5class_smote,502,0,0,1,0.9999993443489075,0.4285714328289032,0.9999993443489075,75.39471435546875
nsl_kdd_v2,rf_5class_smote,503,0,0,1,0.9999993443489075,0.6666666865348816,0.9999993443489075,87.3580093383789
nsl_kdd_v2,rf_5class_smote,504,3,0,0,0.9878910779953003,0.5384615659713745,0.9878910779953003,80.6970443725586
nsl_kdd_v2,rf_5class_smote,505,0,0,1,0.9999993443489075,0.3333333432674408,0.9999993443489075,69.33609771728516
nsl_kdd_v2,rf_5class_smote,506,0,0,1,0.9999993443489075,0.5384615659713745,0.9999993443489075,81.3550796508789
nsl_kdd_v2,rf_5class_smote,507,2,2,1,0.9999993443489075,0.5384615659713745,0.9999993443489075,81.3550796508789
nsl_kdd_v2,rf_5class_smote,508,1,1,1,0.5555552840232849,0.4285714328289032,0.061728376895189285,24.495054244995117
nsl_kdd_v2,rf_5class_smote,509,0,0,1,0.9999993443489075,0.4285714328289032,0.9999993443489075,75.39471435546875
nsl_kdd_v2,rf_5class_smote,510,0,0,1,0.9999993443489075,0.4285714328289032,0.9999993443489075,75.39471435546875
nsl_kdd_v2,rf_5class_smote,511,1,1,1,0.9999993443489075,0.4285714328289032,0.9999986290931702,75.39469909667969
nsl_kdd_v2,rf_5class_smote,512,3,0,0,0.9878907203674316,0.4285714328289032,0.9878907203674316,74.78485870361328
nsl_kdd_v2,rf_5class_smote,513,3,0,0,0.9999976754188538,0.4285714328289032,0.9999976754188538,75.3946304321289
nsl_kdd_v2,rf_5class_smote,514,0,0,1,0.9999993443489075,0.5384615659713745,0.9999993443489075,81.3550796508789
nsl_kdd_v2,rf_5class_smote,515,1,1,1,0.9999993443489075,0.5384615659713745,0.9999986290931702,81.35506439208984
nsl_kdd_v2,rf_5class_smote,516,3,0,0,0.9999993443489075,0.6666666865348816,0.9999993443489075,87.3580093383789
nsl_kdd_v2,rf_5class_smote,517,2,2,1,0.5555551648139954,0.5384615659713745,0.5555551648139954,54.97978210449219
nsl_kdd_v2,rf_5class_smote,518,1,1,1,0.9999993443489075,0.4285714328289032,0.9999986290931702,75.39469909667969
nsl_kdd_v2,rf_5class_smote,519,2,2,1,0.9999993443489075,0.5384615659713745,0.9999993443489075,81.3550796508789
nsl_kdd_v2,rf_5class_smote,520,3,0,0,0.9999989867210388,0.4285714328289032,0.9999989867210388,75.39469146728516
nsl_kdd_v2,rf_5class_smote,521,1,1,1,0.9999993443489075,0.4285714328289032,0.9999986290931702,75.39469909667969
nsl_kdd_v2,rf_5class_smote,522,4,4,1,1.0,0.4285714328289032,1.0,75.39474487304688
nsl_kdd_v2,rf_5class_smote,523,3,0,0,0.9292023777961731,0.5384615659713745,0.9292023777961731,77.46849060058594
nsl_kdd_v2,rf_5class_smote,524,3,0,0,0.9999993443489075,0.5384615659713745,0.9999993443489075,81.3550796508789
nsl_kdd_v2,rf_5class_smote,525,2,2,1,0.9999993443489075,0.5384615659713745,0.9999993443489075,81.3550796508789
nsl_kdd_v2,rf_5class_smote,526,2,0,0,0.7499991059303284,0.5384615659713745,0.7499991059303284,67.15711975097656
nsl_kdd_v2,rf_5class_smote,527,1,1,1,0.9999993443489075,0.6666666865348816,0.9999986290931702,87.35799407958984
nsl_kdd_v2,rf_5class_smote,528,2,2,1,0.9999993443489075,0.6666666865348816,0.9999993443489075,87.3580093383789
nsl_kdd_v2,rf_5class_smote,529,4,0,0,0.9999993443489075,0.5384615659713745,0.9999993443489075,81.3550796508789
nsl_kdd_v2,rf_5class_smote,530,2,0,0,0.7499991059303284,0.5384615659713745,0.7499991059303284,67.15711975097656
nsl_kdd_v2,rf_5class_smote,531,2,2,1,0.9999991059303284,0.3333333432674408,0.9999991059303284,69.33609008789062
nsl_kdd_v2,rf_5class_smote,532,1,1,1,0.6249997019767761,0.5384615659713745,0.2083331048488617,41.234832763671875
nsl_kdd_v2,rf_5class_smote,533,2,2,1,0.9999993443489075,0.6666666865348816,0.9999993443489075,87.3580093383789
nsl_kdd_v2,rf_5class_smote,534,3,0,0,0.9999988675117493,0.5384615659713745,0.9999988675117493,81.35505676269531
nsl_kdd_v2,rf_5class_smote,535,0,0,1,0.9999993443489075,0.5384615659713745,0.9999993443489075,81.3550796508789
nsl_kdd_v2,rf_5class_smote,536,2,0,0,0.7499991059303284,0.5384615659713745,0.7499991059303284,67.15711975097656
nsl_kdd_v2,rf_5class_smote,537,3,0,0,0.6249996423721313,0.5384615659713745,0.6249996423721313,59.47093200683594
nsl_kdd_v2,rf_5class_smote,538,1,1,1,0.9999993443489075,0.5384615659713745,0.9999986290931702,81.35506439208984
nsl_kdd_v2,rf_5class_smote,539,0,0,1,0.9999993443489075,0.5384615659713745,0.9999993443489075,81.3550796508789
nsl_kdd_v2,rf_5class_smote,540,4,0,0,0.9997146725654602,0.5384615659713745,0.9997146725654602,81.33964538574219
nsl_kdd_v2,rf_5class_smote,541,2,2,1,0.9999993443489075,0.4285714328289032,0.9999993443489075,75.39471435546875
nsl_kdd_v2,rf_5class_smote,542,0,0,1,0.9999993443489075,0.4285714328289032,0.9999993443489075,75.39471435546875
nsl_kdd_v2,rf_5class_smote,543,1,1,1,0.9999993443489075,0.4285714328289032,0.9999986290931702,75.39469909667969
nsl_kdd_v2,rf_5class_smote,544,1,1,1,0.9999993443489075,0.4285714328289032,0.9999986290931702,75.39469909667969
nsl_kdd_v2,rf_5class_smote,545,1,1,1,0.9999993443489075,0.5384615659713745,0.9999986290931702,81.35506439208984
nsl_kdd_v2,rf_5class_smote,546,1,0,0,0.9839991331100464,0.4285714328289032,0.9839991331100464,74.58832550048828
nsl_kdd_v2,rf_5class_smote,547,3,0,0,0.9999993443489075,0.4285714328289032,0.9999993443489075,75.39471435546875
nsl_kdd_v2,rf_5class_smote,548,3,0,0,0.9999988675117493,0.5384615659713745,0.9999988675117493,81.35505676269531
nsl_kdd_v2,rf_5class_smote,549,3,0,0,0.9999991059303284,0.4285714328289032,0.9999991059303284,75.39469909667969
nsl_kdd_v2,rf_5class_smote,550,1,1,1,0.9999993443489075,0.3333333432674408,0.9999986290931702,69.3360824584961
nsl_kdd_v2,rf_5class_smote,551,2,0,0,0.5555543303489685,0.5384615659713745,0.5555543303489685,54.97972869873047
nsl_kdd_v2,rf_5class_smote,552,0,0,1,0.9999993443489075,0.5384615659713745,0.9999993443489075,81.3550796508789
nsl_kdd_v2,rf_5class_smote,553,2,0,0,0.6521728038787842,0.6666666865348816,0.6521728038787842,65.69686889648438
nsl_kdd_v2,rf_5class_smote,554,0,0,1,0.9999993443489075,0.5384615659713745,0.9999993443489075,81.3550796508789
nsl_kdd_v2,rf_5class_smote,555,2,0,0,0.8490559458732605,0.3333333432674408,0.8490559458732605,62.17041778564453
nsl_kdd_v2,rf_5class_smote,556,3,0,0,0.9999991059303284,0.8181818127632141,0.9999991059303284,93.52973175048828
nsl_kdd_v2,rf_5class_smote,557,1,0,0,0.8415834903717041,0.4285714328289032,0.8415834903717041,67.20565795898438
nsl_kdd_v2,rf_5class_smote,558,0,0,1,0.9999993443489075,0.5384615659713745,0.9999993443489075,81.3550796508789
nsl_kdd_v2,rf_5class_smote,559,0,0,1,0.9999993443489075,0.3333333432674408,0.9999993443489075,69.33609771728516
nsl_kdd_v2,rf_5class_smote,560,0,0,1,0.9999993443489075,0.5384615659713745,0.9999993443489075,81.3550796508789
nsl_kdd_v2,rf_5class_smote,561,0,0,1,0.9999993443489075,0.5384615659713745,0.9999993443489075,81.3550796508789
nsl_kdd_v2,rf_5class_smote,562,3,0,0,0.9878910779953003,0.4285714328289032,0.9878910779953003,74.78487396240234
nsl_kdd_v2,rf_5class_smote,563,2,2,1,0.9999993443489075,0.5384615659713745,0.9999993443489075,81.3550796508789
nsl_kdd_v2,rf_5class_smote,564,3,0,0,0.9878910779953003,0.6666666865348816,0.9878910779953003,86.65140533447266
nsl_kdd_v2,rf_5class_smote,565,1,1,1,0.9999993443489075,0.5384615659713745,0.9999986290931702,81.35506439208984
nsl_kdd_v2,rf_5class_smote,566,3,0,0,0.9999991059303284,0.6666666865348816,0.9999991059303284,87.35800170898438
nsl_kdd_v2,rf_5class_smote,567,0,0,1,0.9999993443489075,0.5384615659713745,0.9999993443489075,81.3550796508789
nsl_kdd_v2,rf_5class_smote,568,0,0,1,0.9999993443489075,0.5384615659713745,0.9999993443489075,81.3550796508789
nsl_kdd_v2,rf_5class_smote,569,1,1,1,0.9999993443489075,0.4285714328289032,0.9999986290931702,75.39469909667969
nsl_kdd_v2,rf_5class_smote,570,2,0,0,0.6521728038787842,0.4285714328289032,0.6521728038787842,56.699974060058594
nsl_kdd_v2,rf_5class_smote,571,2,1,0,0.9999993443489075,0.8181818127632141,0.9999986290931702,93.52972412109375
nsl_kdd_v2,rf_5class_smote,572,2,2,1,0.9999993443489075,0.6666666865348816,0.9999993443489075,87.3580093383789
nsl_kdd_v2,rf_5class_smote,573,3,0,0,0.9999993443489075,0.5384615659713745,0.9999993443489075,81.3550796508789
nsl_kdd_v2,rf_5class_smote,574,4,0,0,0.6521719098091125,0.6666666865348816,0.6521719098091125,65.69680786132812
nsl_kdd_v2,rf_5class_smote,575,1,0,0,0.9999992251396179,0.4285714328289032,0.9999992251396179,75.39470672607422
nsl_kdd_v2,rf_5class_smote,576,0,0,1,0.9999993443489075,0.5384615659713745,0.9999993443489075,81.3550796508789
nsl_kdd_v2,rf_5class_smote,577,0,0,1,0.9999993443489075,0.5384615659713745,0.9999993443489075,81.3550796508789
nsl_kdd_v2,rf_5class_smote,578,4,4,1,1.0,0.4285714328289032,1.0,75.39474487304688
nsl_kdd_v2,rf_5class_smote,579,4,0,0,0.6247121691703796,0.4285714328289032,0.6247121691703796,55.09696578979492
nsl_kdd_v2,rf_5class_smote,580,2,2,1,0.9999993443489075,0.6666666865348816,0.9999993443489075,87.3580093383789
nsl_kdd_v2,rf_5class_smote,581,0,0,1,0.9999993443489075,0.3333333432674408,0.9999993443489075,69.33609771728516
nsl_kdd_v2,rf_5class_smote,582,1,0,0,0.6362065076828003,0.5384615659713745,0.6362065076828003,60.17974090576172
nsl_kdd_v2,rf_5class_smote,583,4,0,0,0.9997729063034058,0.5384615659713745,0.9997729063034058,81.34280395507812
nsl_kdd_v2,rf_5class_smote,584,1,1,1,0.9999993443489075,0.3333333432674408,0.9999986290931702,69.3360824584961
nsl_kdd_v2,rf_5class_smote,585,2,0,0,0.8490559458732605,0.6666666865348816,0.8490559458732605,78.32981872558594
nsl_kdd_v2,rf_5class_smote,586,3,0,0,0.9999993443489075,0.5384615659713745,0.9999993443489075,81.3550796508789
nsl_kdd_v2,rf_5class_smote,587,0,0,1,0.9999993443489075,0.5384615659713745,0.9999993443489075,81.3550796508789
nsl_kdd_v2,rf_5class_smote,588,4,0,0,0.9999993443489075,0.3333333432674408,0.9999993443489075,69.33609771728516
nsl_kdd_v2,rf_5class_smote,589,3,0,0,0.9999984502792358,0.5384615659713745,0.9999984502792358,81.35503387451172
nsl_kdd_v2,rf_5class_smote,590,2,2,1,0.9999993443489075,0.6666666865348816,0.9999993443489075,87.3580093383789
nsl_kdd_v2,rf_5class_smote,591,3,0,0,0.9999983906745911,0.4285714328289032,0.9999983906745911,75.39466857910156
nsl_kdd_v2,rf_5class_smote,592,1,1,1,0.8731803297996521,0.5384615659713745,0.7322697043418884,70.08793640136719
nsl_kdd_v2,rf_5class_smote,593,3,0,0,0.9999991059303284,0.6666666865348816,0.9999991059303284,87.35800170898438
nsl_kdd_v2,rf_5class_smote,594,2,2,1,0.9999993443489075,0.5384615659713745,0.9999993443489075,81.3550796508789
nsl_kdd_v2,rf_5class_smote,595,2,0,0,0.8490559458732605,0.4285714328289032,0.8490559458732605,67.60289001464844
nsl_kdd_v2,rf_5class_smote,596,0,0,1,0.9999993443489075,0.4285714328289032,0.9999993443489075,75.39471435546875
nsl_kdd_v2,rf_5class_smote,597,4,0,0,0.9999582767486572,0.6666666865348816,0.9999582767486572,87.3556137084961
nsl_kdd_v2,rf_5class_smote,598,3,0,0,0.9999993443489075,0.5384615659713745,0.9999993443489075,81.3550796508789
nsl_kdd_v2,rf_5class_smote,599,0,0,1,0.9999993443489075,0.5384615659713745,0.9999993443489075,81.3550796508789
nsl_kdd_v2,rf_5class_smote,600,2,2,1,0.9999993443489075,0.5384615659713745,0.9999993443489075,81.3550796508789
nsl_kdd_v2,rf_5class_smote,601,2,2,1,0.9999993443489075,0.6666666865348816,0.9999993443489075,87.3580093383789
nsl_kdd_v2,rf_5class_smote,602,2,2,1,0.9999993443489075,0.5384615659713745,0.9999993443489075,81.3550796508789
nsl_kdd_v2,rf_5class_smote,603,1,1,1,0.9999993443489075,0.5384615659713745,0.9999986290931702,81.35506439208984
nsl_kdd_v2,rf_5class_smote,604,1,1,1,0.9999993443489075,0.5384615659713745,0.9999986290931702,81.35506439208984
nsl_kdd_v2,rf_5class_smote,605,1,1,1,0.9999993443489075,0.4285714328289032,0.9999986290931702,75.39469909667969
nsl_kdd_v2,rf_5class_smote,606,0,0,1,0.9999993443489075,0.5384615659713745,0.9999993443489075,81.3550796508789
nsl_kdd_v2,rf_5class_smote,607,2,2,1,0.9999993443489075,0.5384615659713745,0.9999993443489075,81.3550796508789
nsl_kdd_v2,rf_5class_smote,608,1,0,0,0.8333326578140259,0.5384615659713745,0.8333326578140259,72.04389190673828
nsl_kdd_v2,rf_5class_smote,609,0,0,1,0.8333324193954468,0.5384615659713745,0.8333324193954468,72.04387664794922
nsl_kdd_v2,rf_5class_smote,610,1,1,1,0.9999993443489075,0.4285714328289032,0.9999986290931702,75.39469909667969
nsl_kdd_v2,rf_5class_smote,611,1,1,1,0.9999993443489075,0.4285714328289032,0.9999986290931702,75.39469909667969
nsl_kdd_v2,rf_5class_smote,612,2,2,1,0.9999993443489075,0.6666666865348816,0.9999993443489075,87.3580093383789
nsl_kdd_v2,rf_5class_smote,613,0,0,1,0.9999993443489075,0.5384615659713745,0.9999993443489075,81.3550796508789
nsl_kdd_v2,rf_5class_smote,614,2,2,1,0.8333327770233154,0.6666666865348816,0.8333327770233154,77.35978698730469
nsl_kdd_v2,rf_5class_smote,615,0,0,1,0.9999993443489075,0.4285714328289032,0.9999993443489075,75.39471435546875
nsl_kdd_v2,rf_5class_smote,616,2,1,0,0.4201676547527313,0.5384615659713745,0.0,0.6093391180038452
nsl_kdd_v2,rf_5class_smote,617,1,1,1,0.9999993443489075,0.6666666865348816,0.9999986290931702,87.35799407958984
nsl_kdd_v2,rf_5class_smote,618,0,0,1,0.9999993443489075,0.5384615659713745,0.9999993443489075,81.3550796508789
nsl_kdd_v2,rf_5class_smote,619,1,1,1,0.9999993443489075,0.4285714328289032,0.9999986290931702,75.39469909667969
nsl_kdd_v2,rf_5class_smote,620,2,0,0,0.9878910779953003,0.4285714328289032,0.9878910779953003,74.78487396240234
nsl_kdd_v2,rf_5class_smote,621,0,2,0,0.9999993443489075,0.5384615659713745,0.9999993443489075,81.3550796508789
nsl_kdd_v2,rf_5class_smote,622,1,1,1,0.9999993443489075,0.4285714328289032,0.9999986290931702,75.39469909667969
nsl_kdd_v2,rf_5class_smote,623,3,0,0,0.9999987483024597,0.4285714328289032,0.9999987483024597,75.3946762084961
nsl_kdd_v2,rf_5class_smote,624,4,0,0,0.9906385540962219,0.6666666865348816,0.9906385540962219,86.81199645996094
nsl_kdd_v2,rf_5class_smote,625,2,2,1,0.6666659712791443,0.5384615659713745,0.6666659712791443,62.085533142089844
nsl_kdd_v2,rf_5class_smote,626,3,0,0,0.49999937415122986,0.3333333432674408,0.49999937415122986,43.678985595703125
nsl_kdd_v2,rf_5class_smote,627,2,2,1,0.9999993443489075,0.4285714328289032,0.9999993443489075,75.39471435546875
nsl_kdd_v2,rf_5class_smote,628,1,1,1,0.9999993443489075,0.4285714328289032,0.9999986290931702,75.39469909667969
nsl_kdd_v2,rf_5class_smote,629,0,0,1,0.9999993443489075,0.4285714328289032,0.9999993443489075,75.39471435546875
nsl_kdd_v2,rf_5class_smote,630,1,1,1,0.9999993443489075,0.6666666865348816,0.9999986290931702,87.35799407958984
nsl_kdd_v2,rf_5class_smote,631,3,0,0,0.9999988675117493,0.6666666865348816,0.9999988675117493,87.35797882080078
nsl_kdd_v2,rf_5class_smote,632,1,1,1,0.9999993443489075,0.4285714328289032,0.9999986290931702,75.39469909667969
nsl_kdd_v2,rf_5class_smote,633,1,0,0,0.6362065076828003,0.3333333432674408,0.6362065076828003,51.28908920288086
nsl_kdd_v2,rf_5class_smote,634,2,1,0,0.9999993443489075,0.6666666865348816,0.9999986290931702,87.35799407958984
nsl_kdd_v2,rf_5class_smote,635,2,2,1,0.9999993443489075,0.5384615659713745,0.9999993443489075,81.3550796508789
nsl_kdd_v2,rf_5class_smote,636,3,0,0,0.9878910779953003,0.6666666865348816,0.9878910779953003,86.65140533447266
nsl_kdd_v2,rf_5class_smote,637,0,0,1,0.9839990139007568,0.8181818127632141,0.9839990139007568,92.52938842773438
nsl_kdd_v2,rf_5class_smote,638,0,0,1,0.9999993443489075,0.5384615659713745,0.9999993443489075,81.3550796508789
nsl_kdd_v2,rf_5class_smote,639,1,1,1,0.5263155102729797,0.4285714328289032,0.0,0.6087276935577393
nsl_kdd_v2,rf_5class_smote,640,3,0,0,0.9999989867210388,0.5384615659713745,0.9999989867210388,81.35506439208984
nsl_kdd_v2,rf_5class_smote,641,2,2,1,0.9999993443489075,0.4285714328289032,0.9999993443489075,75.39471435546875
nsl_kdd_v2,rf_5class_smote,642,1,1,1,0.5555552840232849,0.5384615659713745,0.06172829866409302,26.431516647338867
nsl_kdd_v2,rf_5class_smote,643,1,1,1,0.9999993443489075,0.6666666865348816,0.9999986290931702,87.35799407958984
nsl_kdd_v2,rf_5class_smote,644,1,1,1,0.9999993443489075,0.4285714328289032,0.9999986290931702,75.39469909667969
nsl_kdd_v2,rf_5class_smote,645,2,2,1,0.9999989867210388,0.5384615659713745,0.9999989867210388,81.35506439208984
nsl_kdd_v2,rf_5class_smote,646,0,0,1,0.9999993443489075,0.5384615659713745,0.9999993443489075,81.3550796508789
nsl_kdd_v2,rf_5class_smote,647,0,0,1,0.9999991059303284,0.3333333432674408,0.9999991059303284,69.33609008789062
nsl_kdd_v2,rf_5class_smote,648,0,0,1,0.9999993443489075,0.5384615659713745,0.9999993443489075,81.3550796508789
nsl_kdd_v2,rf_5class_smote,649,1,1,1,0.9999993443489075,0.3333333432674408,0.9999986290931702,69.3360824584961
nsl_kdd_v2,rf_5class_smote,650,3,0,0,0.9347174167633057,0.5384615659713745,0.9347174167633057,77.77471923828125
nsl_kdd_v2,rf_5class_smote,651,1,1,1,0.9999993443489075,0.5384615659713745,0.9999986290931702,81.35506439208984
nsl_kdd_v2,rf_5class_smote,652,0,0,1,0.9999993443489075,0.5384615659713745,0.9999993443489075,81.3550796508789
nsl_kdd_v2,rf_5class_smote,653,1,1,1,0.8620683550834656,0.3333333432674408,0.7088111639022827,58.836971282958984
nsl_kdd_v2,rf_5class_smote,654,3,0,0,0.9999992251396179,0.5384615659713745,0.9999992251396179,81.3550796508789
nsl_kdd_v2,rf_5class_smote,655,1,1,1,0.9999993443489075,0.4285714328289032,0.9999986290931702,75.39469909667969
nsl_kdd_v2,rf_5class_smote,656,2,0,0,0.9878910779953003,0.5384615659713745,0.9878910779953003,80.6970443725586
nsl_kdd_v2,rf_5class_smote,657,3,0,0,0.5882348418235779,0.4285714328289032,0.5882348418235779,52.93077087402344
nsl_kdd_v2,rf_5class_smote,658,3,0,0,0.9999993443489075,0.6666666865348816,0.9999993443489075,87.3580093383789
nsl_kdd_v2,rf_5class_smote,659,4,0,0,0.9998937845230103,0.3333333432674408,0.9998937845230103,69.33121490478516
nsl_kdd_v2,rf_5class_smote,660,3,0,0,0.9999993443489075,0.6666666865348816,0.9999993443489075,87.3580093383789
nsl_kdd_v2,rf_5class_smote,661,3,0,0,0.9999993443489075,0.4285714328289032,0.9999993443489075,75.39471435546875
nsl_kdd_v2,rf_5class_smote,662,3,0,0,0.9999993443489075,0.4285714328289032,0.9999993443489075,75.39471435546875
nsl_kdd_v2,rf_5class_smote,663,2,2,1,0.9999989867210388,0.4285714328289032,0.9999989867210388,75.39469146728516
nsl_kdd_v2,rf_5class_smote,664,4,0,0,0.9999982118606567,0.5384615659713745,0.9999982118606567,81.35502624511719
nsl_kdd_v2,rf_5class_smote,665,0,0,1,0.9999993443489075,0.4285714328289032,0.9999993443489075,75.39471435546875
nsl_kdd_v2,rf_5class_smote,666,1,1,1,0.5228756070137024,0.5384615659713745,0.0,0.6554168462753296
nsl_kdd_v2,rf_5class_smote,667,0,0,1,0.9999993443489075,0.4285714328289032,0.9999993443489075,75.39471435546875
nsl_kdd_v2,rf_5class_smote,668,0,0,1,0.9999993443489075,0.5384615659713745,0.9999993443489075,81.3550796508789
nsl_kdd_v2,rf_5class_smote,669,0,0,1,0.9999993443489075,0.6666666865348816,0.9999993443489075,87.3580093383789
nsl_kdd_v2,rf_5class_smote,670,2,2,1,0.9999993443489075,0.3333333432674408,0.9999993443489075,69.33609771728516
nsl_kdd_v2,rf_5class_smote,671,3,0,0,0.9999604821205139,0.4285714328289032,0.9999604821205139,75.39276123046875
nsl_kdd_v2,rf_5class_smote,672,0,0,1,0.9999993443489075,0.5384615659713745,0.9999993443489075,81.3550796508789
nsl_kdd_v2,rf_5class_smote,673,3,0,0,0.9999993443489075,0.4285714328289032,0.9999993443489075,75.39471435546875
nsl_kdd_v2,rf_5class_smote,674,2,0,0,0.7894728779792786,0.5384615659713745,0.7894728779792786,69.49331665039062
nsl_kdd_v2,rf_5class_smote,675,0,0,1,0.9999993443489075,0.4285714328289032,0.9999993443489075,75.39471435546875
nsl_kdd_v2,rf_5class_smote,676,0,0,1,0.9999993443489075,0.4285714328289032,0.9999993443489075,75.39471435546875
nsl_kdd_v2,rf_5class_smote,677,3,0,0,0.9999993443489075,0.4285714328289032,0.9999993443489075,75.39471435546875
nsl_kdd_v2,rf_5class_smote,678,2,0,0,0.7499991059303284,0.6666666865348816,0.7499991059303284,72.1124267578125
nsl_kdd_v2,rf_5class_smote,679,0,0,1,0.9999993443489075,0.5384615659713745,0.9999993443489075,81.3550796508789
nsl_kdd_v2,rf_5class_smote,680,0,0,1,0.9999993443489075,0.5384615659713745,0.9999993443489075,81.3550796508789
nsl_kdd_v2,rf_5class_smote,681,2,2,1,0.9999993443489075,0.5384615659713745,0.9999993443489075,81.3550796508789
nsl_kdd_v2,rf_5class_smote,682,1,1,1,0.9999993443489075,0.4285714328289032,0.9999986290931702,75.39469909667969
nsl_kdd_v2,rf_5class_smote,683,2,2,1,0.9999989867210388,0.4285714328289032,0.9999989867210388,75.39469146728516
nsl_kdd_v2,rf_5class_smote,684,1,1,1,0.9999993443489075,0.4285714328289032,0.9999986290931702,75.39469909667969
nsl_kdd_v2,rf_5class_smote,685,3,0,0,0.9999992251396179,0.5384615659713745,0.9999992251396179,81.3550796508789
nsl_kdd_v2,rf_5class_smote,686,3,0,0,0.9999988675117493,0.6666666865348816,0.9999988675117493,87.35797882080078
nsl_kdd_v2,rf_5class_smote,687,0,0,1,0.9999993443489075,0.4285714328289032,0.9999993443489075,75.39471435546875
nsl_kdd_v2,rf_5class_smote,688,4,0,0,0.9968706965446472,0.3333333432674408,0.9968706965446472,69.19139862060547
nsl_kdd_v2,rf_5class_smote,689,0,0,1,0.9999993443489075,0.4285714328289032,0.9999993443489075,75.39471435546875
nsl_kdd_v2,rf_5class_smote,690,2,2,1,0.9999993443489075,0.5384615659713745,0.9999993443489075,81.3550796508789
nsl_kdd_v2,rf_5class_smote,691,2,2,1,0.7499994039535522,0.5384615659713745,0.7499994039535522,67.15713500976562
nsl_kdd_v2,rf_5class_smote,692,0,0,1,0.9999993443489075,0.5384615659713745,0.9999993443489075,81.3550796508789
nsl_kdd_v2,rf_5class_smote,693,1,0,0,0.9853128790855408,0.5384615659713745,0.9853128790855408,80.55657958984375
nsl_kdd_v2,rf_5class_smote,694,1,1,1,0.5263155698776245,0.25,6.624853909897865e-08,0.5086222290992737
nsl_kdd_v2,rf_5class_smote,695,3,0,0,0.9999973177909851,0.4285714328289032,0.9999973177909851,75.39460754394531
nsl_kdd_v2,rf_5class_smote,696,0,0,1,0.9853129982948303,0.8181818127632141,0.9853129982948303,92.61174774169922
nsl_kdd_v2,rf_5class_smote,697,1,1,1,0.5263155698776245,0.4285714328289032,6.624853909897865e-08,0.6087276935577393
nsl_kdd_v2,rf_5class_smote,698,2,0,0,0.8333326578140259,0.4285714328289032,0.8333326578140259,66.76568603515625
nsl_kdd_v2,rf_5class_smote,699,0,0,1,0.9999993443489075,0.4285714328289032,0.9999993443489075,75.39471435546875
nsl_kdd_v2,rf_5class_smote,700,4,3,0,0.7056509256362915,0.25,0.607534646987915,47.500732421875
nsl_kdd_v2,rf_5class_smote,701,0,0,1,0.9999993443489075,0.4285714328289032,0.9999993443489075,75.39471435546875
nsl_kdd_v2,rf_5class_smote,702,1,1,1,0.9999993443489075,0.4285714328289032,0.9999986290931702,75.39469909667969
nsl_kdd_v2,rf_5class_smote,703,2,0,0,0.8108100295066833,0.4285714328289032,0.8108100295066833,65.55721282958984
nsl_kdd_v2,rf_5class_smote,704,1,1,1,0.8624571561813354,0.4285714328289032,0.7096319198608398,64.0124740600586
nsl_kdd_v2,rf_5class_smote,705,0,0,1,0.9999993443489075,0.5384615659713745,0.9999993443489075,81.3550796508789
nsl_kdd_v2,rf_5class_smote,706,2,0,0,0.8333326578140259,0.6666666865348816,0.8333326578140259,77.35977172851562
nsl_kdd_v2,rf_5class_smote,707,0,0,1,0.9999993443489075,0.5384615659713745,0.9999993443489075,81.3550796508789
nsl_kdd_v2,rf_5class_smote,708,3,0,0,0.9878910779953003,0.6666666865348816,0.9878910779953003,86.65140533447266
nsl_kdd_v2,rf_5class_smote,709,2,2,1,0.9999993443489075,0.5384615659713745,0.9999993443489075,81.3550796508789
nsl_kdd_v2,rf_5class_smote,710,2,2,1,0.9999993443489075,0.5384615659713745,0.9999993443489075,81.3550796508789
nsl_kdd_v2,rf_5class_smote,711,0,0,1,0.9999993443489075,0.3333333432674408,0.9999993443489075,69.33609771728516
nsl_kdd_v2,rf_5class_smote,712,3,0,0,0.9878907203674316,0.5384615659713745,0.9878907203674316,80.697021484375
nsl_kdd_v2,rf_5class_smote,713,2,2,1,0.9999993443489075,0.5384615659713745,0.9999993443489075,81.3550796508789
nsl_kdd_v2,rf_5class_smote,714,2,2,1,0.9999993443489075,0.3333333432674408,0.9999993443489075,69.33609771728516
nsl_kdd_v2,rf_5class_smote,715,2,2,1,0.9999993443489075,0.5384615659713745,0.9999993443489075,81.3550796508789
nsl_kdd_v2,rf_5class_smote,716,3,0,0,0.9999992251396179,0.6666666865348816,0.9999992251396179,87.35800170898438
nsl_kdd_v2,rf_5class_smote,717,0,0,1,0.9999993443489075,0.4285714328289032,0.9999993443489075,75.39471435546875
nsl_kdd_v2,rf_5class_smote,718,3,0,0,0.9999988675117493,0.5384615659713745,0.9999988675117493,81.35505676269531
nsl_kdd_v2,rf_5class_smote,719,2,2,1,0.9999993443489075,0.6666666865348816,0.9999993443489075,87.3580093383789
nsl_kdd_v2,rf_5class_smote,720,2,1,0,0.8571423888206482,0.6666666865348816,0.6984118223190308,73.6248550415039
nsl_kdd_v2,rf_5class_smote,721,0,0,1,0.9999993443489075,0.5384615659713745,0.9999993443489075,81.3550796508789
nsl_kdd_v2,rf_5class_smote,722,0,0,1,0.9999993443489075,0.4285714328289032,0.9999993443489075,75.39471435546875
nsl_kdd_v2,rf_5class_smote,723,0,0,1,0.9999993443489075,0.5384615659713745,0.9999993443489075,81.3550796508789
nsl_kdd_v2,rf_5class_smote,724,0,0,1,0.9999993443489075,0.5384615659713745,0.9999993443489075,81.3550796508789
nsl_kdd_v2,rf_5class_smote,725,0,0,1,0.9999993443489075,0.5384615659713745,0.9999993443489075,81.3550796508789
nsl_kdd_v2,rf_5class_smote,726,3,0,0,0.9999989867210388,0.6666666865348816,0.9999989867210388,87.35799407958984
nsl_kdd_v2,rf_5class_smote,727,2,2,1,0.9999989867210388,0.4285714328289032,0.9999989867210388,75.39469146728516
nsl_kdd_v2,rf_5class_smote,728,1,1,1,0.9999993443489075,0.5384615659713745,0.9999986290931702,81.35506439208984
nsl_kdd_v2,rf_5class_smote,729,1,1,1,0.8571423888206482,0.5384615659713745,0.6984118223190308,68.56562805175781
nsl_kdd_v2,rf_5class_smote,730,2,2,1,0.818181037902832,0.4285714328289032,0.818181037902832,65.95392608642578
nsl_kdd_v2,rf_5class_smote,731,3,0,0,0.9999993443489075,0.6666666865348816,0.9999993443489075,87.3580093383789
nsl_kdd_v2,rf_5class_smote,732,1,1,1,0.9999993443489075,0.4285714328289032,0.9999986290931702,75.39469909667969
nsl_kdd_v2,rf_5class_smote,733,0,0,1,0.9839990139007568,0.8181818127632141,0.9839990139007568,92.52938842773438
nsl_kdd_v2,rf_5class_smote,734,1,1,1,0.9999993443489075,0.3333333432674408,0.9999986290931702,69.3360824584961
nsl_kdd_v2,rf_5class_smote,735,1,1,1,0.9999993443489075,0.4285714328289032,0.9999986290931702,75.39469909667969
nsl_kdd_v2,rf_5class_smote,736,1,0,0,0.9999993443489075,0.6666666865348816,0.9999993443489075,87.3580093383789
nsl_kdd_v2,rf_5class_smote,737,1,1,1,0.5263155102729797,0.6666666865348816,0.0,0.7053179144859314
nsl_kdd_v2,rf_5class_smote,738,3,0,0,0.9999993443489075,0.4285714328289032,0.9999993443489075,75.39471435546875
nsl_kdd_v2,rf_5class_smote,739,0,0,1,0.9839991331100464,0.8181818127632141,0.9839991331100464,92.52940368652344
nsl_kdd_v2,rf_5class_smote,740,3,0,0,0.987890362739563,0.4285714328289032,0.987890362739563,74.78483581542969
nsl_kdd_v2,rf_5class_smote,741,0,0,1,0.9999993443489075,0.5384615659713745,0.9999993443489075,81.3550796508789
nsl_kdd_v2,rf_5class_smote,742,2,2,1,0.781249463558197,0.6666666865348816,0.781249463558197,74.10191345214844
nsl_kdd_v2,rf_5class_smote,743,2,2,1,0.9999993443489075,0.5384615659713745,0.9999993443489075,81.3550796508789
nsl_kdd_v2,rf_5class_smote,744,3,0,0,0.9999989867210388,0.4285714328289032,0.9999989867210388,75.39469146728516
nsl_kdd_v2,rf_5class_smote,745,2,2,1,0.9999993443489075,0.5384615659713745,0.9999993443489075,81.3550796508789
nsl_kdd_v2,rf_5class_smote,746,1,1,1,0.540540337562561,0.4285714328289032,0.030030054971575737,19.089847564697266
nsl_kdd_v2,rf_5class_smote,747,0,0,1,0.9999993443489075,0.5384615659713745,0.9999993443489075,81.3550796508789
nsl_kdd_v2,rf_5class_smote,748,2,1,0,0.9999993443489075,0.8181818127632141,0.9999986290931702,93.52972412109375
nsl_kdd_v2,rf_5class_smote,749,2,2,1,0.9999993443489075,0.4285714328289032,0.9999993443489075,75.39471435546875
nsl_kdd_v2,rf_5class_smote,750,0,0,1,0.9999993443489075,0.5384615659713745,0.9999993443489075,81.3550796508789
nsl_kdd_v2,rf_5class_smote,751,2,2,1,0.9999993443489075,0.6666666865348816,0.9999993443489075,87.3580093383789
nsl_kdd_v2,rf_5class_smote,752,0,0,1,0.9999993443489075,0.4285714328289032,0.9999993443489075,75.39471435546875
nsl_kdd_v2,rf_5class_smote,753,2,0,0,0.9839991331100464,0.3333333432674408,0.9839991331100464,68.59451293945312
nsl_kdd_v2,rf_5class_smote,754,3,0,0,0.9999986886978149,0.6666666865348816,0.9999986886978149,87.35797119140625
nsl_kdd_v2,rf_5class_smote,755,1,1,1,0.6249997019767761,0.4285714328289032,0.2083331048488617,38.21381759643555
nsl_kdd_v2,rf_5class_smote,756,0,1,0,0.9999993443489075,0.5384615659713745,0.9999986290931702,81.35506439208984
nsl_kdd_v2,rf_5class_smote,757,1,0,0,0.8333326578140259,0.6666666865348816,0.8333326578140259,77.35977172851562
nsl_kdd_v2,rf_5class_smote,758,0,0,1,0.9999993443489075,0.5384615659713745,0.9999993443489075,81.3550796508789
nsl_kdd_v2,rf_5class_smote,759,1,1,1,0.9999993443489075,0.4285714328289032,0.9999986290931702,75.39469909667969
nsl_kdd_v2,rf_5class_smote,760,3,0,0,0.9999988675117493,0.4285714328289032,0.9999988675117493,75.39469146728516
nsl_kdd_v2,rf_5class_smote,761,0,0,1,0.9999993443489075,0.5384615659713745,0.9999993443489075,81.3550796508789
nsl_kdd_v2,rf_5class_smote,762,0,0,1,0.9999993443489075,0.5384615659713745,0.9999993443489075,81.3550796508789
nsl_kdd_v2,rf_5class_smote,763,3,0,0,0.9999991059303284,0.6666666865348816,0.9999991059303284,87.35800170898438
nsl_kdd_v2,rf_5class_smote,764,0,0,1,0.9999993443489075,0.4285714328289032,0.9999993443489075,75.39471435546875
nsl_kdd_v2,rf_5class_smote,765,3,0,0,0.9853113293647766,0.3333333432674408,0.9853113293647766,68.65548706054688
nsl_kdd_v2,rf_5class_smote,766,2,2,1,0.8333327770233154,0.4285714328289032,0.8333327770233154,66.76569366455078
nsl_kdd_v2,rf_5class_smote,767,0,0,1,0.9999993443489075,0.6666666865348816,0.9999993443489075,87.3580093383789
nsl_kdd_v2,rf_5class_smote,768,0,0,1,0.9999993443489075,0.4285714328289032,0.9999993443489075,75.39471435546875
nsl_kdd_v2,rf_5class_smote,769,2,2,1,0.9999993443489075,0.5384615659713745,0.9999993443489075,81.3550796508789
nsl_kdd_v2,rf_5class_smote,770,1,1,1,0.9999993443489075,0.5384615659713745,0.9999986290931702,81.35506439208984
nsl_kdd_v2,rf_5class_smote,771,0,2,0,0.9999993443489075,0.5384615659713745,0.9999993443489075,81.3550796508789
nsl_kdd_v2,rf_5class_smote,772,1,1,1,0.9999993443489075,0.4285714328289032,0.9999986290931702,75.39469909667969
nsl_kdd_v2,rf_5class_smote,773,1,1,1,0.9999993443489075,0.4285714328289032,0.9999986290931702,75.39469909667969
nsl_kdd_v2,rf_5class_smote,774,3,0,0,0.9878908395767212,0.5384615659713745,0.9878908395767212,80.69702911376953
nsl_kdd_v2,rf_5class_smote,775,3,0,0,0.9999986886978149,0.8181818127632141,0.9999986886978149,93.52970123291016
nsl_kdd_v2,rf_5class_smote,776,3,0,0,0.9878905415534973,0.4285714328289032,0.9878905415534973,74.78485107421875
nsl_kdd_v2,rf_5class_smote,777,4,0,0,0.937218964099884,0.4285714328289032,0.937218964099884,72.20519256591797
nsl_kdd_v2,rf_5class_smote,778,1,0,0,0.9999992251396179,0.5384615659713745,0.9999992251396179,81.3550796508789
nsl_kdd_v2,rf_5class_smote,779,0,0,1,0.9999993443489075,0.5384615659713745,0.9999993443489075,81.3550796508789
nsl_kdd_v2,rf_5class_smote,780,0,0,1,0.9999993443489075,0.4285714328289032,0.9999993443489075,75.39471435546875
nsl_kdd_v2,rf_5class_smote,781,0,0,1,0.9999993443489075,0.4285714328289032,0.9999993443489075,75.39471435546875
nsl_kdd_v2,rf_5class_smote,782,0,0,1,0.9999993443489075,0.4285714328289032,0.9999993443489075,75.39471435546875
nsl_kdd_v2,rf_5class_smote,783,1,1,1,0.9999993443489075,0.4285714328289032,0.9999986290931702,75.39469909667969
nsl_kdd_v2,rf_5class_smote,784,1,1,1,0.540540337562561,0.6666666865348816,0.030030054971575737,22.118940353393555
nsl_kdd_v2,rf_5class_smote,785,0,0,1,0.9999993443489075,0.4285714328289032,0.9999993443489075,75.39471435546875
nsl_kdd_v2,rf_5class_smote,786,3,0,0,0.9999989867210388,0.5384615659713745,0.9999989867210388,81.35506439208984
nsl_kdd_v2,rf_5class_smote,787,1,0,0,0.9839990139007568,0.6666666865348816,0.9839990139007568,86.42366790771484
nsl_kdd_v2,rf_5class_smote,788,1,1,1,0.9999993443489075,0.4285714328289032,0.9999986290931702,75.39469909667969
nsl_kdd_v2,rf_5class_smote,789,4,0,0,0.9999976754188538,0.3333333432674408,0.9999976754188538,69.33602142333984
nsl_kdd_v2,rf_5class_smote,790,0,0,1,0.9999993443489075,0.5384615659713745,0.9999993443489075,81.3550796508789
nsl_kdd_v2,rf_5class_smote,791,0,0,1,0.9999993443489075,0.4285714328289032,0.9999993443489075,75.39471435546875
nsl_kdd_v2,rf_5class_smote,792,1,1,1,0.9999993443489075,0.3333333432674408,0.9999986290931702,69.3360824584961
nsl_kdd_v2,rf_5class_smote,793,2,1,0,0.9999993443489075,0.8181818127632141,0.9999986290931702,93.52972412109375
nsl_kdd_v2,rf_5class_smote,794,1,1,1,0.5263155102729797,0.5384615659713745,0.0,0.656851053237915
nsl_kdd_v2,rf_5class_smote,795,2,2,1,0.7499992251396179,0.6666666865348816,0.7499992251396179,72.1124267578125
nsl_kdd_v2,rf_5class_smote,796,2,0,0,0.7499991059303284,0.6666666865348816,0.7499991059303284,72.1124267578125
nsl_kdd_v2,rf_5class_smote,797,1,1,1,0.9999993443489075,0.5384615659713745,0.9999986290931702,81.35506439208984
nsl_kdd_v2,rf_5class_smote,798,1,1,1,0.9999993443489075,0.6666666865348816,0.9999986290931702,87.35799407958984
nsl_kdd_v2,rf_5class_smote,799,3,0,0,0.9999989867210388,0.6666666865348816,0.9999989867210388,87.35799407958984
nsl_kdd_v2,rf_5class_smote,800,2,1,0,0.9999993443489075,0.8181818127632141,0.9999986290931702,93.52972412109375
nsl_kdd_v2,rf_5class_smote,801,2,2,1,0.9999993443489075,0.5384615659713745,0.9999993443489075,81.3550796508789
nsl_kdd_v2,rf_5class_smote,802,0,0,1,0.9999993443489075,0.4285714328289032,0.9999993443489075,75.39471435546875
nsl_kdd_v2,rf_5class_smote,803,0,0,1,0.9999993443489075,0.4285714328289032,0.9999993443489075,75.39471435546875
nsl_kdd_v2,rf_5class_smote,804,1,1,1,0.9999993443489075,0.4285714328289032,0.9999986290931702,75.39469909667969
nsl_kdd_v2,rf_5class_smote,805,3,0,0,0.9878908395767212,0.5384615659713745,0.9878908395767212,80.69702911376953
nsl_kdd_v2,rf_5class_smote,806,3,0,0,0.9878909587860107,0.4285714328289032,0.9878909587860107,74.78486633300781
nsl_kdd_v2,rf_5class_smote,807,2,0,0,0.9853129982948303,0.4285714328289032,0.9853129982948303,74.65470886230469
nsl_kdd_v2,rf_5class_smote,808,3,0,0,0.9999992251396179,0.5384615659713745,0.9999992251396179,81.3550796508789
nsl_kdd_v2,rf_5class_smote,809,4,0,0,0.9999830722808838,0.5384615659713745,0.9999830722808838,81.35420227050781
nsl_kdd_v2,rf_5class_smote,810,0,0,1,0.9999993443489075,0.4285714328289032,0.9999993443489075,75.39471435546875
nsl_kdd_v2,rf_5class_smote,811,4,0,0,0.9999993443489075,0.5384615659713745,0.9999993443489075,81.3550796508789
nsl_kdd_v2,rf_5class_smote,812,2,0,0,0.7894728779792786,0.4285714328289032,0.7894728779792786,64.4019775390625
nsl_kdd_v2,rf_5class_smote,813,0,0,1,0.9999993443489075,0.4285714328289032,0.9999993443489075,75.39471435546875
nsl_kdd_v2,rf_5class_smote,814,1,1,1,0.9999993443489075,0.4285714328289032,0.9999986290931702,75.39469909667969
nsl_kdd_v2,rf_5class_smote,815,1,1,1,0.9999993443489075,0.4285714328289032,0.9999986290931702,75.39469909667969
nsl_kdd_v2,rf_5class_smote,816,1,1,1,0.9999993443489075,0.4285714328289032,0.9999986290931702,75.39469909667969
nsl_kdd_v2,rf_5class_smote,817,2,2,1,0.9999993443489075,0.6666666865348816,0.9999993443489075,87.3580093383789
nsl_kdd_v2,rf_5class_smote,818,1,1,1,0.9999993443489075,0.4285714328289032,0.9999986290931702,75.39469909667969
nsl_kdd_v2,rf_5class_smote,819,0,0,1,0.9999993443489075,0.5384615659713745,0.9999993443489075,81.3550796508789
nsl_kdd_v2,rf_5class_smote,820,3,0,0,0.9878910779953003,0.5384615659713745,0.9878910779953003,80.6970443725586
nsl_kdd_v2,rf_5class_smote,821,4,0,0,0.9999993443489075,0.5384615659713745,0.9999993443489075,81.3550796508789
nsl_kdd_v2,rf_5class_smote,822,1,1,1,0.9999993443489075,0.4285714328289032,0.9999986290931702,75.39469909667969
nsl_kdd_v2,rf_5class_smote,823,3,0,0,0.9999993443489075,0.5384615659713745,0.9999993443489075,81.3550796508789
nsl_kdd_v2,rf_5class_smote,824,1,1,1,0.9999993443489075,0.4285714328289032,0.9999986290931702,75.39469909667969
nsl_kdd_v2,rf_5class_smote,825,1,1,1,0.9999993443489075,0.5384615659713745,0.9999986290931702,81.35506439208984
nsl_kdd_v2,rf_5class_smote,826,0,0,1,0.9999993443489075,0.3333333432674408,0.9999993443489075,69.33609771728516
nsl_kdd_v2,rf_5class_smote,827,1,1,1,0.9999993443489075,0.4285714328289032,0.9999986290931702,75.39469909667969
nsl_kdd_v2,rf_5class_smote,828,2,2,1,0.9999993443489075,0.5384615659713745,0.9999993443489075,81.3550796508789
nsl_kdd_v2,rf_5class_smote,829,2,2,1,0.9999993443489075,0.6666666865348816,0.9999993443489075,87.3580093383789
nsl_kdd_v2,rf_5class_smote,830,3,0,0,0.9878910779953003,0.5384615659713745,0.9878910779953003,80.6970443725586
nsl_kdd_v2,rf_5class_smote,831,3,3,1,0.6153838038444519,0.4285714328289032,0.4871785044670105,50.46060562133789
nsl_kdd_v2,rf_5class_smote,832,1,1,1,0.9999993443489075,0.5384615659713745,0.9999986290931702,81.35506439208984
nsl_kdd_v2,rf_5class_smote,833,2,0,0,0.8333326578140259,0.5384615659713745,0.8333326578140259,72.04389190673828
nsl_kdd_v2,rf_5class_smote,834,1,1,1,0.9999993443489075,0.4285714328289032,0.9999986290931702,75.39469909667969
nsl_kdd_v2,rf_5class_smote,835,2,2,1,0.9999993443489075,0.4285714328289032,0.9999993443489075,75.39471435546875
nsl_kdd_v2,rf_5class_smote,836,1,1,1,0.9999993443489075,0.4285714328289032,0.9999986290931702,75.39469909667969
nsl_kdd_v2,rf_5class_smote,837,4,0,0,0.999789834022522,0.6666666865348816,0.999789834022522,87.34580993652344
nsl_kdd_v2,rf_5class_smote,838,3,0,0,0.9999991059303284,0.6666666865348816,0.9999991059303284,87.35800170898438
nsl_kdd_v2,rf_5class_smote,839,3,0,0,0.9999989867210388,0.3333333432674408,0.9999989867210388,69.3360824584961
nsl_kdd_v2,rf_5class_smote,840,0,0,1,0.9999993443489075,0.4285714328289032,0.9999993443489075,75.39471435546875
nsl_kdd_v2,rf_5class_smote,841,0,0,1,0.9999993443489075,0.5384615659713745,0.9999993443489075,81.3550796508789
nsl_kdd_v2,rf_5class_smote,842,3,0,0,0.9999976754188538,0.5384615659713745,0.9999976754188538,81.35499572753906
nsl_kdd_v2,rf_5class_smote,843,0,0,1,0.9853129982948303,0.5384615659713745,0.9853129982948303,80.55657958984375
nsl_kdd_v2,rf_5class_smote,844,1,1,1,0.9999993443489075,0.4285714328289032,0.9999986290931702,75.39469909667969
nsl_kdd_v2,rf_5class_smote,845,3,0,0,0.9999992251396179,0.25,0.9999992251396179,62.99601745605469
nsl_kdd_v2,rf_5class_smote,846,0,0,1,0.9999993443489075,0.5384615659713745,0.9999993443489075,81.3550796508789
nsl_kdd_v2,rf_5class_smote,847,1,1,1,0.9999993443489075,0.3333333432674408,0.9999986290931702,69.3360824584961
nsl_kdd_v2,rf_5class_smote,848,1,1,1,0.9999993443489075,0.5384615659713745,0.9999986290931702,81.35506439208984
nsl_kdd_v2,rf_5class_smote,849,4,0,0,0.9984508156776428,0.4285714328289032,0.9984508156776428,75.31685638427734
nsl_kdd_v2,rf_5class_smote,850,2,0,0,0.8415834903717041,0.4285714328289032,0.8415834903717041,67.20565795898438
nsl_kdd_v2,rf_5class_smote,851,1,0,0,0.9853125810623169,0.5384615659713745,0.9853125810623169,80.55655670166016
nsl_kdd_v2,rf_5class_smote,852,0,0,1,0.9999993443489075,0.4285714328289032,0.9999993443489075,75.39471435546875
nsl_kdd_v2,rf_5class_smote,853,1,1,1,0.8624571561813354,0.3333333432674408,0.7096319198608398,58.86852264404297
nsl_kdd_v2,rf_5class_smote,854,2,0,0,0.6521724462509155,0.4285714328289032,0.6521724462509155,56.699954986572266
nsl_kdd_v2,rf_5class_smote,855,3,0,0,0.9999993443489075,0.5384615659713745,0.9999993443489075,81.3550796508789
nsl_kdd_v2,rf_5class_smote,856,1,1,1,0.9999993443489075,0.4285714328289032,0.9999986290931702,75.39469909667969
nsl_kdd_v2,rf_5class_smote,857,0,0,1,0.9999993443489075,0.4285714328289032,0.9999993443489075,75.39471435546875
nsl_kdd_v2,rf_5class_smote,858,3,0,0,0.9999989867210388,0.6666666865348816,0.9999989867210388,87.35799407958984
nsl_kdd_v2,rf_5class_smote,859,3,0,0,0.999995231628418,0.3333333432674408,0.999995231628418,69.33590698242188
nsl_kdd_v2,rf_5class_smote,860,3,0,0,0.999995231628418,0.5384615659713745,0.999995231628418,81.35486602783203
nsl_kdd_v2,rf_5class_smote,861,1,0,0,0.9878910779953003,0.5384615659713745,0.9878910779953003,80.6970443725586
nsl_kdd_v2,rf_5class_smote,862,1,0,0,0.9878910779953003,0.5384615659713745,0.9878910779953003,80.6970443725586
nsl_kdd_v2,rf_5class_smote,863,1,0,0,0.8490558862686157,0.6666666865348816,0.8490558862686157,78.3298110961914
nsl_kdd_v2,rf_5class_smote,864,2,2,1,0.9999993443489075,0.3333333432674408,0.9999993443489075,69.33609771728516
nsl_kdd_v2,rf_5class_smote,865,4,0,0,0.9999993443489075,0.4285714328289032,0.9999993443489075,75.39471435546875
nsl_kdd_v2,rf_5class_smote,866,3,0,0,0.9999976754188538,0.6666666865348816,0.9999976754188538,87.35791778564453
nsl_kdd_v2,rf_5class_smote,867,3,0,0,0.9878910779953003,0.5384615659713745,0.9878910779953003,80.6970443725586
nsl_kdd_v2,rf_5class_smote,868,3,0,0,0.8108099699020386,0.4285714328289032,0.8108099699020386,65.55721282958984
nsl_kdd_v2,rf_5class_smote,869,4,0,0,0.9999993443489075,0.5384615659713745,0.9999993443489075,81.3550796508789
nsl_kdd_v2,rf_5class_smote,870,2,2,1,0.9999993443489075,0.5384615659713745,0.9999993443489075,81.3550796508789
nsl_kdd_v2,rf_5class_smote,871,3,0,0,0.9999993443489075,0.6666666865348816,0.9999993443489075,87.3580093383789
nsl_kdd_v2,rf_5class_smote,872,2,2,1,0.9999993443489075,0.6666666865348816,0.9999993443489075,87.3580093383789
nsl_kdd_v2,rf_5class_smote,873,2,2,1,0.9999993443489075,0.6666666865348816,0.9999993443489075,87.3580093383789
nsl_kdd_v2,rf_5class_smote,874,1,1,1,0.9999993443489075,0.4285714328289032,0.9999986290931702,75.39469909667969
nsl_kdd_v2,rf_5class_smote,875,1,1,1,0.9999993443489075,0.25,0.9999986290931702,62.99601364135742
nsl_kdd_v2,rf_5class_smote,876,0,0,1,0.9999993443489075,0.5384615659713745,0.9999993443489075,81.3550796508789
nsl_kdd_v2,rf_5class_smote,877,0,0,1,0.9999993443489075,0.5384615659713745,0.9999993443489075,81.3550796508789
nsl_kdd_v2,rf_5class_smote,878,3,0,0,0.9999993443489075,0.5384615659713745,0.9999993443489075,81.3550796508789
nsl_kdd_v2,rf_5class_smote,879,2,0,0,0.8333326578140259,0.4285714328289032,0.8333326578140259,66.76568603515625
nsl_kdd_v2,rf_5class_smote,880,1,1,1,0.9999993443489075,0.5384615659713745,0.9999986290931702,81.35506439208984
nsl_kdd_v2,rf_5class_smote,881,4,0,0,0.9878835082054138,0.6666666865348816,0.9878835082054138,86.65096282958984
nsl_kdd_v2,rf_5class_smote,882,0,0,1,0.9999993443489075,0.4285714328289032,0.9999993443489075,75.39471435546875
nsl_kdd_v2,rf_5class_smote,883,2,2,1,0.9999993443489075,0.5384615659713745,0.9999993443489075,81.3550796508789
nsl_kdd_v2,rf_5class_smote,884,3,0,0,0.999995231628418,0.5384615659713745,0.999995231628418,81.35486602783203
nsl_kdd_v2,rf_5class_smote,885,0,0,1,0.9999993443489075,0.4285714328289032,0.9999993443489075,75.39471435546875
nsl_kdd_v2,rf_5class_smote,886,1,0,0,0.9999989867210388,0.4285714328289032,0.9999989867210388,75.39469146728516
nsl_kdd_v2,rf_5class_smote,887,3,0,0,0.9878910779953003,0.6666666865348816,0.9878910779953003,86.65140533447266
nsl_kdd_v2,rf_5class_smote,888,2,2,1,0.9999993443489075,0.6666666865348816,0.9999993443489075,87.3580093383789
nsl_kdd_v2,rf_5class_smote,889,0,0,1,0.9999993443489075,0.5384615659713745,0.9999993443489075,81.3550796508789
nsl_kdd_v2,rf_5class_smote,890,2,2,1,0.9999993443489075,0.5384615659713745,0.9999993443489075,81.3550796508789
nsl_kdd_v2,rf_5class_smote,891,0,0,1,0.9999986886978149,0.4285714328289032,0.9999986886978149,75.3946762084961
nsl_kdd_v2,rf_5class_smote,892,1,1,1,0.9999993443489075,0.25,0.9999986290931702,62.99601364135742
nsl_kdd_v2,rf_5class_smote,893,3,0,0,0.9999986886978149,0.5384615659713745,0.9999986886978149,81.35504913330078
nsl_kdd_v2,rf_5class_smote,894,4,0,0,0.9972807168960571,0.5384615659713745,0.9972807168960571,81.20756530761719
nsl_kdd_v2,rf_5class_smote,895,0,0,1,0.9999993443489075,0.4285714328289032,0.9999993443489075,75.39471435546875
nsl_kdd_v2,rf_5class_smote,896,0,0,1,0.9999993443489075,0.5384615659713745,0.9999993443489075,81.3550796508789
nsl_kdd_v2,rf_5class_smote,897,1,1,1,0.9999993443489075,0.25,0.9999986290931702,62.99601364135742
nsl_kdd_v2,rf_5class_smote,898,3,0,0,0.8490559458732605,0.4285714328289032,0.8490559458732605,67.60289001464844
nsl_kdd_v2,rf_5class_smote,899,0,0,1,0.9999993443489075,0.5384615659713745,0.9999993443489075,81.3550796508789
nsl_kdd_v2,rf_5class_smote,900,1,1,1,0.9999993443489075,0.4285714328289032,0.9999986290931702,75.39469909667969
nsl_kdd_v2,rf_5class_smote,901,1,0,0,0.9839991331100464,0.5384615659713745,0.9839991331100464,80.48495483398438
nsl_kdd_v2,rf_5class_smote,902,2,2,1,0.9999993443489075,0.6666666865348816,0.9999993443489075,87.3580093383789
nsl_kdd_v2,rf_5class_smote,903,0,0,1,0.9999993443489075,0.5384615659713745,0.9999993443489075,81.3550796508789
nsl_kdd_v2,rf_5class_smote,904,1,1,1,0.9999993443489075,0.4285714328289032,0.9999986290931702,75.39469909667969
nsl_kdd_v2,rf_5class_smote,905,2,0,0,0.8490558862686157,0.5384615659713745,0.8490558862686157,72.94727325439453
nsl_kdd_v2,rf_5class_smote,906,1,1,1,0.9999993443489075,0.5384615659713745,0.9999986290931702,81.35506439208984
nsl_kdd_v2,rf_5class_smote,907,1,1,1,0.9999993443489075,0.5384615659713745,0.9999986290931702,81.35506439208984
nsl_kdd_v2,rf_5class_smote,908,2,0,0,0.8490559458732605,0.3333333432674408,0.8490559458732605,62.17041778564453
nsl_kdd_v2,rf_5class_smote,909,2,2,1,0.9999991059303284,0.5384615659713745,0.9999991059303284,81.35507202148438
nsl_kdd_v2,rf_5class_smote,910,2,2,1,0.9999993443489075,0.6666666865348816,0.9999993443489075,87.3580093383789
nsl_kdd_v2,rf_5class_smote,911,4,0,0,0.4999920427799225,0.3333333432674408,0.4999920427799225,43.678558349609375
nsl_kdd_v2,rf_5class_smote,912,1,1,1,0.6756752729415894,0.4285714328289032,0.31531479954719543,45.029991149902344
nsl_kdd_v2,rf_5class_smote,913,1,1,1,0.9999993443489075,0.6666666865348816,0.9999986290931702,87.35799407958984
nsl_kdd_v2,rf_5class_smote,914,0,0,1,0.9999993443489075,0.5384615659713745,0.9999993443489075,81.3550796508789
nsl_kdd_v2,rf_5class_smote,915,2,2,1,0.9999993443489075,0.6666666865348816,0.9999993443489075,87.3580093383789
nsl_kdd_v2,rf_5class_smote,916,4,0,0,0.7664223313331604,0.6666666865348816,0.7664223313331604,73.16134643554688
nsl_kdd_v2,rf_5class_smote,917,0,0,1,0.9853129982948303,0.5384615659713745,0.9853129982948303,80.55657958984375
nsl_kdd_v2,rf_5class_smote,918,0,0,1,0.9999993443489075,0.5384615659713745,0.9999993443489075,81.3550796508789
nsl_kdd_v2,rf_5class_smote,919,1,1,1,0.9999993443489075,0.5384615659713745,0.9999986290931702,81.35506439208984
nsl_kdd_v2,rf_5class_smote,920,3,0,0,0.9878897070884705,0.4285714328289032,0.9878897070884705,74.78480529785156
nsl_kdd_v2,rf_5class_smote,921,1,1,1,0.8620681762695312,0.5384615659713745,0.7088107466697693,69.0359878540039
nsl_kdd_v2,rf_5class_smote,922,1,1,1,0.5263155698776245,0.5384615659713745,6.624853909897865e-08,0.656851053237915
nsl_kdd_v2,rf_5class_smote,923,3,0,0,0.9999984502792358,0.5384615659713745,0.9999984502792358,81.35503387451172
nsl_kdd_v2,rf_5class_smote,924,3,0,0,0.5555551052093506,0.4285714328289032,0.5555551052093506,50.95175552368164
nsl_kdd_v2,rf_5class_smote,925,1,0,0,0.8333326578140259,0.5384615659713745,0.8333326578140259,72.04389190673828
nsl_kdd_v2,rf_5class_smote,926,3,0,0,0.9999973177909851,0.5384615659713745,0.9999973177909851,81.35497283935547
nsl_kdd_v2,rf_5class_smote,927,3,0,0,0.6521734595298767,0.4285714328289032,0.6521734595298767,56.700008392333984
nsl_kdd_v2,rf_5class_smote,928,1,1,1,0.9999993443489075,0.5384615659713745,0.9999986290931702,81.35506439208984
nsl_kdd_v2,rf_5class_smote,929,3,0,0,0.9999989867210388,0.6666666865348816,0.9999989867210388,87.35799407958984
nsl_kdd_v2,rf_5class_smote,930,1,1,1,0.9999993443489075,0.4285714328289032,0.9999986290931702,75.39469909667969
nsl_kdd_v2,rf_5class_smote,931,0,0,1,0.8490557670593262,0.4285714328289032,0.8490557670593262,67.6028823852539
nsl_kdd_v2,rf_5class_smote,932,2,2,1,0.9999993443489075,0.3333333432674408,0.9999993443489075,69.33609771728516
nsl_kdd_v2,rf_5class_smote,933,1,0,0,0.8333326578140259,0.5384615659713745,0.8333326578140259,72.04389190673828
nsl_kdd_v2,rf_5class_smote,934,0,0,1,0.9999993443489075,0.4285714328289032,0.9999993443489075,75.39471435546875
nsl_kdd_v2,rf_5class_smote,935,2,2,1,0.9999993443489075,0.5384615659713745,0.9999993443489075,81.3550796508789
nsl_kdd_v2,rf_5class_smote,936,4,0,0,0.9853038787841797,0.6666666865348816,0.9853038787841797,86.50005340576172
nsl_kdd_v2,rf_5class_smote,937,4,0,0,0.9968706965446472,0.6666666865348816,0.9968706965446472,87.17570495605469
nsl_kdd_v2,rf_5class_smote,938,3,0,0,0.9999984502792358,0.5384615659713745,0.9999984502792358,81.35503387451172
nsl_kdd_v2,rf_5class_smote,939,0,0,1,0.9999993443489075,0.5384615659713745,0.9999993443489075,81.3550796508789
nsl_kdd_v2,rf_5class_smote,940,1,1,1,0.9999993443489075,0.4285714328289032,0.9999986290931702,75.39469909667969
nsl_kdd_v2,rf_5class_smote,941,2,2,1,0.6521735191345215,0.6666666865348816,0.6521735191345215,65.6969223022461
nsl_kdd_v2,rf_5class_smote,942,3,0,0,0.9839990139007568,0.6666666865348816,0.9839990139007568,86.42366790771484
nsl_kdd_v2,rf_5class_smote,943,0,0,1,0.9999993443489075,0.5384615659713745,0.9999993443489075,81.3550796508789
nsl_kdd_v2,rf_5class_smote,944,1,1,1,0.9999993443489075,0.3333333432674408,0.9999986290931702,69.3360824584961
nsl_kdd_v2,rf_5class_smote,945,3,0,0,0.6521735191345215,0.5384615659713745,0.6521735191345215,61.18246841430664
nsl_kdd_v2,rf_5class_smote,946,3,0,0,0.9878908395767212,0.6666666865348816,0.9878908395767212,86.6513900756836
nsl_kdd_v2,rf_5class_smote,947,1,1,1,0.9999993443489075,0.6666666865348816,0.9999986290931702,87.35799407958984
nsl_kdd_v2,rf_5class_smote,948,0,0,1,0.9999993443489075,0.4285714328289032,0.9999993443489075,75.39471435546875
nsl_kdd_v2,rf_5class_smote,949,0,0,1,0.9999993443489075,0.4285714328289032,0.9999993443489075,75.39471435546875
nsl_kdd_v2,rf_5class_smote,950,3,0,0,0.9853119254112244,0.5384615659713745,0.9853119254112244,80.55652618408203
nsl_kdd_v2,rf_5class_smote,951,1,1,1,0.9999993443489075,0.5384615659713745,0.9999986290931702,81.35506439208984
nsl_kdd_v2,rf_5class_smote,952,2,2,1,0.9999991059303284,0.4285714328289032,0.9999991059303284,75.39469909667969
nsl_kdd_v2,rf_5class_smote,953,0,0,1,0.9999993443489075,0.5384615659713745,0.9999993443489075,81.3550796508789
nsl_kdd_v2,rf_5class_smote,954,1,2,0,0.9999993443489075,0.4285714328289032,0.9999993443489075,75.39471435546875
nsl_kdd_v2,rf_5class_smote,955,3,0,0,0.8227835297584534,0.5384615659713745,0.8227835297584534,71.43460083007812
nsl_kdd_v2,rf_5class_smote,956,1,1,1,0.9999993443489075,0.5384615659713745,0.9999986290931702,81.35506439208984
nsl_kdd_v2,rf_5class_smote,957,1,0,0,0.7211720943450928,0.4285714328289032,0.7211720943450928,60.63178253173828
nsl_kdd_v2,rf_5class_smote,958,3,0,0,0.9878908395767212,0.4285714328289032,0.9878908395767212,74.78486633300781
nsl_kdd_v2,rf_5class_smote,959,1,1,1,0.9999993443489075,0.5384615659713745,0.9999986290931702,81.35506439208984
nsl_kdd_v2,rf_5class_smote,960,0,2,0,0.9999993443489075,0.4285714328289032,0.9999993443489075,75.39471435546875
nsl_kdd_v2,rf_5class_smote,961,2,2,1,0.9999993443489075,0.5384615659713745,0.9999993443489075,81.3550796508789
nsl_kdd_v2,rf_5class_smote,962,1,1,1,0.9999993443489075,0.4285714328289032,0.9999986290931702,75.39469909667969
nsl_kdd_v2,rf_5class_smote,963,1,1,1,0.9999993443489075,0.5384615659713745,0.9999986290931702,81.35506439208984
nsl_kdd_v2,rf_5class_smote,964,0,0,1,0.9999993443489075,0.4285714328289032,0.9999993443489075,75.39471435546875
nsl_kdd_v2,rf_5class_smote,965,1,1,1,0.9999993443489075,0.4285714328289032,0.9999986290931702,75.39469909667969
nsl_kdd_v2,rf_5class_smote,966,3,0,0,0.9999993443489075,0.5384615659713745,0.9999993443489075,81.3550796508789
nsl_kdd_v2,rf_5class_smote,967,1,1,1,0.9999993443489075,0.5384615659713745,0.9999986290931702,81.35506439208984
nsl_kdd_v2,rf_5class_smote,968,3,0,0,0.5882348418235779,0.3333333432674408,0.5882348418235779,48.677330017089844
nsl_kdd_v2,rf_5class_smote,969,4,3,0,0.9999916553497314,0.3333333432674408,0.9999889135360718,69.33567810058594
nsl_kdd_v2,rf_5class_smote,970,3,0,0,0.9999979734420776,0.5384615659713745,0.9999979734420776,81.35501098632812
nsl_kdd_v2,rf_5class_smote,971,3,0,0,0.6249995827674866,0.4285714328289032,0.6249995827674866,55.113868713378906
nsl_kdd_v2,rf_5class_smote,972,3,0,0,0.9999993443489075,0.5384615659713745,0.9999993443489075,81.3550796508789
nsl_kdd_v2,rf_5class_smote,973,0,0,1,0.9999993443489075,0.3333333432674408,0.9999993443489075,69.33609771728516
nsl_kdd_v2,rf_5class_smote,974,0,0,1,0.9839990139007568,0.5384615659713745,0.9839990139007568,80.48494720458984
nsl_kdd_v2,rf_5class_smote,975,2,2,1,0.9999993443489075,0.6666666865348816,0.9999993443489075,87.3580093383789
nsl_kdd_v2,rf_5class_smote,976,2,2,1,0.9999993443489075,0.5384615659713745,0.9999993443489075,81.3550796508789
nsl_kdd_v2,rf_5class_smote,977,4,0,0,0.8957800269126892,0.4285714328289032,0.8957800269126892,70.06083679199219
nsl_kdd_v2,rf_5class_smote,978,2,2,1,0.9999993443489075,0.5384615659713745,0.9999993443489075,81.3550796508789
nsl_kdd_v2,rf_5class_smote,979,3,0,0,0.9999992251396179,0.5384615659713745,0.9999992251396179,81.3550796508789
nsl_kdd_v2,rf_5class_smote,980,0,0,1,0.9999993443489075,0.5384615659713745,0.9999993443489075,81.3550796508789
nsl_kdd_v2,rf_5class_smote,981,0,0,1,0.9999993443489075,0.3333333432674408,0.9999993443489075,69.33609771728516
nsl_kdd_v2,rf_5class_smote,982,2,0,0,0.789472758769989,0.5384615659713745,0.789472758769989,69.4933090209961
nsl_kdd_v2,rf_5class_smote,983,2,2,1,0.9999992251396179,0.6666666865348816,0.9999992251396179,87.35800170898438
nsl_kdd_v2,rf_5class_smote,984,0,0,1,0.9999993443489075,0.5384615659713745,0.9999993443489075,81.3550796508789
nsl_kdd_v2,rf_5class_smote,985,1,1,1,0.9999993443489075,0.4285714328289032,0.9999986290931702,75.39469909667969
nsl_kdd_v2,rf_5class_smote,986,2,2,1,0.9999993443489075,0.5384615659713745,0.9999993443489075,81.3550796508789
nsl_kdd_v2,rf_5class_smote,987,3,0,0,0.9999988675117493,0.6666666865348816,0.9999988675117493,87.35797882080078
nsl_kdd_v2,rf_5class_smote,988,3,0,0,0.9999991059303284,0.6666666865348816,0.9999991059303284,87.35800170898438
nsl_kdd_v2,rf_5class_smote,989,1,1,1,0.9999993443489075,0.6666666865348816,0.9999986290931702,87.35799407958984
nsl_kdd_v2,rf_5class_smote,990,3,0,0,0.9999992251396179,0.5384615659713745,0.9999992251396179,81.3550796508789
nsl_kdd_v2,rf_5class_smote,991,2,0,0,0.9820349812507629,0.5384615659713745,0.9820349812507629,80.37781524658203
nsl_kdd_v2,rf_5class_smote,992,3,0,0,0.9999989867210388,0.5384615659713745,0.9999989867210388,81.35506439208984
nsl_kdd_v2,rf_5class_smote,993,0,0,1,0.9999993443489075,0.5384615659713745,0.9999993443489075,81.3550796508789
nsl_kdd_v2,rf_5class_smote,994,0,0,1,0.9999993443489075,0.4285714328289032,0.9999993443489075,75.39471435546875
nsl_kdd_v2,rf_5class_smote,995,1,1,1,0.8620683550834656,0.5384615659713745,0.7088111639022827,69.03600311279297
nsl_kdd_v2,rf_5class_smote,996,1,1,1,0.9999993443489075,0.5384615659713745,0.9999986290931702,81.35506439208984
nsl_kdd_v2,rf_5class_smote,997,2,2,1,0.9999989867210388,0.5384615659713745,0.9999989867210388,81.35506439208984
nsl_kdd_v2,rf_5class_smote,998,4,0,0,0.9999903440475464,0.4285714328289032,0.9999903440475464,75.39425659179688
nsl_kdd_v2,rf_5class_smote,999,0,0,1,0.9999993443489075,0.5384615659713745,0.9999993443489075,81.3550796508789
nsl_kdd_v2,xgb_5class_smote,0,0,0,1,0.9999973773956299,0.5384615659713745,0.9999973773956299,81.35497283935547
nsl_kdd_v2,xgb_5class_smote,1,4,0,0,0.9999926090240479,0.3333333432674408,0.9999926090240479,69.33578491210938
nsl_kdd_v2,xgb_5class_smote,2,3,0,0,0.9999973773956299,0.4285714328289032,0.9999973773956299,75.39461517333984
nsl_kdd_v2,xgb_5class_smote,3,3,0,0,0.9999973773956299,0.5384615659713745,0.9999973773956299,81.35497283935547
nsl_kdd_v2,xgb_5class_smote,4,0,0,1,0.9999973773956299,0.5384615659713745,0.9999973773956299,81.35497283935547
nsl_kdd_v2,xgb_5class_smote,5,2,0,0,0.6037700772285461,0.8181818127632141,0.6037700772285461,66.81351470947266
nsl_kdd_v2,xgb_5class_smote,6,4,0,0,0.6693850159645081,0.5384615659713745,0.6693850159645081,62.25423049926758
nsl_kdd_v2,xgb_5class_smote,7,3,0,0,0.9999973177909851,0.6666666865348816,0.9999973177909851,87.3578872680664
nsl_kdd_v2,xgb_5class_smote,8,1,1,1,0.9999973773956299,0.3333333432674408,0.9999926686286926,69.33589935302734
nsl_kdd_v2,xgb_5class_smote,9,0,0,1,0.9999973773956299,0.5384615659713745,0.9999973773956299,81.35497283935547
nsl_kdd_v2,xgb_5class_smote,10,2,2,1,0.9999973773956299,0.5384615659713745,0.9999973773956299,81.35497283935547
nsl_kdd_v2,xgb_5class_smote,11,2,2,1,0.9999973773956299,0.8181818127632141,0.9999973773956299,93.52962493896484
nsl_kdd_v2,xgb_5class_smote,12,0,0,1,0.9999973773956299,0.5384615659713745,0.9999973773956299,81.35497283935547
nsl_kdd_v2,xgb_5class_smote,13,1,0,0,0.9999973773956299,0.5384615659713745,0.9999973773956299,81.35497283935547
nsl_kdd_v2,xgb_5class_smote,14,3,0,0,0.9999973773956299,0.8181818127632141,0.9999973773956299,93.52962493896484
nsl_kdd_v2,xgb_5class_smote,15,0,2,0,0.9999973773956299,0.6666666865348816,0.9999973773956299,87.35789489746094
nsl_kdd_v2,xgb_5class_smote,16,0,0,1,0.9999973773956299,0.6666666865348816,0.9999973773956299,87.35789489746094
nsl_kdd_v2,xgb_5class_smote,17,3,0,0,0.9999973773956299,0.4285714328289032,0.9999973773956299,75.39461517333984
nsl_kdd_v2,xgb_5class_smote,18,0,0,1,0.9999973773956299,0.5384615659713745,0.9999973773956299,81.35497283935547
nsl_kdd_v2,xgb_5class_smote,19,0,0,1,0.9999973773956299,0.5384615659713745,0.9999973773956299,81.35497283935547
nsl_kdd_v2,xgb_5class_smote,20,0,0,1,0.9999973773956299,0.5384615659713745,0.9999973773956299,81.35497283935547
nsl_kdd_v2,xgb_5class_smote,21,3,0,0,0.9999973773956299,0.4285714328289032,0.9999973773956299,75.39461517333984
nsl_kdd_v2,xgb_5class_smote,22,0,0,1,0.9999973773956299,0.8181818127632141,0.9999973773956299,93.52962493896484
nsl_kdd_v2,xgb_5class_smote,23,1,1,1,0.6515177488327026,0.6666666865348816,0.024263739585876465,21.924560546875
nsl_kdd_v2,xgb_5class_smote,24,0,0,1,0.7518607378005981,0.6666666865348816,0.7518607378005981,72.23169708251953
nsl_kdd_v2,xgb_5class_smote,25,2,2,1,0.9999973773956299,0.8181818127632141,0.9999973773956299,93.52962493896484
nsl_kdd_v2,xgb_5class_smote,26,0,0,1,0.9999973773956299,0.5384615659713745,0.9999973773956299,81.35497283935547
nsl_kdd_v2,xgb_5class_smote,27,4,4,1,1.0,0.5384615659713745,1.0,81.3551254272461
nsl_kdd_v2,xgb_5class_smote,28,3,0,0,0.9999973773956299,0.4285714328289032,0.9999973773956299,75.39461517333984
nsl_kdd_v2,xgb_5class_smote,29,1,1,1,0.9999973773956299,0.5384615659713745,0.9999926686286926,81.35485076904297
nsl_kdd_v2,xgb_5class_smote,30,1,1,1,0.6527616381645203,0.5384615659713745,0.02774655818939209,21.365158081054688
nsl_kdd_v2,xgb_5class_smote,31,4,0,0,0.5916339159011841,0.5384615659713745,0.5916339159011841,57.335060119628906
nsl_kdd_v2,xgb_5class_smote,32,2,2,1,0.956519365310669,0.5384615659713745,0.956519365310669,78.97944641113281
nsl_kdd_v2,xgb_5class_smote,33,2,2,1,0.9999973773956299,0.5384615659713745,0.9999973773956299,81.35497283935547
nsl_kdd_v2,xgb_5class_smote,34,1,1,1,0.9999973773956299,0.6666666865348816,0.9999926686286926,87.35775756835938
nsl_kdd_v2,xgb_5class_smote,35,3,0,0,0.9999973773956299,0.5384615659713745,0.9999973773956299,81.35497283935547
nsl_kdd_v2,xgb_5class_smote,36,1,1,1,0.9999973773956299,0.4285714328289032,0.9999926686286926,75.39449310302734
nsl_kdd_v2,xgb_5class_smote,37,1,1,1,0.9999973773956299,0.4285714328289032,0.9999926686286926,75.39449310302734
nsl_kdd_v2,xgb_5class_smote,38,1,1,1,0.9999973773956299,0.5384615659713745,0.9999926686286926,81.35485076904297
nsl_kdd_v2,xgb_5class_smote,39,2,2,1,0.9999973773956299,0.6666666865348816,0.9999973773956299,87.35789489746094
nsl_kdd_v2,xgb_5class_smote,40,0,0,1,0.9999973773956299,0.5384615659713745,0.9999973773956299,81.35497283935547
nsl_kdd_v2,xgb_5class_smote,41,3,0,0,0.9999973773956299,0.4285714328289032,0.9999973773956299,75.39461517333984
nsl_kdd_v2,xgb_5class_smote,42,1,1,1,0.9999973773956299,0.5384615659713745,0.9999926686286926,81.35485076904297
nsl_kdd_v2,xgb_5class_smote,43,2,2,1,0.9999973773956299,0.5384615659713745,0.9999973773956299,81.35497283935547
nsl_kdd_v2,xgb_5class_smote,44,2,0,0,0.7291648387908936,0.6666666865348816,0.7291648387908936,70.77068328857422
nsl_kdd_v2,xgb_5class_smote,45,3,0,0,0.9999973773956299,0.4285714328289032,0.9999973773956299,75.39461517333984
nsl_kdd_v2,xgb_5class_smote,46,1,1,1,0.9999973773956299,0.5384615659713745,0.9999926686286926,81.35485076904297
nsl_kdd_v2,xgb_5class_smote,47,1,1,1,0.9999973773956299,0.5384615659713745,0.9999926686286926,81.35485076904297
nsl_kdd_v2,xgb_5class_smote,48,0,0,1,0.9999973773956299,0.6666666865348816,0.9999973773956299,87.35789489746094
nsl_kdd_v2,xgb_5class_smote,49,3,3,1,0.5689640641212463,0.4285714328289032,0.019665122032165527,16.863000869750977
nsl_kdd_v2,xgb_5class_smote,50,2,2,1,0.9999973773956299,0.6666666865348816,0.9999973773956299,87.35789489746094
nsl_kdd_v2,xgb_5class_smote,51,2,0,0,0.7291648387908936,0.4285714328289032,0.7291648387908936,61.078948974609375
nsl_kdd_v2,xgb_5class_smote,52,3,0,0,0.9999973773956299,0.5384615659713745,0.9999973773956299,81.35497283935547
nsl_kdd_v2,xgb_5class_smote,53,1,1,1,0.9999973773956299,0.5384615659713745,0.9999926686286926,81.35485076904297
nsl_kdd_v2,xgb_5class_smote,54,2,2,1,0.9999973773956299,0.5384615659713745,0.9999973773956299,81.35497283935547
nsl_kdd_v2,xgb_5class_smote,55,3,0,0,0.9999973773956299,0.5384615659713745,0.9999973773956299,81.35497283935547
nsl_kdd_v2,xgb_5class_smote,56,1,1,1,0.9999973773956299,0.5384615659713745,0.9999926686286926,81.35485076904297
nsl_kdd_v2,xgb_5class_smote,57,0,0,1,0.9999973773956299,0.5384615659713745,0.9999973773956299,81.35497283935547
nsl_kdd_v2,xgb_5class_smote,58,2,2,1,0.9999973773956299,0.5384615659713745,0.9999973773956299,81.35497283935547
nsl_kdd_v2,xgb_5class_smote,59,3,3,1,0.9999973773956299,0.6666666865348816,0.9999940395355225,87.35779571533203
nsl_kdd_v2,xgb_5class_smote,60,0,0,1,0.9999973773956299,0.5384615659713745,0.9999973773956299,81.35497283935547
nsl_kdd_v2,xgb_5class_smote,61,3,0,0,0.6666648387908936,0.6666666865348816,0.6666648387908936,66.66654205322266
nsl_kdd_v2,xgb_5class_smote,62,0,0,1,0.9999973773956299,0.6666666865348816,0.9999973773956299,87.35789489746094
nsl_kdd_v2,xgb_5class_smote,63,0,0,1,0.9999973773956299,0.4285714328289032,0.9999973773956299,75.39461517333984
nsl_kdd_v2,xgb_5class_smote,64,2,0,0,0.9999973773956299,0.5384615659713745,0.9999973773956299,81.35497283935547
nsl_kdd_v2,xgb_5class_smote,65,0,0,1,0.9999973773956299,0.3333333432674408,0.9999973773956299,69.33600616455078
nsl_kdd_v2,xgb_5class_smote,66,0,0,1,0.9999973773956299,0.5384615659713745,0.9999973773956299,81.35497283935547
nsl_kdd_v2,xgb_5class_smote,67,1,1,1,0.9999973773956299,0.5384615659713745,0.9999926686286926,81.35485076904297
nsl_kdd_v2,xgb_5class_smote,68,0,0,1,0.9999973773956299,0.5384615659713745,0.9999973773956299,81.35497283935547
nsl_kdd_v2,xgb_5class_smote,69,0,0,1,0.9999973773956299,0.5384615659713745,0.9999973773956299,81.35497283935547
nsl_kdd_v2,xgb_5class_smote,70,0,0,1,0.9999973773956299,0.4285714328289032,0.9999973773956299,75.39461517333984
nsl_kdd_v2,xgb_5class_smote,71,2,2,1,0.9999973773956299,0.6666666865348816,0.9999973773956299,87.35789489746094
nsl_kdd_v2,xgb_5class_smote,72,0,0,1,0.9999973773956299,0.6666666865348816,0.9999973773956299,87.35789489746094
nsl_kdd_v2,xgb_5class_smote,73,1,1,1,0.9999973773956299,0.4285714328289032,0.9999926686286926,75.39449310302734
nsl_kdd_v2,xgb_5class_smote,74,3,3,1,0.9999973773956299,0.5384615659713745,0.9999940395355225,81.35488891601562
nsl_kdd_v2,xgb_5class_smote,75,4,0,0,0.8576440811157227,0.4285714328289032,0.8576440811157227,68.05799102783203
nsl_kdd_v2,xgb_5class_smote,76,3,0,0,0.9999973773956299,0.5384615659713745,0.9999973773956299,81.35497283935547
nsl_kdd_v2,xgb_5class_smote,77,2,0,0,0.9999973773956299,0.4285714328289032,0.9999973773956299,75.39461517333984
nsl_kdd_v2,xgb_5class_smote,78,0,0,1,0.9999973773956299,0.4285714328289032,0.9999973773956299,75.39461517333984
nsl_kdd_v2,xgb_5class_smote,79,0,0,1,0.9999973773956299,0.6666666865348816,0.9999973773956299,87.35789489746094
nsl_kdd_v2,xgb_5class_smote,80,1,1,1,0.9999973773956299,0.6666666865348816,0.9999926686286926,87.35775756835938
nsl_kdd_v2,xgb_5class_smote,81,2,2,1,0.9999973773956299,0.6666666865348816,0.9999973773956299,87.35789489746094
nsl_kdd_v2,xgb_5class_smote,82,1,1,1,0.9999973773956299,0.3333333432674408,0.9999926686286926,69.33589935302734
nsl_kdd_v2,xgb_5class_smote,83,4,0,0,0.9999866485595703,0.4285714328289032,0.9999866485595703,75.39407348632812
nsl_kdd_v2,xgb_5class_smote,84,0,2,0,0.9999973773956299,0.6666666865348816,0.9999973773956299,87.35789489746094
nsl_kdd_v2,xgb_5class_smote,85,1,1,1,0.9999973773956299,0.5384615659713745,0.9999926686286926,81.35485076904297
nsl_kdd_v2,xgb_5class_smote,86,0,0,1,0.9999973773956299,0.5384615659713745,0.9999973773956299,81.35497283935547
nsl_kdd_v2,xgb_5class_smote,87,1,2,0,0.6304211616516113,0.5384615659713745,0.6304211616516113,59.81435012817383
nsl_kdd_v2,xgb_5class_smote,88,0,0,1,0.9999973773956299,0.5384615659713745,0.9999973773956299,81.35497283935547
nsl_kdd_v2,xgb_5class_smote,89,1,1,1,0.9999973773956299,0.5384615659713745,0.9999926686286926,81.35485076904297
nsl_kdd_v2,xgb_5class_smote,90,0,2,0,0.9999973773956299,0.4285714328289032,0.9999973773956299,75.39461517333984
nsl_kdd_v2,xgb_5class_smote,91,1,1,1,0.9999973773956299,0.5384615659713745,0.9999926686286926,81.35485076904297
nsl_kdd_v2,xgb_5class_smote,92,0,0,1,0.9999973773956299,0.5384615659713745,0.9999973773956299,81.35497283935547
nsl_kdd_v2,xgb_5class_smote,93,1,1,1,0.9999973773956299,0.5384615659713745,0.9999926686286926,81.35485076904297
nsl_kdd_v2,xgb_5class_smote,94,4,4,1,0.8773679137229919,0.4285714328289032,0.8773679137229919,69.09748077392578
nsl_kdd_v2,xgb_5class_smote,95,4,0,0,0.9999921917915344,0.4285714328289032,0.9999921917915344,75.39434814453125
nsl_kdd_v2,xgb_5class_smote,96,1,1,1,0.9999973773956299,0.6666666865348816,0.9999926686286926,87.35775756835938
nsl_kdd_v2,xgb_5class_smote,97,0,0,1,0.9999973773956299,0.6666666865348816,0.9999973773956299,87.35789489746094
nsl_kdd_v2,xgb_5class_smote,98,0,0,1,0.9999973773956299,0.4285714328289032,0.9999973773956299,75.39461517333984
nsl_kdd_v2,xgb_5class_smote,99,1,1,1,0.9999973773956299,0.5384615659713745,0.9999926686286926,81.35485076904297
nsl_kdd_v2,xgb_5class_smote,100,3,0,0,0.9999973773956299,0.4285714328289032,0.9999973773956299,75.39461517333984
nsl_kdd_v2,xgb_5class_smote,101,2,0,0,0.9999973177909851,0.4285714328289032,0.9999973177909851,75.39460754394531
nsl_kdd_v2,xgb_5class_smote,102,2,0,0,0.9999973773956299,0.6666666865348816,0.9999973773956299,87.35789489746094
nsl_kdd_v2,xgb_5class_smote,103,3,0,0,0.9999973773956299,0.6666666865348816,0.9999973773956299,87.35789489746094
nsl_kdd_v2,xgb_5class_smote,104,0,0,1,0.9999973773956299,0.5384615659713745,0.9999973773956299,81.35497283935547
nsl_kdd_v2,xgb_5class_smote,105,3,0,0,0.9999973773956299,0.5384615659713745,0.9999973773956299,81.35497283935547
nsl_kdd_v2,xgb_5class_smote,106,1,1,1,0.9999973773956299,0.6666666865348816,0.9999926686286926,87.35775756835938
nsl_kdd_v2,xgb_5class_smote,107,2,0,0,0.6578932404518127,0.6666666865348816,0.6578932404518127,66.08048248291016
nsl_kdd_v2,xgb_5class_smote,108,2,2,1,0.6226401329040527,0.5384615659713745,0.6226401329040527,59.32115936279297
nsl_kdd_v2,xgb_5class_smote,109,4,0,0,0.9999973773956299,0.5384615659713745,0.9999973773956299,81.35497283935547
nsl_kdd_v2,xgb_5class_smote,110,4,4,1,0.9541943073272705,0.3333333432674408,0.9541943073272705,67.20230102539062
nsl_kdd_v2,xgb_5class_smote,111,0,0,1,0.9999973773956299,0.5384615659713745,0.9999973773956299,81.35497283935547
nsl_kdd_v2,xgb_5class_smote,112,3,0,0,0.9999973773956299,0.5384615659713745,0.9999973773956299,81.35497283935547
nsl_kdd_v2,xgb_5class_smote,113,0,0,1,0.9999973773956299,0.4285714328289032,0.9999973773956299,75.39461517333984
nsl_kdd_v2,xgb_5class_smote,114,2,0,0,0.8342142105102539,0.5384615659713745,0.8342142105102539,72.09468841552734
nsl_kdd_v2,xgb_5class_smote,115,0,0,1,0.9999973773956299,0.6666666865348816,0.9999973773956299,87.35789489746094
nsl_kdd_v2,xgb_5class_smote,116,2,0,0,0.6083657145500183,0.8181818127632141,0.6083657145500183,67.1521224975586
nsl_kdd_v2,xgb_5class_smote,117,3,0,0,0.8873836994171143,0.5384615659713745,0.8873836994171143,75.12638854980469
nsl_kdd_v2,xgb_5class_smote,118,3,0,0,0.9417009353637695,0.8181818127632141,0.9417009353637695,89.85838317871094
nsl_kdd_v2,xgb_5class_smote,119,2,2,1,0.9999973773956299,0.5384615659713745,0.9999973773956299,81.35497283935547
nsl_kdd_v2,xgb_5class_smote,120,1,1,1,0.9999973773956299,0.5384615659713745,0.9999926686286926,81.35485076904297
nsl_kdd_v2,xgb_5class_smote,121,3,0,0,0.9999973773956299,0.5384615659713745,0.9999973773956299,81.35497283935547
nsl_kdd_v2,xgb_5class_smote,122,3,0,0,0.9999973773956299,0.4285714328289032,0.9999973773956299,75.39461517333984
nsl_kdd_v2,xgb_5class_smote,123,1,1,1,0.9999973773956299,0.5384615659713745,0.9999926686286926,81.35485076904297
nsl_kdd_v2,xgb_5class_smote,124,2,2,1,0.6226401329040527,0.6666666865348816,0.6226401329040527,63.698272705078125
nsl_kdd_v2,xgb_5class_smote,125,1,2,0,0.5359801650047302,0.5384615659713745,0.5359801650047302,53.680599212646484
nsl_kdd_v2,xgb_5class_smote,126,1,1,1,0.9999973773956299,0.4285714328289032,0.9999926686286926,75.39449310302734
nsl_kdd_v2,xgb_5class_smote,127,0,0,1,0.9999973773956299,0.6666666865348816,0.9999973773956299,87.35789489746094
nsl_kdd_v2,xgb_5class_smote,128,0,0,1,0.9999973773956299,0.6666666865348816,0.9999973773956299,87.35789489746094
nsl_kdd_v2,xgb_5class_smote,129,1,1,1,0.956519365310669,0.6666666865348816,0.8782559633255005,82.4279556274414
nsl_kdd_v2,xgb_5class_smote,130,0,0,1,0.9999973773956299,0.4285714328289032,0.9999973773956299,75.39461517333984
nsl_kdd_v2,xgb_5class_smote,131,1,1,1,0.9999973773956299,0.5384615659713745,0.9999926686286926,81.35485076904297
nsl_kdd_v2,xgb_5class_smote,132,1,1,1,0.9999973773956299,0.5384615659713745,0.9999926686286926,81.35485076904297
nsl_kdd_v2,xgb_5class_smote,133,1,1,1,0.9999973773956299,0.5384615659713745,0.9999926686286926,81.35485076904297
nsl_kdd_v2,xgb_5class_smote,134,2,2,1,0.9999973773956299,0.6666666865348816,0.9999973773956299,87.35789489746094
nsl_kdd_v2,xgb_5class_smote,135,0,0,1,0.9999973773956299,0.5384615659713745,0.9999973773956299,81.35497283935547
nsl_kdd_v2,xgb_5class_smote,136,4,3,0,0.5689613819122314,0.4285714328289032,0.019658982753753662,16.86121940612793
nsl_kdd_v2,xgb_5class_smote,137,4,4,1,0.39247968792915344,0.5384615659713745,0.39247965812683105,43.61103057861328
nsl_kdd_v2,xgb_5class_smote,138,3,0,0,0.9999973773956299,0.5384615659713745,0.9999973773956299,81.35497283935547
nsl_kdd_v2,xgb_5class_smote,139,3,0,0,0.9999973773956299,0.3333333432674408,0.9999973773956299,69.33600616455078
nsl_kdd_v2,xgb_5class_smote,140,2,2,1,0.9999973773956299,0.6666666865348816,0.9999973773956299,87.35789489746094
nsl_kdd_v2,xgb_5class_smote,141,2,2,1,0.9999973773956299,0.5384615659713745,0.9999973773956299,81.35497283935547
nsl_kdd_v2,xgb_5class_smote,142,3,0,0,0.9999973773956299,0.5384615659713745,0.9999973773956299,81.35497283935547
nsl_kdd_v2,xgb_5class_smote,143,1,1,1,0.9999973773956299,0.5384615659713745,0.9999926686286926,81.35485076904297
nsl_kdd_v2,xgb_5class_smote,144,2,2,1,0.6226401329040527,0.8181818127632141,0.6226401329040527,68.19847869873047
nsl_kdd_v2,xgb_5class_smote,145,2,2,1,0.9999973773956299,0.5384615659713745,0.9999973773956299,81.35497283935547
nsl_kdd_v2,xgb_5class_smote,146,0,0,1,0.9999973773956299,0.5384615659713745,0.9999973773956299,81.35497283935547
nsl_kdd_v2,xgb_5class_smote,147,1,1,1,0.9999973773956299,0.5384615659713745,0.9999926686286926,81.35485076904297
nsl_kdd_v2,xgb_5class_smote,148,0,0,1,0.9999973773956299,0.6666666865348816,0.9999973773956299,87.35789489746094
nsl_kdd_v2,xgb_5class_smote,149,2,2,1,0.9999973773956299,0.6666666865348816,0.9999973773956299,87.35789489746094
nsl_kdd_v2,xgb_5class_smote,150,3,0,0,0.9999973773956299,0.4285714328289032,0.9999973773956299,75.39461517333984
nsl_kdd_v2,xgb_5class_smote,151,2,2,1,0.6497111320495605,0.5384615659713745,0.6497111320495605,61.02837371826172
nsl_kdd_v2,xgb_5class_smote,152,2,0,0,0.6088094711303711,0.6666666865348816,0.6088094711303711,62.751461029052734
nsl_kdd_v2,xgb_5class_smote,153,0,0,1,0.9999973773956299,0.5384615659713745,0.9999973773956299,81.35497283935547
nsl_kdd_v2,xgb_5class_smote,154,0,0,1,0.9999973773956299,0.5384615659713745,0.9999973773956299,81.35497283935547
nsl_kdd_v2,xgb_5class_smote,155,1,0,0,0.9999973773956299,0.3333333432674408,0.9999973773956299,69.33600616455078
nsl_kdd_v2,xgb_5class_smote,156,2,2,1,0.9999973773956299,0.5384615659713745,0.9999973773956299,81.35497283935547
nsl_kdd_v2,xgb_5class_smote,157,0,0,1,0.9999973773956299,0.5384615659713745,0.9999973773956299,81.35497283935547
nsl_kdd_v2,xgb_5class_smote,158,1,0,0,0.7291648387908936,0.4285714328289032,0.7291648387908936,61.078948974609375
nsl_kdd_v2,xgb_5class_smote,159,4,4,1,0.8719702363014221,0.3333333432674408,0.8719702363014221,63.28401565551758
nsl_kdd_v2,xgb_5class_smote,160,1,1,1,0.9999973773956299,0.5384615659713745,0.9999926686286926,81.35485076904297
nsl_kdd_v2,xgb_5class_smote,161,2,2,1,0.9999973773956299,0.5384615659713745,0.9999973773956299,81.35497283935547
nsl_kdd_v2,xgb_5class_smote,162,0,0,1,0.9999973773956299,0.5384615659713745,0.9999973773956299,81.35497283935547
nsl_kdd_v2,xgb_5class_smote,163,1,1,1,0.9999973773956299,0.4285714328289032,0.9999926686286926,75.39449310302734
nsl_kdd_v2,xgb_5class_smote,164,2,2,1,0.9999973773956299,0.6666666865348816,0.9999973773956299,87.35789489746094
nsl_kdd_v2,xgb_5class_smote,165,1,1,1,0.9999973773956299,0.5384615659713745,0.9999926686286926,81.35485076904297
nsl_kdd_v2,xgb_5class_smote,166,2,2,1,0.6226401329040527,0.3333333432674408,0.6226401329040527,50.557350158691406
nsl_kdd_v2,xgb_5class_smote,167,3,0,0,0.9999973773956299,0.4285714328289032,0.9999973773956299,75.39461517333984
nsl_kdd_v2,xgb_5class_smote,168,0,0,1,0.9999973773956299,0.6666666865348816,0.9999973773956299,87.35789489746094
nsl_kdd_v2,xgb_5class_smote,169,0,0,1,0.9999973773956299,0.5384615659713745,0.9999973773956299,81.35497283935547
nsl_kdd_v2,xgb_5class_smote,170,1,1,1,0.9999973773956299,0.4285714328289032,0.9999926686286926,75.39449310302734
nsl_kdd_v2,xgb_5class_smote,171,2,2,1,0.9999973773956299,0.6666666865348816,0.9999973773956299,87.35789489746094
nsl_kdd_v2,xgb_5class_smote,172,2,1,0,0.9999973773956299,0.5384615659713745,0.9999926686286926,81.35485076904297
nsl_kdd_v2,xgb_5class_smote,173,0,0,1,0.9999973773956299,0.6666666865348816,0.9999973773956299,87.35789489746094
nsl_kdd_v2,xgb_5class_smote,174,1,1,1,0.9999973773956299,0.6666666865348816,0.9999926686286926,87.35775756835938
nsl_kdd_v2,xgb_5class_smote,175,2,1,0,0.9999973773956299,0.5384615659713745,0.9999926686286926,81.35485076904297
nsl_kdd_v2,xgb_5class_smote,176,1,1,1,0.9999973773956299,0.6666666865348816,0.9999926686286926,87.35775756835938
nsl_kdd_v2,xgb_5class_smote,177,3,0,0,0.9999973773956299,0.5384615659713745,0.9999973773956299,81.35497283935547
nsl_kdd_v2,xgb_5class_smote,178,0,0,1,0.9999973773956299,0.4285714328289032,0.9999973773956299,75.39461517333984
nsl_kdd_v2,xgb_5class_smote,179,4,0,0,0.6240233182907104,0.4285714328289032,0.6240233182907104,55.05645751953125
nsl_kdd_v2,xgb_5class_smote,180,0,0,1,0.9999973773956299,0.5384615659713745,0.9999973773956299,81.35497283935547
nsl_kdd_v2,xgb_5class_smote,181,3,3,1,0.9462336301803589,0.8181818127632141,0.8777154088020325,87.9158706665039
nsl_kdd_v2,xgb_5class_smote,182,1,1,1,0.9999973773956299,0.5384615659713745,0.9999926686286926,81.35485076904297
nsl_kdd_v2,xgb_5class_smote,183,1,1,1,0.9999973773956299,0.4285714328289032,0.9999926686286926,75.39449310302734
nsl_kdd_v2,xgb_5class_smote,184,4,0,0,0.9999973773956299,0.6666666865348816,0.9999973773956299,87.35789489746094
nsl_kdd_v2,xgb_5class_smote,185,1,1,1,0.9999973773956299,0.5384615659713745,0.9999926686286926,81.35485076904297
nsl_kdd_v2,xgb_5class_smote,186,0,0,1,0.9999973177909851,0.3333333432674408,0.9999973177909851,69.33600616455078
nsl_kdd_v2,xgb_5class_smote,187,0,0,1,0.9999973773956299,0.5384615659713745,0.9999973773956299,81.35497283935547
nsl_kdd_v2,xgb_5class_smote,188,3,0,0,0.8873836398124695,0.6666666865348816,0.8873836398124695,80.66971588134766
nsl_kdd_v2,xgb_5class_smote,189,1,1,1,0.9999973773956299,0.6666666865348816,0.9999926686286926,87.35775756835938
nsl_kdd_v2,xgb_5class_smote,190,0,0,1,0.9999973773956299,0.4285714328289032,0.9999973773956299,75.39461517333984
nsl_kdd_v2,xgb_5class_smote,191,4,4,1,0.9563063383102417,0.4285714328289032,0.9563063383102417,73.1822509765625
nsl_kdd_v2,xgb_5class_smote,192,1,1,1,0.9999973773956299,0.5384615659713745,0.9999926686286926,81.35485076904297
nsl_kdd_v2,xgb_5class_smote,193,3,0,0,0.9999973773956299,0.5384615659713745,0.9999973773956299,81.35497283935547
nsl_kdd_v2,xgb_5class_smote,194,3,0,0,0.9999973773956299,0.5384615659713745,0.9999973773956299,81.35497283935547
nsl_kdd_v2,xgb_5class_smote,195,0,0,1,0.9999973773956299,0.6666666865348816,0.9999973773956299,87.35789489746094
nsl_kdd_v2,xgb_5class_smote,196,2,0,0,0.9511865377426147,0.4285714328289032,0.9511865377426147,72.92081451416016
nsl_kdd_v2,xgb_5class_smote,197,4,0,0,0.9999973773956299,0.5384615659713745,0.9999973773956299,81.35497283935547
nsl_kdd_v2,xgb_5class_smote,198,3,0,0,0.9999973773956299,0.4285714328289032,0.9999973773956299,75.39461517333984
nsl_kdd_v2,xgb_5class_smote,199,4,0,0,0.6305390000343323,0.6666666865348816,0.6305390000343323,64.2358627319336
nsl_kdd_v2,xgb_5class_smote,200,1,1,1,0.9999973773956299,0.5384615659713745,0.9999926686286926,81.35485076904297
nsl_kdd_v2,xgb_5class_smote,201,1,1,1,0.9999973773956299,0.6666666865348816,0.9999926686286926,87.35775756835938
nsl_kdd_v2,xgb_5class_smote,202,2,2,1,0.6226401329040527,0.5384615659713745,0.6226401329040527,59.32115936279297
nsl_kdd_v2,xgb_5class_smote,203,4,0,0,0.953402578830719,0.5384615659713745,0.953402578830719,78.80778503417969
nsl_kdd_v2,xgb_5class_smote,204,0,0,1,0.9999973773956299,0.6666666865348816,0.9999973773956299,87.35789489746094
nsl_kdd_v2,xgb_5class_smote,205,4,0,0,0.9439886212348938,0.5384615659713745,0.9439886212348938,78.28816223144531
nsl_kdd_v2,xgb_5class_smote,206,2,0,0,0.9999973773956299,0.5384615659713745,0.9999973773956299,81.35497283935547
nsl_kdd_v2,xgb_5class_smote,207,0,0,1,0.9999973773956299,0.4285714328289032,0.9999973773956299,75.39461517333984
nsl_kdd_v2,xgb_5class_smote,208,2,0,0,0.7291648387908936,0.5384615659713745,0.7291648387908936,65.90757751464844
nsl_kdd_v2,xgb_5class_smote,209,2,2,1,0.9999973773956299,0.6666666865348816,0.9999973773956299,87.35789489746094
nsl_kdd_v2,xgb_5class_smote,210,3,0,0,0.9999973773956299,0.4285714328289032,0.9999973773956299,75.39461517333984
nsl_kdd_v2,xgb_5class_smote,211,1,0,0,0.9999973773956299,0.5384615659713745,0.9999973773956299,81.35497283935547
nsl_kdd_v2,xgb_5class_smote,212,1,1,1,0.9999973773956299,0.5384615659713745,0.9999926686286926,81.35485076904297
nsl_kdd_v2,xgb_5class_smote,213,2,0,0,0.9999973773956299,0.3333333432674408,0.9999973773956299,69.33600616455078
nsl_kdd_v2,xgb_5class_smote,214,0,0,1,0.9999973773956299,0.6666666865348816,0.9999973773956299,87.35789489746094
nsl_kdd_v2,xgb_5class_smote,215,3,0,0,0.9999973773956299,0.4285714328289032,0.9999973773956299,75.39461517333984
nsl_kdd_v2,xgb_5class_smote,216,3,0,0,0.9999973773956299,0.4285714328289032,0.9999973773956299,75.39461517333984
nsl_kdd_v2,xgb_5class_smote,217,3,0,0,0.9999973773956299,0.4285714328289032,0.9999973773956299,75.39461517333984
nsl_kdd_v2,xgb_5class_smote,218,3,0,0,0.9999973773956299,0.6666666865348816,0.9999973773956299,87.35789489746094
nsl_kdd_v2,xgb_5class_smote,219,1,1,1,0.9999973773956299,0.4285714328289032,0.9999926686286926,75.39449310302734
nsl_kdd_v2,xgb_5class_smote,220,2,2,1,0.6487864255905151,0.8181818127632141,0.6487864255905151,70.0945816040039
nsl_kdd_v2,xgb_5class_smote,221,1,1,1,0.9999973773956299,0.6666666865348816,0.9999926686286926,87.35775756835938
nsl_kdd_v2,xgb_5class_smote,222,1,0,0,0.9999971389770508,0.8181818127632141,0.9999971389770508,93.52960205078125
nsl_kdd_v2,xgb_5class_smote,223,1,1,1,0.9999973773956299,0.5384615659713745,0.9999926686286926,81.35485076904297
nsl_kdd_v2,xgb_5class_smote,224,1,1,1,0.652627170085907,0.5384615659713745,0.027370035648345947,21.26661491394043
nsl_kdd_v2,xgb_5class_smote,225,2,1,0,0.9999973773956299,0.4285714328289032,0.9999926686286926,75.39449310302734
nsl_kdd_v2,xgb_5class_smote,226,2,2,1,0.9999973773956299,0.5384615659713745,0.9999973773956299,81.35497283935547
nsl_kdd_v2,xgb_5class_smote,227,1,1,1,0.9999973773956299,0.5384615659713745,0.9999926686286926,81.35485076904297
nsl_kdd_v2,xgb_5class_smote,228,3,0,0,0.9511865377426147,0.5384615659713745,0.9511865377426147,78.68561553955078
nsl_kdd_v2,xgb_5class_smote,229,0,0,1,0.9999973773956299,0.5384615659713745,0.9999973773956299,81.35497283935547
nsl_kdd_v2,xgb_5class_smote,230,2,2,1,0.9999973773956299,0.6666666865348816,0.9999973773956299,87.35789489746094
nsl_kdd_v2,xgb_5class_smote,231,1,1,1,0.9999973773956299,0.6666666865348816,0.9999926686286926,87.35775756835938
nsl_kdd_v2,xgb_5class_smote,232,2,2,1,0.9999973773956299,0.6666666865348816,0.9999973773956299,87.35789489746094
nsl_kdd_v2,xgb_5class_smote,233,3,0,0,0.9511865377426147,0.5384615659713745,0.9511865377426147,78.68561553955078
nsl_kdd_v2,xgb_5class_smote,234,0,0,1,0.9999973773956299,0.6666666865348816,0.9999973773956299,87.35789489746094
nsl_kdd_v2,xgb_5class_smote,235,3,0,0,0.9999973773956299,0.5384615659713745,0.9999973773956299,81.35497283935547
nsl_kdd_v2,xgb_5class_smote,236,1,1,1,0.9999973773956299,0.6666666865348816,0.9999926686286926,87.35775756835938
nsl_kdd_v2,xgb_5class_smote,237,0,0,1,0.9999973773956299,0.6666666865348816,0.9999973773956299,87.35789489746094
nsl_kdd_v2,xgb_5class_smote,238,2,2,1,0.9999973773956299,0.5384615659713745,0.9999973773956299,81.35497283935547
nsl_kdd_v2,xgb_5class_smote,239,3,0,0,0.9999973773956299,0.5384615659713745,0.9999973773956299,81.35497283935547
nsl_kdd_v2,xgb_5class_smote,240,1,1,1,0.9999973773956299,0.4285714328289032,0.9999926686286926,75.39449310302734
nsl_kdd_v2,xgb_5class_smote,241,1,1,1,0.9999973773956299,0.6666666865348816,0.9999926686286926,87.35775756835938
nsl_kdd_v2,xgb_5class_smote,242,4,0,0,0.6801244616508484,0.4285714328289032,0.6801244616508484,58.30869674682617
nsl_kdd_v2,xgb_5class_smote,243,3,0,0,0.9999973773956299,0.5384615659713745,0.9999973773956299,81.35497283935547
nsl_kdd_v2,xgb_5class_smote,244,1,1,1,0.9999973773956299,0.6666666865348816,0.9999926686286926,87.35775756835938
nsl_kdd_v2,xgb_5class_smote,245,0,0,1,0.9999973773956299,0.6666666865348816,0.9999973773956299,87.35789489746094
nsl_kdd_v2,xgb_5class_smote,246,1,0,0,0.9999973773956299,0.6666666865348816,0.9999973773956299,87.35789489746094
nsl_kdd_v2,xgb_5class_smote,247,1,1,1,0.9999973773956299,0.25,0.9999926686286926,62.995845794677734
nsl_kdd_v2,xgb_5class_smote,248,3,0,0,0.9999973773956299,0.4285714328289032,0.9999973773956299,75.39461517333984
nsl_kdd_v2,xgb_5class_smote,249,3,0,0,0.9999973773956299,0.4285714328289032,0.9999973773956299,75.39461517333984
nsl_kdd_v2,xgb_5class_smote,250,3,0,0,0.9999973773956299,0.6666666865348816,0.9999973773956299,87.35789489746094
nsl_kdd_v2,xgb_5class_smote,251,0,0,1,0.9999973773956299,0.6666666865348816,0.9999973773956299,87.35789489746094
nsl_kdd_v2,xgb_5class_smote,252,3,0,0,0.9999973773956299,0.5384615659713745,0.9999973773956299,81.35497283935547
nsl_kdd_v2,xgb_5class_smote,253,1,1,1,0.545482873916626,0.5384615659713745,0.0,0.66472989320755
nsl_kdd_v2,xgb_5class_smote,254,3,3,1,0.6201191544532776,0.5384615659713745,0.13601064682006836,35.67803192138672
nsl_kdd_v2,xgb_5class_smote,255,1,0,0,0.9511865377426147,0.5384615659713745,0.9511865377426147,78.68561553955078
nsl_kdd_v2,xgb_5class_smote,256,2,2,1,0.9999973773956299,0.5384615659713745,0.9999973773956299,81.35497283935547
nsl_kdd_v2,xgb_5class_smote,257,1,0,0,0.616371214389801,0.8181818127632141,0.616371214389801,67.73994445800781
nsl_kdd_v2,xgb_5class_smote,258,2,2,1,0.9999973773956299,0.6666666865348816,0.9999973773956299,87.35789489746094
nsl_kdd_v2,xgb_5class_smote,259,0,0,1,0.9999973773956299,0.4285714328289032,0.9999973773956299,75.39461517333984
nsl_kdd_v2,xgb_5class_smote,260,1,1,1,0.9999973773956299,0.4285714328289032,0.9999926686286926,75.39449310302734
nsl_kdd_v2,xgb_5class_smote,261,4,0,0,0.9999972581863403,0.4285714328289032,0.9999972581863403,75.39460754394531
nsl_kdd_v2,xgb_5class_smote,262,3,0,0,0.9999973773956299,0.5384615659713745,0.9999973773956299,81.35497283935547
nsl_kdd_v2,xgb_5class_smote,263,0,4,0,0.5587849617004395,0.5384615659713745,0.5587849617004395,55.19266891479492
nsl_kdd_v2,xgb_5class_smote,264,4,0,0,0.9999973773956299,0.4285714328289032,0.9999973773956299,75.39461517333984
nsl_kdd_v2,xgb_5class_smote,265,3,0,0,0.9999973773956299,0.5384615659713745,0.9999973773956299,81.35497283935547
nsl_kdd_v2,xgb_5class_smote,266,3,0,0,0.9999973773956299,0.6666666865348816,0.9999973773956299,87.35789489746094
nsl_kdd_v2,xgb_5class_smote,267,0,0,1,0.9999973773956299,0.6666666865348816,0.9999973773956299,87.35789489746094
nsl_kdd_v2,xgb_5class_smote,268,1,1,1,0.9999973773956299,0.4285714328289032,0.9999926686286926,75.39449310302734
nsl_kdd_v2,xgb_5class_smote,269,1,1,1,0.9999973773956299,0.5384615659713745,0.9999926686286926,81.35485076904297
nsl_kdd_v2,xgb_5class_smote,270,0,0,1,0.9999973773956299,0.5384615659713745,0.9999973773956299,81.35497283935547
nsl_kdd_v2,xgb_5class_smote,271,2,0,0,0.9999973773956299,0.5384615659713745,0.9999973773956299,81.35497283935547
nsl_kdd_v2,xgb_5class_smote,272,1,1,1,0.9999973773956299,0.5384615659713745,0.9999926686286926,81.35485076904297
nsl_kdd_v2,xgb_5class_smote,273,0,0,1,0.9999973773956299,0.5384615659713745,0.9999973773956299,81.35497283935547
nsl_kdd_v2,xgb_5class_smote,274,3,3,1,0.9999973773956299,0.5384615659713745,0.9999940395355225,81.35488891601562
nsl_kdd_v2,xgb_5class_smote,275,0,0,1,0.9999973773956299,0.5384615659713745,0.9999973773956299,81.35497283935547
nsl_kdd_v2,xgb_5class_smote,276,3,0,0,0.9999973773956299,0.5384615659713745,0.9999973773956299,81.35497283935547
nsl_kdd_v2,xgb_5class_smote,277,0,0,1,0.9999973177909851,0.4285714328289032,0.9999973177909851,75.39460754394531
nsl_kdd_v2,xgb_5class_smote,278,3,3,1,0.9295474290847778,0.5384615659713745,0.8397648334503174,74.90796661376953
nsl_kdd_v2,xgb_5class_smote,279,1,0,0,0.9511865377426147,0.5384615659713745,0.9511865377426147,78.68561553955078
nsl_kdd_v2,xgb_5class_smote,280,1,1,1,0.9999973773956299,0.5384615659713745,0.9999926686286926,81.35485076904297
nsl_kdd_v2,xgb_5class_smote,281,0,0,1,0.9999973773956299,0.5384615659713745,0.9999973773956299,81.35497283935547
nsl_kdd_v2,xgb_5class_smote,282,3,0,0,0.9999973773956299,0.5384615659713745,0.9999973773956299,81.35497283935547
nsl_kdd_v2,xgb_5class_smote,283,3,3,1,0.9462336301803589,0.8181818127632141,0.8777154088020325,87.9158706665039
nsl_kdd_v2,xgb_5class_smote,284,0,0,1,0.9999973773956299,0.5384615659713745,0.9999973773956299,81.35497283935547
nsl_kdd_v2,xgb_5class_smote,285,2,2,1,0.9999973773956299,0.5384615659713745,0.9999973773956299,81.35497283935547
nsl_kdd_v2,xgb_5class_smote,286,1,1,1,0.9999973773956299,0.4285714328289032,0.9999926686286926,75.39449310302734
nsl_kdd_v2,xgb_5class_smote,287,2,1,0,0.9999973773956299,0.5384615659713745,0.9999926686286926,81.35485076904297
nsl_kdd_v2,xgb_5class_smote,288,0,0,1,0.9999973773956299,0.4285714328289032,0.9999973773956299,75.39461517333984
nsl_kdd_v2,xgb_5class_smote,289,2,1,0,0.9999973773956299,0.5384615659713745,0.9999926686286926,81.35485076904297
nsl_kdd_v2,xgb_5class_smote,290,3,0,0,0.9999973773956299,0.5384615659713745,0.9999973773956299,81.35497283935547
nsl_kdd_v2,xgb_5class_smote,291,3,0,0,0.9999973773956299,0.5384615659713745,0.9999973773956299,81.35497283935547
nsl_kdd_v2,xgb_5class_smote,292,3,0,0,0.9999973773956299,0.5384615659713745,0.9999973773956299,81.35497283935547
nsl_kdd_v2,xgb_5class_smote,293,3,0,0,0.9999973177909851,0.25,0.9999973177909851,62.995941162109375
nsl_kdd_v2,xgb_5class_smote,294,3,0,0,0.9999973773956299,0.5384615659713745,0.9999973773956299,81.35497283935547
nsl_kdd_v2,xgb_5class_smote,295,1,2,0,0.541717529296875,0.6666666865348816,0.541717529296875,58.052127838134766
nsl_kdd_v2,xgb_5class_smote,296,1,1,1,0.9999973773956299,0.5384615659713745,0.9999926686286926,81.35485076904297
nsl_kdd_v2,xgb_5class_smote,297,0,0,1,0.9999973773956299,0.5384615659713745,0.9999973773956299,81.35497283935547
nsl_kdd_v2,xgb_5class_smote,298,0,0,1,0.9999973773956299,0.3333333432674408,0.9999973773956299,69.33600616455078
nsl_kdd_v2,xgb_5class_smote,299,3,0,0,0.9999973773956299,0.5384615659713745,0.9999973773956299,81.35497283935547
nsl_kdd_v2,xgb_5class_smote,300,1,1,1,0.9999973773956299,0.5384615659713745,0.9999926686286926,81.35485076904297
nsl_kdd_v2,xgb_5class_smote,301,0,0,1,0.9999973773956299,0.5384615659713745,0.9999973773956299,81.35497283935547
nsl_kdd_v2,xgb_5class_smote,302,2,2,1,0.9999973773956299,0.4285714328289032,0.9999973773956299,75.39461517333984
nsl_kdd_v2,xgb_5class_smote,303,1,1,1,0.9999973773956299,0.4285714328289032,0.9999926686286926,75.39449310302734
nsl_kdd_v2,xgb_5class_smote,304,1,1,1,0.9999973773956299,0.4285714328289032,0.9999926686286926,75.39449310302734
nsl_kdd_v2,xgb_5class_smote,305,1,1,1,0.9999973773956299,0.4285714328289032,0.9999926686286926,75.39449310302734
nsl_kdd_v2,xgb_5class_smote,306,2,2,1,0.9999973773956299,0.5384615659713745,0.9999973773956299,81.35497283935547
nsl_kdd_v2,xgb_5class_smote,307,3,3,1,0.9999973773956299,0.5384615659713745,0.9999940395355225,81.35488891601562
nsl_kdd_v2,xgb_5class_smote,308,2,2,1,0.9999973773956299,0.5384615659713745,0.9999973773956299,81.35497283935547
nsl_kdd_v2,xgb_5class_smote,309,4,0,0,0.9999880790710449,0.25,0.9999880790710449,62.99555206298828
nsl_kdd_v2,xgb_5class_smote,310,0,0,1,0.9999973773956299,0.5384615659713745,0.9999973773956299,81.35497283935547
nsl_kdd_v2,xgb_5class_smote,311,0,0,1,0.9999973773956299,0.4285714328289032,0.9999973773956299,75.39461517333984
nsl_kdd_v2,xgb_5class_smote,312,2,2,1,0.9999973773956299,0.6666666865348816,0.9999973773956299,87.35789489746094
nsl_kdd_v2,xgb_5class_smote,313,2,2,1,0.9999973773956299,0.5384615659713745,0.9999973773956299,81.35497283935547
nsl_kdd_v2,xgb_5class_smote,314,1,1,1,0.9999973773956299,0.6666666865348816,0.9999926686286926,87.35775756835938
nsl_kdd_v2,xgb_5class_smote,315,1,1,1,0.9999973773956299,0.5384615659713745,0.9999926686286926,81.35485076904297
nsl_kdd_v2,xgb_5class_smote,316,0,0,1,0.9999973773956299,0.6666666865348816,0.9999973773956299,87.35789489746094
nsl_kdd_v2,xgb_5class_smote,317,3,0,0,0.9417009949684143,0.5384615659713745,0.9417009949684143,78.16162872314453
nsl_kdd_v2,xgb_5class_smote,318,0,0,1,0.9999973773956299,0.5384615659713745,0.9999973773956299,81.35497283935547
nsl_kdd_v2,xgb_5class_smote,319,3,3,1,0.5689640641212463,0.6666666865348816,0.019665122032165527,19.538747787475586
nsl_kdd_v2,xgb_5class_smote,320,3,0,0,0.9999973773956299,0.5384615659713745,0.9999973773956299,81.35497283935547
nsl_kdd_v2,xgb_5class_smote,321,1,1,1,0.6515177488327026,0.6666666865348816,0.024263739585876465,21.924560546875
nsl_kdd_v2,xgb_5class_smote,322,3,0,0,0.9999973773956299,0.6666666865348816,0.9999973773956299,87.35789489746094
nsl_kdd_v2,xgb_5class_smote,323,1,1,1,0.9999973773956299,0.5384615659713745,0.9999926686286926,81.35485076904297
nsl_kdd_v2,xgb_5class_smote,324,1,1,1,0.9999973773956299,0.4285714328289032,0.9999926686286926,75.39449310302734
nsl_kdd_v2,xgb_5class_smote,325,3,0,0,0.9999973773956299,0.6666666865348816,0.9999973773956299,87.35789489746094
nsl_kdd_v2,xgb_5class_smote,326,0,0,1,0.9999973773956299,0.5384615659713745,0.9999973773956299,81.35497283935547
nsl_kdd_v2,xgb_5class_smote,327,1,2,0,0.574601948261261,0.5384615659713745,0.574601948261261,56.22933578491211
nsl_kdd_v2,xgb_5class_smote,328,2,0,0,0.9999973773956299,0.4285714328289032,0.9999973773956299,75.39461517333984
nsl_kdd_v2,xgb_5class_smote,329,3,0,0,0.9999973773956299,0.5384615659713745,0.9999973773956299,81.35497283935547
nsl_kdd_v2,xgb_5class_smote,330,2,2,1,0.9999973773956299,0.5384615659713745,0.9999973773956299,81.35497283935547
nsl_kdd_v2,xgb_5class_smote,331,3,0,0,0.9999973773956299,0.3333333432674408,0.9999973773956299,69.33600616455078
nsl_kdd_v2,xgb_5class_smote,332,3,0,0,0.9999973773956299,0.5384615659713745,0.9999973773956299,81.35497283935547
nsl_kdd_v2,xgb_5class_smote,333,2,2,1,0.9999973773956299,0.5384615659713745,0.9999973773956299,81.35497283935547
nsl_kdd_v2,xgb_5class_smote,334,0,0,1,0.9999973773956299,0.5384615659713745,0.9999973773956299,81.35497283935547
nsl_kdd_v2,xgb_5class_smote,335,2,2,1,0.9999973773956299,0.5384615659713745,0.9999973773956299,81.35497283935547
nsl_kdd_v2,xgb_5class_smote,336,3,0,0,0.9999973773956299,0.5384615659713745,0.9999973773956299,81.35497283935547
nsl_kdd_v2,xgb_5class_smote,337,0,0,1,0.9999973773956299,0.5384615659713745,0.9999973773956299,81.35497283935547
nsl_kdd_v2,xgb_5class_smote,338,2,2,1,0.9999973773956299,0.8181818127632141,0.9999973773956299,93.52962493896484
nsl_kdd_v2,xgb_5class_smote,339,0,0,1,0.9999973773956299,0.6666666865348816,0.9999973773956299,87.35789489746094
nsl_kdd_v2,xgb_5class_smote,340,1,1,1,0.9999973773956299,0.4285714328289032,0.9999926686286926,75.39449310302734
nsl_kdd_v2,xgb_5class_smote,341,0,0,1,0.9999973773956299,0.6666666865348816,0.9999973773956299,87.35789489746094
nsl_kdd_v2,xgb_5class_smote,342,3,0,0,0.9999973177909851,0.6666666865348816,0.9999973177909851,87.3578872680664
nsl_kdd_v2,xgb_5class_smote,343,1,1,1,0.9999973773956299,0.6666666865348816,0.9999926686286926,87.35775756835938
nsl_kdd_v2,xgb_5class_smote,344,3,0,0,0.9999973773956299,0.5384615659713745,0.9999973773956299,81.35497283935547
nsl_kdd_v2,xgb_5class_smote,345,0,0,1,0.9999973773956299,0.5384615659713745,0.9999973773956299,81.35497283935547
nsl_kdd_v2,xgb_5class_smote,346,0,0,1,0.9999973773956299,0.5384615659713745,0.9999973773956299,81.35497283935547
nsl_kdd_v2,xgb_5class_smote,347,2,2,1,0.9999973773956299,0.6666666865348816,0.9999973773956299,87.35789489746094
nsl_kdd_v2,xgb_5class_smote,348,0,0,1,0.9999973773956299,0.6666666865348816,0.9999973773956299,87.35789489746094
nsl_kdd_v2,xgb_5class_smote,349,2,0,0,0.6235315203666687,0.6666666865348816,0.6235315203666687,63.75905227661133
nsl_kdd_v2,xgb_5class_smote,350,2,2,1,0.9999973773956299,0.3333333432674408,0.9999973773956299,69.33600616455078
nsl_kdd_v2,xgb_5class_smote,351,0,0,1,0.9999973773956299,0.6666666865348816,0.9999973773956299,87.35789489746094
nsl_kdd_v2,xgb_5class_smote,352,0,0,1,0.9999973773956299,0.5384615659713745,0.9999973773956299,81.35497283935547
nsl_kdd_v2,xgb_5class_smote,353,1,1,1,0.9999973773956299,0.6666666865348816,0.9999926686286926,87.35775756835938
nsl_kdd_v2,xgb_5class_smote,354,3,0,0,0.9999973773956299,0.5384615659713745,0.9999973773956299,81.35497283935547
nsl_kdd_v2,xgb_5class_smote,355,1,0,0,0.7291648387908936,0.4285714328289032,0.7291648387908936,61.078948974609375
nsl_kdd_v2,xgb_5class_smote,356,1,1,1,0.9999973773956299,0.6666666865348816,0.9999926686286926,87.35775756835938
nsl_kdd_v2,xgb_5class_smote,357,1,0,0,0.9999973773956299,0.5384615659713745,0.9999973773956299,81.35497283935547
nsl_kdd_v2,xgb_5class_smote,358,0,0,1,0.9999973773956299,0.6666666865348816,0.9999973773956299,87.35789489746094
nsl_kdd_v2,xgb_5class_smote,359,4,4,1,0.8879201412200928,0.4285714328289032,0.8879201412200928,69.6504135131836
nsl_kdd_v2,xgb_5class_smote,360,2,0,0,0.7291648387908936,0.5384615659713745,0.7291648387908936,65.90757751464844
nsl_kdd_v2,xgb_5class_smote,361,2,2,1,0.6226401329040527,0.8181818127632141,0.6226401329040527,68.19847869873047
nsl_kdd_v2,xgb_5class_smote,362,0,0,1,0.9999973773956299,0.5384615659713745,0.9999973773956299,81.35497283935547
nsl_kdd_v2,xgb_5class_smote,363,2,2,1,0.9999973773956299,0.8181818127632141,0.9999973773956299,93.52962493896484
nsl_kdd_v2,xgb_5class_smote,364,0,1,0,0.9999973773956299,0.5384615659713745,0.9999926686286926,81.35485076904297
nsl_kdd_v2,xgb_5class_smote,365,1,1,1,0.9999973773956299,0.4285714328289032,0.9999926686286926,75.39449310302734
nsl_kdd_v2,xgb_5class_smote,366,0,1,0,0.9999973773956299,0.5384615659713745,0.9999926686286926,81.35485076904297
nsl_kdd_v2,xgb_5class_smote,367,3,0,0,0.9999973773956299,0.5384615659713745,0.9999973773956299,81.35497283935547
nsl_kdd_v2,xgb_5class_smote,368,3,0,0,0.9511865377426147,0.4285714328289032,0.9511865377426147,72.92081451416016
nsl_kdd_v2,xgb_5class_smote,369,0,0,1,0.9999973773956299,0.5384615659713745,0.9999973773956299,81.35497283935547
nsl_kdd_v2,xgb_5class_smote,370,3,3,1,0.8603972792625427,0.6666666865348816,0.6824918985366821,73.15349578857422
nsl_kdd_v2,xgb_5class_smote,371,0,0,1,0.9999973773956299,0.6666666865348816,0.9999973773956299,87.35789489746094
nsl_kdd_v2,xgb_5class_smote,372,1,1,1,0.9999973773956299,0.4285714328289032,0.9999926686286926,75.39449310302734
nsl_kdd_v2,xgb_5class_smote,373,2,0,0,0.6530624032020569,0.6666666865348816,0.6530624032020569,65.75659942626953
nsl_kdd_v2,xgb_5class_smote,374,1,0,0,0.8382997512817383,0.5384615659713745,0.8382997512817383,72.32988739013672
nsl_kdd_v2,xgb_5class_smote,375,3,0,0,0.9999973773956299,0.3333333432674408,0.9999973773956299,69.33600616455078
nsl_kdd_v2,xgb_5class_smote,376,0,0,1,0.9999973773956299,0.4285714328289032,0.9999973773956299,75.39461517333984
nsl_kdd_v2,xgb_5class_smote,377,2,2,1,0.9999973773956299,0.5384615659713745,0.9999973773956299,81.35497283935547
nsl_kdd_v2,xgb_5class_smote,378,2,2,1,0.9999973773956299,0.6666666865348816,0.9999973773956299,87.35789489746094
nsl_kdd_v2,xgb_5class_smote,379,3,0,0,0.9417009353637695,0.3333333432674408,0.9417009353637695,66.61441802978516
nsl_kdd_v2,xgb_5class_smote,380,2,2,1,0.9999973773956299,0.5384615659713745,0.9999973773956299,81.35497283935547
nsl_kdd_v2,xgb_5class_smote,381,1,1,1,0.9999973773956299,0.5384615659713745,0.9999926686286926,81.35485076904297
nsl_kdd_v2,xgb_5class_smote,382,0,0,1,0.9999973773956299,0.5384615659713745,0.9999973773956299,81.35497283935547
nsl_kdd_v2,xgb_5class_smote,383,4,4,1,0.5277416706085205,0.4285714328289032,0.5277416706085205,49.23666763305664
nsl_kdd_v2,xgb_5class_smote,384,3,0,0,0.9999973773956299,0.5384615659713745,0.9999973773956299,81.35497283935547
nsl_kdd_v2,xgb_5class_smote,385,2,2,1,0.9999973773956299,0.8181818127632141,0.9999973773956299,93.52962493896484
nsl_kdd_v2,xgb_5class_smote,386,3,0,0,0.9999973177909851,0.6666666865348816,0.9999973177909851,87.3578872680664
nsl_kdd_v2,xgb_5class_smote,387,2,2,1,0.9999973773956299,0.4285714328289032,0.9999973773956299,75.39461517333984
nsl_kdd_v2,xgb_5class_smote,388,2,2,1,0.9999973773956299,0.5384615659713745,0.9999973773956299,81.35497283935547
nsl_kdd_v2,xgb_5class_smote,389,2,2,1,0.9999973773956299,0.6666666865348816,0.9999973773956299,87.35789489746094
nsl_kdd_v2,xgb_5class_smote,390,4,4,1,1.0,0.4285714328289032,1.0,75.39474487304688
nsl_kdd_v2,xgb_5class_smote,391,1,1,1,0.9999973773956299,0.5384615659713745,0.9999926686286926,81.35485076904297
nsl_kdd_v2,xgb_5class_smote,392,0,0,1,0.9999973773956299,0.6666666865348816,0.9999973773956299,87.35789489746094
nsl_kdd_v2,xgb_5class_smote,393,1,1,1,0.9999973773956299,0.6666666865348816,0.9999926686286926,87.35775756835938
nsl_kdd_v2,xgb_5class_smote,394,2,2,1,0.9999973773956299,0.6666666865348816,0.9999973773956299,87.35789489746094
nsl_kdd_v2,xgb_5class_smote,395,2,0,0,0.7291648387908936,0.6666666865348816,0.7291648387908936,70.77068328857422
nsl_kdd_v2,xgb_5class_smote,396,3,0,0,0.9333298206329346,0.5384615659713745,0.9333298206329346,77.6977310180664
nsl_kdd_v2,xgb_5class_smote,397,0,0,1,0.9999973773956299,0.6666666865348816,0.9999973773956299,87.35789489746094
nsl_kdd_v2,xgb_5class_smote,398,1,1,1,0.9999973773956299,0.5384615659713745,0.9999926686286926,81.35485076904297
nsl_kdd_v2,xgb_5class_smote,399,2,1,0,0.9999973773956299,0.5384615659713745,0.9999926686286926,81.35485076904297
nsl_kdd_v2,xgb_5class_smote,400,3,0,0,0.9999973773956299,0.5384615659713745,0.9999973773956299,81.35497283935547
nsl_kdd_v2,xgb_5class_smote,401,4,0,0,0.9511862993240356,0.4285714328289032,0.9511862993240356,72.92080688476562
nsl_kdd_v2,xgb_5class_smote,402,0,0,1,0.9999973773956299,0.5384615659713745,0.9999973773956299,81.35497283935547
nsl_kdd_v2,xgb_5class_smote,403,4,0,0,0.9534022212028503,0.4285714328289032,0.9534022212028503,73.03401184082031
nsl_kdd_v2,xgb_5class_smote,404,1,1,1,0.9999973773956299,0.6666666865348816,0.9999926686286926,87.35775756835938
nsl_kdd_v2,xgb_5class_smote,405,4,0,0,0.9999973773956299,0.3333333432674408,0.9999973773956299,69.33600616455078
nsl_kdd_v2,xgb_5class_smote,406,0,0,1,0.9999973773956299,0.5384615659713745,0.9999973773956299,81.35497283935547
nsl_kdd_v2,xgb_5class_smote,407,2,2,1,0.9999973773956299,0.4285714328289032,0.9999973773956299,75.39461517333984
nsl_kdd_v2,xgb_5class_smote,408,1,1,1,0.9999973773956299,0.5384615659713745,0.9999926686286926,81.35485076904297
nsl_kdd_v2,xgb_5class_smote,409,1,1,1,0.9999973773956299,0.5384615659713745,0.9999926686286926,81.35485076904297
nsl_kdd_v2,xgb_5class_smote,410,2,2,1,0.9999973773956299,0.5384615659713745,0.9999973773956299,81.35497283935547
nsl_kdd_v2,xgb_5class_smote,411,0,0,1,0.9999973773956299,0.4285714328289032,0.9999973773956299,75.39461517333984
nsl_kdd_v2,xgb_5class_smote,412,1,1,1,0.9999973773956299,0.5384615659713745,0.9999926686286926,81.35485076904297
nsl_kdd_v2,xgb_5class_smote,413,0,0,1,0.9999973773956299,0.6666666865348816,0.9999973773956299,87.35789489746094
nsl_kdd_v2,xgb_5class_smote,414,2,0,0,0.6143411993980408,0.5384615659713745,0.6143411993980408,58.792869567871094
nsl_kdd_v2,xgb_5class_smote,415,3,0,0,0.5714272260665894,0.4285714328289032,0.5714272260665894,51.91764831542969
nsl_kdd_v2,xgb_5class_smote,416,0,0,1,0.9999973773956299,0.5384615659713745,0.9999973773956299,81.35497283935547
nsl_kdd_v2,xgb_5class_smote,417,0,0,1,0.9999973773956299,0.3333333432674408,0.9999973773956299,69.33600616455078
nsl_kdd_v2,xgb_5class_smote,418,3,0,0,0.9999973177909851,0.8181818127632141,0.9999973177909851,93.52961730957031
nsl_kdd_v2,xgb_5class_smote,419,3,0,0,0.9999973773956299,0.3333333432674408,0.9999973773956299,69.33600616455078
nsl_kdd_v2,xgb_5class_smote,420,1,1,1,0.9999973773956299,0.5384615659713745,0.9999926686286926,81.35485076904297
nsl_kdd_v2,xgb_5class_smote,421,4,0,0,0.9999357461929321,0.1764705926179886,0.9999357461929321,56.088287353515625
nsl_kdd_v2,xgb_5class_smote,422,2,0,0,0.6151331663131714,0.5384615659713745,0.6151331663131714,58.843387603759766
nsl_kdd_v2,xgb_5class_smote,423,2,0,0,0.9999973773956299,0.6666666865348816,0.9999973773956299,87.35789489746094
nsl_kdd_v2,xgb_5class_smote,424,3,0,0,0.887383759021759,0.5384615659713745,0.887383759021759,75.12639617919922
nsl_kdd_v2,xgb_5class_smote,425,0,0,1,0.9999973773956299,0.4285714328289032,0.9999973773956299,75.39461517333984
nsl_kdd_v2,xgb_5class_smote,426,2,0,0,0.9511865377426147,0.5384615659713745,0.9511865377426147,78.68561553955078
nsl_kdd_v2,xgb_5class_smote,427,3,0,0,0.9999973773956299,0.4285714328289032,0.9999973773956299,75.39461517333984
nsl_kdd_v2,xgb_5class_smote,428,0,0,1,0.9999973773956299,0.6666666865348816,0.9999973773956299,87.35789489746094
nsl_kdd_v2,xgb_5class_smote,429,0,0,1,0.9999973773956299,0.6666666865348816,0.9999973773956299,87.35789489746094
nsl_kdd_v2,xgb_5class_smote,430,3,0,0,0.9999973773956299,0.5384615659713745,0.9999973773956299,81.35497283935547
nsl_kdd_v2,xgb_5class_smote,431,0,0,1,0.9999973773956299,0.5384615659713745,0.9999973773956299,81.35497283935547
nsl_kdd_v2,xgb_5class_smote,432,1,0,0,0.9999973773956299,0.6666666865348816,0.9999973773956299,87.35789489746094
nsl_kdd_v2,xgb_5class_smote,433,1,0,0,0.6143157482147217,0.6666666865348816,0.6143157482147217,63.12925720214844
nsl_kdd_v2,xgb_5class_smote,434,3,0,0,0.9999973773956299,0.4285714328289032,0.9999973773956299,75.39461517333984
nsl_kdd_v2,xgb_5class_smote,435,4,0,0,0.9416961669921875,0.5384615659713745,0.9416961669921875,78.16136169433594
nsl_kdd_v2,xgb_5class_smote,436,3,0,0,0.9999973773956299,0.5384615659713745,0.9999973773956299,81.35497283935547
nsl_kdd_v2,xgb_5class_smote,437,2,2,1,0.956519365310669,0.6666666865348816,0.956519365310669,84.80707550048828
nsl_kdd_v2,xgb_5class_smote,438,3,0,0,0.9999973773956299,0.6666666865348816,0.9999973773956299,87.35789489746094
nsl_kdd_v2,xgb_5class_smote,439,3,0,0,0.9999973773956299,0.4285714328289032,0.9999973773956299,75.39461517333984
nsl_kdd_v2,xgb_5class_smote,440,1,1,1,0.9999973773956299,0.6666666865348816,0.9999926686286926,87.35775756835938
nsl_kdd_v2,xgb_5class_smote,441,0,0,1,0.9999973773956299,0.6666666865348816,0.9999973773956299,87.35789489746094
nsl_kdd_v2,xgb_5class_smote,442,0,0,1,0.9999973773956299,0.5384615659713745,0.9999973773956299,81.35497283935547
nsl_kdd_v2,xgb_5class_smote,443,0,0,1,0.9999973773956299,0.5384615659713745,0.9999973773956299,81.35497283935547
nsl_kdd_v2,xgb_5class_smote,444,1,1,1,0.9999973773956299,0.5384615659713745,0.9999926686286926,81.35485076904297
nsl_kdd_v2,xgb_5class_smote,445,0,0,1,0.9999973773956299,0.6666666865348816,0.9999973773956299,87.35789489746094
nsl_kdd_v2,xgb_5class_smote,446,1,1,1,0.956519365310669,0.6666666865348816,0.8782559633255005,82.4279556274414
nsl_kdd_v2,xgb_5class_smote,447,1,1,1,0.9999973773956299,0.5384615659713745,0.9999926686286926,81.35485076904297
nsl_kdd_v2,xgb_5class_smote,448,2,2,1,0.9999973773956299,0.4285714328289032,0.9999973773956299,75.39461517333984
nsl_kdd_v2,xgb_5class_smote,449,2,2,1,0.9999973773956299,0.8181818127632141,0.9999973773956299,93.52962493896484
nsl_kdd_v2,xgb_5class_smote,450,0,0,1,0.9999973773956299,0.5384615659713745,0.9999973773956299,81.35497283935547
nsl_kdd_v2,xgb_5class_smote,451,0,0,1,0.9999973773956299,0.5384615659713745,0.9999973773956299,81.35497283935547
nsl_kdd_v2,xgb_5class_smote,452,0,0,1,0.9999973773956299,0.6666666865348816,0.9999973773956299,87.35789489746094
nsl_kdd_v2,xgb_5class_smote,453,3,0,0,0.9999973773956299,0.5384615659713745,0.9999973773956299,81.35497283935547
nsl_kdd_v2,xgb_5class_smote,454,3,0,0,0.9999973773956299,0.3333333432674408,0.9999973773956299,69.33600616455078
nsl_kdd_v2,xgb_5class_smote,455,0,0,1,0.9999973773956299,0.5384615659713745,0.9999973773956299,81.35497283935547
nsl_kdd_v2,xgb_5class_smote,456,0,0,1,0.9999973773956299,0.6666666865348816,0.9999973773956299,87.35789489746094
nsl_kdd_v2,xgb_5class_smote,457,3,0,0,0.953402578830719,0.8181818127632141,0.953402578830719,90.60124206542969
nsl_kdd_v2,xgb_5class_smote,458,1,0,0,0.6012808680534363,0.8181818127632141,0.6012808680534363,66.62975311279297
nsl_kdd_v2,xgb_5class_smote,459,0,0,1,0.9999973773956299,0.5384615659713745,0.9999973773956299,81.35497283935547
nsl_kdd_v2,xgb_5class_smote,460,0,0,1,0.9999973773956299,0.5384615659713745,0.9999973773956299,81.35497283935547
nsl_kdd_v2,xgb_5class_smote,461,2,0,0,0.9999973773956299,0.4285714328289032,0.9999973773956299,75.39461517333984
nsl_kdd_v2,xgb_5class_smote,462,2,2,1,0.9999973773956299,0.6666666865348816,0.9999973773956299,87.35789489746094
nsl_kdd_v2,xgb_5class_smote,463,0,0,1,0.9999973773956299,0.6666666865348816,0.9999973773956299,87.35789489746094
nsl_kdd_v2,xgb_5class_smote,464,2,2,1,0.9999973773956299,0.6666666865348816,0.9999973773956299,87.35789489746094
nsl_kdd_v2,xgb_5class_smote,465,0,0,1,0.9999973773956299,0.6666666865348816,0.9999973773956299,87.35789489746094
nsl_kdd_v2,xgb_5class_smote,466,0,0,1,0.9999973773956299,0.4285714328289032,0.9999973773956299,75.39461517333984
nsl_kdd_v2,xgb_5class_smote,467,1,0,0,0.9999973177909851,0.8181818127632141,0.9999973177909851,93.52961730957031
nsl_kdd_v2,xgb_5class_smote,468,3,0,0,0.9999973773956299,0.5384615659713745,0.9999973773956299,81.35497283935547
nsl_kdd_v2,xgb_5class_smote,469,0,0,1,0.9999973773956299,0.6666666865348816,0.9999973773956299,87.35789489746094
nsl_kdd_v2,xgb_5class_smote,470,0,0,1,0.9999973773956299,0.4285714328289032,0.9999973773956299,75.39461517333984
nsl_kdd_v2,xgb_5class_smote,471,3,0,0,0.887383759021759,0.8181818127632141,0.887383759021759,86.36894226074219
nsl_kdd_v2,xgb_5class_smote,472,0,0,1,0.9999973773956299,0.6666666865348816,0.9999973773956299,87.35789489746094
nsl_kdd_v2,xgb_5class_smote,473,0,0,1,0.9999973773956299,0.5384615659713745,0.9999973773956299,81.35497283935547
nsl_kdd_v2,xgb_5class_smote,474,0,0,1,0.9999973773956299,0.5384615659713745,0.9999973773956299,81.35497283935547
nsl_kdd_v2,xgb_5class_smote,475,2,2,1,0.9999973773956299,0.8181818127632141,0.9999973773956299,93.52962493896484
nsl_kdd_v2,xgb_5class_smote,476,0,0,1,0.9999973773956299,0.5384615659713745,0.9999973773956299,81.35497283935547
nsl_kdd_v2,xgb_5class_smote,477,1,0,0,0.9053194522857666,0.5384615659713745,0.9053194522857666,76.13531494140625
nsl_kdd_v2,xgb_5class_smote,478,2,2,1,0.9999973773956299,0.6666666865348816,0.9999973773956299,87.35789489746094
nsl_kdd_v2,xgb_5class_smote,479,3,0,0,0.9999973773956299,0.4285714328289032,0.9999973773956299,75.39461517333984
nsl_kdd_v2,xgb_5class_smote,480,4,0,0,0.9476122260093689,0.3333333432674408,0.9476122260093689,66.89289855957031
nsl_kdd_v2,xgb_5class_smote,481,3,0,0,0.8873836994171143,0.6666666865348816,0.8873836994171143,80.66971588134766
nsl_kdd_v2,xgb_5class_smote,482,1,1,1,0.9999973773956299,0.6666666865348816,0.9999926686286926,87.35775756835938
nsl_kdd_v2,xgb_5class_smote,483,0,0,1,0.9999973773956299,0.5384615659713745,0.9999973773956299,81.35497283935547
nsl_kdd_v2,xgb_5class_smote,484,2,2,1,0.9999973773956299,0.8181818127632141,0.9999973773956299,93.52962493896484
nsl_kdd_v2,xgb_5class_smote,485,2,2,1,0.9999973773956299,0.8181818127632141,0.9999973773956299,93.52962493896484
nsl_kdd_v2,xgb_5class_smote,486,3,0,0,0.9999973773956299,0.4285714328289032,0.9999973773956299,75.39461517333984
nsl_kdd_v2,xgb_5class_smote,487,0,0,1,0.9999973773956299,0.5384615659713745,0.9999973773956299,81.35497283935547
nsl_kdd_v2,xgb_5class_smote,488,0,2,0,0.9999973773956299,0.5384615659713745,0.9999973773956299,81.35497283935547
nsl_kdd_v2,xgb_5class_smote,489,1,1,1,0.9999973773956299,0.4285714328289032,0.9999926686286926,75.39449310302734
nsl_kdd_v2,xgb_5class_smote,490,3,0,0,0.8873836994171143,0.6666666865348816,0.8873836994171143,80.66971588134766
nsl_kdd_v2,xgb_5class_smote,491,2,2,1,0.9999973773956299,0.5384615659713745,0.9999973773956299,81.35497283935547
nsl_kdd_v2,xgb_5class_smote,492,1,1,1,0.9999973773956299,0.5384615659713745,0.9999926686286926,81.35485076904297
nsl_kdd_v2,xgb_5class_smote,493,2,2,1,0.9999973773956299,0.5384615659713745,0.9999973773956299,81.35497283935547
nsl_kdd_v2,xgb_5class_smote,494,4,0,0,0.5342841744422913,0.3333333432674408,0.5342841744422913,45.653541564941406
nsl_kdd_v2,xgb_5class_smote,495,3,0,0,0.9999973773956299,0.5384615659713745,0.9999973773956299,81.35497283935547
nsl_kdd_v2,xgb_5class_smote,496,0,0,1,0.9999973773956299,0.5384615659713745,0.9999973773956299,81.35497283935547
nsl_kdd_v2,xgb_5class_smote,497,4,0,0,0.9999967813491821,0.4285714328289032,0.9999967813491821,75.39458465576172
nsl_kdd_v2,xgb_5class_smote,498,3,0,0,0.9999973773956299,0.5384615659713745,0.9999973773956299,81.35497283935547
nsl_kdd_v2,xgb_5class_smote,499,1,1,1,0.9999973773956299,0.6666666865348816,0.9999926686286926,87.35775756835938
nsl_kdd_v2,xgb_5class_smote,500,0,0,1,0.9999973773956299,0.5384615659713745,0.9999973773956299,81.35497283935547
nsl_kdd_v2,xgb_5class_smote,501,0,0,1,0.9999973773956299,0.4285714328289032,0.9999973773956299,75.39461517333984
nsl_kdd_v2,xgb_5class_smote,502,0,0,1,0.9999973773956299,0.6666666865348816,0.9999973773956299,87.35789489746094
nsl_kdd_v2,xgb_5class_smote,503,0,0,1,0.9999973773956299,0.5384615659713745,0.9999973773956299,81.35497283935547
nsl_kdd_v2,xgb_5class_smote,504,3,0,0,0.9999973773956299,0.5384615659713745,0.9999973773956299,81.35497283935547
nsl_kdd_v2,xgb_5class_smote,505,0,0,1,0.9999973773956299,0.4285714328289032,0.9999973773956299,75.39461517333984
nsl_kdd_v2,xgb_5class_smote,506,0,0,1,0.9999973773956299,0.6666666865348816,0.9999973773956299,87.35789489746094
nsl_kdd_v2,xgb_5class_smote,507,2,2,1,0.9999973773956299,0.6666666865348816,0.9999973773956299,87.35789489746094
nsl_kdd_v2,xgb_5class_smote,508,1,1,1,0.6227265000343323,0.6666666865348816,0.0,0.745993971824646
nsl_kdd_v2,xgb_5class_smote,509,0,0,1,0.9999973773956299,0.5384615659713745,0.9999973773956299,81.35497283935547
nsl_kdd_v2,xgb_5class_smote,510,0,0,1,0.9999973773956299,0.5384615659713745,0.9999973773956299,81.35497283935547
nsl_kdd_v2,xgb_5class_smote,511,1,1,1,0.9999973773956299,0.6666666865348816,0.9999926686286926,87.35775756835938
nsl_kdd_v2,xgb_5class_smote,512,3,0,0,0.9999973773956299,0.4285714328289032,0.9999973773956299,75.39461517333984
nsl_kdd_v2,xgb_5class_smote,513,3,0,0,0.9999973773956299,0.5384615659713745,0.9999973773956299,81.35497283935547
nsl_kdd_v2,xgb_5class_smote,514,0,0,1,0.9999973773956299,0.6666666865348816,0.9999973773956299,87.35789489746094
nsl_kdd_v2,xgb_5class_smote,515,1,1,1,0.9999973773956299,0.6666666865348816,0.9999926686286926,87.35775756835938
nsl_kdd_v2,xgb_5class_smote,516,3,0,0,0.9999973773956299,0.5384615659713745,0.9999973773956299,81.35497283935547
nsl_kdd_v2,xgb_5class_smote,517,2,0,0,0.7291648387908936,0.8181818127632141,0.7291648387908936,75.77054595947266
nsl_kdd_v2,xgb_5class_smote,518,1,1,1,0.9999973773956299,0.5384615659713745,0.9999926686286926,81.35485076904297
nsl_kdd_v2,xgb_5class_smote,519,2,2,1,0.9999973773956299,0.6666666865348816,0.9999973773956299,87.35789489746094
nsl_kdd_v2,xgb_5class_smote,520,3,0,0,0.9999973773956299,0.5384615659713745,0.9999973773956299,81.35497283935547
nsl_kdd_v2,xgb_5class_smote,521,1,1,1,0.9999973773956299,0.5384615659713745,0.9999926686286926,81.35485076904297
nsl_kdd_v2,xgb_5class_smote,522,4,4,1,1.0,0.4285714328289032,1.0,75.39474487304688
nsl_kdd_v2,xgb_5class_smote,523,3,0,0,0.9378461837768555,0.5384615659713745,0.9378461837768555,77.94818115234375
nsl_kdd_v2,xgb_5class_smote,524,3,0,0,0.9999973773956299,0.5384615659713745,0.9999973773956299,81.35497283935547
nsl_kdd_v2,xgb_5class_smote,525,2,2,1,0.9999973773956299,0.6666666865348816,0.9999973773956299,87.35789489746094
nsl_kdd_v2,xgb_5class_smote,526,2,0,0,0.7291648387908936,0.4285714328289032,0.7291648387908936,61.078948974609375
nsl_kdd_v2,xgb_5class_smote,527,1,1,1,0.9999973773956299,0.5384615659713745,0.9999926686286926,81.35485076904297
nsl_kdd_v2,xgb_5class_smote,528,2,2,1,0.9636825323104858,0.6666666865348816,0.9636825323104858,85.22994995117188
nsl_kdd_v2,xgb_5class_smote,529,4,0,0,0.9999973773956299,0.4285714328289032,0.9999973773956299,75.39461517333984
nsl_kdd_v2,xgb_5class_smote,530,2,2,1,0.6226401329040527,0.5384615659713745,0.6226401329040527,59.32115936279297
nsl_kdd_v2,xgb_5class_smote,531,2,2,1,0.9999973773956299,0.4285714328289032,0.9999973773956299,75.39461517333984
nsl_kdd_v2,xgb_5class_smote,532,1,1,1,0.9999973773956299,0.6666666865348816,0.9999926686286926,87.35775756835938
nsl_kdd_v2,xgb_5class_smote,533,2,2,1,0.9999973773956299,0.6666666865348816,0.9999973773956299,87.35789489746094
nsl_kdd_v2,xgb_5class_smote,534,3,0,0,0.9999973773956299,0.6666666865348816,0.9999973773956299,87.35789489746094
nsl_kdd_v2,xgb_5class_smote,535,0,0,1,0.9999973773956299,0.6666666865348816,0.9999973773956299,87.35789489746094
nsl_kdd_v2,xgb_5class_smote,536,2,2,1,0.6226401329040527,0.4285714328289032,0.6226401329040527,54.975074768066406
nsl_kdd_v2,xgb_5class_smote,537,3,3,1,0.5689640641212463,0.5384615659713745,0.019665122032165527,18.196115493774414
nsl_kdd_v2,xgb_5class_smote,538,1,1,1,0.9999973773956299,0.5384615659713745,0.9999926686286926,81.35485076904297
nsl_kdd_v2,xgb_5class_smote,539,0,0,1,0.9999973773956299,0.6666666865348816,0.9999973773956299,87.35789489746094
nsl_kdd_v2,xgb_5class_smote,540,4,0,0,0.999996542930603,0.4285714328289032,0.999996542930603,75.39456939697266
nsl_kdd_v2,xgb_5class_smote,541,2,2,1,0.9999973773956299,0.5384615659713745,0.9999973773956299,81.35497283935547
nsl_kdd_v2,xgb_5class_smote,542,0,0,1,0.9999973773956299,0.4285714328289032,0.9999973773956299,75.39461517333984
nsl_kdd_v2,xgb_5class_smote,543,1,1,1,0.9999973773956299,0.5384615659713745,0.9999926686286926,81.35485076904297
nsl_kdd_v2,xgb_5class_smote,544,1,1,1,0.9999973773956299,0.4285714328289032,0.9999926686286926,75.39449310302734
nsl_kdd_v2,xgb_5class_smote,545,1,1,1,0.9999973773956299,0.6666666865348816,0.9999926686286926,87.35775756835938
nsl_kdd_v2,xgb_5class_smote,546,1,0,0,0.9999973773956299,0.5384615659713745,0.9999973773956299,81.35497283935547
nsl_kdd_v2,xgb_5class_smote,547,3,0,0,0.9999973773956299,0.4285714328289032,0.9999973773956299,75.39461517333984
nsl_kdd_v2,xgb_5class_smote,548,3,0,0,0.9999973773956299,0.6666666865348816,0.9999973773956299,87.35789489746094
nsl_kdd_v2,xgb_5class_smote,549,3,0,0,0.9999973773956299,0.5384615659713745,0.9999973773956299,81.35497283935547
nsl_kdd_v2,xgb_5class_smote,550,1,1,1,0.9999973773956299,0.5384615659713745,0.9999926686286926,81.35485076904297
nsl_kdd_v2,xgb_5class_smote,551,2,2,1,0.9999973773956299,0.5384615659713745,0.9999973773956299,81.35497283935547
nsl_kdd_v2,xgb_5class_smote,552,0,0,1,0.9999973773956299,0.5384615659713745,0.9999973773956299,81.35497283935547
nsl_kdd_v2,xgb_5class_smote,553,2,2,1,0.956519365310669,0.8181818127632141,0.956519365310669,90.79859161376953
nsl_kdd_v2,xgb_5class_smote,554,0,0,1,0.9999973773956299,0.4285714328289032,0.9999973773956299,75.39461517333984
nsl_kdd_v2,xgb_5class_smote,555,2,0,0,0.9999973773956299,0.4285714328289032,0.9999973773956299,75.39461517333984
nsl_kdd_v2,xgb_5class_smote,556,3,0,0,0.9999973773956299,0.5384615659713745,0.9999973773956299,81.35497283935547
nsl_kdd_v2,xgb_5class_smote,557,1,0,0,0.5714272856712341,0.6666666865348816,0.5714272856712341,60.15571212768555
nsl_kdd_v2,xgb_5class_smote,558,0,0,1,0.9999973773956299,0.4285714328289032,0.9999973773956299,75.39461517333984
nsl_kdd_v2,xgb_5class_smote,559,0,0,1,0.9999973773956299,0.5384615659713745,0.9999973773956299,81.35497283935547
nsl_kdd_v2,xgb_5class_smote,560,0,0,1,0.9999973773956299,0.5384615659713745,0.9999973773956299,81.35497283935547
nsl_kdd_v2,xgb_5class_smote,561,0,0,1,0.9999973773956299,0.5384615659713745,0.9999973773956299,81.35497283935547
nsl_kdd_v2,xgb_5class_smote,562,3,0,0,0.9999973773956299,0.5384615659713745,0.9999973773956299,81.35497283935547
nsl_kdd_v2,xgb_5class_smote,563,2,2,1,0.9999973773956299,0.8181818127632141,0.9999973773956299,93.52962493896484
nsl_kdd_v2,xgb_5class_smote,564,3,0,0,0.9999973773956299,0.5384615659713745,0.9999973773956299,81.35497283935547
nsl_kdd_v2,xgb_5class_smote,565,1,1,1,0.9999973773956299,0.5384615659713745,0.9999926686286926,81.35485076904297
nsl_kdd_v2,xgb_5class_smote,566,3,0,0,0.9999973773956299,0.5384615659713745,0.9999973773956299,81.35497283935547
nsl_kdd_v2,xgb_5class_smote,567,0,0,1,0.9999973773956299,0.6666666865348816,0.9999973773956299,87.35789489746094
nsl_kdd_v2,xgb_5class_smote,568,0,0,1,0.9999973773956299,0.6666666865348816,0.9999973773956299,87.35789489746094
nsl_kdd_v2,xgb_5class_smote,569,1,1,1,0.9999973773956299,0.6666666865348816,0.9999926686286926,87.35775756835938
nsl_kdd_v2,xgb_5class_smote,570,2,0,0,0.6578932404518127,0.6666666865348816,0.6578932404518127,66.08048248291016
nsl_kdd_v2,xgb_5class_smote,571,2,1,0,0.9999973773956299,0.5384615659713745,0.9999926686286926,81.35485076904297
nsl_kdd_v2,xgb_5class_smote,572,2,2,1,0.9999973773956299,0.6666666865348816,0.9999973773956299,87.35789489746094
nsl_kdd_v2,xgb_5class_smote,573,3,0,0,0.9999973773956299,0.4285714328289032,0.9999973773956299,75.39461517333984
nsl_kdd_v2,xgb_5class_smote,574,4,0,0,0.9999961853027344,0.3333333432674408,0.9999961853027344,69.33595275878906
nsl_kdd_v2,xgb_5class_smote,575,1,0,0,0.9999973773956299,0.5384615659713745,0.9999973773956299,81.35497283935547
nsl_kdd_v2,xgb_5class_smote,576,0,0,1,0.9999973773956299,0.5384615659713745,0.9999973773956299,81.35497283935547
nsl_kdd_v2,xgb_5class_smote,577,0,0,1,0.9999973773956299,0.6666666865348816,0.9999973773956299,87.35789489746094
nsl_kdd_v2,xgb_5class_smote,578,4,4,1,1.0,0.5384615659713745,1.0,81.3551254272461
nsl_kdd_v2,xgb_5class_smote,579,4,4,1,1.0,0.4285714328289032,1.0,75.39474487304688
nsl_kdd_v2,xgb_5class_smote,580,2,2,1,0.9999973773956299,0.8181818127632141,0.9999973773956299,93.52962493896484
nsl_kdd_v2,xgb_5class_smote,581,0,0,1,0.9999973773956299,0.4285714328289032,0.9999973773956299,75.39461517333984
nsl_kdd_v2,xgb_5class_smote,582,1,0,0,0.9999966025352478,0.8181818127632141,0.9999966025352478,93.52957153320312
nsl_kdd_v2,xgb_5class_smote,583,4,0,0,0.9999971985816956,0.4285714328289032,0.9999971985816956,75.39460754394531
nsl_kdd_v2,xgb_5class_smote,584,1,1,1,0.9999973773956299,0.6666666865348816,0.9999926686286926,87.35775756835938
nsl_kdd_v2,xgb_5class_smote,585,2,0,0,0.9511865377426147,0.6666666865348816,0.9511865377426147,84.49156951904297
nsl_kdd_v2,xgb_5class_smote,586,3,0,0,0.9999973773956299,0.5384615659713745,0.9999973773956299,81.35497283935547
nsl_kdd_v2,xgb_5class_smote,587,0,0,1,0.9999973773956299,0.6666666865348816,0.9999973773956299,87.35789489746094
nsl_kdd_v2,xgb_5class_smote,588,4,0,0,0.9999973773956299,0.4285714328289032,0.9999973773956299,75.39461517333984
nsl_kdd_v2,xgb_5class_smote,589,3,0,0,0.9999973773956299,0.5384615659713745,0.9999973773956299,81.35497283935547
nsl_kdd_v2,xgb_5class_smote,590,2,2,1,0.9999973773956299,0.8181818127632141,0.9999973773956299,93.52962493896484
nsl_kdd_v2,xgb_5class_smote,591,3,0,0,0.953402578830719,0.4285714328289032,0.953402578830719,73.0340347290039
nsl_kdd_v2,xgb_5class_smote,592,1,1,1,0.9999973773956299,0.6666666865348816,0.9999926686286926,87.35775756835938
nsl_kdd_v2,xgb_5class_smote,593,3,0,0,0.9999973773956299,0.5384615659713745,0.9999973773956299,81.35497283935547
nsl_kdd_v2,xgb_5class_smote,594,2,2,1,0.9999973773956299,0.8181818127632141,0.9999973773956299,93.52962493896484
nsl_kdd_v2,xgb_5class_smote,595,2,2,1,0.956519365310669,0.5384615659713745,0.956519365310669,78.97944641113281
nsl_kdd_v2,xgb_5class_smote,596,0,0,1,0.9999973773956299,0.5384615659713745,0.9999973773956299,81.35497283935547
nsl_kdd_v2,xgb_5class_smote,597,4,0,0,0.9999971389770508,0.6666666865348816,0.9999971389770508,87.35787963867188
nsl_kdd_v2,xgb_5class_smote,598,3,0,0,0.9999973773956299,0.5384615659713745,0.9999973773956299,81.35497283935547
nsl_kdd_v2,xgb_5class_smote,599,0,0,1,0.9999973773956299,0.5384615659713745,0.9999973773956299,81.35497283935547
nsl_kdd_v2,xgb_5class_smote,600,2,2,1,0.9999973773956299,0.5384615659713745,0.9999973773956299,81.35497283935547
nsl_kdd_v2,xgb_5class_smote,601,2,2,1,0.9999973773956299,0.6666666865348816,0.9999973773956299,87.35789489746094
nsl_kdd_v2,xgb_5class_smote,602,2,2,1,0.9999973773956299,0.5384615659713745,0.9999973773956299,81.35497283935547
nsl_kdd_v2,xgb_5class_smote,603,1,1,1,0.9999973773956299,0.6666666865348816,0.9999926686286926,87.35775756835938
nsl_kdd_v2,xgb_5class_smote,604,1,1,1,0.9999973773956299,0.5384615659713745,0.9999926686286926,81.35485076904297
nsl_kdd_v2,xgb_5class_smote,605,1,1,1,0.9999973773956299,0.5384615659713745,0.9999926686286926,81.35485076904297
nsl_kdd_v2,xgb_5class_smote,606,0,0,1,0.9999973773956299,0.4285714328289032,0.9999973773956299,75.39461517333984
nsl_kdd_v2,xgb_5class_smote,607,2,2,1,0.9999973773956299,0.8181818127632141,0.9999973773956299,93.52962493896484
nsl_kdd_v2,xgb_5class_smote,608,1,0,0,0.5511153340339661,0.6666666865348816,0.5511153340339661,58.72160339355469
nsl_kdd_v2,xgb_5class_smote,609,0,0,1,0.7291648387908936,0.5384615659713745,0.7291648387908936,65.90757751464844
nsl_kdd_v2,xgb_5class_smote,610,1,1,1,0.9999973773956299,0.4285714328289032,0.9999926686286926,75.39449310302734
nsl_kdd_v2,xgb_5class_smote,611,1,1,1,0.9999973773956299,0.4285714328289032,0.9999926686286926,75.39449310302734
nsl_kdd_v2,xgb_5class_smote,612,2,2,1,0.9999973773956299,0.6666666865348816,0.9999973773956299,87.35789489746094
nsl_kdd_v2,xgb_5class_smote,613,0,0,1,0.9999973773956299,0.6666666865348816,0.9999973773956299,87.35789489746094
nsl_kdd_v2,xgb_5class_smote,614,2,2,1,0.657585084438324,0.4285714328289032,0.657585084438324,57.01323699951172
nsl_kdd_v2,xgb_5class_smote,615,0,0,1,0.9999973773956299,0.5384615659713745,0.9999973773956299,81.35497283935547
nsl_kdd_v2,xgb_5class_smote,616,2,2,1,0.6226401329040527,0.6666666865348816,0.6226401329040527,63.698272705078125
nsl_kdd_v2,xgb_5class_smote,617,1,1,1,0.9999973773956299,0.5384615659713745,0.9999926686286926,81.35485076904297
nsl_kdd_v2,xgb_5class_smote,618,0,0,1,0.9999973773956299,0.5384615659713745,0.9999973773956299,81.35497283935547
nsl_kdd_v2,xgb_5class_smote,619,1,1,1,0.9999973773956299,0.5384615659713745,0.9999926686286926,81.35485076904297
nsl_kdd_v2,xgb_5class_smote,620,2,0,0,0.9999973177909851,0.3333333432674408,0.9999973177909851,69.33600616455078
nsl_kdd_v2,xgb_5class_smote,621,0,2,0,0.9999973773956299,0.5384615659713745,0.9999973773956299,81.35497283935547
nsl_kdd_v2,xgb_5class_smote,622,1,1,1,0.9999973773956299,0.5384615659713745,0.9999926686286926,81.35485076904297
nsl_kdd_v2,xgb_5class_smote,623,3,0,0,0.9392438530921936,0.8181818127632141,0.9392438530921936,89.70201110839844
nsl_kdd_v2,xgb_5class_smote,624,4,0,0,0.9994185566902161,0.4285714328289032,0.9994185566902161,75.36551666259766
nsl_kdd_v2,xgb_5class_smote,625,2,0,0,0.5989425182342529,0.8181818127632141,0.5989425182342529,66.45689392089844
nsl_kdd_v2,xgb_5class_smote,626,3,3,1,0.9999973773956299,0.5384615659713745,0.9999940395355225,81.35488891601562
nsl_kdd_v2,xgb_5class_smote,627,2,2,1,0.9999973773956299,0.4285714328289032,0.9999973773956299,75.39461517333984
nsl_kdd_v2,xgb_5class_smote,628,1,1,1,0.9999973773956299,0.5384615659713745,0.9999926686286926,81.35485076904297
nsl_kdd_v2,xgb_5class_smote,629,0,0,1,0.9999973773956299,0.6666666865348816,0.9999973773956299,87.35789489746094
nsl_kdd_v2,xgb_5class_smote,630,1,1,1,0.956519365310669,0.5384615659713745,0.8782559633255005,76.76380920410156
nsl_kdd_v2,xgb_5class_smote,631,3,0,0,0.9999973773956299,0.6666666865348816,0.9999973773956299,87.35789489746094
nsl_kdd_v2,xgb_5class_smote,632,1,1,1,0.9999973773956299,0.5384615659713745,0.9999926686286926,81.35485076904297
nsl_kdd_v2,xgb_5class_smote,633,1,1,1,0.6294052600860596,0.8181818127632141,0.0,0.8015426993370056
nsl_kdd_v2,xgb_5class_smote,634,2,1,0,0.9999973773956299,0.5384615659713745,0.9999926686286926,81.35485076904297
nsl_kdd_v2,xgb_5class_smote,635,2,2,1,0.9999973773956299,0.6666666865348816,0.9999973773956299,87.35789489746094
nsl_kdd_v2,xgb_5class_smote,636,3,0,0,0.9999973773956299,0.6666666865348816,0.9999973773956299,87.35789489746094
nsl_kdd_v2,xgb_5class_smote,637,0,0,1,0.9999973773956299,0.6666666865348816,0.9999973773956299,87.35789489746094
nsl_kdd_v2,xgb_5class_smote,638,0,0,1,0.9999973773956299,0.6666666865348816,0.9999973773956299,87.35789489746094
nsl_kdd_v2,xgb_5class_smote,639,1,0,0,0.9999973177909851,0.6666666865348816,0.9999973177909851,87.3578872680664
nsl_kdd_v2,xgb_5class_smote,640,3,0,0,0.9999973773956299,0.4285714328289032,0.9999973773956299,75.39461517333984
nsl_kdd_v2,xgb_5class_smote,641,2,2,1,0.9999973773956299,0.5384615659713745,0.9999973773956299,81.35497283935547
nsl_kdd_v2,xgb_5class_smote,642,1,1,1,0.6573836803436279,0.6666666865348816,0.04068809747695923,26.12552261352539
nsl_kdd_v2,xgb_5class_smote,643,1,1,1,0.9999973773956299,0.5384615659713745,0.9999926686286926,81.35485076904297
nsl_kdd_v2,xgb_5class_smote,644,1,1,1,0.9999973773956299,0.5384615659713745,0.9999926686286926,81.35485076904297
nsl_kdd_v2,xgb_5class_smote,645,2,2,1,0.9999973773956299,0.6666666865348816,0.9999973773956299,87.35789489746094
nsl_kdd_v2,xgb_5class_smote,646,0,0,1,0.9999973773956299,0.5384615659713745,0.9999973773956299,81.35497283935547
nsl_kdd_v2,xgb_5class_smote,647,0,0,1,0.9999973773956299,0.4285714328289032,0.9999973773956299,75.39461517333984
nsl_kdd_v2,xgb_5class_smote,648,0,0,1,0.9999973773956299,0.6666666865348816,0.9999973773956299,87.35789489746094
nsl_kdd_v2,xgb_5class_smote,649,1,1,1,0.9999973773956299,0.5384615659713745,0.9999926686286926,81.35485076904297
nsl_kdd_v2,xgb_5class_smote,650,3,3,1,0.5689640641212463,0.8181818127632141,0.019665122032165527,20.91913604736328
nsl_kdd_v2,xgb_5class_smote,651,1,1,1,0.956519365310669,0.5384615659713745,0.8782559633255005,76.76380920410156
nsl_kdd_v2,xgb_5class_smote,652,0,0,1,0.9999973773956299,0.6666666865348816,0.9999973773956299,87.35789489746094
nsl_kdd_v2,xgb_5class_smote,653,1,1,1,0.9999973773956299,0.5384615659713745,0.9999926686286926,81.35485076904297
nsl_kdd_v2,xgb_5class_smote,654,3,0,0,0.9999973773956299,0.5384615659713745,0.9999973773956299,81.35497283935547
nsl_kdd_v2,xgb_5class_smote,655,1,1,1,0.9999973773956299,0.5384615659713745,0.9999926686286926,81.35485076904297
nsl_kdd_v2,xgb_5class_smote,656,2,0,0,0.9511865377426147,0.4285714328289032,0.9511865377426147,72.92081451416016
nsl_kdd_v2,xgb_5class_smote,657,3,3,1,0.9999973773956299,0.4285714328289032,0.9999940395355225,75.39453125
nsl_kdd_v2,xgb_5class_smote,658,3,0,0,0.9999973773956299,0.4285714328289032,0.9999973773956299,75.39461517333984
nsl_kdd_v2,xgb_5class_smote,659,4,0,0,0.9999958872795105,0.5384615659713745,0.9999958872795105,81.35489654541016
nsl_kdd_v2,xgb_5class_smote,660,3,0,0,0.9999973773956299,0.5384615659713745,0.9999973773956299,81.35497283935547
nsl_kdd_v2,xgb_5class_smote,661,3,0,0,0.9999973773956299,0.4285714328289032,0.9999973773956299,75.39461517333984
nsl_kdd_v2,xgb_5class_smote,662,3,0,0,0.9999973773956299,0.5384615659713745,0.9999973773956299,81.35497283935547
nsl_kdd_v2,xgb_5class_smote,663,2,2,1,0.9999973773956299,0.5384615659713745,0.9999973773956299,81.35497283935547
nsl_kdd_v2,xgb_5class_smote,664,4,0,0,0.9999973773956299,0.5384615659713745,0.9999973773956299,81.35497283935547
nsl_kdd_v2,xgb_5class_smote,665,0,0,1,0.9999973773956299,0.5384615659713745,0.9999973773956299,81.35497283935547
nsl_kdd_v2,xgb_5class_smote,666,1,1,1,0.9999973773956299,0.4285714328289032,0.9999926686286926,75.39449310302734
nsl_kdd_v2,xgb_5class_smote,667,0,0,1,0.9999973773956299,0.6666666865348816,0.9999973773956299,87.35789489746094
nsl_kdd_v2,xgb_5class_smote,668,0,0,1,0.9999973773956299,0.5384615659713745,0.9999973773956299,81.35497283935547
nsl_kdd_v2,xgb_5class_smote,669,0,0,1,0.9999973773956299,0.5384615659713745,0.9999973773956299,81.35497283935547
nsl_kdd_v2,xgb_5class_smote,670,2,2,1,0.9999973773956299,0.8181818127632141,0.9999973773956299,93.52962493896484
nsl_kdd_v2,xgb_5class_smote,671,3,0,0,0.9999973773956299,0.5384615659713745,0.9999973773956299,81.35497283935547
nsl_kdd_v2,xgb_5class_smote,672,0,0,1,0.9999973773956299,0.5384615659713745,0.9999973773956299,81.35497283935547
nsl_kdd_v2,xgb_5class_smote,673,3,0,0,0.9999973773956299,0.4285714328289032,0.9999973773956299,75.39461517333984
nsl_kdd_v2,xgb_5class_smote,674,2,0,0,0.6382024884223938,0.6666666865348816,0.6382024884223938,64.75528717041016
nsl_kdd_v2,xgb_5class_smote,675,0,0,1,0.9999973773956299,0.4285714328289032,0.9999973773956299,75.39461517333984
nsl_kdd_v2,xgb_5class_smote,676,0,0,1,0.9999973773956299,0.5384615659713745,0.9999973773956299,81.35497283935547
nsl_kdd_v2,xgb_5class_smote,677,3,0,0,0.9999973773956299,0.5384615659713745,0.9999973773956299,81.35497283935547
nsl_kdd_v2,xgb_5class_smote,678,2,2,1,0.6631346344947815,0.6666666865348816,0.6631346344947815,66.43098449707031
nsl_kdd_v2,xgb_5class_smote,679,0,0,1,0.9999973773956299,0.6666666865348816,0.9999973773956299,87.35789489746094
nsl_kdd_v2,xgb_5class_smote,680,0,0,1,0.9999973773956299,0.5384615659713745,0.9999973773956299,81.35497283935547
nsl_kdd_v2,xgb_5class_smote,681,2,2,1,0.9999973773956299,0.8181818127632141,0.9999973773956299,93.52962493896484
nsl_kdd_v2,xgb_5class_smote,682,1,1,1,0.9999973773956299,0.5384615659713745,0.9999926686286926,81.35485076904297
nsl_kdd_v2,xgb_5class_smote,683,2,2,1,0.9999973773956299,0.5384615659713745,0.9999973773956299,81.35497283935547
nsl_kdd_v2,xgb_5class_smote,684,1,1,1,0.9999973773956299,0.5384615659713745,0.9999926686286926,81.35485076904297
nsl_kdd_v2,xgb_5class_smote,685,3,3,1,0.6201197504997253,0.6666666865348816,0.1360120177268982,38.31073760986328
nsl_kdd_v2,xgb_5class_smote,686,3,0,0,0.9999973773956299,0.5384615659713745,0.9999973773956299,81.35497283935547
nsl_kdd_v2,xgb_5class_smote,687,0,0,1,0.9999973773956299,0.5384615659713745,0.9999973773956299,81.35497283935547
nsl_kdd_v2,xgb_5class_smote,688,4,0,0,0.9999960064888,0.6666666865348816,0.9999960064888,87.3578109741211
nsl_kdd_v2,xgb_5class_smote,689,0,0,1,0.9999973773956299,0.6666666865348816,0.9999973773956299,87.35789489746094
nsl_kdd_v2,xgb_5class_smote,690,2,2,1,0.9999973773956299,0.6666666865348816,0.9999973773956299,87.35789489746094
nsl_kdd_v2,xgb_5class_smote,691,2,2,1,0.5611187219619751,0.6666666865348816,0.5611187219619751,59.430049896240234
nsl_kdd_v2,xgb_5class_smote,692,0,0,1,0.9999973773956299,0.4285714328289032,0.9999973773956299,75.39461517333984
nsl_kdd_v2,xgb_5class_smote,693,1,0,0,0.7291648387908936,0.5384615659713745,0.7291648387908936,65.90757751464844
nsl_kdd_v2,xgb_5class_smote,694,1,1,1,0.8201979994773865,0.4285714328289032,0.4965616464614868,55.88625717163086
nsl_kdd_v2,xgb_5class_smote,695,3,0,0,0.9417004585266113,0.4285714328289032,0.9417004585266113,72.43518829345703
nsl_kdd_v2,xgb_5class_smote,696,0,0,1,0.9999973773956299,0.5384615659713745,0.9999973773956299,81.35497283935547
nsl_kdd_v2,xgb_5class_smote,697,1,1,1,0.956519365310669,0.6666666865348816,0.8782559633255005,82.4279556274414
nsl_kdd_v2,xgb_5class_smote,698,2,0,0,0.7291648387908936,0.8181818127632141,0.7291648387908936,75.77054595947266
nsl_kdd_v2,xgb_5class_smote,699,0,0,1,0.9999973773956299,0.6666666865348816,0.9999973773956299,87.35789489746094
nsl_kdd_v2,xgb_5class_smote,700,4,0,0,0.7800314426422119,0.4285714328289032,0.7800314426422119,63.887489318847656
nsl_kdd_v2,xgb_5class_smote,701,0,0,1,0.9999973773956299,0.6666666865348816,0.9999973773956299,87.35789489746094
nsl_kdd_v2,xgb_5class_smote,702,1,1,1,0.9999973773956299,0.4285714328289032,0.9999926686286926,75.39449310302734
nsl_kdd_v2,xgb_5class_smote,703,2,0,0,0.5714272856712341,0.5384615659713745,0.5714272856712341,56.022037506103516
nsl_kdd_v2,xgb_5class_smote,704,1,1,1,0.9523786306381226,0.5384615659713745,0.8666620850563049,76.3140869140625
nsl_kdd_v2,xgb_5class_smote,705,0,0,1,0.9999973773956299,0.6666666865348816,0.9999973773956299,87.35789489746094
nsl_kdd_v2,xgb_5class_smote,706,2,2,1,0.6226401329040527,0.6666666865348816,0.6226401329040527,63.698272705078125
nsl_kdd_v2,xgb_5class_smote,707,0,0,1,0.9999973773956299,0.6666666865348816,0.9999973773956299,87.35789489746094
nsl_kdd_v2,xgb_5class_smote,708,3,0,0,0.9999973773956299,0.5384615659713745,0.9999973773956299,81.35497283935547
nsl_kdd_v2,xgb_5class_smote,709,2,2,1,0.9999973773956299,0.8181818127632141,0.9999973773956299,93.52962493896484
nsl_kdd_v2,xgb_5class_smote,710,2,2,1,0.9999973773956299,0.8181818127632141,0.9999973773956299,93.52962493896484
nsl_kdd_v2,xgb_5class_smote,711,0,0,1,0.9999973773956299,0.5384615659713745,0.9999973773956299,81.35497283935547
nsl_kdd_v2,xgb_5class_smote,712,3,0,0,0.9999973773956299,0.4285714328289032,0.9999973773956299,75.39461517333984
nsl_kdd_v2,xgb_5class_smote,713,2,2,1,0.9999973773956299,0.6666666865348816,0.9999973773956299,87.35789489746094
nsl_kdd_v2,xgb_5class_smote,714,2,2,1,0.9999973773956299,0.5384615659713745,0.9999973773956299,81.35497283935547
nsl_kdd_v2,xgb_5class_smote,715,2,2,1,0.9999973773956299,0.4285714328289032,0.9999973773956299,75.39461517333984
nsl_kdd_v2,xgb_5class_smote,716,3,0,0,0.9999973773956299,0.4285714328289032,0.9999973773956299,75.39461517333984
nsl_kdd_v2,xgb_5class_smote,717,0,0,1,0.9999973773956299,0.5384615659713745,0.9999973773956299,81.35497283935547
nsl_kdd_v2,xgb_5class_smote,718,3,0,0,0.9089332818984985,0.6666666865348816,0.9089332818984985,81.97050476074219
nsl_kdd_v2,xgb_5class_smote,719,2,2,1,0.9999973773956299,0.8181818127632141,0.9999973773956299,93.52962493896484
nsl_kdd_v2,xgb_5class_smote,720,2,1,0,0.9999973773956299,0.4285714328289032,0.9999926686286926,75.39449310302734
nsl_kdd_v2,xgb_5class_smote,721,0,0,1,0.9999973773956299,0.4285714328289032,0.9999973773956299,75.39461517333984
nsl_kdd_v2,xgb_5class_smote,722,0,0,1,0.9999973773956299,0.5384615659713745,0.9999973773956299,81.35497283935547
nsl_kdd_v2,xgb_5class_smote,723,0,0,1,0.9999973773956299,0.6666666865348816,0.9999973773956299,87.35789489746094
nsl_kdd_v2,xgb_5class_smote,724,0,0,1,0.9999973773956299,0.5384615659713745,0.9999973773956299,81.35497283935547
nsl_kdd_v2,xgb_5class_smote,725,0,0,1,0.9999973773956299,0.6666666865348816,0.9999973773956299,87.35789489746094
nsl_kdd_v2,xgb_5class_smote,726,3,0,0,0.9999973773956299,0.5384615659713745,0.9999973773956299,81.35497283935547
nsl_kdd_v2,xgb_5class_smote,727,2,2,1,0.9999973773956299,0.5384615659713745,0.9999973773956299,81.35497283935547
nsl_kdd_v2,xgb_5class_smote,728,1,1,1,0.9999973773956299,0.5384615659713745,0.9999926686286926,81.35485076904297
nsl_kdd_v2,xgb_5class_smote,729,1,1,1,0.9999973773956299,0.4285714328289032,0.9999926686286926,75.39449310302734
nsl_kdd_v2,xgb_5class_smote,730,2,2,1,0.956519365310669,0.6666666865348816,0.956519365310669,84.80707550048828
nsl_kdd_v2,xgb_5class_smote,731,3,0,0,0.9999973773956299,0.5384615659713745,0.9999973773956299,81.35497283935547
nsl_kdd_v2,xgb_5class_smote,732,1,1,1,0.9999973773956299,0.5384615659713745,0.9999926686286926,81.35485076904297
nsl_kdd_v2,xgb_5class_smote,733,0,0,1,0.9999973773956299,0.6666666865348816,0.9999973773956299,87.35789489746094
nsl_kdd_v2,xgb_5class_smote,734,1,1,1,0.9999973773956299,0.5384615659713745,0.9999926686286926,81.35485076904297
nsl_kdd_v2,xgb_5class_smote,735,1,1,1,0.9999973773956299,0.5384615659713745,0.9999926686286926,81.35485076904297
nsl_kdd_v2,xgb_5class_smote,736,1,0,0,0.9999973773956299,0.5384615659713745,0.9999973773956299,81.35497283935547
nsl_kdd_v2,xgb_5class_smote,737,1,1,1,0.6460234522819519,0.8181818127632141,0.008879899978637695,16.743080139160156
nsl_kdd_v2,xgb_5class_smote,738,3,0,0,0.9999973773956299,0.5384615659713745,0.9999973773956299,81.35497283935547
nsl_kdd_v2,xgb_5class_smote,739,0,0,1,0.9999973773956299,0.5384615659713745,0.9999973773956299,81.35497283935547
nsl_kdd_v2,xgb_5class_smote,740,3,0,0,0.9999973773956299,0.4285714328289032,0.9999973773956299,75.39461517333984
nsl_kdd_v2,xgb_5class_smote,741,0,0,1,0.9999973773956299,0.6666666865348816,0.9999973773956299,87.35789489746094
nsl_kdd_v2,xgb_5class_smote,742,2,2,1,0.956519365310669,0.6666666865348816,0.956519365310669,84.80707550048828
nsl_kdd_v2,xgb_5class_smote,743,2,2,1,0.9999973773956299,0.5384615659713745,0.9999973773956299,81.35497283935547
nsl_kdd_v2,xgb_5class_smote,744,3,0,0,0.9999973773956299,0.4285714328289032,0.9999973773956299,75.39461517333984
nsl_kdd_v2,xgb_5class_smote,745,2,2,1,0.9999973773956299,0.8181818127632141,0.9999973773956299,93.52962493896484
nsl_kdd_v2,xgb_5class_smote,746,1,1,1,0.956519365310669,0.5384615659713745,0.8782559633255005,76.76380920410156
nsl_kdd_v2,xgb_5class_smote,747,0,0,1,0.9999973773956299,0.5384615659713745,0.9999973773956299,81.35497283935547
nsl_kdd_v2,xgb_5class_smote,748,2,1,0,0.9999973773956299,0.5384615659713745,0.9999926686286926,81.35485076904297
nsl_kdd_v2,xgb_5class_smote,749,2,2,1,0.9999973773956299,0.4285714328289032,0.9999973773956299,75.39461517333984
nsl_kdd_v2,xgb_5class_smote,750,0,0,1,0.9999973773956299,0.5384615659713745,0.9999973773956299,81.35497283935547
nsl_kdd_v2,xgb_5class_smote,751,2,2,1,0.9999973773956299,0.6666666865348816,0.9999973773956299,87.35789489746094
nsl_kdd_v2,xgb_5class_smote,752,0,0,1,0.9999973773956299,0.5384615659713745,0.9999973773956299,81.35497283935547
nsl_kdd_v2,xgb_5class_smote,753,2,0,0,0.9999973177909851,0.5384615659713745,0.9999973177909851,81.35497283935547
nsl_kdd_v2,xgb_5class_smote,754,3,0,0,0.9999973177909851,0.8181818127632141,0.9999973177909851,93.52961730957031
nsl_kdd_v2,xgb_5class_smote,755,1,1,1,0.9544088840484619,0.8181818127632141,0.8723466992378235,87.98820495605469
nsl_kdd_v2,xgb_5class_smote,756,0,1,0,0.9999973773956299,0.4285714328289032,0.9999926686286926,75.39449310302734
nsl_kdd_v2,xgb_5class_smote,757,1,0,0,0.5714272856712341,0.6666666865348816,0.5714272856712341,60.15571212768555
nsl_kdd_v2,xgb_5class_smote,758,0,0,1,0.9999973773956299,0.5384615659713745,0.9999973773956299,81.35497283935547
nsl_kdd_v2,xgb_5class_smote,759,1,1,1,0.9999973773956299,0.5384615659713745,0.9999926686286926,81.35485076904297
nsl_kdd_v2,xgb_5class_smote,760,3,0,0,0.9999973773956299,0.5384615659713745,0.9999973773956299,81.35497283935547
nsl_kdd_v2,xgb_5class_smote,761,0,0,1,0.9999973773956299,0.5384615659713745,0.9999973773956299,81.35497283935547
nsl_kdd_v2,xgb_5class_smote,762,0,0,1,0.9999973773956299,0.5384615659713745,0.9999973773956299,81.35497283935547
nsl_kdd_v2,xgb_5class_smote,763,3,0,0,0.9999973773956299,0.6666666865348816,0.9999973773956299,87.35789489746094
nsl_kdd_v2,xgb_5class_smote,764,0,0,1,0.9999973773956299,0.5384615659713745,0.9999973773956299,81.35497283935547
nsl_kdd_v2,xgb_5class_smote,765,3,0,0,0.8873835802078247,0.5384615659713745,0.8873835802078247,75.12638854980469
nsl_kdd_v2,xgb_5class_smote,766,2,2,1,0.956519365310669,0.3333333432674408,0.956519365310669,67.31141662597656
nsl_kdd_v2,xgb_5class_smote,767,0,0,1,0.9999973773956299,0.6666666865348816,0.9999973773956299,87.35789489746094
nsl_kdd_v2,xgb_5class_smote,768,0,0,1,0.9999973773956299,0.6666666865348816,0.9999973773956299,87.35789489746094
nsl_kdd_v2,xgb_5class_smote,769,2,2,1,0.9999973773956299,0.6666666865348816,0.9999973773956299,87.35789489746094
nsl_kdd_v2,xgb_5class_smote,770,1,1,1,0.9999973773956299,0.5384615659713745,0.9999926686286926,81.35485076904297
nsl_kdd_v2,xgb_5class_smote,771,0,2,0,0.9999973773956299,0.6666666865348816,0.9999973773956299,87.35789489746094
nsl_kdd_v2,xgb_5class_smote,772,1,1,1,0.9999973773956299,0.5384615659713745,0.9999926686286926,81.35485076904297
nsl_kdd_v2,xgb_5class_smote,773,1,1,1,0.9999973773956299,0.5384615659713745,0.9999926686286926,81.35485076904297
nsl_kdd_v2,xgb_5class_smote,774,3,0,0,0.9999973773956299,0.5384615659713745,0.9999973773956299,81.35497283935547
nsl_kdd_v2,xgb_5class_smote,775,3,0,0,0.9999973177909851,0.8181818127632141,0.9999973177909851,93.52961730957031
nsl_kdd_v2,xgb_5class_smote,776,3,0,0,0.9999972581863403,0.3333333432674408,0.9999972581863403,69.33599853515625
nsl_kdd_v2,xgb_5class_smote,777,4,4,1,1.0,0.5384615659713745,1.0,81.3551254272461
nsl_kdd_v2,xgb_5class_smote,778,1,0,0,0.9999973773956299,0.5384615659713745,0.9999973773956299,81.35497283935547
nsl_kdd_v2,xgb_5class_smote,779,0,0,1,0.9999973773956299,0.6666666865348816,0.9999973773956299,87.35789489746094
nsl_kdd_v2,xgb_5class_smote,780,0,0,1,0.9999973773956299,0.6666666865348816,0.9999973773956299,87.35789489746094
nsl_kdd_v2,xgb_5class_smote,781,0,0,1,0.9999973773956299,0.5384615659713745,0.9999973773956299,81.35497283935547
nsl_kdd_v2,xgb_5class_smote,782,0,0,1,0.9999973773956299,0.5384615659713745,0.9999973773956299,81.35497283935547
nsl_kdd_v2,xgb_5class_smote,783,1,1,1,0.9999973773956299,0.5384615659713745,0.9999926686286926,81.35485076904297
nsl_kdd_v2,xgb_5class_smote,784,1,1,1,0.956519365310669,0.6666666865348816,0.8782559633255005,82.4279556274414
nsl_kdd_v2,xgb_5class_smote,785,0,0,1,0.9999973773956299,0.5384615659713745,0.9999973773956299,81.35497283935547
nsl_kdd_v2,xgb_5class_smote,786,3,0,0,0.887383759021759,0.6666666865348816,0.887383759021759,80.66972351074219
nsl_kdd_v2,xgb_5class_smote,787,1,0,0,0.607509195804596,0.6666666865348816,0.607509195804596,62.66208267211914
nsl_kdd_v2,xgb_5class_smote,788,1,1,1,0.9999973773956299,0.4285714328289032,0.9999926686286926,75.39449310302734
nsl_kdd_v2,xgb_5class_smote,789,4,0,0,0.9999972581863403,0.4285714328289032,0.9999972581863403,75.39460754394531
nsl_kdd_v2,xgb_5class_smote,790,0,0,1,0.9999973773956299,0.5384615659713745,0.9999973773956299,81.35497283935547
nsl_kdd_v2,xgb_5class_smote,791,0,0,1,0.9999973773956299,0.5384615659713745,0.9999973773956299,81.35497283935547
nsl_kdd_v2,xgb_5class_smote,792,1,1,1,0.9999973773956299,0.5384615659713745,0.9999926686286926,81.35485076904297
nsl_kdd_v2,xgb_5class_smote,793,2,1,0,0.9999973773956299,0.5384615659713745,0.9999926686286926,81.35485076904297
nsl_kdd_v2,xgb_5class_smote,794,1,1,1,0.6451595425605774,0.6666666865348816,0.006461024284362793,14.059150695800781
nsl_kdd_v2,xgb_5class_smote,795,2,2,1,0.6226401329040527,0.5384615659713745,0.6226401329040527,59.32115936279297
nsl_kdd_v2,xgb_5class_smote,796,2,2,1,0.6226401329040527,0.5384615659713745,0.6226401329040527,59.32115936279297
nsl_kdd_v2,xgb_5class_smote,797,1,1,1,0.9999973773956299,0.5384615659713745,0.9999926686286926,81.35485076904297
nsl_kdd_v2,xgb_5class_smote,798,1,1,1,0.9999973773956299,0.5384615659713745,0.9999926686286926,81.35485076904297
nsl_kdd_v2,xgb_5class_smote,799,3,0,0,0.887383759021759,0.8181818127632141,0.887383759021759,86.36894226074219
nsl_kdd_v2,xgb_5class_smote,800,2,1,0,0.9999973773956299,0.5384615659713745,0.9999926686286926,81.35485076904297
nsl_kdd_v2,xgb_5class_smote,801,2,2,1,0.9999973773956299,0.3333333432674408,0.9999973773956299,69.33600616455078
nsl_kdd_v2,xgb_5class_smote,802,0,0,1,0.9999973773956299,0.5384615659713745,0.9999973773956299,81.35497283935547
nsl_kdd_v2,xgb_5class_smote,803,0,0,1,0.9999973773956299,0.5384615659713745,0.9999973773956299,81.35497283935547
nsl_kdd_v2,xgb_5class_smote,804,1,1,1,0.9999973773956299,0.5384615659713745,0.9999926686286926,81.35485076904297
nsl_kdd_v2,xgb_5class_smote,805,3,0,0,0.9999973773956299,0.4285714328289032,0.9999973773956299,75.39461517333984
nsl_kdd_v2,xgb_5class_smote,806,3,0,0,0.9999973773956299,0.5384615659713745,0.9999973773956299,81.35497283935547
nsl_kdd_v2,xgb_5class_smote,807,2,0,0,0.9511865377426147,0.6666666865348816,0.9511865377426147,84.49156951904297
nsl_kdd_v2,xgb_5class_smote,808,3,0,0,0.9999973773956299,0.4285714328289032,0.9999973773956299,75.39461517333984
nsl_kdd_v2,xgb_5class_smote,809,4,0,0,0.9999972581863403,0.5384615659713745,0.9999972581863403,81.35497283935547
nsl_kdd_v2,xgb_5class_smote,810,0,0,1,0.9999973773956299,0.6666666865348816,0.9999973773956299,87.35789489746094
nsl_kdd_v2,xgb_5class_smote,811,4,0,0,0.9999973773956299,0.5384615659713745,0.9999973773956299,81.35497283935547
nsl_kdd_v2,xgb_5class_smote,812,2,0,0,0.6578932404518127,0.6666666865348816,0.6578932404518127,66.08048248291016
nsl_kdd_v2,xgb_5class_smote,813,0,0,1,0.9999973773956299,0.5384615659713745,0.9999973773956299,81.35497283935547
nsl_kdd_v2,xgb_5class_smote,814,1,1,1,0.9999973773956299,0.5384615659713745,0.9999926686286926,81.35485076904297
nsl_kdd_v2,xgb_5class_smote,815,1,1,1,0.9999973773956299,0.5384615659713745,0.9999926686286926,81.35485076904297
nsl_kdd_v2,xgb_5class_smote,816,1,1,1,0.9999973773956299,0.5384615659713745,0.9999926686286926,81.35485076904297
nsl_kdd_v2,xgb_5class_smote,817,2,2,1,0.9999973773956299,0.8181818127632141,0.9999973773956299,93.52962493896484
nsl_kdd_v2,xgb_5class_smote,818,1,1,1,0.9999973773956299,0.5384615659713745,0.9999926686286926,81.35485076904297
nsl_kdd_v2,xgb_5class_smote,819,0,0,1,0.9999973773956299,0.5384615659713745,0.9999973773956299,81.35497283935547
nsl_kdd_v2,xgb_5class_smote,820,3,0,0,0.9999973773956299,0.4285714328289032,0.9999973773956299,75.39461517333984
nsl_kdd_v2,xgb_5class_smote,821,4,0,0,0.9999973773956299,0.5384615659713745,0.9999973773956299,81.35497283935547
nsl_kdd_v2,xgb_5class_smote,822,1,1,1,0.9999973773956299,0.4285714328289032,0.9999926686286926,75.39449310302734
nsl_kdd_v2,xgb_5class_smote,823,3,0,0,0.9999973773956299,0.4285714328289032,0.9999973773956299,75.39461517333984
nsl_kdd_v2,xgb_5class_smote,824,1,1,1,0.9999973773956299,0.4285714328289032,0.9999926686286926,75.39449310302734
nsl_kdd_v2,xgb_5class_smote,825,1,1,1,0.9999973773956299,0.5384615659713745,0.9999926686286926,81.35485076904297
nsl_kdd_v2,xgb_5class_smote,826,0,0,1,0.9999973773956299,0.5384615659713745,0.9999973773956299,81.35497283935547
nsl_kdd_v2,xgb_5class_smote,827,1,1,1,0.9999973773956299,0.5384615659713745,0.9999926686286926,81.35485076904297
nsl_kdd_v2,xgb_5class_smote,828,2,2,1,0.9999973773956299,0.5384615659713745,0.9999973773956299,81.35497283935547
nsl_kdd_v2,xgb_5class_smote,829,2,2,1,0.9999973773956299,0.8181818127632141,0.9999973773956299,93.52962493896484
nsl_kdd_v2,xgb_5class_smote,830,3,0,0,0.9999973773956299,0.5384615659713745,0.9999973773956299,81.35497283935547
nsl_kdd_v2,xgb_5class_smote,831,3,3,1,0.9999973773956299,0.3333333432674408,0.9999940395355225,69.33592987060547
nsl_kdd_v2,xgb_5class_smote,832,1,1,1,0.9999973773956299,0.5384615659713745,0.9999926686286926,81.35485076904297
nsl_kdd_v2,xgb_5class_smote,833,2,0,0,0.5714272856712341,0.8181818127632141,0.5714272856712341,64.40564727783203
nsl_kdd_v2,xgb_5class_smote,834,1,1,1,0.9999973773956299,0.5384615659713745,0.9999926686286926,81.35485076904297
nsl_kdd_v2,xgb_5class_smote,835,2,2,1,0.9999973773956299,0.5384615659713745,0.9999973773956299,81.35497283935547
nsl_kdd_v2,xgb_5class_smote,836,1,1,1,0.9999973773956299,0.5384615659713745,0.9999926686286926,81.35485076904297
nsl_kdd_v2,xgb_5class_smote,837,4,0,0,0.9999146461486816,0.3333333432674408,0.9999146461486816,69.33218383789062
nsl_kdd_v2,xgb_5class_smote,838,3,0,0,0.9999973773956299,0.5384615659713745,0.9999973773956299,81.35497283935547
nsl_kdd_v2,xgb_5class_smote,839,3,0,0,0.9999973773956299,0.5384615659713745,0.9999973773956299,81.35497283935547
nsl_kdd_v2,xgb_5class_smote,840,0,0,1,0.9999973773956299,0.5384615659713745,0.9999973773956299,81.35497283935547
nsl_kdd_v2,xgb_5class_smote,841,0,0,1,0.9999973773956299,0.6666666865348816,0.9999973773956299,87.35789489746094
nsl_kdd_v2,xgb_5class_smote,842,3,0,0,0.9999973773956299,0.6666666865348816,0.9999973773956299,87.35789489746094
nsl_kdd_v2,xgb_5class_smote,843,0,0,1,0.9999973773956299,0.6666666865348816,0.9999973773956299,87.35789489746094
nsl_kdd_v2,xgb_5class_smote,844,1,1,1,0.9999973773956299,0.5384615659713745,0.9999926686286926,81.35485076904297
nsl_kdd_v2,xgb_5class_smote,845,3,0,0,0.9999973773956299,0.4285714328289032,0.9999973773956299,75.39461517333984
nsl_kdd_v2,xgb_5class_smote,846,0,0,1,0.9999973773956299,0.4285714328289032,0.9999973773956299,75.39461517333984
nsl_kdd_v2,xgb_5class_smote,847,1,1,1,0.9999973773956299,0.4285714328289032,0.9999926686286926,75.39449310302734
nsl_kdd_v2,xgb_5class_smote,848,1,1,1,0.9999973773956299,0.5384615659713745,0.9999926686286926,81.35485076904297
nsl_kdd_v2,xgb_5class_smote,849,4,0,0,0.9999969005584717,0.4285714328289032,0.9999969005584717,75.39459228515625
nsl_kdd_v2,xgb_5class_smote,850,2,0,0,0.8634671568870544,0.6666666865348816,0.8634671568870544,79.21366882324219
nsl_kdd_v2,xgb_5class_smote,851,1,0,0,0.9999973773956299,0.5384615659713745,0.9999973773956299,81.35497283935547
nsl_kdd_v2,xgb_5class_smote,852,0,0,1,0.9999973773956299,0.6666666865348816,0.9999973773956299,87.35789489746094
nsl_kdd_v2,xgb_5class_smote,853,1,1,1,0.9999973773956299,0.6666666865348816,0.9999926686286926,87.35775756835938
nsl_kdd_v2,xgb_5class_smote,854,2,0,0,0.6537131667137146,0.5384615659713745,0.6537131667137146,61.278724670410156
nsl_kdd_v2,xgb_5class_smote,855,3,0,0,0.9999973773956299,0.5384615659713745,0.9999973773956299,81.35497283935547
nsl_kdd_v2,xgb_5class_smote,856,1,1,1,0.9999973773956299,0.5384615659713745,0.9999926686286926,81.35485076904297
nsl_kdd_v2,xgb_5class_smote,857,0,0,1,0.9999973773956299,0.6666666865348816,0.9999973773956299,87.35789489746094
nsl_kdd_v2,xgb_5class_smote,858,3,0,0,0.887383759021759,0.4285714328289032,0.887383759021759,69.62235260009766
nsl_kdd_v2,xgb_5class_smote,859,3,0,0,0.9999973773956299,0.4285714328289032,0.9999973773956299,75.39461517333984
nsl_kdd_v2,xgb_5class_smote,860,3,0,0,0.9999973773956299,0.5384615659713745,0.9999973773956299,81.35497283935547
nsl_kdd_v2,xgb_5class_smote,861,1,0,0,0.7291648387908936,0.6666666865348816,0.7291648387908936,70.77068328857422
nsl_kdd_v2,xgb_5class_smote,862,1,0,0,0.9370468258857727,0.5384615659713745,0.9370468258857727,77.90387725830078
nsl_kdd_v2,xgb_5class_smote,863,1,0,0,0.5714272856712341,0.6666666865348816,0.5714272856712341,60.15571212768555
nsl_kdd_v2,xgb_5class_smote,864,2,2,1,0.9999973773956299,0.4285714328289032,0.9999973773956299,75.39461517333984
nsl_kdd_v2,xgb_5class_smote,865,4,0,0,0.9999973773956299,0.4285714328289032,0.9999973773956299,75.39461517333984
nsl_kdd_v2,xgb_5class_smote,866,3,0,0,0.9999973773956299,0.5384615659713745,0.9999973773956299,81.35497283935547
nsl_kdd_v2,xgb_5class_smote,867,3,0,0,0.9999973773956299,0.6666666865348816,0.9999973773956299,87.35789489746094
nsl_kdd_v2,xgb_5class_smote,868,3,0,0,0.9511865377426147,0.5384615659713745,0.9511865377426147,78.68561553955078
nsl_kdd_v2,xgb_5class_smote,869,4,0,0,0.9999973773956299,0.4285714328289032,0.9999973773956299,75.39461517333984
nsl_kdd_v2,xgb_5class_smote,870,2,2,1,0.9999973773956299,0.6666666865348816,0.9999973773956299,87.35789489746094
nsl_kdd_v2,xgb_5class_smote,871,3,0,0,0.9999973773956299,0.5384615659713745,0.9999973773956299,81.35497283935547
nsl_kdd_v2,xgb_5class_smote,872,2,2,1,0.9999973773956299,0.8181818127632141,0.9999973773956299,93.52962493896484
nsl_kdd_v2,xgb_5class_smote,873,2,2,1,0.9999973773956299,0.8181818127632141,0.9999973773956299,93.52962493896484
nsl_kdd_v2,xgb_5class_smote,874,1,1,1,0.9999973773956299,0.6666666865348816,0.9999926686286926,87.35775756835938
nsl_kdd_v2,xgb_5class_smote,875,1,1,1,0.9999973773956299,0.5384615659713745,0.9999926686286926,81.35485076904297
nsl_kdd_v2,xgb_5class_smote,876,0,0,1,0.9999973773956299,0.5384615659713745,0.9999973773956299,81.35497283935547
nsl_kdd_v2,xgb_5class_smote,877,0,0,1,0.9999973773956299,0.5384615659713745,0.9999973773956299,81.35497283935547
nsl_kdd_v2,xgb_5class_smote,878,3,0,0,0.9999973773956299,0.5384615659713745,0.9999973773956299,81.35497283935547
nsl_kdd_v2,xgb_5class_smote,879,2,0,0,0.6578932404518127,0.5384615659713745,0.6578932404518127,61.5396728515625
nsl_kdd_v2,xgb_5class_smote,880,1,1,1,0.9999973773956299,0.4285714328289032,0.9999926686286926,75.39449310302734
nsl_kdd_v2,xgb_5class_smote,881,4,0,0,0.7291642427444458,0.8181818127632141,0.7291642427444458,75.77050018310547
nsl_kdd_v2,xgb_5class_smote,882,0,0,1,0.9999973773956299,0.5384615659713745,0.9999973773956299,81.35497283935547
nsl_kdd_v2,xgb_5class_smote,883,2,2,1,0.9999973773956299,0.5384615659713745,0.9999973773956299,81.35497283935547
nsl_kdd_v2,xgb_5class_smote,884,3,0,0,0.9999973773956299,0.5384615659713745,0.9999973773956299,81.35497283935547
nsl_kdd_v2,xgb_5class_smote,885,0,0,1,0.9999973773956299,0.6666666865348816,0.9999973773956299,87.35789489746094
nsl_kdd_v2,xgb_5class_smote,886,1,0,0,0.9999973177909851,0.6666666865348816,0.9999973177909851,87.3578872680664
nsl_kdd_v2,xgb_5class_smote,887,3,0,0,0.9999973773956299,0.5384615659713745,0.9999973773956299,81.35497283935547
nsl_kdd_v2,xgb_5class_smote,888,2,2,1,0.9999973773956299,0.6666666865348816,0.9999973773956299,87.35789489746094
nsl_kdd_v2,xgb_5class_smote,889,0,0,1,0.9999973773956299,0.4285714328289032,0.9999973773956299,75.39461517333984
nsl_kdd_v2,xgb_5class_smote,890,2,2,1,0.9999973773956299,0.6666666865348816,0.9999973773956299,87.35789489746094
nsl_kdd_v2,xgb_5class_smote,891,0,0,1,0.9999973773956299,0.5384615659713745,0.9999973773956299,81.35497283935547
nsl_kdd_v2,xgb_5class_smote,892,1,1,1,0.9999973773956299,0.5384615659713745,0.9999926686286926,81.35485076904297
nsl_kdd_v2,xgb_5class_smote,893,3,0,0,0.9999973177909851,0.6666666865348816,0.9999973177909851,87.3578872680664
nsl_kdd_v2,xgb_5class_smote,894,4,0,0,0.9996107816696167,0.5384615659713745,0.9996107816696167,81.33401489257812
nsl_kdd_v2,xgb_5class_smote,895,0,0,1,0.9999973773956299,0.5384615659713745,0.9999973773956299,81.35497283935547
nsl_kdd_v2,xgb_5class_smote,896,0,0,1,0.9999973773956299,0.4285714328289032,0.9999973773956299,75.39461517333984
nsl_kdd_v2,xgb_5class_smote,897,1,1,1,0.9999973773956299,0.4285714328289032,0.9999926686286926,75.39449310302734
nsl_kdd_v2,xgb_5class_smote,898,3,0,0,0.9999973773956299,0.5384615659713745,0.9999973773956299,81.35497283935547
nsl_kdd_v2,xgb_5class_smote,899,0,0,1,0.9999973773956299,0.5384615659713745,0.9999973773956299,81.35497283935547
nsl_kdd_v2,xgb_5class_smote,900,1,1,1,0.956519365310669,0.5384615659713745,0.8782559633255005,76.76380920410156
nsl_kdd_v2,xgb_5class_smote,901,1,0,0,0.9999973773956299,0.6666666865348816,0.9999973773956299,87.35789489746094
nsl_kdd_v2,xgb_5class_smote,902,2,2,1,0.9999973773956299,0.8181818127632141,0.9999973773956299,93.52962493896484
nsl_kdd_v2,xgb_5class_smote,903,0,0,1,0.9999973773956299,0.4285714328289032,0.9999973773956299,75.39461517333984
nsl_kdd_v2,xgb_5class_smote,904,1,1,1,0.9999973773956299,0.5384615659713745,0.9999926686286926,81.35485076904297
nsl_kdd_v2,xgb_5class_smote,905,2,0,0,0.9999973773956299,0.4285714328289032,0.9999973773956299,75.39461517333984
nsl_kdd_v2,xgb_5class_smote,906,1,1,1,0.9999973773956299,0.6666666865348816,0.9999926686286926,87.35775756835938
nsl_kdd_v2,xgb_5class_smote,907,1,1,1,0.9999973773956299,0.6666666865348816,0.9999926686286926,87.35775756835938
nsl_kdd_v2,xgb_5class_smote,908,2,0,0,0.9511865377426147,0.5384615659713745,0.9511865377426147,78.68561553955078
nsl_kdd_v2,xgb_5class_smote,909,2,2,1,0.9999973773956299,0.5384615659713745,0.9999973773956299,81.35497283935547
nsl_kdd_v2,xgb_5class_smote,910,2,2,1,0.9999973773956299,0.5384615659713745,0.9999973773956299,81.35497283935547
nsl_kdd_v2,xgb_5class_smote,911,4,3,0,0.5689639449119568,0.4285714328289032,0.01966482400894165,16.8629150390625
nsl_kdd_v2,xgb_5class_smote,912,1,1,1,0.9539383053779602,0.6666666865348816,0.8710291385650635,82.12724304199219
nsl_kdd_v2,xgb_5class_smote,913,1,1,1,0.9999973773956299,0.5384615659713745,0.9999926686286926,81.35485076904297
nsl_kdd_v2,xgb_5class_smote,914,0,0,1,0.9999973773956299,0.6666666865348816,0.9999973773956299,87.35789489746094
nsl_kdd_v2,xgb_5class_smote,915,2,2,1,0.9999973773956299,0.8181818127632141,0.9999973773956299,93.52962493896484
nsl_kdd_v2,xgb_5class_smote,916,4,0,0,0.9417008757591248,0.5384615659713745,0.9417008757591248,78.16161346435547
nsl_kdd_v2,xgb_5class_smote,917,0,0,1,0.9999973773956299,0.6666666865348816,0.9999973773956299,87.35789489746094
nsl_kdd_v2,xgb_5class_smote,918,0,0,1,0.9999973773956299,0.4285714328289032,0.9999973773956299,75.39461517333984
nsl_kdd_v2,xgb_5class_smote,919,1,1,1,0.9999973773956299,0.4285714328289032,0.9999926686286926,75.39449310302734
nsl_kdd_v2,xgb_5class_smote,920,3,0,0,0.9999973773956299,0.6666666865348816,0.9999973773956299,87.35789489746094
nsl_kdd_v2,xgb_5class_smote,921,1,1,1,0.9523786306381226,0.5384615659713745,0.8666620850563049,76.3140869140625
nsl_kdd_v2,xgb_5class_smote,922,1,1,1,0.956519365310669,0.6666666865348816,0.8782559633255005,82.4279556274414
nsl_kdd_v2,xgb_5class_smote,923,3,0,0,0.9999973177909851,0.25,0.9999973177909851,62.995941162109375
nsl_kdd_v2,xgb_5class_smote,924,3,3,1,0.9662548899650574,0.5384615659713745,0.9232511520385742,78.31689453125
nsl_kdd_v2,xgb_5class_smote,925,1,2,0,0.6226401329040527,0.8181818127632141,0.6226401329040527,68.19847869873047
nsl_kdd_v2,xgb_5class_smote,926,3,0,0,0.9999973773956299,0.6666666865348816,0.9999973773956299,87.35789489746094
nsl_kdd_v2,xgb_5class_smote,927,3,3,1,0.9999973773956299,0.5384615659713745,0.9999940395355225,81.35488891601562
nsl_kdd_v2,xgb_5class_smote,928,1,1,1,0.9999973773956299,0.5384615659713745,0.9999926686286926,81.35485076904297
nsl_kdd_v2,xgb_5class_smote,929,3,0,0,0.9999973773956299,0.5384615659713745,0.9999973773956299,81.35497283935547
nsl_kdd_v2,xgb_5class_smote,930,1,1,1,0.9999973773956299,0.5384615659713745,0.9999926686286926,81.35485076904297
nsl_kdd_v2,xgb_5class_smote,931,0,0,1,0.8109315037727356,0.5384615659713745,0.8109315037727356,70.7469482421875
nsl_kdd_v2,xgb_5class_smote,932,2,2,1,0.9999973773956299,0.4285714328289032,0.9999973773956299,75.39461517333984
nsl_kdd_v2,xgb_5class_smote,933,1,2,0,0.6226401329040527,0.6666666865348816,0.6226401329040527,63.698272705078125
nsl_kdd_v2,xgb_5class_smote,934,0,0,1,0.9999973773956299,0.5384615659713745,0.9999973773956299,81.35497283935547
nsl_kdd_v2,xgb_5class_smote,935,2,2,1,0.9999973773956299,0.4285714328289032,0.9999973773956299,75.39461517333984
nsl_kdd_v2,xgb_5class_smote,936,4,0,0,0.6758137345314026,0.5384615659713745,0.6758137345314026,62.65218734741211
nsl_kdd_v2,xgb_5class_smote,937,4,0,0,0.9930816888809204,0.3333333432674408,0.9930816888809204,69.01596069335938
nsl_kdd_v2,xgb_5class_smote,938,3,0,0,0.9999973773956299,0.5384615659713745,0.9999973773956299,81.35497283935547
nsl_kdd_v2,xgb_5class_smote,939,0,0,1,0.9999973773956299,0.6666666865348816,0.9999973773956299,87.35789489746094
nsl_kdd_v2,xgb_5class_smote,940,1,1,1,0.9999973773956299,0.5384615659713745,0.9999926686286926,81.35485076904297
nsl_kdd_v2,xgb_5class_smote,941,2,0,0,0.6435569524765015,0.5384615659713745,0.6435569524765015,60.64237976074219
nsl_kdd_v2,xgb_5class_smote,942,3,0,0,0.9999973773956299,0.5384615659713745,0.9999973773956299,81.35497283935547
nsl_kdd_v2,xgb_5class_smote,943,0,0,1,0.9999973773956299,0.5384615659713745,0.9999973773956299,81.35497283935547
nsl_kdd_v2,xgb_5class_smote,944,1,1,1,0.9999973773956299,0.5384615659713745,0.9999926686286926,81.35485076904297
nsl_kdd_v2,xgb_5class_smote,945,3,0,0,0.9333299398422241,0.6666666865348816,0.9333299398422241,83.43079376220703
nsl_kdd_v2,xgb_5class_smote,946,3,0,0,0.9999973773956299,0.5384615659713745,0.9999973773956299,81.35497283935547
nsl_kdd_v2,xgb_5class_smote,947,1,1,1,0.9999973773956299,0.5384615659713745,0.9999926686286926,81.35485076904297
nsl_kdd_v2,xgb_5class_smote,948,0,0,1,0.9999973773956299,0.5384615659713745,0.9999973773956299,81.35497283935547
nsl_kdd_v2,xgb_5class_smote,949,0,0,1,0.9999973773956299,0.6666666865348816,0.9999973773956299,87.35789489746094
nsl_kdd_v2,xgb_5class_smote,950,3,0,0,0.9999973177909851,0.4285714328289032,0.9999973177909851,75.39460754394531
nsl_kdd_v2,xgb_5class_smote,951,1,1,1,0.9999973773956299,0.3333333432674408,0.9999926686286926,69.33589935302734
nsl_kdd_v2,xgb_5class_smote,952,2,2,1,0.9999973773956299,0.5384615659713745,0.9999973773956299,81.35497283935547
nsl_kdd_v2,xgb_5class_smote,953,0,0,1,0.9999973773956299,0.5384615659713745,0.9999973773956299,81.35497283935547
nsl_kdd_v2,xgb_5class_smote,954,1,2,0,0.9999973773956299,0.6666666865348816,0.9999973773956299,87.35789489746094
nsl_kdd_v2,xgb_5class_smote,955,3,0,0,0.9389586448669434,0.3333333432674408,0.9389586448669434,66.48503875732422
nsl_kdd_v2,xgb_5class_smote,956,1,1,1,0.9999973773956299,0.4285714328289032,0.9999926686286926,75.39449310302734
nsl_kdd_v2,xgb_5class_smote,957,1,0,0,0.5637747049331665,0.6666666865348816,0.5637747049331665,59.617435455322266
nsl_kdd_v2,xgb_5class_smote,958,3,0,0,0.9999973773956299,0.5384615659713745,0.9999973773956299,81.35497283935547
nsl_kdd_v2,xgb_5class_smote,959,1,1,1,0.9999973773956299,0.5384615659713745,0.9999926686286926,81.35485076904297
nsl_kdd_v2,xgb_5class_smote,960,0,2,0,0.9999973773956299,0.5384615659713745,0.9999973773956299,81.35497283935547
nsl_kdd_v2,xgb_5class_smote,961,2,2,1,0.9999973773956299,0.6666666865348816,0.9999973773956299,87.35789489746094
nsl_kdd_v2,xgb_5class_smote,962,1,1,1,0.9999973773956299,0.5384615659713745,0.9999926686286926,81.35485076904297
nsl_kdd_v2,xgb_5class_smote,963,1,1,1,0.9999973773956299,0.6666666865348816,0.9999926686286926,87.35775756835938
nsl_kdd_v2,xgb_5class_smote,964,0,0,1,0.9999973773956299,0.5384615659713745,0.9999973773956299,81.35497283935547
nsl_kdd_v2,xgb_5class_smote,965,1,1,1,0.9999973773956299,0.5384615659713745,0.9999926686286926,81.35485076904297
nsl_kdd_v2,xgb_5class_smote,966,3,0,0,0.9999973773956299,0.4285714328289032,0.9999973773956299,75.39461517333984
nsl_kdd_v2,xgb_5class_smote,967,1,1,1,0.9999973773956299,0.5384615659713745,0.9999926686286926,81.35485076904297
nsl_kdd_v2,xgb_5class_smote,968,3,3,1,0.9462334513664246,0.5384615659713745,0.877714991569519,76.4719467163086
nsl_kdd_v2,xgb_5class_smote,969,4,3,0,0.9999972581863403,0.25,0.9999937415122986,62.99586486816406
nsl_kdd_v2,xgb_5class_smote,970,3,0,0,0.953402578830719,0.5384615659713745,0.953402578830719,78.80778503417969
nsl_kdd_v2,xgb_5class_smote,971,3,3,1,0.9999973773956299,0.5384615659713745,0.9999940395355225,81.35488891601562
nsl_kdd_v2,xgb_5class_smote,972,3,0,0,0.9999973773956299,0.3333333432674408,0.9999973773956299,69.33600616455078
nsl_kdd_v2,xgb_5class_smote,973,0,0,1,0.9999973773956299,0.5384615659713745,0.9999973773956299,81.35497283935547
nsl_kdd_v2,xgb_5class_smote,974,0,0,1,0.9999973773956299,0.6666666865348816,0.9999973773956299,87.35789489746094
nsl_kdd_v2,xgb_5class_smote,975,2,2,1,0.9999973773956299,0.8181818127632141,0.9999973773956299,93.52962493896484
nsl_kdd_v2,xgb_5class_smote,976,2,2,1,0.9999973773956299,0.4285714328289032,0.9999973773956299,75.39461517333984
nsl_kdd_v2,xgb_5class_smote,977,4,4,1,0.9560470581054688,0.4285714328289032,0.9560470581054688,73.16902160644531
nsl_kdd_v2,xgb_5class_smote,978,2,2,1,0.9999973773956299,0.6666666865348816,0.9999973773956299,87.35789489746094
nsl_kdd_v2,xgb_5class_smote,979,3,0,0,0.9999973773956299,0.5384615659713745,0.9999973773956299,81.35497283935547
nsl_kdd_v2,xgb_5class_smote,980,0,0,1,0.9999973773956299,0.6666666865348816,0.9999973773956299,87.35789489746094
nsl_kdd_v2,xgb_5class_smote,981,0,0,1,0.9999973773956299,0.4285714328289032,0.9999973773956299,75.39461517333984
nsl_kdd_v2,xgb_5class_smote,982,2,0,0,0.7488100528717041,0.6666666865348816,0.7488100528717041,72.03618621826172
nsl_kdd_v2,xgb_5class_smote,983,2,2,1,0.9999973773956299,0.6666666865348816,0.9999973773956299,87.35789489746094
nsl_kdd_v2,xgb_5class_smote,984,0,0,1,0.9999973773956299,0.5384615659713745,0.9999973773956299,81.35497283935547
nsl_kdd_v2,xgb_5class_smote,985,1,1,1,0.9999973773956299,0.5384615659713745,0.9999926686286926,81.35485076904297
nsl_kdd_v2,xgb_5class_smote,986,2,2,1,0.9999973773956299,0.6666666865348816,0.9999973773956299,87.35789489746094
nsl_kdd_v2,xgb_5class_smote,987,3,0,0,0.9999973773956299,0.4285714328289032,0.9999973773956299,75.39461517333984
nsl_kdd_v2,xgb_5class_smote,988,3,0,0,0.9999973773956299,0.5384615659713745,0.9999973773956299,81.35497283935547
nsl_kdd_v2,xgb_5class_smote,989,1,1,1,0.9999973773956299,0.6666666865348816,0.9999926686286926,87.35775756835938
nsl_kdd_v2,xgb_5class_smote,990,3,0,0,0.953402578830719,0.6666666865348816,0.953402578830719,84.62274932861328
nsl_kdd_v2,xgb_5class_smote,991,2,0,0,0.7291648387908936,0.6666666865348816,0.7291648387908936,70.77068328857422
nsl_kdd_v2,xgb_5class_smote,992,3,0,0,0.9417009353637695,0.8181818127632141,0.9417009353637695,89.85838317871094
nsl_kdd_v2,xgb_5class_smote,993,0,0,1,0.9999973773956299,0.6666666865348816,0.9999973773956299,87.35789489746094
nsl_kdd_v2,xgb_5class_smote,994,0,0,1,0.9999973773956299,0.5384615659713745,0.9999973773956299,81.35497283935547
nsl_kdd_v2,xgb_5class_smote,995,1,1,1,0.9999973773956299,0.6666666865348816,0.9999926686286926,87.35775756835938
nsl_kdd_v2,xgb_5class_smote,996,1,1,1,0.9999973773956299,0.5384615659713745,0.9999926686286926,81.35485076904297
nsl_kdd_v2,xgb_5class_smote,997,2,2,1,0.9999973773956299,0.4285714328289032,0.9999973773956299,75.39461517333984
nsl_kdd_v2,xgb_5class_smote,998,4,0,0,0.9999973773956299,0.5384615659713745,0.9999973773956299,81.35497283935547
nsl_kdd_v2,xgb_5class_smote,999,0,0,1,0.9999973773956299,0.5384615659713745,0.9999973773956299,81.35497283935547
nsl_kdd_v2,dnn_5class_smote,0,0,0,1,0.9999246001243591,0.5384615659713745,0.9999246001243591,81.35103607177734
nsl_kdd_v2,dnn_5class_smote,1,4,0,0,0.6777774691581726,0.4285714328289032,0.6777774691581726,58.17447280883789
nsl_kdd_v2,dnn_5class_smote,2,3,0,0,0.9999246001243591,0.4285714328289032,0.9999246001243591,75.39095306396484
nsl_kdd_v2,dnn_5class_smote,3,3,0,0,0.9999246001243591,0.3333333432674408,0.9999246001243591,69.3326416015625
nsl_kdd_v2,dnn_5class_smote,4,0,0,1,0.9999246001243591,0.5384615659713745,0.9999246001243591,81.35103607177734
nsl_kdd_v2,dnn_5class_smote,5,2,0,0,0.9880971312522888,0.4285714328289032,0.9880971312522888,74.79527282714844
nsl_kdd_v2,dnn_5class_smote,6,4,0,0,0.9821249842643738,0.5384615659713745,0.9821249842643738,80.38272857666016
nsl_kdd_v2,dnn_5class_smote,7,3,0,0,0.9999246001243591,0.5384615659713745,0.9999246001243591,81.35103607177734
nsl_kdd_v2,dnn_5class_smote,8,1,1,1,0.9999246597290039,0.4285714328289032,0.9998350143432617,75.38870239257812
nsl_kdd_v2,dnn_5class_smote,9,0,0,1,0.9999246001243591,0.5384615659713745,0.9999246001243591,81.35103607177734
nsl_kdd_v2,dnn_5class_smote,10,2,2,1,0.9898000359535217,0.3333333432674408,0.9898000359535217,68.86383819580078
nsl_kdd_v2,dnn_5class_smote,11,2,2,1,0.9999688863754272,0.5384615659713745,0.9999688863754272,81.35343170166016
nsl_kdd_v2,dnn_5class_smote,12,0,0,1,0.9999246001243591,0.3333333432674408,0.9999246001243591,69.3326416015625
nsl_kdd_v2,dnn_5class_smote,13,1,0,0,0.9999244809150696,0.3333333432674408,0.9999244809150696,69.33263397216797
nsl_kdd_v2,dnn_5class_smote,14,3,0,0,0.9999246001243591,0.4285714328289032,0.9999246001243591,75.39095306396484
nsl_kdd_v2,dnn_5class_smote,15,0,2,0,0.9999688863754272,0.4285714328289032,0.9999688863754272,75.39318084716797
nsl_kdd_v2,dnn_5class_smote,16,0,0,1,0.9999246001243591,0.6666666865348816,0.9999246001243591,87.3536605834961
nsl_kdd_v2,dnn_5class_smote,17,3,0,0,0.9999246001243591,0.4285714328289032,0.9999246001243591,75.39095306396484
nsl_kdd_v2,dnn_5class_smote,18,0,0,1,0.9999246001243591,0.6666666865348816,0.9999246001243591,87.3536605834961
nsl_kdd_v2,dnn_5class_smote,19,0,0,1,0.9999246001243591,0.5384615659713745,0.9999246001243591,81.35103607177734
nsl_kdd_v2,dnn_5class_smote,20,0,0,1,0.9999246001243591,0.25,0.9999246001243591,62.992881774902344
nsl_kdd_v2,dnn_5class_smote,21,3,4,0,0.8486903309822083,0.6666666865348816,0.8486903309822083,78.30732727050781
nsl_kdd_v2,dnn_5class_smote,22,0,0,1,0.9999246001243591,0.4285714328289032,0.9999246001243591,75.39095306396484
nsl_kdd_v2,dnn_5class_smote,23,1,1,1,0.9896886944770813,0.6666666865348816,0.9774223566055298,86.39657592773438
nsl_kdd_v2,dnn_5class_smote,24,0,0,1,0.6993667483329773,0.8181818127632141,0.6993667483329773,73.69192504882812
nsl_kdd_v2,dnn_5class_smote,25,2,2,1,0.9999688863754272,0.5384615659713745,0.9999688863754272,81.35343170166016
nsl_kdd_v2,dnn_5class_smote,26,0,0,1,0.6079851388931274,0.8181818127632141,0.6079851388931274,67.12411499023438
nsl_kdd_v2,dnn_5class_smote,27,4,4,1,0.8498408198356628,0.5384615659713745,0.8498408198356628,72.99223327636719
nsl_kdd_v2,dnn_5class_smote,28,3,0,0,0.9999246001243591,0.3333333432674408,0.9999246001243591,69.3326416015625
nsl_kdd_v2,dnn_5class_smote,29,1,1,1,0.9999246597290039,0.5384615659713745,0.9998350143432617,81.34860229492188
nsl_kdd_v2,dnn_5class_smote,30,1,1,1,0.9897567629814148,0.3333333432674408,0.977571427822113,68.57806396484375
nsl_kdd_v2,dnn_5class_smote,31,4,0,0,0.9098498225212097,0.6666666865348816,0.9098498225212097,82.02559661865234
nsl_kdd_v2,dnn_5class_smote,32,2,0,0,0.5405259132385254,0.6666666865348816,0.5405259132385254,57.96697235107422
nsl_kdd_v2,dnn_5class_smote,33,2,2,1,0.9999688863754272,0.6666666865348816,0.9999688863754272,87.35623168945312
nsl_kdd_v2,dnn_5class_smote,34,1,1,1,0.9999246597290039,0.6666666865348816,0.9998350143432617,87.3510513305664
nsl_kdd_v2,dnn_5class_smote,35,3,0,0,0.9999246001243591,0.4285714328289032,0.9999246001243591,75.39095306396484
nsl_kdd_v2,dnn_5class_smote,36,1,1,1,0.9999246597290039,0.4285714328289032,0.9998350143432617,75.38870239257812
nsl_kdd_v2,dnn_5class_smote,37,1,1,1,0.9999246597290039,0.3333333432674408,0.9998350143432617,69.33057403564453
nsl_kdd_v2,dnn_5class_smote,38,1,1,1,0.8940445780754089,0.6666666865348816,0.7680000066757202,77.06840515136719
nsl_kdd_v2,dnn_5class_smote,39,2,2,1,0.9999688863754272,0.6666666865348816,0.9999688863754272,87.35623168945312
nsl_kdd_v2,dnn_5class_smote,40,0,0,1,0.9999245405197144,0.6666666865348816,0.9999245405197144,87.35365295410156
nsl_kdd_v2,dnn_5class_smote,41,3,0,0,0.9999246001243591,0.1764705926179886,0.9999246001243591,56.087867736816406
nsl_kdd_v2,dnn_5class_smote,42,1,1,1,0.9999246597290039,0.5384615659713745,0.9998350143432617,81.34860229492188
nsl_kdd_v2,dnn_5class_smote,43,2,0,0,0.9999246001243591,0.5384615659713745,0.9999246001243591,81.35103607177734
nsl_kdd_v2,dnn_5class_smote,44,2,0,0,0.7103579640388489,0.6666666865348816,0.7103579640388489,69.54850006103516
nsl_kdd_v2,dnn_5class_smote,45,3,0,0,0.9999246001243591,0.25,0.9999246001243591,62.992881774902344
nsl_kdd_v2,dnn_5class_smote,46,1,1,1,0.9999246597290039,0.4285714328289032,0.9998350143432617,75.38870239257812
nsl_kdd_v2,dnn_5class_smote,47,1,1,1,0.9999246597290039,0.5384615659713745,0.9998350143432617,81.34860229492188
nsl_kdd_v2,dnn_5class_smote,48,0,0,1,0.9999246001243591,0.4285714328289032,0.9999246001243591,75.39095306396484
nsl_kdd_v2,dnn_5class_smote,49,3,3,1,0.670061469078064,0.5384615659713745,0.670061469078064,62.296165466308594
nsl_kdd_v2,dnn_5class_smote,50,2,2,1,0.9999688863754272,0.5384615659713745,0.9999688863754272,81.35343170166016
nsl_kdd_v2,dnn_5class_smote,51,2,3,0,0.8734470009803772,0.5384615659713745,0.8734470009803772,74.33773040771484
nsl_kdd_v2,dnn_5class_smote,52,3,0,0,0.9999246001243591,0.3333333432674408,0.9999246001243591,69.3326416015625
nsl_kdd_v2,dnn_5class_smote,53,1,1,1,0.9999246597290039,0.6666666865348816,0.9998350143432617,87.3510513305664
nsl_kdd_v2,dnn_5class_smote,54,2,2,1,0.9999688863754272,0.5384615659713745,0.9999688863754272,81.35343170166016
nsl_kdd_v2,dnn_5class_smote,55,3,0,0,0.9999246001243591,0.3333333432674408,0.9999246001243591,69.3326416015625
nsl_kdd_v2,dnn_5class_smote,56,1,1,1,0.9999246597290039,0.5384615659713745,0.9998350143432617,81.34860229492188
nsl_kdd_v2,dnn_5class_smote,57,0,0,1,0.9999246001243591,0.5384615659713745,0.9999246001243591,81.35103607177734
nsl_kdd_v2,dnn_5class_smote,58,2,0,0,0.526300311088562,0.3333333432674408,0.526300311088562,45.197593688964844
nsl_kdd_v2,dnn_5class_smote,59,3,0,0,0.9539012312889099,0.3333333432674408,0.9539012312889099,67.18853759765625
nsl_kdd_v2,dnn_5class_smote,60,0,0,1,0.9999246001243591,0.3333333432674408,0.9999246001243591,69.3326416015625
nsl_kdd_v2,dnn_5class_smote,61,3,3,1,0.9448868632316589,0.4285714328289032,0.9448868632316589,72.59849548339844
nsl_kdd_v2,dnn_5class_smote,62,0,0,1,0.9999246001243591,0.5384615659713745,0.9999246001243591,81.35103607177734
nsl_kdd_v2,dnn_5class_smote,63,0,0,1,0.9999246001243591,0.3333333432674408,0.9999246001243591,69.3326416015625
nsl_kdd_v2,dnn_5class_smote,64,2,1,0,0.9896886944770813,0.6666666865348816,0.9774223566055298,86.39657592773438
nsl_kdd_v2,dnn_5class_smote,65,0,0,1,0.9999246001243591,0.5384615659713745,0.9999246001243591,81.35103607177734
nsl_kdd_v2,dnn_5class_smote,66,0,0,1,0.9999246001243591,0.5384615659713745,0.9999246001243591,81.35103607177734
nsl_kdd_v2,dnn_5class_smote,67,1,1,1,0.5591438412666321,0.6666666865348816,0.03470128774642944,23.47429847717285
nsl_kdd_v2,dnn_5class_smote,68,0,0,1,0.9999246001243591,0.4285714328289032,0.9999246001243591,75.39095306396484
nsl_kdd_v2,dnn_5class_smote,69,0,0,1,0.9999246001243591,0.5384615659713745,0.9999246001243591,81.35103607177734
nsl_kdd_v2,dnn_5class_smote,70,0,0,1,0.9999246001243591,0.6666666865348816,0.9999246001243591,87.3536605834961
nsl_kdd_v2,dnn_5class_smote,71,2,2,1,0.9999688863754272,0.6666666865348816,0.9999688863754272,87.35623168945312
nsl_kdd_v2,dnn_5class_smote,72,0,0,1,0.9999246001243591,0.6666666865348816,0.9999246001243591,87.3536605834961
nsl_kdd_v2,dnn_5class_smote,73,1,1,1,0.9999246597290039,0.4285714328289032,0.9998350143432617,75.38870239257812
nsl_kdd_v2,dnn_5class_smote,74,3,0,0,0.9821540713310242,0.5384615659713745,0.9821540713310242,80.38431549072266
nsl_kdd_v2,dnn_5class_smote,75,4,4,1,0.9699639081954956,0.3333333432674408,0.9699639081954956,67.9406967163086
nsl_kdd_v2,dnn_5class_smote,76,3,0,0,0.9999246001243591,0.5384615659713745,0.9999246001243591,81.35103607177734
nsl_kdd_v2,dnn_5class_smote,77,2,0,0,0.9948071241378784,0.5384615659713745,0.9948071241378784,81.07322692871094
nsl_kdd_v2,dnn_5class_smote,78,0,0,1,0.9999246001243591,0.4285714328289032,0.9999246001243591,75.39095306396484
nsl_kdd_v2,dnn_5class_smote,79,0,0,1,0.9999246001243591,0.6666666865348816,0.9999246001243591,87.3536605834961
nsl_kdd_v2,dnn_5class_smote,80,1,1,1,0.9999246597290039,0.5384615659713745,0.9998350143432617,81.34860229492188
nsl_kdd_v2,dnn_5class_smote,81,2,2,1,0.9999688863754272,0.4285714328289032,0.9999688863754272,75.39318084716797
nsl_kdd_v2,dnn_5class_smote,82,1,1,1,0.9999246597290039,0.6666666865348816,0.9998350143432617,87.3510513305664
nsl_kdd_v2,dnn_5class_smote,83,4,4,1,0.9698643088340759,0.4285714328289032,0.9698643088340759,73.872314453125
nsl_kdd_v2,dnn_5class_smote,84,0,2,0,0.9397507309913635,0.6666666865348816,0.9397507309913635,83.81299591064453
nsl_kdd_v2,dnn_5class_smote,85,1,1,1,0.9999246597290039,0.4285714328289032,0.9998350143432617,75.38870239257812
nsl_kdd_v2,dnn_5class_smote,86,0,0,1,0.9999246001243591,0.5384615659713745,0.9999246001243591,81.35103607177734
nsl_kdd_v2,dnn_5class_smote,87,1,0,0,0.8282216787338257,0.6666666865348816,0.8282216787338257,77.04313659667969
nsl_kdd_v2,dnn_5class_smote,88,0,0,1,0.9999246001243591,0.6666666865348816,0.9999246001243591,87.3536605834961
nsl_kdd_v2,dnn_5class_smote,89,1,1,1,0.9999246597290039,0.4285714328289032,0.9998350143432617,75.38870239257812
nsl_kdd_v2,dnn_5class_smote,90,0,2,0,0.9999688863754272,0.3333333432674408,0.9999688863754272,69.3346939086914
nsl_kdd_v2,dnn_5class_smote,91,1,1,1,0.9999246597290039,0.3333333432674408,0.9998350143432617,69.33057403564453
nsl_kdd_v2,dnn_5class_smote,92,0,0,1,0.9999246001243591,0.6666666865348816,0.9999246001243591,87.3536605834961
nsl_kdd_v2,dnn_5class_smote,93,1,1,1,0.9999246597290039,0.5384615659713745,0.9998350143432617,81.34860229492188
nsl_kdd_v2,dnn_5class_smote,94,4,4,1,0.9699391722679138,0.5384615659713745,0.9699391722679138,79.71643829345703
nsl_kdd_v2,dnn_5class_smote,95,4,0,0,0.9999242424964905,0.4285714328289032,0.9999242424964905,75.39093780517578
nsl_kdd_v2,dnn_5class_smote,96,1,1,1,0.9999246597290039,0.5384615659713745,0.9998350143432617,81.34860229492188
nsl_kdd_v2,dnn_5class_smote,97,0,0,1,0.9999246001243591,0.5384615659713745,0.9999246001243591,81.35103607177734
nsl_kdd_v2,dnn_5class_smote,98,0,0,1,0.9999246001243591,0.6666666865348816,0.9999246001243591,87.3536605834961
nsl_kdd_v2,dnn_5class_smote,99,1,1,1,0.9999246597290039,0.5384615659713745,0.9998350143432617,81.34860229492188
nsl_kdd_v2,dnn_5class_smote,100,3,0,0,0.8792945146560669,0.6666666865348816,0.8792945146560669,80.17872619628906
nsl_kdd_v2,dnn_5class_smote,101,2,1,0,0.9445374608039856,0.4285714328289032,0.8785592317581177,70.84967041015625
nsl_kdd_v2,dnn_5class_smote,102,2,0,0,0.9948071241378784,0.8181818127632141,0.9948071241378784,93.2057113647461
nsl_kdd_v2,dnn_5class_smote,103,3,0,0,0.9999246001243591,0.6666666865348816,0.9999246001243591,87.3536605834961
nsl_kdd_v2,dnn_5class_smote,104,0,0,1,0.9999246001243591,0.4285714328289032,0.9999246001243591,75.39095306396484
nsl_kdd_v2,dnn_5class_smote,105,3,0,0,0.9999244809150696,0.4285714328289032,0.9999244809150696,75.39094543457031
nsl_kdd_v2,dnn_5class_smote,106,1,1,1,0.9999246597290039,0.6666666865348816,0.9998350143432617,87.3510513305664
nsl_kdd_v2,dnn_5class_smote,107,2,0,0,0.6992900967597961,0.5384615659713745,0.6992900967597961,64.09485626220703
nsl_kdd_v2,dnn_5class_smote,108,2,0,0,0.9931452870368958,0.5384615659713745,0.9931452870368958,80.98291778564453
nsl_kdd_v2,dnn_5class_smote,109,4,0,0,0.9999244809150696,0.5384615659713745,0.9999244809150696,81.35102844238281
nsl_kdd_v2,dnn_5class_smote,110,4,0,0,0.9999246001243591,0.4285714328289032,0.9999246001243591,75.39095306396484
nsl_kdd_v2,dnn_5class_smote,111,0,0,1,0.9999246001243591,0.5384615659713745,0.9999246001243591,81.35103607177734
nsl_kdd_v2,dnn_5class_smote,112,3,0,0,0.9999246001243591,0.3333333432674408,0.9999246001243591,69.3326416015625
nsl_kdd_v2,dnn_5class_smote,113,0,0,1,0.9999246001243591,0.25,0.9999246001243591,62.992881774902344
nsl_kdd_v2,dnn_5class_smote,114,2,0,0,0.9999246001243591,0.3333333432674408,0.9999246001243591,69.3326416015625
nsl_kdd_v2,dnn_5class_smote,115,0,0,1,0.9999244809150696,0.5384615659713745,0.9999244809150696,81.35102844238281
nsl_kdd_v2,dnn_5class_smote,116,2,0,0,0.994807243347168,0.5384615659713745,0.994807243347168,81.07323455810547
nsl_kdd_v2,dnn_5class_smote,117,3,0,0,0.9939897060394287,0.5384615659713745,0.9939897060394287,81.02881622314453
nsl_kdd_v2,dnn_5class_smote,118,3,0,0,0.9999246001243591,0.5384615659713745,0.9999246001243591,81.35103607177734
nsl_kdd_v2,dnn_5class_smote,119,2,0,0,0.5396670699119568,0.3333333432674408,0.5396670699119568,45.95966339111328
nsl_kdd_v2,dnn_5class_smote,120,1,1,1,0.9999246597290039,0.3333333432674408,0.9998350143432617,69.33057403564453
nsl_kdd_v2,dnn_5class_smote,121,3,0,0,0.9999246001243591,0.5384615659713745,0.9999246001243591,81.35103607177734
nsl_kdd_v2,dnn_5class_smote,122,3,0,0,0.9999244809150696,0.6666666865348816,0.9999244809150696,87.35364532470703
nsl_kdd_v2,dnn_5class_smote,123,1,1,1,0.9999246597290039,0.4285714328289032,0.9998350143432617,75.38870239257812
nsl_kdd_v2,dnn_5class_smote,124,2,1,0,0.649962842464447,0.5384615659713745,0.23355859518051147,43.39899444580078
nsl_kdd_v2,dnn_5class_smote,125,1,1,1,0.9999246597290039,0.6666666865348816,0.9998350143432617,87.3510513305664
nsl_kdd_v2,dnn_5class_smote,126,1,1,1,0.9999246597290039,0.6666666865348816,0.9998350143432617,87.3510513305664
nsl_kdd_v2,dnn_5class_smote,127,0,0,1,0.9999246001243591,0.4285714328289032,0.9999246001243591,75.39095306396484
nsl_kdd_v2,dnn_5class_smote,128,0,0,1,0.9999246001243591,0.4285714328289032,0.9999246001243591,75.39095306396484
nsl_kdd_v2,dnn_5class_smote,129,1,1,1,0.9896886944770813,0.5384615659713745,0.9774223566055298,80.459716796875
nsl_kdd_v2,dnn_5class_smote,130,0,0,1,0.9999246001243591,0.5384615659713745,0.9999246001243591,81.35103607177734
nsl_kdd_v2,dnn_5class_smote,131,1,1,1,0.9963915944099426,0.3333333432674408,0.9920990467071533,69.06976318359375
nsl_kdd_v2,dnn_5class_smote,132,1,1,1,0.9999246597290039,0.5384615659713745,0.9998350143432617,81.34860229492188
nsl_kdd_v2,dnn_5class_smote,133,1,1,1,0.9999246597290039,0.5384615659713745,0.9998350143432617,81.34860229492188
nsl_kdd_v2,dnn_5class_smote,134,2,2,1,0.9999688863754272,0.4285714328289032,0.9999688863754272,75.39318084716797
nsl_kdd_v2,dnn_5class_smote,135,0,0,1,0.9999246001243591,0.5384615659713745,0.9999246001243591,81.35103607177734
nsl_kdd_v2,dnn_5class_smote,136,4,0,0,0.5262782573699951,0.4285714328289032,0.5262782573699951,49.14560317993164
nsl_kdd_v2,dnn_5class_smote,137,4,0,0,0.5262782573699951,0.5384615659713745,0.5262782573699951,53.03084182739258
nsl_kdd_v2,dnn_5class_smote,138,3,4,0,0.8489273190498352,0.6666666865348816,0.8489273190498352,78.32190704345703
nsl_kdd_v2,dnn_5class_smote,139,3,0,0,0.9999246001243591,0.3333333432674408,0.9999246001243591,69.3326416015625
nsl_kdd_v2,dnn_5class_smote,140,2,2,1,0.9999688863754272,0.3333333432674408,0.9999688863754272,69.3346939086914
nsl_kdd_v2,dnn_5class_smote,141,2,2,1,0.9896635413169861,0.5384615659713745,0.9896635413169861,80.79353332519531
nsl_kdd_v2,dnn_5class_smote,142,3,0,0,0.9999246001243591,0.4285714328289032,0.9999246001243591,75.39095306396484
nsl_kdd_v2,dnn_5class_smote,143,1,1,1,0.9999246597290039,0.5384615659713745,0.9998350143432617,81.34860229492188
nsl_kdd_v2,dnn_5class_smote,144,2,0,0,0.5371310710906982,0.6666666865348816,0.5371310710906982,57.7239990234375
nsl_kdd_v2,dnn_5class_smote,145,2,0,0,0.9999244809150696,0.4285714328289032,0.9999244809150696,75.39094543457031
nsl_kdd_v2,dnn_5class_smote,146,0,0,1,0.9999246001243591,0.5384615659713745,0.9999246001243591,81.35103607177734
nsl_kdd_v2,dnn_5class_smote,147,1,1,1,0.9999246597290039,0.4285714328289032,0.9998350143432617,75.38870239257812
nsl_kdd_v2,dnn_5class_smote,148,0,0,1,0.9999246001243591,0.5384615659713745,0.9999246001243591,81.35103607177734
nsl_kdd_v2,dnn_5class_smote,149,2,2,1,0.9999688863754272,0.5384615659713745,0.9999688863754272,81.35343170166016
nsl_kdd_v2,dnn_5class_smote,150,3,4,0,0.8481106162071228,0.5384615659713745,0.8481106162071228,72.89312744140625
nsl_kdd_v2,dnn_5class_smote,151,2,2,1,0.9347952008247375,0.6666666865348816,0.9347952008247375,83.51809692382812
nsl_kdd_v2,dnn_5class_smote,152,2,2,1,0.9964355230331421,0.5384615659713745,0.9964355230331421,81.16168212890625
nsl_kdd_v2,dnn_5class_smote,153,0,0,1,0.9999246001243591,0.4285714328289032,0.9999246001243591,75.39095306396484
nsl_kdd_v2,dnn_5class_smote,154,0,0,1,0.9112938046455383,0.6666666865348816,0.9112938046455383,82.11235809326172
nsl_kdd_v2,dnn_5class_smote,155,1,0,0,0.9999246001243591,0.3333333432674408,0.9999246001243591,69.3326416015625
nsl_kdd_v2,dnn_5class_smote,156,2,0,0,0.9999246001243591,0.4285714328289032,0.9999246001243591,75.39095306396484
nsl_kdd_v2,dnn_5class_smote,157,0,0,1,0.9999246001243591,0.5384615659713745,0.9999246001243591,81.35103607177734
nsl_kdd_v2,dnn_5class_smote,158,1,0,0,0.9999244809150696,0.8181818127632141,0.9999244809150696,93.52507781982422
nsl_kdd_v2,dnn_5class_smote,159,4,4,1,0.999867856502533,0.5384615659713745,0.999867856502533,81.34795379638672
nsl_kdd_v2,dnn_5class_smote,160,1,1,1,0.9999246597290039,0.8181818127632141,0.9998350143432617,93.52229309082031
nsl_kdd_v2,dnn_5class_smote,161,2,2,1,0.9999688863754272,0.6666666865348816,0.9999688863754272,87.35623168945312
nsl_kdd_v2,dnn_5class_smote,162,0,0,1,0.9999246001243591,0.5384615659713745,0.9999246001243591,81.35103607177734
nsl_kdd_v2,dnn_5class_smote,163,1,1,1,0.9999246597290039,0.4285714328289032,0.9998350143432617,75.38870239257812
nsl_kdd_v2,dnn_5class_smote,164,2,2,1,0.9999688863754272,0.4285714328289032,0.9999688863754272,75.39318084716797
nsl_kdd_v2,dnn_5class_smote,165,1,1,1,0.9999246597290039,0.4285714328289032,0.9998350143432617,75.38870239257812
nsl_kdd_v2,dnn_5class_smote,166,2,0,0,0.8041335344314575,0.5384615659713745,0.8041335344314575,70.35101318359375
nsl_kdd_v2,dnn_5class_smote,167,3,0,0,0.9999246001243591,0.5384615659713745,0.9999246001243591,81.35103607177734
nsl_kdd_v2,dnn_5class_smote,168,0,0,1,0.9999246001243591,0.5384615659713745,0.9999246001243591,81.35103607177734
nsl_kdd_v2,dnn_5class_smote,169,0,0,1,0.9999246001243591,0.6666666865348816,0.9999246001243591,87.3536605834961
nsl_kdd_v2,dnn_5class_smote,170,1,1,1,0.9999246597290039,0.4285714328289032,0.9998350143432617,75.38870239257812
nsl_kdd_v2,dnn_5class_smote,171,2,2,1,0.9999688863754272,0.5384615659713745,0.9999688863754272,81.35343170166016
nsl_kdd_v2,dnn_5class_smote,172,2,1,0,0.9999246597290039,0.5384615659713745,0.9998350143432617,81.34860229492188
nsl_kdd_v2,dnn_5class_smote,173,0,0,1,0.9999246001243591,0.6666666865348816,0.9999246001243591,87.3536605834961
nsl_kdd_v2,dnn_5class_smote,174,1,1,1,0.9999246597290039,0.6666666865348816,0.9998350143432617,87.3510513305664
nsl_kdd_v2,dnn_5class_smote,175,2,1,0,0.9999246597290039,0.5384615659713745,0.9998350143432617,81.34860229492188
nsl_kdd_v2,dnn_5class_smote,176,1,1,1,0.9999246597290039,0.5384615659713745,0.9998350143432617,81.34860229492188
nsl_kdd_v2,dnn_5class_smote,177,3,0,0,0.9999246001243591,0.3333333432674408,0.9999246001243591,69.3326416015625
nsl_kdd_v2,dnn_5class_smote,178,0,0,1,0.9999246001243591,0.3333333432674408,0.9999246001243591,69.3326416015625
nsl_kdd_v2,dnn_5class_smote,179,4,4,1,0.9698356986045837,0.5384615659713745,0.9698356986045837,79.71076965332031
nsl_kdd_v2,dnn_5class_smote,180,0,0,1,0.9999246001243591,0.6666666865348816,0.9999246001243591,87.3536605834961
nsl_kdd_v2,dnn_5class_smote,181,3,0,0,0.9939897060394287,0.4285714328289032,0.9939897060394287,75.09234619140625
nsl_kdd_v2,dnn_5class_smote,182,1,1,1,0.9999246597290039,0.6666666865348816,0.9998350143432617,87.3510513305664
nsl_kdd_v2,dnn_5class_smote,183,1,1,1,0.9999246597290039,0.4285714328289032,0.9998350143432617,75.38870239257812
nsl_kdd_v2,dnn_5class_smote,184,4,0,0,0.9999244809150696,0.6666666865348816,0.9999244809150696,87.35364532470703
nsl_kdd_v2,dnn_5class_smote,185,1,1,1,0.9999246597290039,0.6666666865348816,0.9998350143432617,87.3510513305664
nsl_kdd_v2,dnn_5class_smote,186,0,0,1,0.9999244809150696,0.4285714328289032,0.9999244809150696,75.39094543457031
nsl_kdd_v2,dnn_5class_smote,187,0,0,1,0.9999246001243591,0.5384615659713745,0.9999246001243591,81.35103607177734
nsl_kdd_v2,dnn_5class_smote,188,3,0,0,0.9821541905403137,0.5384615659713745,0.9821541905403137,80.38432312011719
nsl_kdd_v2,dnn_5class_smote,189,1,1,1,0.9999246597290039,0.5384615659713745,0.9998350143432617,81.34860229492188
nsl_kdd_v2,dnn_5class_smote,190,0,0,1,0.9999246001243591,0.6666666865348816,0.9999246001243591,87.3536605834961
nsl_kdd_v2,dnn_5class_smote,191,4,0,0,0.9112834930419922,0.6666666865348816,0.9112834930419922,82.11174011230469
nsl_kdd_v2,dnn_5class_smote,192,1,1,1,0.9999246597290039,0.4285714328289032,0.9998350143432617,75.38870239257812
nsl_kdd_v2,dnn_5class_smote,193,3,0,0,0.9999246001243591,0.4285714328289032,0.9999246001243591,75.39095306396484
nsl_kdd_v2,dnn_5class_smote,194,3,0,0,0.9999246001243591,0.25,0.9999246001243591,62.992881774902344
nsl_kdd_v2,dnn_5class_smote,195,0,0,1,0.9999246001243591,0.5384615659713745,0.9999246001243591,81.35103607177734
nsl_kdd_v2,dnn_5class_smote,196,2,1,0,0.9896886944770813,0.6666666865348816,0.9774223566055298,86.39657592773438
nsl_kdd_v2,dnn_5class_smote,197,4,0,0,0.9999244809150696,0.6666666865348816,0.9999244809150696,87.35364532470703
nsl_kdd_v2,dnn_5class_smote,198,3,0,0,0.9999246001243591,0.4285714328289032,0.9999246001243591,75.39095306396484
nsl_kdd_v2,dnn_5class_smote,199,4,3,0,0.9448868632316589,0.6666666865348816,0.9448868632316589,84.11809539794922
nsl_kdd_v2,dnn_5class_smote,200,1,1,1,0.9999246597290039,0.4285714328289032,0.9998350143432617,75.38870239257812
nsl_kdd_v2,dnn_5class_smote,201,1,1,1,0.9999246597290039,0.4285714328289032,0.9998350143432617,75.38870239257812
nsl_kdd_v2,dnn_5class_smote,202,2,1,0,0.5111187100410461,0.5384615659713745,0.0,0.6504672169685364
nsl_kdd_v2,dnn_5class_smote,203,4,0,0,0.9999244809150696,0.6666666865348816,0.9999244809150696,87.35364532470703
nsl_kdd_v2,dnn_5class_smote,204,0,0,1,0.9999246001243591,0.5384615659713745,0.9999246001243591,81.35103607177734
nsl_kdd_v2,dnn_5class_smote,205,4,4,1,0.8495930433273315,0.4285714328289032,0.8495930433273315,67.63140106201172
nsl_kdd_v2,dnn_5class_smote,206,2,1,0,0.9896886944770813,0.5384615659713745,0.9774223566055298,80.459716796875
nsl_kdd_v2,dnn_5class_smote,207,0,0,1,0.9999246001243591,0.5384615659713745,0.9999246001243591,81.35103607177734
nsl_kdd_v2,dnn_5class_smote,208,2,0,0,0.7463248372077942,0.6666666865348816,0.7463248372077942,71.87670135498047
nsl_kdd_v2,dnn_5class_smote,209,2,2,1,0.9999688863754272,0.5384615659713745,0.9999688863754272,81.35343170166016
nsl_kdd_v2,dnn_5class_smote,210,3,0,0,0.9999246001243591,0.8181818127632141,0.9999246001243591,93.52508544921875
nsl_kdd_v2,dnn_5class_smote,211,1,0,0,0.9999246001243591,0.3333333432674408,0.9999246001243591,69.3326416015625
nsl_kdd_v2,dnn_5class_smote,212,1,1,1,0.9999246597290039,0.4285714328289032,0.9998350143432617,75.38870239257812
nsl_kdd_v2,dnn_5class_smote,213,2,0,0,0.994807243347168,0.5384615659713745,0.994807243347168,81.07323455810547
nsl_kdd_v2,dnn_5class_smote,214,0,0,1,0.9999246001243591,0.6666666865348816,0.9999246001243591,87.3536605834961
nsl_kdd_v2,dnn_5class_smote,215,3,0,0,0.9999246001243591,0.5384615659713745,0.9999246001243591,81.35103607177734
nsl_kdd_v2,dnn_5class_smote,216,3,0,0,0.9999246001243591,0.4285714328289032,0.9999246001243591,75.39095306396484
nsl_kdd_v2,dnn_5class_smote,217,3,0,0,0.9999246001243591,0.3333333432674408,0.9999246001243591,69.3326416015625
nsl_kdd_v2,dnn_5class_smote,218,3,0,0,0.9999246001243591,0.4285714328289032,0.9999246001243591,75.39095306396484
nsl_kdd_v2,dnn_5class_smote,219,1,1,1,0.9999246597290039,0.4285714328289032,0.9998350143432617,75.38870239257812
nsl_kdd_v2,dnn_5class_smote,220,2,1,0,0.9445374608039856,0.6666666865348816,0.8785592317581177,82.09178161621094
nsl_kdd_v2,dnn_5class_smote,221,1,1,1,0.9999246597290039,0.6666666865348816,0.9998350143432617,87.3510513305664
nsl_kdd_v2,dnn_5class_smote,222,1,1,1,0.9896886944770813,0.5384615659713745,0.9774223566055298,80.459716796875
nsl_kdd_v2,dnn_5class_smote,223,1,1,1,0.9963915944099426,0.4285714328289032,0.9920990467071533,75.1051025390625
nsl_kdd_v2,dnn_5class_smote,224,1,0,0,0.510481059551239,0.4285714328289032,0.510481059551239,48.15715408325195
nsl_kdd_v2,dnn_5class_smote,225,2,1,0,0.9999246597290039,0.4285714328289032,0.9998350143432617,75.38870239257812
nsl_kdd_v2,dnn_5class_smote,226,2,0,0,0.9999244809150696,0.6666666865348816,0.9999244809150696,87.35364532470703
nsl_kdd_v2,dnn_5class_smote,227,1,1,1,0.9999246597290039,0.5384615659713745,0.9998350143432617,81.34860229492188
nsl_kdd_v2,dnn_5class_smote,228,3,0,0,0.523755669593811,0.6666666865348816,0.523755669593811,56.76169967651367
nsl_kdd_v2,dnn_5class_smote,229,0,0,1,0.9999246001243591,0.5384615659713745,0.9999246001243591,81.35103607177734
nsl_kdd_v2,dnn_5class_smote,230,2,2,1,0.9964355230331421,0.6666666865348816,0.9964355230331421,87.15033721923828
nsl_kdd_v2,dnn_5class_smote,231,1,1,1,0.9896886944770813,0.5384615659713745,0.9774223566055298,80.459716796875
nsl_kdd_v2,dnn_5class_smote,232,2,2,1,0.9999688863754272,0.4285714328289032,0.9999688863754272,75.39318084716797
nsl_kdd_v2,dnn_5class_smote,233,3,0,0,0.9821256399154663,0.4285714328289032,0.9821256399154663,74.49362182617188
nsl_kdd_v2,dnn_5class_smote,234,0,0,1,0.9999246001243591,0.4285714328289032,0.9999246001243591,75.39095306396484
nsl_kdd_v2,dnn_5class_smote,235,3,0,0,0.9999246001243591,0.4285714328289032,0.9999246001243591,75.39095306396484
nsl_kdd_v2,dnn_5class_smote,236,1,1,1,0.9445374608039856,0.6666666865348816,0.8785592317581177,82.09178161621094
nsl_kdd_v2,dnn_5class_smote,237,0,0,1,0.9999246001243591,0.5384615659713745,0.9999246001243591,81.35103607177734
nsl_kdd_v2,dnn_5class_smote,238,2,2,1,0.9896635413169861,0.4285714328289032,0.9896635413169861,74.87429809570312
nsl_kdd_v2,dnn_5class_smote,239,3,0,0,0.8396299481391907,0.4285714328289032,0.8396299481391907,67.10162353515625
nsl_kdd_v2,dnn_5class_smote,240,1,1,1,0.9999246597290039,0.6666666865348816,0.9998350143432617,87.3510513305664
nsl_kdd_v2,dnn_5class_smote,241,1,1,1,0.9999246597290039,0.6666666865348816,0.9998350143432617,87.3510513305664
nsl_kdd_v2,dnn_5class_smote,242,4,4,1,0.9998677968978882,0.6666666865348816,0.9998677968978882,87.35034942626953
nsl_kdd_v2,dnn_5class_smote,243,3,2,0,0.6944279074668884,0.4285714328289032,0.6944279074668884,59.12336730957031
nsl_kdd_v2,dnn_5class_smote,244,1,1,1,0.9999246597290039,0.8181818127632141,0.9998350143432617,93.52229309082031
nsl_kdd_v2,dnn_5class_smote,245,0,0,1,0.9999246001243591,0.3333333432674408,0.9999246001243591,69.3326416015625
nsl_kdd_v2,dnn_5class_smote,246,1,0,0,0.9947551488876343,0.6666666865348816,0.9947551488876343,87.05233001708984
nsl_kdd_v2,dnn_5class_smote,247,1,1,1,0.9999246597290039,0.4285714328289032,0.9998350143432617,75.38870239257812
nsl_kdd_v2,dnn_5class_smote,248,3,0,0,0.9999246001243591,0.1764705926179886,0.9999246001243591,56.087867736816406
nsl_kdd_v2,dnn_5class_smote,249,3,0,0,0.9999246001243591,0.3333333432674408,0.9999246001243591,69.3326416015625
nsl_kdd_v2,dnn_5class_smote,250,3,0,0,0.9999246001243591,0.6666666865348816,0.9999246001243591,87.3536605834961
nsl_kdd_v2,dnn_5class_smote,251,0,0,1,0.9999246001243591,0.5384615659713745,0.9999246001243591,81.35103607177734
nsl_kdd_v2,dnn_5class_smote,252,3,0,0,0.9999246001243591,0.4285714328289032,0.9999246001243591,75.39095306396484
nsl_kdd_v2,dnn_5class_smote,253,1,0,0,0.8409437537193298,0.25,0.8409437537193298,56.125205993652344
nsl_kdd_v2,dnn_5class_smote,254,3,0,0,0.9999246001243591,0.6666666865348816,0.9999246001243591,87.3536605834961
nsl_kdd_v2,dnn_5class_smote,255,1,0,0,0.9999244809150696,0.5384615659713745,0.9999244809150696,81.35102844238281
nsl_kdd_v2,dnn_5class_smote,256,2,2,1,0.9999688863754272,0.4285714328289032,0.9999688863754272,75.39318084716797
nsl_kdd_v2,dnn_5class_smote,257,1,0,0,0.9999244809150696,0.5384615659713745,0.9999244809150696,81.35102844238281
nsl_kdd_v2,dnn_5class_smote,258,2,2,1,0.9999688863754272,0.4285714328289032,0.9999688863754272,75.39318084716797
nsl_kdd_v2,dnn_5class_smote,259,0,0,1,0.9999246001243591,0.8181818127632141,0.9999246001243591,93.52508544921875
nsl_kdd_v2,dnn_5class_smote,260,1,1,1,0.9999246597290039,0.8181818127632141,0.9998350143432617,93.52229309082031
nsl_kdd_v2,dnn_5class_smote,261,4,0,0,0.9884061813354492,0.5384615659713745,0.9884061813354492,80.72509002685547
nsl_kdd_v2,dnn_5class_smote,262,3,0,0,0.9999246001243591,0.5384615659713745,0.9999246001243591,81.35103607177734
nsl_kdd_v2,dnn_5class_smote,263,0,0,1,0.8114739060401917,0.5384615659713745,0.8114739060401917,70.77848815917969
nsl_kdd_v2,dnn_5class_smote,264,4,0,0,0.9939897060394287,0.8181818127632141,0.9939897060394287,93.15464782714844
nsl_kdd_v2,dnn_5class_smote,265,3,0,0,0.9999246001243591,0.6666666865348816,0.9999246001243591,87.3536605834961
nsl_kdd_v2,dnn_5class_smote,266,3,0,0,0.9999246001243591,0.4285714328289032,0.9999246001243591,75.39095306396484
nsl_kdd_v2,dnn_5class_smote,267,0,0,1,0.9999246001243591,0.5384615659713745,0.9999246001243591,81.35103607177734
nsl_kdd_v2,dnn_5class_smote,268,1,1,1,0.9999246597290039,0.5384615659713745,0.9998350143432617,81.34860229492188
nsl_kdd_v2,dnn_5class_smote,269,1,1,1,0.9999246597290039,0.25,0.9998350143432617,62.991004943847656
nsl_kdd_v2,dnn_5class_smote,270,0,0,1,0.9999246001243591,0.4285714328289032,0.9999246001243591,75.39095306396484
nsl_kdd_v2,dnn_5class_smote,271,2,0,0,0.9999244809150696,0.4285714328289032,0.9999244809150696,75.39094543457031
nsl_kdd_v2,dnn_5class_smote,272,1,1,1,0.9999246597290039,0.3333333432674408,0.9998350143432617,69.33057403564453
nsl_kdd_v2,dnn_5class_smote,273,0,0,1,0.9999244809150696,0.3333333432674408,0.9999244809150696,69.33263397216797
nsl_kdd_v2,dnn_5class_smote,274,3,0,0,0.9818428754806519,0.4285714328289032,0.9818428754806519,74.47932434082031
nsl_kdd_v2,dnn_5class_smote,275,0,0,1,0.9999246001243591,0.6666666865348816,0.9999246001243591,87.3536605834961
nsl_kdd_v2,dnn_5class_smote,276,3,0,0,0.9999244809150696,0.6666666865348816,0.9999244809150696,87.35364532470703
nsl_kdd_v2,dnn_5class_smote,277,0,0,1,0.9999244809150696,0.5384615659713745,0.9999244809150696,81.35102844238281
nsl_kdd_v2,dnn_5class_smote,278,3,0,0,0.9513709545135498,0.5384615659713745,0.9513709545135498,78.69579315185547
nsl_kdd_v2,dnn_5class_smote,279,1,0,0,0.9999246001243591,0.4285714328289032,0.9999246001243591,75.39095306396484
nsl_kdd_v2,dnn_5class_smote,280,1,1,1,0.9999246597290039,0.4285714328289032,0.9998350143432617,75.38870239257812
nsl_kdd_v2,dnn_5class_smote,281,0,0,1,0.9999246001243591,0.25,0.9999246001243591,62.992881774902344
nsl_kdd_v2,dnn_5class_smote,282,3,0,0,0.9999246001243591,0.4285714328289032,0.9999246001243591,75.39095306396484
nsl_kdd_v2,dnn_5class_smote,283,3,0,0,0.9939897060394287,0.5384615659713745,0.9939897060394287,81.02881622314453
nsl_kdd_v2,dnn_5class_smote,284,0,0,1,0.9999246001243591,0.3333333432674408,0.9999246001243591,69.3326416015625
nsl_kdd_v2,dnn_5class_smote,285,2,0,0,0.9999246001243591,0.5384615659713745,0.9999246001243591,81.35103607177734
nsl_kdd_v2,dnn_5class_smote,286,1,1,1,0.8422789573669434,0.4285714328289032,0.6546539664268494,61.82493591308594
nsl_kdd_v2,dnn_5class_smote,287,2,1,0,0.9999246597290039,0.6666666865348816,0.9998350143432617,87.3510513305664
nsl_kdd_v2,dnn_5class_smote,288,0,0,1,0.9999246001243591,0.4285714328289032,0.9999246001243591,75.39095306396484
nsl_kdd_v2,dnn_5class_smote,289,2,1,0,0.9999246597290039,0.5384615659713745,0.9998350143432617,81.34860229492188
nsl_kdd_v2,dnn_5class_smote,290,3,0,0,0.9999246001243591,0.4285714328289032,0.9999246001243591,75.39095306396484
nsl_kdd_v2,dnn_5class_smote,291,3,0,0,0.9999246001243591,0.3333333432674408,0.9999246001243591,69.3326416015625
nsl_kdd_v2,dnn_5class_smote,292,3,0,0,0.9999246001243591,0.4285714328289032,0.9999246001243591,75.39095306396484
nsl_kdd_v2,dnn_5class_smote,293,3,0,0,0.9999244809150696,0.3333333432674408,0.9999244809150696,69.33263397216797
nsl_kdd_v2,dnn_5class_smote,294,3,0,0,0.9999246001243591,0.5384615659713745,0.9999246001243591,81.35103607177734
nsl_kdd_v2,dnn_5class_smote,295,1,1,1,0.9963915944099426,0.6666666865348816,0.9920990467071533,87.02244567871094
nsl_kdd_v2,dnn_5class_smote,296,1,1,1,0.649962842464447,0.5384615659713745,0.23355859518051147,43.39899444580078
nsl_kdd_v2,dnn_5class_smote,297,0,0,1,0.9999246001243591,0.5384615659713745,0.9999246001243591,81.35103607177734
nsl_kdd_v2,dnn_5class_smote,298,0,0,1,0.9999246001243591,0.5384615659713745,0.9999246001243591,81.35103607177734
nsl_kdd_v2,dnn_5class_smote,299,3,0,0,0.9999246001243591,0.6666666865348816,0.9999246001243591,87.3536605834961
nsl_kdd_v2,dnn_5class_smote,300,1,1,1,0.9999246597290039,0.6666666865348816,0.9998350143432617,87.3510513305664
nsl_kdd_v2,dnn_5class_smote,301,0,0,1,0.9999246001243591,0.6666666865348816,0.9999246001243591,87.3536605834961
nsl_kdd_v2,dnn_5class_smote,302,2,2,1,0.9999688863754272,0.5384615659713745,0.9999688863754272,81.35343170166016
nsl_kdd_v2,dnn_5class_smote,303,1,1,1,0.9999246597290039,0.6666666865348816,0.9998350143432617,87.3510513305664
nsl_kdd_v2,dnn_5class_smote,304,1,1,1,0.9963915944099426,0.5384615659713745,0.9920990467071533,81.0425796508789
nsl_kdd_v2,dnn_5class_smote,305,1,1,1,0.9999246597290039,0.4285714328289032,0.9998350143432617,75.38870239257812
nsl_kdd_v2,dnn_5class_smote,306,2,2,1,0.8853898048400879,0.6666666865348816,0.8853898048400879,80.54883575439453
nsl_kdd_v2,dnn_5class_smote,307,3,3,1,0.60626620054245,0.25,0.60626620054245,45.125518798828125
nsl_kdd_v2,dnn_5class_smote,308,2,2,1,0.9964355230331421,0.6666666865348816,0.9964355230331421,87.15033721923828
nsl_kdd_v2,dnn_5class_smote,309,4,0,0,0.9666851162910461,0.6666666865348816,0.9666851162910461,85.40689086914062
nsl_kdd_v2,dnn_5class_smote,310,0,0,1,0.9999246001243591,0.5384615659713745,0.9999246001243591,81.35103607177734
nsl_kdd_v2,dnn_5class_smote,311,0,0,1,0.9999246001243591,0.6666666865348816,0.9999246001243591,87.3536605834961
nsl_kdd_v2,dnn_5class_smote,312,2,2,1,0.9999688863754272,0.4285714328289032,0.9999688863754272,75.39318084716797
nsl_kdd_v2,dnn_5class_smote,313,2,2,1,0.9999688863754272,0.5384615659713745,0.9999688863754272,81.35343170166016
nsl_kdd_v2,dnn_5class_smote,314,1,1,1,0.9999246597290039,0.4285714328289032,0.9998350143432617,75.38870239257812
nsl_kdd_v2,dnn_5class_smote,315,1,1,1,0.9999246597290039,0.6666666865348816,0.9998350143432617,87.3510513305664
nsl_kdd_v2,dnn_5class_smote,316,0,0,1,0.9999246001243591,0.3333333432674408,0.9999246001243591,69.3326416015625
nsl_kdd_v2,dnn_5class_smote,317,3,0,0,0.9999246001243591,0.4285714328289032,0.9999246001243591,75.39095306396484
nsl_kdd_v2,dnn_5class_smote,318,0,0,1,0.9999246001243591,0.5384615659713745,0.9999246001243591,81.35103607177734
nsl_kdd_v2,dnn_5class_smote,319,3,3,1,0.9448868632316589,0.5384615659713745,0.9448868632316589,78.33781433105469
nsl_kdd_v2,dnn_5class_smote,320,3,0,0,0.9999246001243591,0.25,0.9999246001243591,62.992881774902344
nsl_kdd_v2,dnn_5class_smote,321,1,1,1,0.9896886944770813,0.4285714328289032,0.9774223566055298,74.56494903564453
nsl_kdd_v2,dnn_5class_smote,322,3,0,0,0.9999246001243591,0.5384615659713745,0.9999246001243591,81.35103607177734
nsl_kdd_v2,dnn_5class_smote,323,1,1,1,0.9999246597290039,0.6666666865348816,0.9998350143432617,87.3510513305664
nsl_kdd_v2,dnn_5class_smote,324,1,1,1,0.9999246597290039,0.5384615659713745,0.9998350143432617,81.34860229492188
nsl_kdd_v2,dnn_5class_smote,325,3,0,0,0.9999246001243591,0.8181818127632141,0.9999246001243591,93.52508544921875
nsl_kdd_v2,dnn_5class_smote,326,0,0,1,0.9999246001243591,0.8181818127632141,0.9999246001243591,93.52508544921875
nsl_kdd_v2,dnn_5class_smote,327,1,2,0,0.8874500393867493,0.5384615659713745,0.8874500393867493,75.13013458251953
nsl_kdd_v2,dnn_5class_smote,328,2,0,0,0.9999244809150696,0.5384615659713745,0.9999244809150696,81.35102844238281
nsl_kdd_v2,dnn_5class_smote,329,3,0,0,0.9999246001243591,0.6666666865348816,0.9999246001243591,87.3536605834961
nsl_kdd_v2,dnn_5class_smote,330,2,2,1,0.9898000359535217,0.3333333432674408,0.9898000359535217,68.86383819580078
nsl_kdd_v2,dnn_5class_smote,331,3,0,0,0.9999246001243591,0.1111111119389534,0.9999246001243591,48.072566986083984
nsl_kdd_v2,dnn_5class_smote,332,3,0,0,0.9999246001243591,0.3333333432674408,0.9999246001243591,69.3326416015625
nsl_kdd_v2,dnn_5class_smote,333,2,2,1,0.9896635413169861,0.4285714328289032,0.9896635413169861,74.87429809570312
nsl_kdd_v2,dnn_5class_smote,334,0,0,1,0.9999246001243591,0.5384615659713745,0.9999246001243591,81.35103607177734
nsl_kdd_v2,dnn_5class_smote,335,2,2,1,0.9896635413169861,0.4285714328289032,0.9896635413169861,74.87429809570312
nsl_kdd_v2,dnn_5class_smote,336,3,0,0,0.7219370007514954,0.5384615659713745,0.7219370007514954,65.47132110595703
nsl_kdd_v2,dnn_5class_smote,337,0,0,1,0.9999246001243591,0.6666666865348816,0.9999246001243591,87.3536605834961
nsl_kdd_v2,dnn_5class_smote,338,2,2,1,0.9999688863754272,0.5384615659713745,0.9999688863754272,81.35343170166016
nsl_kdd_v2,dnn_5class_smote,339,0,0,1,0.9999246001243591,0.6666666865348816,0.9999246001243591,87.3536605834961
nsl_kdd_v2,dnn_5class_smote,340,1,1,1,0.9999246597290039,0.6666666865348816,0.9998350143432617,87.3510513305664
nsl_kdd_v2,dnn_5class_smote,341,0,0,1,0.9999246001243591,0.6666666865348816,0.9999246001243591,87.3536605834961
nsl_kdd_v2,dnn_5class_smote,342,3,0,0,0.9999244809150696,0.5384615659713745,0.9999244809150696,81.35102844238281
nsl_kdd_v2,dnn_5class_smote,343,1,1,1,0.9445374608039856,0.4285714328289032,0.8785592317581177,70.84967041015625
nsl_kdd_v2,dnn_5class_smote,344,3,0,0,0.9999246001243591,0.5384615659713745,0.9999246001243591,81.35103607177734
nsl_kdd_v2,dnn_5class_smote,345,0,0,1,0.9999246001243591,0.5384615659713745,0.9999246001243591,81.35103607177734
nsl_kdd_v2,dnn_5class_smote,346,0,0,1,0.9999246001243591,0.4285714328289032,0.9999246001243591,75.39095306396484
nsl_kdd_v2,dnn_5class_smote,347,2,2,1,0.9999688863754272,0.5384615659713745,0.9999688863754272,81.35343170166016
nsl_kdd_v2,dnn_5class_smote,348,0,0,1,0.9999246001243591,0.5384615659713745,0.9999246001243591,81.35103607177734
nsl_kdd_v2,dnn_5class_smote,349,2,0,0,0.9880971312522888,0.6666666865348816,0.9880971312522888,86.6634521484375
nsl_kdd_v2,dnn_5class_smote,350,2,2,1,0.9964355230331421,0.5384615659713745,0.9964355230331421,81.16168212890625
nsl_kdd_v2,dnn_5class_smote,351,0,0,1,0.9999246001243591,0.4285714328289032,0.9999246001243591,75.39095306396484
nsl_kdd_v2,dnn_5class_smote,352,0,0,1,0.9999246001243591,0.6666666865348816,0.9999246001243591,87.3536605834961
nsl_kdd_v2,dnn_5class_smote,353,1,1,1,0.9999246597290039,0.6666666865348816,0.9998350143432617,87.3510513305664
nsl_kdd_v2,dnn_5class_smote,354,3,0,0,0.9999246001243591,0.4285714328289032,0.9999246001243591,75.39095306396484
nsl_kdd_v2,dnn_5class_smote,355,1,0,0,0.9999244809150696,0.6666666865348816,0.9999244809150696,87.35364532470703
nsl_kdd_v2,dnn_5class_smote,356,1,1,1,0.9999246597290039,0.5384615659713745,0.9998350143432617,81.34860229492188
nsl_kdd_v2,dnn_5class_smote,357,1,0,0,0.9939897060394287,0.6666666865348816,0.9939897060394287,87.0076675415039
nsl_kdd_v2,dnn_5class_smote,358,0,0,1,0.9999246001243591,0.6666666865348816,0.9999246001243591,87.3536605834961
nsl_kdd_v2,dnn_5class_smote,359,4,4,1,0.9998677968978882,0.5384615659713745,0.9998677968978882,81.34795379638672
nsl_kdd_v2,dnn_5class_smote,360,2,2,1,0.8853896856307983,0.6666666865348816,0.8853896856307983,80.548828125
nsl_kdd_v2,dnn_5class_smote,361,2,1,0,0.5406076312065125,0.5384615659713745,0.0,0.6627436280250549
nsl_kdd_v2,dnn_5class_smote,362,0,0,1,0.9999246001243591,0.5384615659713745,0.9999246001243591,81.35103607177734
nsl_kdd_v2,dnn_5class_smote,363,2,2,1,0.9999688863754272,0.5384615659713745,0.9999688863754272,81.35343170166016
nsl_kdd_v2,dnn_5class_smote,364,0,0,1,0.8730883598327637,0.4285714328289032,0.8730883598327637,68.87260437011719
nsl_kdd_v2,dnn_5class_smote,365,1,1,1,0.9999246597290039,0.5384615659713745,0.9998350143432617,81.34860229492188
nsl_kdd_v2,dnn_5class_smote,366,0,1,0,0.9999246597290039,0.3333333432674408,0.9998350143432617,69.33057403564453
nsl_kdd_v2,dnn_5class_smote,367,3,0,0,0.9999244809150696,0.6666666865348816,0.9999244809150696,87.35364532470703
nsl_kdd_v2,dnn_5class_smote,368,3,0,0,0.9999244809150696,0.5384615659713745,0.9999244809150696,81.35102844238281
nsl_kdd_v2,dnn_5class_smote,369,0,0,1,0.9999246001243591,0.6666666865348816,0.9999246001243591,87.3536605834961
nsl_kdd_v2,dnn_5class_smote,370,3,0,0,0.9999244809150696,0.4285714328289032,0.9999244809150696,75.39094543457031
nsl_kdd_v2,dnn_5class_smote,371,0,0,1,0.9999246001243591,0.6666666865348816,0.9999246001243591,87.3536605834961
nsl_kdd_v2,dnn_5class_smote,372,1,1,1,0.9963915944099426,0.4285714328289032,0.9920990467071533,75.1051025390625
nsl_kdd_v2,dnn_5class_smote,373,2,0,0,0.9880971312522888,0.6666666865348816,0.9880971312522888,86.6634521484375
nsl_kdd_v2,dnn_5class_smote,374,1,0,0,0.9999244809150696,0.4285714328289032,0.9999244809150696,75.39094543457031
nsl_kdd_v2,dnn_5class_smote,375,3,0,0,0.9999246001243591,0.3333333432674408,0.9999246001243591,69.3326416015625
nsl_kdd_v2,dnn_5class_smote,376,0,0,1,0.9999246001243591,0.5384615659713745,0.9999246001243591,81.35103607177734
nsl_kdd_v2,dnn_5class_smote,377,2,2,1,0.9999688863754272,0.5384615659713745,0.9999688863754272,81.35343170166016
nsl_kdd_v2,dnn_5class_smote,378,2,2,1,0.9999688863754272,0.8181818127632141,0.9999688863754272,93.52784729003906
nsl_kdd_v2,dnn_5class_smote,379,3,0,0,0.9999246001243591,0.4285714328289032,0.9999246001243591,75.39095306396484
nsl_kdd_v2,dnn_5class_smote,380,2,2,1,0.9999688863754272,0.5384615659713745,0.9999688863754272,81.35343170166016
nsl_kdd_v2,dnn_5class_smote,381,1,1,1,0.9999246597290039,0.5384615659713745,0.9998350143432617,81.34860229492188
nsl_kdd_v2,dnn_5class_smote,382,0,0,1,0.9999246001243591,0.6666666865348816,0.9999246001243591,87.3536605834961
nsl_kdd_v2,dnn_5class_smote,383,4,4,1,0.9697862267494202,0.4285714328289032,0.9697862267494202,73.86835479736328
nsl_kdd_v2,dnn_5class_smote,384,3,0,0,0.9999246001243591,0.4285714328289032,0.9999246001243591,75.39095306396484
nsl_kdd_v2,dnn_5class_smote,385,2,2,1,0.9999688863754272,0.5384615659713745,0.9999688863754272,81.35343170166016
nsl_kdd_v2,dnn_5class_smote,386,3,0,0,0.9999246001243591,0.4285714328289032,0.9999246001243591,75.39095306396484
nsl_kdd_v2,dnn_5class_smote,387,2,2,1,0.6632502675056458,0.5384615659713745,0.6632502675056458,61.873287200927734
nsl_kdd_v2,dnn_5class_smote,388,2,2,1,0.9999688863754272,0.4285714328289032,0.9999688863754272,75.39318084716797
nsl_kdd_v2,dnn_5class_smote,389,2,2,1,0.9999688863754272,0.8181818127632141,0.9999688863754272,93.52784729003906
nsl_kdd_v2,dnn_5class_smote,390,4,4,1,0.969609260559082,0.5384615659713745,0.969609260559082,79.6983642578125
nsl_kdd_v2,dnn_5class_smote,391,1,1,1,0.9999246597290039,0.5384615659713745,0.9998350143432617,81.34860229492188
nsl_kdd_v2,dnn_5class_smote,392,0,0,1,0.9999246001243591,0.5384615659713745,0.9999246001243591,81.35103607177734
nsl_kdd_v2,dnn_5class_smote,393,1,1,1,0.9999246597290039,0.4285714328289032,0.9998350143432617,75.38870239257812
nsl_kdd_v2,dnn_5class_smote,394,2,2,1,0.9999688863754272,0.3333333432674408,0.9999688863754272,69.3346939086914
nsl_kdd_v2,dnn_5class_smote,395,2,0,0,0.99992436170578,0.4285714328289032,0.99992436170578,75.39093780517578
nsl_kdd_v2,dnn_5class_smote,396,3,0,0,0.9999246001243591,0.5384615659713745,0.9999246001243591,81.35103607177734
nsl_kdd_v2,dnn_5class_smote,397,0,0,1,0.9999246001243591,0.5384615659713745,0.9999246001243591,81.35103607177734
nsl_kdd_v2,dnn_5class_smote,398,1,1,1,0.9999246597290039,0.5384615659713745,0.9998350143432617,81.34860229492188
nsl_kdd_v2,dnn_5class_smote,399,2,1,0,0.9999246597290039,0.5384615659713745,0.9998350143432617,81.34860229492188
nsl_kdd_v2,dnn_5class_smote,400,3,0,0,0.9999246001243591,0.25,0.9999246001243591,62.992881774902344
nsl_kdd_v2,dnn_5class_smote,401,4,0,0,0.6940022706985474,0.8181818127632141,0.6940022706985474,73.31460571289062
nsl_kdd_v2,dnn_5class_smote,402,0,0,1,0.9999246001243591,0.4285714328289032,0.9999246001243591,75.39095306396484
nsl_kdd_v2,dnn_5class_smote,403,4,4,1,0.9695048332214355,0.5384615659713745,0.9695048332214355,79.69263458251953
nsl_kdd_v2,dnn_5class_smote,404,1,1,1,0.9999246597290039,0.4285714328289032,0.9998350143432617,75.38870239257812
nsl_kdd_v2,dnn_5class_smote,405,4,0,0,0.9999244809150696,0.5384615659713745,0.9999244809150696,81.35102844238281
nsl_kdd_v2,dnn_5class_smote,406,0,0,1,0.9999246001243591,0.6666666865348816,0.9999246001243591,87.3536605834961
nsl_kdd_v2,dnn_5class_smote,407,2,2,1,0.9896635413169861,0.5384615659713745,0.9896635413169861,80.79353332519531
nsl_kdd_v2,dnn_5class_smote,408,1,1,1,0.9999246597290039,0.4285714328289032,0.9998350143432617,75.38870239257812
nsl_kdd_v2,dnn_5class_smote,409,1,1,1,0.9999246597290039,0.3333333432674408,0.9998350143432617,69.33057403564453
nsl_kdd_v2,dnn_5class_smote,410,2,0,0,0.9999246001243591,0.3333333432674408,0.9999246001243591,69.3326416015625
nsl_kdd_v2,dnn_5class_smote,411,0,0,1,0.9999246001243591,0.6666666865348816,0.9999246001243591,87.3536605834961
nsl_kdd_v2,dnn_5class_smote,412,1,1,1,0.9999246597290039,0.5384615659713745,0.9998350143432617,81.34860229492188
nsl_kdd_v2,dnn_5class_smote,413,0,0,1,0.9999246001243591,0.5384615659713745,0.9999246001243591,81.35103607177734
nsl_kdd_v2,dnn_5class_smote,414,2,2,1,0.9999688863754272,0.6666666865348816,0.9999688863754272,87.35623168945312
nsl_kdd_v2,dnn_5class_smote,415,3,0,0,0.7596983909606934,0.5384615659713745,0.7596983909606934,67.73487854003906
nsl_kdd_v2,dnn_5class_smote,416,0,0,1,0.9999246001243591,0.5384615659713745,0.9999246001243591,81.35103607177734
nsl_kdd_v2,dnn_5class_smote,417,0,0,1,0.9999246001243591,0.6666666865348816,0.9999246001243591,87.3536605834961
nsl_kdd_v2,dnn_5class_smote,418,3,0,0,0.9999246001243591,0.4285714328289032,0.9999246001243591,75.39095306396484
nsl_kdd_v2,dnn_5class_smote,419,3,0,0,0.9471911787986755,0.5384615659713745,0.9471911787986755,78.46511840820312
nsl_kdd_v2,dnn_5class_smote,420,1,1,1,0.9999246597290039,0.5384615659713745,0.9998350143432617,81.34860229492188
nsl_kdd_v2,dnn_5class_smote,421,4,0,0,0.9947551488876343,0.5384615659713745,0.9947551488876343,81.0704116821289
nsl_kdd_v2,dnn_5class_smote,422,2,2,1,0.5078436136245728,0.5384615659713745,0.5078436136245728,51.78511047363281
nsl_kdd_v2,dnn_5class_smote,423,2,0,0,0.9999244809150696,0.3333333432674408,0.9999244809150696,69.33263397216797
nsl_kdd_v2,dnn_5class_smote,424,3,0,0,0.9999246001243591,0.3333333432674408,0.9999246001243591,69.3326416015625
nsl_kdd_v2,dnn_5class_smote,425,0,0,1,0.9999246001243591,0.4285714328289032,0.9999246001243591,75.39095306396484
nsl_kdd_v2,dnn_5class_smote,426,2,1,0,0.9896886944770813,0.4285714328289032,0.9774223566055298,74.56494903564453
nsl_kdd_v2,dnn_5class_smote,427,3,0,0,0.9999246001243591,0.4285714328289032,0.9999246001243591,75.39095306396484
nsl_kdd_v2,dnn_5class_smote,428,0,0,1,0.9999246001243591,0.5384615659713745,0.9999246001243591,81.35103607177734
nsl_kdd_v2,dnn_5class_smote,429,0,0,1,0.9999246001243591,0.4285714328289032,0.9999246001243591,75.39095306396484
nsl_kdd_v2,dnn_5class_smote,430,3,0,0,0.9999244809150696,0.5384615659713745,0.9999244809150696,81.35102844238281
nsl_kdd_v2,dnn_5class_smote,431,0,0,1,0.9999246001243591,0.6666666865348816,0.9999246001243591,87.3536605834961
nsl_kdd_v2,dnn_5class_smote,432,1,0,0,0.9999244809150696,0.5384615659713745,0.9999244809150696,81.35102844238281
nsl_kdd_v2,dnn_5class_smote,433,1,0,0,0.9999244809150696,0.3333333432674408,0.9999244809150696,69.33263397216797
nsl_kdd_v2,dnn_5class_smote,434,3,0,0,0.9999246001243591,0.5384615659713745,0.9999246001243591,81.35103607177734
nsl_kdd_v2,dnn_5class_smote,435,4,0,0,0.9821237921714783,0.4285714328289032,0.9821237921714783,74.4935302734375
nsl_kdd_v2,dnn_5class_smote,436,3,0,0,0.9999246001243591,0.3333333432674408,0.9999246001243591,69.3326416015625
nsl_kdd_v2,dnn_5class_smote,437,2,0,0,0.5371311902999878,0.6666666865348816,0.5371311902999878,57.7240104675293
nsl_kdd_v2,dnn_5class_smote,438,3,0,0,0.9999246001243591,0.3333333432674408,0.9999246001243591,69.3326416015625
nsl_kdd_v2,dnn_5class_smote,439,3,0,0,0.9999246001243591,0.4285714328289032,0.9999246001243591,75.39095306396484
nsl_kdd_v2,dnn_5class_smote,440,1,1,1,0.9999246597290039,0.5384615659713745,0.9998350143432617,81.34860229492188
nsl_kdd_v2,dnn_5class_smote,441,0,0,1,0.9999246001243591,0.6666666865348816,0.9999246001243591,87.3536605834961
nsl_kdd_v2,dnn_5class_smote,442,0,0,1,0.9999246001243591,0.5384615659713745,0.9999246001243591,81.35103607177734
nsl_kdd_v2,dnn_5class_smote,443,0,0,1,0.9999246001243591,0.5384615659713745,0.9999246001243591,81.35103607177734
nsl_kdd_v2,dnn_5class_smote,444,1,1,1,0.9999246597290039,0.5384615659713745,0.9998350143432617,81.34860229492188
nsl_kdd_v2,dnn_5class_smote,445,0,0,1,0.9999246001243591,0.3333333432674408,0.9999246001243591,69.3326416015625
nsl_kdd_v2,dnn_5class_smote,446,1,1,1,0.9896886944770813,0.4285714328289032,0.9774223566055298,74.56494903564453
nsl_kdd_v2,dnn_5class_smote,447,1,1,1,0.9999246597290039,0.4285714328289032,0.9998350143432617,75.38870239257812
nsl_kdd_v2,dnn_5class_smote,448,2,0,0,0.9999246001243591,0.5384615659713745,0.9999246001243591,81.35103607177734
nsl_kdd_v2,dnn_5class_smote,449,2,2,1,0.9999688863754272,0.6666666865348816,0.9999688863754272,87.35623168945312
nsl_kdd_v2,dnn_5class_smote,450,0,0,1,0.9999246001243591,0.4285714328289032,0.9999246001243591,75.39095306396484
nsl_kdd_v2,dnn_5class_smote,451,0,0,1,0.9999246001243591,0.6666666865348816,0.9999246001243591,87.3536605834961
nsl_kdd_v2,dnn_5class_smote,452,0,0,1,0.9999246001243591,0.4285714328289032,0.9999246001243591,75.39095306396484
nsl_kdd_v2,dnn_5class_smote,453,3,0,0,0.9999246001243591,0.6666666865348816,0.9999246001243591,87.3536605834961
nsl_kdd_v2,dnn_5class_smote,454,3,0,0,0.9999246001243591,0.4285714328289032,0.9999246001243591,75.39095306396484
nsl_kdd_v2,dnn_5class_smote,455,0,0,1,0.9999246001243591,0.5384615659713745,0.9999246001243591,81.35103607177734
nsl_kdd_v2,dnn_5class_smote,456,0,0,1,0.9999246001243591,0.4285714328289032,0.9999246001243591,75.39095306396484
nsl_kdd_v2,dnn_5class_smote,457,3,0,0,0.9999246001243591,0.4285714328289032,0.9999246001243591,75.39095306396484
nsl_kdd_v2,dnn_5class_smote,458,1,0,0,0.9999244809150696,0.3333333432674408,0.9999244809150696,69.33263397216797
nsl_kdd_v2,dnn_5class_smote,459,0,0,1,0.9999246001243591,0.5384615659713745,0.9999246001243591,81.35103607177734
nsl_kdd_v2,dnn_5class_smote,460,0,0,1,0.9999246001243591,0.5384615659713745,0.9999246001243591,81.35103607177734
nsl_kdd_v2,dnn_5class_smote,461,2,1,0,0.649962842464447,0.4285714328289032,0.23355859518051147,40.219425201416016
nsl_kdd_v2,dnn_5class_smote,462,2,2,1,0.9999688863754272,0.6666666865348816,0.9999688863754272,87.35623168945312
nsl_kdd_v2,dnn_5class_smote,463,0,0,1,0.9999246001243591,0.5384615659713745,0.9999246001243591,81.35103607177734
nsl_kdd_v2,dnn_5class_smote,464,2,2,1,0.9999688863754272,0.5384615659713745,0.9999688863754272,81.35343170166016
nsl_kdd_v2,dnn_5class_smote,465,0,0,1,0.9999246001243591,0.4285714328289032,0.9999246001243591,75.39095306396484
nsl_kdd_v2,dnn_5class_smote,466,0,0,1,0.9999246001243591,0.6666666865348816,0.9999246001243591,87.3536605834961
nsl_kdd_v2,dnn_5class_smote,467,1,1,1,0.9896886944770813,0.4285714328289032,0.9774223566055298,74.56494903564453
nsl_kdd_v2,dnn_5class_smote,468,3,0,0,0.9999246001243591,0.5384615659713745,0.9999246001243591,81.35103607177734
nsl_kdd_v2,dnn_5class_smote,469,0,0,1,0.9999246001243591,0.5384615659713745,0.9999246001243591,81.35103607177734
nsl_kdd_v2,dnn_5class_smote,470,0,0,1,0.9999246001243591,0.5384615659713745,0.9999246001243591,81.35103607177734
nsl_kdd_v2,dnn_5class_smote,471,3,0,0,0.9999246001243591,0.6666666865348816,0.9999246001243591,87.3536605834961
nsl_kdd_v2,dnn_5class_smote,472,0,0,1,0.9999246001243591,0.5384615659713745,0.9999246001243591,81.35103607177734
nsl_kdd_v2,dnn_5class_smote,473,0,0,1,0.9999246001243591,0.4285714328289032,0.9999246001243591,75.39095306396484
nsl_kdd_v2,dnn_5class_smote,474,0,0,1,0.9999246001243591,0.5384615659713745,0.9999246001243591,81.35103607177734
nsl_kdd_v2,dnn_5class_smote,475,2,2,1,0.9999688863754272,0.6666666865348816,0.9999688863754272,87.35623168945312
nsl_kdd_v2,dnn_5class_smote,476,0,0,1,0.9999246001243591,0.6666666865348816,0.9999246001243591,87.3536605834961
nsl_kdd_v2,dnn_5class_smote,477,1,0,0,0.99992436170578,0.6666666865348816,0.99992436170578,87.3536376953125
nsl_kdd_v2,dnn_5class_smote,478,2,2,1,0.9999688863754272,0.6666666865348816,0.9999688863754272,87.35623168945312
nsl_kdd_v2,dnn_5class_smote,479,3,0,0,0.9999246001243591,0.5384615659713745,0.9999246001243591,81.35103607177734
nsl_kdd_v2,dnn_5class_smote,480,4,4,1,0.6296560168266296,0.4285714328289032,0.6296560168266296,55.387271881103516
nsl_kdd_v2,dnn_5class_smote,481,3,3,1,0.6376981735229492,0.4285714328289032,0.6376981735229492,55.85789108276367
nsl_kdd_v2,dnn_5class_smote,482,1,1,1,0.9896886944770813,0.4285714328289032,0.9774223566055298,74.56494903564453
nsl_kdd_v2,dnn_5class_smote,483,0,0,1,0.9999246001243591,0.6666666865348816,0.9999246001243591,87.3536605834961
nsl_kdd_v2,dnn_5class_smote,484,2,2,1,0.9999688863754272,0.5384615659713745,0.9999688863754272,81.35343170166016
nsl_kdd_v2,dnn_5class_smote,485,2,2,1,0.9999688863754272,0.5384615659713745,0.9999688863754272,81.35343170166016
nsl_kdd_v2,dnn_5class_smote,486,3,0,0,0.9999246001243591,0.5384615659713745,0.9999246001243591,81.35103607177734
nsl_kdd_v2,dnn_5class_smote,487,0,0,1,0.9999246001243591,0.5384615659713745,0.9999246001243591,81.35103607177734
nsl_kdd_v2,dnn_5class_smote,488,0,2,0,0.9999688863754272,0.3333333432674408,0.9999688863754272,69.3346939086914
nsl_kdd_v2,dnn_5class_smote,489,1,1,1,0.9999246597290039,0.5384615659713745,0.9998350143432617,81.34860229492188
nsl_kdd_v2,dnn_5class_smote,490,3,0,0,0.5262782573699951,0.5384615659713745,0.5262782573699951,53.03084182739258
nsl_kdd_v2,dnn_5class_smote,491,2,2,1,0.9999688863754272,0.4285714328289032,0.9999688863754272,75.39318084716797
nsl_kdd_v2,dnn_5class_smote,492,1,1,1,0.9999246597290039,0.5384615659713745,0.9998350143432617,81.34860229492188
nsl_kdd_v2,dnn_5class_smote,493,2,2,1,0.9999688863754272,0.6666666865348816,0.9999688863754272,87.35623168945312
nsl_kdd_v2,dnn_5class_smote,494,4,0,0,0.6285362243652344,0.6666666865348816,0.6285362243652344,64.09976196289062
nsl_kdd_v2,dnn_5class_smote,495,3,0,0,0.9999246001243591,0.5384615659713745,0.9999246001243591,81.35103607177734
nsl_kdd_v2,dnn_5class_smote,496,0,0,1,0.9999246001243591,0.25,0.9999246001243591,62.992881774902344
nsl_kdd_v2,dnn_5class_smote,497,4,0,0,0.9771662354469299,0.6666666865348816,0.9771662354469299,86.02312469482422
nsl_kdd_v2,dnn_5class_smote,498,3,0,0,0.9999246001243591,0.4285714328289032,0.9999246001243591,75.39095306396484
nsl_kdd_v2,dnn_5class_smote,499,1,1,1,0.9999246597290039,0.8181818127632141,0.9998350143432617,93.52229309082031
nsl_kdd_v2,dnn_5class_smote,500,0,0,1,0.9999246001243591,0.6666666865348816,0.9999246001243591,87.3536605834961
nsl_kdd_v2,dnn_5class_smote,501,0,0,1,0.9999246001243591,0.4285714328289032,0.9999246001243591,75.39095306396484
nsl_kdd_v2,dnn_5class_smote,502,0,0,1,0.9999246001243591,0.8181818127632141,0.9999246001243591,93.52508544921875
nsl_kdd_v2,dnn_5class_smote,503,0,0,1,0.9999246001243591,0.6666666865348816,0.9999246001243591,87.3536605834961
nsl_kdd_v2,dnn_5class_smote,504,3,0,0,0.9931451678276062,0.4285714328289032,0.9931451678276062,75.0498046875
nsl_kdd_v2,dnn_5class_smote,505,0,0,1,0.9999246001243591,0.5384615659713745,0.9999246001243591,81.35103607177734
nsl_kdd_v2,dnn_5class_smote,506,0,0,1,0.9999246001243591,0.5384615659713745,0.9999246001243591,81.35103607177734
nsl_kdd_v2,dnn_5class_smote,507,2,2,1,0.9999688863754272,0.5384615659713745,0.9999688863754272,81.35343170166016
nsl_kdd_v2,dnn_5class_smote,508,1,1,1,0.9896886944770813,0.4285714328289032,0.9774223566055298,74.56494903564453
nsl_kdd_v2,dnn_5class_smote,509,0,0,1,0.9999246001243591,0.4285714328289032,0.9999246001243591,75.39095306396484
nsl_kdd_v2,dnn_5class_smote,510,0,0,1,0.9999246001243591,0.5384615659713745,0.9999246001243591,81.35103607177734
nsl_kdd_v2,dnn_5class_smote,511,1,1,1,0.9999246597290039,0.6666666865348816,0.9998350143432617,87.3510513305664
nsl_kdd_v2,dnn_5class_smote,512,3,0,0,0.9999246001243591,0.6666666865348816,0.9999246001243591,87.3536605834961
nsl_kdd_v2,dnn_5class_smote,513,3,0,0,0.9999246001243591,0.8181818127632141,0.9999246001243591,93.52508544921875
nsl_kdd_v2,dnn_5class_smote,514,0,0,1,0.9999246001243591,0.25,0.9999246001243591,62.992881774902344
nsl_kdd_v2,dnn_5class_smote,515,1,1,1,0.9999246597290039,0.3333333432674408,0.9998350143432617,69.33057403564453
nsl_kdd_v2,dnn_5class_smote,516,3,0,0,0.9999246001243591,0.4285714328289032,0.9999246001243591,75.39095306396484
nsl_kdd_v2,dnn_5class_smote,517,2,0,0,0.7741947174072266,0.6666666865348816,0.7741947174072266,73.65514373779297
nsl_kdd_v2,dnn_5class_smote,518,1,1,1,0.9999246597290039,0.6666666865348816,0.9998350143432617,87.3510513305664
nsl_kdd_v2,dnn_5class_smote,519,2,2,1,0.9999688863754272,0.4285714328289032,0.9999688863754272,75.39318084716797
nsl_kdd_v2,dnn_5class_smote,520,3,0,0,0.9999246001243591,0.5384615659713745,0.9999246001243591,81.35103607177734
nsl_kdd_v2,dnn_5class_smote,521,1,1,1,0.9999246597290039,0.4285714328289032,0.9998350143432617,75.38870239257812
nsl_kdd_v2,dnn_5class_smote,522,4,0,0,0.9821212291717529,0.6666666865348816,0.9821212291717529,86.31368255615234
nsl_kdd_v2,dnn_5class_smote,523,3,0,0,0.7855029106140137,0.5384615659713745,0.7855029106140137,69.26014709472656
nsl_kdd_v2,dnn_5class_smote,524,3,0,0,0.9999246001243591,0.3333333432674408,0.9999246001243591,69.3326416015625
nsl_kdd_v2,dnn_5class_smote,525,2,2,1,0.9999688863754272,0.4285714328289032,0.9999688863754272,75.39318084716797
nsl_kdd_v2,dnn_5class_smote,526,2,0,0,0.6936162710189819,0.4285714328289032,0.6936162710189819,59.077293395996094
nsl_kdd_v2,dnn_5class_smote,527,1,1,1,0.9999246597290039,0.5384615659713745,0.9998350143432617,81.34860229492188
nsl_kdd_v2,dnn_5class_smote,528,2,2,1,0.9999688863754272,0.5384615659713745,0.9999688863754272,81.35343170166016
nsl_kdd_v2,dnn_5class_smote,529,4,0,0,0.9999246001243591,0.25,0.9999246001243591,62.992881774902344
nsl_kdd_v2,dnn_5class_smote,530,2,2,1,0.9896635413169861,0.5384615659713745,0.9896635413169861,80.79353332519531
nsl_kdd_v2,dnn_5class_smote,531,2,0,0,0.9999246001243591,0.25,0.9999246001243591,62.992881774902344
nsl_kdd_v2,dnn_5class_smote,532,1,1,1,0.9999246597290039,0.4285714328289032,0.9998350143432617,75.38870239257812
nsl_kdd_v2,dnn_5class_smote,533,2,2,1,0.9999688863754272,0.5384615659713745,0.9999688863754272,81.35343170166016
nsl_kdd_v2,dnn_5class_smote,534,3,0,0,0.9999246001243591,0.25,0.9999246001243591,62.992881774902344
nsl_kdd_v2,dnn_5class_smote,535,0,0,1,0.9999246001243591,0.5384615659713745,0.9999246001243591,81.35103607177734
nsl_kdd_v2,dnn_5class_smote,536,2,2,1,0.9964355230331421,0.5384615659713745,0.9964355230331421,81.16168212890625
nsl_kdd_v2,dnn_5class_smote,537,3,3,1,0.670061469078064,0.6666666865348816,0.670061469078064,66.8927993774414
nsl_kdd_v2,dnn_5class_smote,538,1,1,1,0.9963915944099426,0.5384615659713745,0.9920990467071533,81.0425796508789
nsl_kdd_v2,dnn_5class_smote,539,0,0,1,0.9999246001243591,0.6666666865348816,0.9999246001243591,87.3536605834961
nsl_kdd_v2,dnn_5class_smote,540,4,0,0,0.6995633840560913,0.4285714328289032,0.6995633840560913,59.41450119018555
nsl_kdd_v2,dnn_5class_smote,541,2,2,1,0.9896635413169861,0.5384615659713745,0.9896635413169861,80.79353332519531
nsl_kdd_v2,dnn_5class_smote,542,0,0,1,0.9999246001243591,0.4285714328289032,0.9999246001243591,75.39095306396484
nsl_kdd_v2,dnn_5class_smote,543,1,1,1,0.9999246597290039,0.4285714328289032,0.9998350143432617,75.38870239257812
nsl_kdd_v2,dnn_5class_smote,544,1,1,1,0.9999246597290039,0.5384615659713745,0.9998350143432617,81.34860229492188
nsl_kdd_v2,dnn_5class_smote,545,1,1,1,0.9999246597290039,0.4285714328289032,0.9998350143432617,75.38870239257812
nsl_kdd_v2,dnn_5class_smote,546,1,0,0,0.9821541905403137,0.5384615659713745,0.9821541905403137,80.38432312011719
nsl_kdd_v2,dnn_5class_smote,547,3,0,0,0.9999246001243591,0.4285714328289032,0.9999246001243591,75.39095306396484
nsl_kdd_v2,dnn_5class_smote,548,3,0,0,0.9999246001243591,0.4285714328289032,0.9999246001243591,75.39095306396484
nsl_kdd_v2,dnn_5class_smote,549,3,0,0,0.9999246001243591,0.3333333432674408,0.9999246001243591,69.3326416015625
nsl_kdd_v2,dnn_5class_smote,550,1,1,1,0.9999246597290039,0.3333333432674408,0.9998350143432617,69.33057403564453
nsl_kdd_v2,dnn_5class_smote,551,2,2,1,0.9999688863754272,0.6666666865348816,0.9999688863754272,87.35623168945312
nsl_kdd_v2,dnn_5class_smote,552,0,0,1,0.9999246001243591,0.5384615659713745,0.9999246001243591,81.35103607177734
nsl_kdd_v2,dnn_5class_smote,553,2,0,0,0.5237557888031006,0.6666666865348816,0.5237557888031006,56.76171112060547
nsl_kdd_v2,dnn_5class_smote,554,0,0,1,0.9999246001243591,0.6666666865348816,0.9999246001243591,87.3536605834961
nsl_kdd_v2,dnn_5class_smote,555,2,0,0,0.9999244809150696,0.4285714328289032,0.9999244809150696,75.39094543457031
nsl_kdd_v2,dnn_5class_smote,556,3,0,0,0.9999246001243591,0.5384615659713745,0.9999246001243591,81.35103607177734
nsl_kdd_v2,dnn_5class_smote,557,1,3,0,0.9897567629814148,0.4285714328289032,0.9897567629814148,74.8790054321289
nsl_kdd_v2,dnn_5class_smote,558,0,0,1,0.9999246001243591,0.5384615659713745,0.9999246001243591,81.35103607177734
nsl_kdd_v2,dnn_5class_smote,559,0,0,1,0.9999246001243591,0.6666666865348816,0.9999246001243591,87.3536605834961
nsl_kdd_v2,dnn_5class_smote,560,0,0,1,0.9999246001243591,0.4285714328289032,0.9999246001243591,75.39095306396484
nsl_kdd_v2,dnn_5class_smote,561,0,0,1,0.9999246001243591,0.6666666865348816,0.9999246001243591,87.3536605834961
nsl_kdd_v2,dnn_5class_smote,562,3,0,0,0.9880967736244202,0.3333333432674408,0.9880967736244202,68.7848129272461
nsl_kdd_v2,dnn_5class_smote,563,2,2,1,0.9999688863754272,0.5384615659713745,0.9999688863754272,81.35343170166016
nsl_kdd_v2,dnn_5class_smote,564,3,0,0,0.9999246001243591,0.5384615659713745,0.9999246001243591,81.35103607177734
nsl_kdd_v2,dnn_5class_smote,565,1,1,1,0.9999246597290039,0.25,0.9998350143432617,62.991004943847656
nsl_kdd_v2,dnn_5class_smote,566,3,0,0,0.9999246001243591,0.1764705926179886,0.9999246001243591,56.087867736816406
nsl_kdd_v2,dnn_5class_smote,567,0,0,1,0.9999246001243591,0.6666666865348816,0.9999246001243591,87.3536605834961
nsl_kdd_v2,dnn_5class_smote,568,0,0,1,0.9999246001243591,0.25,0.9999246001243591,62.992881774902344
nsl_kdd_v2,dnn_5class_smote,569,1,1,1,0.9999246597290039,0.5384615659713745,0.9998350143432617,81.34860229492188
nsl_kdd_v2,dnn_5class_smote,570,2,2,1,0.5417020916938782,0.6666666865348816,0.5417020916938782,58.051025390625
nsl_kdd_v2,dnn_5class_smote,571,2,1,0,0.9999246597290039,0.4285714328289032,0.9998350143432617,75.38870239257812
nsl_kdd_v2,dnn_5class_smote,572,2,2,1,0.9999688863754272,0.5384615659713745,0.9999688863754272,81.35343170166016
nsl_kdd_v2,dnn_5class_smote,573,3,0,0,0.9999246001243591,0.25,0.9999246001243591,62.992881774902344
nsl_kdd_v2,dnn_5class_smote,574,4,0,0,0.988932728767395,0.6666666865348816,0.988932728767395,86.71231079101562
nsl_kdd_v2,dnn_5class_smote,575,1,0,0,0.9999246001243591,0.5384615659713745,0.9999246001243591,81.35103607177734
nsl_kdd_v2,dnn_5class_smote,576,0,0,1,0.9999246001243591,0.3333333432674408,0.9999246001243591,69.3326416015625
nsl_kdd_v2,dnn_5class_smote,577,0,0,1,0.9999246001243591,0.5384615659713745,0.9999246001243591,81.35103607177734
nsl_kdd_v2,dnn_5class_smote,578,4,0,0,0.5655572414398193,0.5384615659713745,0.5655572414398193,55.63771057128906
nsl_kdd_v2,dnn_5class_smote,579,4,4,1,0.9697033762931824,0.4285714328289032,0.9697033762931824,73.86414337158203
nsl_kdd_v2,dnn_5class_smote,580,2,2,1,0.9999688863754272,0.5384615659713745,0.9999688863754272,81.35343170166016
nsl_kdd_v2,dnn_5class_smote,581,0,0,1,0.9999246001243591,0.5384615659713745,0.9999246001243591,81.35103607177734
nsl_kdd_v2,dnn_5class_smote,582,1,0,0,0.9947551488876343,0.5384615659713745,0.9947551488876343,81.0704116821289
nsl_kdd_v2,dnn_5class_smote,583,4,0,0,0.986517608165741,0.5384615659713745,0.986517608165741,80.62223052978516
nsl_kdd_v2,dnn_5class_smote,584,1,1,1,0.9999246597290039,0.8181818127632141,0.9998350143432617,93.52229309082031
nsl_kdd_v2,dnn_5class_smote,585,2,0,0,0.9999246001243591,0.3333333432674408,0.9999246001243591,69.3326416015625
nsl_kdd_v2,dnn_5class_smote,586,3,0,0,0.9999246001243591,0.5384615659713745,0.9999246001243591,81.35103607177734
nsl_kdd_v2,dnn_5class_smote,587,0,0,1,0.9999246001243591,0.5384615659713745,0.9999246001243591,81.35103607177734
nsl_kdd_v2,dnn_5class_smote,588,4,0,0,0.9999246001243591,0.25,0.9999246001243591,62.992881774902344
nsl_kdd_v2,dnn_5class_smote,589,3,0,0,0.9999246001243591,0.5384615659713745,0.9999246001243591,81.35103607177734
nsl_kdd_v2,dnn_5class_smote,590,2,2,1,0.9999688863754272,0.3333333432674408,0.9999688863754272,69.3346939086914
nsl_kdd_v2,dnn_5class_smote,591,3,3,1,0.9963915944099426,0.4285714328289032,0.9963915944099426,75.21326446533203
nsl_kdd_v2,dnn_5class_smote,592,1,1,1,0.9999246597290039,0.1764705926179886,0.9998350143432617,56.0861930847168
nsl_kdd_v2,dnn_5class_smote,593,3,0,0,0.9999246001243591,0.4285714328289032,0.9999246001243591,75.39095306396484
nsl_kdd_v2,dnn_5class_smote,594,2,2,1,0.9999688863754272,0.5384615659713745,0.9999688863754272,81.35343170166016
nsl_kdd_v2,dnn_5class_smote,595,2,2,1,0.9964355230331421,0.6666666865348816,0.9964355230331421,87.15033721923828
nsl_kdd_v2,dnn_5class_smote,596,0,0,1,0.9999246001243591,0.4285714328289032,0.9999246001243591,75.39095306396484
nsl_kdd_v2,dnn_5class_smote,597,4,0,0,0.6042406558990479,0.6666666865348816,0.6042406558990479,62.4371223449707
nsl_kdd_v2,dnn_5class_smote,598,3,0,0,0.9999246001243591,0.4285714328289032,0.9999246001243591,75.39095306396484
nsl_kdd_v2,dnn_5class_smote,599,0,0,1,0.9999246001243591,0.4285714328289032,0.9999246001243591,75.39095306396484
nsl_kdd_v2,dnn_5class_smote,600,2,2,1,0.9999688863754272,0.6666666865348816,0.9999688863754272,87.35623168945312
nsl_kdd_v2,dnn_5class_smote,601,2,2,1,0.9999688863754272,0.4285714328289032,0.9999688863754272,75.39318084716797
nsl_kdd_v2,dnn_5class_smote,602,2,2,1,0.9896635413169861,0.5384615659713745,0.9896635413169861,80.79353332519531
nsl_kdd_v2,dnn_5class_smote,603,1,1,1,0.9999246597290039,0.5384615659713745,0.9998350143432617,81.34860229492188
nsl_kdd_v2,dnn_5class_smote,604,1,1,1,0.9999246597290039,0.6666666865348816,0.9998350143432617,87.3510513305664
nsl_kdd_v2,dnn_5class_smote,605,1,1,1,0.9999246597290039,0.8181818127632141,0.9998350143432617,93.52229309082031
nsl_kdd_v2,dnn_5class_smote,606,0,0,1,0.9999246001243591,0.6666666865348816,0.9999246001243591,87.3536605834961
nsl_kdd_v2,dnn_5class_smote,607,2,2,1,0.9999688863754272,0.6666666865348816,0.9999688863754272,87.35623168945312
nsl_kdd_v2,dnn_5class_smote,608,1,3,0,0.9897567629814148,0.4285714328289032,0.9897567629814148,74.8790054321289
nsl_kdd_v2,dnn_5class_smote,609,0,0,1,0.9999244809150696,0.5384615659713745,0.9999244809150696,81.35102844238281
nsl_kdd_v2,dnn_5class_smote,610,1,1,1,0.9999246597290039,0.5384615659713745,0.9998350143432617,81.34860229492188
nsl_kdd_v2,dnn_5class_smote,611,1,1,1,0.9999246597290039,0.5384615659713745,0.9998350143432617,81.34860229492188
nsl_kdd_v2,dnn_5class_smote,612,2,2,1,0.9999688863754272,0.5384615659713745,0.9999688863754272,81.35343170166016
nsl_kdd_v2,dnn_5class_smote,613,0,0,1,0.9999246001243591,0.4285714328289032,0.9999246001243591,75.39095306396484
nsl_kdd_v2,dnn_5class_smote,614,2,0,0,0.5245752930641174,0.8181818127632141,0.5245752930641174,60.83523178100586
nsl_kdd_v2,dnn_5class_smote,615,0,0,1,0.9999246001243591,0.5384615659713745,0.9999246001243591,81.35103607177734
nsl_kdd_v2,dnn_5class_smote,616,2,1,0,0.5233830809593201,0.5384615659713745,0.0,0.6556288599967957
nsl_kdd_v2,dnn_5class_smote,617,1,1,1,0.9999246597290039,0.5384615659713745,0.9998350143432617,81.34860229492188
nsl_kdd_v2,dnn_5class_smote,618,0,0,1,0.9999246001243591,0.6666666865348816,0.9999246001243591,87.3536605834961
nsl_kdd_v2,dnn_5class_smote,619,1,1,1,0.9999246597290039,0.4285714328289032,0.9998350143432617,75.38870239257812
nsl_kdd_v2,dnn_5class_smote,620,2,1,0,0.9897567629814148,0.5384615659713745,0.977571427822113,80.46566009521484
nsl_kdd_v2,dnn_5class_smote,621,0,2,0,0.9896635413169861,0.8181818127632141,0.9896635413169861,92.8841552734375
nsl_kdd_v2,dnn_5class_smote,622,1,1,1,0.9999246597290039,0.5384615659713745,0.9998350143432617,81.34860229492188
nsl_kdd_v2,dnn_5class_smote,623,3,0,0,0.5262782573699951,0.4285714328289032,0.5262782573699951,49.14560317993164
nsl_kdd_v2,dnn_5class_smote,624,4,4,1,0.9697714447975159,0.4285714328289032,0.9697714447975159,73.86759948730469
nsl_kdd_v2,dnn_5class_smote,625,2,0,0,0.9880971312522888,0.5384615659713745,0.9880971312522888,80.70826721191406
nsl_kdd_v2,dnn_5class_smote,626,3,3,1,0.9897567629814148,0.5384615659713745,0.9897567629814148,80.79861450195312
nsl_kdd_v2,dnn_5class_smote,627,2,2,1,0.9999688863754272,0.5384615659713745,0.9999688863754272,81.35343170166016
nsl_kdd_v2,dnn_5class_smote,628,1,1,1,0.9999246597290039,0.5384615659713745,0.9998350143432617,81.34860229492188
nsl_kdd_v2,dnn_5class_smote,629,0,0,1,0.9999246001243591,0.5384615659713745,0.9999246001243591,81.35103607177734
nsl_kdd_v2,dnn_5class_smote,630,1,1,1,0.649962842464447,0.6666666865348816,0.23355859518051147,46.60126495361328
nsl_kdd_v2,dnn_5class_smote,631,3,0,0,0.9999246001243591,0.4285714328289032,0.9999246001243591,75.39095306396484
nsl_kdd_v2,dnn_5class_smote,632,1,1,1,0.9999246597290039,0.4285714328289032,0.9998350143432617,75.38870239257812
nsl_kdd_v2,dnn_5class_smote,633,1,0,0,0.6285362243652344,0.25,0.6285362243652344,46.22393035888672
nsl_kdd_v2,dnn_5class_smote,634,2,1,0,0.9999246597290039,0.5384615659713745,0.9998350143432617,81.34860229492188
nsl_kdd_v2,dnn_5class_smote,635,2,2,1,0.9999688863754272,0.4285714328289032,0.9999688863754272,75.39318084716797
nsl_kdd_v2,dnn_5class_smote,636,3,0,0,0.9999246001243591,0.4285714328289032,0.9999246001243591,75.39095306396484
nsl_kdd_v2,dnn_5class_smote,637,0,0,1,0.9999244809150696,0.3333333432674408,0.9999244809150696,69.33263397216797
nsl_kdd_v2,dnn_5class_smote,638,0,0,1,0.9999246001243591,0.6666666865348816,0.9999246001243591,87.3536605834961
nsl_kdd_v2,dnn_5class_smote,639,1,1,1,0.9896886944770813,0.4285714328289032,0.9774223566055298,74.56494903564453
nsl_kdd_v2,dnn_5class_smote,640,3,0,0,0.9999246001243591,0.4285714328289032,0.9999246001243591,75.39095306396484
nsl_kdd_v2,dnn_5class_smote,641,2,2,1,0.9999688863754272,0.4285714328289032,0.9999688863754272,75.39318084716797
nsl_kdd_v2,dnn_5class_smote,642,1,1,1,0.9896886944770813,0.5384615659713745,0.9774223566055298,80.459716796875
nsl_kdd_v2,dnn_5class_smote,643,1,1,1,0.9999246597290039,0.4285714328289032,0.9998350143432617,75.38870239257812
nsl_kdd_v2,dnn_5class_smote,644,1,1,1,0.9999246597290039,0.5384615659713745,0.9998350143432617,81.34860229492188
nsl_kdd_v2,dnn_5class_smote,645,2,2,1,0.9896635413169861,0.8181818127632141,0.9896635413169861,92.8841552734375
nsl_kdd_v2,dnn_5class_smote,646,0,0,1,0.9999246001243591,0.5384615659713745,0.9999246001243591,81.35103607177734
nsl_kdd_v2,dnn_5class_smote,647,0,0,1,0.9999246001243591,0.6666666865348816,0.9999246001243591,87.3536605834961
nsl_kdd_v2,dnn_5class_smote,648,0,0,1,0.9999246001243591,0.6666666865348816,0.9999246001243591,87.3536605834961
nsl_kdd_v2,dnn_5class_smote,649,1,1,1,0.9999246597290039,0.4285714328289032,0.9998350143432617,75.38870239257812
nsl_kdd_v2,dnn_5class_smote,650,3,0,0,0.9999246001243591,0.4285714328289032,0.9999246001243591,75.39095306396484
nsl_kdd_v2,dnn_5class_smote,651,1,1,1,0.649962842464447,0.8181818127632141,0.23355859518051147,49.893585205078125
nsl_kdd_v2,dnn_5class_smote,652,0,0,1,0.9999246001243591,0.8181818127632141,0.9999246001243591,93.52508544921875
nsl_kdd_v2,dnn_5class_smote,653,1,1,1,0.9999246597290039,0.5384615659713745,0.9998350143432617,81.34860229492188
nsl_kdd_v2,dnn_5class_smote,654,3,0,0,0.9999246001243591,0.5384615659713745,0.9999246001243591,81.35103607177734
nsl_kdd_v2,dnn_5class_smote,655,1,1,1,0.9999246597290039,0.4285714328289032,0.9998350143432617,75.38870239257812
nsl_kdd_v2,dnn_5class_smote,656,2,0,0,0.994807243347168,0.6666666865348816,0.994807243347168,87.05536651611328
nsl_kdd_v2,dnn_5class_smote,657,3,3,1,0.6376981735229492,0.3333333432674408,0.6376981735229492,51.369224548339844
nsl_kdd_v2,dnn_5class_smote,658,3,0,0,0.9999246001243591,0.3333333432674408,0.9999246001243591,69.3326416015625
nsl_kdd_v2,dnn_5class_smote,659,4,4,1,0.8497036695480347,0.5384615659713745,0.8497036695480347,72.984375
nsl_kdd_v2,dnn_5class_smote,660,3,0,0,0.9999246001243591,0.25,0.9999246001243591,62.992881774902344
nsl_kdd_v2,dnn_5class_smote,661,3,0,0,0.9999246001243591,0.4285714328289032,0.9999246001243591,75.39095306396484
nsl_kdd_v2,dnn_5class_smote,662,3,0,0,0.9999244809150696,0.3333333432674408,0.9999244809150696,69.33263397216797
nsl_kdd_v2,dnn_5class_smote,663,2,2,1,0.8421527743339539,0.6666666865348816,0.8421527743339539,77.90467071533203
nsl_kdd_v2,dnn_5class_smote,664,4,0,0,0.9999246001243591,0.3333333432674408,0.9999246001243591,69.3326416015625
nsl_kdd_v2,dnn_5class_smote,665,0,0,1,0.9999246001243591,0.3333333432674408,0.9999246001243591,69.3326416015625
nsl_kdd_v2,dnn_5class_smote,666,1,1,1,0.9999246597290039,0.4285714328289032,0.9998350143432617,75.38870239257812
nsl_kdd_v2,dnn_5class_smote,667,0,0,1,0.9999244809150696,0.5384615659713745,0.9999244809150696,81.35102844238281
nsl_kdd_v2,dnn_5class_smote,668,0,0,1,0.9999246001243591,0.8181818127632141,0.9999246001243591,93.52508544921875
nsl_kdd_v2,dnn_5class_smote,669,0,0,1,0.9999246001243591,0.3333333432674408,0.9999246001243591,69.3326416015625
nsl_kdd_v2,dnn_5class_smote,670,2,2,1,0.9999688863754272,0.5384615659713745,0.9999688863754272,81.35343170166016
nsl_kdd_v2,dnn_5class_smote,671,3,4,0,0.8492690324783325,0.5384615659713745,0.8492690324783325,72.95948028564453
nsl_kdd_v2,dnn_5class_smote,672,0,0,1,0.9999246001243591,0.3333333432674408,0.9999246001243591,69.3326416015625
nsl_kdd_v2,dnn_5class_smote,673,3,0,0,0.9999246001243591,0.4285714328289032,0.9999246001243591,75.39095306396484
nsl_kdd_v2,dnn_5class_smote,674,2,2,1,0.5834634304046631,0.6666666865348816,0.5834634304046631,60.997493743896484
nsl_kdd_v2,dnn_5class_smote,675,0,0,1,0.9999246001243591,0.5384615659713745,0.9999246001243591,81.35103607177734
nsl_kdd_v2,dnn_5class_smote,676,0,0,1,0.9999246001243591,0.6666666865348816,0.9999246001243591,87.3536605834961
nsl_kdd_v2,dnn_5class_smote,677,3,0,0,0.9999246001243591,0.4285714328289032,0.9999246001243591,75.39095306396484
nsl_kdd_v2,dnn_5class_smote,678,2,0,0,0.5530193448066711,0.6666666865348816,0.5530193448066711,58.856773376464844
nsl_kdd_v2,dnn_5class_smote,679,0,0,1,0.9999246001243591,0.6666666865348816,0.9999246001243591,87.3536605834961
nsl_kdd_v2,dnn_5class_smote,680,0,0,1,0.9999246001243591,0.5384615659713745,0.9999246001243591,81.35103607177734
nsl_kdd_v2,dnn_5class_smote,681,2,2,1,0.9999688863754272,0.6666666865348816,0.9999688863754272,87.35623168945312
nsl_kdd_v2,dnn_5class_smote,682,1,1,1,0.9999246597290039,0.4285714328289032,0.9998350143432617,75.38870239257812
nsl_kdd_v2,dnn_5class_smote,683,2,0,0,0.9999246001243591,0.6666666865348816,0.9999246001243591,87.3536605834961
nsl_kdd_v2,dnn_5class_smote,684,1,1,1,0.9999246597290039,0.5384615659713745,0.9998350143432617,81.34860229492188
nsl_kdd_v2,dnn_5class_smote,685,3,0,0,0.9999246001243591,0.5384615659713745,0.9999246001243591,81.35103607177734
nsl_kdd_v2,dnn_5class_smote,686,3,0,0,0.9999246001243591,0.4285714328289032,0.9999246001243591,75.39095306396484
nsl_kdd_v2,dnn_5class_smote,687,0,0,1,0.9999246001243591,0.4285714328289032,0.9999246001243591,75.39095306396484
nsl_kdd_v2,dnn_5class_smote,688,4,0,0,0.965686023235321,0.5384615659713745,0.965686023235321,79.48323059082031
nsl_kdd_v2,dnn_5class_smote,689,0,0,1,0.9999246001243591,0.4285714328289032,0.9999246001243591,75.39095306396484
nsl_kdd_v2,dnn_5class_smote,690,2,2,1,0.9999688863754272,0.8181818127632141,0.9999688863754272,93.52784729003906
nsl_kdd_v2,dnn_5class_smote,691,2,0,0,0.9880971312522888,0.5384615659713745,0.9880971312522888,80.70826721191406
nsl_kdd_v2,dnn_5class_smote,692,0,0,1,0.9999246001243591,0.4285714328289032,0.9999246001243591,75.39095306396484
nsl_kdd_v2,dnn_5class_smote,693,1,0,0,0.9999244809150696,0.3333333432674408,0.9999244809150696,69.33263397216797
nsl_kdd_v2,dnn_5class_smote,694,1,1,1,0.9999246597290039,0.4285714328289032,0.9998350143432617,75.38870239257812
nsl_kdd_v2,dnn_5class_smote,695,3,0,0,0.9999246001243591,0.3333333432674408,0.9999246001243591,69.3326416015625
nsl_kdd_v2,dnn_5class_smote,696,0,0,1,0.9931452870368958,0.3333333432674408,0.9931452870368958,69.01891326904297
nsl_kdd_v2,dnn_5class_smote,697,1,1,1,0.9896886944770813,0.4285714328289032,0.9774223566055298,74.56494903564453
nsl_kdd_v2,dnn_5class_smote,698,2,0,0,0.9999244809150696,0.5384615659713745,0.9999244809150696,81.35102844238281
nsl_kdd_v2,dnn_5class_smote,699,0,0,1,0.9999246001243591,0.4285714328289032,0.9999246001243591,75.39095306396484
nsl_kdd_v2,dnn_5class_smote,700,4,0,0,0.5262782573699951,0.3333333432674408,0.5262782573699951,45.19633483886719
nsl_kdd_v2,dnn_5class_smote,701,0,0,1,0.9999246001243591,0.5384615659713745,0.9999246001243591,81.35103607177734
nsl_kdd_v2,dnn_5class_smote,702,1,1,1,0.9999246597290039,0.5384615659713745,0.9998350143432617,81.34860229492188
nsl_kdd_v2,dnn_5class_smote,703,2,0,0,0.6055504679679871,0.6666666865348816,0.6055504679679871,62.52731704711914
nsl_kdd_v2,dnn_5class_smote,704,1,1,1,0.9999246597290039,0.4285714328289032,0.9998350143432617,75.38870239257812
nsl_kdd_v2,dnn_5class_smote,705,0,0,1,0.9999246001243591,0.8181818127632141,0.9999246001243591,93.52508544921875
nsl_kdd_v2,dnn_5class_smote,706,2,2,1,0.6074605584144592,0.3333333432674408,0.6074605584144592,49.732269287109375
nsl_kdd_v2,dnn_5class_smote,707,0,0,1,0.9999246001243591,0.5384615659713745,0.9999246001243591,81.35103607177734
nsl_kdd_v2,dnn_5class_smote,708,3,0,0,0.9999246001243591,0.5384615659713745,0.9999246001243591,81.35103607177734
nsl_kdd_v2,dnn_5class_smote,709,2,2,1,0.9999688863754272,0.6666666865348816,0.9999688863754272,87.35623168945312
nsl_kdd_v2,dnn_5class_smote,710,2,2,1,0.9999688863754272,0.5384615659713745,0.9999688863754272,81.35343170166016
nsl_kdd_v2,dnn_5class_smote,711,0,0,1,0.9999246001243591,0.5384615659713745,0.9999246001243591,81.35103607177734
nsl_kdd_v2,dnn_5class_smote,712,3,0,0,0.9999246001243591,0.5384615659713745,0.9999246001243591,81.35103607177734
nsl_kdd_v2,dnn_5class_smote,713,2,2,1,0.9999688863754272,0.5384615659713745,0.9999688863754272,81.35343170166016
nsl_kdd_v2,dnn_5class_smote,714,2,2,1,0.9896635413169861,0.4285714328289032,0.9896635413169861,74.87429809570312
nsl_kdd_v2,dnn_5class_smote,715,2,2,1,0.9999688863754272,0.5384615659713745,0.9999688863754272,81.35343170166016
nsl_kdd_v2,dnn_5class_smote,716,3,0,0,0.9999246001243591,0.25,0.9999246001243591,62.992881774902344
nsl_kdd_v2,dnn_5class_smote,717,0,0,1,0.9999246001243591,0.6666666865348816,0.9999246001243591,87.3536605834961
nsl_kdd_v2,dnn_5class_smote,718,3,0,0,0.9999246001243591,0.5384615659713745,0.9999246001243591,81.35103607177734
nsl_kdd_v2,dnn_5class_smote,719,2,2,1,0.9999688863754272,0.4285714328289032,0.9999688863754272,75.39318084716797
nsl_kdd_v2,dnn_5class_smote,720,2,1,0,0.9963915944099426,0.5384615659713745,0.9920990467071533,81.0425796508789
nsl_kdd_v2,dnn_5class_smote,721,0,0,1,0.9999246001243591,0.5384615659713745,0.9999246001243591,81.35103607177734
nsl_kdd_v2,dnn_5class_smote,722,0,0,1,0.9999246001243591,0.6666666865348816,0.9999246001243591,87.3536605834961
nsl_kdd_v2,dnn_5class_smote,723,0,0,1,0.9999246001243591,0.5384615659713745,0.9999246001243591,81.35103607177734
nsl_kdd_v2,dnn_5class_smote,724,0,0,1,0.9999246001243591,0.6666666865348816,0.9999246001243591,87.3536605834961
nsl_kdd_v2,dnn_5class_smote,725,0,0,1,0.9999246001243591,0.6666666865348816,0.9999246001243591,87.3536605834961
nsl_kdd_v2,dnn_5class_smote,726,3,0,0,0.9999246001243591,0.5384615659713745,0.9999246001243591,81.35103607177734
nsl_kdd_v2,dnn_5class_smote,727,2,2,1,0.9898000359535217,0.6666666865348816,0.9898000359535217,86.76300048828125
nsl_kdd_v2,dnn_5class_smote,728,1,1,1,0.9999246597290039,0.5384615659713745,0.9998350143432617,81.34860229492188
nsl_kdd_v2,dnn_5class_smote,729,1,1,1,0.8940445780754089,0.3333333432674408,0.7680000066757202,61.16923522949219
nsl_kdd_v2,dnn_5class_smote,730,2,0,0,0.9879785776138306,0.8181818127632141,0.9879785776138306,92.77870178222656
nsl_kdd_v2,dnn_5class_smote,731,3,0,0,0.9999246001243591,0.6666666865348816,0.9999246001243591,87.3536605834961
nsl_kdd_v2,dnn_5class_smote,732,1,1,1,0.9999246597290039,0.5384615659713745,0.9998350143432617,81.34860229492188
nsl_kdd_v2,dnn_5class_smote,733,0,0,1,0.9999246001243591,0.3333333432674408,0.9999246001243591,69.3326416015625
nsl_kdd_v2,dnn_5class_smote,734,1,1,1,0.9999246597290039,0.4285714328289032,0.9998350143432617,75.38870239257812
nsl_kdd_v2,dnn_5class_smote,735,1,1,1,0.649962842464447,0.4285714328289032,0.23355859518051147,40.219425201416016
nsl_kdd_v2,dnn_5class_smote,736,1,0,0,0.9999244809150696,0.5384615659713745,0.9999244809150696,81.35102844238281
nsl_kdd_v2,dnn_5class_smote,737,1,1,1,0.9897567629814148,0.5384615659713745,0.977571427822113,80.46566009521484
nsl_kdd_v2,dnn_5class_smote,738,3,0,0,0.9999246001243591,0.3333333432674408,0.9999246001243591,69.3326416015625
nsl_kdd_v2,dnn_5class_smote,739,0,0,1,0.9999244809150696,0.5384615659713745,0.9999244809150696,81.35102844238281
nsl_kdd_v2,dnn_5class_smote,740,3,0,0,0.9999244809150696,0.5384615659713745,0.9999244809150696,81.35102844238281
nsl_kdd_v2,dnn_5class_smote,741,0,0,1,0.9999246001243591,0.5384615659713745,0.9999246001243591,81.35103607177734
nsl_kdd_v2,dnn_5class_smote,742,2,2,1,0.9999688863754272,0.3333333432674408,0.9999688863754272,69.3346939086914
nsl_kdd_v2,dnn_5class_smote,743,2,2,1,0.9999688863754272,0.8181818127632141,0.9999688863754272,93.52784729003906
nsl_kdd_v2,dnn_5class_smote,744,3,0,0,0.9999246001243591,0.3333333432674408,0.9999246001243591,69.3326416015625
nsl_kdd_v2,dnn_5class_smote,745,2,2,1,0.9999688863754272,0.5384615659713745,0.9999688863754272,81.35343170166016
nsl_kdd_v2,dnn_5class_smote,746,1,1,1,0.9896886944770813,0.5384615659713745,0.9774223566055298,80.459716796875
nsl_kdd_v2,dnn_5class_smote,747,0,0,1,0.9999246001243591,0.5384615659713745,0.9999246001243591,81.35103607177734
nsl_kdd_v2,dnn_5class_smote,748,2,1,0,0.9999246597290039,0.5384615659713745,0.9998350143432617,81.34860229492188
nsl_kdd_v2,dnn_5class_smote,749,2,2,1,0.9999688863754272,0.3333333432674408,0.9999688863754272,69.3346939086914
nsl_kdd_v2,dnn_5class_smote,750,0,0,1,0.9999246001243591,0.4285714328289032,0.9999246001243591,75.39095306396484
nsl_kdd_v2,dnn_5class_smote,751,2,2,1,0.9999688863754272,0.3333333432674408,0.9999688863754272,69.3346939086914
nsl_kdd_v2,dnn_5class_smote,752,0,0,1,0.9999244809150696,0.5384615659713745,0.9999244809150696,81.35102844238281
nsl_kdd_v2,dnn_5class_smote,753,2,0,0,0.9692359566688538,0.6666666865348816,0.9692359566688538,85.55707550048828
nsl_kdd_v2,dnn_5class_smote,754,3,0,0,0.9999246001243591,0.5384615659713745,0.9999246001243591,81.35103607177734
nsl_kdd_v2,dnn_5class_smote,755,1,1,1,0.9897567629814148,0.5384615659713745,0.977571427822113,80.46566009521484
nsl_kdd_v2,dnn_5class_smote,756,0,1,0,0.9963915944099426,0.3333333432674408,0.9920990467071533,69.06976318359375
nsl_kdd_v2,dnn_5class_smote,757,1,3,0,0.9897567629814148,0.4285714328289032,0.9897567629814148,74.8790054321289
nsl_kdd_v2,dnn_5class_smote,758,0,0,1,0.9999246001243591,0.4285714328289032,0.9999246001243591,75.39095306396484
nsl_kdd_v2,dnn_5class_smote,759,1,1,1,0.9999246597290039,0.3333333432674408,0.9998350143432617,69.33057403564453
nsl_kdd_v2,dnn_5class_smote,760,3,0,0,0.9999246001243591,0.4285714328289032,0.9999246001243591,75.39095306396484
nsl_kdd_v2,dnn_5class_smote,761,0,0,1,0.9999246001243591,0.5384615659713745,0.9999246001243591,81.35103607177734
nsl_kdd_v2,dnn_5class_smote,762,0,0,1,0.9999246001243591,0.4285714328289032,0.9999246001243591,75.39095306396484
nsl_kdd_v2,dnn_5class_smote,763,3,0,0,0.9999246001243591,0.3333333432674408,0.9999246001243591,69.3326416015625
nsl_kdd_v2,dnn_5class_smote,764,0,0,1,0.9999246001243591,0.5384615659713745,0.9999246001243591,81.35103607177734
nsl_kdd_v2,dnn_5class_smote,765,3,3,1,0.5943362712860107,0.25,0.5943362712860107,44.531585693359375
nsl_kdd_v2,dnn_5class_smote,766,2,0,0,0.526300311088562,0.4285714328289032,0.526300311088562,49.146976470947266
nsl_kdd_v2,dnn_5class_smote,767,0,0,1,0.9999246001243591,0.6666666865348816,0.9999246001243591,87.3536605834961
nsl_kdd_v2,dnn_5class_smote,768,0,0,1,0.9999246001243591,0.5384615659713745,0.9999246001243591,81.35103607177734
nsl_kdd_v2,dnn_5class_smote,769,2,2,1,0.9898000359535217,0.5384615659713745,0.9898000359535217,80.80097198486328
nsl_kdd_v2,dnn_5class_smote,770,1,1,1,0.9999246597290039,0.4285714328289032,0.9998350143432617,75.38870239257812
nsl_kdd_v2,dnn_5class_smote,771,0,2,0,0.9964355230331421,0.5384615659713745,0.9964355230331421,81.16168212890625
nsl_kdd_v2,dnn_5class_smote,772,1,1,1,0.9999246597290039,0.3333333432674408,0.9998350143432617,69.33057403564453
nsl_kdd_v2,dnn_5class_smote,773,1,1,1,0.9999246597290039,0.6666666865348816,0.9998350143432617,87.3510513305664
nsl_kdd_v2,dnn_5class_smote,774,3,0,0,0.9880967736244202,0.4285714328289032,0.9880967736244202,74.79525756835938
nsl_kdd_v2,dnn_5class_smote,775,3,0,0,0.9999246001243591,0.4285714328289032,0.9999246001243591,75.39095306396484
nsl_kdd_v2,dnn_5class_smote,776,3,0,0,0.9999244809150696,0.4285714328289032,0.9999244809150696,75.39094543457031
nsl_kdd_v2,dnn_5class_smote,777,4,4,1,0.9700177311897278,0.5384615659713745,0.9700177311897278,79.72074890136719
nsl_kdd_v2,dnn_5class_smote,778,1,0,0,0.9999246001243591,0.6666666865348816,0.9999246001243591,87.3536605834961
nsl_kdd_v2,dnn_5class_smote,779,0,0,1,0.9999246001243591,0.5384615659713745,0.9999246001243591,81.35103607177734
nsl_kdd_v2,dnn_5class_smote,780,0,0,1,0.9999246001243591,0.8181818127632141,0.9999246001243591,93.52508544921875
nsl_kdd_v2,dnn_5class_smote,781,0,0,1,0.9999246001243591,0.6666666865348816,0.9999246001243591,87.3536605834961
nsl_kdd_v2,dnn_5class_smote,782,0,0,1,0.9999246001243591,0.4285714328289032,0.9999246001243591,75.39095306396484
nsl_kdd_v2,dnn_5class_smote,783,1,1,1,0.9999246597290039,0.5384615659713745,0.9998350143432617,81.34860229492188
nsl_kdd_v2,dnn_5class_smote,784,1,1,1,0.9896886944770813,0.5384615659713745,0.9774223566055298,80.459716796875
nsl_kdd_v2,dnn_5class_smote,785,0,0,1,0.9999246001243591,0.4285714328289032,0.9999246001243591,75.39095306396484
nsl_kdd_v2,dnn_5class_smote,786,3,0,0,0.9999246001243591,0.4285714328289032,0.9999246001243591,75.39095306396484
nsl_kdd_v2,dnn_5class_smote,787,1,0,0,0.9999244809150696,0.3333333432674408,0.9999244809150696,69.33263397216797
nsl_kdd_v2,dnn_5class_smote,788,1,1,1,0.9999246597290039,0.6666666865348816,0.9998350143432617,87.3510513305664
nsl_kdd_v2,dnn_5class_smote,789,4,0,0,0.9999246001243591,0.5384615659713745,0.9999246001243591,81.35103607177734
nsl_kdd_v2,dnn_5class_smote,790,0,0,1,0.9999246001243591,0.4285714328289032,0.9999246001243591,75.39095306396484
nsl_kdd_v2,dnn_5class_smote,791,0,0,1,0.9999246001243591,0.5384615659713745,0.9999246001243591,81.35103607177734
nsl_kdd_v2,dnn_5class_smote,792,1,1,1,0.9999246597290039,0.5384615659713745,0.9998350143432617,81.34860229492188
nsl_kdd_v2,dnn_5class_smote,793,2,1,0,0.9999246597290039,0.5384615659713745,0.9998350143432617,81.34860229492188
nsl_kdd_v2,dnn_5class_smote,794,1,1,1,0.9897567629814148,0.25,0.977571427822113,62.30731201171875
nsl_kdd_v2,dnn_5class_smote,795,2,0,0,0.99992436170578,0.5384615659713745,0.99992436170578,81.35102081298828
nsl_kdd_v2,dnn_5class_smote,796,2,0,0,0.6055504083633423,0.8181818127632141,0.6055504083633423,66.94479370117188
nsl_kdd_v2,dnn_5class_smote,797,1,1,1,0.9999246597290039,0.4285714328289032,0.9998350143432617,75.38870239257812
nsl_kdd_v2,dnn_5class_smote,798,1,1,1,0.9896886944770813,0.6666666865348816,0.9774223566055298,86.39657592773438
nsl_kdd_v2,dnn_5class_smote,799,3,0,0,0.9999246001243591,0.6666666865348816,0.9999246001243591,87.3536605834961
nsl_kdd_v2,dnn_5class_smote,800,2,1,0,0.9999246597290039,0.4285714328289032,0.9998350143432617,75.38870239257812
nsl_kdd_v2,dnn_5class_smote,801,2,2,1,0.9999688863754272,0.5384615659713745,0.9999688863754272,81.35343170166016
nsl_kdd_v2,dnn_5class_smote,802,0,0,1,0.9999246001243591,0.3333333432674408,0.9999246001243591,69.3326416015625
nsl_kdd_v2,dnn_5class_smote,803,0,0,1,0.9999246001243591,0.6666666865348816,0.9999246001243591,87.3536605834961
nsl_kdd_v2,dnn_5class_smote,804,1,1,1,0.9999246597290039,0.6666666865348816,0.9998350143432617,87.3510513305664
nsl_kdd_v2,dnn_5class_smote,805,3,0,0,0.9999246001243591,0.5384615659713745,0.9999246001243591,81.35103607177734
nsl_kdd_v2,dnn_5class_smote,806,3,0,0,0.9999244809150696,0.4285714328289032,0.9999244809150696,75.39094543457031
nsl_kdd_v2,dnn_5class_smote,807,2,1,0,0.5562971830368042,0.4285714328289032,0.028468191623687744,18.93345832824707
nsl_kdd_v2,dnn_5class_smote,808,3,0,0,0.9999246001243591,0.6666666865348816,0.9999246001243591,87.3536605834961
nsl_kdd_v2,dnn_5class_smote,809,4,0,0,0.9999244809150696,0.4285714328289032,0.9999244809150696,75.39094543457031
nsl_kdd_v2,dnn_5class_smote,810,0,0,1,0.9999246001243591,0.6666666865348816,0.9999246001243591,87.3536605834961
nsl_kdd_v2,dnn_5class_smote,811,4,0,0,0.9999246001243591,0.5384615659713745,0.9999246001243591,81.35103607177734
nsl_kdd_v2,dnn_5class_smote,812,2,2,1,0.9397507309913635,0.6666666865348816,0.9397507309913635,83.81299591064453
nsl_kdd_v2,dnn_5class_smote,813,0,0,1,0.9999246001243591,0.6666666865348816,0.9999246001243591,87.3536605834961
nsl_kdd_v2,dnn_5class_smote,814,1,1,1,0.9999246597290039,0.4285714328289032,0.9998350143432617,75.38870239257812
nsl_kdd_v2,dnn_5class_smote,815,1,1,1,0.9999246597290039,0.6666666865348816,0.9998350143432617,87.3510513305664
nsl_kdd_v2,dnn_5class_smote,816,1,1,1,0.9999246597290039,0.3333333432674408,0.9998350143432617,69.33057403564453
nsl_kdd_v2,dnn_5class_smote,817,2,2,1,0.9999688863754272,0.5384615659713745,0.9999688863754272,81.35343170166016
nsl_kdd_v2,dnn_5class_smote,818,1,1,1,0.9999246597290039,0.6666666865348816,0.9998350143432617,87.3510513305664
nsl_kdd_v2,dnn_5class_smote,819,0,0,1,0.9999246001243591,0.4285714328289032,0.9999246001243591,75.39095306396484
nsl_kdd_v2,dnn_5class_smote,820,3,0,0,0.99992436170578,0.6666666865348816,0.99992436170578,87.3536376953125
nsl_kdd_v2,dnn_5class_smote,821,4,0,0,0.9999244809150696,0.6666666865348816,0.9999244809150696,87.35364532470703
nsl_kdd_v2,dnn_5class_smote,822,1,1,1,0.9999246597290039,0.5384615659713745,0.9998350143432617,81.34860229492188
nsl_kdd_v2,dnn_5class_smote,823,3,0,0,0.9999246001243591,0.5384615659713745,0.9999246001243591,81.35103607177734
nsl_kdd_v2,dnn_5class_smote,824,1,1,1,0.9999246597290039,0.5384615659713745,0.9998350143432617,81.34860229492188
nsl_kdd_v2,dnn_5class_smote,825,1,1,1,0.9999246597290039,0.25,0.9998350143432617,62.991004943847656
nsl_kdd_v2,dnn_5class_smote,826,0,0,1,0.9999246001243591,0.3333333432674408,0.9999246001243591,69.3326416015625
nsl_kdd_v2,dnn_5class_smote,827,1,1,1,0.9999246597290039,0.5384615659713745,0.9998350143432617,81.34860229492188
nsl_kdd_v2,dnn_5class_smote,828,2,2,1,0.9999688863754272,0.6666666865348816,0.9999688863754272,87.35623168945312
nsl_kdd_v2,dnn_5class_smote,829,2,2,1,0.9999688863754272,0.5384615659713745,0.9999688863754272,81.35343170166016
nsl_kdd_v2,dnn_5class_smote,830,3,0,0,0.9999246001243591,0.25,0.9999246001243591,62.992881774902344
nsl_kdd_v2,dnn_5class_smote,831,3,3,1,0.670061469078064,0.3333333432674408,0.670061469078064,53.09284973144531
nsl_kdd_v2,dnn_5class_smote,832,1,1,1,0.9999246597290039,0.5384615659713745,0.9998350143432617,81.34860229492188
nsl_kdd_v2,dnn_5class_smote,833,2,0,0,0.8001081347465515,0.6666666865348816,0.8001081347465515,75.28966522216797
nsl_kdd_v2,dnn_5class_smote,834,1,1,1,0.9999246597290039,0.6666666865348816,0.9998350143432617,87.3510513305664
nsl_kdd_v2,dnn_5class_smote,835,2,2,1,0.9999688863754272,0.8181818127632141,0.9999688863754272,93.52784729003906
nsl_kdd_v2,dnn_5class_smote,836,1,1,1,0.9999246597290039,0.25,0.9998350143432617,62.991004943847656
nsl_kdd_v2,dnn_5class_smote,837,4,4,1,0.8462013006210327,0.4285714328289032,0.8462013006210327,67.45127868652344
nsl_kdd_v2,dnn_5class_smote,838,3,0,0,0.9999246001243591,0.3333333432674408,0.9999246001243591,69.3326416015625
nsl_kdd_v2,dnn_5class_smote,839,3,0,0,0.9999246001243591,0.4285714328289032,0.9999246001243591,75.39095306396484
nsl_kdd_v2,dnn_5class_smote,840,0,0,1,0.9999246001243591,0.4285714328289032,0.9999246001243591,75.39095306396484
nsl_kdd_v2,dnn_5class_smote,841,0,0,1,0.9999246001243591,0.5384615659713745,0.9999246001243591,81.35103607177734
nsl_kdd_v2,dnn_5class_smote,842,3,0,0,0.9999246001243591,0.5384615659713745,0.9999246001243591,81.35103607177734
nsl_kdd_v2,dnn_5class_smote,843,0,0,1,0.5555402040481567,0.6666666865348816,0.5555402040481567,59.035499572753906
nsl_kdd_v2,dnn_5class_smote,844,1,1,1,0.9999246597290039,0.5384615659713745,0.9998350143432617,81.34860229492188
nsl_kdd_v2,dnn_5class_smote,845,3,0,0,0.9999246001243591,0.4285714328289032,0.9999246001243591,75.39095306396484
nsl_kdd_v2,dnn_5class_smote,846,0,0,1,0.9999246001243591,0.4285714328289032,0.9999246001243591,75.39095306396484
nsl_kdd_v2,dnn_5class_smote,847,1,1,1,0.9999246597290039,0.4285714328289032,0.9998350143432617,75.38870239257812
nsl_kdd_v2,dnn_5class_smote,848,1,1,1,0.9999246597290039,0.4285714328289032,0.9998350143432617,75.38870239257812
nsl_kdd_v2,dnn_5class_smote,849,4,0,0,0.9930546879768372,0.4285714328289032,0.9930546879768372,75.04524230957031
nsl_kdd_v2,dnn_5class_smote,850,2,0,0,0.9999246001243591,0.25,0.9999246001243591,62.992881774902344
nsl_kdd_v2,dnn_5class_smote,851,1,0,0,0.9821242690086365,0.5384615659713745,0.9821242690086365,80.3826904296875
nsl_kdd_v2,dnn_5class_smote,852,0,0,1,0.9999246001243591,0.5384615659713745,0.9999246001243591,81.35103607177734
nsl_kdd_v2,dnn_5class_smote,853,1,1,1,0.9999246597290039,0.4285714328289032,0.9998350143432617,75.38870239257812
nsl_kdd_v2,dnn_5class_smote,854,2,0,0,0.9880971312522888,0.6666666865348816,0.9880971312522888,86.6634521484375
nsl_kdd_v2,dnn_5class_smote,855,3,0,0,0.9999246001243591,0.3333333432674408,0.9999246001243591,69.3326416015625
nsl_kdd_v2,dnn_5class_smote,856,1,1,1,0.9999246597290039,0.5384615659713745,0.9998350143432617,81.34860229492188
nsl_kdd_v2,dnn_5class_smote,857,0,0,1,0.9999246001243591,0.6666666865348816,0.9999246001243591,87.3536605834961
nsl_kdd_v2,dnn_5class_smote,858,3,0,0,0.9999246001243591,0.6666666865348816,0.9999246001243591,87.3536605834961
nsl_kdd_v2,dnn_5class_smote,859,3,0,0,0.9946154952049255,0.5384615659713745,0.9946154952049255,81.06282043457031
nsl_kdd_v2,dnn_5class_smote,860,3,0,0,0.9947107434272766,0.6666666865348816,0.9947107434272766,87.04973602294922
nsl_kdd_v2,dnn_5class_smote,861,1,0,0,0.99992436170578,0.5384615659713745,0.99992436170578,81.35102081298828
nsl_kdd_v2,dnn_5class_smote,862,1,0,0,0.9999244809150696,0.5384615659713745,0.9999244809150696,81.35102844238281
nsl_kdd_v2,dnn_5class_smote,863,1,0,0,0.99992436170578,0.3333333432674408,0.99992436170578,69.33262634277344
nsl_kdd_v2,dnn_5class_smote,864,2,2,1,0.9898000359535217,0.5384615659713745,0.9898000359535217,80.80097198486328
nsl_kdd_v2,dnn_5class_smote,865,4,0,0,0.9999244809150696,0.4285714328289032,0.9999244809150696,75.39094543457031
nsl_kdd_v2,dnn_5class_smote,866,3,0,0,0.9999246001243591,0.5384615659713745,0.9999246001243591,81.35103607177734
nsl_kdd_v2,dnn_5class_smote,867,3,0,0,0.9999246001243591,0.3333333432674408,0.9999246001243591,69.3326416015625
nsl_kdd_v2,dnn_5class_smote,868,3,0,0,0.539667010307312,0.6666666865348816,0.539667010307312,57.90554428100586
nsl_kdd_v2,dnn_5class_smote,869,4,0,0,0.9999246001243591,0.25,0.9999246001243591,62.992881774902344
nsl_kdd_v2,dnn_5class_smote,870,2,2,1,0.9999688863754272,0.5384615659713745,0.9999688863754272,81.35343170166016
nsl_kdd_v2,dnn_5class_smote,871,3,0,0,0.9999246001243591,0.3333333432674408,0.9999246001243591,69.3326416015625
nsl_kdd_v2,dnn_5class_smote,872,2,2,1,0.9999688863754272,0.4285714328289032,0.9999688863754272,75.39318084716797
nsl_kdd_v2,dnn_5class_smote,873,2,2,1,0.9999688863754272,0.5384615659713745,0.9999688863754272,81.35343170166016
nsl_kdd_v2,dnn_5class_smote,874,1,1,1,0.9999246597290039,0.5384615659713745,0.9998350143432617,81.34860229492188
nsl_kdd_v2,dnn_5class_smote,875,1,1,1,0.9999246597290039,0.4285714328289032,0.9998350143432617,75.38870239257812
nsl_kdd_v2,dnn_5class_smote,876,0,0,1,0.9999246001243591,0.5384615659713745,0.9999246001243591,81.35103607177734
nsl_kdd_v2,dnn_5class_smote,877,0,0,1,0.9999246001243591,0.5384615659713745,0.9999246001243591,81.35103607177734
nsl_kdd_v2,dnn_5class_smote,878,3,0,0,0.9999246001243591,0.4285714328289032,0.9999246001243591,75.39095306396484
nsl_kdd_v2,dnn_5class_smote,879,2,2,1,0.9833067059516907,0.4285714328289032,0.9833067059516907,74.55333709716797
nsl_kdd_v2,dnn_5class_smote,880,1,1,1,0.9999246597290039,0.5384615659713745,0.9998350143432617,81.34860229492188
nsl_kdd_v2,dnn_5class_smote,881,4,0,0,0.8713046312332153,0.6666666865348816,0.8713046312332153,79.6922836303711
nsl_kdd_v2,dnn_5class_smote,882,0,0,1,0.9999246001243591,0.6666666865348816,0.9999246001243591,87.3536605834961
nsl_kdd_v2,dnn_5class_smote,883,2,2,1,0.9999688863754272,0.8181818127632141,0.9999688863754272,93.52784729003906
nsl_kdd_v2,dnn_5class_smote,884,3,0,0,0.9947303533554077,0.6666666865348816,0.9947303533554077,87.0508804321289
nsl_kdd_v2,dnn_5class_smote,885,0,0,1,0.9999246001243591,0.4285714328289032,0.9999246001243591,75.39095306396484
nsl_kdd_v2,dnn_5class_smote,886,1,1,1,0.9896886944770813,0.3333333432674408,0.9774223566055298,68.57301330566406
nsl_kdd_v2,dnn_5class_smote,887,3,0,0,0.9999246001243591,0.5384615659713745,0.9999246001243591,81.35103607177734
nsl_kdd_v2,dnn_5class_smote,888,2,2,1,0.9898000359535217,0.6666666865348816,0.9898000359535217,86.76300048828125
nsl_kdd_v2,dnn_5class_smote,889,0,0,1,0.9999246001243591,0.6666666865348816,0.9999246001243591,87.3536605834961
nsl_kdd_v2,dnn_5class_smote,890,2,2,1,0.9999688863754272,0.5384615659713745,0.9999688863754272,81.35343170166016
nsl_kdd_v2,dnn_5class_smote,891,0,0,1,0.9821213483810425,0.6666666865348816,0.9821213483810425,86.31369018554688
nsl_kdd_v2,dnn_5class_smote,892,1,1,1,0.9999246597290039,0.4285714328289032,0.9998350143432617,75.38870239257812
nsl_kdd_v2,dnn_5class_smote,893,3,0,0,0.9999246001243591,0.6666666865348816,0.9999246001243591,87.3536605834961
nsl_kdd_v2,dnn_5class_smote,894,4,0,0,0.6824433207511902,0.5384615659713745,0.6824433207511902,63.061256408691406
nsl_kdd_v2,dnn_5class_smote,895,0,0,1,0.9999246001243591,0.4285714328289032,0.9999246001243591,75.39095306396484
nsl_kdd_v2,dnn_5class_smote,896,0,0,1,0.9999246001243591,0.6666666865348816,0.9999246001243591,87.3536605834961
nsl_kdd_v2,dnn_5class_smote,897,1,1,1,0.9999246597290039,0.4285714328289032,0.9998350143432617,75.38870239257812
nsl_kdd_v2,dnn_5class_smote,898,3,0,0,0.9999244809150696,0.5384615659713745,0.9999244809150696,81.35102844238281
nsl_kdd_v2,dnn_5class_smote,899,0,0,1,0.9999246001243591,0.6666666865348816,0.9999246001243591,87.3536605834961
nsl_kdd_v2,dnn_5class_smote,900,1,1,1,0.649962842464447,0.6666666865348816,0.23355859518051147,46.60126495361328
nsl_kdd_v2,dnn_5class_smote,901,1,0,0,0.9939897060394287,0.5384615659713745,0.9939897060394287,81.02881622314453
nsl_kdd_v2,dnn_5class_smote,902,2,2,1,0.9999688863754272,0.3333333432674408,0.9999688863754272,69.3346939086914
nsl_kdd_v2,dnn_5class_smote,903,0,0,1,0.9999246001243591,0.3333333432674408,0.9999246001243591,69.3326416015625
nsl_kdd_v2,dnn_5class_smote,904,1,1,1,0.9999246597290039,0.4285714328289032,0.9998350143432617,75.38870239257812
nsl_kdd_v2,dnn_5class_smote,905,2,0,0,0.9948056936264038,0.6666666865348816,0.9948056936264038,87.0552749633789
nsl_kdd_v2,dnn_5class_smote,906,1,1,1,0.9999246597290039,0.5384615659713745,0.9998350143432617,81.34860229492188
nsl_kdd_v2,dnn_5class_smote,907,1,1,1,0.9896886944770813,0.5384615659713745,0.9774223566055298,80.459716796875
nsl_kdd_v2,dnn_5class_smote,908,2,0,0,0.994807243347168,0.3333333432674408,0.994807243347168,69.09589385986328
nsl_kdd_v2,dnn_5class_smote,909,2,2,1,0.9999688863754272,0.6666666865348816,0.9999688863754272,87.35623168945312
nsl_kdd_v2,dnn_5class_smote,910,2,2,1,0.9999688863754272,0.25,0.9999688863754272,62.99474334716797
nsl_kdd_v2,dnn_5class_smote,911,4,3,0,0.9897567629814148,0.6666666865348816,0.9897567629814148,86.7604751586914
nsl_kdd_v2,dnn_5class_smote,912,1,1,1,0.9897567629814148,0.4285714328289032,0.977571427822113,74.57044219970703
nsl_kdd_v2,dnn_5class_smote,913,1,0,0,0.5182729959487915,0.5384615659713745,0.5182729959487915,52.491695404052734
nsl_kdd_v2,dnn_5class_smote,914,0,0,1,0.9999246001243591,0.6666666865348816,0.9999246001243591,87.3536605834961
nsl_kdd_v2,dnn_5class_smote,915,2,2,1,0.9999688863754272,0.4285714328289032,0.9999688863754272,75.39318084716797
nsl_kdd_v2,dnn_5class_smote,916,4,0,0,0.9999244809150696,0.6666666865348816,0.9999244809150696,87.35364532470703
nsl_kdd_v2,dnn_5class_smote,917,0,0,1,0.9930766820907593,0.6666666865348816,0.9930766820907593,86.95437622070312
nsl_kdd_v2,dnn_5class_smote,918,0,0,1,0.9999246001243591,0.5384615659713745,0.9999246001243591,81.35103607177734
nsl_kdd_v2,dnn_5class_smote,919,1,1,1,0.9999246597290039,0.5384615659713745,0.9998350143432617,81.34860229492188
nsl_kdd_v2,dnn_5class_smote,920,3,0,0,0.9948041439056396,0.5384615659713745,0.9948041439056396,81.07306671142578
nsl_kdd_v2,dnn_5class_smote,921,1,1,1,0.944537341594696,0.6666666865348816,0.8785589337348938,82.09176635742188
nsl_kdd_v2,dnn_5class_smote,922,1,1,1,0.9896886944770813,0.4285714328289032,0.9774223566055298,74.56494903564453
nsl_kdd_v2,dnn_5class_smote,923,3,0,0,0.9999246001243591,0.6666666865348816,0.9999246001243591,87.3536605834961
nsl_kdd_v2,dnn_5class_smote,924,3,3,1,0.6700614094734192,0.4285714328289032,0.6700614094734192,57.73211669921875
nsl_kdd_v2,dnn_5class_smote,925,1,3,0,0.9448868632316589,0.5384615659713745,0.9448868632316589,78.33781433105469
nsl_kdd_v2,dnn_5class_smote,926,3,0,0,0.9999246001243591,0.5384615659713745,0.9999246001243591,81.35103607177734
nsl_kdd_v2,dnn_5class_smote,927,3,0,0,0.9818428754806519,0.5384615659713745,0.9818428754806519,80.3673324584961
nsl_kdd_v2,dnn_5class_smote,928,1,1,1,0.9999246597290039,0.6666666865348816,0.9998350143432617,87.3510513305664
nsl_kdd_v2,dnn_5class_smote,929,3,0,0,0.9999246001243591,0.4285714328289032,0.9999246001243591,75.39095306396484
nsl_kdd_v2,dnn_5class_smote,930,1,1,1,0.9999246597290039,0.5384615659713745,0.9998350143432617,81.34860229492188
nsl_kdd_v2,dnn_5class_smote,931,0,0,1,0.99992436170578,0.5384615659713745,0.99992436170578,81.35102081298828
nsl_kdd_v2,dnn_5class_smote,932,2,2,1,0.9964355230331421,0.5384615659713745,0.9964355230331421,81.16168212890625
nsl_kdd_v2,dnn_5class_smote,933,1,3,0,0.670061469078064,0.5384615659713745,0.670061469078064,62.296165466308594
nsl_kdd_v2,dnn_5class_smote,934,0,0,1,0.9999246001243591,0.6666666865348816,0.9999246001243591,87.3536605834961
nsl_kdd_v2,dnn_5class_smote,935,2,2,1,0.9999688863754272,0.6666666865348816,0.9999688863754272,87.35623168945312
nsl_kdd_v2,dnn_5class_smote,936,4,0,0,0.9880964159965515,0.8181818127632141,0.9880964159965515,92.78607940673828
nsl_kdd_v2,dnn_5class_smote,937,4,0,0,0.9970199465751648,0.4285714328289032,0.9970199465751648,75.24488067626953
nsl_kdd_v2,dnn_5class_smote,938,3,0,0,0.9999246001243591,0.5384615659713745,0.9999246001243591,81.35103607177734
nsl_kdd_v2,dnn_5class_smote,939,0,0,1,0.9999246001243591,0.5384615659713745,0.9999246001243591,81.35103607177734
nsl_kdd_v2,dnn_5class_smote,940,1,1,1,0.9999246597290039,0.4285714328289032,0.9998350143432617,75.38870239257812
nsl_kdd_v2,dnn_5class_smote,941,2,0,0,0.5150843262672424,0.6666666865348816,0.5150843262672424,56.133460998535156
nsl_kdd_v2,dnn_5class_smote,942,3,2,0,0.8853898048400879,0.8181818127632141,0.8853898048400879,86.23950958251953
nsl_kdd_v2,dnn_5class_smote,943,0,0,1,0.9999246001243591,0.25,0.9999246001243591,62.992881774902344
nsl_kdd_v2,dnn_5class_smote,944,1,1,1,0.9897567629814148,0.5384615659713745,0.977571427822113,80.46566009521484
nsl_kdd_v2,dnn_5class_smote,945,3,0,0,0.9499123096466064,0.4285714328289032,0.9499123096466064,72.85568237304688
nsl_kdd_v2,dnn_5class_smote,946,3,0,0,0.9999246001243591,0.5384615659713745,0.9999246001243591,81.35103607177734
nsl_kdd_v2,dnn_5class_smote,947,1,1,1,0.9999246597290039,0.5384615659713745,0.9998350143432617,81.34860229492188
nsl_kdd_v2,dnn_5class_smote,948,0,0,1,0.9999246001243591,0.25,0.9999246001243591,62.992881774902344
nsl_kdd_v2,dnn_5class_smote,949,0,0,1,0.9999246001243591,0.6666666865348816,0.9999246001243591,87.3536605834961
nsl_kdd_v2,dnn_5class_smote,950,3,0,0,0.9999246001243591,0.4285714328289032,0.9999246001243591,75.39095306396484
nsl_kdd_v2,dnn_5class_smote,951,1,1,1,0.9999246597290039,0.4285714328289032,0.9998350143432617,75.38870239257812
nsl_kdd_v2,dnn_5class_smote,952,2,2,1,0.9397507309913635,0.6666666865348816,0.9397507309913635,83.81299591064453
nsl_kdd_v2,dnn_5class_smote,953,0,0,1,0.9999246001243591,0.3333333432674408,0.9999246001243591,69.3326416015625
nsl_kdd_v2,dnn_5class_smote,954,1,2,0,0.9397507309913635,0.5384615659713745,0.9397507309913635,78.05367279052734
nsl_kdd_v2,dnn_5class_smote,955,3,0,0,0.9821254014968872,0.4285714328289032,0.9821254014968872,74.49361419677734
nsl_kdd_v2,dnn_5class_smote,956,1,1,1,0.9999246597290039,0.6666666865348816,0.9998350143432617,87.3510513305664
nsl_kdd_v2,dnn_5class_smote,957,1,0,0,0.9687065482139587,0.4285714328289032,0.9687065482139587,73.81351470947266
nsl_kdd_v2,dnn_5class_smote,958,3,0,0,0.9999246001243591,0.3333333432674408,0.9999246001243591,69.3326416015625
nsl_kdd_v2,dnn_5class_smote,959,1,1,1,0.9999246597290039,0.6666666865348816,0.9998350143432617,87.3510513305664
nsl_kdd_v2,dnn_5class_smote,960,0,2,0,0.9999688863754272,0.6666666865348816,0.9999688863754272,87.35623168945312
nsl_kdd_v2,dnn_5class_smote,961,2,2,1,0.9999688863754272,0.5384615659713745,0.9999688863754272,81.35343170166016
nsl_kdd_v2,dnn_5class_smote,962,1,1,1,0.9999246597290039,0.6666666865348816,0.9998350143432617,87.3510513305664
nsl_kdd_v2,dnn_5class_smote,963,1,1,1,0.9999246597290039,0.3333333432674408,0.9998350143432617,69.33057403564453
nsl_kdd_v2,dnn_5class_smote,964,0,0,1,0.9999246001243591,0.5384615659713745,0.9999246001243591,81.35103607177734
nsl_kdd_v2,dnn_5class_smote,965,1,1,1,0.9999246597290039,0.6666666865348816,0.9998350143432617,87.3510513305664
nsl_kdd_v2,dnn_5class_smote,966,3,0,0,0.9999246001243591,0.6666666865348816,0.9999246001243591,87.3536605834961
nsl_kdd_v2,dnn_5class_smote,967,1,1,1,0.9999246597290039,0.4285714328289032,0.9998350143432617,75.38870239257812
nsl_kdd_v2,dnn_5class_smote,968,3,3,1,0.8170809149742126,0.5384615659713745,0.8170809149742126,71.1041488647461
nsl_kdd_v2,dnn_5class_smote,969,4,3,0,0.6700614094734192,0.4285714328289032,0.6700614094734192,57.73211669921875
nsl_kdd_v2,dnn_5class_smote,970,3,0,0,0.9999246001243591,0.4285714328289032,0.9999246001243591,75.39095306396484
nsl_kdd_v2,dnn_5class_smote,971,3,3,1,0.6376981735229492,0.4285714328289032,0.6376981735229492,55.85789108276367
nsl_kdd_v2,dnn_5class_smote,972,3,0,0,0.9999246001243591,0.25,0.9999246001243591,62.992881774902344
nsl_kdd_v2,dnn_5class_smote,973,0,0,1,0.9999246001243591,0.6666666865348816,0.9999246001243591,87.3536605834961
nsl_kdd_v2,dnn_5class_smote,974,0,0,1,0.9999246001243591,0.5384615659713745,0.9999246001243591,81.35103607177734
nsl_kdd_v2,dnn_5class_smote,975,2,2,1,0.9999688863754272,0.4285714328289032,0.9999688863754272,75.39318084716797
nsl_kdd_v2,dnn_5class_smote,976,2,2,1,0.9999688863754272,0.4285714328289032,0.9999688863754272,75.39318084716797
nsl_kdd_v2,dnn_5class_smote,977,4,4,1,0.9893693923950195,0.4285714328289032,0.9893693923950195,74.85946655273438
nsl_kdd_v2,dnn_5class_smote,978,2,2,1,0.9999688863754272,0.5384615659713745,0.9999688863754272,81.35343170166016
nsl_kdd_v2,dnn_5class_smote,979,3,0,0,0.9999246001243591,0.5384615659713745,0.9999246001243591,81.35103607177734
nsl_kdd_v2,dnn_5class_smote,980,0,0,1,0.9999246001243591,0.5384615659713745,0.9999246001243591,81.35103607177734
nsl_kdd_v2,dnn_5class_smote,981,0,0,1,0.9999246001243591,0.4285714328289032,0.9999246001243591,75.39095306396484
nsl_kdd_v2,dnn_5class_smote,982,2,0,0,0.7527787089347839,0.8181818127632141,0.7527787089347839,77.39772033691406
nsl_kdd_v2,dnn_5class_smote,983,2,2,1,0.6632502675056458,0.5384615659713745,0.6632502675056458,61.873287200927734
nsl_kdd_v2,dnn_5class_smote,984,0,0,1,0.9999246001243591,0.5384615659713745,0.9999246001243591,81.35103607177734
nsl_kdd_v2,dnn_5class_smote,985,1,1,1,0.9999246597290039,0.6666666865348816,0.9998350143432617,87.3510513305664
nsl_kdd_v2,dnn_5class_smote,986,2,2,1,0.9896635413169861,0.5384615659713745,0.9896635413169861,80.79353332519531
nsl_kdd_v2,dnn_5class_smote,987,3,0,0,0.9999246001243591,0.4285714328289032,0.9999246001243591,75.39095306396484
nsl_kdd_v2,dnn_5class_smote,988,3,0,0,0.9999246001243591,0.4285714328289032,0.9999246001243591,75.39095306396484
nsl_kdd_v2,dnn_5class_smote,989,1,1,1,0.9999246597290039,0.4285714328289032,0.9998350143432617,75.38870239257812
nsl_kdd_v2,dnn_5class_smote,990,3,0,0,0.9999246001243591,0.3333333432674408,0.9999246001243591,69.3326416015625
nsl_kdd_v2,dnn_5class_smote,991,2,2,1,0.9896635413169861,0.8181818127632141,0.9896635413169861,92.8841552734375
nsl_kdd_v2,dnn_5class_smote,992,3,0,0,0.9999246001243591,0.4285714328289032,0.9999246001243591,75.39095306396484
nsl_kdd_v2,dnn_5class_smote,993,0,0,1,0.9999246001243591,0.25,0.9999246001243591,62.992881774902344
nsl_kdd_v2,dnn_5class_smote,994,0,0,1,0.9999246001243591,0.5384615659713745,0.9999246001243591,81.35103607177734
nsl_kdd_v2,dnn_5class_smote,995,1,1,1,0.9999246597290039,0.5384615659713745,0.9998350143432617,81.34860229492188
nsl_kdd_v2,dnn_5class_smote,996,1,1,1,0.9999246597290039,0.3333333432674408,0.9998350143432617,69.33057403564453
nsl_kdd_v2,dnn_5class_smote,997,2,2,1,0.9964355230331421,0.4285714328289032,0.9964355230331421,75.2154769897461
nsl_kdd_v2,dnn_5class_smote,998,4,0,0,0.9999241232872009,0.4285714328289032,0.9999241232872009,75.39093017578125
nsl_kdd_v2,dnn_5class_smote,999,0,0,1,0.9999246001243591,0.5384615659713745,0.9999246001243591,81.35103607177734
