dataset,model,sample_position,true_class,pred_class,correct,c1,c2,c3,scts
nsl_kdd_v2,rf_5class_cw,0,0,0,1,0.9999878406524658,0.6666666865348816,0.0,0.8735768795013428
nsl_kdd_v2,rf_5class_cw,1,4,0,0,0.9996823668479919,0.6666666865348816,0.0,0.8734878301620483
nsl_kdd_v2,rf_5class_cw,2,3,0,0,0.9999878406524658,0.5384615659713745,0.0,0.8135477900505066
nsl_kdd_v2,rf_5class_cw,3,3,0,0,0.9999878406524658,0.6666666865348816,0.0,0.8735768795013428
nsl_kdd_v2,rf_5class_cw,4,0,0,1,0.9999878406524658,0.8181818127632141,0.0,0.9352939128875732
nsl_kdd_v2,rf_5class_cw,5,2,2,1,0.5777703523635864,0.5384615659713745,0.0,0.6775946021080017
nsl_kdd_v2,rf_5class_cw,6,4,0,0,0.999584436416626,0.5384615659713745,0.0,0.813438355922699
nsl_kdd_v2,rf_5class_cw,7,3,0,0,0.999981164932251,0.4285714328289032,0.0,0.753942608833313
nsl_kdd_v2,rf_5class_cw,8,1,1,1,0.9736726880073547,0.5384615659713745,0.0,0.8063480257987976
nsl_kdd_v2,rf_5class_cw,9,0,0,1,0.9999878406524658,0.6666666865348816,0.0,0.8735768795013428
nsl_kdd_v2,rf_5class_cw,10,2,2,1,0.9999878406524658,0.6666666865348816,0.0,0.8735768795013428
nsl_kdd_v2,rf_5class_cw,11,2,2,1,0.9999878406524658,0.8181818127632141,0.0,0.9352939128875732
nsl_kdd_v2,rf_5class_cw,12,0,0,1,0.9999878406524658,0.6666666865348816,0.0,0.8735768795013428
nsl_kdd_v2,rf_5class_cw,13,1,0,0,0.9730626940727234,0.6666666865348816,0.0,0.8656648993492126
nsl_kdd_v2,rf_5class_cw,14,3,0,0,0.9999878406524658,0.8181818127632141,0.0,0.9352939128875732
nsl_kdd_v2,rf_5class_cw,15,0,2,0,0.9999878406524658,0.6666666865348816,0.0,0.8735768795013428
nsl_kdd_v2,rf_5class_cw,16,0,0,1,0.9999878406524658,0.5384615659713745,0.0,0.8135477900505066
nsl_kdd_v2,rf_5class_cw,17,3,0,0,0.9999878406524658,0.8181818127632141,0.0,0.9352939128875732
nsl_kdd_v2,rf_5class_cw,18,0,0,1,0.9999878406524658,0.5384615659713745,0.0,0.8135477900505066
nsl_kdd_v2,rf_5class_cw,19,0,0,1,0.9999878406524658,0.6666666865348816,0.0,0.8735768795013428
nsl_kdd_v2,rf_5class_cw,20,0,0,1,0.9999878406524658,0.8181818127632141,0.0,0.9352939128875732
nsl_kdd_v2,rf_5class_cw,21,3,0,0,0.9999582171440125,0.4285714328289032,0.0,0.7539368271827698
nsl_kdd_v2,rf_5class_cw,22,0,0,1,0.9999878406524658,0.5384615659713745,0.0,0.8135477900505066
nsl_kdd_v2,rf_5class_cw,23,1,1,1,0.8057726621627808,0.4285714328289032,0.0,0.701582133769989
nsl_kdd_v2,rf_5class_cw,24,0,0,1,0.9105532765388489,0.8181818127632141,0.0,0.9065358638763428
nsl_kdd_v2,rf_5class_cw,25,2,2,1,0.9999878406524658,0.8181818127632141,0.0,0.9352939128875732
nsl_kdd_v2,rf_5class_cw,26,0,0,1,0.9727895259857178,0.6666666865348816,0.0,0.8655838966369629
nsl_kdd_v2,rf_5class_cw,27,4,0,0,0.5022048950195312,0.5384615659713745,0.0,0.6466636657714844
nsl_kdd_v2,rf_5class_cw,28,3,0,0,0.9730626940727234,0.5384615659713745,0.0,0.8061795234680176
nsl_kdd_v2,rf_5class_cw,29,1,1,1,0.9999878406524658,0.6666666865348816,0.0,0.8735768795013428
nsl_kdd_v2,rf_5class_cw,30,1,1,1,0.8438441753387451,0.5384615659713745,0.0,0.7687861919403076
nsl_kdd_v2,rf_5class_cw,31,4,0,0,0.9726259112358093,0.6666666865348816,0.0,0.865535318851471
nsl_kdd_v2,rf_5class_cw,32,2,2,1,0.8368991017341614,0.6666666865348816,0.0,0.8232413530349731
nsl_kdd_v2,rf_5class_cw,33,2,2,1,0.6535771489143372,0.6666666865348816,0.0,0.7581151127815247
nsl_kdd_v2,rf_5class_cw,34,1,1,1,0.9999878406524658,0.6666666865348816,0.0,0.8735768795013428
nsl_kdd_v2,rf_5class_cw,35,3,0,0,0.9999878406524658,0.6666666865348816,0.0,0.8735768795013428
nsl_kdd_v2,rf_5class_cw,36,1,1,1,0.9999878406524658,0.6666666865348816,0.0,0.8735768795013428
nsl_kdd_v2,rf_5class_cw,37,1,1,1,0.9999878406524658,0.6666666865348816,0.0,0.8735768795013428
nsl_kdd_v2,rf_5class_cw,38,1,1,1,0.9999878406524658,0.8181818127632141,0.0,0.9352939128875732
nsl_kdd_v2,rf_5class_cw,39,2,2,1,0.9999878406524658,0.6666666865348816,0.0,0.8735768795013428
nsl_kdd_v2,rf_5class_cw,40,0,0,1,0.9999878406524658,0.5384615659713745,0.0,0.8135477900505066
nsl_kdd_v2,rf_5class_cw,41,3,0,0,0.9999875426292419,0.5384615659713745,0.0,0.8135477304458618
nsl_kdd_v2,rf_5class_cw,42,1,1,1,0.9999878406524658,0.6666666865348816,0.0,0.8735768795013428
nsl_kdd_v2,rf_5class_cw,43,2,2,1,0.9999878406524658,0.5384615659713745,0.0,0.8135477900505066
nsl_kdd_v2,rf_5class_cw,44,2,2,1,0.7142732739448547,0.6666666865348816,0.0,0.780892014503479
nsl_kdd_v2,rf_5class_cw,45,3,0,0,0.9614933729171753,0.8181818127632141,0.0,0.9231352210044861
nsl_kdd_v2,rf_5class_cw,46,1,1,1,0.9999878406524658,0.6666666865348816,0.0,0.8735768795013428
nsl_kdd_v2,rf_5class_cw,47,1,1,1,0.9999878406524658,0.6666666865348816,0.0,0.8735768795013428
nsl_kdd_v2,rf_5class_cw,48,0,0,1,0.9999878406524658,0.5384615659713745,0.0,0.8135477900505066
nsl_kdd_v2,rf_5class_cw,49,3,0,0,0.7999902367591858,0.6666666865348816,0.0,0.8109568357467651
nsl_kdd_v2,rf_5class_cw,50,2,2,1,0.9999878406524658,0.6666666865348816,0.0,0.8735768795013428
nsl_kdd_v2,rf_5class_cw,51,2,0,0,0.8648421168327332,0.5384615659713745,0.0,0.7751107811927795
nsl_kdd_v2,rf_5class_cw,52,3,0,0,0.9999878406524658,0.4285714328289032,0.0,0.7539442777633667
nsl_kdd_v2,rf_5class_cw,53,1,1,1,0.9999878406524658,0.6666666865348816,0.0,0.8735768795013428
nsl_kdd_v2,rf_5class_cw,54,2,2,1,0.9999878406524658,0.6666666865348816,0.0,0.8735768795013428
nsl_kdd_v2,rf_5class_cw,55,3,0,0,0.9999878406524658,0.5384615659713745,0.0,0.8135477900505066
nsl_kdd_v2,rf_5class_cw,56,1,1,1,0.9999878406524658,0.4285714328289032,0.0,0.7539442777633667
nsl_kdd_v2,rf_5class_cw,57,0,0,1,0.9999878406524658,0.5384615659713745,0.0,0.8135477900505066
nsl_kdd_v2,rf_5class_cw,58,2,2,1,0.9999878406524658,0.5384615659713745,0.0,0.8135477900505066
nsl_kdd_v2,rf_5class_cw,59,3,3,1,0.6410186290740967,0.4285714328289032,0.4142979383468628,48.46209716796875
nsl_kdd_v2,rf_5class_cw,60,0,0,1,0.9999878406524658,0.6666666865348816,0.0,0.8735768795013428
nsl_kdd_v2,rf_5class_cw,61,3,0,0,0.737034022808075,0.5384615659713745,0.0,0.7348759174346924
nsl_kdd_v2,rf_5class_cw,62,0,0,1,0.9999878406524658,0.5384615659713745,0.0,0.8135477900505066
nsl_kdd_v2,rf_5class_cw,63,0,0,1,0.9999878406524658,0.5384615659713745,0.0,0.8135477900505066
nsl_kdd_v2,rf_5class_cw,64,2,0,0,0.9727895259857178,0.6666666865348816,0.0,0.8655838966369629
nsl_kdd_v2,rf_5class_cw,65,0,0,1,0.9999878406524658,0.8181818127632141,0.0,0.9352939128875732
nsl_kdd_v2,rf_5class_cw,66,0,0,1,0.9999878406524658,0.6666666865348816,0.0,0.8735768795013428
nsl_kdd_v2,rf_5class_cw,67,1,1,1,0.9736726880073547,0.8181818127632141,0.0,0.9270166754722595
nsl_kdd_v2,rf_5class_cw,68,0,0,1,0.9999878406524658,0.8181818127632141,0.0,0.9352939128875732
nsl_kdd_v2,rf_5class_cw,69,0,0,1,0.9999878406524658,0.8181818127632141,0.0,0.9352939128875732
nsl_kdd_v2,rf_5class_cw,70,0,0,1,0.9999878406524658,0.6666666865348816,0.0,0.8735768795013428
nsl_kdd_v2,rf_5class_cw,71,2,2,1,0.9999878406524658,0.8181818127632141,0.0,0.9352939128875732
nsl_kdd_v2,rf_5class_cw,72,0,0,1,0.9999878406524658,0.5384615659713745,0.0,0.8135477900505066
nsl_kdd_v2,rf_5class_cw,73,1,1,1,0.9999878406524658,0.6666666865348816,0.0,0.8735768795013428
nsl_kdd_v2,rf_5class_cw,74,3,3,1,0.6304914355278015,0.5384615659713745,0.3971221148967743,51.276611328125
nsl_kdd_v2,rf_5class_cw,75,4,0,0,0.9980772733688354,0.6666666865348816,0.0,0.8730201125144958
nsl_kdd_v2,rf_5class_cw,76,3,0,0,0.9727895259857178,0.8181818127632141,0.0,0.9267362952232361
nsl_kdd_v2,rf_5class_cw,77,2,0,0,0.9673060178756714,0.4285714328289032,0.0,0.7456396222114563
nsl_kdd_v2,rf_5class_cw,78,0,0,1,0.9999878406524658,0.4285714328289032,0.0,0.7539442777633667
nsl_kdd_v2,rf_5class_cw,79,0,0,1,0.9999878406524658,0.6666666865348816,0.0,0.8735768795013428
nsl_kdd_v2,rf_5class_cw,80,1,1,1,0.9999878406524658,0.6666666865348816,0.0,0.8735768795013428
nsl_kdd_v2,rf_5class_cw,81,2,2,1,0.9999878406524658,0.6666666865348816,0.0,0.8735768795013428
nsl_kdd_v2,rf_5class_cw,82,1,1,1,0.9999878406524658,0.8181818127632141,0.0,0.9352939128875732
nsl_kdd_v2,rf_5class_cw,83,4,0,0,0.999814510345459,0.6666666865348816,0.0,0.873526394367218
nsl_kdd_v2,rf_5class_cw,84,0,2,0,0.9999878406524658,0.6666666865348816,0.0,0.8735768795013428
nsl_kdd_v2,rf_5class_cw,85,1,1,1,0.9999878406524658,0.6666666865348816,0.0,0.8735768795013428
nsl_kdd_v2,rf_5class_cw,86,0,0,1,0.9999878406524658,0.6666666865348816,0.0,0.8735768795013428
nsl_kdd_v2,rf_5class_cw,87,1,0,0,0.9105532765388489,0.6666666865348816,0.0,0.8467164039611816
nsl_kdd_v2,rf_5class_cw,88,0,0,1,0.9999878406524658,0.6666666865348816,0.0,0.8735768795013428
nsl_kdd_v2,rf_5class_cw,89,1,1,1,0.9999878406524658,0.6666666865348816,0.0,0.8735768795013428
nsl_kdd_v2,rf_5class_cw,90,0,2,0,0.9999878406524658,0.6666666865348816,0.0,0.8735768795013428
nsl_kdd_v2,rf_5class_cw,91,1,1,1,0.9999878406524658,0.8181818127632141,0.0,0.9352939128875732
nsl_kdd_v2,rf_5class_cw,92,0,0,1,0.9999878406524658,0.5384615659713745,0.0,0.8135477900505066
nsl_kdd_v2,rf_5class_cw,93,1,1,1,0.9999878406524658,0.6666666865348816,0.0,0.8735768795013428
nsl_kdd_v2,rf_5class_cw,94,4,0,0,0.871158242225647,0.4285714328289032,0.0,0.7200677394866943
nsl_kdd_v2,rf_5class_cw,95,4,0,0,0.999877393245697,0.5384615659713745,0.0,0.8135178089141846
nsl_kdd_v2,rf_5class_cw,96,1,1,1,0.9999878406524658,0.5384615659713745,0.0,0.8135477900505066
nsl_kdd_v2,rf_5class_cw,97,0,0,1,0.9999878406524658,0.6666666865348816,0.0,0.8735768795013428
nsl_kdd_v2,rf_5class_cw,98,0,0,1,0.9999878406524658,0.6666666865348816,0.0,0.8735768795013428
nsl_kdd_v2,rf_5class_cw,99,1,1,1,0.9999878406524658,0.5384615659713745,0.0,0.8135477900505066
nsl_kdd_v2,rf_5class_cw,100,3,0,0,0.9999680519104004,0.4285714328289032,0.0,0.7539392709732056
nsl_kdd_v2,rf_5class_cw,101,2,0,0,0.9727895259857178,0.6666666865348816,0.0,0.8655838966369629
nsl_kdd_v2,rf_5class_cw,102,2,0,0,0.9673060178756714,0.6666666865348816,0.0,0.8639544248580933
nsl_kdd_v2,rf_5class_cw,103,3,0,0,0.9999680519104004,0.5384615659713745,0.0,0.8135424256324768
nsl_kdd_v2,rf_5class_cw,104,0,0,1,0.9999878406524658,0.6666666865348816,0.0,0.8735768795013428
nsl_kdd_v2,rf_5class_cw,105,3,0,0,0.9557291865348816,0.5384615659713745,0.0,0.8013639450073242
nsl_kdd_v2,rf_5class_cw,106,1,1,1,0.9999878406524658,0.8181818127632141,0.0,0.9352939128875732
nsl_kdd_v2,rf_5class_cw,107,2,2,1,0.759480357170105,0.6666666865348816,0.0,0.7970306873321533
nsl_kdd_v2,rf_5class_cw,108,2,2,1,0.7764579057693481,0.5384615659713745,0.0,0.7477518320083618
nsl_kdd_v2,rf_5class_cw,109,4,0,0,0.9999878406524658,0.6666666865348816,0.0,0.8735768795013428
nsl_kdd_v2,rf_5class_cw,110,4,3,0,0.746623158454895,0.6666666865348816,0.5865987539291382,66.34127044677734
nsl_kdd_v2,rf_5class_cw,111,0,0,1,0.9999878406524658,0.8181818127632141,0.0,0.9352939128875732
nsl_kdd_v2,rf_5class_cw,112,3,0,0,0.9727895259857178,0.8181818127632141,0.0,0.9267362952232361
nsl_kdd_v2,rf_5class_cw,113,0,0,1,0.9727895259857178,0.6666666865348816,0.0,0.8655838966369629
nsl_kdd_v2,rf_5class_cw,114,2,0,0,0.9673060178756714,0.6666666865348816,0.0,0.8639544248580933
nsl_kdd_v2,rf_5class_cw,115,0,0,1,0.9727895259857178,0.6666666865348816,0.0,0.8655838966369629
nsl_kdd_v2,rf_5class_cw,116,2,2,1,0.7360993027687073,0.5384615659713745,0.0,0.7345651388168335
nsl_kdd_v2,rf_5class_cw,117,3,0,0,0.8285627961158752,0.5384615659713745,0.0,0.7641171813011169
nsl_kdd_v2,rf_5class_cw,118,3,0,0,0.9999857544898987,0.6666666865348816,0.0,0.8735762238502502
nsl_kdd_v2,rf_5class_cw,119,2,2,1,0.9999878406524658,0.5384615659713745,0.0,0.8135477900505066
nsl_kdd_v2,rf_5class_cw,120,1,1,1,0.9999878406524658,0.8181818127632141,0.0,0.9352939128875732
nsl_kdd_v2,rf_5class_cw,121,3,0,0,0.9999878406524658,0.6666666865348816,0.0,0.8735768795013428
nsl_kdd_v2,rf_5class_cw,122,3,0,0,0.9727895259857178,0.6666666865348816,0.0,0.8655838966369629
nsl_kdd_v2,rf_5class_cw,123,1,1,1,0.9999878406524658,0.6666666865348816,0.0,0.8735768795013428
nsl_kdd_v2,rf_5class_cw,124,2,2,1,0.7810934782028198,0.6666666865348816,0.0,0.8045206665992737
nsl_kdd_v2,rf_5class_cw,125,1,1,1,0.6397256851196289,0.8181818127632141,0.0,0.805899977684021
nsl_kdd_v2,rf_5class_cw,126,1,2,0,0.5848951935768127,1.0,0.0,0.8362945914268494
nsl_kdd_v2,rf_5class_cw,127,0,0,1,0.9999878406524658,0.6666666865348816,0.0,0.8735768795013428
nsl_kdd_v2,rf_5class_cw,128,0,0,1,0.9999878406524658,0.6666666865348816,0.0,0.8735768795013428
nsl_kdd_v2,rf_5class_cw,129,1,1,1,0.8084145188331604,0.6666666865348816,0.0,0.8137934803962708
nsl_kdd_v2,rf_5class_cw,130,0,0,1,0.9999878406524658,0.5384615659713745,0.0,0.8135477900505066
nsl_kdd_v2,rf_5class_cw,131,1,1,1,0.9999878406524658,0.8181818127632141,0.0,0.9352939128875732
nsl_kdd_v2,rf_5class_cw,132,1,1,1,0.9999878406524658,0.6666666865348816,0.0,0.8735768795013428
nsl_kdd_v2,rf_5class_cw,133,1,1,1,0.9999878406524658,0.6666666865348816,0.0,0.8735768795013428
nsl_kdd_v2,rf_5class_cw,134,2,2,1,0.9999878406524658,0.5384615659713745,0.0,0.8135477900505066
nsl_kdd_v2,rf_5class_cw,135,0,0,1,0.9999878406524658,0.8181818127632141,0.0,0.9352939128875732
nsl_kdd_v2,rf_5class_cw,136,4,3,0,0.6246410608291626,0.5384615659713745,0.38757675886154175,50.70463562011719
nsl_kdd_v2,rf_5class_cw,137,4,3,0,0.7470453977584839,0.4285714328289032,0.5872876644134521,57.28932571411133
nsl_kdd_v2,rf_5class_cw,138,3,0,0,0.9999521970748901,0.4285714328289032,0.0,0.7539353370666504
nsl_kdd_v2,rf_5class_cw,139,3,0,0,0.9999878406524658,0.6666666865348816,0.0,0.8735768795013428
nsl_kdd_v2,rf_5class_cw,140,2,2,1,0.9999878406524658,0.6666666865348816,0.0,0.8735768795013428
nsl_kdd_v2,rf_5class_cw,141,2,2,1,0.9999878406524658,0.5384615659713745,0.0,0.8135477900505066
nsl_kdd_v2,rf_5class_cw,142,3,0,0,0.9727895259857178,0.6666666865348816,0.0,0.8655838966369629
nsl_kdd_v2,rf_5class_cw,143,1,1,1,0.9999878406524658,0.8181818127632141,0.0,0.9352939128875732
nsl_kdd_v2,rf_5class_cw,144,2,2,1,0.8368991017341614,0.6666666865348816,0.0,0.8232413530349731
nsl_kdd_v2,rf_5class_cw,145,2,2,1,0.9999878406524658,0.6666666865348816,0.0,0.8735768795013428
nsl_kdd_v2,rf_5class_cw,146,0,0,1,0.9999878406524658,0.6666666865348816,0.0,0.8735768795013428
nsl_kdd_v2,rf_5class_cw,147,1,1,1,0.9999878406524658,0.6666666865348816,0.0,0.8735768795013428
nsl_kdd_v2,rf_5class_cw,148,0,0,1,0.9999878406524658,0.6666666865348816,0.0,0.8735768795013428
nsl_kdd_v2,rf_5class_cw,149,2,2,1,0.9999878406524658,0.6666666865348816,0.0,0.8735768795013428
nsl_kdd_v2,rf_5class_cw,150,3,0,0,0.9730480909347534,0.4285714328289032,0.0,0.7471121549606323
nsl_kdd_v2,rf_5class_cw,151,2,2,1,0.5777703523635864,0.5384615659713745,0.0,0.6775946021080017
nsl_kdd_v2,rf_5class_cw,152,2,2,1,0.6613620519638062,0.6666666865348816,0.0,0.7611132860183716
nsl_kdd_v2,rf_5class_cw,153,0,0,1,0.9999878406524658,0.8181818127632141,0.0,0.9352939128875732
nsl_kdd_v2,rf_5class_cw,154,0,0,1,0.9999878406524658,0.5384615659713745,0.0,0.8135477900505066
nsl_kdd_v2,rf_5class_cw,155,1,0,0,0.9999878406524658,0.6666666865348816,0.0,0.8735768795013428
nsl_kdd_v2,rf_5class_cw,156,2,2,1,0.9999878406524658,0.6666666865348816,0.0,0.8735768795013428
nsl_kdd_v2,rf_5class_cw,157,0,0,1,0.9999878406524658,0.5384615659713745,0.0,0.8135477900505066
nsl_kdd_v2,rf_5class_cw,158,1,0,0,0.9730626940727234,0.6666666865348816,0.0,0.8656648993492126
nsl_kdd_v2,rf_5class_cw,159,4,4,1,0.9717372059822083,0.3333333432674408,0.0,0.686766505241394
nsl_kdd_v2,rf_5class_cw,160,1,1,1,0.9999878406524658,0.5384615659713745,0.0,0.8135477900505066
nsl_kdd_v2,rf_5class_cw,161,2,2,1,0.9999878406524658,0.6666666865348816,0.0,0.8735768795013428
nsl_kdd_v2,rf_5class_cw,162,0,0,1,0.9999878406524658,0.5384615659713745,0.0,0.8135477900505066
nsl_kdd_v2,rf_5class_cw,163,1,1,1,0.9999878406524658,0.8181818127632141,0.0,0.9352939128875732
nsl_kdd_v2,rf_5class_cw,164,2,2,1,0.9999878406524658,0.5384615659713745,0.0,0.8135477900505066
nsl_kdd_v2,rf_5class_cw,165,1,1,1,0.9999878406524658,0.6666666865348816,0.0,0.8735768795013428
nsl_kdd_v2,rf_5class_cw,166,2,2,1,0.7825962901115417,0.5384615659713745,0.0,0.749717116355896
nsl_kdd_v2,rf_5class_cw,167,3,0,0,0.9736726880073547,0.4285714328289032,0.0,0.7472719550132751
nsl_kdd_v2,rf_5class_cw,168,0,0,1,0.9999878406524658,0.6666666865348816,0.0,0.8735768795013428
nsl_kdd_v2,rf_5class_cw,169,0,0,1,0.9999878406524658,0.8181818127632141,0.0,0.9352939128875732
nsl_kdd_v2,rf_5class_cw,170,1,1,1,0.9999878406524658,0.8181818127632141,0.0,0.9352939128875732
nsl_kdd_v2,rf_5class_cw,171,2,2,1,0.9999878406524658,0.8181818127632141,0.0,0.9352939128875732
nsl_kdd_v2,rf_5class_cw,172,2,1,0,0.9999878406524658,0.6666666865348816,0.0,0.8735768795013428
nsl_kdd_v2,rf_5class_cw,173,0,0,1,0.9999878406524658,0.6666666865348816,0.0,0.8735768795013428
nsl_kdd_v2,rf_5class_cw,174,1,1,1,0.9999878406524658,0.6666666865348816,0.0,0.8735768795013428
nsl_kdd_v2,rf_5class_cw,175,2,1,0,0.8468222618103027,0.6666666865348816,0.0,0.826482355594635
nsl_kdd_v2,rf_5class_cw,176,1,1,1,0.9999878406524658,0.6666666865348816,0.0,0.8735768795013428
nsl_kdd_v2,rf_5class_cw,177,3,0,0,0.9999875426292419,0.6666666865348816,0.0,0.8735767602920532
nsl_kdd_v2,rf_5class_cw,178,0,0,1,0.9999878406524658,0.5384615659713745,0.0,0.8135477900505066
nsl_kdd_v2,rf_5class_cw,179,4,0,0,0.9738525152206421,0.4285714328289032,0.0,0.7473179697990417
nsl_kdd_v2,rf_5class_cw,180,0,0,1,0.9999878406524658,0.6666666865348816,0.0,0.8735768795013428
nsl_kdd_v2,rf_5class_cw,181,3,0,0,0.9999874234199524,0.5384615659713745,0.0,0.8135477304458618
nsl_kdd_v2,rf_5class_cw,182,1,1,1,0.9999878406524658,0.6666666865348816,0.0,0.8735768795013428
nsl_kdd_v2,rf_5class_cw,183,1,1,1,0.9999878406524658,0.8181818127632141,0.0,0.9352939128875732
nsl_kdd_v2,rf_5class_cw,184,4,0,0,0.9999878406524658,0.8181818127632141,0.0,0.9352939128875732
nsl_kdd_v2,rf_5class_cw,185,1,1,1,0.9999878406524658,0.6666666865348816,0.0,0.8735768795013428
nsl_kdd_v2,rf_5class_cw,186,0,0,1,0.9999521970748901,0.6666666865348816,0.0,0.8735663890838623
nsl_kdd_v2,rf_5class_cw,187,0,0,1,0.9999878406524658,0.5384615659713745,0.0,0.8135477900505066
nsl_kdd_v2,rf_5class_cw,188,3,0,0,0.9999855756759644,0.6666666865348816,0.0,0.8735762238502502
nsl_kdd_v2,rf_5class_cw,189,1,1,1,0.9999878406524658,0.8181818127632141,0.0,0.9352939128875732
nsl_kdd_v2,rf_5class_cw,190,0,0,1,0.9999878406524658,0.5384615659713745,0.0,0.8135477900505066
nsl_kdd_v2,rf_5class_cw,191,4,0,0,0.9987828135490417,0.5384615659713745,0.0,0.8132209181785583
nsl_kdd_v2,rf_5class_cw,192,1,1,1,0.9736726880073547,0.6666666865348816,0.0,0.8658457398414612
nsl_kdd_v2,rf_5class_cw,193,3,0,0,0.9999878406524658,0.8181818127632141,0.0,0.9352939128875732
nsl_kdd_v2,rf_5class_cw,194,3,0,0,0.9999878406524658,0.6666666865348816,0.0,0.8735768795013428
nsl_kdd_v2,rf_5class_cw,195,0,0,1,0.9999878406524658,0.6666666865348816,0.0,0.8735768795013428
nsl_kdd_v2,rf_5class_cw,196,2,0,0,0.9727895259857178,0.6666666865348816,0.0,0.8655838966369629
nsl_kdd_v2,rf_5class_cw,197,4,0,0,0.9999836683273315,0.6666666865348816,0.0,0.8735755681991577
nsl_kdd_v2,rf_5class_cw,198,3,0,0,0.9999878406524658,0.5384615659713745,0.0,0.8135477900505066
nsl_kdd_v2,rf_5class_cw,199,4,0,0,0.9999052882194519,0.6666666865348816,0.0,0.8735527992248535
nsl_kdd_v2,rf_5class_cw,200,1,1,1,0.9999878406524658,0.6666666865348816,0.0,0.8735768795013428
nsl_kdd_v2,rf_5class_cw,201,1,1,1,0.9999878406524658,0.8181818127632141,0.0,0.9352939128875732
nsl_kdd_v2,rf_5class_cw,202,2,2,1,0.526675283908844,0.8181818127632141,0.0,0.7553197145462036
nsl_kdd_v2,rf_5class_cw,203,4,0,0,0.9999875426292419,0.8181818127632141,0.0,0.9352938532829285
nsl_kdd_v2,rf_5class_cw,204,0,0,1,0.9999878406524658,0.6666666865348816,0.0,0.8735768795013428
nsl_kdd_v2,rf_5class_cw,205,4,0,0,0.9999680519104004,0.8181818127632141,0.0,0.9352877736091614
nsl_kdd_v2,rf_5class_cw,206,2,0,0,0.9727895259857178,0.5384615659713745,0.0,0.8061041235923767
nsl_kdd_v2,rf_5class_cw,207,0,0,1,0.9999878406524658,0.6666666865348816,0.0,0.8735768795013428
nsl_kdd_v2,rf_5class_cw,208,2,2,1,0.5555480718612671,0.6666666865348816,0.0,0.7181415557861328
nsl_kdd_v2,rf_5class_cw,209,2,2,1,0.9999878406524658,0.6666666865348816,0.0,0.8735768795013428
nsl_kdd_v2,rf_5class_cw,210,3,0,0,0.9999878406524658,0.8181818127632141,0.0,0.9352939128875732
nsl_kdd_v2,rf_5class_cw,211,1,0,0,0.9999878406524658,0.6666666865348816,0.0,0.8735768795013428
nsl_kdd_v2,rf_5class_cw,212,1,1,1,0.9999878406524658,0.6666666865348816,0.0,0.8735768795013428
nsl_kdd_v2,rf_5class_cw,213,2,0,0,0.9392601251602173,0.5384615659713745,0.0,0.7967342734336853
nsl_kdd_v2,rf_5class_cw,214,0,0,1,0.9999878406524658,0.6666666865348816,0.0,0.8735768795013428
nsl_kdd_v2,rf_5class_cw,215,3,0,0,0.9999878406524658,0.5384615659713745,0.0,0.8135477900505066
nsl_kdd_v2,rf_5class_cw,216,3,0,0,0.9999878406524658,0.6666666865348816,0.0,0.8735768795013428
nsl_kdd_v2,rf_5class_cw,217,3,0,0,0.9999878406524658,0.8181818127632141,0.0,0.9352939128875732
nsl_kdd_v2,rf_5class_cw,218,3,0,0,0.9999755620956421,0.6666666865348816,0.0,0.8735732436180115
nsl_kdd_v2,rf_5class_cw,219,1,1,1,0.9999878406524658,0.6666666865348816,0.0,0.8735768795013428
nsl_kdd_v2,rf_5class_cw,220,2,0,0,0.9105532765388489,0.6666666865348816,0.0,0.8467164039611816
nsl_kdd_v2,rf_5class_cw,221,1,1,1,0.9999878406524658,0.5384615659713745,0.0,0.8135477900505066
nsl_kdd_v2,rf_5class_cw,222,1,1,1,0.589512288570404,0.4285714328289032,0.0,0.6321768760681152
nsl_kdd_v2,rf_5class_cw,223,1,1,1,0.9999878406524658,0.8181818127632141,0.0,0.9352939128875732
nsl_kdd_v2,rf_5class_cw,224,1,0,0,0.50713711977005,0.5384615659713745,0.0,0.6487737894058228
nsl_kdd_v2,rf_5class_cw,225,2,1,0,0.9999878406524658,0.6666666865348816,0.0,0.8735768795013428
nsl_kdd_v2,rf_5class_cw,226,2,2,1,0.9999878406524658,0.5384615659713745,0.0,0.8135477900505066
nsl_kdd_v2,rf_5class_cw,227,1,1,1,0.9999878406524658,0.8181818127632141,0.0,0.9352939128875732
nsl_kdd_v2,rf_5class_cw,228,3,0,0,0.9392601251602173,0.5384615659713745,0.0,0.7967342734336853
nsl_kdd_v2,rf_5class_cw,229,0,0,1,0.9392601251602173,0.6666666865348816,0.0,0.855522632598877
nsl_kdd_v2,rf_5class_cw,230,2,2,1,0.9999878406524658,0.8181818127632141,0.0,0.9352939128875732
nsl_kdd_v2,rf_5class_cw,231,1,1,1,0.9999878406524658,0.3333333432674408,0.0,0.6933583617210388
nsl_kdd_v2,rf_5class_cw,232,2,2,1,0.9999878406524658,0.4285714328289032,0.0,0.7539442777633667
nsl_kdd_v2,rf_5class_cw,233,3,0,0,0.9392601251602173,0.25,0.0,0.6169385313987732
nsl_kdd_v2,rf_5class_cw,234,0,0,1,0.9999878406524658,0.8181818127632141,0.0,0.9352939128875732
nsl_kdd_v2,rf_5class_cw,235,3,0,0,0.9999755620956421,0.6666666865348816,0.0,0.8735732436180115
nsl_kdd_v2,rf_5class_cw,236,1,1,1,0.9999878406524658,0.5384615659713745,0.0,0.8135477900505066
nsl_kdd_v2,rf_5class_cw,237,0,0,1,0.9999878406524658,0.6666666865348816,0.0,0.8735768795013428
nsl_kdd_v2,rf_5class_cw,238,2,2,1,0.9999878406524658,0.6666666865348816,0.0,0.8735768795013428
nsl_kdd_v2,rf_5class_cw,239,3,0,0,0.9727780818939209,0.5384615659713745,0.0,0.8061009645462036
nsl_kdd_v2,rf_5class_cw,240,1,1,1,0.9999878406524658,0.6666666865348816,0.0,0.8735768795013428
nsl_kdd_v2,rf_5class_cw,241,1,1,1,0.9999878406524658,0.5384615659713745,0.0,0.8135477900505066
nsl_kdd_v2,rf_5class_cw,242,4,0,0,0.9985296130180359,0.5384615659713745,0.0,0.8131521940231323
nsl_kdd_v2,rf_5class_cw,243,3,0,0,0.9999878406524658,0.5384615659713745,0.0,0.8135477900505066
nsl_kdd_v2,rf_5class_cw,244,1,1,1,0.9999878406524658,0.5384615659713745,0.0,0.8135477900505066
nsl_kdd_v2,rf_5class_cw,245,0,0,1,0.9999878406524658,0.6666666865348816,0.0,0.8735768795013428
nsl_kdd_v2,rf_5class_cw,246,1,0,0,0.9727895259857178,0.8181818127632141,0.0,0.9267362952232361
nsl_kdd_v2,rf_5class_cw,247,1,1,1,0.9999878406524658,0.5384615659713745,0.0,0.8135477900505066
nsl_kdd_v2,rf_5class_cw,248,3,0,0,0.9999878406524658,0.8181818127632141,0.0,0.9352939128875732
nsl_kdd_v2,rf_5class_cw,249,3,0,0,0.9999878406524658,0.8181818127632141,0.0,0.9352939128875732
nsl_kdd_v2,rf_5class_cw,250,3,0,0,0.9999786615371704,0.6666666865348816,0.0,0.8735741376876831
nsl_kdd_v2,rf_5class_cw,251,0,0,1,0.9999878406524658,0.8181818127632141,0.0,0.9352939128875732
nsl_kdd_v2,rf_5class_cw,252,3,0,0,0.9730626940727234,0.6666666865348816,0.0,0.8656648993492126
nsl_kdd_v2,rf_5class_cw,253,1,0,0,0.6384474039077759,0.6666666865348816,0.0,0.7522194385528564
nsl_kdd_v2,rf_5class_cw,254,3,0,0,0.9999874234199524,0.5384615659713745,0.0,0.8135477304458618
nsl_kdd_v2,rf_5class_cw,255,1,0,0,0.9730626940727234,0.6666666865348816,0.0,0.8656648993492126
nsl_kdd_v2,rf_5class_cw,256,2,2,1,0.9999878406524658,0.6666666865348816,0.0,0.8735768795013428
nsl_kdd_v2,rf_5class_cw,257,1,0,0,0.927523136138916,0.6666666865348816,0.0,0.851944088935852
nsl_kdd_v2,rf_5class_cw,258,2,2,1,0.9999878406524658,0.5384615659713745,0.0,0.8135477900505066
nsl_kdd_v2,rf_5class_cw,259,0,0,1,0.9999878406524658,0.6666666865348816,0.0,0.8735768795013428
nsl_kdd_v2,rf_5class_cw,260,1,1,1,0.9999878406524658,0.6666666865348816,0.0,0.8735768795013428
nsl_kdd_v2,rf_5class_cw,261,4,0,0,0.9999181032180786,0.5384615659713745,0.0,0.8135288953781128
nsl_kdd_v2,rf_5class_cw,262,3,0,0,0.9999755620956421,0.5384615659713745,0.0,0.8135444521903992
nsl_kdd_v2,rf_5class_cw,263,0,0,1,0.9972798228263855,0.6666666865348816,0.0,0.8727875351905823
nsl_kdd_v2,rf_5class_cw,264,4,0,0,0.9999860525131226,0.6666666865348816,0.0,0.873576283454895
nsl_kdd_v2,rf_5class_cw,265,3,0,0,0.9999878406524658,0.5384615659713745,0.0,0.8135477900505066
nsl_kdd_v2,rf_5class_cw,266,3,0,0,0.9999878406524658,0.6666666865348816,0.0,0.8735768795013428
nsl_kdd_v2,rf_5class_cw,267,0,0,1,0.9999878406524658,0.5384615659713745,0.0,0.8135477900505066
nsl_kdd_v2,rf_5class_cw,268,1,1,1,0.9999878406524658,0.6666666865348816,0.0,0.8735768795013428
nsl_kdd_v2,rf_5class_cw,269,1,1,1,0.9999878406524658,0.6666666865348816,0.0,0.8735768795013428
nsl_kdd_v2,rf_5class_cw,270,0,0,1,0.9999878406524658,0.6666666865348816,0.0,0.8735768795013428
nsl_kdd_v2,rf_5class_cw,271,2,0,0,0.9392601251602173,0.6666666865348816,0.0,0.855522632598877
nsl_kdd_v2,rf_5class_cw,272,1,1,1,0.9999878406524658,0.6666666865348816,0.0,0.8735768795013428
nsl_kdd_v2,rf_5class_cw,273,0,0,1,0.9727895259857178,0.8181818127632141,0.0,0.9267362952232361
nsl_kdd_v2,rf_5class_cw,274,3,3,1,0.6410186290740967,0.5384615659713745,0.4142979383468628,52.29329299926758
nsl_kdd_v2,rf_5class_cw,275,0,0,1,0.9999878406524658,0.5384615659713745,0.0,0.8135477900505066
nsl_kdd_v2,rf_5class_cw,276,3,0,0,0.9999720454216003,0.5384615659713745,0.0,0.8135434985160828
nsl_kdd_v2,rf_5class_cw,277,0,0,1,0.9736726880073547,0.5384615659713745,0.0,0.8063480257987976
nsl_kdd_v2,rf_5class_cw,278,3,3,1,0.8202934265136719,0.5384615659713745,0.7067967057228088,67.83796691894531
nsl_kdd_v2,rf_5class_cw,279,1,0,0,0.9999878406524658,0.6666666865348816,0.0,0.8735768795013428
nsl_kdd_v2,rf_5class_cw,280,1,1,1,0.9999878406524658,0.5384615659713745,0.0,0.8135477900505066
nsl_kdd_v2,rf_5class_cw,281,0,0,1,0.9999878406524658,0.5384615659713745,0.0,0.8135477900505066
nsl_kdd_v2,rf_5class_cw,282,3,0,0,0.9999878406524658,0.6666666865348816,0.0,0.8735768795013428
nsl_kdd_v2,rf_5class_cw,283,3,0,0,0.9999874234199524,0.5384615659713745,0.0,0.8135477304458618
nsl_kdd_v2,rf_5class_cw,284,0,0,1,0.9999878406524658,0.4285714328289032,0.0,0.7539442777633667
nsl_kdd_v2,rf_5class_cw,285,2,2,1,0.9999878406524658,0.5384615659713745,0.0,0.8135477900505066
nsl_kdd_v2,rf_5class_cw,286,1,1,1,0.9999878406524658,0.5384615659713745,0.0,0.8135477900505066
nsl_kdd_v2,rf_5class_cw,287,2,1,0,0.9999878406524658,0.8181818127632141,0.0,0.9352939128875732
nsl_kdd_v2,rf_5class_cw,288,0,0,1,0.9999878406524658,0.5384615659713745,0.0,0.8135477900505066
nsl_kdd_v2,rf_5class_cw,289,2,1,0,0.9999878406524658,0.8181818127632141,0.0,0.9352939128875732
nsl_kdd_v2,rf_5class_cw,290,3,0,0,0.9999878406524658,0.6666666865348816,0.0,0.8735768795013428
nsl_kdd_v2,rf_5class_cw,291,3,0,0,0.9999878406524658,0.6666666865348816,0.0,0.8735768795013428
nsl_kdd_v2,rf_5class_cw,292,3,0,0,0.9999878406524658,0.6666666865348816,0.0,0.8735768795013428
nsl_kdd_v2,rf_5class_cw,293,3,0,0,0.999984085559845,0.6666666865348816,0.0,0.873575747013092
nsl_kdd_v2,rf_5class_cw,294,3,0,0,0.9727895259857178,0.6666666865348816,0.0,0.8655838966369629
nsl_kdd_v2,rf_5class_cw,295,1,1,1,0.603927731513977,0.6666666865348816,0.0,0.738410472869873
nsl_kdd_v2,rf_5class_cw,296,1,1,1,0.9999878406524658,0.5384615659713745,0.0,0.8135477900505066
nsl_kdd_v2,rf_5class_cw,297,0,0,1,0.9999878406524658,0.6666666865348816,0.0,0.8735768795013428
nsl_kdd_v2,rf_5class_cw,298,0,0,1,0.9999878406524658,0.5384615659713745,0.0,0.8135477900505066
nsl_kdd_v2,rf_5class_cw,299,3,0,0,0.9999878406524658,0.5384615659713745,0.0,0.8135477900505066
nsl_kdd_v2,rf_5class_cw,300,1,1,1,0.9999878406524658,0.8181818127632141,0.0,0.9352939128875732
nsl_kdd_v2,rf_5class_cw,301,0,0,1,0.9999878406524658,0.5384615659713745,0.0,0.8135477900505066
nsl_kdd_v2,rf_5class_cw,302,2,2,1,0.9999878406524658,0.8181818127632141,0.0,0.9352939128875732
nsl_kdd_v2,rf_5class_cw,303,1,1,1,0.9999878406524658,0.6666666865348816,0.0,0.8735768795013428
nsl_kdd_v2,rf_5class_cw,304,1,1,1,0.9999878406524658,1.0,0.0,0.999995768070221
nsl_kdd_v2,rf_5class_cw,305,1,1,1,0.9999878406524658,0.6666666865348816,0.0,0.8735768795013428
nsl_kdd_v2,rf_5class_cw,306,2,2,1,0.9999878406524658,0.5384615659713745,0.0,0.8135477900505066
nsl_kdd_v2,rf_5class_cw,307,3,3,1,0.8107995986938477,0.4285714328289032,0.6913069486618042,62.1635627746582
nsl_kdd_v2,rf_5class_cw,308,2,2,1,0.9999878406524658,0.8181818127632141,0.0,0.9352939128875732
nsl_kdd_v2,rf_5class_cw,309,4,0,0,0.9998378753662109,0.4285714328289032,0.0,0.7539066076278687
nsl_kdd_v2,rf_5class_cw,310,0,0,1,0.9999878406524658,0.5384615659713745,0.0,0.8135477900505066
nsl_kdd_v2,rf_5class_cw,311,0,0,1,0.9999878406524658,0.5384615659713745,0.0,0.8135477900505066
nsl_kdd_v2,rf_5class_cw,312,2,2,1,0.9999878406524658,0.8181818127632141,0.0,0.9352939128875732
nsl_kdd_v2,rf_5class_cw,313,2,2,1,0.9999878406524658,0.8181818127632141,0.0,0.9352939128875732
nsl_kdd_v2,rf_5class_cw,314,1,1,1,0.9999878406524658,0.6666666865348816,0.0,0.8735768795013428
nsl_kdd_v2,rf_5class_cw,315,1,1,1,0.9999878406524658,0.6666666865348816,0.0,0.8735768795013428
nsl_kdd_v2,rf_5class_cw,316,0,0,1,0.9999878406524658,0.5384615659713745,0.0,0.8135477900505066
nsl_kdd_v2,rf_5class_cw,317,3,0,0,0.710563600063324,0.6666666865348816,0.0,0.7795377373695374
nsl_kdd_v2,rf_5class_cw,318,0,0,1,0.9999878406524658,0.6666666865348816,0.0,0.8735768795013428
nsl_kdd_v2,rf_5class_cw,319,3,0,0,0.7999902367591858,0.6666666865348816,0.0,0.8109568357467651
nsl_kdd_v2,rf_5class_cw,320,3,0,0,0.9999878406524658,0.6666666865348816,0.0,0.8735768795013428
nsl_kdd_v2,rf_5class_cw,321,1,1,1,0.8057726621627808,0.6666666865348816,0.0,0.81290602684021
nsl_kdd_v2,rf_5class_cw,322,3,0,0,0.9999836683273315,0.4285714328289032,0.0,0.7539432048797607
nsl_kdd_v2,rf_5class_cw,323,1,1,1,0.6506797671318054,0.8181818127632141,0.0,0.8104737997055054
nsl_kdd_v2,rf_5class_cw,324,1,1,1,0.9999878406524658,0.6666666865348816,0.0,0.8735768795013428
nsl_kdd_v2,rf_5class_cw,325,3,0,0,0.9999813437461853,0.5384615659713745,0.0,0.8135460615158081
nsl_kdd_v2,rf_5class_cw,326,0,0,1,0.9999878406524658,0.6666666865348816,0.0,0.8735768795013428
nsl_kdd_v2,rf_5class_cw,327,1,2,0,0.534356415271759,0.8181818127632141,0.0,0.7589739561080933
nsl_kdd_v2,rf_5class_cw,328,2,0,0,0.9727895259857178,0.5384615659713745,0.0,0.8061041235923767
nsl_kdd_v2,rf_5class_cw,329,3,0,0,0.9999755620956421,0.6666666865348816,0.0,0.8735732436180115
nsl_kdd_v2,rf_5class_cw,330,2,2,1,0.9999878406524658,0.6666666865348816,0.0,0.8735768795013428
nsl_kdd_v2,rf_5class_cw,331,3,0,0,0.9730610251426697,0.5384615659713745,0.0,0.8061791062355042
nsl_kdd_v2,rf_5class_cw,332,3,0,0,0.9730626940727234,0.8181818127632141,0.0,0.926823079586029
nsl_kdd_v2,rf_5class_cw,333,2,2,1,0.9999878406524658,0.5384615659713745,0.0,0.8135477900505066
nsl_kdd_v2,rf_5class_cw,334,0,0,1,0.9999878406524658,0.6666666865348816,0.0,0.8735768795013428
nsl_kdd_v2,rf_5class_cw,335,2,2,1,0.9999878406524658,0.6666666865348816,0.0,0.8735768795013428
nsl_kdd_v2,rf_5class_cw,336,3,0,0,0.9999755620956421,0.5384615659713745,0.0,0.8135444521903992
nsl_kdd_v2,rf_5class_cw,337,0,0,1,0.9999878406524658,0.6666666865348816,0.0,0.8735768795013428
nsl_kdd_v2,rf_5class_cw,338,2,2,1,0.9999878406524658,0.8181818127632141,0.0,0.9352939128875732
nsl_kdd_v2,rf_5class_cw,339,0,0,1,0.9999878406524658,0.5384615659713745,0.0,0.8135477900505066
nsl_kdd_v2,rf_5class_cw,340,1,1,1,0.9999878406524658,0.6666666865348816,0.0,0.8735768795013428
nsl_kdd_v2,rf_5class_cw,341,0,0,1,0.9999878406524658,0.6666666865348816,0.0,0.8735768795013428
nsl_kdd_v2,rf_5class_cw,342,3,0,0,0.9999791383743286,0.6666666865348816,0.0,0.8735742568969727
nsl_kdd_v2,rf_5class_cw,343,1,1,1,0.9999878406524658,0.5384615659713745,0.0,0.8135477900505066
nsl_kdd_v2,rf_5class_cw,344,3,0,0,0.9999813437461853,0.5384615659713745,0.0,0.8135460615158081
nsl_kdd_v2,rf_5class_cw,345,0,0,1,0.9999878406524658,0.5384615659713745,0.0,0.8135477900505066
nsl_kdd_v2,rf_5class_cw,346,0,0,1,0.9999878406524658,0.6666666865348816,0.0,0.8735768795013428
nsl_kdd_v2,rf_5class_cw,347,2,2,1,0.9999878406524658,0.5384615659713745,0.0,0.8135477900505066
nsl_kdd_v2,rf_5class_cw,348,0,0,1,0.9999878406524658,0.6666666865348816,0.0,0.8735768795013428
nsl_kdd_v2,rf_5class_cw,349,2,2,1,0.7716217637062073,0.8181818127632141,0.0,0.857863187789917
nsl_kdd_v2,rf_5class_cw,350,2,2,1,0.9999878406524658,0.5384615659713745,0.0,0.8135477900505066
nsl_kdd_v2,rf_5class_cw,351,0,0,1,0.9999878406524658,0.5384615659713745,0.0,0.8135477900505066
nsl_kdd_v2,rf_5class_cw,352,0,0,1,0.9999878406524658,0.8181818127632141,0.0,0.9352939128875732
nsl_kdd_v2,rf_5class_cw,353,1,1,1,0.9999878406524658,0.6666666865348816,0.0,0.8735768795013428
nsl_kdd_v2,rf_5class_cw,354,3,0,0,0.9727895259857178,0.6666666865348816,0.0,0.8655838966369629
nsl_kdd_v2,rf_5class_cw,355,1,0,0,0.9999878406524658,0.6666666865348816,0.0,0.8735768795013428
nsl_kdd_v2,rf_5class_cw,356,1,1,1,0.9999878406524658,0.8181818127632141,0.0,0.9352939128875732
nsl_kdd_v2,rf_5class_cw,357,1,0,0,0.9727895259857178,0.6666666865348816,0.0,0.8655838966369629
nsl_kdd_v2,rf_5class_cw,358,0,0,1,0.9999878406524658,0.6666666865348816,0.0,0.8735768795013428
nsl_kdd_v2,rf_5class_cw,359,4,0,0,0.9878458380699158,0.5384615659713745,0.0,0.8102415800094604
nsl_kdd_v2,rf_5class_cw,360,2,0,0,0.926804780960083,0.5384615659713745,0.0,0.7931967377662659
nsl_kdd_v2,rf_5class_cw,361,2,2,1,0.7825962901115417,0.5384615659713745,0.0,0.749717116355896
nsl_kdd_v2,rf_5class_cw,362,0,0,1,0.9999878406524658,0.6666666865348816,0.0,0.8735768795013428
nsl_kdd_v2,rf_5class_cw,363,2,2,1,0.9999878406524658,0.6666666865348816,0.0,0.8735768795013428
nsl_kdd_v2,rf_5class_cw,364,0,1,0,0.9999878406524658,0.6666666865348816,0.0,0.8735768795013428
nsl_kdd_v2,rf_5class_cw,365,1,1,1,0.9999878406524658,0.6666666865348816,0.0,0.8735768795013428
nsl_kdd_v2,rf_5class_cw,366,0,1,0,0.9736726880073547,1.0,0.0,0.9911459684371948
nsl_kdd_v2,rf_5class_cw,367,3,0,0,0.9999878406524658,0.5384615659713745,0.0,0.8135477900505066
nsl_kdd_v2,rf_5class_cw,368,3,0,0,0.9392585754394531,0.5384615659713745,0.0,0.7967337965965271
nsl_kdd_v2,rf_5class_cw,369,0,0,1,0.9999878406524658,0.8181818127632141,0.0,0.9352939128875732
nsl_kdd_v2,rf_5class_cw,370,3,0,0,0.9999874234199524,0.6666666865348816,0.0,0.8735766410827637
nsl_kdd_v2,rf_5class_cw,371,0,0,1,0.9999878406524658,0.5384615659713745,0.0,0.8135477900505066
nsl_kdd_v2,rf_5class_cw,372,1,1,1,0.9999878406524658,0.8181818127632141,0.0,0.9352939128875732
nsl_kdd_v2,rf_5class_cw,373,2,2,1,0.7716217637062073,0.6666666865348816,0.0,0.801255464553833
nsl_kdd_v2,rf_5class_cw,374,1,0,0,0.9730626940727234,0.5384615659713745,0.0,0.8061795234680176
nsl_kdd_v2,rf_5class_cw,375,3,0,0,0.9730610251426697,0.5384615659713745,0.0,0.8061791062355042
nsl_kdd_v2,rf_5class_cw,376,0,0,1,0.9999878406524658,0.6666666865348816,0.0,0.8735768795013428
nsl_kdd_v2,rf_5class_cw,377,2,2,1,0.9999878406524658,0.8181818127632141,0.0,0.9352939128875732
nsl_kdd_v2,rf_5class_cw,378,2,2,1,0.9999878406524658,0.6666666865348816,0.0,0.8735768795013428
nsl_kdd_v2,rf_5class_cw,379,3,0,0,0.999983549118042,0.5384615659713745,0.0,0.8135466575622559
nsl_kdd_v2,rf_5class_cw,380,2,2,1,0.9999878406524658,0.6666666865348816,0.0,0.8735768795013428
nsl_kdd_v2,rf_5class_cw,381,1,1,1,0.9999878406524658,0.6666666865348816,0.0,0.8735768795013428
nsl_kdd_v2,rf_5class_cw,382,0,0,1,0.9999878406524658,0.5384615659713745,0.0,0.8135477900505066
nsl_kdd_v2,rf_5class_cw,383,4,0,0,0.9738525152206421,0.6666666865348816,0.0,0.8658990263938904
nsl_kdd_v2,rf_5class_cw,384,3,0,0,0.9999878406524658,0.8181818127632141,0.0,0.9352939128875732
nsl_kdd_v2,rf_5class_cw,385,2,2,1,0.9999878406524658,0.6666666865348816,0.0,0.8735768795013428
nsl_kdd_v2,rf_5class_cw,386,3,0,0,0.9999860525131226,0.6666666865348816,0.0,0.873576283454895
nsl_kdd_v2,rf_5class_cw,387,2,2,1,0.9999878406524658,0.4285714328289032,0.0,0.7539442777633667
nsl_kdd_v2,rf_5class_cw,388,2,2,1,0.9999878406524658,0.6666666865348816,0.0,0.8735768795013428
nsl_kdd_v2,rf_5class_cw,389,2,2,1,0.9999878406524658,0.6666666865348816,0.0,0.8735768795013428
nsl_kdd_v2,rf_5class_cw,390,4,4,1,0.6647038459777832,0.6666666865348816,0.0,0.762393057346344
nsl_kdd_v2,rf_5class_cw,391,1,1,1,0.9999878406524658,0.6666666865348816,0.0,0.8735768795013428
nsl_kdd_v2,rf_5class_cw,392,0,0,1,0.9999878406524658,0.6666666865348816,0.0,0.8735768795013428
nsl_kdd_v2,rf_5class_cw,393,1,1,1,0.9999878406524658,0.8181818127632141,0.0,0.9352939128875732
nsl_kdd_v2,rf_5class_cw,394,2,2,1,0.9999878406524658,0.6666666865348816,0.0,0.8735768795013428
nsl_kdd_v2,rf_5class_cw,395,2,2,1,0.5632109045982361,0.6666666865348816,0.0,0.7214283347129822
nsl_kdd_v2,rf_5class_cw,396,3,0,0,0.9999874234199524,0.6666666865348816,0.0,0.8735766410827637
nsl_kdd_v2,rf_5class_cw,397,0,0,1,0.9999878406524658,0.5384615659713745,0.0,0.8135477900505066
nsl_kdd_v2,rf_5class_cw,398,1,1,1,0.9999878406524658,0.5384615659713745,0.0,0.8135477900505066
nsl_kdd_v2,rf_5class_cw,399,2,1,0,0.9999878406524658,0.8181818127632141,0.0,0.9352939128875732
nsl_kdd_v2,rf_5class_cw,400,3,0,0,0.9727895259857178,0.5384615659713745,0.0,0.8061041235923767
nsl_kdd_v2,rf_5class_cw,401,4,0,0,0.9998582601547241,0.6666666865348816,0.0,0.8735390305519104
nsl_kdd_v2,rf_5class_cw,402,0,0,1,0.9999878406524658,0.8181818127632141,0.0,0.9352939128875732
nsl_kdd_v2,rf_5class_cw,403,4,0,0,0.9998582601547241,0.6666666865348816,0.0,0.8735390305519104
nsl_kdd_v2,rf_5class_cw,404,1,1,1,0.9999878406524658,0.6666666865348816,0.0,0.8735768795013428
nsl_kdd_v2,rf_5class_cw,405,4,0,0,0.9999878406524658,0.8181818127632141,0.0,0.9352939128875732
nsl_kdd_v2,rf_5class_cw,406,0,0,1,0.9999878406524658,0.6666666865348816,0.0,0.8735768795013428
nsl_kdd_v2,rf_5class_cw,407,2,2,1,0.9999878406524658,0.6666666865348816,0.0,0.8735768795013428
nsl_kdd_v2,rf_5class_cw,408,1,1,1,0.9999878406524658,0.6666666865348816,0.0,0.8735768795013428
nsl_kdd_v2,rf_5class_cw,409,1,1,1,0.9999878406524658,0.6666666865348816,0.0,0.8735768795013428
nsl_kdd_v2,rf_5class_cw,410,2,2,1,0.9999878406524658,0.6666666865348816,0.0,0.8735768795013428
nsl_kdd_v2,rf_5class_cw,411,0,0,1,0.9999878406524658,0.8181818127632141,0.0,0.9352939128875732
nsl_kdd_v2,rf_5class_cw,412,1,1,1,0.9999878406524658,0.6666666865348816,0.0,0.8735768795013428
nsl_kdd_v2,rf_5class_cw,413,0,0,1,0.9999878406524658,0.6666666865348816,0.0,0.8735768795013428
nsl_kdd_v2,rf_5class_cw,414,2,2,1,0.5555480718612671,0.5384615659713745,0.0,0.6687934994697571
nsl_kdd_v2,rf_5class_cw,415,3,2,0,0.8256775736808777,0.4285714328289032,0.0,0.7073122262954712
nsl_kdd_v2,rf_5class_cw,416,0,0,1,0.9999878406524658,0.6666666865348816,0.0,0.8735768795013428
nsl_kdd_v2,rf_5class_cw,417,0,0,1,0.9999878406524658,0.8181818127632141,0.0,0.9352939128875732
nsl_kdd_v2,rf_5class_cw,418,3,0,0,0.9999860525131226,0.6666666865348816,0.0,0.873576283454895
nsl_kdd_v2,rf_5class_cw,419,3,0,0,0.9999680519104004,0.4285714328289032,0.0,0.7539392709732056
nsl_kdd_v2,rf_5class_cw,420,1,1,1,0.9999878406524658,0.6666666865348816,0.0,0.8735768795013428
nsl_kdd_v2,rf_5class_cw,421,4,0,0,0.9726673364639282,0.4285714328289032,0.0,0.7470146417617798
nsl_kdd_v2,rf_5class_cw,422,2,2,1,0.6278899312019348,0.5384615659713745,0.0,0.6966468691825867
nsl_kdd_v2,rf_5class_cw,423,2,0,0,0.9730626940727234,0.8181818127632141,0.0,0.926823079586029
nsl_kdd_v2,rf_5class_cw,424,3,0,0,0.9999875426292419,0.4285714328289032,0.0,0.7539442181587219
nsl_kdd_v2,rf_5class_cw,425,0,0,1,0.9999878406524658,0.6666666865348816,0.0,0.8735768795013428
nsl_kdd_v2,rf_5class_cw,426,2,0,0,0.9727895259857178,0.5384615659713745,0.0,0.8061041235923767
nsl_kdd_v2,rf_5class_cw,427,3,0,0,0.9999878406524658,0.6666666865348816,0.0,0.8735768795013428
nsl_kdd_v2,rf_5class_cw,428,0,0,1,0.9999878406524658,0.6666666865348816,0.0,0.8735768795013428
nsl_kdd_v2,rf_5class_cw,429,0,0,1,0.9999878406524658,0.5384615659713745,0.0,0.8135477900505066
nsl_kdd_v2,rf_5class_cw,430,3,0,0,0.9999875426292419,0.6666666865348816,0.0,0.8735767602920532
nsl_kdd_v2,rf_5class_cw,431,0,0,1,0.9999878406524658,0.8181818127632141,0.0,0.9352939128875732
nsl_kdd_v2,rf_5class_cw,432,1,0,0,0.9727895259857178,0.8181818127632141,0.0,0.9267362952232361
nsl_kdd_v2,rf_5class_cw,433,1,0,0,0.927523136138916,0.8181818127632141,0.0,0.912132978439331
nsl_kdd_v2,rf_5class_cw,434,3,0,0,0.9999878406524658,0.6666666865348816,0.0,0.8735768795013428
nsl_kdd_v2,rf_5class_cw,435,4,0,0,0.9999577403068542,0.6666666865348816,0.0,0.8735679984092712
nsl_kdd_v2,rf_5class_cw,436,3,0,0,0.9999878406524658,0.6666666865348816,0.0,0.8735768795013428
nsl_kdd_v2,rf_5class_cw,437,2,2,1,0.7789276242256165,0.4285714328289032,0.0,0.6937026977539062
nsl_kdd_v2,rf_5class_cw,438,3,0,0,0.9999878406524658,0.6666666865348816,0.0,0.8735768795013428
nsl_kdd_v2,rf_5class_cw,439,3,0,0,0.9999878406524658,0.6666666865348816,0.0,0.8735768795013428
nsl_kdd_v2,rf_5class_cw,440,1,1,1,0.9999878406524658,0.5384615659713745,0.0,0.8135477900505066
nsl_kdd_v2,rf_5class_cw,441,0,0,1,0.9999878406524658,0.5384615659713745,0.0,0.8135477900505066
nsl_kdd_v2,rf_5class_cw,442,0,0,1,0.9999878406524658,0.4285714328289032,0.0,0.7539442777633667
nsl_kdd_v2,rf_5class_cw,443,0,0,1,0.9999878406524658,0.5384615659713745,0.0,0.8135477900505066
nsl_kdd_v2,rf_5class_cw,444,1,1,1,0.9999878406524658,0.6666666865348816,0.0,0.8735768795013428
nsl_kdd_v2,rf_5class_cw,445,0,0,1,0.9999878406524658,0.8181818127632141,0.0,0.9352939128875732
nsl_kdd_v2,rf_5class_cw,446,1,1,1,0.7240623235702515,0.6666666865348816,0.0,0.784443199634552
nsl_kdd_v2,rf_5class_cw,447,1,1,1,0.9999878406524658,0.6666666865348816,0.0,0.8735768795013428
nsl_kdd_v2,rf_5class_cw,448,2,2,1,0.9999878406524658,0.6666666865348816,0.0,0.8735768795013428
nsl_kdd_v2,rf_5class_cw,449,2,2,1,0.9999878406524658,0.5384615659713745,0.0,0.8135477900505066
nsl_kdd_v2,rf_5class_cw,450,0,0,1,0.9999878406524658,0.5384615659713745,0.0,0.8135477900505066
nsl_kdd_v2,rf_5class_cw,451,0,0,1,0.9999878406524658,0.5384615659713745,0.0,0.8135477900505066
nsl_kdd_v2,rf_5class_cw,452,0,0,1,0.9999878406524658,0.6666666865348816,0.0,0.8735768795013428
nsl_kdd_v2,rf_5class_cw,453,3,0,0,0.9999878406524658,0.6666666865348816,0.0,0.8735768795013428
nsl_kdd_v2,rf_5class_cw,454,3,0,0,0.9999878406524658,0.5384615659713745,0.0,0.8135477900505066
nsl_kdd_v2,rf_5class_cw,455,0,0,1,0.9999878406524658,0.6666666865348816,0.0,0.8735768795013428
nsl_kdd_v2,rf_5class_cw,456,0,0,1,0.9999878406524658,0.5384615659713745,0.0,0.8135477900505066
nsl_kdd_v2,rf_5class_cw,457,3,0,0,0.9999860525131226,0.5384615659713745,0.0,0.8135473132133484
nsl_kdd_v2,rf_5class_cw,458,1,0,0,0.927523136138916,0.8181818127632141,0.0,0.912132978439331
nsl_kdd_v2,rf_5class_cw,459,0,0,1,0.9999878406524658,0.6666666865348816,0.0,0.8735768795013428
nsl_kdd_v2,rf_5class_cw,460,0,0,1,0.9999878406524658,0.4285714328289032,0.0,0.7539442777633667
nsl_kdd_v2,rf_5class_cw,461,2,0,0,0.9727895259857178,0.5384615659713745,0.0,0.8061041235923767
nsl_kdd_v2,rf_5class_cw,462,2,2,1,0.9999878406524658,0.5384615659713745,0.0,0.8135477900505066
nsl_kdd_v2,rf_5class_cw,463,0,0,1,0.9999878406524658,0.6666666865348816,0.0,0.8735768795013428
nsl_kdd_v2,rf_5class_cw,464,2,2,1,0.9999878406524658,0.8181818127632141,0.0,0.9352939128875732
nsl_kdd_v2,rf_5class_cw,465,0,0,1,0.9999878406524658,0.6666666865348816,0.0,0.8735768795013428
nsl_kdd_v2,rf_5class_cw,466,0,0,1,0.9999878406524658,0.8181818127632141,0.0,0.9352939128875732
nsl_kdd_v2,rf_5class_cw,467,1,0,0,0.6375880241394043,0.6666666865348816,0.0,0.7518818378448486
nsl_kdd_v2,rf_5class_cw,468,3,0,0,0.9999878406524658,0.6666666865348816,0.0,0.8735768795013428
nsl_kdd_v2,rf_5class_cw,469,0,0,1,0.9999878406524658,0.5384615659713745,0.0,0.8135477900505066
nsl_kdd_v2,rf_5class_cw,470,0,0,1,0.9999878406524658,0.5384615659713745,0.0,0.8135477900505066
nsl_kdd_v2,rf_5class_cw,471,3,0,0,0.9999875426292419,0.6666666865348816,0.0,0.8735767602920532
nsl_kdd_v2,rf_5class_cw,472,0,0,1,0.9999878406524658,0.6666666865348816,0.0,0.8735768795013428
nsl_kdd_v2,rf_5class_cw,473,0,0,1,0.9999878406524658,0.6666666865348816,0.0,0.8735768795013428
nsl_kdd_v2,rf_5class_cw,474,0,0,1,0.9999878406524658,0.5384615659713745,0.0,0.8135477900505066
nsl_kdd_v2,rf_5class_cw,475,2,2,1,0.9999878406524658,0.6666666865348816,0.0,0.8735768795013428
nsl_kdd_v2,rf_5class_cw,476,0,0,1,0.9999878406524658,0.6666666865348816,0.0,0.8735768795013428
nsl_kdd_v2,rf_5class_cw,477,1,0,0,0.9730626940727234,0.5384615659713745,0.0,0.8061795234680176
nsl_kdd_v2,rf_5class_cw,478,2,2,1,0.9999878406524658,0.4285714328289032,0.0,0.7539442777633667
nsl_kdd_v2,rf_5class_cw,479,3,0,0,0.9999878406524658,0.6666666865348816,0.0,0.8735768795013428
nsl_kdd_v2,rf_5class_cw,480,4,0,0,0.9990065097808838,0.5384615659713745,0.0,0.8132816553115845
nsl_kdd_v2,rf_5class_cw,481,3,0,0,0.9198898077011108,0.5384615659713745,0.0,0.791219174861908
nsl_kdd_v2,rf_5class_cw,482,1,1,1,0.9999878406524658,0.8181818127632141,0.0,0.9352939128875732
nsl_kdd_v2,rf_5class_cw,483,0,0,1,0.9999878406524658,0.6666666865348816,0.0,0.8735768795013428
nsl_kdd_v2,rf_5class_cw,484,2,2,1,0.9999878406524658,0.6666666865348816,0.0,0.8735768795013428
nsl_kdd_v2,rf_5class_cw,485,2,2,1,0.9999878406524658,0.6666666865348816,0.0,0.8735768795013428
nsl_kdd_v2,rf_5class_cw,486,3,0,0,0.9999878406524658,0.6666666865348816,0.0,0.8735768795013428
nsl_kdd_v2,rf_5class_cw,487,0,0,1,0.9999878406524658,0.6666666865348816,0.0,0.8735768795013428
nsl_kdd_v2,rf_5class_cw,488,0,2,0,0.9999878406524658,0.4285714328289032,0.0,0.7539442777633667
nsl_kdd_v2,rf_5class_cw,489,1,1,1,0.9999878406524658,0.6666666865348816,0.0,0.8735768795013428
nsl_kdd_v2,rf_5class_cw,490,3,0,0,0.799988865852356,0.5384615659713745,0.0,0.7552304267883301
nsl_kdd_v2,rf_5class_cw,491,2,2,1,0.9999878406524658,0.6666666865348816,0.0,0.8735768795013428
nsl_kdd_v2,rf_5class_cw,492,1,1,1,0.9999878406524658,0.6666666865348816,0.0,0.8735768795013428
nsl_kdd_v2,rf_5class_cw,493,2,2,1,0.9999878406524658,0.5384615659713745,0.0,0.8135477900505066
nsl_kdd_v2,rf_5class_cw,494,4,0,0,0.7341158390045166,0.3333333432674408,0.0,0.625481367111206
nsl_kdd_v2,rf_5class_cw,495,3,0,0,0.9999878406524658,0.5384615659713745,0.0,0.8135477900505066
nsl_kdd_v2,rf_5class_cw,496,0,0,1,0.9999878406524658,0.5384615659713745,0.0,0.8135477900505066
nsl_kdd_v2,rf_5class_cw,497,4,0,0,0.9999521970748901,0.6666666865348816,0.0,0.8735663890838623
nsl_kdd_v2,rf_5class_cw,498,3,0,0,0.9999855756759644,0.4285714328289032,0.0,0.7539437413215637
nsl_kdd_v2,rf_5class_cw,499,1,1,1,0.9999878406524658,0.5384615659713745,0.0,0.8135477900505066
nsl_kdd_v2,rf_5class_cw,500,0,0,1,0.9999878406524658,0.6666666865348816,0.0,0.8735768795013428
nsl_kdd_v2,rf_5class_cw,501,0,0,1,0.9999878406524658,0.8181818127632141,0.0,0.9352939128875732
nsl_kdd_v2,rf_5class_cw,502,0,0,1,0.9999878406524658,0.8181818127632141,0.0,0.9352939128875732
nsl_kdd_v2,rf_5class_cw,503,0,0,1,0.9999878406524658,0.6666666865348816,0.0,0.8735768795013428
nsl_kdd_v2,rf_5class_cw,504,3,0,0,0.9392601251602173,0.5384615659713745,0.0,0.7967342734336853
nsl_kdd_v2,rf_5class_cw,505,0,0,1,0.9999878406524658,0.6666666865348816,0.0,0.8735768795013428
nsl_kdd_v2,rf_5class_cw,506,0,0,1,0.9999878406524658,0.6666666865348816,0.0,0.8735768795013428
nsl_kdd_v2,rf_5class_cw,507,2,2,1,0.9999878406524658,0.5384615659713745,0.0,0.8135477900505066
nsl_kdd_v2,rf_5class_cw,508,1,1,1,0.8327268958091736,0.6666666865348816,0.0,0.8218711018562317
nsl_kdd_v2,rf_5class_cw,509,0,0,1,0.9999878406524658,0.6666666865348816,0.0,0.8735768795013428
nsl_kdd_v2,rf_5class_cw,510,0,0,1,0.9999878406524658,0.6666666865348816,0.0,0.8735768795013428
nsl_kdd_v2,rf_5class_cw,511,1,1,1,0.9999878406524658,0.6666666865348816,0.0,0.8735768795013428
nsl_kdd_v2,rf_5class_cw,512,3,0,0,0.9999878406524658,0.6666666865348816,0.0,0.8735768795013428
nsl_kdd_v2,rf_5class_cw,513,3,0,0,0.9999755620956421,0.4285714328289032,0.0,0.7539411783218384
nsl_kdd_v2,rf_5class_cw,514,0,0,1,0.9999878406524658,0.5384615659713745,0.0,0.8135477900505066
nsl_kdd_v2,rf_5class_cw,515,1,1,1,0.9999878406524658,0.8181818127632141,0.0,0.9352939128875732
nsl_kdd_v2,rf_5class_cw,516,3,0,0,0.9999878406524658,0.8181818127632141,0.0,0.9352939128875732
nsl_kdd_v2,rf_5class_cw,517,2,0,0,0.7873343825340271,0.6666666865348816,0.0,0.806657612323761
nsl_kdd_v2,rf_5class_cw,518,1,1,1,0.9999878406524658,0.6666666865348816,0.0,0.8735768795013428
nsl_kdd_v2,rf_5class_cw,519,2,2,1,0.9999878406524658,0.6666666865348816,0.0,0.8735768795013428
nsl_kdd_v2,rf_5class_cw,520,3,0,0,0.9999875426292419,0.5384615659713745,0.0,0.8135477304458618
nsl_kdd_v2,rf_5class_cw,521,1,1,1,0.9999878406524658,0.8181818127632141,0.0,0.9352939128875732
nsl_kdd_v2,rf_5class_cw,522,4,0,0,0.9662264585494995,0.4285714328289032,0.0,0.7453621625900269
nsl_kdd_v2,rf_5class_cw,523,3,0,0,0.9999875426292419,0.4285714328289032,0.0,0.7539442181587219
nsl_kdd_v2,rf_5class_cw,524,3,0,0,0.9727895259857178,0.8181818127632141,0.0,0.9267362952232361
nsl_kdd_v2,rf_5class_cw,525,2,2,1,0.9999878406524658,0.6666666865348816,0.0,0.8735768795013428
nsl_kdd_v2,rf_5class_cw,526,2,2,1,0.5606861710548401,0.6666666865348816,0.0,0.7203487753868103
nsl_kdd_v2,rf_5class_cw,527,1,1,1,0.9999878406524658,0.8181818127632141,0.0,0.9352939128875732
nsl_kdd_v2,rf_5class_cw,528,2,2,1,0.9999878406524658,0.5384615659713745,0.0,0.8135477900505066
nsl_kdd_v2,rf_5class_cw,529,4,0,0,0.9999878406524658,0.6666666865348816,0.0,0.8735768795013428
nsl_kdd_v2,rf_5class_cw,530,2,0,0,0.6934892535209656,0.6666666865348816,0.0,0.7732431888580322
nsl_kdd_v2,rf_5class_cw,531,2,2,1,0.9999878406524658,0.6666666865348816,0.0,0.8735768795013428
nsl_kdd_v2,rf_5class_cw,532,1,1,1,0.5885157585144043,0.8181818127632141,0.0,0.7837952375411987
nsl_kdd_v2,rf_5class_cw,533,2,2,1,0.9999878406524658,0.5384615659713745,0.0,0.8135477900505066
nsl_kdd_v2,rf_5class_cw,534,3,0,0,0.9999878406524658,0.6666666865348816,0.0,0.8735768795013428
nsl_kdd_v2,rf_5class_cw,535,0,0,1,0.9999878406524658,0.6666666865348816,0.0,0.8735768795013428
nsl_kdd_v2,rf_5class_cw,536,2,2,1,0.7164055705070496,0.6666666865348816,0.0,0.7816683650016785
nsl_kdd_v2,rf_5class_cw,537,3,0,0,0.7999902367591858,0.6666666865348816,0.0,0.8109568357467651
nsl_kdd_v2,rf_5class_cw,538,1,1,1,0.9999878406524658,1.0,0.0,0.999995768070221
nsl_kdd_v2,rf_5class_cw,539,0,0,1,0.9999878406524658,0.5384615659713745,0.0,0.8135477900505066
nsl_kdd_v2,rf_5class_cw,540,4,0,0,0.9994562864303589,0.5384615659713745,0.0,0.8134036064147949
nsl_kdd_v2,rf_5class_cw,541,2,2,1,0.9999878406524658,0.6666666865348816,0.0,0.8735768795013428
nsl_kdd_v2,rf_5class_cw,542,0,0,1,0.9999878406524658,0.5384615659713745,0.0,0.8135477900505066
nsl_kdd_v2,rf_5class_cw,543,1,1,1,0.9999878406524658,0.8181818127632141,0.0,0.9352939128875732
nsl_kdd_v2,rf_5class_cw,544,1,1,1,0.9999878406524658,0.5384615659713745,0.0,0.8135477900505066
nsl_kdd_v2,rf_5class_cw,545,1,1,1,0.9999878406524658,0.8181818127632141,0.0,0.9352939128875732
nsl_kdd_v2,rf_5class_cw,546,1,0,0,0.9727895259857178,0.5384615659713745,0.0,0.8061041235923767
nsl_kdd_v2,rf_5class_cw,547,3,0,0,0.9999878406524658,0.5384615659713745,0.0,0.8135477900505066
nsl_kdd_v2,rf_5class_cw,548,3,0,0,0.9999878406524658,0.8181818127632141,0.0,0.9352939128875732
nsl_kdd_v2,rf_5class_cw,549,3,0,0,0.9999878406524658,0.5384615659713745,0.0,0.8135477900505066
nsl_kdd_v2,rf_5class_cw,550,1,1,1,0.9999878406524658,0.6666666865348816,0.0,0.8735768795013428
nsl_kdd_v2,rf_5class_cw,551,2,2,1,0.7930153608322144,0.6666666865348816,0.0,0.8085931539535522
nsl_kdd_v2,rf_5class_cw,552,0,0,1,0.9999878406524658,0.6666666865348816,0.0,0.8735768795013428
nsl_kdd_v2,rf_5class_cw,553,2,2,1,0.6329123377799988,0.6666666865348816,0.0,0.7500393390655518
nsl_kdd_v2,rf_5class_cw,554,0,0,1,0.9999878406524658,0.5384615659713745,0.0,0.8135477900505066
nsl_kdd_v2,rf_5class_cw,555,2,0,0,0.9392601251602173,0.6666666865348816,0.0,0.855522632598877
nsl_kdd_v2,rf_5class_cw,556,3,0,0,0.9999878406524658,0.8181818127632141,0.0,0.9352939128875732
nsl_kdd_v2,rf_5class_cw,557,1,0,0,0.9105532765388489,0.6666666865348816,0.0,0.8467164039611816
nsl_kdd_v2,rf_5class_cw,558,0,0,1,0.9999878406524658,0.8181818127632141,0.0,0.9352939128875732
nsl_kdd_v2,rf_5class_cw,559,0,0,1,0.9999878406524658,0.6666666865348816,0.0,0.8735768795013428
nsl_kdd_v2,rf_5class_cw,560,0,0,1,0.9999878406524658,0.6666666865348816,0.0,0.8735768795013428
nsl_kdd_v2,rf_5class_cw,561,0,0,1,0.9999878406524658,0.5384615659713745,0.0,0.8135477900505066
nsl_kdd_v2,rf_5class_cw,562,3,0,0,0.927523136138916,0.3333333432674408,0.0,0.6761884689331055
nsl_kdd_v2,rf_5class_cw,563,2,2,1,0.9999878406524658,0.5384615659713745,0.0,0.8135477900505066
nsl_kdd_v2,rf_5class_cw,564,3,0,0,0.9727895259857178,0.6666666865348816,0.0,0.8655838966369629
nsl_kdd_v2,rf_5class_cw,565,1,1,1,0.9999878406524658,0.6666666865348816,0.0,0.8735768795013428
nsl_kdd_v2,rf_5class_cw,566,3,0,0,0.9999878406524658,0.6666666865348816,0.0,0.8735768795013428
nsl_kdd_v2,rf_5class_cw,567,0,0,1,0.9999878406524658,0.6666666865348816,0.0,0.8735768795013428
nsl_kdd_v2,rf_5class_cw,568,0,0,1,0.9999878406524658,0.5384615659713745,0.0,0.8135477900505066
nsl_kdd_v2,rf_5class_cw,569,1,1,1,0.9999878406524658,0.6666666865348816,0.0,0.8735768795013428
nsl_kdd_v2,rf_5class_cw,570,2,2,1,0.5555480718612671,0.6666666865348816,0.0,0.7181415557861328
nsl_kdd_v2,rf_5class_cw,571,2,1,0,0.9999878406524658,0.6666666865348816,0.0,0.8735768795013428
nsl_kdd_v2,rf_5class_cw,572,2,2,1,0.9999878406524658,0.8181818127632141,0.0,0.9352939128875732
nsl_kdd_v2,rf_5class_cw,573,3,0,0,0.9999878406524658,0.8181818127632141,0.0,0.9352939128875732
nsl_kdd_v2,rf_5class_cw,574,4,0,0,0.9999676942825317,0.6666666865348816,0.0,0.87357097864151
nsl_kdd_v2,rf_5class_cw,575,1,0,0,0.9730626940727234,0.6666666865348816,0.0,0.8656648993492126
nsl_kdd_v2,rf_5class_cw,576,0,0,1,0.9999878406524658,0.5384615659713745,0.0,0.8135477900505066
nsl_kdd_v2,rf_5class_cw,577,0,0,1,0.9999878406524658,0.6666666865348816,0.0,0.8735768795013428
nsl_kdd_v2,rf_5class_cw,578,4,4,1,0.7484386563301086,0.4285714328289032,0.0,0.6845309138298035
nsl_kdd_v2,rf_5class_cw,579,4,4,1,0.5048893094062805,0.6666666865348816,0.0,0.6956138610839844
nsl_kdd_v2,rf_5class_cw,580,2,2,1,0.9999878406524658,0.6666666865348816,0.0,0.8735768795013428
nsl_kdd_v2,rf_5class_cw,581,0,0,1,0.9999878406524658,1.0,0.0,0.999995768070221
nsl_kdd_v2,rf_5class_cw,582,1,0,0,0.9592416882514954,0.8181818127632141,0.0,0.9224140048027039
nsl_kdd_v2,rf_5class_cw,583,4,0,0,0.9999284148216248,0.3333333432674408,0.0,0.6933445930480957
nsl_kdd_v2,rf_5class_cw,584,1,1,1,0.9999878406524658,0.6666666865348816,0.0,0.8735768795013428
nsl_kdd_v2,rf_5class_cw,585,2,0,0,0.9727895259857178,0.8181818127632141,0.0,0.9267362952232361
nsl_kdd_v2,rf_5class_cw,586,3,0,0,0.9999878406524658,0.6666666865348816,0.0,0.8735768795013428
nsl_kdd_v2,rf_5class_cw,587,0,0,1,0.9999878406524658,0.5384615659713745,0.0,0.8135477900505066
nsl_kdd_v2,rf_5class_cw,588,4,0,0,0.9999875426292419,0.4285714328289032,0.0,0.7539442181587219
nsl_kdd_v2,rf_5class_cw,589,3,0,0,0.9999875426292419,0.6666666865348816,0.0,0.8735767602920532
nsl_kdd_v2,rf_5class_cw,590,2,2,1,0.9999878406524658,0.6666666865348816,0.0,0.8735768795013428
nsl_kdd_v2,rf_5class_cw,591,3,0,0,0.9999784231185913,0.3333333432674408,0.0,0.6933562159538269
nsl_kdd_v2,rf_5class_cw,592,1,1,1,0.9411641359329224,0.8181818127632141,0.0,0.9165827035903931
nsl_kdd_v2,rf_5class_cw,593,3,0,0,0.9999878406524658,0.6666666865348816,0.0,0.8735768795013428
nsl_kdd_v2,rf_5class_cw,594,2,2,1,0.9999878406524658,0.5384615659713745,0.0,0.8135477900505066
nsl_kdd_v2,rf_5class_cw,595,2,0,0,0.6934892535209656,0.4285714328289032,0.0,0.6673509478569031
nsl_kdd_v2,rf_5class_cw,596,0,0,1,0.9999878406524658,0.6666666865348816,0.0,0.8735768795013428
nsl_kdd_v2,rf_5class_cw,597,4,0,0,0.999636709690094,0.6666666865348816,0.0,0.8734745979309082
nsl_kdd_v2,rf_5class_cw,598,3,0,0,0.9999878406524658,0.6666666865348816,0.0,0.8735768795013428
nsl_kdd_v2,rf_5class_cw,599,0,0,1,0.9999878406524658,0.6666666865348816,0.0,0.8735768795013428
nsl_kdd_v2,rf_5class_cw,600,2,2,1,0.9999878406524658,0.5384615659713745,0.0,0.8135477900505066
nsl_kdd_v2,rf_5class_cw,601,2,2,1,0.9999878406524658,0.5384615659713745,0.0,0.8135477900505066
nsl_kdd_v2,rf_5class_cw,602,2,2,1,0.9999878406524658,0.6666666865348816,0.0,0.8735768795013428
nsl_kdd_v2,rf_5class_cw,603,1,1,1,0.9999878406524658,0.6666666865348816,0.0,0.8735768795013428
nsl_kdd_v2,rf_5class_cw,604,1,1,1,0.9999878406524658,0.6666666865348816,0.0,0.8735768795013428
nsl_kdd_v2,rf_5class_cw,605,1,1,1,0.9999878406524658,0.5384615659713745,0.0,0.8135477900505066
nsl_kdd_v2,rf_5class_cw,606,0,0,1,0.9999878406524658,0.6666666865348816,0.0,0.8735768795013428
nsl_kdd_v2,rf_5class_cw,607,2,2,1,0.9999878406524658,0.5384615659713745,0.0,0.8135477900505066
nsl_kdd_v2,rf_5class_cw,608,1,0,0,0.9105532765388489,0.5384615659713745,0.0,0.7885331511497498
nsl_kdd_v2,rf_5class_cw,609,0,0,1,0.7590974569320679,0.6666666865348816,0.0,0.7968966960906982
nsl_kdd_v2,rf_5class_cw,610,1,1,1,0.9999878406524658,0.5384615659713745,0.0,0.8135477900505066
nsl_kdd_v2,rf_5class_cw,611,1,1,1,0.9999878406524658,0.6666666865348816,0.0,0.8735768795013428
nsl_kdd_v2,rf_5class_cw,612,2,2,1,0.9999878406524658,0.8181818127632141,0.0,0.9352939128875732
nsl_kdd_v2,rf_5class_cw,613,0,0,1,0.9999878406524658,0.6666666865348816,0.0,0.8735768795013428
nsl_kdd_v2,rf_5class_cw,614,2,2,1,0.8368991017341614,0.5384615659713745,0.0,0.7666712999343872
nsl_kdd_v2,rf_5class_cw,615,0,0,1,0.9999878406524658,0.6666666865348816,0.0,0.8735768795013428
nsl_kdd_v2,rf_5class_cw,616,2,2,1,0.5167920589447021,0.5384615659713745,0.0,0.6528651118278503
nsl_kdd_v2,rf_5class_cw,617,1,1,1,0.9999878406524658,0.6666666865348816,0.0,0.8735768795013428
nsl_kdd_v2,rf_5class_cw,618,0,0,1,0.9999878406524658,0.6666666865348816,0.0,0.8735768795013428
nsl_kdd_v2,rf_5class_cw,619,1,1,1,0.9999878406524658,0.6666666865348816,0.0,0.8735768795013428
nsl_kdd_v2,rf_5class_cw,620,2,0,0,0.9727895259857178,0.3333333432674408,0.0,0.6870143413543701
nsl_kdd_v2,rf_5class_cw,621,0,2,0,0.9999878406524658,0.6666666865348816,0.0,0.8735768795013428
nsl_kdd_v2,rf_5class_cw,622,1,1,1,0.9999878406524658,0.6666666865348816,0.0,0.8735768795013428
nsl_kdd_v2,rf_5class_cw,623,3,0,0,0.9999875426292419,0.4285714328289032,0.0,0.7539442181587219
nsl_kdd_v2,rf_5class_cw,624,4,0,0,0.9994562864303589,0.8181818127632141,0.0,0.9351282119750977
nsl_kdd_v2,rf_5class_cw,625,2,2,1,0.7716217637062073,0.5384615659713745,0.0,0.7461961507797241
nsl_kdd_v2,rf_5class_cw,626,3,3,1,0.7812380790710449,0.5384615659713745,0.6430753469467163,64.67453002929688
nsl_kdd_v2,rf_5class_cw,627,2,2,1,0.9999878406524658,0.5384615659713745,0.0,0.8135477900505066
nsl_kdd_v2,rf_5class_cw,628,1,1,1,0.9999878406524658,0.5384615659713745,0.0,0.8135477900505066
nsl_kdd_v2,rf_5class_cw,629,0,0,1,0.9999878406524658,0.5384615659713745,0.0,0.8135477900505066
nsl_kdd_v2,rf_5class_cw,630,1,1,1,0.9999878406524658,0.6666666865348816,0.0,0.8735768795013428
nsl_kdd_v2,rf_5class_cw,631,3,0,0,0.9999878406524658,0.6666666865348816,0.0,0.8735768795013428
nsl_kdd_v2,rf_5class_cw,632,1,1,1,0.9999878406524658,0.6666666865348816,0.0,0.8735768795013428
nsl_kdd_v2,rf_5class_cw,633,1,0,0,0.5705558657646179,0.6666666865348816,0.0,0.7245509028434753
nsl_kdd_v2,rf_5class_cw,634,2,1,0,0.9999878406524658,0.8181818127632141,0.0,0.9352939128875732
nsl_kdd_v2,rf_5class_cw,635,2,2,1,0.9999878406524658,0.6666666865348816,0.0,0.8735768795013428
nsl_kdd_v2,rf_5class_cw,636,3,0,0,0.9557308554649353,0.8181818127632141,0.0,0.9212872982025146
nsl_kdd_v2,rf_5class_cw,637,0,0,1,0.9727895259857178,0.8181818127632141,0.0,0.9267362952232361
nsl_kdd_v2,rf_5class_cw,638,0,0,1,0.9999878406524658,0.5384615659713745,0.0,0.8135477900505066
nsl_kdd_v2,rf_5class_cw,639,1,1,1,0.5707665085792542,0.6666666865348816,0.0,0.7246400713920593
nsl_kdd_v2,rf_5class_cw,640,3,0,0,0.9999878406524658,0.5384615659713745,0.0,0.8135477900505066
nsl_kdd_v2,rf_5class_cw,641,2,2,1,0.9999878406524658,0.6666666865348816,0.0,0.8735768795013428
nsl_kdd_v2,rf_5class_cw,642,1,1,1,0.8002721667289734,0.6666666865348816,0.0,0.811052143573761
nsl_kdd_v2,rf_5class_cw,643,1,1,1,0.9999878406524658,0.8181818127632141,0.0,0.9352939128875732
nsl_kdd_v2,rf_5class_cw,644,1,1,1,0.9999878406524658,0.6666666865348816,0.0,0.8735768795013428
nsl_kdd_v2,rf_5class_cw,645,2,2,1,0.9999878406524658,0.5384615659713745,0.0,0.8135477900505066
nsl_kdd_v2,rf_5class_cw,646,0,0,1,0.9999878406524658,0.6666666865348816,0.0,0.8735768795013428
nsl_kdd_v2,rf_5class_cw,647,0,0,1,0.9999878406524658,0.6666666865348816,0.0,0.8735768795013428
nsl_kdd_v2,rf_5class_cw,648,0,0,1,0.9999878406524658,0.6666666865348816,0.0,0.8735768795013428
nsl_kdd_v2,rf_5class_cw,649,1,1,1,0.9999878406524658,0.6666666865348816,0.0,0.8735768795013428
nsl_kdd_v2,rf_5class_cw,650,3,0,0,0.9999874234199524,0.5384615659713745,0.0,0.8135477304458618
nsl_kdd_v2,rf_5class_cw,651,1,1,1,0.9999878406524658,0.6666666865348816,0.0,0.8735768795013428
nsl_kdd_v2,rf_5class_cw,652,0,0,1,0.9999878406524658,0.6666666865348816,0.0,0.8735768795013428
nsl_kdd_v2,rf_5class_cw,653,1,1,1,0.624995231628418,1.0,0.0,0.8549857139587402
nsl_kdd_v2,rf_5class_cw,654,3,0,0,0.9999878406524658,0.5384615659713745,0.0,0.8135477900505066
nsl_kdd_v2,rf_5class_cw,655,1,1,1,0.9999878406524658,0.5384615659713745,0.0,0.8135477900505066
nsl_kdd_v2,rf_5class_cw,656,2,0,0,0.9469969272613525,0.6666666865348816,0.0,0.8578651547431946
nsl_kdd_v2,rf_5class_cw,657,3,3,1,0.6358311176300049,0.4285714328289032,0.4058341085910797,47.9996223449707
nsl_kdd_v2,rf_5class_cw,658,3,0,0,0.9999878406524658,0.8181818127632141,0.0,0.9352939128875732
nsl_kdd_v2,rf_5class_cw,659,4,0,0,0.9992886185646057,0.6666666865348816,0.0,0.8733731508255005
nsl_kdd_v2,rf_5class_cw,660,3,0,0,0.9999878406524658,0.6666666865348816,0.0,0.8735768795013428
nsl_kdd_v2,rf_5class_cw,661,3,0,0,0.9999878406524658,0.8181818127632141,0.0,0.9352939128875732
nsl_kdd_v2,rf_5class_cw,662,3,0,0,0.9999878406524658,0.6666666865348816,0.0,0.8735768795013428
nsl_kdd_v2,rf_5class_cw,663,2,2,1,0.9999878406524658,0.5384615659713745,0.0,0.8135477900505066
nsl_kdd_v2,rf_5class_cw,664,4,0,0,0.9999878406524658,0.6666666865348816,0.0,0.8735768795013428
nsl_kdd_v2,rf_5class_cw,665,0,0,1,0.9999878406524658,0.6666666865348816,0.0,0.8735768795013428
nsl_kdd_v2,rf_5class_cw,666,1,2,0,0.5613008737564087,0.6666666865348816,0.0,0.7206118702888489
nsl_kdd_v2,rf_5class_cw,667,0,0,1,0.9999878406524658,0.6666666865348816,0.0,0.8735768795013428
nsl_kdd_v2,rf_5class_cw,668,0,0,1,0.9999878406524658,0.5384615659713745,0.0,0.8135477900505066
nsl_kdd_v2,rf_5class_cw,669,0,0,1,0.9999878406524658,0.6666666865348816,0.0,0.8735768795013428
nsl_kdd_v2,rf_5class_cw,670,2,2,1,0.9999878406524658,0.5384615659713745,0.0,0.8135477900505066
nsl_kdd_v2,rf_5class_cw,671,3,0,0,0.9999284148216248,0.4285714328289032,0.0,0.7539293766021729
nsl_kdd_v2,rf_5class_cw,672,0,0,1,0.9999878406524658,0.6666666865348816,0.0,0.8735768795013428
nsl_kdd_v2,rf_5class_cw,673,3,0,0,0.9730610251426697,0.5384615659713745,0.0,0.8061791062355042
nsl_kdd_v2,rf_5class_cw,674,2,2,1,0.7499862909317017,0.8181818127632141,0.0,0.8497691750526428
nsl_kdd_v2,rf_5class_cw,675,0,0,1,0.9999878406524658,0.5384615659713745,0.0,0.8135477900505066
nsl_kdd_v2,rf_5class_cw,676,0,0,1,0.9999878406524658,0.6666666865348816,0.0,0.8735768795013428
nsl_kdd_v2,rf_5class_cw,677,3,0,0,0.9727895259857178,0.6666666865348816,0.0,0.8655838966369629
nsl_kdd_v2,rf_5class_cw,678,2,2,1,0.5193013548851013,0.8181818127632141,0.0,0.7517781853675842
nsl_kdd_v2,rf_5class_cw,679,0,0,1,0.9999878406524658,0.6666666865348816,0.0,0.8735768795013428
nsl_kdd_v2,rf_5class_cw,680,0,0,1,0.9999878406524658,0.6666666865348816,0.0,0.8735768795013428
nsl_kdd_v2,rf_5class_cw,681,2,2,1,0.9999878406524658,0.6666666865348816,0.0,0.8735768795013428
nsl_kdd_v2,rf_5class_cw,682,1,1,1,0.9999878406524658,0.6666666865348816,0.0,0.8735768795013428
nsl_kdd_v2,rf_5class_cw,683,2,2,1,0.9999878406524658,0.4285714328289032,0.0,0.7539442777633667
nsl_kdd_v2,rf_5class_cw,684,1,1,1,0.9999878406524658,0.5384615659713745,0.0,0.8135477900505066
nsl_kdd_v2,rf_5class_cw,685,3,0,0,0.9999874234199524,0.5384615659713745,0.0,0.8135477304458618
nsl_kdd_v2,rf_5class_cw,686,3,0,0,0.9999878406524658,0.6666666865348816,0.0,0.8735768795013428
nsl_kdd_v2,rf_5class_cw,687,0,0,1,0.9999878406524658,0.6666666865348816,0.0,0.8735768795013428
nsl_kdd_v2,rf_5class_cw,688,4,0,0,0.9998596906661987,0.5384615659713745,0.0,0.8135130405426025
nsl_kdd_v2,rf_5class_cw,689,0,0,1,0.9999878406524658,0.6666666865348816,0.0,0.8735768795013428
nsl_kdd_v2,rf_5class_cw,690,2,2,1,0.9999878406524658,0.6666666865348816,0.0,0.8735768795013428
nsl_kdd_v2,rf_5class_cw,691,2,2,1,0.7499886155128479,0.6666666865348816,0.0,0.793696403503418
nsl_kdd_v2,rf_5class_cw,692,0,0,1,0.9999878406524658,0.6666666865348816,0.0,0.8735768795013428
nsl_kdd_v2,rf_5class_cw,693,1,0,0,0.9392601251602173,0.8181818127632141,0.0,0.9159642457962036
nsl_kdd_v2,rf_5class_cw,694,1,1,1,0.5588191747665405,0.5384615659713745,0.0,0.6701035499572754
nsl_kdd_v2,rf_5class_cw,695,3,0,0,0.9999680519104004,0.4285714328289032,0.0,0.7539392709732056
nsl_kdd_v2,rf_5class_cw,696,0,0,1,0.9727895259857178,0.8181818127632141,0.0,0.9267362952232361
nsl_kdd_v2,rf_5class_cw,697,1,1,1,0.6590016484260559,0.5384615659713745,0.0,0.7079681158065796
nsl_kdd_v2,rf_5class_cw,698,2,0,0,0.557412326335907,0.6666666865348816,0.0,0.7189439535140991
nsl_kdd_v2,rf_5class_cw,699,0,0,1,0.9999878406524658,0.6666666865348816,0.0,0.8735768795013428
nsl_kdd_v2,rf_5class_cw,700,4,3,0,0.7482702136039734,0.3333333432674408,0.5892860293388367,52.774131774902344
nsl_kdd_v2,rf_5class_cw,701,0,0,1,0.9999878406524658,0.6666666865348816,0.0,0.8735768795013428
nsl_kdd_v2,rf_5class_cw,702,1,1,1,0.9999878406524658,0.8181818127632141,0.0,0.9352939128875732
nsl_kdd_v2,rf_5class_cw,703,2,1,0,0.42666003108024597,0.6666666865348816,0.0,0.6576530933380127
nsl_kdd_v2,rf_5class_cw,704,1,1,1,0.6397249698638916,0.6666666865348816,0.0,0.7527208924293518
nsl_kdd_v2,rf_5class_cw,705,0,0,1,0.9999878406524658,0.6666666865348816,0.0,0.8735768795013428
nsl_kdd_v2,rf_5class_cw,706,2,0,0,0.5059210658073425,0.6666666865348816,0.0,0.6960874199867249
nsl_kdd_v2,rf_5class_cw,707,0,0,1,0.9999878406524658,0.8181818127632141,0.0,0.9352939128875732
nsl_kdd_v2,rf_5class_cw,708,3,0,0,0.9727895259857178,0.8181818127632141,0.0,0.9267362952232361
nsl_kdd_v2,rf_5class_cw,709,2,2,1,0.9999878406524658,0.5384615659713745,0.0,0.8135477900505066
nsl_kdd_v2,rf_5class_cw,710,2,2,1,0.9999878406524658,0.6666666865348816,0.0,0.8735768795013428
nsl_kdd_v2,rf_5class_cw,711,0,0,1,0.9999878406524658,0.5384615659713745,0.0,0.8135477900505066
nsl_kdd_v2,rf_5class_cw,712,3,0,0,0.9999878406524658,0.6666666865348816,0.0,0.8735768795013428
nsl_kdd_v2,rf_5class_cw,713,2,2,1,0.9999878406524658,0.5384615659713745,0.0,0.8135477900505066
nsl_kdd_v2,rf_5class_cw,714,2,2,1,0.9999878406524658,0.6666666865348816,0.0,0.8735768795013428
nsl_kdd_v2,rf_5class_cw,715,2,2,1,0.9999878406524658,0.6666666865348816,0.0,0.8735768795013428
nsl_kdd_v2,rf_5class_cw,716,3,0,0,0.9999878406524658,0.6666666865348816,0.0,0.8735768795013428
nsl_kdd_v2,rf_5class_cw,717,0,0,1,0.9999878406524658,0.6666666865348816,0.0,0.8735768795013428
nsl_kdd_v2,rf_5class_cw,718,3,0,0,0.9999878406524658,0.5384615659713745,0.0,0.8135477900505066
nsl_kdd_v2,rf_5class_cw,719,2,2,1,0.9999878406524658,0.5384615659713745,0.0,0.8135477900505066
nsl_kdd_v2,rf_5class_cw,720,2,1,0,0.9999860525131226,0.5384615659713745,0.0,0.8135473132133484
nsl_kdd_v2,rf_5class_cw,721,0,0,1,0.9999878406524658,0.6666666865348816,0.0,0.8735768795013428
nsl_kdd_v2,rf_5class_cw,722,0,0,1,0.9999878406524658,0.5384615659713745,0.0,0.8135477900505066
nsl_kdd_v2,rf_5class_cw,723,0,0,1,0.9999878406524658,0.6666666865348816,0.0,0.8735768795013428
nsl_kdd_v2,rf_5class_cw,724,0,0,1,0.9999878406524658,0.8181818127632141,0.0,0.9352939128875732
nsl_kdd_v2,rf_5class_cw,725,0,0,1,0.9999878406524658,0.6666666865348816,0.0,0.8735768795013428
nsl_kdd_v2,rf_5class_cw,726,3,0,0,0.9999878406524658,0.6666666865348816,0.0,0.8735768795013428
nsl_kdd_v2,rf_5class_cw,727,2,2,1,0.9999878406524658,0.6666666865348816,0.0,0.8735768795013428
nsl_kdd_v2,rf_5class_cw,728,1,1,1,0.9999878406524658,0.6666666865348816,0.0,0.8735768795013428
nsl_kdd_v2,rf_5class_cw,729,1,1,1,0.9999878406524658,0.4285714328289032,0.0,0.7539442777633667
nsl_kdd_v2,rf_5class_cw,730,2,2,1,0.8368991017341614,0.4285714328289032,0.0,0.7105021476745605
nsl_kdd_v2,rf_5class_cw,731,3,0,0,0.9999878406524658,0.8181818127632141,0.0,0.9352939128875732
nsl_kdd_v2,rf_5class_cw,732,1,1,1,0.9999878406524658,0.6666666865348816,0.0,0.8735768795013428
nsl_kdd_v2,rf_5class_cw,733,0,0,1,0.9727895259857178,0.8181818127632141,0.0,0.9267362952232361
nsl_kdd_v2,rf_5class_cw,734,1,1,1,0.9999878406524658,0.6666666865348816,0.0,0.8735768795013428
nsl_kdd_v2,rf_5class_cw,735,1,1,1,0.9999878406524658,0.5384615659713745,0.0,0.8135477900505066
nsl_kdd_v2,rf_5class_cw,736,1,0,0,0.9999875426292419,0.5384615659713745,0.0,0.8135477304458618
nsl_kdd_v2,rf_5class_cw,737,1,1,1,0.8395805954933167,0.5384615659713745,0.0,0.7674892544746399
nsl_kdd_v2,rf_5class_cw,738,3,0,0,0.9999878406524658,0.5384615659713745,0.0,0.8135477900505066
nsl_kdd_v2,rf_5class_cw,739,0,0,1,0.9727895259857178,0.8181818127632141,0.0,0.9267362952232361
nsl_kdd_v2,rf_5class_cw,740,3,0,0,0.9730568528175354,0.4285714328289032,0.0,0.747114360332489
nsl_kdd_v2,rf_5class_cw,741,0,0,1,0.9999878406524658,0.6666666865348816,0.0,0.8735768795013428
nsl_kdd_v2,rf_5class_cw,742,2,2,1,0.6637090444564819,0.5384615659713745,0.0,0.7096498012542725
nsl_kdd_v2,rf_5class_cw,743,2,2,1,0.9999878406524658,0.5384615659713745,0.0,0.8135477900505066
nsl_kdd_v2,rf_5class_cw,744,3,0,0,0.9999878406524658,0.6666666865348816,0.0,0.8735768795013428
nsl_kdd_v2,rf_5class_cw,745,2,2,1,0.9999878406524658,0.5384615659713745,0.0,0.8135477900505066
nsl_kdd_v2,rf_5class_cw,746,1,1,1,0.7240623235702515,0.6666666865348816,0.0,0.784443199634552
nsl_kdd_v2,rf_5class_cw,747,0,0,1,0.9999878406524658,0.5384615659713745,0.0,0.8135477900505066
nsl_kdd_v2,rf_5class_cw,748,2,1,0,0.9999878406524658,0.6666666865348816,0.0,0.8735768795013428
nsl_kdd_v2,rf_5class_cw,749,2,2,1,0.9999878406524658,0.5384615659713745,0.0,0.8135477900505066
nsl_kdd_v2,rf_5class_cw,750,0,0,1,0.9999878406524658,0.6666666865348816,0.0,0.8735768795013428
nsl_kdd_v2,rf_5class_cw,751,2,2,1,0.9999878406524658,0.8181818127632141,0.0,0.9352939128875732
nsl_kdd_v2,rf_5class_cw,752,0,0,1,0.9999878406524658,0.6666666865348816,0.0,0.8735768795013428
nsl_kdd_v2,rf_5class_cw,753,2,0,0,0.9469969272613525,0.6666666865348816,0.0,0.8578651547431946
nsl_kdd_v2,rf_5class_cw,754,3,0,0,0.9999860525131226,0.6666666865348816,0.0,0.873576283454895
nsl_kdd_v2,rf_5class_cw,755,1,1,1,0.8395805954933167,0.5384615659713745,0.0,0.7674892544746399
nsl_kdd_v2,rf_5class_cw,756,0,1,0,0.9999878406524658,0.6666666865348816,0.0,0.8735768795013428
nsl_kdd_v2,rf_5class_cw,757,1,0,0,0.9105532765388489,0.6666666865348816,0.0,0.8467164039611816
nsl_kdd_v2,rf_5class_cw,758,0,0,1,0.9999878406524658,0.5384615659713745,0.0,0.8135477900505066
nsl_kdd_v2,rf_5class_cw,759,1,1,1,0.9999878406524658,0.5384615659713745,0.0,0.8135477900505066
nsl_kdd_v2,rf_5class_cw,760,3,0,0,0.9999878406524658,0.6666666865348816,0.0,0.8735768795013428
nsl_kdd_v2,rf_5class_cw,761,0,0,1,0.9999878406524658,0.6666666865348816,0.0,0.8735768795013428
nsl_kdd_v2,rf_5class_cw,762,0,0,1,0.9999878406524658,0.6666666865348816,0.0,0.8735768795013428
nsl_kdd_v2,rf_5class_cw,763,3,0,0,0.9999878406524658,0.8181818127632141,0.0,0.9352939128875732
nsl_kdd_v2,rf_5class_cw,764,0,0,1,0.9999878406524658,0.6666666865348816,0.0,0.8735768795013428
nsl_kdd_v2,rf_5class_cw,765,3,0,0,0.9727858304977417,0.5384615659713745,0.0,0.8061031103134155
nsl_kdd_v2,rf_5class_cw,766,2,2,1,0.7825962901115417,0.4285714328289032,0.0,0.6947900652885437
nsl_kdd_v2,rf_5class_cw,767,0,0,1,0.9999878406524658,0.8181818127632141,0.0,0.9352939128875732
nsl_kdd_v2,rf_5class_cw,768,0,0,1,0.9999878406524658,0.5384615659713745,0.0,0.8135477900505066
nsl_kdd_v2,rf_5class_cw,769,2,2,1,0.9999878406524658,0.6666666865348816,0.0,0.8735768795013428
nsl_kdd_v2,rf_5class_cw,770,1,1,1,0.9999878406524658,0.6666666865348816,0.0,0.8735768795013428
nsl_kdd_v2,rf_5class_cw,771,0,2,0,0.9999878406524658,0.6666666865348816,0.0,0.8735768795013428
nsl_kdd_v2,rf_5class_cw,772,1,1,1,0.9999878406524658,0.8181818127632141,0.0,0.9352939128875732
nsl_kdd_v2,rf_5class_cw,773,1,1,1,0.9999878406524658,0.5384615659713745,0.0,0.8135477900505066
nsl_kdd_v2,rf_5class_cw,774,3,0,0,0.9392601251602173,0.4285714328289032,0.0,0.7383624911308289
nsl_kdd_v2,rf_5class_cw,775,3,0,0,0.9999860525131226,0.6666666865348816,0.0,0.873576283454895
nsl_kdd_v2,rf_5class_cw,776,3,0,0,0.9392585754394531,0.5384615659713745,0.0,0.7967337965965271
nsl_kdd_v2,rf_5class_cw,777,4,4,1,0.6466284394264221,0.4285714328289032,0.0,0.6519675254821777
nsl_kdd_v2,rf_5class_cw,778,1,0,0,0.9730626940727234,0.6666666865348816,0.0,0.8656648993492126
nsl_kdd_v2,rf_5class_cw,779,0,0,1,0.9999878406524658,0.6666666865348816,0.0,0.8735768795013428
nsl_kdd_v2,rf_5class_cw,780,0,0,1,0.9999878406524658,0.5384615659713745,0.0,0.8135477900505066
nsl_kdd_v2,rf_5class_cw,781,0,0,1,0.9999878406524658,0.5384615659713745,0.0,0.8135477900505066
nsl_kdd_v2,rf_5class_cw,782,0,0,1,0.9999878406524658,0.5384615659713745,0.0,0.8135477900505066
nsl_kdd_v2,rf_5class_cw,783,1,1,1,0.9999878406524658,0.6666666865348816,0.0,0.8735768795013428
nsl_kdd_v2,rf_5class_cw,784,1,1,1,0.7240623235702515,0.5384615659713745,0.0,0.7305391430854797
nsl_kdd_v2,rf_5class_cw,785,0,0,1,0.9999878406524658,0.6666666865348816,0.0,0.8735768795013428
nsl_kdd_v2,rf_5class_cw,786,3,0,0,0.9999878406524658,0.4285714328289032,0.0,0.7539442777633667
nsl_kdd_v2,rf_5class_cw,787,1,0,0,0.927523136138916,0.8181818127632141,0.0,0.912132978439331
nsl_kdd_v2,rf_5class_cw,788,1,1,1,0.9999878406524658,0.6666666865348816,0.0,0.8735768795013428
nsl_kdd_v2,rf_5class_cw,789,4,0,0,0.9999878406524658,0.6666666865348816,0.0,0.8735768795013428
nsl_kdd_v2,rf_5class_cw,790,0,0,1,0.9999878406524658,0.6666666865348816,0.0,0.8735768795013428
nsl_kdd_v2,rf_5class_cw,791,0,0,1,0.9999878406524658,0.5384615659713745,0.0,0.8135477900505066
nsl_kdd_v2,rf_5class_cw,792,1,1,1,0.9736726880073547,0.8181818127632141,0.0,0.9270166754722595
nsl_kdd_v2,rf_5class_cw,793,2,1,0,0.9999878406524658,0.8181818127632141,0.0,0.9352939128875732
nsl_kdd_v2,rf_5class_cw,794,1,1,1,0.8417397141456604,0.5384615659713745,0.0,0.7681465744972229
nsl_kdd_v2,rf_5class_cw,795,2,2,1,0.6481388807296753,0.8181818127632141,0.0,0.8094174861907959
nsl_kdd_v2,rf_5class_cw,796,2,2,1,0.8368991017341614,0.6666666865348816,0.0,0.8232413530349731
nsl_kdd_v2,rf_5class_cw,797,1,1,1,0.9999878406524658,0.8181818127632141,0.0,0.9352939128875732
nsl_kdd_v2,rf_5class_cw,798,1,1,1,0.9999878406524658,0.8181818127632141,0.0,0.9352939128875732
nsl_kdd_v2,rf_5class_cw,799,3,0,0,0.9999875426292419,0.5384615659713745,0.0,0.8135477304458618
nsl_kdd_v2,rf_5class_cw,800,2,1,0,0.9999878406524658,0.6666666865348816,0.0,0.8735768795013428
nsl_kdd_v2,rf_5class_cw,801,2,2,1,0.9999878406524658,0.6666666865348816,0.0,0.8735768795013428
nsl_kdd_v2,rf_5class_cw,802,0,0,1,0.9999878406524658,0.6666666865348816,0.0,0.8735768795013428
nsl_kdd_v2,rf_5class_cw,803,0,0,1,0.9999878406524658,0.5384615659713745,0.0,0.8135477900505066
nsl_kdd_v2,rf_5class_cw,804,1,1,1,0.9999878406524658,0.6666666865348816,0.0,0.8735768795013428
nsl_kdd_v2,rf_5class_cw,805,3,0,0,0.9999878406524658,0.6666666865348816,0.0,0.8735768795013428
nsl_kdd_v2,rf_5class_cw,806,3,0,0,0.9730626940727234,0.5384615659713745,0.0,0.8061795234680176
nsl_kdd_v2,rf_5class_cw,807,2,0,0,0.9727895259857178,0.5384615659713745,0.0,0.8061041235923767
nsl_kdd_v2,rf_5class_cw,808,3,0,0,0.9999878406524658,0.6666666865348816,0.0,0.8735768795013428
nsl_kdd_v2,rf_5class_cw,809,4,0,0,0.999876081943512,0.6666666865348816,0.0,0.8735442757606506
nsl_kdd_v2,rf_5class_cw,810,0,0,1,0.9999878406524658,0.6666666865348816,0.0,0.8735768795013428
nsl_kdd_v2,rf_5class_cw,811,4,0,0,0.9999878406524658,0.8181818127632141,0.0,0.9352939128875732
nsl_kdd_v2,rf_5class_cw,812,2,0,0,0.9105532765388489,0.5384615659713745,0.0,0.7885331511497498
nsl_kdd_v2,rf_5class_cw,813,0,0,1,0.9999878406524658,0.8181818127632141,0.0,0.9352939128875732
nsl_kdd_v2,rf_5class_cw,814,1,1,1,0.9999878406524658,0.8181818127632141,0.0,0.9352939128875732
nsl_kdd_v2,rf_5class_cw,815,1,1,1,0.9999878406524658,0.5384615659713745,0.0,0.8135477900505066
nsl_kdd_v2,rf_5class_cw,816,1,1,1,0.9999878406524658,0.6666666865348816,0.0,0.8735768795013428
nsl_kdd_v2,rf_5class_cw,817,2,2,1,0.9999878406524658,0.8181818127632141,0.0,0.9352939128875732
nsl_kdd_v2,rf_5class_cw,818,1,1,1,0.9999878406524658,0.5384615659713745,0.0,0.8135477900505066
nsl_kdd_v2,rf_5class_cw,819,0,0,1,0.9999878406524658,0.6666666865348816,0.0,0.8735768795013428
nsl_kdd_v2,rf_5class_cw,820,3,0,0,0.9730626940727234,0.5384615659713745,0.0,0.8061795234680176
nsl_kdd_v2,rf_5class_cw,821,4,0,0,0.9999878406524658,0.8181818127632141,0.0,0.9352939128875732
nsl_kdd_v2,rf_5class_cw,822,1,1,1,0.9999878406524658,0.8181818127632141,0.0,0.9352939128875732
nsl_kdd_v2,rf_5class_cw,823,3,0,0,0.9999878406524658,0.6666666865348816,0.0,0.8735768795013428
nsl_kdd_v2,rf_5class_cw,824,1,1,1,0.9999878406524658,0.6666666865348816,0.0,0.8735768795013428
nsl_kdd_v2,rf_5class_cw,825,1,1,1,0.9999878406524658,0.6666666865348816,0.0,0.8735768795013428
nsl_kdd_v2,rf_5class_cw,826,0,0,1,0.9999878406524658,0.4285714328289032,0.0,0.7539442777633667
nsl_kdd_v2,rf_5class_cw,827,1,1,1,0.9999878406524658,0.6666666865348816,0.0,0.8735768795013428
nsl_kdd_v2,rf_5class_cw,828,2,2,1,0.9999878406524658,0.5384615659713745,0.0,0.8135477900505066
nsl_kdd_v2,rf_5class_cw,829,2,2,1,0.9999878406524658,0.6666666865348816,0.0,0.8735768795013428
nsl_kdd_v2,rf_5class_cw,830,3,0,0,0.9727895259857178,0.6666666865348816,0.0,0.8655838966369629
nsl_kdd_v2,rf_5class_cw,831,3,3,1,0.8107979893684387,0.4285714328289032,0.6913042664527893,62.16343688964844
nsl_kdd_v2,rf_5class_cw,832,1,1,1,0.9999878406524658,0.5384615659713745,0.0,0.8135477900505066
nsl_kdd_v2,rf_5class_cw,833,2,2,1,0.6683775782585144,0.8181818127632141,0.0,0.817756175994873
nsl_kdd_v2,rf_5class_cw,834,1,1,1,0.9999878406524658,0.8181818127632141,0.0,0.9352939128875732
nsl_kdd_v2,rf_5class_cw,835,2,2,1,0.9999878406524658,0.5384615659713745,0.0,0.8135477900505066
nsl_kdd_v2,rf_5class_cw,836,1,1,1,0.9999878406524658,0.5384615659713745,0.0,0.8135477900505066
nsl_kdd_v2,rf_5class_cw,837,4,0,0,0.9982582330703735,0.6666666865348816,0.0,0.8730729222297668
nsl_kdd_v2,rf_5class_cw,838,3,0,0,0.9999878406524658,0.8181818127632141,0.0,0.9352939128875732
nsl_kdd_v2,rf_5class_cw,839,3,0,0,0.9999878406524658,0.4285714328289032,0.0,0.7539442777633667
nsl_kdd_v2,rf_5class_cw,840,0,0,1,0.9999878406524658,0.5384615659713745,0.0,0.8135477900505066
nsl_kdd_v2,rf_5class_cw,841,0,0,1,0.9999878406524658,0.6666666865348816,0.0,0.8735768795013428
nsl_kdd_v2,rf_5class_cw,842,3,0,0,0.9999813437461853,0.5384615659713745,0.0,0.8135460615158081
nsl_kdd_v2,rf_5class_cw,843,0,0,1,0.9727895259857178,0.6666666865348816,0.0,0.8655838966369629
nsl_kdd_v2,rf_5class_cw,844,1,1,1,0.9999878406524658,0.6666666865348816,0.0,0.8735768795013428
nsl_kdd_v2,rf_5class_cw,845,3,0,0,0.9730626940727234,0.6666666865348816,0.0,0.8656648993492126
nsl_kdd_v2,rf_5class_cw,846,0,0,1,0.9999878406524658,0.6666666865348816,0.0,0.8735768795013428
nsl_kdd_v2,rf_5class_cw,847,1,1,1,0.9999878406524658,0.8181818127632141,0.0,0.9352939128875732
nsl_kdd_v2,rf_5class_cw,848,1,1,1,0.9999878406524658,0.6666666865348816,0.0,0.8735768795013428
nsl_kdd_v2,rf_5class_cw,849,4,0,0,0.999814510345459,0.5384615659713745,0.0,0.8135007619857788
nsl_kdd_v2,rf_5class_cw,850,2,0,0,0.9105532765388489,0.6666666865348816,0.0,0.8467164039611816
nsl_kdd_v2,rf_5class_cw,851,1,0,0,0.9727858304977417,0.6666666865348816,0.0,0.8655827641487122
nsl_kdd_v2,rf_5class_cw,852,0,0,1,0.9999878406524658,0.8181818127632141,0.0,0.9352939128875732
nsl_kdd_v2,rf_5class_cw,853,1,1,1,0.6333284378051758,0.8181818127632141,0.0,0.8032046556472778
nsl_kdd_v2,rf_5class_cw,854,2,2,1,0.7748687863349915,0.5384615659713745,0.0,0.7472413778305054
nsl_kdd_v2,rf_5class_cw,855,3,0,0,0.9999878406524658,0.8181818127632141,0.0,0.9352939128875732
nsl_kdd_v2,rf_5class_cw,856,1,1,1,0.9999878406524658,0.6666666865348816,0.0,0.8735768795013428
nsl_kdd_v2,rf_5class_cw,857,0,0,1,0.9999878406524658,0.8181818127632141,0.0,0.9352939128875732
nsl_kdd_v2,rf_5class_cw,858,3,0,0,0.9999875426292419,0.5384615659713745,0.0,0.8135477304458618
nsl_kdd_v2,rf_5class_cw,859,3,0,0,0.9999680519104004,0.4285714328289032,0.0,0.7539392709732056
nsl_kdd_v2,rf_5class_cw,860,3,0,0,0.9999680519104004,0.5384615659713745,0.0,0.8135424256324768
nsl_kdd_v2,rf_5class_cw,861,1,0,0,0.9736726880073547,0.6666666865348816,0.0,0.8658457398414612
nsl_kdd_v2,rf_5class_cw,862,1,0,0,0.9730626940727234,0.6666666865348816,0.0,0.8656648993492126
nsl_kdd_v2,rf_5class_cw,863,1,0,0,0.927523136138916,0.8181818127632141,0.0,0.912132978439331
nsl_kdd_v2,rf_5class_cw,864,2,2,1,0.9999878406524658,0.6666666865348816,0.0,0.8735768795013428
nsl_kdd_v2,rf_5class_cw,865,4,0,0,0.9999875426292419,0.6666666865348816,0.0,0.8735767602920532
nsl_kdd_v2,rf_5class_cw,866,3,0,0,0.9999755620956421,0.6666666865348816,0.0,0.8735732436180115
nsl_kdd_v2,rf_5class_cw,867,3,0,0,0.9730626940727234,0.6666666865348816,0.0,0.8656648993492126
nsl_kdd_v2,rf_5class_cw,868,3,0,0,0.5448529720306396,0.6666666865348816,0.0,0.7135032415390015
nsl_kdd_v2,rf_5class_cw,869,4,0,0,0.9999878406524658,0.8181818127632141,0.0,0.9352939128875732
nsl_kdd_v2,rf_5class_cw,870,2,2,1,0.9999878406524658,0.5384615659713745,0.0,0.8135477900505066
nsl_kdd_v2,rf_5class_cw,871,3,0,0,0.9736726880073547,0.8181818127632141,0.0,0.9270166754722595
nsl_kdd_v2,rf_5class_cw,872,2,2,1,0.9999878406524658,0.6666666865348816,0.0,0.8735768795013428
nsl_kdd_v2,rf_5class_cw,873,2,2,1,0.9999878406524658,0.6666666865348816,0.0,0.8735768795013428
nsl_kdd_v2,rf_5class_cw,874,1,1,1,0.9999878406524658,0.6666666865348816,0.0,0.8735768795013428
nsl_kdd_v2,rf_5class_cw,875,1,1,1,0.9999878406524658,0.6666666865348816,0.0,0.8735768795013428
nsl_kdd_v2,rf_5class_cw,876,0,0,1,0.9999878406524658,0.5384615659713745,0.0,0.8135477900505066
nsl_kdd_v2,rf_5class_cw,877,0,0,1,0.9999878406524658,1.0,0.0,0.999995768070221
nsl_kdd_v2,rf_5class_cw,878,3,0,0,0.9999878406524658,0.6666666865348816,0.0,0.8735768795013428
nsl_kdd_v2,rf_5class_cw,879,2,0,0,0.5697197914123535,0.5384615659713745,0.0,0.674432635307312
nsl_kdd_v2,rf_5class_cw,880,1,1,1,0.9999878406524658,0.6666666865348816,0.0,0.8735768795013428
nsl_kdd_v2,rf_5class_cw,881,4,0,0,0.9999836683273315,0.6666666865348816,0.0,0.8735755681991577
nsl_kdd_v2,rf_5class_cw,882,0,0,1,0.9999878406524658,0.6666666865348816,0.0,0.8735768795013428
nsl_kdd_v2,rf_5class_cw,883,2,2,1,0.9999878406524658,0.5384615659713745,0.0,0.8135477900505066
nsl_kdd_v2,rf_5class_cw,884,3,0,0,0.9999680519104004,0.5384615659713745,0.0,0.8135424256324768
nsl_kdd_v2,rf_5class_cw,885,0,0,1,0.9999878406524658,0.5384615659713745,0.0,0.8135477900505066
nsl_kdd_v2,rf_5class_cw,886,1,0,0,0.9999825954437256,0.3333333432674408,0.0,0.6933571100234985
nsl_kdd_v2,rf_5class_cw,887,3,0,0,0.9727895259857178,0.8181818127632141,0.0,0.9267362952232361
nsl_kdd_v2,rf_5class_cw,888,2,2,1,0.9999878406524658,0.5384615659713745,0.0,0.8135477900505066
nsl_kdd_v2,rf_5class_cw,889,0,0,1,0.9999878406524658,0.6666666865348816,0.0,0.8735768795013428
nsl_kdd_v2,rf_5class_cw,890,2,2,1,0.9999878406524658,0.6666666865348816,0.0,0.8735768795013428
nsl_kdd_v2,rf_5class_cw,891,0,0,1,0.9999878406524658,0.5384615659713745,0.0,0.8135477900505066
nsl_kdd_v2,rf_5class_cw,892,1,1,1,0.9999878406524658,0.8181818127632141,0.0,0.9352939128875732
nsl_kdd_v2,rf_5class_cw,893,3,0,0,0.9999836683273315,0.5384615659713745,0.0,0.8135466575622559
nsl_kdd_v2,rf_5class_cw,894,4,0,0,0.9908278584480286,0.6666666865348816,0.0,0.8709012269973755
nsl_kdd_v2,rf_5class_cw,895,0,0,1,0.9999878406524658,0.5384615659713745,0.0,0.8135477900505066
nsl_kdd_v2,rf_5class_cw,896,0,0,1,0.9999878406524658,0.8181818127632141,0.0,0.9352939128875732
nsl_kdd_v2,rf_5class_cw,897,1,1,1,0.9999878406524658,0.8181818127632141,0.0,0.9352939128875732
nsl_kdd_v2,rf_5class_cw,898,3,0,0,0.927521288394928,0.6666666865348816,0.0,0.8519435524940491
nsl_kdd_v2,rf_5class_cw,899,0,0,1,0.9999878406524658,0.8181818127632141,0.0,0.9352939128875732
nsl_kdd_v2,rf_5class_cw,900,1,1,1,0.9999878406524658,0.6666666865348816,0.0,0.8735768795013428
nsl_kdd_v2,rf_5class_cw,901,1,0,0,0.9727895259857178,0.8181818127632141,0.0,0.9267362952232361
nsl_kdd_v2,rf_5class_cw,902,2,2,1,0.9999878406524658,0.5384615659713745,0.0,0.8135477900505066
nsl_kdd_v2,rf_5class_cw,903,0,0,1,0.9999878406524658,0.6666666865348816,0.0,0.8735768795013428
nsl_kdd_v2,rf_5class_cw,904,1,1,1,0.9999878406524658,0.6666666865348816,0.0,0.8735768795013428
nsl_kdd_v2,rf_5class_cw,905,2,0,0,0.9727877974510193,0.6666666865348816,0.0,0.8655834197998047
nsl_kdd_v2,rf_5class_cw,906,1,1,1,0.9999878406524658,0.6666666865348816,0.0,0.8735768795013428
nsl_kdd_v2,rf_5class_cw,907,1,1,1,0.9999878406524658,0.8181818127632141,0.0,0.9352939128875732
nsl_kdd_v2,rf_5class_cw,908,2,0,0,0.927523136138916,0.3333333432674408,0.0,0.6761884689331055
nsl_kdd_v2,rf_5class_cw,909,2,2,1,0.9999878406524658,0.5384615659713745,0.0,0.8135477900505066
nsl_kdd_v2,rf_5class_cw,910,2,2,1,0.9999878406524658,0.6666666865348816,0.0,0.8735768795013428
nsl_kdd_v2,rf_5class_cw,911,4,0,0,0.9997408986091614,0.5384615659713745,0.0,0.8134808540344238
nsl_kdd_v2,rf_5class_cw,912,1,1,1,0.8478870391845703,0.5384615659713745,0.0,0.7700120210647583
nsl_kdd_v2,rf_5class_cw,913,1,1,1,0.9999878406524658,0.8181818127632141,0.0,0.9352939128875732
nsl_kdd_v2,rf_5class_cw,914,0,0,1,0.9999878406524658,0.6666666865348816,0.0,0.8735768795013428
nsl_kdd_v2,rf_5class_cw,915,2,2,1,0.9999878406524658,0.5384615659713745,0.0,0.8135477900505066
nsl_kdd_v2,rf_5class_cw,916,4,0,0,0.9999755620956421,0.6666666865348816,0.0,0.8735732436180115
nsl_kdd_v2,rf_5class_cw,917,0,0,1,0.9727895259857178,0.6666666865348816,0.0,0.8655838966369629
nsl_kdd_v2,rf_5class_cw,918,0,0,1,0.9999878406524658,0.8181818127632141,0.0,0.9352939128875732
nsl_kdd_v2,rf_5class_cw,919,1,1,1,0.9999878406524658,0.6666666865348816,0.0,0.8735768795013428
nsl_kdd_v2,rf_5class_cw,920,3,0,0,0.9730590581893921,0.5384615659713745,0.0,0.806178629398346
nsl_kdd_v2,rf_5class_cw,921,1,1,1,0.9411656856536865,0.6666666865348816,0.0,0.8561007976531982
nsl_kdd_v2,rf_5class_cw,922,1,1,1,0.7974039912223816,0.8181818127632141,0.0,0.8673133254051208
nsl_kdd_v2,rf_5class_cw,923,3,0,0,0.9999878406524658,0.6666666865348816,0.0,0.8735768795013428
nsl_kdd_v2,rf_5class_cw,924,3,3,1,0.6410186290740967,0.4285714328289032,0.4142979383468628,48.46209716796875
nsl_kdd_v2,rf_5class_cw,925,1,0,0,0.9105532765388489,0.6666666865348816,0.0,0.8467164039611816
nsl_kdd_v2,rf_5class_cw,926,3,0,0,0.9999755620956421,0.6666666865348816,0.0,0.8735732436180115
nsl_kdd_v2,rf_5class_cw,927,3,3,1,0.6410186290740967,0.5384615659713745,0.4142979383468628,52.29329299926758
nsl_kdd_v2,rf_5class_cw,928,1,1,1,0.9999878406524658,0.6666666865348816,0.0,0.8735768795013428
nsl_kdd_v2,rf_5class_cw,929,3,0,0,0.9999878406524658,0.6666666865348816,0.0,0.8735768795013428
nsl_kdd_v2,rf_5class_cw,930,1,1,1,0.9999878406524658,0.8181818127632141,0.0,0.9352939128875732
nsl_kdd_v2,rf_5class_cw,931,0,0,1,0.927523136138916,0.6666666865348816,0.0,0.851944088935852
nsl_kdd_v2,rf_5class_cw,932,2,2,1,0.9999878406524658,0.5384615659713745,0.0,0.8135477900505066
nsl_kdd_v2,rf_5class_cw,933,1,0,0,0.9105532765388489,0.8181818127632141,0.0,0.9065358638763428
nsl_kdd_v2,rf_5class_cw,934,0,0,1,0.9999878406524658,0.5384615659713745,0.0,0.8135477900505066
nsl_kdd_v2,rf_5class_cw,935,2,2,1,0.9999878406524658,0.8181818127632141,0.0,0.9352939128875732
nsl_kdd_v2,rf_5class_cw,936,4,0,0,0.9730568528175354,0.8181818127632141,0.0,0.926821231842041
nsl_kdd_v2,rf_5class_cw,937,4,0,0,0.999814510345459,0.8181818127632141,0.0,0.9352399110794067
nsl_kdd_v2,rf_5class_cw,938,3,0,0,0.9999836683273315,0.4285714328289032,0.0,0.7539432048797607
nsl_kdd_v2,rf_5class_cw,939,0,0,1,0.9999878406524658,0.8181818127632141,0.0,0.9352939128875732
nsl_kdd_v2,rf_5class_cw,940,1,1,1,0.9999878406524658,0.6666666865348816,0.0,0.8735768795013428
nsl_kdd_v2,rf_5class_cw,941,2,2,1,0.5754115581512451,0.5384615659713745,0.0,0.6766712069511414
nsl_kdd_v2,rf_5class_cw,942,3,0,0,0.9105532765388489,0.6666666865348816,0.0,0.8467164039611816
nsl_kdd_v2,rf_5class_cw,943,0,0,1,0.9999878406524658,0.5384615659713745,0.0,0.8135477900505066
nsl_kdd_v2,rf_5class_cw,944,1,1,1,0.9999878406524658,0.4285714328289032,0.0,0.7539442777633667
nsl_kdd_v2,rf_5class_cw,945,3,0,0,0.9999874234199524,0.5384615659713745,0.0,0.8135477304458618
nsl_kdd_v2,rf_5class_cw,946,3,0,0,0.9999878406524658,0.8181818127632141,0.0,0.9352939128875732
nsl_kdd_v2,rf_5class_cw,947,1,1,1,0.9999878406524658,0.8181818127632141,0.0,0.9352939128875732
nsl_kdd_v2,rf_5class_cw,948,0,0,1,0.9999878406524658,0.5384615659713745,0.0,0.8135477900505066
nsl_kdd_v2,rf_5class_cw,949,0,0,1,0.9999878406524658,0.8181818127632141,0.0,0.9352939128875732
nsl_kdd_v2,rf_5class_cw,950,3,0,0,0.9727709293365479,0.5384615659713745,0.0,0.806098997592926
nsl_kdd_v2,rf_5class_cw,951,1,1,1,0.9999878406524658,0.8181818127632141,0.0,0.9352939128875732
nsl_kdd_v2,rf_5class_cw,952,2,2,1,0.9999878406524658,0.5384615659713745,0.0,0.8135477900505066
nsl_kdd_v2,rf_5class_cw,953,0,0,1,0.9999878406524658,0.5384615659713745,0.0,0.8135477900505066
nsl_kdd_v2,rf_5class_cw,954,1,2,0,0.9999878406524658,0.6666666865348816,0.0,0.8735768795013428
nsl_kdd_v2,rf_5class_cw,955,3,2,0,0.8256775736808777,0.4285714328289032,0.0,0.7073122262954712
nsl_kdd_v2,rf_5class_cw,956,1,1,1,0.9999878406524658,0.6666666865348816,0.0,0.8735768795013428
nsl_kdd_v2,rf_5class_cw,957,1,0,0,0.9592416882514954,0.6666666865348816,0.0,0.8615467548370361
nsl_kdd_v2,rf_5class_cw,958,3,0,0,0.9999878406524658,0.6666666865348816,0.0,0.8735768795013428
nsl_kdd_v2,rf_5class_cw,959,1,1,1,0.9999878406524658,0.8181818127632141,0.0,0.9352939128875732
nsl_kdd_v2,rf_5class_cw,960,0,2,0,0.9999878406524658,0.5384615659713745,0.0,0.8135477900505066
nsl_kdd_v2,rf_5class_cw,961,2,2,1,0.9999878406524658,0.6666666865348816,0.0,0.8735768795013428
nsl_kdd_v2,rf_5class_cw,962,1,1,1,0.9999878406524658,0.6666666865348816,0.0,0.8735768795013428
nsl_kdd_v2,rf_5class_cw,963,1,1,1,0.9999878406524658,0.6666666865348816,0.0,0.8735768795013428
nsl_kdd_v2,rf_5class_cw,964,0,0,1,0.9999878406524658,0.6666666865348816,0.0,0.8735768795013428
nsl_kdd_v2,rf_5class_cw,965,1,1,1,0.9999878406524658,0.6666666865348816,0.0,0.8735768795013428
nsl_kdd_v2,rf_5class_cw,966,3,0,0,0.9999878406524658,0.6666666865348816,0.0,0.8735768795013428
nsl_kdd_v2,rf_5class_cw,967,1,1,1,0.9999878406524658,0.6666666865348816,0.0,0.8735768795013428
nsl_kdd_v2,rf_5class_cw,968,3,3,1,0.5861995220184326,0.4285714328289032,0.32485687732696533,43.376407623291016
nsl_kdd_v2,rf_5class_cw,969,4,3,0,0.9951961636543274,0.4285714328289032,0.9921621680259705,75.07664489746094
nsl_kdd_v2,rf_5class_cw,970,3,0,0,0.9999857544898987,0.5384615659713745,0.0,0.8135472536087036
nsl_kdd_v2,rf_5class_cw,971,3,3,1,0.6410186290740967,0.4285714328289032,0.4142979383468628,48.46209716796875
nsl_kdd_v2,rf_5class_cw,972,3,0,0,0.9999878406524658,0.8181818127632141,0.0,0.9352939128875732
nsl_kdd_v2,rf_5class_cw,973,0,0,1,0.9999878406524658,0.6666666865348816,0.0,0.8735768795013428
nsl_kdd_v2,rf_5class_cw,974,0,0,1,0.9727895259857178,0.8181818127632141,0.0,0.9267362952232361
nsl_kdd_v2,rf_5class_cw,975,2,2,1,0.9999878406524658,0.5384615659713745,0.0,0.8135477900505066
nsl_kdd_v2,rf_5class_cw,976,2,2,1,0.9999878406524658,0.5384615659713745,0.0,0.8135477900505066
nsl_kdd_v2,rf_5class_cw,977,4,0,0,0.849384069442749,0.5384615659713745,0.0,0.7704648971557617
nsl_kdd_v2,rf_5class_cw,978,2,2,1,0.9999878406524658,0.5384615659713745,0.0,0.8135477900505066
nsl_kdd_v2,rf_5class_cw,979,3,0,0,0.9999878406524658,0.8181818127632141,0.0,0.9352939128875732
nsl_kdd_v2,rf_5class_cw,980,0,0,1,0.9999878406524658,0.6666666865348816,0.0,0.8735768795013428
nsl_kdd_v2,rf_5class_cw,981,0,0,1,0.9999878406524658,0.6666666865348816,0.0,0.8735768795013428
nsl_kdd_v2,rf_5class_cw,982,2,0,0,0.9105532765388489,0.6666666865348816,0.0,0.8467164039611816
nsl_kdd_v2,rf_5class_cw,983,2,2,1,0.9999878406524658,0.5384615659713745,0.0,0.8135477900505066
nsl_kdd_v2,rf_5class_cw,984,0,0,1,0.9999878406524658,0.6666666865348816,0.0,0.8735768795013428
nsl_kdd_v2,rf_5class_cw,985,1,1,1,0.9999878406524658,0.6666666865348816,0.0,0.8735768795013428
nsl_kdd_v2,rf_5class_cw,986,2,2,1,0.9999878406524658,0.6666666865348816,0.0,0.8735768795013428
nsl_kdd_v2,rf_5class_cw,987,3,0,0,0.9999878406524658,0.6666666865348816,0.0,0.8735768795013428
nsl_kdd_v2,rf_5class_cw,988,3,0,0,0.9999878406524658,0.8181818127632141,0.0,0.9352939128875732
nsl_kdd_v2,rf_5class_cw,989,1,1,1,0.9999878406524658,1.0,0.0,0.999995768070221
nsl_kdd_v2,rf_5class_cw,990,3,0,0,0.9999875426292419,0.4285714328289032,0.0,0.7539442181587219
nsl_kdd_v2,rf_5class_cw,991,2,0,0,0.8648421168327332,0.6666666865348816,0.0,0.8323036432266235
nsl_kdd_v2,rf_5class_cw,992,3,0,0,0.9999857544898987,0.5384615659713745,0.0,0.8135472536087036
nsl_kdd_v2,rf_5class_cw,993,0,0,1,0.9999878406524658,0.6666666865348816,0.0,0.8735768795013428
nsl_kdd_v2,rf_5class_cw,994,0,0,1,0.9999878406524658,0.8181818127632141,0.0,0.9352939128875732
nsl_kdd_v2,rf_5class_cw,995,1,1,1,0.5885157585144043,0.5384615659713745,0.0,0.6817694902420044
nsl_kdd_v2,rf_5class_cw,996,1,1,1,0.9999878406524658,0.6666666865348816,0.0,0.8735768795013428
nsl_kdd_v2,rf_5class_cw,997,2,2,1,0.9999878406524658,0.5384615659713745,0.0,0.8135477900505066
nsl_kdd_v2,rf_5class_cw,998,4,0,0,0.9999817609786987,0.5384615659713745,0.0,0.8135461211204529
nsl_kdd_v2,rf_5class_cw,999,0,0,1,0.9999878406524658,0.5384615659713745,0.0,0.8135477900505066
nsl_kdd_v2,xgb_5class_cw,0,0,0,1,0.9999979734420776,0.5384615659713745,0.02857142873108387,24.87111473083496
nsl_kdd_v2,xgb_5class_cw,1,4,0,0,0.9999974370002747,0.6666666865348816,0.0,0.8735795617103577
nsl_kdd_v2,xgb_5class_cw,2,3,0,0,0.9999979138374329,0.6666666865348816,0.0,0.873579740524292
nsl_kdd_v2,xgb_5class_cw,3,3,0,0,0.9999979734420776,0.5384615659713745,0.02857142873108387,24.87111473083496
nsl_kdd_v2,xgb_5class_cw,4,0,0,1,0.9999979734420776,0.5384615659713745,0.02857142873108387,24.87111473083496
nsl_kdd_v2,xgb_5class_cw,5,2,0,0,0.6249988079071045,0.6666666865348816,0.0,0.746900200843811
nsl_kdd_v2,xgb_5class_cw,6,4,0,0,0.9999844431877136,0.5384615659713745,0.0,0.813546895980835
nsl_kdd_v2,xgb_5class_cw,7,3,0,0,0.9999979138374329,0.6666666865348816,0.0,0.873579740524292
nsl_kdd_v2,xgb_5class_cw,8,1,1,1,0.9666647911071777,0.3333333432674408,0.0,0.6855695247650146
nsl_kdd_v2,xgb_5class_cw,9,0,0,1,0.9999979734420776,0.5384615659713745,0.02857142873108387,24.87111473083496
nsl_kdd_v2,xgb_5class_cw,10,2,2,1,0.9999979734420776,0.5384615659713745,0.0,0.813550591468811
nsl_kdd_v2,xgb_5class_cw,11,2,2,1,0.9999979734420776,0.6666666865348816,0.0,0.873579740524292
nsl_kdd_v2,xgb_5class_cw,12,0,0,1,0.9999979734420776,0.5384615659713745,0.02857142873108387,24.87111473083496
nsl_kdd_v2,xgb_5class_cw,13,1,0,0,0.9999979138374329,0.8181818127632141,0.0,0.9352970719337463
nsl_kdd_v2,xgb_5class_cw,14,3,0,0,0.9999979734420776,0.5384615659713745,0.02857142873108387,24.87111473083496
nsl_kdd_v2,xgb_5class_cw,15,0,2,0,0.9999979734420776,0.6666666865348816,0.0,0.873579740524292
nsl_kdd_v2,xgb_5class_cw,16,0,0,1,0.9999979734420776,0.5384615659713745,0.02857142873108387,24.87111473083496
nsl_kdd_v2,xgb_5class_cw,17,3,0,0,0.9999979734420776,0.6666666865348816,0.02857142873108387,26.70627212524414
nsl_kdd_v2,xgb_5class_cw,18,0,0,1,0.9999979734420776,0.5384615659713745,0.02857142873108387,24.87111473083496
nsl_kdd_v2,xgb_5class_cw,19,0,0,1,0.9999979734420776,0.5384615659713745,0.02857142873108387,24.87111473083496
nsl_kdd_v2,xgb_5class_cw,20,0,0,1,0.9999979734420776,0.5384615659713745,0.02857142873108387,24.87111473083496
nsl_kdd_v2,xgb_5class_cw,21,3,0,0,0.9999979138374329,0.5384615659713745,0.0,0.8135504722595215
nsl_kdd_v2,xgb_5class_cw,22,0,0,1,0.9999979138374329,0.4285714328289032,0.0,0.7539467811584473
nsl_kdd_v2,xgb_5class_cw,23,1,1,1,0.7646487951278687,0.5384615659713745,0.0,0.743941605091095
nsl_kdd_v2,xgb_5class_cw,24,0,0,1,0.999997615814209,0.6666666865348816,0.0,0.8735796213150024
nsl_kdd_v2,xgb_5class_cw,25,2,2,1,0.9999979734420776,0.6666666865348816,0.0,0.873579740524292
nsl_kdd_v2,xgb_5class_cw,26,0,0,1,0.9999979138374329,0.5384615659713745,0.0,0.8135504722595215
nsl_kdd_v2,xgb_5class_cw,27,4,4,1,0.9666630625724792,0.4285714328289032,0.0,0.7454743385314941
nsl_kdd_v2,xgb_5class_cw,28,3,0,0,0.9999979734420776,0.6666666865348816,0.02857142873108387,26.70627212524414
nsl_kdd_v2,xgb_5class_cw,29,1,1,1,0.9999979734420776,0.5384615659713745,0.0,0.813550591468811
nsl_kdd_v2,xgb_5class_cw,30,1,1,1,0.9666647911071777,0.5384615659713745,0.0,0.804408848285675
nsl_kdd_v2,xgb_5class_cw,31,4,0,0,0.6249985098838806,0.5384615659713745,0.0,0.6955758929252625
nsl_kdd_v2,xgb_5class_cw,32,2,2,1,0.9666647911071777,0.6666666865348816,0.0,0.8637633919715881
nsl_kdd_v2,xgb_5class_cw,33,2,2,1,0.9905639886856079,0.6666666865348816,0.0,0.8708239793777466
nsl_kdd_v2,xgb_5class_cw,34,1,1,1,0.9999979734420776,0.6666666865348816,0.0,0.873579740524292
nsl_kdd_v2,xgb_5class_cw,35,3,0,0,0.9999979734420776,0.6666666865348816,0.02857142873108387,26.70627212524414
nsl_kdd_v2,xgb_5class_cw,36,1,1,1,0.9999979734420776,0.5384615659713745,0.0,0.813550591468811
nsl_kdd_v2,xgb_5class_cw,37,1,1,1,0.9999979734420776,0.5384615659713745,0.0,0.813550591468811
nsl_kdd_v2,xgb_5class_cw,38,1,1,1,0.9999979734420776,0.5384615659713745,0.0,0.813550591468811
nsl_kdd_v2,xgb_5class_cw,39,2,2,1,0.9999979734420776,0.5384615659713745,0.0,0.813550591468811
nsl_kdd_v2,xgb_5class_cw,40,0,0,1,0.9999979734420776,0.6666666865348816,0.02857142873108387,26.70627212524414
nsl_kdd_v2,xgb_5class_cw,41,3,0,0,0.9999979138374329,0.6666666865348816,0.0,0.873579740524292
nsl_kdd_v2,xgb_5class_cw,42,1,1,1,0.9999979734420776,0.5384615659713745,0.0,0.813550591468811
nsl_kdd_v2,xgb_5class_cw,43,2,2,1,0.9999979734420776,0.6666666865348816,0.0,0.873579740524292
nsl_kdd_v2,xgb_5class_cw,44,2,2,1,0.6776940822601318,0.6666666865348816,0.0,0.7673274874687195
nsl_kdd_v2,xgb_5class_cw,45,3,0,0,0.9999979138374329,0.6666666865348816,0.0,0.873579740524292
nsl_kdd_v2,xgb_5class_cw,46,1,1,1,0.9999979734420776,0.6666666865348816,0.0,0.873579740524292
nsl_kdd_v2,xgb_5class_cw,47,1,1,1,0.9999979734420776,0.6666666865348816,0.0,0.873579740524292
nsl_kdd_v2,xgb_5class_cw,48,0,0,1,0.9999979734420776,0.5384615659713745,0.02857142873108387,24.87111473083496
nsl_kdd_v2,xgb_5class_cw,49,3,0,0,0.999997615814209,0.5384615659713745,0.0,0.8135504126548767
nsl_kdd_v2,xgb_5class_cw,50,2,2,1,0.9999979734420776,0.6666666865348816,0.0,0.873579740524292
nsl_kdd_v2,xgb_5class_cw,51,2,0,0,0.6249988079071045,0.8181818127632141,0.0,0.7996678352355957
nsl_kdd_v2,xgb_5class_cw,52,3,0,0,0.9999979734420776,0.6666666865348816,0.02857142873108387,26.70627212524414
nsl_kdd_v2,xgb_5class_cw,53,1,1,1,0.9999979734420776,0.6666666865348816,0.0,0.873579740524292
nsl_kdd_v2,xgb_5class_cw,54,2,2,1,0.9999979734420776,0.5384615659713745,0.0,0.813550591468811
nsl_kdd_v2,xgb_5class_cw,55,3,0,0,0.9999979734420776,0.5384615659713745,0.02857142873108387,24.87111473083496
nsl_kdd_v2,xgb_5class_cw,56,1,1,1,0.9999979734420776,0.5384615659713745,0.0,0.813550591468811
nsl_kdd_v2,xgb_5class_cw,57,0,0,1,0.9999979734420776,0.6666666865348816,0.02857142873108387,26.70627212524414
nsl_kdd_v2,xgb_5class_cw,58,2,2,1,0.9999979734420776,0.6666666865348816,0.0,0.873579740524292
nsl_kdd_v2,xgb_5class_cw,59,3,3,1,0.9902912378311157,0.5384615659713745,0.9775335788726807,80.47909545898438
nsl_kdd_v2,xgb_5class_cw,60,0,0,1,0.9999979734420776,0.6666666865348816,0.02857142873108387,26.70627212524414
nsl_kdd_v2,xgb_5class_cw,61,3,0,0,0.5339796543121338,0.4285714328289032,0.0,0.6116682291030884
nsl_kdd_v2,xgb_5class_cw,62,0,0,1,0.9999979734420776,0.6666666865348816,0.02857142873108387,26.70627212524414
nsl_kdd_v2,xgb_5class_cw,63,0,0,1,0.9999979734420776,0.5384615659713745,0.02857142873108387,24.87111473083496
nsl_kdd_v2,xgb_5class_cw,64,2,0,0,0.9999979138374329,0.8181818127632141,0.0,0.9352970719337463
nsl_kdd_v2,xgb_5class_cw,65,0,0,1,0.9999979734420776,0.6666666865348816,0.02857142873108387,26.70627212524414
nsl_kdd_v2,xgb_5class_cw,66,0,0,1,0.9999979734420776,0.6666666865348816,0.02857142873108387,26.70627212524414
nsl_kdd_v2,xgb_5class_cw,67,1,1,1,0.9666647911071777,0.5384615659713745,0.0,0.804408848285675
nsl_kdd_v2,xgb_5class_cw,68,0,0,1,0.9999979734420776,0.6666666865348816,0.02857142873108387,26.70627212524414
nsl_kdd_v2,xgb_5class_cw,69,0,0,1,0.9999979734420776,0.6666666865348816,0.02857142873108387,26.70627212524414
nsl_kdd_v2,xgb_5class_cw,70,0,0,1,0.9999979734420776,0.6666666865348816,0.02857142873108387,26.70627212524414
nsl_kdd_v2,xgb_5class_cw,71,2,2,1,0.9999979734420776,0.8181818127632141,0.0,0.9352970719337463
nsl_kdd_v2,xgb_5class_cw,72,0,0,1,0.9999979734420776,0.5384615659713745,0.02857142873108387,24.87111473083496
nsl_kdd_v2,xgb_5class_cw,73,1,1,1,0.9999979734420776,0.5384615659713745,0.0,0.813550591468811
nsl_kdd_v2,xgb_5class_cw,74,3,3,1,0.9898931980133057,0.5384615659713745,0.9766125082969666,80.44303131103516
nsl_kdd_v2,xgb_5class_cw,75,4,4,1,0.966545581817627,0.5384615659713745,0.0,0.8043757677078247
nsl_kdd_v2,xgb_5class_cw,76,3,0,0,0.9999979734420776,0.5384615659713745,0.02857142873108387,24.87111473083496
nsl_kdd_v2,xgb_5class_cw,77,2,0,0,0.9999979138374329,0.5384615659713745,0.0,0.8135504722595215
nsl_kdd_v2,xgb_5class_cw,78,0,0,1,0.9999979734420776,0.6666666865348816,0.02857142873108387,26.70627212524414
nsl_kdd_v2,xgb_5class_cw,79,0,0,1,0.9999979734420776,0.8181818127632141,0.02857142873108387,28.593036651611328
nsl_kdd_v2,xgb_5class_cw,80,1,1,1,0.9999979734420776,0.6666666865348816,0.0,0.873579740524292
nsl_kdd_v2,xgb_5class_cw,81,2,2,1,0.9999979734420776,0.6666666865348816,0.0,0.873579740524292
nsl_kdd_v2,xgb_5class_cw,82,1,1,1,0.9999979734420776,0.6666666865348816,0.0,0.873579740524292
nsl_kdd_v2,xgb_5class_cw,83,4,0,0,0.9999978542327881,0.5384615659713745,0.0,0.8135504722595215
nsl_kdd_v2,xgb_5class_cw,84,0,2,0,0.9999979734420776,0.5384615659713745,0.0,0.813550591468811
nsl_kdd_v2,xgb_5class_cw,85,1,1,1,0.9999979734420776,0.6666666865348816,0.0,0.873579740524292
nsl_kdd_v2,xgb_5class_cw,86,0,0,1,0.9999979734420776,0.6666666865348816,0.02857142873108387,26.70627212524414
nsl_kdd_v2,xgb_5class_cw,87,1,2,0,0.9666647911071777,0.6666666865348816,0.0,0.8637633919715881
nsl_kdd_v2,xgb_5class_cw,88,0,0,1,0.9999979734420776,0.6666666865348816,0.02857142873108387,26.70627212524414
nsl_kdd_v2,xgb_5class_cw,89,1,1,1,0.9999979734420776,0.6666666865348816,0.0,0.873579740524292
nsl_kdd_v2,xgb_5class_cw,90,0,2,0,0.9999979734420776,0.4285714328289032,0.0,0.753946840763092
nsl_kdd_v2,xgb_5class_cw,91,1,1,1,0.9999979734420776,0.6666666865348816,0.0,0.873579740524292
nsl_kdd_v2,xgb_5class_cw,92,0,0,1,0.9999979734420776,0.5384615659713745,0.02857142873108387,24.87111473083496
nsl_kdd_v2,xgb_5class_cw,93,1,1,1,0.9999979734420776,0.5384615659713745,0.0,0.813550591468811
nsl_kdd_v2,xgb_5class_cw,94,4,3,0,0.5379180908203125,0.3333333432674408,0.0,0.5638949871063232
nsl_kdd_v2,xgb_5class_cw,95,4,0,0,0.9999957084655762,0.8181818127632141,0.0,0.9352964162826538
nsl_kdd_v2,xgb_5class_cw,96,1,1,1,0.9999979734420776,0.6666666865348816,0.0,0.873579740524292
nsl_kdd_v2,xgb_5class_cw,97,0,0,1,0.9999979734420776,0.5384615659713745,0.02857142873108387,24.87111473083496
nsl_kdd_v2,xgb_5class_cw,98,0,0,1,0.9999979734420776,0.6666666865348816,0.02857142873108387,26.70627212524414
nsl_kdd_v2,xgb_5class_cw,99,1,1,1,0.9999979734420776,0.6666666865348816,0.0,0.873579740524292
nsl_kdd_v2,xgb_5class_cw,100,3,0,0,0.9999979138374329,0.5384615659713745,0.0,0.8135504722595215
nsl_kdd_v2,xgb_5class_cw,101,2,0,0,0.9999979138374329,0.6666666865348816,0.0,0.873579740524292
nsl_kdd_v2,xgb_5class_cw,102,2,0,0,0.9999979138374329,0.6666666865348816,0.0,0.873579740524292
nsl_kdd_v2,xgb_5class_cw,103,3,0,0,0.9999979138374329,0.5384615659713745,0.0,0.8135504722595215
nsl_kdd_v2,xgb_5class_cw,104,0,0,1,0.9999979734420776,0.5384615659713745,0.02857142873108387,24.87111473083496
nsl_kdd_v2,xgb_5class_cw,105,3,0,0,0.9999979138374329,0.6666666865348816,0.0,0.873579740524292
nsl_kdd_v2,xgb_5class_cw,106,1,1,1,0.9999979734420776,0.6666666865348816,0.0,0.873579740524292
nsl_kdd_v2,xgb_5class_cw,107,2,0,0,0.6249988079071045,0.8181818127632141,0.0,0.7996678352355957
nsl_kdd_v2,xgb_5class_cw,108,2,2,1,0.7407394647598267,0.5384615659713745,0.0,0.7361053824424744
nsl_kdd_v2,xgb_5class_cw,109,4,0,0,0.9999979734420776,0.5384615659713745,0.02857142873108387,24.87111473083496
nsl_kdd_v2,xgb_5class_cw,110,4,3,0,0.9206018447875977,0.5384615659713745,0.8162699937820435,73.96395111083984
nsl_kdd_v2,xgb_5class_cw,111,0,0,1,0.9999979734420776,0.5384615659713745,0.02857142873108387,24.87111473083496
nsl_kdd_v2,xgb_5class_cw,112,3,0,0,0.9999979734420776,0.8181818127632141,0.02857142873108387,28.593036651611328
nsl_kdd_v2,xgb_5class_cw,113,0,0,1,0.9999979138374329,0.5384615659713745,0.0,0.8135504722595215
nsl_kdd_v2,xgb_5class_cw,114,2,0,0,0.9999979138374329,0.8181818127632141,0.0,0.9352970719337463
nsl_kdd_v2,xgb_5class_cw,115,0,0,1,0.9999979138374329,0.6666666865348816,0.0,0.873579740524292
nsl_kdd_v2,xgb_5class_cw,116,2,0,0,0.6249988079071045,0.6666666865348816,0.0,0.746900200843811
nsl_kdd_v2,xgb_5class_cw,117,3,0,0,0.6249988079071045,0.5384615659713745,0.0,0.6955759525299072
nsl_kdd_v2,xgb_5class_cw,118,3,0,0,0.9999979138374329,0.5384615659713745,0.0,0.8135504722595215
nsl_kdd_v2,xgb_5class_cw,119,2,2,1,0.9999979734420776,0.5384615659713745,0.0,0.813550591468811
nsl_kdd_v2,xgb_5class_cw,120,1,1,1,0.9999979734420776,0.8181818127632141,0.0,0.9352970719337463
nsl_kdd_v2,xgb_5class_cw,121,3,0,0,0.9999979734420776,0.6666666865348816,0.02857142873108387,26.70627212524414
nsl_kdd_v2,xgb_5class_cw,122,3,0,0,0.9999979138374329,0.6666666865348816,0.0,0.873579740524292
nsl_kdd_v2,xgb_5class_cw,123,1,1,1,0.9999979734420776,0.6666666865348816,0.0,0.873579740524292
nsl_kdd_v2,xgb_5class_cw,124,2,0,0,0.6249988079071045,0.6666666865348816,0.0,0.746900200843811
nsl_kdd_v2,xgb_5class_cw,125,1,1,1,0.4999989867210388,0.5384615659713745,0.0,0.6457155346870422
nsl_kdd_v2,xgb_5class_cw,126,1,1,1,0.9999979734420776,0.8181818127632141,0.0,0.9352970719337463
nsl_kdd_v2,xgb_5class_cw,127,0,0,1,0.9999979734420776,0.5384615659713745,0.02857142873108387,24.87111473083496
nsl_kdd_v2,xgb_5class_cw,128,0,0,1,0.9999979734420776,0.5384615659713745,0.02857142873108387,24.87111473083496
nsl_kdd_v2,xgb_5class_cw,129,1,1,1,0.9666647911071777,0.5384615659713745,0.0,0.804408848285675
nsl_kdd_v2,xgb_5class_cw,130,0,0,1,0.9999979734420776,0.6666666865348816,0.02857142873108387,26.70627212524414
nsl_kdd_v2,xgb_5class_cw,131,1,1,1,0.9999979734420776,0.4285714328289032,0.0,0.753946840763092
nsl_kdd_v2,xgb_5class_cw,132,1,1,1,0.9999979734420776,0.6666666865348816,0.0,0.873579740524292
nsl_kdd_v2,xgb_5class_cw,133,1,1,1,0.9999979734420776,0.5384615659713745,0.0,0.813550591468811
nsl_kdd_v2,xgb_5class_cw,134,2,2,1,0.9999979734420776,0.6666666865348816,0.0,0.873579740524292
nsl_kdd_v2,xgb_5class_cw,135,0,0,1,0.9999979734420776,0.6666666865348816,0.02857142873108387,26.70627212524414
nsl_kdd_v2,xgb_5class_cw,136,4,0,0,0.6249909996986389,0.5384615659713745,0.0,0.695573091506958
nsl_kdd_v2,xgb_5class_cw,137,4,3,0,0.5471259951591492,0.5384615659713745,0.0,0.6653966903686523
nsl_kdd_v2,xgb_5class_cw,138,3,0,0,0.9999979138374329,0.6666666865348816,0.0,0.873579740524292
nsl_kdd_v2,xgb_5class_cw,139,3,0,0,0.9999979734420776,0.5384615659713745,0.02857142873108387,24.87111473083496
nsl_kdd_v2,xgb_5class_cw,140,2,2,1,0.9999979734420776,1.0,0.0,0.9999991655349731
nsl_kdd_v2,xgb_5class_cw,141,2,2,1,0.9999979734420776,0.5384615659713745,0.0,0.813550591468811
nsl_kdd_v2,xgb_5class_cw,142,3,0,0,0.9999979734420776,0.6666666865348816,0.02857142873108387,26.70627212524414
nsl_kdd_v2,xgb_5class_cw,143,1,1,1,0.9999979734420776,0.6666666865348816,0.0,0.873579740524292
nsl_kdd_v2,xgb_5class_cw,144,2,2,1,0.7407394647598267,1.0,0.0,0.9048051834106445
nsl_kdd_v2,xgb_5class_cw,145,2,2,1,0.9999979734420776,0.6666666865348816,0.0,0.873579740524292
nsl_kdd_v2,xgb_5class_cw,146,0,0,1,0.9999979734420776,0.5384615659713745,0.02857142873108387,24.87111473083496
nsl_kdd_v2,xgb_5class_cw,147,1,1,1,0.9999979734420776,0.8181818127632141,0.0,0.9352970719337463
nsl_kdd_v2,xgb_5class_cw,148,0,0,1,0.9999979734420776,0.6666666865348816,0.02857142873108387,26.70627212524414
nsl_kdd_v2,xgb_5class_cw,149,2,2,1,0.9999979734420776,0.8181818127632141,0.0,0.9352970719337463
nsl_kdd_v2,xgb_5class_cw,150,3,0,0,0.9999979138374329,0.5384615659713745,0.0,0.8135504722595215
nsl_kdd_v2,xgb_5class_cw,151,2,2,1,0.7407394647598267,0.6666666865348816,0.0,0.7904201745986938
nsl_kdd_v2,xgb_5class_cw,152,2,0,0,0.6249988079071045,0.6666666865348816,0.0,0.746900200843811
nsl_kdd_v2,xgb_5class_cw,153,0,0,1,0.9999979734420776,0.4285714328289032,0.02857142873108387,23.04896354675293
nsl_kdd_v2,xgb_5class_cw,154,0,0,1,0.9999979734420776,0.4285714328289032,0.02857142873108387,23.04896354675293
nsl_kdd_v2,xgb_5class_cw,155,1,0,0,0.9999979734420776,0.4285714328289032,0.02857142873108387,23.04896354675293
nsl_kdd_v2,xgb_5class_cw,156,2,2,1,0.9999979734420776,0.8181818127632141,0.0,0.9352970719337463
nsl_kdd_v2,xgb_5class_cw,157,0,0,1,0.9999979734420776,0.6666666865348816,0.02857142873108387,26.70627212524414
nsl_kdd_v2,xgb_5class_cw,158,1,0,0,0.8265880346298218,0.5384615659713745,0.0,0.7635096311569214
nsl_kdd_v2,xgb_5class_cw,159,4,4,1,0.5264905095100403,0.3333333432674408,0.0,0.5598732233047485
nsl_kdd_v2,xgb_5class_cw,160,1,1,1,0.9999979734420776,0.6666666865348816,0.0,0.873579740524292
nsl_kdd_v2,xgb_5class_cw,161,2,2,1,0.9999979734420776,0.6666666865348816,0.0,0.873579740524292
nsl_kdd_v2,xgb_5class_cw,162,0,0,1,0.9999979734420776,0.5384615659713745,0.02857142873108387,24.87111473083496
nsl_kdd_v2,xgb_5class_cw,163,1,1,1,0.9999979734420776,0.5384615659713745,0.0,0.813550591468811
nsl_kdd_v2,xgb_5class_cw,164,2,2,1,0.9999979734420776,0.4285714328289032,0.0,0.753946840763092
nsl_kdd_v2,xgb_5class_cw,165,1,1,1,0.9999979734420776,0.6666666865348816,0.0,0.873579740524292
nsl_kdd_v2,xgb_5class_cw,166,2,2,1,0.7407394647598267,0.6666666865348816,0.0,0.7904201745986938
nsl_kdd_v2,xgb_5class_cw,167,3,0,0,0.9999979138374329,0.6666666865348816,0.0,0.873579740524292
nsl_kdd_v2,xgb_5class_cw,168,0,0,1,0.9999979734420776,0.6666666865348816,0.02857142873108387,26.70627212524414
nsl_kdd_v2,xgb_5class_cw,169,0,0,1,0.9999979734420776,0.5384615659713745,0.02857142873108387,24.87111473083496
nsl_kdd_v2,xgb_5class_cw,170,1,1,1,0.9905639886856079,0.5384615659713745,0.0,0.8109841346740723
nsl_kdd_v2,xgb_5class_cw,171,2,2,1,0.9999979734420776,0.6666666865348816,0.0,0.873579740524292
nsl_kdd_v2,xgb_5class_cw,172,2,1,0,0.9905639886856079,0.6666666865348816,0.0,0.8708239793777466
nsl_kdd_v2,xgb_5class_cw,173,0,0,1,0.9999979734420776,0.5384615659713745,0.02857142873108387,24.87111473083496
nsl_kdd_v2,xgb_5class_cw,174,1,1,1,0.9999979734420776,0.8181818127632141,0.0,0.9352970719337463
nsl_kdd_v2,xgb_5class_cw,175,2,1,0,0.9666647911071777,0.5384615659713745,0.0,0.804408848285675
nsl_kdd_v2,xgb_5class_cw,176,1,1,1,0.9999979734420776,0.8181818127632141,0.0,0.9352970719337463
nsl_kdd_v2,xgb_5class_cw,177,3,0,0,0.9999979138374329,0.5384615659713745,0.0,0.8135504722595215
nsl_kdd_v2,xgb_5class_cw,178,0,0,1,0.9999979734420776,0.5384615659713745,0.02857142873108387,24.87111473083496
nsl_kdd_v2,xgb_5class_cw,179,4,4,1,0.6729661822319031,0.5384615659713745,0.0,0.7129338979721069
nsl_kdd_v2,xgb_5class_cw,180,0,0,1,0.9999979734420776,0.5384615659713745,0.02857142873108387,24.87111473083496
nsl_kdd_v2,xgb_5class_cw,181,3,0,0,0.6249988079071045,0.5384615659713745,0.0,0.6955759525299072
nsl_kdd_v2,xgb_5class_cw,182,1,1,1,0.9999979734420776,0.5384615659713745,0.0,0.813550591468811
nsl_kdd_v2,xgb_5class_cw,183,1,1,1,0.9999979734420776,0.5384615659713745,0.0,0.813550591468811
nsl_kdd_v2,xgb_5class_cw,184,4,0,0,0.9999979138374329,0.8181818127632141,0.0,0.9352970719337463
nsl_kdd_v2,xgb_5class_cw,185,1,1,1,0.9999979734420776,0.8181818127632141,0.0,0.9352970719337463
nsl_kdd_v2,xgb_5class_cw,186,0,0,1,0.9999978542327881,0.5384615659713745,0.0,0.8135504722595215
nsl_kdd_v2,xgb_5class_cw,187,0,0,1,0.9999979734420776,0.8181818127632141,0.02857142873108387,28.593036651611328
nsl_kdd_v2,xgb_5class_cw,188,3,0,0,0.6249988079071045,0.6666666865348816,0.0,0.746900200843811
nsl_kdd_v2,xgb_5class_cw,189,1,1,1,0.9999979734420776,0.6666666865348816,0.0,0.873579740524292
nsl_kdd_v2,xgb_5class_cw,190,0,0,1,0.9999979734420776,0.5384615659713745,0.02857142873108387,24.87111473083496
nsl_kdd_v2,xgb_5class_cw,191,4,4,1,0.9666604995727539,0.5384615659713745,0.0,0.8044075965881348
nsl_kdd_v2,xgb_5class_cw,192,1,1,1,0.9999979734420776,0.5384615659713745,0.0,0.813550591468811
nsl_kdd_v2,xgb_5class_cw,193,3,0,0,0.9999979734420776,0.5384615659713745,0.02857142873108387,24.87111473083496
nsl_kdd_v2,xgb_5class_cw,194,3,0,0,0.9999979734420776,0.8181818127632141,0.02857142873108387,28.593036651611328
nsl_kdd_v2,xgb_5class_cw,195,0,0,1,0.9999979734420776,0.6666666865348816,0.02857142873108387,26.70627212524414
nsl_kdd_v2,xgb_5class_cw,196,2,0,0,0.9999979138374329,0.5384615659713745,0.0,0.8135504722595215
nsl_kdd_v2,xgb_5class_cw,197,4,0,0,0.9999979138374329,0.5384615659713745,0.0,0.8135504722595215
nsl_kdd_v2,xgb_5class_cw,198,3,0,0,0.9999979734420776,0.5384615659713745,0.02857142873108387,24.87111473083496
nsl_kdd_v2,xgb_5class_cw,199,4,0,0,0.9333156943321228,0.6666666865348816,0.0,0.8537139892578125
nsl_kdd_v2,xgb_5class_cw,200,1,1,1,0.9999979734420776,0.6666666865348816,0.0,0.873579740524292
nsl_kdd_v2,xgb_5class_cw,201,1,1,1,0.9999979734420776,0.6666666865348816,0.0,0.873579740524292
nsl_kdd_v2,xgb_5class_cw,202,2,2,1,0.7407394647598267,0.8181818127632141,0.0,0.8462623953819275
nsl_kdd_v2,xgb_5class_cw,203,4,0,0,0.9999979138374329,0.6666666865348816,0.0,0.873579740524292
nsl_kdd_v2,xgb_5class_cw,204,0,0,1,0.9999979734420776,0.6666666865348816,0.02857142873108387,26.70627212524414
nsl_kdd_v2,xgb_5class_cw,205,4,0,0,0.9999963641166687,0.6666666865348816,0.0,0.8735792636871338
nsl_kdd_v2,xgb_5class_cw,206,2,0,0,0.9999979138374329,0.6666666865348816,0.0,0.873579740524292
nsl_kdd_v2,xgb_5class_cw,207,0,0,1,0.9999979734420776,0.6666666865348816,0.02857142873108387,26.70627212524414
nsl_kdd_v2,xgb_5class_cw,208,2,0,0,0.6249988079071045,0.6666666865348816,0.0,0.746900200843811
nsl_kdd_v2,xgb_5class_cw,209,2,2,1,0.9999979734420776,0.8181818127632141,0.0,0.9352970719337463
nsl_kdd_v2,xgb_5class_cw,210,3,0,0,0.9999979734420776,0.6666666865348816,0.02857142873108387,26.70627212524414
nsl_kdd_v2,xgb_5class_cw,211,1,0,0,0.9999979734420776,0.3333333432674408,0.02857142873108387,21.196781158447266
nsl_kdd_v2,xgb_5class_cw,212,1,1,1,0.9999979734420776,0.8181818127632141,0.0,0.9352970719337463
nsl_kdd_v2,xgb_5class_cw,213,2,0,0,0.9999979138374329,0.6666666865348816,0.0,0.873579740524292
nsl_kdd_v2,xgb_5class_cw,214,0,0,1,0.9999979734420776,0.4285714328289032,0.02857142873108387,23.04896354675293
nsl_kdd_v2,xgb_5class_cw,215,3,0,0,0.9999979138374329,0.5384615659713745,0.0,0.8135504722595215
nsl_kdd_v2,xgb_5class_cw,216,3,0,0,0.9999979138374329,0.6666666865348816,0.0,0.873579740524292
nsl_kdd_v2,xgb_5class_cw,217,3,0,0,0.9999979734420776,0.6666666865348816,0.02857142873108387,26.70627212524414
nsl_kdd_v2,xgb_5class_cw,218,3,0,0,0.9999979138374329,0.6666666865348816,0.0,0.873579740524292
nsl_kdd_v2,xgb_5class_cw,219,1,1,1,0.9999979734420776,0.6666666865348816,0.0,0.873579740524292
nsl_kdd_v2,xgb_5class_cw,220,2,0,0,0.6249988079071045,0.8181818127632141,0.0,0.7996678352355957
nsl_kdd_v2,xgb_5class_cw,221,1,1,1,0.9999979734420776,0.8181818127632141,0.0,0.9352970719337463
nsl_kdd_v2,xgb_5class_cw,222,1,0,0,0.571427583694458,0.5384615659713745,0.0,0.6751059293746948
nsl_kdd_v2,xgb_5class_cw,223,1,1,1,0.9999979734420776,0.4285714328289032,0.0,0.753946840763092
nsl_kdd_v2,xgb_5class_cw,224,1,1,1,0.7067946195602417,0.5384615659713745,0.0,0.7246849536895752
nsl_kdd_v2,xgb_5class_cw,225,2,1,0,0.9905639886856079,0.5384615659713745,0.0,0.8109841346740723
nsl_kdd_v2,xgb_5class_cw,226,2,2,1,0.9999979734420776,0.5384615659713745,0.0,0.813550591468811
nsl_kdd_v2,xgb_5class_cw,227,1,1,1,0.9999979734420776,0.6666666865348816,0.0,0.873579740524292
nsl_kdd_v2,xgb_5class_cw,228,3,0,0,0.9999979138374329,0.6666666865348816,0.0,0.873579740524292
nsl_kdd_v2,xgb_5class_cw,229,0,0,1,0.9999979138374329,0.4285714328289032,0.0,0.7539467811584473
nsl_kdd_v2,xgb_5class_cw,230,2,2,1,0.9999979734420776,0.6666666865348816,0.0,0.873579740524292
nsl_kdd_v2,xgb_5class_cw,231,1,1,1,0.9999979734420776,0.4285714328289032,0.0,0.753946840763092
nsl_kdd_v2,xgb_5class_cw,232,2,2,1,0.9999979734420776,0.6666666865348816,0.0,0.873579740524292
nsl_kdd_v2,xgb_5class_cw,233,3,0,0,0.9999979138374329,0.6666666865348816,0.0,0.873579740524292
nsl_kdd_v2,xgb_5class_cw,234,0,0,1,0.9999979734420776,0.6666666865348816,0.02857142873108387,26.70627212524414
nsl_kdd_v2,xgb_5class_cw,235,3,0,0,0.9999979138374329,0.8181818127632141,0.0,0.9352970719337463
nsl_kdd_v2,xgb_5class_cw,236,1,1,1,0.9999979734420776,0.5384615659713745,0.0,0.813550591468811
nsl_kdd_v2,xgb_5class_cw,237,0,0,1,0.9999979734420776,0.6666666865348816,0.02857142873108387,26.70627212524414
nsl_kdd_v2,xgb_5class_cw,238,2,2,1,0.9999979734420776,0.6666666865348816,0.0,0.873579740524292
nsl_kdd_v2,xgb_5class_cw,239,3,0,0,0.9999977350234985,0.5384615659713745,0.0,0.8135504722595215
nsl_kdd_v2,xgb_5class_cw,240,1,1,1,0.9999979734420776,0.5384615659713745,0.0,0.813550591468811
nsl_kdd_v2,xgb_5class_cw,241,1,1,1,0.9999979734420776,0.6666666865348816,0.0,0.873579740524292
nsl_kdd_v2,xgb_5class_cw,242,4,0,0,0.9999467730522156,0.5384615659713745,0.0,0.8135367035865784
nsl_kdd_v2,xgb_5class_cw,243,3,0,0,0.9999979734420776,0.6666666865348816,0.02857142873108387,26.70627212524414
nsl_kdd_v2,xgb_5class_cw,244,1,1,1,0.9999979734420776,0.6666666865348816,0.0,0.873579740524292
nsl_kdd_v2,xgb_5class_cw,245,0,0,1,0.9999979734420776,0.6666666865348816,0.02857142873108387,26.70627212524414
nsl_kdd_v2,xgb_5class_cw,246,1,0,0,0.9999979138374329,0.8181818127632141,0.0,0.9352970719337463
nsl_kdd_v2,xgb_5class_cw,247,1,1,1,0.9999979734420776,0.3333333432674408,0.0,0.6933606863021851
nsl_kdd_v2,xgb_5class_cw,248,3,0,0,0.9999979734420776,0.8181818127632141,0.02857142873108387,28.593036651611328
nsl_kdd_v2,xgb_5class_cw,249,3,0,0,0.9999979138374329,0.5384615659713745,0.0,0.8135504722595215
nsl_kdd_v2,xgb_5class_cw,250,3,0,0,0.9999979138374329,0.6666666865348816,0.0,0.873579740524292
nsl_kdd_v2,xgb_5class_cw,251,0,0,1,0.9999979734420776,0.6666666865348816,0.02857142873108387,26.70627212524414
nsl_kdd_v2,xgb_5class_cw,252,3,0,0,0.9999979734420776,0.6666666865348816,0.02857142873108387,26.70627212524414
nsl_kdd_v2,xgb_5class_cw,253,1,0,0,0.571427583694458,0.8181818127632141,0.0,0.7761344313621521
nsl_kdd_v2,xgb_5class_cw,254,3,3,1,0.5611559152603149,0.4285714328289032,0.0,0.621873676776886
nsl_kdd_v2,xgb_5class_cw,255,1,0,0,0.9999979138374329,0.4285714328289032,0.0,0.7539467811584473
nsl_kdd_v2,xgb_5class_cw,256,2,2,1,0.9999979734420776,0.5384615659713745,0.0,0.813550591468811
nsl_kdd_v2,xgb_5class_cw,257,1,0,0,0.8265880346298218,0.6666666865348816,0.0,0.819846510887146
nsl_kdd_v2,xgb_5class_cw,258,2,2,1,0.9999979734420776,0.6666666865348816,0.0,0.873579740524292
nsl_kdd_v2,xgb_5class_cw,259,0,0,1,0.9999979734420776,0.6666666865348816,0.02857142873108387,26.70627212524414
nsl_kdd_v2,xgb_5class_cw,260,1,1,1,0.9999979734420776,0.6666666865348816,0.0,0.873579740524292
nsl_kdd_v2,xgb_5class_cw,261,4,0,0,0.9999979138374329,0.6666666865348816,0.0,0.873579740524292
nsl_kdd_v2,xgb_5class_cw,262,3,0,0,0.9999979138374329,0.5384615659713745,0.0,0.8135504722595215
nsl_kdd_v2,xgb_5class_cw,263,0,0,1,0.9997817873954773,0.5384615659713745,0.0,0.813491940498352
nsl_kdd_v2,xgb_5class_cw,264,4,0,0,0.9999979138374329,0.6666666865348816,0.0,0.873579740524292
nsl_kdd_v2,xgb_5class_cw,265,3,0,0,0.9999979734420776,0.6666666865348816,0.02857142873108387,26.70627212524414
nsl_kdd_v2,xgb_5class_cw,266,3,0,0,0.9999979734420776,0.6666666865348816,0.02857142873108387,26.70627212524414
nsl_kdd_v2,xgb_5class_cw,267,0,0,1,0.9999979734420776,0.5384615659713745,0.02857142873108387,24.87111473083496
nsl_kdd_v2,xgb_5class_cw,268,1,1,1,0.9999979734420776,0.5384615659713745,0.0,0.813550591468811
nsl_kdd_v2,xgb_5class_cw,269,1,1,1,0.9999979734420776,0.5384615659713745,0.0,0.813550591468811
nsl_kdd_v2,xgb_5class_cw,270,0,0,1,0.9999979138374329,0.6666666865348816,0.0,0.873579740524292
nsl_kdd_v2,xgb_5class_cw,271,2,0,0,0.9999979138374329,0.6666666865348816,0.0,0.873579740524292
nsl_kdd_v2,xgb_5class_cw,272,1,1,1,0.9999979734420776,0.6666666865348816,0.0,0.873579740524292
nsl_kdd_v2,xgb_5class_cw,273,0,0,1,0.9999979138374329,0.6666666865348816,0.0,0.873579740524292
nsl_kdd_v2,xgb_5class_cw,274,3,3,1,0.9905639886856079,0.6666666865348816,0.9781647324562073,86.44391632080078
nsl_kdd_v2,xgb_5class_cw,275,0,0,1,0.9999979734420776,0.6666666865348816,0.02857142873108387,26.70627212524414
nsl_kdd_v2,xgb_5class_cw,276,3,0,0,0.9999979138374329,0.5384615659713745,0.0,0.8135504722595215
nsl_kdd_v2,xgb_5class_cw,277,0,0,1,0.9999979138374329,0.5384615659713745,0.0,0.8135504722595215
nsl_kdd_v2,xgb_5class_cw,278,3,4,0,0.6304474472999573,0.4285714328289032,0.0,0.646483302116394
nsl_kdd_v2,xgb_5class_cw,279,1,0,0,0.9999979138374329,0.5384615659713745,0.0,0.8135504722595215
nsl_kdd_v2,xgb_5class_cw,280,1,1,1,0.9999979734420776,0.6666666865348816,0.0,0.873579740524292
nsl_kdd_v2,xgb_5class_cw,281,0,0,1,0.9999979734420776,0.5384615659713745,0.02857142873108387,24.87111473083496
nsl_kdd_v2,xgb_5class_cw,282,3,0,0,0.9999979734420776,0.6666666865348816,0.02857142873108387,26.70627212524414
nsl_kdd_v2,xgb_5class_cw,283,3,0,0,0.6249988079071045,0.5384615659713745,0.0,0.6955759525299072
nsl_kdd_v2,xgb_5class_cw,284,0,0,1,0.9999979734420776,0.5384615659713745,0.02857142873108387,24.87111473083496
nsl_kdd_v2,xgb_5class_cw,285,2,2,1,0.9999979734420776,0.8181818127632141,0.0,0.9352970719337463
nsl_kdd_v2,xgb_5class_cw,286,1,1,1,0.9905639886856079,0.5384615659713745,0.0,0.8109841346740723
nsl_kdd_v2,xgb_5class_cw,287,2,1,0,0.9905639886856079,0.5384615659713745,0.0,0.8109841346740723
nsl_kdd_v2,xgb_5class_cw,288,0,0,1,0.9999979734420776,0.5384615659713745,0.02857142873108387,24.87111473083496
nsl_kdd_v2,xgb_5class_cw,289,2,1,0,0.9905639886856079,0.5384615659713745,0.0,0.8109841346740723
nsl_kdd_v2,xgb_5class_cw,290,3,0,0,0.9999979734420776,0.5384615659713745,0.02857142873108387,24.87111473083496
nsl_kdd_v2,xgb_5class_cw,291,3,0,0,0.9999979734420776,0.6666666865348816,0.02857142873108387,26.70627212524414
nsl_kdd_v2,xgb_5class_cw,292,3,0,0,0.9999979734420776,0.6666666865348816,0.02857142873108387,26.70627212524414
nsl_kdd_v2,xgb_5class_cw,293,3,0,0,0.9999974966049194,0.5384615659713745,0.0,0.8135504126548767
nsl_kdd_v2,xgb_5class_cw,294,3,0,0,0.9999979734420776,0.6666666865348816,0.02857142873108387,26.70627212524414
nsl_kdd_v2,xgb_5class_cw,295,1,1,1,0.8250616192817688,0.6666666865348816,0.0,0.8193415403366089
nsl_kdd_v2,xgb_5class_cw,296,1,1,1,0.9999979734420776,0.6666666865348816,0.0,0.873579740524292
nsl_kdd_v2,xgb_5class_cw,297,0,0,1,0.9999979734420776,0.5384615659713745,0.02857142873108387,24.87111473083496
nsl_kdd_v2,xgb_5class_cw,298,0,0,1,0.9999979734420776,0.6666666865348816,0.02857142873108387,26.70627212524414
nsl_kdd_v2,xgb_5class_cw,299,3,0,0,0.9999979734420776,0.5384615659713745,0.02857142873108387,24.87111473083496
nsl_kdd_v2,xgb_5class_cw,300,1,1,1,0.9999979734420776,0.6666666865348816,0.0,0.873579740524292
nsl_kdd_v2,xgb_5class_cw,301,0,0,1,0.9999979734420776,0.4285714328289032,0.02857142873108387,23.04896354675293
nsl_kdd_v2,xgb_5class_cw,302,2,2,1,0.9999979734420776,0.5384615659713745,0.0,0.813550591468811
nsl_kdd_v2,xgb_5class_cw,303,1,1,1,0.9999979734420776,0.6666666865348816,0.0,0.873579740524292
nsl_kdd_v2,xgb_5class_cw,304,1,1,1,0.9999979734420776,0.4285714328289032,0.0,0.753946840763092
nsl_kdd_v2,xgb_5class_cw,305,1,1,1,0.9999979734420776,0.5384615659713745,0.0,0.813550591468811
nsl_kdd_v2,xgb_5class_cw,306,2,2,1,0.9999979734420776,0.5384615659713745,0.0,0.813550591468811
nsl_kdd_v2,xgb_5class_cw,307,3,3,1,0.9905639886856079,0.5384615659713745,0.9781647324562073,80.5038070678711
nsl_kdd_v2,xgb_5class_cw,308,2,2,1,0.9999979734420776,0.8181818127632141,0.0,0.9352970719337463
nsl_kdd_v2,xgb_5class_cw,309,4,0,0,0.9999968409538269,0.4285714328289032,0.0,0.7539465427398682
nsl_kdd_v2,xgb_5class_cw,310,0,0,1,0.9999979734420776,0.5384615659713745,0.02857142873108387,24.87111473083496
nsl_kdd_v2,xgb_5class_cw,311,0,0,1,0.9999979734420776,0.5384615659713745,0.02857142873108387,24.87111473083496
nsl_kdd_v2,xgb_5class_cw,312,2,2,1,0.9999979734420776,0.5384615659713745,0.0,0.813550591468811
nsl_kdd_v2,xgb_5class_cw,313,2,2,1,0.9999979734420776,0.5384615659713745,0.0,0.813550591468811
nsl_kdd_v2,xgb_5class_cw,314,1,1,1,0.9999979734420776,0.8181818127632141,0.0,0.9352970719337463
nsl_kdd_v2,xgb_5class_cw,315,1,1,1,0.9999979734420776,0.5384615659713745,0.0,0.813550591468811
nsl_kdd_v2,xgb_5class_cw,316,0,0,1,0.9999979734420776,0.5384615659713745,0.02857142873108387,24.87111473083496
nsl_kdd_v2,xgb_5class_cw,317,3,0,0,0.7084696888923645,0.4285714328289032,0.0,0.6721220016479492
nsl_kdd_v2,xgb_5class_cw,318,0,0,1,0.9999979734420776,0.6666666865348816,0.02857142873108387,26.70627212524414
nsl_kdd_v2,xgb_5class_cw,319,3,0,0,0.999997615814209,0.5384615659713745,0.0,0.8135504126548767
nsl_kdd_v2,xgb_5class_cw,320,3,0,0,0.9999979734420776,0.5384615659713745,0.02857142873108387,24.87111473083496
nsl_kdd_v2,xgb_5class_cw,321,1,1,1,0.7646487951278687,0.5384615659713745,0.0,0.743941605091095
nsl_kdd_v2,xgb_5class_cw,322,3,0,0,0.9999979138374329,0.6666666865348816,0.0,0.873579740524292
nsl_kdd_v2,xgb_5class_cw,323,1,1,1,0.9999979734420776,0.8181818127632141,0.0,0.9352970719337463
nsl_kdd_v2,xgb_5class_cw,324,1,1,1,0.9999979734420776,0.5384615659713745,0.0,0.813550591468811
nsl_kdd_v2,xgb_5class_cw,325,3,0,0,0.9999979138374329,0.6666666865348816,0.0,0.873579740524292
nsl_kdd_v2,xgb_5class_cw,326,0,0,1,0.9999979734420776,0.5384615659713745,0.02857142873108387,24.87111473083496
nsl_kdd_v2,xgb_5class_cw,327,1,1,1,0.5874850749969482,0.6666666865348816,0.0,0.7316473126411438
nsl_kdd_v2,xgb_5class_cw,328,2,0,0,0.9999979138374329,0.5384615659713745,0.0,0.8135504722595215
nsl_kdd_v2,xgb_5class_cw,329,3,0,0,0.9999979138374329,0.5384615659713745,0.0,0.8135504722595215
nsl_kdd_v2,xgb_5class_cw,330,2,2,1,0.9999979734420776,0.6666666865348816,0.0,0.873579740524292
nsl_kdd_v2,xgb_5class_cw,331,3,0,0,0.9999979138374329,0.6666666865348816,0.0,0.873579740524292
nsl_kdd_v2,xgb_5class_cw,332,3,0,0,0.9999979734420776,0.8181818127632141,0.02857142873108387,28.593036651611328
nsl_kdd_v2,xgb_5class_cw,333,2,2,1,0.9999979734420776,0.6666666865348816,0.0,0.873579740524292
nsl_kdd_v2,xgb_5class_cw,334,0,0,1,0.9999979734420776,0.5384615659713745,0.02857142873108387,24.87111473083496
nsl_kdd_v2,xgb_5class_cw,335,2,2,1,0.9999979734420776,0.6666666865348816,0.0,0.873579740524292
nsl_kdd_v2,xgb_5class_cw,336,3,0,0,0.9999979138374329,0.5384615659713745,0.0,0.8135504722595215
nsl_kdd_v2,xgb_5class_cw,337,0,0,1,0.9999979734420776,0.5384615659713745,0.02857142873108387,24.87111473083496
nsl_kdd_v2,xgb_5class_cw,338,2,2,1,0.9999979734420776,0.6666666865348816,0.0,0.873579740524292
nsl_kdd_v2,xgb_5class_cw,339,0,0,1,0.9999979734420776,0.6666666865348816,0.02857142873108387,26.70627212524414
nsl_kdd_v2,xgb_5class_cw,340,1,1,1,0.9999979734420776,0.8181818127632141,0.0,0.9352970719337463
nsl_kdd_v2,xgb_5class_cw,341,0,0,1,0.9999979734420776,0.6666666865348816,0.02857142873108387,26.70627212524414
nsl_kdd_v2,xgb_5class_cw,342,3,0,0,0.9999979138374329,0.5384615659713745,0.0,0.8135504722595215
nsl_kdd_v2,xgb_5class_cw,343,1,1,1,0.9999979734420776,0.6666666865348816,0.0,0.873579740524292
nsl_kdd_v2,xgb_5class_cw,344,3,0,0,0.9999979138374329,0.6666666865348816,0.0,0.873579740524292
nsl_kdd_v2,xgb_5class_cw,345,0,0,1,0.9999979734420776,0.5384615659713745,0.02857142873108387,24.87111473083496
nsl_kdd_v2,xgb_5class_cw,346,0,0,1,0.9999979734420776,0.5384615659713745,0.02857142873108387,24.87111473083496
nsl_kdd_v2,xgb_5class_cw,347,2,2,1,0.9999979734420776,0.6666666865348816,0.0,0.873579740524292
nsl_kdd_v2,xgb_5class_cw,348,0,0,1,0.9999979734420776,0.5384615659713745,0.02857142873108387,24.87111473083496
nsl_kdd_v2,xgb_5class_cw,349,2,0,0,0.7857123613357544,0.6666666865348816,0.0,0.8061033487319946
nsl_kdd_v2,xgb_5class_cw,350,2,2,1,0.9999979734420776,0.5384615659713745,0.0,0.813550591468811
nsl_kdd_v2,xgb_5class_cw,351,0,0,1,0.9999979734420776,0.6666666865348816,0.02857142873108387,26.70627212524414
nsl_kdd_v2,xgb_5class_cw,352,0,0,1,0.9999979734420776,0.6666666865348816,0.02857142873108387,26.70627212524414
nsl_kdd_v2,xgb_5class_cw,353,1,1,1,0.9999979734420776,0.5384615659713745,0.0,0.813550591468811
nsl_kdd_v2,xgb_5class_cw,354,3,0,0,0.9999979734420776,0.6666666865348816,0.02857142873108387,26.70627212524414
nsl_kdd_v2,xgb_5class_cw,355,1,0,0,0.9999979138374329,0.5384615659713745,0.0,0.8135504722595215
nsl_kdd_v2,xgb_5class_cw,356,1,1,1,0.9999979734420776,0.6666666865348816,0.0,0.873579740524292
nsl_kdd_v2,xgb_5class_cw,357,1,0,0,0.9999979138374329,0.6666666865348816,0.0,0.873579740524292
nsl_kdd_v2,xgb_5class_cw,358,0,0,1,0.9999979734420776,0.5384615659713745,0.02857142873108387,24.87111473083496
nsl_kdd_v2,xgb_5class_cw,359,4,4,1,0.5481745004653931,0.5384615659713745,0.0,0.6658214330673218
nsl_kdd_v2,xgb_5class_cw,360,2,0,0,0.8265880346298218,0.6666666865348816,0.0,0.819846510887146
nsl_kdd_v2,xgb_5class_cw,361,2,0,0,0.6447290182113647,0.8181818127632141,0.0,0.8079955577850342
nsl_kdd_v2,xgb_5class_cw,362,0,0,1,0.9999979734420776,0.5384615659713745,0.02857142873108387,24.87111473083496
nsl_kdd_v2,xgb_5class_cw,363,2,2,1,0.9999979734420776,0.8181818127632141,0.0,0.9352970719337463
nsl_kdd_v2,xgb_5class_cw,364,0,1,0,0.9666647911071777,0.5384615659713745,0.0,0.804408848285675
nsl_kdd_v2,xgb_5class_cw,365,1,1,1,0.9999979734420776,0.8181818127632141,0.0,0.9352970719337463
nsl_kdd_v2,xgb_5class_cw,366,0,1,0,0.9905639886856079,0.6666666865348816,0.0,0.8708239793777466
nsl_kdd_v2,xgb_5class_cw,367,3,0,0,0.9999979138374329,0.6666666865348816,0.0,0.873579740524292
nsl_kdd_v2,xgb_5class_cw,368,3,0,0,0.9999979138374329,0.6666666865348816,0.0,0.873579740524292
nsl_kdd_v2,xgb_5class_cw,369,0,0,1,0.9999979734420776,0.6666666865348816,0.02857142873108387,26.70627212524414
nsl_kdd_v2,xgb_5class_cw,370,3,0,0,0.6249988079071045,0.5384615659713745,0.0,0.6955759525299072
nsl_kdd_v2,xgb_5class_cw,371,0,0,1,0.9999979734420776,0.6666666865348816,0.02857142873108387,26.70627212524414
nsl_kdd_v2,xgb_5class_cw,372,1,1,1,0.9999979734420776,0.4285714328289032,0.0,0.753946840763092
nsl_kdd_v2,xgb_5class_cw,373,2,0,0,0.7245404124259949,0.6666666865348816,0.0,0.7846158146858215
nsl_kdd_v2,xgb_5class_cw,374,1,0,0,0.9999979138374329,0.5384615659713745,0.0,0.8135504722595215
nsl_kdd_v2,xgb_5class_cw,375,3,0,0,0.9999979138374329,0.8181818127632141,0.0,0.9352970719337463
nsl_kdd_v2,xgb_5class_cw,376,0,0,1,0.9999979734420776,0.5384615659713745,0.02857142873108387,24.87111473083496
nsl_kdd_v2,xgb_5class_cw,377,2,2,1,0.9999979734420776,0.4285714328289032,0.0,0.753946840763092
nsl_kdd_v2,xgb_5class_cw,378,2,2,1,0.9999979734420776,1.0,0.0,0.9999991655349731
nsl_kdd_v2,xgb_5class_cw,379,3,0,0,0.6249987483024597,0.6666666865348816,0.0,0.7469001412391663
nsl_kdd_v2,xgb_5class_cw,380,2,2,1,0.9999979734420776,0.5384615659713745,0.0,0.813550591468811
nsl_kdd_v2,xgb_5class_cw,381,1,1,1,0.9999979734420776,0.6666666865348816,0.0,0.873579740524292
nsl_kdd_v2,xgb_5class_cw,382,0,0,1,0.9999979734420776,0.6666666865348816,0.02857142873108387,26.70627212524414
nsl_kdd_v2,xgb_5class_cw,383,4,4,1,0.7262792587280273,0.5384615659713745,0.0,0.731283962726593
nsl_kdd_v2,xgb_5class_cw,384,3,0,0,0.9999979734420776,0.5384615659713745,0.02857142873108387,24.87111473083496
nsl_kdd_v2,xgb_5class_cw,385,2,2,1,0.9999979734420776,1.0,0.0,0.9999991655349731
nsl_kdd_v2,xgb_5class_cw,386,3,0,0,0.9999979138374329,0.5384615659713745,0.0,0.8135504722595215
nsl_kdd_v2,xgb_5class_cw,387,2,2,1,0.9905639886856079,0.6666666865348816,0.0,0.8708239793777466
nsl_kdd_v2,xgb_5class_cw,388,2,2,1,0.9999979734420776,0.5384615659713745,0.0,0.813550591468811
nsl_kdd_v2,xgb_5class_cw,389,2,2,1,0.9999979734420776,0.6666666865348816,0.0,0.873579740524292
nsl_kdd_v2,xgb_5class_cw,390,4,4,1,0.9905653595924377,0.5384615659713745,0.0,0.8109844923019409
nsl_kdd_v2,xgb_5class_cw,391,1,1,1,0.9999979734420776,0.8181818127632141,0.0,0.9352970719337463
nsl_kdd_v2,xgb_5class_cw,392,0,0,1,0.9999979734420776,0.6666666865348816,0.02857142873108387,26.70627212524414
nsl_kdd_v2,xgb_5class_cw,393,1,1,1,0.9999979734420776,0.8181818127632141,0.0,0.9352970719337463
nsl_kdd_v2,xgb_5class_cw,394,2,2,1,0.9999979734420776,0.6666666865348816,0.0,0.873579740524292
nsl_kdd_v2,xgb_5class_cw,395,2,0,0,0.6763168573379517,0.6666666865348816,0.0,0.7668073177337646
nsl_kdd_v2,xgb_5class_cw,396,3,0,0,0.6249987483024597,0.5384615659713745,0.0,0.6955759525299072
nsl_kdd_v2,xgb_5class_cw,397,0,0,1,0.9999979734420776,0.6666666865348816,0.02857142873108387,26.70627212524414
nsl_kdd_v2,xgb_5class_cw,398,1,1,1,0.9999979734420776,0.8181818127632141,0.0,0.9352970719337463
nsl_kdd_v2,xgb_5class_cw,399,2,1,0,0.9905639886856079,0.8181818127632141,0.0,0.9323466420173645
nsl_kdd_v2,xgb_5class_cw,400,3,0,0,0.9999979734420776,0.8181818127632141,0.02857142873108387,28.593036651611328
nsl_kdd_v2,xgb_5class_cw,401,4,0,0,0.9999961853027344,0.5384615659713745,0.0,0.8135500550270081
nsl_kdd_v2,xgb_5class_cw,402,0,0,1,0.9999979734420776,0.6666666865348816,0.02857142873108387,26.70627212524414
nsl_kdd_v2,xgb_5class_cw,403,4,0,0,0.9999979138374329,0.6666666865348816,0.0,0.873579740524292
nsl_kdd_v2,xgb_5class_cw,404,1,1,1,0.9999979734420776,0.6666666865348816,0.0,0.873579740524292
nsl_kdd_v2,xgb_5class_cw,405,4,0,0,0.9999979138374329,0.5384615659713745,0.0,0.8135504722595215
nsl_kdd_v2,xgb_5class_cw,406,0,0,1,0.9999979734420776,0.5384615659713745,0.02857142873108387,24.87111473083496
nsl_kdd_v2,xgb_5class_cw,407,2,2,1,0.9999979734420776,0.5384615659713745,0.0,0.813550591468811
nsl_kdd_v2,xgb_5class_cw,408,1,1,1,0.9999979734420776,0.6666666865348816,0.0,0.873579740524292
nsl_kdd_v2,xgb_5class_cw,409,1,1,1,0.9999979734420776,0.6666666865348816,0.0,0.873579740524292
nsl_kdd_v2,xgb_5class_cw,410,2,2,1,0.9999979734420776,0.6666666865348816,0.0,0.873579740524292
nsl_kdd_v2,xgb_5class_cw,411,0,0,1,0.9999979734420776,0.5384615659713745,0.02857142873108387,24.87111473083496
nsl_kdd_v2,xgb_5class_cw,412,1,1,1,0.9999979734420776,0.5384615659713745,0.0,0.813550591468811
nsl_kdd_v2,xgb_5class_cw,413,0,0,1,0.9999979734420776,0.6666666865348816,0.02857142873108387,26.70627212524414
nsl_kdd_v2,xgb_5class_cw,414,2,0,0,0.6249988079071045,0.5384615659713745,0.0,0.6955759525299072
nsl_kdd_v2,xgb_5class_cw,415,3,2,0,0.6865715384483337,0.4285714328289032,0.0,0.6651245355606079
nsl_kdd_v2,xgb_5class_cw,416,0,0,1,0.9999979734420776,0.5384615659713745,0.02857142873108387,24.87111473083496
nsl_kdd_v2,xgb_5class_cw,417,0,0,1,0.9999979734420776,0.6666666865348816,0.02857142873108387,26.70627212524414
nsl_kdd_v2,xgb_5class_cw,418,3,0,0,0.9999979138374329,0.6666666865348816,0.0,0.873579740524292
nsl_kdd_v2,xgb_5class_cw,419,3,0,0,0.9999979138374329,0.5384615659713745,0.0,0.8135504722595215
nsl_kdd_v2,xgb_5class_cw,420,1,1,1,0.9999979734420776,0.6666666865348816,0.0,0.873579740524292
nsl_kdd_v2,xgb_5class_cw,421,4,0,0,0.9999972581863403,0.4285714328289032,0.0,0.7539466619491577
nsl_kdd_v2,xgb_5class_cw,422,2,2,1,0.7407394647598267,0.6666666865348816,0.0,0.7904201745986938
nsl_kdd_v2,xgb_5class_cw,423,2,0,0,0.9999979138374329,0.6666666865348816,0.0,0.873579740524292
nsl_kdd_v2,xgb_5class_cw,424,3,0,0,0.9999979138374329,0.5384615659713745,0.0,0.8135504722595215
nsl_kdd_v2,xgb_5class_cw,425,0,0,1,0.9999979734420776,0.5384615659713745,0.02857142873108387,24.87111473083496
nsl_kdd_v2,xgb_5class_cw,426,2,0,0,0.9999979138374329,0.6666666865348816,0.0,0.873579740524292
nsl_kdd_v2,xgb_5class_cw,427,3,0,0,0.9999979734420776,0.8181818127632141,0.02857142873108387,28.593036651611328
nsl_kdd_v2,xgb_5class_cw,428,0,0,1,0.9999979734420776,0.6666666865348816,0.02857142873108387,26.70627212524414
nsl_kdd_v2,xgb_5class_cw,429,0,0,1,0.9999979734420776,0.5384615659713745,0.02857142873108387,24.87111473083496
nsl_kdd_v2,xgb_5class_cw,430,3,0,0,0.9999979138374329,0.5384615659713745,0.0,0.8135504722595215
nsl_kdd_v2,xgb_5class_cw,431,0,0,1,0.9999979734420776,0.5384615659713745,0.02857142873108387,24.87111473083496
nsl_kdd_v2,xgb_5class_cw,432,1,0,0,0.9999979138374329,0.6666666865348816,0.0,0.873579740524292
nsl_kdd_v2,xgb_5class_cw,433,1,0,0,0.8265880346298218,0.8181818127632141,0.0,0.8777676820755005
nsl_kdd_v2,xgb_5class_cw,434,3,0,0,0.9999979734420776,0.6666666865348816,0.02857142873108387,26.70627212524414
nsl_kdd_v2,xgb_5class_cw,435,4,0,0,0.9999973177909851,0.8181818127632141,0.0,0.935296893119812
nsl_kdd_v2,xgb_5class_cw,436,3,0,0,0.9999979734420776,0.5384615659713745,0.02857142873108387,24.87111473083496
nsl_kdd_v2,xgb_5class_cw,437,2,2,1,0.9666647911071777,0.6666666865348816,0.0,0.8637633919715881
nsl_kdd_v2,xgb_5class_cw,438,3,0,0,0.9999979734420776,0.4285714328289032,0.02857142873108387,23.04896354675293
nsl_kdd_v2,xgb_5class_cw,439,3,0,0,0.9999979734420776,0.6666666865348816,0.02857142873108387,26.70627212524414
nsl_kdd_v2,xgb_5class_cw,440,1,1,1,0.9999979734420776,0.6666666865348816,0.0,0.873579740524292
nsl_kdd_v2,xgb_5class_cw,441,0,0,1,0.9999979734420776,0.8181818127632141,0.02857142873108387,28.593036651611328
nsl_kdd_v2,xgb_5class_cw,442,0,0,1,0.9999979734420776,0.5384615659713745,0.02857142873108387,24.87111473083496
nsl_kdd_v2,xgb_5class_cw,443,0,0,1,0.9999979734420776,0.5384615659713745,0.02857142873108387,24.87111473083496
nsl_kdd_v2,xgb_5class_cw,444,1,1,1,0.9999979734420776,0.8181818127632141,0.0,0.9352970719337463
nsl_kdd_v2,xgb_5class_cw,445,0,0,1,0.9999979734420776,0.5384615659713745,0.02857142873108387,24.87111473083496
nsl_kdd_v2,xgb_5class_cw,446,1,1,1,0.9666647911071777,0.5384615659713745,0.0,0.804408848285675
nsl_kdd_v2,xgb_5class_cw,447,1,1,1,0.9999979734420776,0.6666666865348816,0.0,0.873579740524292
nsl_kdd_v2,xgb_5class_cw,448,2,2,1,0.9999979734420776,0.6666666865348816,0.0,0.873579740524292
nsl_kdd_v2,xgb_5class_cw,449,2,2,1,0.9999979734420776,1.0,0.0,0.9999991655349731
nsl_kdd_v2,xgb_5class_cw,450,0,0,1,0.9999979734420776,0.5384615659713745,0.02857142873108387,24.87111473083496
nsl_kdd_v2,xgb_5class_cw,451,0,0,1,0.9999979734420776,0.6666666865348816,0.02857142873108387,26.70627212524414
nsl_kdd_v2,xgb_5class_cw,452,0,0,1,0.9999979734420776,0.6666666865348816,0.02857142873108387,26.70627212524414
nsl_kdd_v2,xgb_5class_cw,453,3,0,0,0.9999979734420776,0.4285714328289032,0.02857142873108387,23.04896354675293
nsl_kdd_v2,xgb_5class_cw,454,3,0,0,0.9999979734420776,0.6666666865348816,0.02857142873108387,26.70627212524414
nsl_kdd_v2,xgb_5class_cw,455,0,0,1,0.9999979734420776,0.6666666865348816,0.02857142873108387,26.70627212524414
nsl_kdd_v2,xgb_5class_cw,456,0,0,1,0.9999979734420776,0.5384615659713745,0.02857142873108387,24.87111473083496
nsl_kdd_v2,xgb_5class_cw,457,3,0,0,0.9999979138374329,0.5384615659713745,0.0,0.8135504722595215
nsl_kdd_v2,xgb_5class_cw,458,1,0,0,0.8265880346298218,0.8181818127632141,0.0,0.8777676820755005
nsl_kdd_v2,xgb_5class_cw,459,0,0,1,0.9999979734420776,0.5384615659713745,0.02857142873108387,24.87111473083496
nsl_kdd_v2,xgb_5class_cw,460,0,0,1,0.9999979734420776,0.6666666865348816,0.02857142873108387,26.70627212524414
nsl_kdd_v2,xgb_5class_cw,461,2,0,0,0.9999979138374329,0.5384615659713745,0.0,0.8135504722595215
nsl_kdd_v2,xgb_5class_cw,462,2,2,1,0.9999979734420776,0.8181818127632141,0.0,0.9352970719337463
nsl_kdd_v2,xgb_5class_cw,463,0,0,1,0.9999979734420776,0.5384615659713745,0.02857142873108387,24.87111473083496
nsl_kdd_v2,xgb_5class_cw,464,2,2,1,0.9999979734420776,0.6666666865348816,0.0,0.873579740524292
nsl_kdd_v2,xgb_5class_cw,465,0,0,1,0.9999979734420776,0.6666666865348816,0.02857142873108387,26.70627212524414
nsl_kdd_v2,xgb_5class_cw,466,0,0,1,0.9999979734420776,0.6666666865348816,0.02857142873108387,26.70627212524414
nsl_kdd_v2,xgb_5class_cw,467,1,0,0,0.6291895508766174,0.5384615659713745,0.0,0.6971271634101868
nsl_kdd_v2,xgb_5class_cw,468,3,0,0,0.9999979734420776,0.6666666865348816,0.02857142873108387,26.70627212524414
nsl_kdd_v2,xgb_5class_cw,469,0,0,1,0.9999979734420776,0.5384615659713745,0.02857142873108387,24.87111473083496
nsl_kdd_v2,xgb_5class_cw,470,0,0,1,0.9999979734420776,0.6666666865348816,0.02857142873108387,26.70627212524414
nsl_kdd_v2,xgb_5class_cw,471,3,0,0,0.9999979138374329,0.4285714328289032,0.0,0.7539467811584473
nsl_kdd_v2,xgb_5class_cw,472,0,0,1,0.9999979734420776,0.4285714328289032,0.02857142873108387,23.04896354675293
nsl_kdd_v2,xgb_5class_cw,473,0,0,1,0.9999979734420776,0.5384615659713745,0.02857142873108387,24.87111473083496
nsl_kdd_v2,xgb_5class_cw,474,0,0,1,0.9999979734420776,0.5384615659713745,0.02857142873108387,24.87111473083496
nsl_kdd_v2,xgb_5class_cw,475,2,2,1,0.9999979734420776,0.8181818127632141,0.0,0.9352970719337463
nsl_kdd_v2,xgb_5class_cw,476,0,0,1,0.9999979734420776,0.5384615659713745,0.02857142873108387,24.87111473083496
nsl_kdd_v2,xgb_5class_cw,477,1,0,0,0.9999979138374329,0.4285714328289032,0.0,0.7539467811584473
nsl_kdd_v2,xgb_5class_cw,478,2,2,1,0.9999979734420776,0.6666666865348816,0.0,0.873579740524292
nsl_kdd_v2,xgb_5class_cw,479,3,0,0,0.9999979734420776,0.6666666865348816,0.02857142873108387,26.70627212524414
nsl_kdd_v2,xgb_5class_cw,480,4,0,0,0.9999946355819702,0.5384615659713745,0.0,0.8135496377944946
nsl_kdd_v2,xgb_5class_cw,481,3,0,0,0.6249988079071045,0.5384615659713745,0.0,0.6955759525299072
nsl_kdd_v2,xgb_5class_cw,482,1,1,1,0.9999979734420776,0.5384615659713745,0.0,0.813550591468811
nsl_kdd_v2,xgb_5class_cw,483,0,0,1,0.9999979734420776,0.5384615659713745,0.02857142873108387,24.87111473083496
nsl_kdd_v2,xgb_5class_cw,484,2,2,1,0.9999979734420776,1.0,0.0,0.9999991655349731
nsl_kdd_v2,xgb_5class_cw,485,2,2,1,0.9999979734420776,0.6666666865348816,0.0,0.873579740524292
nsl_kdd_v2,xgb_5class_cw,486,3,0,0,0.9999979734420776,0.6666666865348816,0.02857142873108387,26.70627212524414
nsl_kdd_v2,xgb_5class_cw,487,0,0,1,0.9999979734420776,0.5384615659713745,0.02857142873108387,24.87111473083496
nsl_kdd_v2,xgb_5class_cw,488,0,2,0,0.9999979734420776,0.5384615659713745,0.0,0.813550591468811
nsl_kdd_v2,xgb_5class_cw,489,1,1,1,0.9999979734420776,0.5384615659713745,0.0,0.813550591468811
nsl_kdd_v2,xgb_5class_cw,490,3,0,0,0.6249988079071045,0.5384615659713745,0.0,0.6955759525299072
nsl_kdd_v2,xgb_5class_cw,491,2,2,1,0.9999979734420776,0.6666666865348816,0.0,0.873579740524292
nsl_kdd_v2,xgb_5class_cw,492,1,1,1,0.9999979734420776,0.6666666865348816,0.0,0.873579740524292
nsl_kdd_v2,xgb_5class_cw,493,2,2,1,0.9999979734420776,0.8181818127632141,0.0,0.9352970719337463
nsl_kdd_v2,xgb_5class_cw,494,4,4,1,0.7496960163116455,0.4285714328289032,0.0,0.6849140524864197
nsl_kdd_v2,xgb_5class_cw,495,3,0,0,0.9999979734420776,0.5384615659713745,0.02857142873108387,24.87111473083496
nsl_kdd_v2,xgb_5class_cw,496,0,0,1,0.9999979734420776,0.5384615659713745,0.02857142873108387,24.87111473083496
nsl_kdd_v2,xgb_5class_cw,497,4,0,0,0.9999977350234985,0.4285714328289032,0.0,0.7539467215538025
nsl_kdd_v2,xgb_5class_cw,498,3,0,0,0.9999979138374329,0.5384615659713745,0.0,0.8135504722595215
nsl_kdd_v2,xgb_5class_cw,499,1,1,1,0.9999979734420776,0.6666666865348816,0.0,0.873579740524292
nsl_kdd_v2,xgb_5class_cw,500,0,0,1,0.9999979734420776,0.6666666865348816,0.02857142873108387,26.70627212524414
nsl_kdd_v2,xgb_5class_cw,501,0,0,1,0.9999979734420776,0.5384615659713745,0.02857142873108387,24.87111473083496
nsl_kdd_v2,xgb_5class_cw,502,0,0,1,0.9999979734420776,0.5384615659713745,0.02857142873108387,24.87111473083496
nsl_kdd_v2,xgb_5class_cw,503,0,0,1,0.9999979734420776,0.5384615659713745,0.02857142873108387,24.87111473083496
nsl_kdd_v2,xgb_5class_cw,504,3,0,0,0.9999979138374329,0.5384615659713745,0.0,0.8135504722595215
nsl_kdd_v2,xgb_5class_cw,505,0,0,1,0.9999979734420776,0.4285714328289032,0.02857142873108387,23.04896354675293
nsl_kdd_v2,xgb_5class_cw,506,0,0,1,0.9999979734420776,0.6666666865348816,0.02857142873108387,26.70627212524414
nsl_kdd_v2,xgb_5class_cw,507,2,2,1,0.9999979734420776,0.6666666865348816,0.0,0.873579740524292
nsl_kdd_v2,xgb_5class_cw,508,1,1,1,0.7646487951278687,0.5384615659713745,0.0,0.743941605091095
nsl_kdd_v2,xgb_5class_cw,509,0,0,1,0.9999979734420776,0.6666666865348816,0.02857142873108387,26.70627212524414
nsl_kdd_v2,xgb_5class_cw,510,0,0,1,0.9999979734420776,0.5384615659713745,0.02857142873108387,24.87111473083496
nsl_kdd_v2,xgb_5class_cw,511,1,1,1,0.9999979734420776,0.6666666865348816,0.0,0.873579740524292
nsl_kdd_v2,xgb_5class_cw,512,3,0,0,0.9999979138374329,0.5384615659713745,0.0,0.8135504722595215
nsl_kdd_v2,xgb_5class_cw,513,3,0,0,0.9999979138374329,0.8181818127632141,0.0,0.9352970719337463
nsl_kdd_v2,xgb_5class_cw,514,0,0,1,0.9999979734420776,0.5384615659713745,0.02857142873108387,24.87111473083496
nsl_kdd_v2,xgb_5class_cw,515,1,1,1,0.9999979734420776,0.8181818127632141,0.0,0.9352970719337463
nsl_kdd_v2,xgb_5class_cw,516,3,0,0,0.9999979138374329,0.5384615659713745,0.0,0.8135504722595215
nsl_kdd_v2,xgb_5class_cw,517,2,2,1,0.7407394647598267,0.6666666865348816,0.0,0.7904201745986938
nsl_kdd_v2,xgb_5class_cw,518,1,1,1,0.9999979734420776,0.6666666865348816,0.0,0.873579740524292
nsl_kdd_v2,xgb_5class_cw,519,2,2,1,0.9999979734420776,0.6666666865348816,0.0,0.873579740524292
nsl_kdd_v2,xgb_5class_cw,520,3,0,0,0.9999979138374329,0.4285714328289032,0.0,0.7539467811584473
nsl_kdd_v2,xgb_5class_cw,521,1,1,1,0.9999979734420776,0.8181818127632141,0.0,0.9352970719337463
nsl_kdd_v2,xgb_5class_cw,522,4,4,1,0.9666644334793091,0.4285714328289032,0.0,0.7454747557640076
nsl_kdd_v2,xgb_5class_cw,523,3,0,0,0.967806339263916,0.4285714328289032,0.0,0.745768129825592
nsl_kdd_v2,xgb_5class_cw,524,3,0,0,0.9999979734420776,0.6666666865348816,0.02857142873108387,26.70627212524414
nsl_kdd_v2,xgb_5class_cw,525,2,2,1,0.9999979734420776,0.8181818127632141,0.0,0.9352970719337463
nsl_kdd_v2,xgb_5class_cw,526,2,0,0,0.6249988079071045,0.6666666865348816,0.0,0.746900200843811
nsl_kdd_v2,xgb_5class_cw,527,1,1,1,0.9999979734420776,0.5384615659713745,0.0,0.813550591468811
nsl_kdd_v2,xgb_5class_cw,528,2,2,1,0.9905639886856079,0.6666666865348816,0.0,0.8708239793777466
nsl_kdd_v2,xgb_5class_cw,529,4,0,0,0.9999979138374329,0.5384615659713745,0.0,0.8135504722595215
nsl_kdd_v2,xgb_5class_cw,530,2,0,0,0.7175420522689819,0.6666666865348816,0.0,0.7820813655853271
nsl_kdd_v2,xgb_5class_cw,531,2,2,1,0.9999979734420776,0.6666666865348816,0.0,0.873579740524292
nsl_kdd_v2,xgb_5class_cw,532,1,1,1,0.9999979734420776,0.6666666865348816,0.0,0.873579740524292
nsl_kdd_v2,xgb_5class_cw,533,2,2,1,0.9999979734420776,0.6666666865348816,0.0,0.873579740524292
nsl_kdd_v2,xgb_5class_cw,534,3,0,0,0.9999979734420776,0.5384615659713745,0.02857142873108387,24.87111473083496
nsl_kdd_v2,xgb_5class_cw,535,0,0,1,0.9999979734420776,0.6666666865348816,0.02857142873108387,26.70627212524414
nsl_kdd_v2,xgb_5class_cw,536,2,2,1,0.7407394647598267,0.6666666865348816,0.0,0.7904201745986938
nsl_kdd_v2,xgb_5class_cw,537,3,0,0,0.999997615814209,0.5384615659713745,0.0,0.8135504126548767
nsl_kdd_v2,xgb_5class_cw,538,1,1,1,0.9999979734420776,0.4285714328289032,0.0,0.753946840763092
nsl_kdd_v2,xgb_5class_cw,539,0,0,1,0.9999979734420776,0.5384615659713745,0.02857142873108387,24.87111473083496
nsl_kdd_v2,xgb_5class_cw,540,4,0,0,0.9999977946281433,0.4285714328289032,0.0,0.7539467811584473
nsl_kdd_v2,xgb_5class_cw,541,2,2,1,0.9999979734420776,0.6666666865348816,0.0,0.873579740524292
nsl_kdd_v2,xgb_5class_cw,542,0,0,1,0.9999979734420776,0.5384615659713745,0.02857142873108387,24.87111473083496
nsl_kdd_v2,xgb_5class_cw,543,1,1,1,0.9999979734420776,0.6666666865348816,0.0,0.873579740524292
nsl_kdd_v2,xgb_5class_cw,544,1,1,1,0.9999979734420776,0.6666666865348816,0.0,0.873579740524292
nsl_kdd_v2,xgb_5class_cw,545,1,1,1,0.9999979734420776,0.5384615659713745,0.0,0.813550591468811
nsl_kdd_v2,xgb_5class_cw,546,1,0,0,0.9999979138374329,0.6666666865348816,0.0,0.873579740524292
nsl_kdd_v2,xgb_5class_cw,547,3,0,0,0.9999979734420776,0.5384615659713745,0.02857142873108387,24.87111473083496
nsl_kdd_v2,xgb_5class_cw,548,3,0,0,0.9999979734420776,0.5384615659713745,0.02857142873108387,24.87111473083496
nsl_kdd_v2,xgb_5class_cw,549,3,0,0,0.9999979734420776,0.6666666865348816,0.02857142873108387,26.70627212524414
nsl_kdd_v2,xgb_5class_cw,550,1,1,1,0.9999979734420776,0.6666666865348816,0.0,0.873579740524292
nsl_kdd_v2,xgb_5class_cw,551,2,2,1,0.9666647911071777,0.6666666865348816,0.0,0.8637633919715881
nsl_kdd_v2,xgb_5class_cw,552,0,0,1,0.9999979734420776,0.6666666865348816,0.02857142873108387,26.70627212524414
nsl_kdd_v2,xgb_5class_cw,553,2,2,1,0.7407394647598267,0.8181818127632141,0.0,0.8462623953819275
nsl_kdd_v2,xgb_5class_cw,554,0,0,1,0.9999979734420776,0.5384615659713745,0.02857142873108387,24.87111473083496
nsl_kdd_v2,xgb_5class_cw,555,2,0,0,0.9999979138374329,0.6666666865348816,0.0,0.873579740524292
nsl_kdd_v2,xgb_5class_cw,556,3,0,0,0.9999979138374329,0.8181818127632141,0.0,0.9352970719337463
nsl_kdd_v2,xgb_5class_cw,557,1,0,0,0.6249988079071045,0.8181818127632141,0.0,0.7996678352355957
nsl_kdd_v2,xgb_5class_cw,558,0,0,1,0.9999979734420776,0.6666666865348816,0.02857142873108387,26.70627212524414
nsl_kdd_v2,xgb_5class_cw,559,0,0,1,0.9999979734420776,0.4285714328289032,0.02857142873108387,23.04896354675293
nsl_kdd_v2,xgb_5class_cw,560,0,0,1,0.9999979734420776,0.5384615659713745,0.02857142873108387,24.87111473083496
nsl_kdd_v2,xgb_5class_cw,561,0,0,1,0.9999979734420776,0.5384615659713745,0.02857142873108387,24.87111473083496
nsl_kdd_v2,xgb_5class_cw,562,3,0,0,0.9999979138374329,0.5384615659713745,0.0,0.8135504722595215
nsl_kdd_v2,xgb_5class_cw,563,2,2,1,0.9999979734420776,1.0,0.0,0.9999991655349731
nsl_kdd_v2,xgb_5class_cw,564,3,0,0,0.9999979734420776,0.8181818127632141,0.02857142873108387,28.593036651611328
nsl_kdd_v2,xgb_5class_cw,565,1,1,1,0.9999979734420776,0.8181818127632141,0.0,0.9352970719337463
nsl_kdd_v2,xgb_5class_cw,566,3,0,0,0.9999979734420776,0.8181818127632141,0.02857142873108387,28.593036651611328
nsl_kdd_v2,xgb_5class_cw,567,0,0,1,0.9999979734420776,0.5384615659713745,0.02857142873108387,24.87111473083496
nsl_kdd_v2,xgb_5class_cw,568,0,0,1,0.9999979734420776,0.5384615659713745,0.02857142873108387,24.87111473083496
nsl_kdd_v2,xgb_5class_cw,569,1,1,1,0.9999979734420776,0.5384615659713745,0.0,0.813550591468811
nsl_kdd_v2,xgb_5class_cw,570,2,0,0,0.6249988079071045,0.5384615659713745,0.0,0.6955759525299072
nsl_kdd_v2,xgb_5class_cw,571,2,1,0,0.9905639886856079,0.6666666865348816,0.0,0.8708239793777466
nsl_kdd_v2,xgb_5class_cw,572,2,2,1,0.9999979734420776,0.6666666865348816,0.0,0.873579740524292
nsl_kdd_v2,xgb_5class_cw,573,3,0,0,0.9999979734420776,0.6666666865348816,0.02857142873108387,26.70627212524414
nsl_kdd_v2,xgb_5class_cw,574,4,0,0,0.9999973773956299,0.5384615659713745,0.0,0.8135504126548767
nsl_kdd_v2,xgb_5class_cw,575,1,0,0,0.9999979138374329,0.6666666865348816,0.0,0.873579740524292
nsl_kdd_v2,xgb_5class_cw,576,0,0,1,0.9999979734420776,0.5384615659713745,0.02857142873108387,24.87111473083496
nsl_kdd_v2,xgb_5class_cw,577,0,0,1,0.9999979734420776,0.6666666865348816,0.02857142873108387,26.70627212524414
nsl_kdd_v2,xgb_5class_cw,578,4,4,1,0.9905654191970825,0.5384615659713745,0.0,0.8109844923019409
nsl_kdd_v2,xgb_5class_cw,579,4,4,1,0.9666625261306763,0.6666666865348816,0.0,0.8637627363204956
nsl_kdd_v2,xgb_5class_cw,580,2,2,1,0.9999979734420776,1.0,0.0,0.9999991655349731
nsl_kdd_v2,xgb_5class_cw,581,0,0,1,0.9999979734420776,0.5384615659713745,0.02857142873108387,24.87111473083496
nsl_kdd_v2,xgb_5class_cw,582,1,0,0,0.999997615814209,0.8181818127632141,0.0,0.9352970123291016
nsl_kdd_v2,xgb_5class_cw,583,4,0,0,0.9999979138374329,0.6666666865348816,0.0,0.873579740524292
nsl_kdd_v2,xgb_5class_cw,584,1,1,1,0.9999979734420776,0.6666666865348816,0.0,0.873579740524292
nsl_kdd_v2,xgb_5class_cw,585,2,0,0,0.9999979138374329,0.5384615659713745,0.0,0.8135504722595215
nsl_kdd_v2,xgb_5class_cw,586,3,0,0,0.9999979734420776,0.6666666865348816,0.02857142873108387,26.70627212524414
nsl_kdd_v2,xgb_5class_cw,587,0,0,1,0.9999979734420776,0.6666666865348816,0.02857142873108387,26.70627212524414
nsl_kdd_v2,xgb_5class_cw,588,4,0,0,0.9999979138374329,0.5384615659713745,0.0,0.8135504722595215
nsl_kdd_v2,xgb_5class_cw,589,3,0,0,0.9999979138374329,0.6666666865348816,0.0,0.873579740524292
nsl_kdd_v2,xgb_5class_cw,590,2,2,1,0.9999979734420776,0.8181818127632141,0.0,0.9352970719337463
nsl_kdd_v2,xgb_5class_cw,591,3,0,0,0.999997615814209,0.5384615659713745,0.0,0.8135504126548767
nsl_kdd_v2,xgb_5class_cw,592,1,1,1,0.9999979734420776,0.6666666865348816,0.0,0.873579740524292
nsl_kdd_v2,xgb_5class_cw,593,3,0,0,0.9999979138374329,0.3333333432674408,0.0,0.6933606863021851
nsl_kdd_v2,xgb_5class_cw,594,2,2,1,0.9999979734420776,0.6666666865348816,0.0,0.873579740524292
nsl_kdd_v2,xgb_5class_cw,595,2,2,1,0.7407394647598267,0.6666666865348816,0.0,0.7904201745986938
nsl_kdd_v2,xgb_5class_cw,596,0,0,1,0.9999979734420776,0.6666666865348816,0.02857142873108387,26.70627212524414
nsl_kdd_v2,xgb_5class_cw,597,4,0,0,0.9999966025352478,0.6666666865348816,0.0,0.8735793828964233
nsl_kdd_v2,xgb_5class_cw,598,3,0,0,0.9999979734420776,0.6666666865348816,0.02857142873108387,26.70627212524414
nsl_kdd_v2,xgb_5class_cw,599,0,0,1,0.9999979734420776,0.6666666865348816,0.02857142873108387,26.70627212524414
nsl_kdd_v2,xgb_5class_cw,600,2,2,1,0.9999979734420776,0.6666666865348816,0.0,0.873579740524292
nsl_kdd_v2,xgb_5class_cw,601,2,2,1,0.9999979734420776,0.6666666865348816,0.0,0.873579740524292
nsl_kdd_v2,xgb_5class_cw,602,2,2,1,0.9999979734420776,0.6666666865348816,0.0,0.873579740524292
nsl_kdd_v2,xgb_5class_cw,603,1,1,1,0.9999979734420776,0.8181818127632141,0.0,0.9352970719337463
nsl_kdd_v2,xgb_5class_cw,604,1,1,1,0.9999979734420776,0.6666666865348816,0.0,0.873579740524292
nsl_kdd_v2,xgb_5class_cw,605,1,1,1,0.9999979734420776,0.6666666865348816,0.0,0.873579740524292
nsl_kdd_v2,xgb_5class_cw,606,0,0,1,0.9999979734420776,0.6666666865348816,0.02857142873108387,26.70627212524414
nsl_kdd_v2,xgb_5class_cw,607,2,2,1,0.9999979734420776,0.8181818127632141,0.0,0.9352970719337463
nsl_kdd_v2,xgb_5class_cw,608,1,0,0,0.6249988079071045,0.5384615659713745,0.0,0.6955759525299072
nsl_kdd_v2,xgb_5class_cw,609,0,0,1,0.8265880346298218,0.5384615659713745,0.0,0.7635096311569214
nsl_kdd_v2,xgb_5class_cw,610,1,1,1,0.9999979734420776,0.6666666865348816,0.0,0.873579740524292
nsl_kdd_v2,xgb_5class_cw,611,1,1,1,0.9999979734420776,0.6666666865348816,0.0,0.873579740524292
nsl_kdd_v2,xgb_5class_cw,612,2,2,1,0.9999979734420776,0.6666666865348816,0.0,0.873579740524292
nsl_kdd_v2,xgb_5class_cw,613,0,0,1,0.9999979734420776,0.6666666865348816,0.02857142873108387,26.70627212524414
nsl_kdd_v2,xgb_5class_cw,614,2,2,1,0.9666647911071777,0.6666666865348816,0.0,0.8637633919715881
nsl_kdd_v2,xgb_5class_cw,615,0,0,1,0.9999979734420776,0.6666666865348816,0.02857142873108387,26.70627212524414
nsl_kdd_v2,xgb_5class_cw,616,2,0,0,0.5059525370597839,0.5384615659713745,0.0,0.6482682824134827
nsl_kdd_v2,xgb_5class_cw,617,1,1,1,0.9999979734420776,0.6666666865348816,0.0,0.873579740524292
nsl_kdd_v2,xgb_5class_cw,618,0,0,1,0.9999979734420776,0.6666666865348816,0.02857142873108387,26.70627212524414
nsl_kdd_v2,xgb_5class_cw,619,1,1,1,0.9905639886856079,0.6666666865348816,0.0,0.8708239793777466
nsl_kdd_v2,xgb_5class_cw,620,2,0,0,0.9999979138374329,0.6666666865348816,0.0,0.873579740524292
nsl_kdd_v2,xgb_5class_cw,621,0,2,0,0.9999979734420776,0.6666666865348816,0.0,0.873579740524292
nsl_kdd_v2,xgb_5class_cw,622,1,1,1,0.9999979734420776,0.6666666865348816,0.0,0.873579740524292
nsl_kdd_v2,xgb_5class_cw,623,3,0,0,0.7218591570854187,0.5384615659713745,0.0,0.7297974824905396
nsl_kdd_v2,xgb_5class_cw,624,4,0,0,0.9999884963035583,0.6666666865348816,0.0,0.8735769391059875
nsl_kdd_v2,xgb_5class_cw,625,2,0,0,0.6249988079071045,0.6666666865348816,0.0,0.746900200843811
nsl_kdd_v2,xgb_5class_cw,626,3,3,1,0.9905639886856079,0.5384615659713745,0.9781647324562073,80.5038070678711
nsl_kdd_v2,xgb_5class_cw,627,2,2,1,0.9999979734420776,0.8181818127632141,0.0,0.9352970719337463
nsl_kdd_v2,xgb_5class_cw,628,1,1,1,0.9999979734420776,0.5384615659713745,0.0,0.813550591468811
nsl_kdd_v2,xgb_5class_cw,629,0,0,1,0.9999979734420776,0.6666666865348816,0.02857142873108387,26.70627212524414
nsl_kdd_v2,xgb_5class_cw,630,1,1,1,0.9666647911071777,0.6666666865348816,0.0,0.8637633919715881
nsl_kdd_v2,xgb_5class_cw,631,3,0,0,0.9999979734420776,0.5384615659713745,0.02857142873108387,24.87111473083496
nsl_kdd_v2,xgb_5class_cw,632,1,1,1,0.9999979734420776,0.5384615659713745,0.0,0.813550591468811
nsl_kdd_v2,xgb_5class_cw,633,1,0,0,0.571427583694458,0.8181818127632141,0.0,0.7761344313621521
nsl_kdd_v2,xgb_5class_cw,634,2,1,0,0.9905639886856079,0.6666666865348816,0.0,0.8708239793777466
nsl_kdd_v2,xgb_5class_cw,635,2,2,1,0.9999979734420776,0.8181818127632141,0.0,0.9352970719337463
nsl_kdd_v2,xgb_5class_cw,636,3,0,0,0.9999979734420776,0.8181818127632141,0.02857142873108387,28.593036651611328
nsl_kdd_v2,xgb_5class_cw,637,0,0,1,0.9999979138374329,0.6666666865348816,0.0,0.873579740524292
nsl_kdd_v2,xgb_5class_cw,638,0,0,1,0.9999979734420776,0.5384615659713745,0.02857142873108387,24.87111473083496
nsl_kdd_v2,xgb_5class_cw,639,1,1,1,0.7498854398727417,0.5384615659713745,0.0,0.7391226291656494
nsl_kdd_v2,xgb_5class_cw,640,3,0,0,0.9999979138374329,0.6666666865348816,0.0,0.873579740524292
nsl_kdd_v2,xgb_5class_cw,641,2,2,1,0.9999979734420776,0.6666666865348816,0.0,0.873579740524292
nsl_kdd_v2,xgb_5class_cw,642,1,1,1,0.7622833251953125,0.5384615659713745,0.0,0.7431736588478088
nsl_kdd_v2,xgb_5class_cw,643,1,1,1,0.9905639886856079,0.6666666865348816,0.0,0.8708239793777466
nsl_kdd_v2,xgb_5class_cw,644,1,1,1,0.9999979734420776,0.5384615659713745,0.0,0.813550591468811
nsl_kdd_v2,xgb_5class_cw,645,2,2,1,0.9999979734420776,0.6666666865348816,0.0,0.873579740524292
nsl_kdd_v2,xgb_5class_cw,646,0,0,1,0.9999979734420776,0.5384615659713745,0.02857142873108387,24.87111473083496
nsl_kdd_v2,xgb_5class_cw,647,0,0,1,0.9999979734420776,0.6666666865348816,0.02857142873108387,26.70627212524414
nsl_kdd_v2,xgb_5class_cw,648,0,0,1,0.9999979734420776,0.8181818127632141,0.02857142873108387,28.593036651611328
nsl_kdd_v2,xgb_5class_cw,649,1,1,1,0.9999979734420776,0.6666666865348816,0.0,0.873579740524292
nsl_kdd_v2,xgb_5class_cw,650,3,0,0,0.6249987483024597,0.4285714328289032,0.0,0.6446154713630676
nsl_kdd_v2,xgb_5class_cw,651,1,1,1,0.9666647911071777,0.5384615659713745,0.0,0.804408848285675
nsl_kdd_v2,xgb_5class_cw,652,0,0,1,0.9999979734420776,0.5384615659713745,0.02857142873108387,24.87111473083496
nsl_kdd_v2,xgb_5class_cw,653,1,1,1,0.9999979734420776,0.5384615659713745,0.0,0.813550591468811
nsl_kdd_v2,xgb_5class_cw,654,3,0,0,0.9999979734420776,0.8181818127632141,0.02857142873108387,28.593036651611328
nsl_kdd_v2,xgb_5class_cw,655,1,1,1,0.9999979734420776,0.6666666865348816,0.0,0.873579740524292
nsl_kdd_v2,xgb_5class_cw,656,2,0,0,0.9999979138374329,0.5384615659713745,0.0,0.8135504722595215
nsl_kdd_v2,xgb_5class_cw,657,3,3,1,0.9886088371276855,0.4285714328289032,0.9736404418945312,74.4415512084961
nsl_kdd_v2,xgb_5class_cw,658,3,0,0,0.9999979734420776,0.6666666865348816,0.02857142873108387,26.70627212524414
nsl_kdd_v2,xgb_5class_cw,659,4,0,0,0.999997615814209,0.6666666865348816,0.0,0.8735796213150024
nsl_kdd_v2,xgb_5class_cw,660,3,0,0,0.9999979734420776,0.6666666865348816,0.02857142873108387,26.70627212524414
nsl_kdd_v2,xgb_5class_cw,661,3,0,0,0.9999979734420776,0.8181818127632141,0.02857142873108387,28.593036651611328
nsl_kdd_v2,xgb_5class_cw,662,3,0,0,0.9999979138374329,0.6666666865348816,0.0,0.873579740524292
nsl_kdd_v2,xgb_5class_cw,663,2,2,1,0.9999979734420776,0.6666666865348816,0.0,0.873579740524292
nsl_kdd_v2,xgb_5class_cw,664,4,0,0,0.9999979734420776,0.5384615659713745,0.02857142873108387,24.87111473083496
nsl_kdd_v2,xgb_5class_cw,665,0,0,1,0.9999979734420776,0.5384615659713745,0.02857142873108387,24.87111473083496
nsl_kdd_v2,xgb_5class_cw,666,1,1,1,0.9999979734420776,0.6666666865348816,0.0,0.873579740524292
nsl_kdd_v2,xgb_5class_cw,667,0,0,1,0.9999979734420776,0.5384615659713745,0.02857142873108387,24.87111473083496
nsl_kdd_v2,xgb_5class_cw,668,0,0,1,0.9999979734420776,0.5384615659713745,0.02857142873108387,24.87111473083496
nsl_kdd_v2,xgb_5class_cw,669,0,0,1,0.9999979734420776,0.5384615659713745,0.02857142873108387,24.87111473083496
nsl_kdd_v2,xgb_5class_cw,670,2,2,1,0.9999979734420776,0.6666666865348816,0.0,0.873579740524292
nsl_kdd_v2,xgb_5class_cw,671,3,0,0,0.9999978542327881,0.6666666865348816,0.0,0.873579740524292
nsl_kdd_v2,xgb_5class_cw,672,0,0,1,0.9999979734420776,0.5384615659713745,0.02857142873108387,24.87111473083496
nsl_kdd_v2,xgb_5class_cw,673,3,0,0,0.9999979138374329,0.5384615659713745,0.0,0.8135504722595215
nsl_kdd_v2,xgb_5class_cw,674,2,2,1,0.7407394647598267,0.8181818127632141,0.0,0.8462623953819275
nsl_kdd_v2,xgb_5class_cw,675,0,0,1,0.9999979734420776,0.5384615659713745,0.02857142873108387,24.87111473083496
nsl_kdd_v2,xgb_5class_cw,676,0,0,1,0.9999979734420776,0.6666666865348816,0.02857142873108387,26.70627212524414
nsl_kdd_v2,xgb_5class_cw,677,3,0,0,0.9999979734420776,0.6666666865348816,0.02857142873108387,26.70627212524414
nsl_kdd_v2,xgb_5class_cw,678,2,2,1,0.7407394647598267,0.8181818127632141,0.0,0.8462623953819275
nsl_kdd_v2,xgb_5class_cw,679,0,0,1,0.9999979734420776,0.6666666865348816,0.02857142873108387,26.70627212524414
nsl_kdd_v2,xgb_5class_cw,680,0,0,1,0.9999979734420776,0.5384615659713745,0.02857142873108387,24.87111473083496
nsl_kdd_v2,xgb_5class_cw,681,2,2,1,0.9999979734420776,1.0,0.0,0.9999991655349731
nsl_kdd_v2,xgb_5class_cw,682,1,1,1,0.9999979734420776,0.6666666865348816,0.0,0.873579740524292
nsl_kdd_v2,xgb_5class_cw,683,2,2,1,0.9999979734420776,0.5384615659713745,0.0,0.813550591468811
nsl_kdd_v2,xgb_5class_cw,684,1,1,1,0.9999979734420776,0.6666666865348816,0.0,0.873579740524292
nsl_kdd_v2,xgb_5class_cw,685,3,3,1,0.5714268088340759,0.4285714328289032,0.008267147466540337,12.65065860748291
nsl_kdd_v2,xgb_5class_cw,686,3,0,0,0.9999979734420776,0.5384615659713745,0.02857142873108387,24.87111473083496
nsl_kdd_v2,xgb_5class_cw,687,0,0,1,0.9999979734420776,0.6666666865348816,0.02857142873108387,26.70627212524414
nsl_kdd_v2,xgb_5class_cw,688,4,0,0,0.9999978542327881,0.5384615659713745,0.0,0.8135504722595215
nsl_kdd_v2,xgb_5class_cw,689,0,0,1,0.9999979734420776,0.6666666865348816,0.02857142873108387,26.70627212524414
nsl_kdd_v2,xgb_5class_cw,690,2,2,1,0.9999979734420776,0.8181818127632141,0.0,0.9352970719337463
nsl_kdd_v2,xgb_5class_cw,691,2,0,0,0.4999989867210388,0.8181818127632141,0.0,0.7423457503318787
nsl_kdd_v2,xgb_5class_cw,692,0,0,1,0.9999979734420776,0.6666666865348816,0.02857142873108387,26.70627212524414
nsl_kdd_v2,xgb_5class_cw,693,1,0,0,0.8265880346298218,0.8181818127632141,0.0,0.8777676820755005
nsl_kdd_v2,xgb_5class_cw,694,1,1,1,0.8803979754447937,0.5384615659713745,0.0,0.779730498790741
nsl_kdd_v2,xgb_5class_cw,695,3,0,0,0.9999978542327881,0.4285714328289032,0.0,0.7539467811584473
nsl_kdd_v2,xgb_5class_cw,696,0,0,1,0.9999979138374329,0.6666666865348816,0.0,0.873579740524292
nsl_kdd_v2,xgb_5class_cw,697,1,1,1,0.9666647911071777,0.5384615659713745,0.0,0.804408848285675
nsl_kdd_v2,xgb_5class_cw,698,2,0,0,0.792901873588562,0.5384615659713745,0.0,0.7529937028884888
nsl_kdd_v2,xgb_5class_cw,699,0,0,1,0.9999979138374329,0.6666666865348816,0.0,0.873579740524292
nsl_kdd_v2,xgb_5class_cw,700,4,4,1,0.9664690494537354,0.5384615659713745,0.0,0.8043545484542847
nsl_kdd_v2,xgb_5class_cw,701,0,0,1,0.9999979734420776,0.5384615659713745,0.02857142873108387,24.87111473083496
nsl_kdd_v2,xgb_5class_cw,702,1,1,1,0.9999979734420776,0.6666666865348816,0.0,0.873579740524292
nsl_kdd_v2,xgb_5class_cw,703,2,0,0,0.6249988079071045,0.6666666865348816,0.0,0.746900200843811
nsl_kdd_v2,xgb_5class_cw,704,1,1,1,0.9905639886856079,0.6666666865348816,0.0,0.8708239793777466
nsl_kdd_v2,xgb_5class_cw,705,0,0,1,0.9999979734420776,0.6666666865348816,0.02857142873108387,26.70627212524414
nsl_kdd_v2,xgb_5class_cw,706,2,0,0,0.6249988079071045,0.6666666865348816,0.0,0.746900200843811
nsl_kdd_v2,xgb_5class_cw,707,0,0,1,0.9999979734420776,0.6666666865348816,0.02857142873108387,26.70627212524414
nsl_kdd_v2,xgb_5class_cw,708,3,0,0,0.9999979734420776,0.8181818127632141,0.02857142873108387,28.593036651611328
nsl_kdd_v2,xgb_5class_cw,709,2,2,1,0.9999979734420776,0.6666666865348816,0.0,0.873579740524292
nsl_kdd_v2,xgb_5class_cw,710,2,2,1,0.9999979734420776,1.0,0.0,0.9999991655349731
nsl_kdd_v2,xgb_5class_cw,711,0,0,1,0.9999979734420776,0.4285714328289032,0.02857142873108387,23.04896354675293
nsl_kdd_v2,xgb_5class_cw,712,3,0,0,0.9999979734420776,0.8181818127632141,0.02857142873108387,28.593036651611328
nsl_kdd_v2,xgb_5class_cw,713,2,2,1,0.9999979734420776,0.6666666865348816,0.0,0.873579740524292
nsl_kdd_v2,xgb_5class_cw,714,2,2,1,0.9999979734420776,0.6666666865348816,0.0,0.873579740524292
nsl_kdd_v2,xgb_5class_cw,715,2,2,1,0.9999979734420776,0.4285714328289032,0.0,0.753946840763092
nsl_kdd_v2,xgb_5class_cw,716,3,0,0,0.9999979734420776,0.5384615659713745,0.02857142873108387,24.87111473083496
nsl_kdd_v2,xgb_5class_cw,717,0,0,1,0.9999979734420776,0.5384615659713745,0.02857142873108387,24.87111473083496
nsl_kdd_v2,xgb_5class_cw,718,3,0,0,0.9999979138374329,0.5384615659713745,0.0,0.8135504722595215
nsl_kdd_v2,xgb_5class_cw,719,2,2,1,0.9999979734420776,0.6666666865348816,0.0,0.873579740524292
nsl_kdd_v2,xgb_5class_cw,720,2,1,0,0.9666647911071777,0.6666666865348816,0.0,0.8637633919715881
nsl_kdd_v2,xgb_5class_cw,721,0,0,1,0.9999979138374329,0.6666666865348816,0.0,0.873579740524292
nsl_kdd_v2,xgb_5class_cw,722,0,0,1,0.9999979734420776,0.6666666865348816,0.02857142873108387,26.70627212524414
nsl_kdd_v2,xgb_5class_cw,723,0,0,1,0.9999979734420776,0.6666666865348816,0.02857142873108387,26.70627212524414
nsl_kdd_v2,xgb_5class_cw,724,0,0,1,0.9999979734420776,0.5384615659713745,0.02857142873108387,24.87111473083496
nsl_kdd_v2,xgb_5class_cw,725,0,0,1,0.9999979734420776,0.6666666865348816,0.02857142873108387,26.70627212524414
nsl_kdd_v2,xgb_5class_cw,726,3,0,0,0.9999979734420776,0.5384615659713745,0.02857142873108387,24.87111473083496
nsl_kdd_v2,xgb_5class_cw,727,2,2,1,0.9999979734420776,0.6666666865348816,0.0,0.873579740524292
nsl_kdd_v2,xgb_5class_cw,728,1,1,1,0.9999979734420776,0.6666666865348816,0.0,0.873579740524292
nsl_kdd_v2,xgb_5class_cw,729,1,1,1,0.9905639886856079,0.6666666865348816,0.0,0.8708239793777466
nsl_kdd_v2,xgb_5class_cw,730,2,2,1,0.9666647911071777,0.6666666865348816,0.0,0.8637633919715881
nsl_kdd_v2,xgb_5class_cw,731,3,0,0,0.9999979734420776,0.6666666865348816,0.02857142873108387,26.70627212524414
nsl_kdd_v2,xgb_5class_cw,732,1,1,1,0.9999979734420776,0.5384615659713745,0.0,0.813550591468811
nsl_kdd_v2,xgb_5class_cw,733,0,0,1,0.9999979138374329,0.8181818127632141,0.0,0.9352970719337463
nsl_kdd_v2,xgb_5class_cw,734,1,1,1,0.9999979734420776,0.6666666865348816,0.0,0.873579740524292
nsl_kdd_v2,xgb_5class_cw,735,1,1,1,0.9999979734420776,0.6666666865348816,0.0,0.873579740524292
nsl_kdd_v2,xgb_5class_cw,736,1,0,0,0.9999979138374329,0.5384615659713745,0.0,0.8135504722595215
nsl_kdd_v2,xgb_5class_cw,737,1,1,1,0.7662525177001953,0.5384615659713745,0.0,0.7444612979888916
nsl_kdd_v2,xgb_5class_cw,738,3,0,0,0.9999979734420776,0.4285714328289032,0.02857142873108387,23.04896354675293
nsl_kdd_v2,xgb_5class_cw,739,0,0,1,0.9999979138374329,0.6666666865348816,0.0,0.873579740524292
nsl_kdd_v2,xgb_5class_cw,740,3,0,0,0.9999978542327881,0.6666666865348816,0.0,0.873579740524292
nsl_kdd_v2,xgb_5class_cw,741,0,0,1,0.9999979734420776,0.6666666865348816,0.02857142873108387,26.70627212524414
nsl_kdd_v2,xgb_5class_cw,742,2,2,1,0.7427888512611389,0.6666666865348816,0.0,0.7911484837532043
nsl_kdd_v2,xgb_5class_cw,743,2,2,1,0.9999979734420776,0.8181818127632141,0.0,0.9352970719337463
nsl_kdd_v2,xgb_5class_cw,744,3,0,0,0.9999979734420776,0.5384615659713745,0.02857142873108387,24.87111473083496
nsl_kdd_v2,xgb_5class_cw,745,2,2,1,0.9999979734420776,0.8181818127632141,0.0,0.9352970719337463
nsl_kdd_v2,xgb_5class_cw,746,1,1,1,0.9666647911071777,0.5384615659713745,0.0,0.804408848285675
nsl_kdd_v2,xgb_5class_cw,747,0,0,1,0.9999979734420776,0.6666666865348816,0.02857142873108387,26.70627212524414
nsl_kdd_v2,xgb_5class_cw,748,2,1,0,0.9905639886856079,0.6666666865348816,0.0,0.8708239793777466
nsl_kdd_v2,xgb_5class_cw,749,2,2,1,0.9999979734420776,0.5384615659713745,0.0,0.813550591468811
nsl_kdd_v2,xgb_5class_cw,750,0,0,1,0.9999979734420776,0.6666666865348816,0.02857142873108387,26.70627212524414
nsl_kdd_v2,xgb_5class_cw,751,2,2,1,0.9999979734420776,1.0,0.0,0.9999991655349731
nsl_kdd_v2,xgb_5class_cw,752,0,0,1,0.9999979734420776,0.5384615659713745,0.02857142873108387,24.87111473083496
nsl_kdd_v2,xgb_5class_cw,753,2,0,0,0.9999979138374329,0.8181818127632141,0.0,0.9352970719337463
nsl_kdd_v2,xgb_5class_cw,754,3,0,0,0.9999979138374329,0.5384615659713745,0.0,0.8135504722595215
nsl_kdd_v2,xgb_5class_cw,755,1,1,1,0.9666647911071777,0.5384615659713745,0.0,0.804408848285675
nsl_kdd_v2,xgb_5class_cw,756,0,1,0,0.9999979734420776,0.5384615659713745,0.0,0.813550591468811
nsl_kdd_v2,xgb_5class_cw,757,1,0,0,0.6249988079071045,0.6666666865348816,0.0,0.746900200843811
nsl_kdd_v2,xgb_5class_cw,758,0,0,1,0.9999979734420776,0.6666666865348816,0.02857142873108387,26.70627212524414
nsl_kdd_v2,xgb_5class_cw,759,1,1,1,0.9999979734420776,0.6666666865348816,0.0,0.873579740524292
nsl_kdd_v2,xgb_5class_cw,760,3,0,0,0.9999979734420776,0.5384615659713745,0.02857142873108387,24.87111473083496
nsl_kdd_v2,xgb_5class_cw,761,0,0,1,0.9999979734420776,0.5384615659713745,0.02857142873108387,24.87111473083496
nsl_kdd_v2,xgb_5class_cw,762,0,0,1,0.9999979734420776,0.5384615659713745,0.02857142873108387,24.87111473083496
nsl_kdd_v2,xgb_5class_cw,763,3,0,0,0.9999979734420776,0.6666666865348816,0.02857142873108387,26.70627212524414
nsl_kdd_v2,xgb_5class_cw,764,0,0,1,0.9999979734420776,0.6666666865348816,0.02857142873108387,26.70627212524414
nsl_kdd_v2,xgb_5class_cw,765,3,0,0,0.6249987483024597,0.5384615659713745,0.0,0.6955759525299072
nsl_kdd_v2,xgb_5class_cw,766,2,0,0,0.4999989867210388,0.6666666865348816,0.0,0.6933606863021851
nsl_kdd_v2,xgb_5class_cw,767,0,0,1,0.9999979734420776,0.6666666865348816,0.02857142873108387,26.70627212524414
nsl_kdd_v2,xgb_5class_cw,768,0,0,1,0.9999979734420776,0.5384615659713745,0.02857142873108387,24.87111473083496
nsl_kdd_v2,xgb_5class_cw,769,2,2,1,0.9999979734420776,0.6666666865348816,0.0,0.873579740524292
nsl_kdd_v2,xgb_5class_cw,770,1,1,1,0.9999979734420776,0.6666666865348816,0.0,0.873579740524292
nsl_kdd_v2,xgb_5class_cw,771,0,2,0,0.9999979734420776,0.6666666865348816,0.0,0.873579740524292
nsl_kdd_v2,xgb_5class_cw,772,1,1,1,0.9999979734420776,0.8181818127632141,0.0,0.9352970719337463
nsl_kdd_v2,xgb_5class_cw,773,1,1,1,0.9999979734420776,0.6666666865348816,0.0,0.873579740524292
nsl_kdd_v2,xgb_5class_cw,774,3,0,0,0.9999979138374329,0.5384615659713745,0.0,0.8135504722595215
nsl_kdd_v2,xgb_5class_cw,775,3,0,0,0.9999979138374329,0.6666666865348816,0.0,0.873579740524292
nsl_kdd_v2,xgb_5class_cw,776,3,0,0,0.9999976754188538,0.5384615659713745,0.0,0.8135504722595215
nsl_kdd_v2,xgb_5class_cw,777,4,4,1,0.9905654191970825,0.5384615659713745,0.0,0.8109844923019409
nsl_kdd_v2,xgb_5class_cw,778,1,0,0,0.9999979138374329,0.6666666865348816,0.0,0.873579740524292
nsl_kdd_v2,xgb_5class_cw,779,0,0,1,0.9999979734420776,0.5384615659713745,0.02857142873108387,24.87111473083496
nsl_kdd_v2,xgb_5class_cw,780,0,0,1,0.9999979734420776,0.5384615659713745,0.02857142873108387,24.87111473083496
nsl_kdd_v2,xgb_5class_cw,781,0,0,1,0.9999979734420776,0.5384615659713745,0.02857142873108387,24.87111473083496
nsl_kdd_v2,xgb_5class_cw,782,0,0,1,0.9999979734420776,0.5384615659713745,0.02857142873108387,24.87111473083496
nsl_kdd_v2,xgb_5class_cw,783,1,1,1,0.9999979734420776,0.6666666865348816,0.0,0.873579740524292
nsl_kdd_v2,xgb_5class_cw,784,1,1,1,0.9666647911071777,0.4285714328289032,0.0,0.7454748153686523
nsl_kdd_v2,xgb_5class_cw,785,0,0,1,0.9999979734420776,0.6666666865348816,0.02857142873108387,26.70627212524414
nsl_kdd_v2,xgb_5class_cw,786,3,0,0,0.9999979138374329,0.4285714328289032,0.0,0.7539467811584473
nsl_kdd_v2,xgb_5class_cw,787,1,0,0,0.8265880346298218,0.8181818127632141,0.0,0.8777676820755005
nsl_kdd_v2,xgb_5class_cw,788,1,1,1,0.9999979734420776,0.5384615659713745,0.0,0.813550591468811
nsl_kdd_v2,xgb_5class_cw,789,4,0,0,0.9999979138374329,0.5384615659713745,0.0,0.8135504722595215
nsl_kdd_v2,xgb_5class_cw,790,0,0,1,0.9999979734420776,0.6666666865348816,0.02857142873108387,26.70627212524414
nsl_kdd_v2,xgb_5class_cw,791,0,0,1,0.9999979734420776,0.6666666865348816,0.02857142873108387,26.70627212524414
nsl_kdd_v2,xgb_5class_cw,792,1,1,1,0.9999979734420776,0.5384615659713745,0.0,0.813550591468811
nsl_kdd_v2,xgb_5class_cw,793,2,1,0,0.9905639886856079,0.5384615659713745,0.0,0.8109841346740723
nsl_kdd_v2,xgb_5class_cw,794,1,1,1,0.9666647911071777,0.5384615659713745,0.0,0.804408848285675
nsl_kdd_v2,xgb_5class_cw,795,2,2,1,0.7407394647598267,0.6666666865348816,0.0,0.7904201745986938
nsl_kdd_v2,xgb_5class_cw,796,2,2,1,0.7407394647598267,0.8181818127632141,0.0,0.8462623953819275
nsl_kdd_v2,xgb_5class_cw,797,1,1,1,0.9999979734420776,0.8181818127632141,0.0,0.9352970719337463
nsl_kdd_v2,xgb_5class_cw,798,1,1,1,0.9999979734420776,0.5384615659713745,0.0,0.813550591468811
nsl_kdd_v2,xgb_5class_cw,799,3,0,0,0.9999979138374329,0.4285714328289032,0.0,0.7539467811584473
nsl_kdd_v2,xgb_5class_cw,800,2,1,0,0.9905639886856079,0.6666666865348816,0.0,0.8708239793777466
nsl_kdd_v2,xgb_5class_cw,801,2,2,1,0.9999979734420776,0.4285714328289032,0.0,0.753946840763092
nsl_kdd_v2,xgb_5class_cw,802,0,0,1,0.9999979734420776,0.5384615659713745,0.02857142873108387,24.87111473083496
nsl_kdd_v2,xgb_5class_cw,803,0,0,1,0.9999979734420776,0.6666666865348816,0.02857142873108387,26.70627212524414
nsl_kdd_v2,xgb_5class_cw,804,1,1,1,0.9999979734420776,0.6666666865348816,0.0,0.873579740524292
nsl_kdd_v2,xgb_5class_cw,805,3,0,0,0.9999979734420776,0.6666666865348816,0.02857142873108387,26.70627212524414
nsl_kdd_v2,xgb_5class_cw,806,3,0,0,0.9999979138374329,0.5384615659713745,0.0,0.8135504722595215
nsl_kdd_v2,xgb_5class_cw,807,2,0,0,0.9999979138374329,0.5384615659713745,0.0,0.8135504722595215
nsl_kdd_v2,xgb_5class_cw,808,3,0,0,0.9999979734420776,0.6666666865348816,0.02857142873108387,26.70627212524414
nsl_kdd_v2,xgb_5class_cw,809,4,0,0,0.9999977946281433,0.6666666865348816,0.0,0.873579740524292
nsl_kdd_v2,xgb_5class_cw,810,0,0,1,0.9999979734420776,0.5384615659713745,0.02857142873108387,24.87111473083496
nsl_kdd_v2,xgb_5class_cw,811,4,0,0,0.9999979734420776,0.6666666865348816,0.02857142873108387,26.70627212524414
nsl_kdd_v2,xgb_5class_cw,812,2,0,0,0.8265880346298218,0.6666666865348816,0.0,0.819846510887146
nsl_kdd_v2,xgb_5class_cw,813,0,0,1,0.9999979734420776,0.6666666865348816,0.02857142873108387,26.70627212524414
nsl_kdd_v2,xgb_5class_cw,814,1,1,1,0.9999979734420776,0.6666666865348816,0.0,0.873579740524292
nsl_kdd_v2,xgb_5class_cw,815,1,1,1,0.9999979734420776,0.5384615659713745,0.0,0.813550591468811
nsl_kdd_v2,xgb_5class_cw,816,1,1,1,0.9999979734420776,0.6666666865348816,0.0,0.873579740524292
nsl_kdd_v2,xgb_5class_cw,817,2,2,1,0.9999979734420776,1.0,0.0,0.9999991655349731
nsl_kdd_v2,xgb_5class_cw,818,1,1,1,0.9999979734420776,0.6666666865348816,0.0,0.873579740524292
nsl_kdd_v2,xgb_5class_cw,819,0,0,1,0.9999979734420776,0.8181818127632141,0.02857142873108387,28.593036651611328
nsl_kdd_v2,xgb_5class_cw,820,3,0,0,0.9999979138374329,0.5384615659713745,0.0,0.8135504722595215
nsl_kdd_v2,xgb_5class_cw,821,4,0,0,0.9999979734420776,0.5384615659713745,0.02857142873108387,24.87111473083496
nsl_kdd_v2,xgb_5class_cw,822,1,1,1,0.9999979734420776,0.5384615659713745,0.0,0.813550591468811
nsl_kdd_v2,xgb_5class_cw,823,3,0,0,0.9999979734420776,0.6666666865348816,0.02857142873108387,26.70627212524414
nsl_kdd_v2,xgb_5class_cw,824,1,1,1,0.9999979734420776,0.5384615659713745,0.0,0.813550591468811
nsl_kdd_v2,xgb_5class_cw,825,1,1,1,0.9999979734420776,0.8181818127632141,0.0,0.9352970719337463
nsl_kdd_v2,xgb_5class_cw,826,0,0,1,0.9999979734420776,0.4285714328289032,0.02857142873108387,23.04896354675293
nsl_kdd_v2,xgb_5class_cw,827,1,1,1,0.9999979734420776,0.6666666865348816,0.0,0.873579740524292
nsl_kdd_v2,xgb_5class_cw,828,2,2,1,0.9999979734420776,0.6666666865348816,0.0,0.873579740524292
nsl_kdd_v2,xgb_5class_cw,829,2,2,1,0.9999979734420776,1.0,0.0,0.9999991655349731
nsl_kdd_v2,xgb_5class_cw,830,3,0,0,0.9999979734420776,0.8181818127632141,0.02857142873108387,28.593036651611328
nsl_kdd_v2,xgb_5class_cw,831,3,3,1,0.9999979734420776,0.5384615659713745,0.9999952912330627,81.35494232177734
nsl_kdd_v2,xgb_5class_cw,832,1,1,1,0.9999979734420776,0.8181818127632141,0.0,0.9352970719337463
nsl_kdd_v2,xgb_5class_cw,833,2,0,0,0.6249988079071045,0.8181818127632141,0.0,0.7996678352355957
nsl_kdd_v2,xgb_5class_cw,834,1,1,1,0.9999979734420776,0.8181818127632141,0.0,0.9352970719337463
nsl_kdd_v2,xgb_5class_cw,835,2,2,1,0.9999979734420776,0.6666666865348816,0.0,0.873579740524292
nsl_kdd_v2,xgb_5class_cw,836,1,1,1,0.9999979734420776,0.6666666865348816,0.0,0.873579740524292
nsl_kdd_v2,xgb_5class_cw,837,4,0,0,0.9999978542327881,0.5384615659713745,0.0,0.8135504722595215
nsl_kdd_v2,xgb_5class_cw,838,3,0,0,0.9999979734420776,0.6666666865348816,0.02857142873108387,26.70627212524414
nsl_kdd_v2,xgb_5class_cw,839,3,0,0,0.9999979734420776,0.4285714328289032,0.02857142873108387,23.04896354675293
nsl_kdd_v2,xgb_5class_cw,840,0,0,1,0.9999979138374329,0.6666666865348816,0.0,0.873579740524292
nsl_kdd_v2,xgb_5class_cw,841,0,0,1,0.9999979734420776,0.6666666865348816,0.02857142873108387,26.70627212524414
nsl_kdd_v2,xgb_5class_cw,842,3,0,0,0.9999979138374329,0.5384615659713745,0.0,0.8135504722595215
nsl_kdd_v2,xgb_5class_cw,843,0,0,1,0.9999979138374329,0.8181818127632141,0.0,0.9352970719337463
nsl_kdd_v2,xgb_5class_cw,844,1,1,1,0.9999979734420776,0.8181818127632141,0.0,0.9352970719337463
nsl_kdd_v2,xgb_5class_cw,845,3,0,0,0.9999979138374329,0.5384615659713745,0.0,0.8135504722595215
nsl_kdd_v2,xgb_5class_cw,846,0,0,1,0.9999979734420776,0.6666666865348816,0.02857142873108387,26.70627212524414
nsl_kdd_v2,xgb_5class_cw,847,1,1,1,0.9999979734420776,0.6666666865348816,0.0,0.873579740524292
nsl_kdd_v2,xgb_5class_cw,848,1,1,1,0.9999979734420776,0.5384615659713745,0.0,0.813550591468811
nsl_kdd_v2,xgb_5class_cw,849,4,0,0,0.9999978542327881,0.6666666865348816,0.0,0.873579740524292
nsl_kdd_v2,xgb_5class_cw,850,2,0,0,0.9999979138374329,0.6666666865348816,0.0,0.873579740524292
nsl_kdd_v2,xgb_5class_cw,851,1,0,0,0.9999979138374329,0.8181818127632141,0.0,0.9352970719337463
nsl_kdd_v2,xgb_5class_cw,852,0,0,1,0.9999979734420776,0.6666666865348816,0.02857142873108387,26.70627212524414
nsl_kdd_v2,xgb_5class_cw,853,1,1,1,0.9999979734420776,0.6666666865348816,0.0,0.873579740524292
nsl_kdd_v2,xgb_5class_cw,854,2,0,0,0.6812273263931274,0.6666666865348816,0.0,0.7686586976051331
nsl_kdd_v2,xgb_5class_cw,855,3,0,0,0.9999979734420776,0.5384615659713745,0.02857142873108387,24.87111473083496
nsl_kdd_v2,xgb_5class_cw,856,1,1,1,0.9999979734420776,0.6666666865348816,0.0,0.873579740524292
nsl_kdd_v2,xgb_5class_cw,857,0,0,1,0.9999979734420776,0.6666666865348816,0.02857142873108387,26.70627212524414
nsl_kdd_v2,xgb_5class_cw,858,3,0,0,0.999997615814209,0.4285714328289032,0.0,0.7539467215538025
nsl_kdd_v2,xgb_5class_cw,859,3,0,0,0.9999979138374329,0.5384615659713745,0.0,0.8135504722595215
nsl_kdd_v2,xgb_5class_cw,860,3,0,0,0.9999979138374329,0.5384615659713745,0.0,0.8135504722595215
nsl_kdd_v2,xgb_5class_cw,861,1,0,0,0.9999979138374329,0.6666666865348816,0.0,0.873579740524292
nsl_kdd_v2,xgb_5class_cw,862,1,0,0,0.9999979138374329,0.5384615659713745,0.0,0.8135504722595215
nsl_kdd_v2,xgb_5class_cw,863,1,0,0,0.7857123613357544,0.8181818127632141,0.0,0.863053560256958
nsl_kdd_v2,xgb_5class_cw,864,2,2,1,0.9999979734420776,0.5384615659713745,0.0,0.813550591468811
nsl_kdd_v2,xgb_5class_cw,865,4,0,0,0.9999979138374329,0.6666666865348816,0.0,0.873579740524292
nsl_kdd_v2,xgb_5class_cw,866,3,0,0,0.9999979138374329,0.5384615659713745,0.0,0.8135504722595215
nsl_kdd_v2,xgb_5class_cw,867,3,0,0,0.9999979734420776,0.8181818127632141,0.02857142873108387,28.593036651611328
nsl_kdd_v2,xgb_5class_cw,868,3,0,0,0.8265880346298218,0.4285714328289032,0.0,0.7075721621513367
nsl_kdd_v2,xgb_5class_cw,869,4,0,0,0.9999979734420776,0.6666666865348816,0.02857142873108387,26.70627212524414
nsl_kdd_v2,xgb_5class_cw,870,2,2,1,0.9999979734420776,0.8181818127632141,0.0,0.9352970719337463
nsl_kdd_v2,xgb_5class_cw,871,3,0,0,0.9999979734420776,0.8181818127632141,0.02857142873108387,28.593036651611328
nsl_kdd_v2,xgb_5class_cw,872,2,2,1,0.9999979734420776,1.0,0.0,0.9999991655349731
nsl_kdd_v2,xgb_5class_cw,873,2,2,1,0.9999979734420776,0.8181818127632141,0.0,0.9352970719337463
nsl_kdd_v2,xgb_5class_cw,874,1,1,1,0.9999979734420776,0.8181818127632141,0.0,0.9352970719337463
nsl_kdd_v2,xgb_5class_cw,875,1,1,1,0.9999979734420776,0.6666666865348816,0.0,0.873579740524292
nsl_kdd_v2,xgb_5class_cw,876,0,0,1,0.9999979734420776,0.5384615659713745,0.02857142873108387,24.87111473083496
nsl_kdd_v2,xgb_5class_cw,877,0,0,1,0.9999979734420776,0.8181818127632141,0.02857142873108387,28.593036651611328
nsl_kdd_v2,xgb_5class_cw,878,3,0,0,0.9999979734420776,0.6666666865348816,0.02857142873108387,26.70627212524414
nsl_kdd_v2,xgb_5class_cw,879,2,0,0,0.6249988079071045,0.6666666865348816,0.0,0.746900200843811
nsl_kdd_v2,xgb_5class_cw,880,1,1,1,0.9999979734420776,0.5384615659713745,0.0,0.813550591468811
nsl_kdd_v2,xgb_5class_cw,881,4,0,0,0.8782449960708618,0.6666666865348816,0.0,0.8365811705589294
nsl_kdd_v2,xgb_5class_cw,882,0,0,1,0.9999979734420776,0.5384615659713745,0.02857142873108387,24.87111473083496
nsl_kdd_v2,xgb_5class_cw,883,2,2,1,0.9999979734420776,0.5384615659713745,0.0,0.813550591468811
nsl_kdd_v2,xgb_5class_cw,884,3,0,0,0.9999979138374329,0.5384615659713745,0.0,0.8135504722595215
nsl_kdd_v2,xgb_5class_cw,885,0,0,1,0.9999979734420776,0.8181818127632141,0.02857142873108387,28.593036651611328
nsl_kdd_v2,xgb_5class_cw,886,1,0,0,0.999997615814209,0.5384615659713745,0.0,0.8135504126548767
nsl_kdd_v2,xgb_5class_cw,887,3,0,0,0.9999979734420776,0.6666666865348816,0.02857142873108387,26.70627212524414
nsl_kdd_v2,xgb_5class_cw,888,2,2,1,0.9999979734420776,0.6666666865348816,0.0,0.873579740524292
nsl_kdd_v2,xgb_5class_cw,889,0,0,1,0.9999979734420776,0.6666666865348816,0.02857142873108387,26.70627212524414
nsl_kdd_v2,xgb_5class_cw,890,2,2,1,0.9999979734420776,0.8181818127632141,0.0,0.9352970719337463
nsl_kdd_v2,xgb_5class_cw,891,0,0,1,0.9999979734420776,0.6666666865348816,0.02857142873108387,26.70627212524414
nsl_kdd_v2,xgb_5class_cw,892,1,1,1,0.9999979734420776,0.8181818127632141,0.0,0.9352970719337463
nsl_kdd_v2,xgb_5class_cw,893,3,0,0,0.9999979138374329,0.5384615659713745,0.0,0.8135504722595215
nsl_kdd_v2,xgb_5class_cw,894,4,4,1,0.9666526317596436,0.5384615659713745,0.0,0.8044053912162781
nsl_kdd_v2,xgb_5class_cw,895,0,0,1,0.9999979734420776,0.6666666865348816,0.02857142873108387,26.70627212524414
nsl_kdd_v2,xgb_5class_cw,896,0,0,1,0.9999979734420776,0.6666666865348816,0.02857142873108387,26.70627212524414
nsl_kdd_v2,xgb_5class_cw,897,1,1,1,0.9999979734420776,0.6666666865348816,0.0,0.873579740524292
nsl_kdd_v2,xgb_5class_cw,898,3,0,0,0.9999979138374329,0.5384615659713745,0.0,0.8135504722595215
nsl_kdd_v2,xgb_5class_cw,899,0,0,1,0.9999979734420776,0.6666666865348816,0.02857142873108387,26.70627212524414
nsl_kdd_v2,xgb_5class_cw,900,1,1,1,0.9666647911071777,0.5384615659713745,0.0,0.804408848285675
nsl_kdd_v2,xgb_5class_cw,901,1,0,0,0.9999979138374329,0.6666666865348816,0.0,0.873579740524292
nsl_kdd_v2,xgb_5class_cw,902,2,2,1,0.9999979734420776,0.8181818127632141,0.0,0.9352970719337463
nsl_kdd_v2,xgb_5class_cw,903,0,0,1,0.9999979734420776,0.4285714328289032,0.02857142873108387,23.04896354675293
nsl_kdd_v2,xgb_5class_cw,904,1,1,1,0.9999979734420776,0.6666666865348816,0.0,0.873579740524292
nsl_kdd_v2,xgb_5class_cw,905,2,0,0,0.9999979138374329,0.8181818127632141,0.0,0.9352970719337463
nsl_kdd_v2,xgb_5class_cw,906,1,1,1,0.9999979734420776,0.6666666865348816,0.0,0.873579740524292
nsl_kdd_v2,xgb_5class_cw,907,1,1,1,0.9999979734420776,0.5384615659713745,0.0,0.813550591468811
nsl_kdd_v2,xgb_5class_cw,908,2,0,0,0.9999979138374329,0.6666666865348816,0.0,0.873579740524292
nsl_kdd_v2,xgb_5class_cw,909,2,2,1,0.9999979734420776,0.6666666865348816,0.0,0.873579740524292
nsl_kdd_v2,xgb_5class_cw,910,2,2,1,0.9999979734420776,0.5384615659713745,0.0,0.813550591468811
nsl_kdd_v2,xgb_5class_cw,911,4,0,0,0.9999974966049194,0.5384615659713745,0.0,0.8135504126548767
nsl_kdd_v2,xgb_5class_cw,912,1,1,1,0.9666647911071777,0.5384615659713745,0.0,0.804408848285675
nsl_kdd_v2,xgb_5class_cw,913,1,1,1,0.9905639886856079,0.5384615659713745,0.0,0.8109841346740723
nsl_kdd_v2,xgb_5class_cw,914,0,0,1,0.9999979734420776,0.6666666865348816,0.02857142873108387,26.70627212524414
nsl_kdd_v2,xgb_5class_cw,915,2,2,1,0.9999979734420776,0.8181818127632141,0.0,0.9352970719337463
nsl_kdd_v2,xgb_5class_cw,916,4,0,0,0.5555542707443237,0.6666666865348816,0.0,0.7181442379951477
nsl_kdd_v2,xgb_5class_cw,917,0,0,1,0.9999979138374329,0.5384615659713745,0.0,0.8135504722595215
nsl_kdd_v2,xgb_5class_cw,918,0,0,1,0.9999979734420776,0.6666666865348816,0.02857142873108387,26.70627212524414
nsl_kdd_v2,xgb_5class_cw,919,1,1,1,0.9999979734420776,0.6666666865348816,0.0,0.873579740524292
nsl_kdd_v2,xgb_5class_cw,920,3,0,0,0.9999978542327881,0.5384615659713745,0.0,0.8135504722595215
nsl_kdd_v2,xgb_5class_cw,921,1,1,1,0.9666647911071777,0.5384615659713745,0.0,0.804408848285675
nsl_kdd_v2,xgb_5class_cw,922,1,1,1,0.9666647911071777,0.6666666865348816,0.0,0.8637633919715881
nsl_kdd_v2,xgb_5class_cw,923,3,0,0,0.9999979734420776,0.6666666865348816,0.02857142873108387,26.70627212524414
nsl_kdd_v2,xgb_5class_cw,924,3,3,1,0.950816810131073,0.5384615659713745,0.8861884474754333,76.8409194946289
nsl_kdd_v2,xgb_5class_cw,925,1,0,0,0.4999989867210388,0.8181818127632141,0.0,0.7423457503318787
nsl_kdd_v2,xgb_5class_cw,926,3,0,0,0.9999979138374329,0.6666666865348816,0.0,0.873579740524292
nsl_kdd_v2,xgb_5class_cw,927,3,3,1,0.9900918006896973,0.5384615659713745,0.9770721197128296,80.46102905273438
nsl_kdd_v2,xgb_5class_cw,928,1,1,1,0.9999979734420776,0.6666666865348816,0.0,0.873579740524292
nsl_kdd_v2,xgb_5class_cw,929,3,0,0,0.9999979734420776,0.5384615659713745,0.02857142873108387,24.87111473083496
nsl_kdd_v2,xgb_5class_cw,930,1,1,1,0.9999979734420776,0.8181818127632141,0.0,0.9352970719337463
nsl_kdd_v2,xgb_5class_cw,931,0,0,1,0.9999979138374329,0.5384615659713745,0.0,0.8135504722595215
nsl_kdd_v2,xgb_5class_cw,932,2,2,1,0.9999979734420776,0.6666666865348816,0.0,0.873579740524292
nsl_kdd_v2,xgb_5class_cw,933,1,0,0,0.4999989867210388,0.8181818127632141,0.0,0.7423457503318787
nsl_kdd_v2,xgb_5class_cw,934,0,0,1,0.9999979734420776,0.6666666865348816,0.02857142873108387,26.70627212524414
nsl_kdd_v2,xgb_5class_cw,935,2,2,1,0.9999979734420776,0.8181818127632141,0.0,0.9352970719337463
nsl_kdd_v2,xgb_5class_cw,936,4,0,0,0.9276118278503418,0.6666666865348816,0.0,0.8519712686538696
nsl_kdd_v2,xgb_5class_cw,937,4,0,0,0.9999974966049194,0.5384615659713745,0.0,0.8135504126548767
nsl_kdd_v2,xgb_5class_cw,938,3,0,0,0.9999979138374329,0.6666666865348816,0.0,0.873579740524292
nsl_kdd_v2,xgb_5class_cw,939,0,0,1,0.9999979734420776,0.5384615659713745,0.02857142873108387,24.87111473083496
nsl_kdd_v2,xgb_5class_cw,940,1,1,1,0.9999979734420776,0.6666666865348816,0.0,0.873579740524292
nsl_kdd_v2,xgb_5class_cw,941,2,2,1,0.6567508578300476,0.8181818127632141,0.0,0.8129866719245911
nsl_kdd_v2,xgb_5class_cw,942,3,0,0,0.9999979138374329,0.5384615659713745,0.0,0.8135504722595215
nsl_kdd_v2,xgb_5class_cw,943,0,0,1,0.9999979734420776,0.5384615659713745,0.02857142873108387,24.87111473083496
nsl_kdd_v2,xgb_5class_cw,944,1,1,1,0.9999979734420776,0.5384615659713745,0.0,0.813550591468811
nsl_kdd_v2,xgb_5class_cw,945,3,0,0,0.999997615814209,0.5384615659713745,0.0,0.8135504126548767
nsl_kdd_v2,xgb_5class_cw,946,3,0,0,0.9999979138374329,0.6666666865348816,0.0,0.873579740524292
nsl_kdd_v2,xgb_5class_cw,947,1,1,1,0.9999979734420776,0.6666666865348816,0.0,0.873579740524292
nsl_kdd_v2,xgb_5class_cw,948,0,0,1,0.9999979734420776,0.6666666865348816,0.02857142873108387,26.70627212524414
nsl_kdd_v2,xgb_5class_cw,949,0,0,1,0.9999979734420776,0.5384615659713745,0.02857142873108387,24.87111473083496
nsl_kdd_v2,xgb_5class_cw,950,3,0,0,0.9999978542327881,0.5384615659713745,0.0,0.8135504722595215
nsl_kdd_v2,xgb_5class_cw,951,1,1,1,0.9999979734420776,0.6666666865348816,0.0,0.873579740524292
nsl_kdd_v2,xgb_5class_cw,952,2,2,1,0.9999979734420776,0.6666666865348816,0.0,0.873579740524292
nsl_kdd_v2,xgb_5class_cw,953,0,0,1,0.9999979734420776,0.6666666865348816,0.02857142873108387,26.70627212524414
nsl_kdd_v2,xgb_5class_cw,954,1,2,0,0.9905639886856079,0.5384615659713745,0.0,0.8109841346740723
nsl_kdd_v2,xgb_5class_cw,955,3,0,0,0.9303774237632751,0.3333333432674408,0.0,0.6768813729286194
nsl_kdd_v2,xgb_5class_cw,956,1,1,1,0.9999979734420776,0.8181818127632141,0.0,0.9352970719337463
nsl_kdd_v2,xgb_5class_cw,957,1,0,0,0.571427583694458,0.6666666865348816,0.0,0.7249196767807007
nsl_kdd_v2,xgb_5class_cw,958,3,0,0,0.9999979138374329,0.8181818127632141,0.0,0.9352970719337463
nsl_kdd_v2,xgb_5class_cw,959,1,1,1,0.9999979734420776,0.6666666865348816,0.0,0.873579740524292
nsl_kdd_v2,xgb_5class_cw,960,0,2,0,0.9999979734420776,0.5384615659713745,0.0,0.813550591468811
nsl_kdd_v2,xgb_5class_cw,961,2,2,1,0.9999979734420776,0.6666666865348816,0.0,0.873579740524292
nsl_kdd_v2,xgb_5class_cw,962,1,1,1,0.9999979734420776,0.6666666865348816,0.0,0.873579740524292
nsl_kdd_v2,xgb_5class_cw,963,1,1,1,0.9999979734420776,0.6666666865348816,0.0,0.873579740524292
nsl_kdd_v2,xgb_5class_cw,964,0,0,1,0.9999979734420776,0.6666666865348816,0.02857142873108387,26.70627212524414
nsl_kdd_v2,xgb_5class_cw,965,1,1,1,0.9999979734420776,0.6666666865348816,0.0,0.873579740524292
nsl_kdd_v2,xgb_5class_cw,966,3,0,0,0.9999979734420776,0.6666666865348816,0.02857142873108387,26.70627212524414
nsl_kdd_v2,xgb_5class_cw,967,1,1,1,0.9999979734420776,0.5384615659713745,0.0,0.813550591468811
nsl_kdd_v2,xgb_5class_cw,968,3,3,1,0.987885057926178,0.5384615659713745,0.9719656109809875,80.26089477539062
nsl_kdd_v2,xgb_5class_cw,969,4,4,1,0.9876174926757812,0.5384615659713745,0.0,0.8101792335510254
nsl_kdd_v2,xgb_5class_cw,970,3,0,0,0.9999979138374329,0.5384615659713745,0.0,0.8135504722595215
nsl_kdd_v2,xgb_5class_cw,971,3,3,1,0.9895820617675781,0.4285714328289032,0.9758925437927246,74.52334594726562
nsl_kdd_v2,xgb_5class_cw,972,3,0,0,0.9999979734420776,0.6666666865348816,0.02857142873108387,26.70627212524414
nsl_kdd_v2,xgb_5class_cw,973,0,0,1,0.9999979734420776,0.5384615659713745,0.02857142873108387,24.87111473083496
nsl_kdd_v2,xgb_5class_cw,974,0,0,1,0.9999979138374329,0.6666666865348816,0.0,0.873579740524292
nsl_kdd_v2,xgb_5class_cw,975,2,2,1,0.9999979734420776,0.6666666865348816,0.0,0.873579740524292
nsl_kdd_v2,xgb_5class_cw,976,2,2,1,0.9999979734420776,0.6666666865348816,0.0,0.873579740524292
nsl_kdd_v2,xgb_5class_cw,977,4,4,1,0.7644888758659363,0.4285714328289032,0.0,0.6893895864486694
nsl_kdd_v2,xgb_5class_cw,978,2,2,1,0.9999979734420776,0.5384615659713745,0.0,0.813550591468811
nsl_kdd_v2,xgb_5class_cw,979,3,0,0,0.9999979734420776,0.8181818127632141,0.02857142873108387,28.593036651611328
nsl_kdd_v2,xgb_5class_cw,980,0,0,1,0.9999979734420776,0.6666666865348816,0.02857142873108387,26.70627212524414
nsl_kdd_v2,xgb_5class_cw,981,0,0,1,0.9999979734420776,0.5384615659713745,0.02857142873108387,24.87111473083496
nsl_kdd_v2,xgb_5class_cw,982,2,0,0,0.9999979138374329,0.5384615659713745,0.0,0.8135504722595215
nsl_kdd_v2,xgb_5class_cw,983,2,2,1,0.9999979734420776,0.6666666865348816,0.0,0.873579740524292
nsl_kdd_v2,xgb_5class_cw,984,0,0,1,0.9999979734420776,0.6666666865348816,0.02857142873108387,26.70627212524414
nsl_kdd_v2,xgb_5class_cw,985,1,1,1,0.9999979734420776,0.5384615659713745,0.0,0.813550591468811
nsl_kdd_v2,xgb_5class_cw,986,2,2,1,0.9999979734420776,0.8181818127632141,0.0,0.9352970719337463
nsl_kdd_v2,xgb_5class_cw,987,3,0,0,0.9999979138374329,0.6666666865348816,0.0,0.873579740524292
nsl_kdd_v2,xgb_5class_cw,988,3,0,0,0.9999979734420776,0.6666666865348816,0.02857142873108387,26.70627212524414
nsl_kdd_v2,xgb_5class_cw,989,1,1,1,0.9999979734420776,0.5384615659713745,0.0,0.813550591468811
nsl_kdd_v2,xgb_5class_cw,990,3,0,0,0.6249987483024597,0.5384615659713745,0.0,0.6955759525299072
nsl_kdd_v2,xgb_5class_cw,991,2,0,0,0.8265880346298218,0.6666666865348816,0.0,0.819846510887146
nsl_kdd_v2,xgb_5class_cw,992,3,0,0,0.9999979138374329,0.5384615659713745,0.0,0.8135504722595215
nsl_kdd_v2,xgb_5class_cw,993,0,0,1,0.9999979734420776,0.5384615659713745,0.02857142873108387,24.87111473083496
nsl_kdd_v2,xgb_5class_cw,994,0,0,1,0.9999979734420776,0.6666666865348816,0.02857142873108387,26.70627212524414
nsl_kdd_v2,xgb_5class_cw,995,1,1,1,0.9999979734420776,0.4285714328289032,0.0,0.753946840763092
nsl_kdd_v2,xgb_5class_cw,996,1,1,1,0.9999979734420776,0.5384615659713745,0.0,0.813550591468811
nsl_kdd_v2,xgb_5class_cw,997,2,2,1,0.9999979734420776,0.6666666865348816,0.0,0.873579740524292
nsl_kdd_v2,xgb_5class_cw,998,4,0,0,0.9999979138374329,0.6666666865348816,0.0,0.873579740524292
nsl_kdd_v2,xgb_5class_cw,999,0,0,1,0.9999979734420776,0.6666666865348816,0.02857142873108387,26.70627212524414
nsl_kdd_v2,dnn_5class_cw,0,0,0,1,0.9997413754463196,0.4285714328289032,0.9918208718299866,75.18214416503906
nsl_kdd_v2,dnn_5class_cw,1,4,4,1,0.5936428308486938,0.4285714328289032,0.0,0.633650004863739
nsl_kdd_v2,dnn_5class_cw,2,3,0,0,0.999738335609436,0.6666666865348816,0.9917247295379639,87.10881042480469
nsl_kdd_v2,dnn_5class_cw,3,3,0,0,0.9999098777770996,0.4285714328289032,0.9971498250961304,75.32078552246094
nsl_kdd_v2,dnn_5class_cw,4,0,0,1,0.9997413754463196,0.4285714328289032,0.9918208718299866,75.18214416503906
nsl_kdd_v2,dnn_5class_cw,5,2,0,0,0.779448390007019,0.8181818127632141,0.0,0.8607539534568787
nsl_kdd_v2,dnn_5class_cw,6,4,0,0,0.9714281558990479,0.5384615659713745,0.09640226513147354,36.9445915222168
nsl_kdd_v2,dnn_5class_cw,7,3,3,1,0.6135908365249634,0.5384615659713745,0.5504666566848755,56.65716552734375
nsl_kdd_v2,dnn_5class_cw,8,1,1,1,0.9999098777770996,0.6666666865348816,0.0,0.8735541105270386
nsl_kdd_v2,dnn_5class_cw,9,0,0,1,0.9999098777770996,0.4285714328289032,0.9971498250961304,75.32078552246094
nsl_kdd_v2,dnn_5class_cw,10,2,2,1,0.9886560440063477,0.4285714328289032,0.9379713535308838,73.5223388671875
nsl_kdd_v2,dnn_5class_cw,11,2,2,1,0.9999655485153198,0.5384615659713745,0.9998116493225098,81.34908294677734
nsl_kdd_v2,dnn_5class_cw,12,0,0,1,0.9999098777770996,0.3333333432674408,0.9971498250961304,69.26810455322266
nsl_kdd_v2,dnn_5class_cw,13,1,0,0,0.9997405409812927,0.6666666865348816,0.9917944669723511,87.11091613769531
nsl_kdd_v2,dnn_5class_cw,14,3,0,0,0.9999098777770996,0.4285714328289032,0.9971498250961304,75.32078552246094
nsl_kdd_v2,dnn_5class_cw,15,0,2,0,0.9999655485153198,0.8181818127632141,0.9998116493225098,93.52284240722656
nsl_kdd_v2,dnn_5class_cw,16,0,0,1,0.9999098777770996,0.3333333432674408,0.9971498250961304,69.26810455322266
nsl_kdd_v2,dnn_5class_cw,17,3,0,0,0.9999097585678101,0.3333333432674408,0.9971460700035095,69.26802062988281
nsl_kdd_v2,dnn_5class_cw,18,0,0,1,0.9997414946556091,0.3333333432674408,0.9918246269226074,69.14070129394531
nsl_kdd_v2,dnn_5class_cw,19,0,0,1,0.9999098777770996,0.5384615659713745,0.9971498250961304,81.27531433105469
nsl_kdd_v2,dnn_5class_cw,20,0,0,1,0.9997409582138062,0.4285714328289032,0.9918076992034912,75.18180084228516
nsl_kdd_v2,dnn_5class_cw,21,3,4,0,0.5345330238342285,0.5384615659713745,0.0,0.6602519154548645
nsl_kdd_v2,dnn_5class_cw,22,0,0,1,0.9997409582138062,0.5384615659713745,0.9918076992034912,81.1253433227539
nsl_kdd_v2,dnn_5class_cw,23,1,1,1,0.9560425877571106,0.5384615659713745,0.0,0.8014515042304993
nsl_kdd_v2,dnn_5class_cw,24,0,0,1,0.7005299925804138,0.5384615659713745,0.0,0.7225375175476074
nsl_kdd_v2,dnn_5class_cw,25,2,2,1,0.9999655485153198,0.6666666865348816,0.9998116493225098,87.3515625
nsl_kdd_v2,dnn_5class_cw,26,0,2,0,0.5922419428825378,0.5384615659713745,0.0,0.6832053065299988
nsl_kdd_v2,dnn_5class_cw,27,4,4,1,0.8900774717330933,0.4285714328289032,0.0,0.725243091583252
nsl_kdd_v2,dnn_5class_cw,28,3,0,0,0.9998342990875244,0.5384615659713745,0.9947596192359924,81.2082748413086
nsl_kdd_v2,dnn_5class_cw,29,1,1,1,0.9999098777770996,0.4285714328289032,0.0,0.7539246678352356
nsl_kdd_v2,dnn_5class_cw,30,1,1,1,0.9681626558303833,0.5384615659713745,0.0,0.8048241138458252
nsl_kdd_v2,dnn_5class_cw,31,4,4,1,0.8178146481513977,0.5384615659713745,0.0,0.7607987523078918
nsl_kdd_v2,dnn_5class_cw,32,2,0,0,0.5799001455307007,0.6666666865348816,0.0,0.7284849286079407
nsl_kdd_v2,dnn_5class_cw,33,2,2,1,0.9999655485153198,0.8181818127632141,0.9998116493225098,93.52284240722656
nsl_kdd_v2,dnn_5class_cw,34,1,1,1,0.9999098777770996,0.4285714328289032,0.0,0.7539246678352356
nsl_kdd_v2,dnn_5class_cw,35,3,0,0,0.9998502731323242,0.3333333432674408,0.9952648282051086,69.22306060791016
nsl_kdd_v2,dnn_5class_cw,36,1,1,1,0.9999098777770996,0.3333333432674408,0.0,0.6933403015136719
nsl_kdd_v2,dnn_5class_cw,37,1,1,1,0.9999098777770996,0.5384615659713745,0.0,0.8135266304016113
nsl_kdd_v2,dnn_5class_cw,38,1,1,1,0.9885692000389099,0.5384615659713745,0.0,0.8104393482208252
nsl_kdd_v2,dnn_5class_cw,39,2,2,1,0.9999655485153198,0.5384615659713745,0.9998116493225098,81.34908294677734
nsl_kdd_v2,dnn_5class_cw,40,0,0,1,0.9997413754463196,0.4285714328289032,0.9918208718299866,75.18214416503906
nsl_kdd_v2,dnn_5class_cw,41,3,0,0,0.9999098777770996,0.5384615659713745,0.9971498250961304,81.27531433105469
nsl_kdd_v2,dnn_5class_cw,42,1,1,1,0.9999098777770996,0.5384615659713745,0.0,0.8135266304016113
nsl_kdd_v2,dnn_5class_cw,43,2,0,0,0.9924449920654297,0.6666666865348816,0.7610694169998169,79.55725860595703
nsl_kdd_v2,dnn_5class_cw,44,2,2,1,0.6568946838378906,0.6666666865348816,0.0,0.7593956589698792
nsl_kdd_v2,dnn_5class_cw,45,3,0,0,0.9997413754463196,0.5384615659713745,0.9918208718299866,81.12571716308594
nsl_kdd_v2,dnn_5class_cw,46,1,1,1,0.9999098777770996,0.4285714328289032,0.0,0.7539246678352356
nsl_kdd_v2,dnn_5class_cw,47,1,1,1,0.9999098777770996,0.5384615659713745,0.0,0.8135266304016113
nsl_kdd_v2,dnn_5class_cw,48,0,0,1,0.9997414946556091,0.25,0.9918246269226074,62.81849670410156
nsl_kdd_v2,dnn_5class_cw,49,3,0,0,0.9683868885040283,0.5384615659713745,0.00022078347683418542,4.864706993103027
nsl_kdd_v2,dnn_5class_cw,50,2,2,1,0.9999655485153198,0.6666666865348816,0.9998116493225098,87.3515625
nsl_kdd_v2,dnn_5class_cw,51,2,2,1,0.6829045414924622,0.6666666865348816,0.0,0.769288957118988
nsl_kdd_v2,dnn_5class_cw,52,3,0,0,0.9997413754463196,0.4285714328289032,0.9918208718299866,75.18214416503906
nsl_kdd_v2,dnn_5class_cw,53,1,1,1,0.9999098777770996,0.3333333432674408,0.0,0.6933403015136719
nsl_kdd_v2,dnn_5class_cw,54,2,2,1,0.9999655485153198,0.4285714328289032,0.9998116493225098,75.38914489746094
nsl_kdd_v2,dnn_5class_cw,55,3,0,0,0.9999098777770996,0.4285714328289032,0.9971498250961304,75.32078552246094
nsl_kdd_v2,dnn_5class_cw,56,1,1,1,0.9999098777770996,0.4285714328289032,0.0,0.7539246678352356
nsl_kdd_v2,dnn_5class_cw,57,0,0,1,0.9997414946556091,0.4285714328289032,0.9918246269226074,75.18224334716797
nsl_kdd_v2,dnn_5class_cw,58,2,2,1,0.8778348565101624,0.6666666865348816,0.3320019543170929,57.91896057128906
nsl_kdd_v2,dnn_5class_cw,59,3,3,1,0.6135940551757812,0.5384615659713745,0.5504704117774963,56.65739059448242
nsl_kdd_v2,dnn_5class_cw,60,0,0,1,0.9999098777770996,0.5384615659713745,0.9971498250961304,81.27531433105469
nsl_kdd_v2,dnn_5class_cw,61,3,0,0,0.9929503202438354,0.6666666865348816,0.7770506143569946,80.12386322021484
nsl_kdd_v2,dnn_5class_cw,62,0,0,1,0.9999098777770996,0.25,0.9971498250961304,62.93425750732422
nsl_kdd_v2,dnn_5class_cw,63,0,0,1,0.9999098777770996,0.4285714328289032,0.9971498250961304,75.32078552246094
nsl_kdd_v2,dnn_5class_cw,64,2,1,0,0.9977885484695435,0.5384615659713745,0.0,0.8129510283470154
nsl_kdd_v2,dnn_5class_cw,65,0,0,1,0.9999098777770996,0.5384615659713745,0.9971498250961304,81.27531433105469
nsl_kdd_v2,dnn_5class_cw,66,0,0,1,0.9997414946556091,0.4285714328289032,0.9918246269226074,75.18224334716797
nsl_kdd_v2,dnn_5class_cw,67,1,1,1,0.9999098777770996,0.6666666865348816,0.0,0.8735541105270386
nsl_kdd_v2,dnn_5class_cw,68,0,0,1,0.9997413754463196,0.5384615659713745,0.9918208718299866,81.12571716308594
nsl_kdd_v2,dnn_5class_cw,69,0,0,1,0.9997624754905701,0.4285714328289032,0.9924882054328918,75.19953155517578
nsl_kdd_v2,dnn_5class_cw,70,0,0,1,0.9999098777770996,0.5384615659713745,0.9971498250961304,81.27531433105469
nsl_kdd_v2,dnn_5class_cw,71,2,2,1,0.9999655485153198,0.4285714328289032,0.9998116493225098,75.38914489746094
nsl_kdd_v2,dnn_5class_cw,72,0,0,1,0.9997413754463196,0.25,0.9918208718299866,62.81841278076172
nsl_kdd_v2,dnn_5class_cw,73,1,1,1,0.9999098777770996,0.4285714328289032,0.0,0.7539246678352356
nsl_kdd_v2,dnn_5class_cw,74,3,3,1,0.6135931611061096,0.4285714328289032,0.5504693388938904,52.506404876708984
nsl_kdd_v2,dnn_5class_cw,75,4,0,0,0.8134838342666626,0.6666666865348816,0.0,0.8154910206794739
nsl_kdd_v2,dnn_5class_cw,76,3,0,0,0.9999098777770996,0.5384615659713745,0.9971498250961304,81.27531433105469
nsl_kdd_v2,dnn_5class_cw,77,2,0,0,0.9997383952140808,0.4285714328289032,0.9917266368865967,75.1796875
nsl_kdd_v2,dnn_5class_cw,78,0,0,1,0.9999098777770996,0.5384615659713745,0.9971498250961304,81.27531433105469
nsl_kdd_v2,dnn_5class_cw,79,0,0,1,0.9997413754463196,0.4285714328289032,0.9918208718299866,75.18214416503906
nsl_kdd_v2,dnn_5class_cw,80,1,1,1,0.9999098777770996,0.3333333432674408,0.0,0.6933403015136719
nsl_kdd_v2,dnn_5class_cw,81,2,2,1,0.9999655485153198,0.5384615659713745,0.9998116493225098,81.34908294677734
nsl_kdd_v2,dnn_5class_cw,82,1,1,1,0.9999098777770996,0.6666666865348816,0.0,0.8735541105270386
nsl_kdd_v2,dnn_5class_cw,83,4,0,0,0.5923875570297241,0.3333333432674408,0.0,0.5823197364807129
nsl_kdd_v2,dnn_5class_cw,84,0,2,0,0.9546841979026794,0.4285714328289032,0.7522135376930237,67.51620483398438
nsl_kdd_v2,dnn_5class_cw,85,1,1,1,0.9999098777770996,0.5384615659713745,0.0,0.8135266304016113
nsl_kdd_v2,dnn_5class_cw,86,0,0,1,0.9997413754463196,0.3333333432674408,0.9918208718299866,69.14060974121094
nsl_kdd_v2,dnn_5class_cw,87,1,0,0,0.9611985683441162,0.5384615659713745,0.0,0.8028896450996399
nsl_kdd_v2,dnn_5class_cw,88,0,0,1,0.9997414946556091,0.5384615659713745,0.9918246269226074,81.12581634521484
nsl_kdd_v2,dnn_5class_cw,89,1,1,1,0.9999098777770996,0.4285714328289032,0.0,0.7539246678352356
nsl_kdd_v2,dnn_5class_cw,90,0,2,0,0.9928231239318848,0.4285714328289032,0.9607568979263306,74.21691131591797
nsl_kdd_v2,dnn_5class_cw,91,1,1,1,0.9999098777770996,0.5384615659713745,0.0,0.8135266304016113
nsl_kdd_v2,dnn_5class_cw,92,0,0,1,0.9999098777770996,0.5384615659713745,0.9971498250961304,81.27531433105469
nsl_kdd_v2,dnn_5class_cw,93,1,1,1,0.9999098777770996,0.5384615659713745,0.0,0.8135266304016113
nsl_kdd_v2,dnn_5class_cw,94,4,0,0,0.55033278465271,0.5384615659713745,0.0,0.6666941046714783
nsl_kdd_v2,dnn_5class_cw,95,4,0,0,0.9480394721031189,0.5384615659713745,0.0,0.7992088794708252
nsl_kdd_v2,dnn_5class_cw,96,1,1,1,0.9999098777770996,0.5384615659713745,0.0,0.8135266304016113
nsl_kdd_v2,dnn_5class_cw,97,0,0,1,0.9999098777770996,0.4285714328289032,0.9971498250961304,75.32078552246094
nsl_kdd_v2,dnn_5class_cw,98,0,0,1,0.9999098777770996,0.4285714328289032,0.9971498250961304,75.32078552246094
nsl_kdd_v2,dnn_5class_cw,99,1,1,1,0.9999098777770996,0.4285714328289032,0.0,0.7539246678352356
nsl_kdd_v2,dnn_5class_cw,100,3,4,0,0.5112888813018799,0.5384615659713745,0.0,0.6505394577980042
nsl_kdd_v2,dnn_5class_cw,101,2,1,0,0.9885692000389099,0.8181818127632141,0.0,0.9317203164100647
nsl_kdd_v2,dnn_5class_cw,102,2,0,0,0.8459789156913757,0.5384615659713745,0.0,0.7694339752197266
nsl_kdd_v2,dnn_5class_cw,103,3,0,0,0.5862820744514465,0.5384615659713745,0.0,0.680905818939209
nsl_kdd_v2,dnn_5class_cw,104,0,0,1,0.9997414946556091,0.5384615659713745,0.9918246269226074,81.12581634521484
nsl_kdd_v2,dnn_5class_cw,105,3,0,0,0.9289343953132629,0.6666666865348816,0.0,0.8523759245872498
nsl_kdd_v2,dnn_5class_cw,106,1,1,1,0.9999098777770996,0.4285714328289032,0.0,0.7539246678352356
nsl_kdd_v2,dnn_5class_cw,107,2,0,0,0.9212784767150879,0.6666666865348816,0.0,0.8500279188156128
nsl_kdd_v2,dnn_5class_cw,108,2,0,0,0.7803588509559631,0.6666666865348816,0.0,0.8042683005332947
nsl_kdd_v2,dnn_5class_cw,109,4,0,0,0.9997406005859375,0.6666666865348816,0.9917963743209839,87.11096954345703
nsl_kdd_v2,dnn_5class_cw,110,4,3,0,0.9872177243232727,0.6666666865348816,0.9851295948028564,86.55091857910156
nsl_kdd_v2,dnn_5class_cw,111,0,0,1,0.9997413754463196,0.3333333432674408,0.9918208718299866,69.14060974121094
nsl_kdd_v2,dnn_5class_cw,112,3,0,0,0.9999098777770996,0.3333333432674408,0.9971498250961304,69.26810455322266
nsl_kdd_v2,dnn_5class_cw,113,0,0,1,0.9997414946556091,0.4285714328289032,0.9918246269226074,75.18224334716797
nsl_kdd_v2,dnn_5class_cw,114,2,0,0,0.999737560749054,0.5384615659713745,0.9917002320289612,81.12232208251953
nsl_kdd_v2,dnn_5class_cw,115,0,0,1,0.7417272329330444,0.5384615659713745,0.0,0.7364324331283569
nsl_kdd_v2,dnn_5class_cw,116,2,0,0,0.779448926448822,0.6666666865348816,0.0,0.8039556741714478
nsl_kdd_v2,dnn_5class_cw,117,3,0,0,0.599770188331604,0.6666666865348816,0.0,0.7367120981216431
nsl_kdd_v2,dnn_5class_cw,118,3,0,0,0.9929534196853638,0.5384615659713745,0.7771486639976501,74.62125396728516
nsl_kdd_v2,dnn_5class_cw,119,2,2,1,0.8778348565101624,0.8181818127632141,0.3320019543170929,62.010860443115234
nsl_kdd_v2,dnn_5class_cw,120,1,1,1,0.9999098777770996,0.4285714328289032,0.0,0.7539246678352356
nsl_kdd_v2,dnn_5class_cw,121,3,0,0,0.9997413158416748,0.6666666865348816,0.9918190240859985,87.11165618896484
nsl_kdd_v2,dnn_5class_cw,122,3,0,0,0.9924415946006775,0.5384615659713745,0.7609619498252869,74.08679962158203
nsl_kdd_v2,dnn_5class_cw,123,1,1,1,0.9999098777770996,0.5384615659713745,0.0,0.8135266304016113
nsl_kdd_v2,dnn_5class_cw,124,2,0,0,0.5998616218566895,0.5384615659713745,0.0,0.6861228346824646
nsl_kdd_v2,dnn_5class_cw,125,1,1,1,0.9999098777770996,0.4285714328289032,0.0,0.7539246678352356
nsl_kdd_v2,dnn_5class_cw,126,1,1,1,0.9999098777770996,0.3333333432674408,0.0,0.6933403015136719
nsl_kdd_v2,dnn_5class_cw,127,0,0,1,0.9999098777770996,0.6666666865348816,0.9971498250961304,87.27235412597656
nsl_kdd_v2,dnn_5class_cw,128,0,0,1,0.9999098777770996,0.4285714328289032,0.9971498250961304,75.32078552246094
nsl_kdd_v2,dnn_5class_cw,129,1,1,1,0.8812946677207947,0.6666666865348816,0.0,0.8375483751296997
nsl_kdd_v2,dnn_5class_cw,130,0,0,1,0.9999098777770996,0.4285714328289032,0.9971498250961304,75.32078552246094
nsl_kdd_v2,dnn_5class_cw,131,1,1,1,0.9999098777770996,0.4285714328289032,0.0,0.7539246678352356
nsl_kdd_v2,dnn_5class_cw,132,1,1,1,0.9999098777770996,0.4285714328289032,0.0,0.7539246678352356
nsl_kdd_v2,dnn_5class_cw,133,1,1,1,0.9999098777770996,0.4285714328289032,0.0,0.7539246678352356
nsl_kdd_v2,dnn_5class_cw,134,2,2,1,0.9999655485153198,0.5384615659713745,0.9998116493225098,81.34908294677734
nsl_kdd_v2,dnn_5class_cw,135,0,0,1,0.9997413754463196,0.4285714328289032,0.9918208718299866,75.18214416503906
nsl_kdd_v2,dnn_5class_cw,136,4,3,0,0.7406055331230164,0.5384615659713745,0.6982306241989136,65.300048828125
nsl_kdd_v2,dnn_5class_cw,137,4,3,0,0.7406057715415955,0.5384615659713745,0.6982308626174927,65.30006408691406
nsl_kdd_v2,dnn_5class_cw,138,3,4,0,0.53281170129776,0.5384615659713745,0.0,0.659542441368103
nsl_kdd_v2,dnn_5class_cw,139,3,0,0,0.9999098777770996,0.5384615659713745,0.9971498250961304,81.27531433105469
nsl_kdd_v2,dnn_5class_cw,140,2,2,1,0.9999655485153198,0.6666666865348816,0.9998116493225098,87.3515625
nsl_kdd_v2,dnn_5class_cw,141,2,2,1,0.9546841979026794,0.5384615659713745,0.7522135376930237,72.8537368774414
nsl_kdd_v2,dnn_5class_cw,142,3,0,0,0.9999098777770996,0.5384615659713745,0.9971498250961304,81.27531433105469
nsl_kdd_v2,dnn_5class_cw,143,1,1,1,0.9999098777770996,0.5384615659713745,0.0,0.8135266304016113
nsl_kdd_v2,dnn_5class_cw,144,2,2,1,0.81711745262146,0.6666666865348816,0.0,0.8167033791542053
nsl_kdd_v2,dnn_5class_cw,145,2,0,0,0.9784072041511536,0.5384615659713745,0.3171178698539734,55.076332092285156
nsl_kdd_v2,dnn_5class_cw,146,0,0,1,0.9999098777770996,0.3333333432674408,0.9971498250961304,69.26810455322266
nsl_kdd_v2,dnn_5class_cw,147,1,1,1,0.9999098777770996,0.5384615659713745,0.0,0.8135266304016113
nsl_kdd_v2,dnn_5class_cw,148,0,0,1,0.9997413754463196,0.4285714328289032,0.9918208718299866,75.18214416503906
nsl_kdd_v2,dnn_5class_cw,149,2,2,1,0.9999655485153198,0.6666666865348816,0.9998116493225098,87.3515625
nsl_kdd_v2,dnn_5class_cw,150,3,4,0,0.5292403101921082,0.3333333432674408,0.0,0.5608462691307068
nsl_kdd_v2,dnn_5class_cw,151,2,2,1,0.6223043203353882,0.6666666865348816,0.0,0.7458253502845764
nsl_kdd_v2,dnn_5class_cw,152,2,2,1,0.9675014019012451,0.4285714328289032,0.8222979307174683,69.8609848022461
nsl_kdd_v2,dnn_5class_cw,153,0,0,1,0.9999098777770996,0.3333333432674408,0.9971498250961304,69.26810455322266
nsl_kdd_v2,dnn_5class_cw,154,0,0,1,0.9924447536468506,0.5384615659713745,0.7610618472099304,74.09012603759766
nsl_kdd_v2,dnn_5class_cw,155,1,0,0,0.9999098777770996,0.3333333432674408,0.9971498250961304,69.26810455322266
nsl_kdd_v2,dnn_5class_cw,156,2,0,0,0.9997413754463196,0.4285714328289032,0.9918208718299866,75.18214416503906
nsl_kdd_v2,dnn_5class_cw,157,0,0,1,0.9997413754463196,0.4285714328289032,0.9918208718299866,75.18214416503906
nsl_kdd_v2,dnn_5class_cw,158,1,0,0,0.9924447536468506,0.6666666865348816,0.7610618472099304,79.55699157714844
nsl_kdd_v2,dnn_5class_cw,159,4,0,0,0.8409831523895264,0.8181818127632141,0.0,0.8828338384628296
nsl_kdd_v2,dnn_5class_cw,160,1,1,1,0.9999098777770996,0.4285714328289032,0.0,0.7539246678352356
nsl_kdd_v2,dnn_5class_cw,161,2,2,1,0.9886560440063477,0.5384615659713745,0.9379713535308838,79.3346939086914
nsl_kdd_v2,dnn_5class_cw,162,0,0,1,0.9999098777770996,0.5384615659713745,0.9971498250961304,81.27531433105469
nsl_kdd_v2,dnn_5class_cw,163,1,1,1,0.9999098777770996,0.5384615659713745,0.0,0.8135266304016113
nsl_kdd_v2,dnn_5class_cw,164,2,2,1,0.9887303709983826,0.4285714328289032,0.9383777379989624,73.53480529785156
nsl_kdd_v2,dnn_5class_cw,165,1,1,1,0.9999098777770996,0.4285714328289032,0.0,0.7539246678352356
nsl_kdd_v2,dnn_5class_cw,166,2,0,0,0.6982512474060059,0.6666666865348816,0.0,0.775009036064148
nsl_kdd_v2,dnn_5class_cw,167,3,0,0,0.9997413158416748,0.4285714328289032,0.9918190240859985,75.18209838867188
nsl_kdd_v2,dnn_5class_cw,168,0,0,1,0.9997413754463196,0.3333333432674408,0.9918208718299866,69.14060974121094
nsl_kdd_v2,dnn_5class_cw,169,0,0,1,0.9997413754463196,0.4285714328289032,0.9918208718299866,75.18214416503906
nsl_kdd_v2,dnn_5class_cw,170,1,1,1,0.9999098777770996,0.4285714328289032,0.0,0.7539246678352356
nsl_kdd_v2,dnn_5class_cw,171,2,2,1,0.9999655485153198,0.6666666865348816,0.9998116493225098,87.3515625
nsl_kdd_v2,dnn_5class_cw,172,2,1,0,0.9999098777770996,0.6666666865348816,0.0,0.8735541105270386
nsl_kdd_v2,dnn_5class_cw,173,0,0,1,0.9997414946556091,0.3333333432674408,0.9918246269226074,69.14070129394531
nsl_kdd_v2,dnn_5class_cw,174,1,1,1,0.9999098777770996,0.4285714328289032,0.0,0.7539246678352356
nsl_kdd_v2,dnn_5class_cw,175,2,1,0,0.9999098777770996,0.5384615659713745,0.0,0.8135266304016113
nsl_kdd_v2,dnn_5class_cw,176,1,1,1,0.9999098777770996,0.5384615659713745,0.0,0.8135266304016113
nsl_kdd_v2,dnn_5class_cw,177,3,0,0,0.9843361377716064,0.6666666865348816,0.5046231150627136,69.18412780761719
nsl_kdd_v2,dnn_5class_cw,178,0,0,1,0.9999098777770996,0.3333333432674408,0.9971498250961304,69.26810455322266
nsl_kdd_v2,dnn_5class_cw,179,4,4,1,0.8190345168113708,0.4285714328289032,0.0,0.7054102420806885
nsl_kdd_v2,dnn_5class_cw,180,0,0,1,0.9997414946556091,0.3333333432674408,0.9918246269226074,69.14070129394531
nsl_kdd_v2,dnn_5class_cw,181,3,0,0,0.9841629862785339,0.5384615659713745,0.4991471469402313,64.19237518310547
nsl_kdd_v2,dnn_5class_cw,182,1,1,1,0.9999098777770996,0.3333333432674408,0.0,0.6933403015136719
nsl_kdd_v2,dnn_5class_cw,183,1,1,1,0.9999098777770996,0.4285714328289032,0.0,0.7539246678352356
nsl_kdd_v2,dnn_5class_cw,184,4,0,0,0.9997402429580688,0.5384615659713745,0.9917850494384766,81.12470245361328
nsl_kdd_v2,dnn_5class_cw,185,1,1,1,0.9999098777770996,0.6666666865348816,0.0,0.8735541105270386
nsl_kdd_v2,dnn_5class_cw,186,0,0,1,0.9849867224693298,0.5384615659713745,0.5251981616020203,65.30845642089844
nsl_kdd_v2,dnn_5class_cw,187,0,0,1,0.9999098777770996,0.4285714328289032,0.9971498250961304,75.32078552246094
nsl_kdd_v2,dnn_5class_cw,188,3,3,1,0.6135944724082947,0.5384615659713745,0.5504708886146545,56.65742111206055
nsl_kdd_v2,dnn_5class_cw,189,1,1,1,0.9999098777770996,0.4285714328289032,0.0,0.7539246678352356
nsl_kdd_v2,dnn_5class_cw,190,0,0,1,0.9997414946556091,0.5384615659713745,0.9918246269226074,81.12581634521484
nsl_kdd_v2,dnn_5class_cw,191,4,0,0,0.9997404217720032,0.6666666865348816,0.9917907118797302,87.11080169677734
nsl_kdd_v2,dnn_5class_cw,192,1,1,1,0.9999098777770996,0.5384615659713745,0.0,0.8135266304016113
nsl_kdd_v2,dnn_5class_cw,193,3,0,0,0.9997596144676208,0.3333333432674408,0.9923977255821228,69.15442657470703
nsl_kdd_v2,dnn_5class_cw,194,3,0,0,0.9999097585678101,0.3333333432674408,0.9971460700035095,69.26802062988281
nsl_kdd_v2,dnn_5class_cw,195,0,0,1,0.9999098777770996,0.5384615659713745,0.9971498250961304,81.27531433105469
nsl_kdd_v2,dnn_5class_cw,196,2,1,0,0.9977885484695435,0.6666666865348816,0.0,0.8729358911514282
nsl_kdd_v2,dnn_5class_cw,197,4,0,0,0.9997405409812927,0.6666666865348816,0.9917944669723511,87.11091613769531
nsl_kdd_v2,dnn_5class_cw,198,3,0,0,0.9997414946556091,0.5384615659713745,0.9918246269226074,81.12581634521484
nsl_kdd_v2,dnn_5class_cw,199,4,0,0,0.6494108438491821,0.6666666865348816,0.0,0.756500780582428
nsl_kdd_v2,dnn_5class_cw,200,1,1,1,0.9999098777770996,0.5384615659713745,0.0,0.8135266304016113
nsl_kdd_v2,dnn_5class_cw,201,1,1,1,0.9999098777770996,0.5384615659713745,0.0,0.8135266304016113
nsl_kdd_v2,dnn_5class_cw,202,2,2,1,0.8776994943618774,0.6666666865348816,0.3312618136405945,57.87290954589844
nsl_kdd_v2,dnn_5class_cw,203,4,0,0,0.9997402429580688,0.5384615659713745,0.9917850494384766,81.12470245361328
nsl_kdd_v2,dnn_5class_cw,204,0,0,1,0.9999098777770996,0.4285714328289032,0.9971498250961304,75.32078552246094
nsl_kdd_v2,dnn_5class_cw,205,4,0,0,0.7787904739379883,0.6666666865348816,0.0,0.8037291765213013
nsl_kdd_v2,dnn_5class_cw,206,2,1,0,0.9977885484695435,0.5384615659713745,0.0,0.8129510283470154
nsl_kdd_v2,dnn_5class_cw,207,0,0,1,0.9997413754463196,0.4285714328289032,0.9918208718299866,75.18214416503906
nsl_kdd_v2,dnn_5class_cw,208,2,2,1,0.6223042607307434,0.8181818127632141,0.0,0.7985169291496277
nsl_kdd_v2,dnn_5class_cw,209,2,2,1,0.9999655485153198,0.5384615659713745,0.9998116493225098,81.34908294677734
nsl_kdd_v2,dnn_5class_cw,210,3,0,0,0.9997413754463196,0.3333333432674408,0.9918208718299866,69.14060974121094
nsl_kdd_v2,dnn_5class_cw,211,1,0,0,0.9997414946556091,0.4285714328289032,0.9918246269226074,75.18224334716797
nsl_kdd_v2,dnn_5class_cw,212,1,1,1,0.9999098777770996,0.6666666865348816,0.0,0.8735541105270386
nsl_kdd_v2,dnn_5class_cw,213,2,0,0,0.9997307062149048,0.5384615659713745,0.9914834499359131,81.11622619628906
nsl_kdd_v2,dnn_5class_cw,214,0,0,1,0.9999098777770996,0.4285714328289032,0.9971498250961304,75.32078552246094
nsl_kdd_v2,dnn_5class_cw,215,3,0,0,0.9997410774230957,0.4285714328289032,0.9918114542961121,75.18190002441406
nsl_kdd_v2,dnn_5class_cw,216,3,0,0,0.9997413158416748,0.5384615659713745,0.9918190240859985,81.12566375732422
nsl_kdd_v2,dnn_5class_cw,217,3,0,0,0.9999098777770996,0.4285714328289032,0.9971498250961304,75.32078552246094
nsl_kdd_v2,dnn_5class_cw,218,3,0,0,0.5838363170623779,0.6666666865348816,0.0,0.7301294803619385
nsl_kdd_v2,dnn_5class_cw,219,1,1,1,0.9999098777770996,0.25,0.0,0.6299415230751038
nsl_kdd_v2,dnn_5class_cw,220,2,1,0,0.9673593640327454,0.6666666865348816,0.0,0.8639702796936035
nsl_kdd_v2,dnn_5class_cw,221,1,1,1,0.9999098777770996,0.4285714328289032,0.0,0.7539246678352356
nsl_kdd_v2,dnn_5class_cw,222,1,0,0,0.6069580912590027,0.4285714328289032,0.0,0.6383525133132935
nsl_kdd_v2,dnn_5class_cw,223,1,1,1,0.9999098777770996,0.4285714328289032,0.0,0.7539246678352356
nsl_kdd_v2,dnn_5class_cw,224,1,0,0,0.8645344376564026,0.4285714328289032,0.0,0.718238115310669
nsl_kdd_v2,dnn_5class_cw,225,2,1,0,0.9999098777770996,0.8181818127632141,0.0,0.9352695941925049
nsl_kdd_v2,dnn_5class_cw,226,2,0,0,0.9924449920654297,0.6666666865348816,0.7610694169998169,79.55725860595703
nsl_kdd_v2,dnn_5class_cw,227,1,1,1,0.9999098777770996,0.6666666865348816,0.0,0.8735541105270386
nsl_kdd_v2,dnn_5class_cw,228,3,0,0,0.6624801158905029,0.6666666865348816,0.0,0.7615419030189514
nsl_kdd_v2,dnn_5class_cw,229,0,0,1,0.9997413754463196,0.4285714328289032,0.9918208718299866,75.18214416503906
nsl_kdd_v2,dnn_5class_cw,230,2,2,1,0.9546841979026794,0.6666666865348816,0.7522135376930237,78.2293701171875
nsl_kdd_v2,dnn_5class_cw,231,1,1,1,0.9977885484695435,0.5384615659713745,0.0,0.8129510283470154
nsl_kdd_v2,dnn_5class_cw,232,2,2,1,0.9978649020195007,0.5384615659713745,0.988325297832489,80.97956848144531
nsl_kdd_v2,dnn_5class_cw,233,3,0,0,0.923095703125,0.6666666865348816,0.0,0.8505864143371582
nsl_kdd_v2,dnn_5class_cw,234,0,0,1,0.9999098777770996,0.3333333432674408,0.9971498250961304,69.26810455322266
nsl_kdd_v2,dnn_5class_cw,235,3,0,0,0.5831895470619202,0.5384615659713745,0.0,0.6797065138816833
nsl_kdd_v2,dnn_5class_cw,236,1,1,1,0.9999098777770996,0.5384615659713745,0.0,0.8135266304016113
nsl_kdd_v2,dnn_5class_cw,237,0,0,1,0.9997414946556091,0.3333333432674408,0.9918246269226074,69.14070129394531
nsl_kdd_v2,dnn_5class_cw,238,2,2,1,0.9886560440063477,0.4285714328289032,0.9379713535308838,73.5223388671875
nsl_kdd_v2,dnn_5class_cw,239,3,0,0,0.7951509952545166,0.6666666865348816,0.0,0.8093183636665344
nsl_kdd_v2,dnn_5class_cw,240,1,1,1,0.9999098777770996,0.5384615659713745,0.0,0.8135266304016113
nsl_kdd_v2,dnn_5class_cw,241,1,1,1,0.9999098777770996,0.5384615659713745,0.0,0.8135266304016113
nsl_kdd_v2,dnn_5class_cw,242,4,0,0,0.8410033583641052,0.6666666865348816,0.0,0.8245850205421448
nsl_kdd_v2,dnn_5class_cw,243,3,0,0,0.7742098569869995,0.5384615659713745,0.0,0.7470294833183289
nsl_kdd_v2,dnn_5class_cw,244,1,1,1,0.9999098777770996,0.3333333432674408,0.0,0.6933403015136719
nsl_kdd_v2,dnn_5class_cw,245,0,0,1,0.9997414946556091,0.6666666865348816,0.9918246269226074,87.11183166503906
nsl_kdd_v2,dnn_5class_cw,246,1,0,0,0.9997411966323853,0.5384615659713745,0.9918152093887329,81.12555694580078
nsl_kdd_v2,dnn_5class_cw,247,1,1,1,0.9999098777770996,0.3333333432674408,0.0,0.6933403015136719
nsl_kdd_v2,dnn_5class_cw,248,3,0,0,0.9999098777770996,0.4285714328289032,0.9971498250961304,75.32078552246094
nsl_kdd_v2,dnn_5class_cw,249,3,0,0,0.9997413158416748,0.3333333432674408,0.9918190240859985,69.14056396484375
nsl_kdd_v2,dnn_5class_cw,250,3,0,0,0.5582109093666077,0.3333333432674408,0.0,0.5708985924720764
nsl_kdd_v2,dnn_5class_cw,251,0,0,1,0.9997413754463196,0.3333333432674408,0.9918208718299866,69.14060974121094
nsl_kdd_v2,dnn_5class_cw,252,3,0,0,0.9999098777770996,0.5384615659713745,0.9971498250961304,81.27531433105469
nsl_kdd_v2,dnn_5class_cw,253,1,0,0,0.9997336268424988,0.5384615659713745,0.9915758371353149,81.11882019042969
nsl_kdd_v2,dnn_5class_cw,254,3,0,0,0.984163224697113,0.4285714328289032,0.4991546869277954,59.489707946777344
nsl_kdd_v2,dnn_5class_cw,255,1,0,0,0.9997413158416748,0.5384615659713745,0.9918190240859985,81.12566375732422
nsl_kdd_v2,dnn_5class_cw,256,2,2,1,0.9999655485153198,0.5384615659713745,0.9998116493225098,81.34908294677734
nsl_kdd_v2,dnn_5class_cw,257,1,0,0,0.9997406005859375,0.5384615659713745,0.9917963743209839,81.12503051757812
nsl_kdd_v2,dnn_5class_cw,258,2,2,1,0.9999655485153198,0.6666666865348816,0.9998116493225098,87.3515625
nsl_kdd_v2,dnn_5class_cw,259,0,0,1,0.9999098777770996,0.4285714328289032,0.9971498250961304,75.32078552246094
nsl_kdd_v2,dnn_5class_cw,260,1,1,1,0.9999098777770996,0.5384615659713745,0.0,0.8135266304016113
nsl_kdd_v2,dnn_5class_cw,261,4,0,0,0.8772157430648804,0.4285714328289032,0.0,0.7217328548431396
nsl_kdd_v2,dnn_5class_cw,262,3,0,0,0.5613271594047546,0.3333333432674408,0.0,0.5719589591026306
nsl_kdd_v2,dnn_5class_cw,263,0,4,0,0.9304424524307251,0.4285714328289032,0.0,0.736044704914093
nsl_kdd_v2,dnn_5class_cw,264,4,0,0,0.9685502052307129,0.8181818127632141,0.005385749973356724,16.220815658569336
nsl_kdd_v2,dnn_5class_cw,265,3,0,0,0.9997413754463196,0.4285714328289032,0.9918208718299866,75.18214416503906
nsl_kdd_v2,dnn_5class_cw,266,3,0,0,0.9997413754463196,0.5384615659713745,0.9918208718299866,81.12571716308594
nsl_kdd_v2,dnn_5class_cw,267,0,0,1,0.9997414946556091,0.5384615659713745,0.9918246269226074,81.12581634521484
nsl_kdd_v2,dnn_5class_cw,268,1,1,1,0.9999098777770996,0.4285714328289032,0.0,0.7539246678352356
nsl_kdd_v2,dnn_5class_cw,269,1,1,1,0.9999098777770996,0.5384615659713745,0.0,0.8135266304016113
nsl_kdd_v2,dnn_5class_cw,270,0,0,1,0.9999098777770996,0.4285714328289032,0.9971498250961304,75.32078552246094
nsl_kdd_v2,dnn_5class_cw,271,2,0,0,0.9993731379508972,0.5384615659713745,0.9801751971244812,80.7970199584961
nsl_kdd_v2,dnn_5class_cw,272,1,1,1,0.9999098777770996,0.3333333432674408,0.0,0.6933403015136719
nsl_kdd_v2,dnn_5class_cw,273,0,0,1,0.6616161465644836,0.5384615659713745,0.0,0.7089030742645264
nsl_kdd_v2,dnn_5class_cw,274,3,0,0,0.5178058743476868,0.5384615659713745,0.0,0.6532917022705078
nsl_kdd_v2,dnn_5class_cw,275,0,0,1,0.9997413754463196,0.4285714328289032,0.9918208718299866,75.18214416503906
nsl_kdd_v2,dnn_5class_cw,276,3,0,0,0.531841516494751,0.6666666865348816,0.0,0.7077777981758118
nsl_kdd_v2,dnn_5class_cw,277,0,0,1,0.9924436807632446,0.6666666865348816,0.7610279321670532,79.55577850341797
nsl_kdd_v2,dnn_5class_cw,278,3,0,0,0.984157145023346,0.8181818127632141,0.49896240234375,73.7894058227539
nsl_kdd_v2,dnn_5class_cw,279,1,0,0,0.9997413754463196,0.4285714328289032,0.9918208718299866,75.18214416503906
nsl_kdd_v2,dnn_5class_cw,280,1,1,1,0.9999098777770996,0.4285714328289032,0.0,0.7539246678352356
nsl_kdd_v2,dnn_5class_cw,281,0,0,1,0.9999098777770996,0.5384615659713745,0.9971498250961304,81.27531433105469
nsl_kdd_v2,dnn_5class_cw,282,3,0,0,0.9931654930114746,0.6666666865348816,0.7838555574417114,80.36287689208984
nsl_kdd_v2,dnn_5class_cw,283,3,0,0,0.9841629862785339,0.5384615659713745,0.4991471469402313,64.19237518310547
nsl_kdd_v2,dnn_5class_cw,284,0,0,1,0.9999098777770996,0.5384615659713745,0.9971498250961304,81.27531433105469
nsl_kdd_v2,dnn_5class_cw,285,2,0,0,0.9997413158416748,0.5384615659713745,0.9918190240859985,81.12566375732422
nsl_kdd_v2,dnn_5class_cw,286,1,1,1,0.8770083785057068,0.5384615659713745,0.0,0.7787285447120667
nsl_kdd_v2,dnn_5class_cw,287,2,1,0,0.9999098777770996,0.6666666865348816,0.0,0.8735541105270386
nsl_kdd_v2,dnn_5class_cw,288,0,0,1,0.9999098777770996,0.4285714328289032,0.9971498250961304,75.32078552246094
nsl_kdd_v2,dnn_5class_cw,289,2,1,0,0.9999098777770996,0.5384615659713745,0.0,0.8135266304016113
nsl_kdd_v2,dnn_5class_cw,290,3,0,0,0.9999098181724548,0.4285714328289032,0.9971479773521423,75.32073211669922
nsl_kdd_v2,dnn_5class_cw,291,3,0,0,0.9999097585678101,0.3333333432674408,0.9971460700035095,69.26802062988281
nsl_kdd_v2,dnn_5class_cw,292,3,0,0,0.9999098777770996,0.4285714328289032,0.9971498250961304,75.32078552246094
nsl_kdd_v2,dnn_5class_cw,293,3,0,0,0.9997411966323853,0.3333333432674408,0.9918152093887329,69.14047241210938
nsl_kdd_v2,dnn_5class_cw,294,3,0,0,0.9998883008956909,0.5384615659713745,0.9964674711227417,81.25618743896484
nsl_kdd_v2,dnn_5class_cw,295,1,1,1,0.6997503638267517,0.5384615659713745,0.0,0.7222694158554077
nsl_kdd_v2,dnn_5class_cw,296,1,1,1,0.7039147615432739,0.3333333432674408,0.0,0.6167836785316467
nsl_kdd_v2,dnn_5class_cw,297,0,0,1,0.9997413754463196,0.4285714328289032,0.9918208718299866,75.18214416503906
nsl_kdd_v2,dnn_5class_cw,298,0,0,1,0.9999098777770996,0.5384615659713745,0.9971498250961304,81.27531433105469
nsl_kdd_v2,dnn_5class_cw,299,3,0,0,0.9999098777770996,0.5384615659713745,0.9971498250961304,81.27531433105469
nsl_kdd_v2,dnn_5class_cw,300,1,1,1,0.9999098777770996,0.4285714328289032,0.0,0.7539246678352356
nsl_kdd_v2,dnn_5class_cw,301,0,0,1,0.9997413754463196,0.4285714328289032,0.9918208718299866,75.18214416503906
nsl_kdd_v2,dnn_5class_cw,302,2,2,1,0.9999655485153198,0.4285714328289032,0.9998116493225098,75.38914489746094
nsl_kdd_v2,dnn_5class_cw,303,1,1,1,0.9999098777770996,0.5384615659713745,0.0,0.8135266304016113
nsl_kdd_v2,dnn_5class_cw,304,1,1,1,0.9999098777770996,0.4285714328289032,0.0,0.7539246678352356
nsl_kdd_v2,dnn_5class_cw,305,1,1,1,0.9999098777770996,0.4285714328289032,0.0,0.7539246678352356
nsl_kdd_v2,dnn_5class_cw,306,2,2,1,0.9546841979026794,0.5384615659713745,0.7522135376930237,72.8537368774414
nsl_kdd_v2,dnn_5class_cw,307,3,3,1,0.6189786195755005,0.4285714328289032,0.5567346215248108,52.858604431152344
nsl_kdd_v2,dnn_5class_cw,308,2,2,1,0.9675014019012451,0.3333333432674408,0.8222979307174683,64.2470474243164
nsl_kdd_v2,dnn_5class_cw,309,4,0,0,0.9683725833892822,0.6666666865348816,0.0,0.8642718195915222
nsl_kdd_v2,dnn_5class_cw,310,0,0,1,0.9999098777770996,0.6666666865348816,0.9971498250961304,87.27235412597656
nsl_kdd_v2,dnn_5class_cw,311,0,0,1,0.9997414946556091,0.5384615659713745,0.9918246269226074,81.12581634521484
nsl_kdd_v2,dnn_5class_cw,312,2,2,1,0.9999655485153198,0.6666666865348816,0.9998116493225098,87.3515625
nsl_kdd_v2,dnn_5class_cw,313,2,2,1,0.9999655485153198,0.5384615659713745,0.9998116493225098,81.34908294677734
nsl_kdd_v2,dnn_5class_cw,314,1,1,1,0.9999098777770996,0.5384615659713745,0.0,0.8135266304016113
nsl_kdd_v2,dnn_5class_cw,315,1,1,1,0.9999098777770996,0.4285714328289032,0.0,0.7539246678352356
nsl_kdd_v2,dnn_5class_cw,316,0,0,1,0.9997414946556091,0.5384615659713745,0.9918246269226074,81.12581634521484
nsl_kdd_v2,dnn_5class_cw,317,3,0,0,0.9841540455818176,0.3333333432674408,0.49886438250541687,54.69841766357422
nsl_kdd_v2,dnn_5class_cw,318,0,0,1,0.9999098777770996,0.4285714328289032,0.9971498250961304,75.32078552246094
nsl_kdd_v2,dnn_5class_cw,319,3,0,0,0.9683870673179626,0.6666666865348816,0.00022643855481874198,5.267881393432617
nsl_kdd_v2,dnn_5class_cw,320,3,0,0,0.9997413754463196,0.5384615659713745,0.9918208718299866,81.12571716308594
nsl_kdd_v2,dnn_5class_cw,321,1,1,1,0.9560425877571106,0.5384615659713745,0.0,0.8014515042304993
nsl_kdd_v2,dnn_5class_cw,322,3,0,0,0.5873610377311707,0.6666666865348816,0.0,0.7315958142280579
nsl_kdd_v2,dnn_5class_cw,323,1,1,1,0.9999098777770996,0.5384615659713745,0.0,0.8135266304016113
nsl_kdd_v2,dnn_5class_cw,324,1,1,1,0.9999098777770996,0.5384615659713745,0.0,0.8135266304016113
nsl_kdd_v2,dnn_5class_cw,325,3,0,0,0.5705490112304688,0.5384615659713745,0.0,0.6747597455978394
nsl_kdd_v2,dnn_5class_cw,326,0,0,1,0.9997413754463196,0.5384615659713745,0.9918208718299866,81.12571716308594
nsl_kdd_v2,dnn_5class_cw,327,1,2,0,0.7056040167808533,0.6666666865348816,0.0,0.7777198553085327
nsl_kdd_v2,dnn_5class_cw,328,2,0,0,0.9997397065162659,0.3333333432674408,0.9917681217193604,69.13935089111328
nsl_kdd_v2,dnn_5class_cw,329,3,0,0,0.5770045518875122,0.4285714328289032,0.0,0.6276739239692688
nsl_kdd_v2,dnn_5class_cw,330,2,2,1,0.9886560440063477,0.5384615659713745,0.9379713535308838,79.3346939086914
nsl_kdd_v2,dnn_5class_cw,331,3,0,0,0.9997410774230957,0.4285714328289032,0.9918114542961121,75.18190002441406
nsl_kdd_v2,dnn_5class_cw,332,3,0,0,0.9999098777770996,0.3333333432674408,0.9971498250961304,69.26810455322266
nsl_kdd_v2,dnn_5class_cw,333,2,2,1,0.9886560440063477,0.4285714328289032,0.9379713535308838,73.5223388671875
nsl_kdd_v2,dnn_5class_cw,334,0,0,1,0.9997414946556091,0.25,0.9918246269226074,62.81849670410156
nsl_kdd_v2,dnn_5class_cw,335,2,2,1,0.9886560440063477,0.4285714328289032,0.9379713535308838,73.5223388671875
nsl_kdd_v2,dnn_5class_cw,336,3,4,0,0.5135441422462463,0.5384615659713745,0.0,0.6514945030212402
nsl_kdd_v2,dnn_5class_cw,337,0,0,1,0.9997413754463196,0.6666666865348816,0.9918208718299866,87.11170959472656
nsl_kdd_v2,dnn_5class_cw,338,2,2,1,0.9999655485153198,0.6666666865348816,0.9998116493225098,87.3515625
nsl_kdd_v2,dnn_5class_cw,339,0,0,1,0.9997414946556091,0.5384615659713745,0.9918246269226074,81.12581634521484
nsl_kdd_v2,dnn_5class_cw,340,1,1,1,0.9999098777770996,0.5384615659713745,0.0,0.8135266304016113
nsl_kdd_v2,dnn_5class_cw,341,0,0,1,0.9997413754463196,0.4285714328289032,0.9918208718299866,75.18214416503906
nsl_kdd_v2,dnn_5class_cw,342,3,0,0,0.9532628059387207,0.6666666865348816,0.0,0.8597530126571655
nsl_kdd_v2,dnn_5class_cw,343,1,1,1,0.9560425877571106,0.3333333432674408,0.0,0.6830490827560425
nsl_kdd_v2,dnn_5class_cw,344,3,0,0,0.5689601898193359,0.4285714328289032,0.0,0.6247433423995972
nsl_kdd_v2,dnn_5class_cw,345,0,0,1,0.9999098777770996,0.4285714328289032,0.9971498250961304,75.32078552246094
nsl_kdd_v2,dnn_5class_cw,346,0,0,1,0.9997414946556091,0.3333333432674408,0.9918246269226074,69.14070129394531
nsl_kdd_v2,dnn_5class_cw,347,2,2,1,0.9999655485153198,0.4285714328289032,0.9998116493225098,75.38914489746094
nsl_kdd_v2,dnn_5class_cw,348,0,0,1,0.9997413754463196,0.3333333432674408,0.9918208718299866,69.14060974121094
nsl_kdd_v2,dnn_5class_cw,349,2,0,0,0.7794486880302429,0.6666666865348816,0.0,0.8039555549621582
nsl_kdd_v2,dnn_5class_cw,350,2,2,1,0.9689921736717224,0.4285714328289032,0.8304494619369507,70.12704467773438
nsl_kdd_v2,dnn_5class_cw,351,0,0,1,0.9997414946556091,0.3333333432674408,0.9918246269226074,69.14070129394531
nsl_kdd_v2,dnn_5class_cw,352,0,0,1,0.9997413754463196,0.4285714328289032,0.9918208718299866,75.18214416503906
nsl_kdd_v2,dnn_5class_cw,353,1,1,1,0.9999098777770996,0.5384615659713745,0.0,0.8135266304016113
nsl_kdd_v2,dnn_5class_cw,354,3,0,0,0.9999098777770996,0.3333333432674408,0.9971498250961304,69.26810455322266
nsl_kdd_v2,dnn_5class_cw,355,1,0,0,0.9924447536468506,0.5384615659713745,0.7610618472099304,74.09012603759766
nsl_kdd_v2,dnn_5class_cw,356,1,1,1,0.9999098777770996,0.4285714328289032,0.0,0.7539246678352356
nsl_kdd_v2,dnn_5class_cw,357,1,0,0,0.9681294560432434,0.5384615659713745,0.0,0.804814875125885
nsl_kdd_v2,dnn_5class_cw,358,0,0,1,0.9997413754463196,0.4285714328289032,0.9918208718299866,75.18214416503906
nsl_kdd_v2,dnn_5class_cw,359,4,0,0,0.8410083055496216,0.8181818127632141,0.0,0.8828426599502563
nsl_kdd_v2,dnn_5class_cw,360,2,0,0,0.7794156074523926,0.5384615659713745,0.0,0.7487000226974487
nsl_kdd_v2,dnn_5class_cw,361,2,2,1,0.7056040167808533,0.8181818127632141,0.0,0.8326647877693176
nsl_kdd_v2,dnn_5class_cw,362,0,0,1,0.9997414946556091,0.5384615659713745,0.9918246269226074,81.12581634521484
nsl_kdd_v2,dnn_5class_cw,363,2,2,1,0.9999655485153198,0.6666666865348816,0.9998116493225098,87.3515625
nsl_kdd_v2,dnn_5class_cw,364,0,0,1,0.8163664937019348,0.5384615659713745,0.0,0.760349452495575
nsl_kdd_v2,dnn_5class_cw,365,1,1,1,0.9999098777770996,0.6666666865348816,0.0,0.8735541105270386
nsl_kdd_v2,dnn_5class_cw,366,0,1,0,0.9999098777770996,0.3333333432674408,0.0,0.6933403015136719
nsl_kdd_v2,dnn_5class_cw,367,3,0,0,0.9535579085350037,0.5384615659713745,0.0,0.8007566332817078
nsl_kdd_v2,dnn_5class_cw,368,3,0,0,0.9645735025405884,0.6666666865348816,0.0,0.8631401062011719
nsl_kdd_v2,dnn_5class_cw,369,0,0,1,0.9997413754463196,0.25,0.9918208718299866,62.81841278076172
nsl_kdd_v2,dnn_5class_cw,370,3,0,0,0.9841631054878235,0.5384615659713745,0.4991509020328522,64.19254302978516
nsl_kdd_v2,dnn_5class_cw,371,0,0,1,0.9999098777770996,0.5384615659713745,0.9971498250961304,81.27531433105469
nsl_kdd_v2,dnn_5class_cw,372,1,1,1,0.9999098777770996,0.4285714328289032,0.0,0.7539246678352356
nsl_kdd_v2,dnn_5class_cw,373,2,0,0,0.7794481515884399,0.6666666865348816,0.0,0.8039553761482239
nsl_kdd_v2,dnn_5class_cw,374,1,0,0,0.9997413754463196,0.4285714328289032,0.9918208718299866,75.18214416503906
nsl_kdd_v2,dnn_5class_cw,375,3,0,0,0.9997411966323853,0.5384615659713745,0.9918152093887329,81.12555694580078
nsl_kdd_v2,dnn_5class_cw,376,0,0,1,0.9999098777770996,0.6666666865348816,0.9971498250961304,87.27235412597656
nsl_kdd_v2,dnn_5class_cw,377,2,2,1,0.9999655485153198,0.5384615659713745,0.9998116493225098,81.34908294677734
nsl_kdd_v2,dnn_5class_cw,378,2,2,1,0.9978649020195007,0.6666666865348816,0.988325297832489,86.95478057861328
nsl_kdd_v2,dnn_5class_cw,379,3,0,0,0.99974125623703,0.6666666865348816,0.9918171167373657,87.1115951538086
nsl_kdd_v2,dnn_5class_cw,380,2,2,1,0.9978649020195007,0.3333333432674408,0.988325297832489,69.01605224609375
nsl_kdd_v2,dnn_5class_cw,381,1,1,1,0.9999098777770996,0.6666666865348816,0.0,0.8735541105270386
nsl_kdd_v2,dnn_5class_cw,382,0,0,1,0.9999098777770996,0.3333333432674408,0.9971498250961304,69.26810455322266
nsl_kdd_v2,dnn_5class_cw,383,4,4,1,0.8189946413040161,0.5384615659713745,0.0,0.7611644864082336
nsl_kdd_v2,dnn_5class_cw,384,3,0,0,0.9999098181724548,0.3333333432674408,0.9971479773521423,69.26806640625
nsl_kdd_v2,dnn_5class_cw,385,2,2,1,0.9978649020195007,0.5384615659713745,0.988325297832489,80.97956848144531
nsl_kdd_v2,dnn_5class_cw,386,3,0,0,0.9997406005859375,0.3333333432674408,0.9917963743209839,69.14002227783203
nsl_kdd_v2,dnn_5class_cw,387,2,2,1,0.7056039571762085,0.6666666865348816,0.0,0.7777198553085327
nsl_kdd_v2,dnn_5class_cw,388,2,2,1,0.9928231239318848,0.4285714328289032,0.9607568979263306,74.21691131591797
nsl_kdd_v2,dnn_5class_cw,389,2,2,1,0.9999655485153198,0.5384615659713745,0.9998116493225098,81.34908294677734
nsl_kdd_v2,dnn_5class_cw,390,4,0,0,0.8410079479217529,0.6666666865348816,0.0,0.8245865106582642
nsl_kdd_v2,dnn_5class_cw,391,1,1,1,0.9999098777770996,0.4285714328289032,0.0,0.7539246678352356
nsl_kdd_v2,dnn_5class_cw,392,0,0,1,0.9999098777770996,0.4285714328289032,0.9971498250961304,75.32078552246094
nsl_kdd_v2,dnn_5class_cw,393,1,1,1,0.9999098777770996,0.5384615659713745,0.0,0.8135266304016113
nsl_kdd_v2,dnn_5class_cw,394,2,2,1,0.9978649020195007,0.6666666865348816,0.988325297832489,86.95478057861328
nsl_kdd_v2,dnn_5class_cw,395,2,0,0,0.7794491648674011,0.6666666865348816,0.0,0.8039557337760925
nsl_kdd_v2,dnn_5class_cw,396,3,0,0,0.9841635823249817,0.6666666865348816,0.49916598200798035,68.92979431152344
nsl_kdd_v2,dnn_5class_cw,397,0,0,1,0.9997413754463196,0.3333333432674408,0.9918208718299866,69.14060974121094
nsl_kdd_v2,dnn_5class_cw,398,1,1,1,0.9999098777770996,0.5384615659713745,0.0,0.8135266304016113
nsl_kdd_v2,dnn_5class_cw,399,2,1,0,0.9999098777770996,0.6666666865348816,0.0,0.8735541105270386
nsl_kdd_v2,dnn_5class_cw,400,3,0,0,0.9999098777770996,0.4285714328289032,0.9971498250961304,75.32078552246094
nsl_kdd_v2,dnn_5class_cw,401,4,0,0,0.6283940076828003,0.6666666865348816,0.0,0.7482502460479736
nsl_kdd_v2,dnn_5class_cw,402,0,0,1,0.9997413754463196,0.4285714328289032,0.9918208718299866,75.18214416503906
nsl_kdd_v2,dnn_5class_cw,403,4,3,0,0.9510355591773987,0.6666666865348816,0.943036675453186,84.24510955810547
nsl_kdd_v2,dnn_5class_cw,404,1,1,1,0.9999098777770996,0.5384615659713745,0.0,0.8135266304016113
nsl_kdd_v2,dnn_5class_cw,405,4,0,0,0.9997401237487793,0.5384615659713745,0.9917812943458557,81.12459564208984
nsl_kdd_v2,dnn_5class_cw,406,0,0,1,0.9997413754463196,0.5384615659713745,0.9918208718299866,81.12571716308594
nsl_kdd_v2,dnn_5class_cw,407,2,2,1,0.9886560440063477,0.6666666865348816,0.9379713535308838,85.18854522705078
nsl_kdd_v2,dnn_5class_cw,408,1,1,1,0.9999098777770996,0.4285714328289032,0.0,0.7539246678352356
nsl_kdd_v2,dnn_5class_cw,409,1,1,1,0.9999098777770996,0.5384615659713745,0.0,0.8135266304016113
nsl_kdd_v2,dnn_5class_cw,410,2,0,0,0.9997413754463196,0.4285714328289032,0.9918208718299866,75.18214416503906
nsl_kdd_v2,dnn_5class_cw,411,0,0,1,0.9997413754463196,0.5384615659713745,0.9918208718299866,81.12571716308594
nsl_kdd_v2,dnn_5class_cw,412,1,1,1,0.9999098777770996,0.4285714328289032,0.0,0.7539246678352356
nsl_kdd_v2,dnn_5class_cw,413,0,0,1,0.9999098777770996,0.5384615659713745,0.9971498250961304,81.27531433105469
nsl_kdd_v2,dnn_5class_cw,414,2,2,1,0.8778348565101624,0.6666666865348816,0.3320019543170929,57.91896057128906
nsl_kdd_v2,dnn_5class_cw,415,3,0,0,0.7417162656784058,0.8181818127632141,0.0,0.8466342687606812
nsl_kdd_v2,dnn_5class_cw,416,0,0,1,0.9999098777770996,0.6666666865348816,0.9971498250961304,87.27235412597656
nsl_kdd_v2,dnn_5class_cw,417,0,0,1,0.9999098777770996,0.4285714328289032,0.9971498250961304,75.32078552246094
nsl_kdd_v2,dnn_5class_cw,418,3,0,0,0.9930646419525146,0.4285714328289032,0.7806661128997803,69.260986328125
nsl_kdd_v2,dnn_5class_cw,419,3,4,0,0.510647177696228,0.4285714328289032,0.0,0.6026261448860168
nsl_kdd_v2,dnn_5class_cw,420,1,1,1,0.9999098777770996,0.5384615659713745,0.0,0.8135266304016113
nsl_kdd_v2,dnn_5class_cw,421,4,0,0,0.9841171503067017,0.6666666865348816,0.4976975619792938,68.86105346679688
nsl_kdd_v2,dnn_5class_cw,422,2,2,1,0.9546841979026794,0.6666666865348816,0.7522135376930237,78.2293701171875
nsl_kdd_v2,dnn_5class_cw,423,2,0,0,0.999724805355072,0.6666666865348816,0.9912968277931213,87.09588623046875
nsl_kdd_v2,dnn_5class_cw,424,3,0,0,0.9931298494338989,0.6666666865348816,0.7827283143997192,80.32337188720703
nsl_kdd_v2,dnn_5class_cw,425,0,0,1,0.9999098777770996,0.5384615659713745,0.9971498250961304,81.27531433105469
nsl_kdd_v2,dnn_5class_cw,426,2,1,0,0.9977885484695435,0.6666666865348816,0.0,0.8729358911514282
nsl_kdd_v2,dnn_5class_cw,427,3,0,0,0.9999098777770996,0.4285714328289032,0.9971498250961304,75.32078552246094
nsl_kdd_v2,dnn_5class_cw,428,0,0,1,0.9997413754463196,0.5384615659713745,0.9918208718299866,81.12571716308594
nsl_kdd_v2,dnn_5class_cw,429,0,0,1,0.9997414946556091,0.3333333432674408,0.9918246269226074,69.14070129394531
nsl_kdd_v2,dnn_5class_cw,430,3,0,0,0.9997403621673584,0.5384615659713745,0.9917888045310974,81.12480926513672
nsl_kdd_v2,dnn_5class_cw,431,0,0,1,0.9997413754463196,0.3333333432674408,0.9918208718299866,69.14060974121094
nsl_kdd_v2,dnn_5class_cw,432,1,0,0,0.9997394680976868,0.4285714328289032,0.9917605519294739,75.18057250976562
nsl_kdd_v2,dnn_5class_cw,433,1,0,0,0.999740481376648,0.5384615659713745,0.991792619228363,81.12492370605469
nsl_kdd_v2,dnn_5class_cw,434,3,0,0,0.9997414946556091,0.5384615659713745,0.9918246269226074,81.12581634521484
nsl_kdd_v2,dnn_5class_cw,435,4,0,0,0.9713683724403381,0.6666666865348816,0.09451158344745636,39.40874481201172
nsl_kdd_v2,dnn_5class_cw,436,3,0,0,0.999852180480957,0.6666666865348816,0.9953251481056213,87.2174072265625
nsl_kdd_v2,dnn_5class_cw,437,2,2,1,0.7056040167808533,0.5384615659713745,0.0,0.7242777943611145
nsl_kdd_v2,dnn_5class_cw,438,3,0,0,0.9999098777770996,0.5384615659713745,0.9971498250961304,81.27531433105469
nsl_kdd_v2,dnn_5class_cw,439,3,0,0,0.9931654334068298,0.5384615659713745,0.7838537096977234,74.84056854248047
nsl_kdd_v2,dnn_5class_cw,440,1,1,1,0.9999098777770996,0.4285714328289032,0.0,0.7539246678352356
nsl_kdd_v2,dnn_5class_cw,441,0,0,1,0.9997414946556091,0.3333333432674408,0.9918246269226074,69.14070129394531
nsl_kdd_v2,dnn_5class_cw,442,0,0,1,0.9999098777770996,0.5384615659713745,0.9971498250961304,81.27531433105469
nsl_kdd_v2,dnn_5class_cw,443,0,0,1,0.9997413754463196,0.4285714328289032,0.9918208718299866,75.18214416503906
nsl_kdd_v2,dnn_5class_cw,444,1,1,1,0.9999098777770996,0.4285714328289032,0.0,0.7539246678352356
nsl_kdd_v2,dnn_5class_cw,445,0,0,1,0.9999098777770996,0.3333333432674408,0.9971498250961304,69.26810455322266
nsl_kdd_v2,dnn_5class_cw,446,1,1,1,0.8812945485115051,0.5384615659713745,0.0,0.7799950838088989
nsl_kdd_v2,dnn_5class_cw,447,1,1,1,0.9999098777770996,0.4285714328289032,0.0,0.7539246678352356
nsl_kdd_v2,dnn_5class_cw,448,2,0,0,0.9940416812896729,0.6666666865348816,0.8115653991699219,81.32279205322266
nsl_kdd_v2,dnn_5class_cw,449,2,2,1,0.9999655485153198,0.5384615659713745,0.9998116493225098,81.34908294677734
nsl_kdd_v2,dnn_5class_cw,450,0,0,1,0.9997413754463196,0.5384615659713745,0.9918208718299866,81.12571716308594
nsl_kdd_v2,dnn_5class_cw,451,0,0,1,0.9997414946556091,0.6666666865348816,0.9918246269226074,87.11183166503906
nsl_kdd_v2,dnn_5class_cw,452,0,0,1,0.9999098777770996,0.6666666865348816,0.9971498250961304,87.27235412597656
nsl_kdd_v2,dnn_5class_cw,453,3,0,0,0.9932374954223633,0.5384615659713745,0.7861326932907104,74.91484069824219
nsl_kdd_v2,dnn_5class_cw,454,3,0,0,0.9997413754463196,0.5384615659713745,0.9918208718299866,81.12571716308594
nsl_kdd_v2,dnn_5class_cw,455,0,0,1,0.9999098777770996,0.4285714328289032,0.9971498250961304,75.32078552246094
nsl_kdd_v2,dnn_5class_cw,456,0,0,1,0.9999098777770996,0.4285714328289032,0.9971498250961304,75.32078552246094
nsl_kdd_v2,dnn_5class_cw,457,3,0,0,0.9929907917976379,0.4285714328289032,0.7783305644989014,69.19013214111328
nsl_kdd_v2,dnn_5class_cw,458,1,0,0,0.9997405409812927,0.6666666865348816,0.9917944669723511,87.11091613769531
nsl_kdd_v2,dnn_5class_cw,459,0,0,1,0.9997414946556091,0.5384615659713745,0.9918246269226074,81.12581634521484
nsl_kdd_v2,dnn_5class_cw,460,0,0,1,0.9999098777770996,0.4285714328289032,0.9971498250961304,75.32078552246094
nsl_kdd_v2,dnn_5class_cw,461,2,1,0,0.8022246956825256,0.6666666865348816,0.0,0.8117112517356873
nsl_kdd_v2,dnn_5class_cw,462,2,2,1,0.9999655485153198,0.6666666865348816,0.9998116493225098,87.3515625
nsl_kdd_v2,dnn_5class_cw,463,0,0,1,0.9997414946556091,0.4285714328289032,0.9918246269226074,75.18224334716797
nsl_kdd_v2,dnn_5class_cw,464,2,2,1,0.9999655485153198,0.5384615659713745,0.9998116493225098,81.34908294677734
nsl_kdd_v2,dnn_5class_cw,465,0,0,1,0.9999098777770996,0.5384615659713745,0.9971498250961304,81.27531433105469
nsl_kdd_v2,dnn_5class_cw,466,0,0,1,0.9999098777770996,0.5384615659713745,0.9971498250961304,81.27531433105469
nsl_kdd_v2,dnn_5class_cw,467,1,1,1,0.8812946677207947,0.6666666865348816,0.0,0.8375483751296997
nsl_kdd_v2,dnn_5class_cw,468,3,0,0,0.9999098777770996,0.5384615659713745,0.9971498250961304,81.27531433105469
nsl_kdd_v2,dnn_5class_cw,469,0,0,1,0.9997413754463196,0.4285714328289032,0.9918208718299866,75.18214416503906
nsl_kdd_v2,dnn_5class_cw,470,0,0,1,0.9997414946556091,0.4285714328289032,0.9918246269226074,75.18224334716797
nsl_kdd_v2,dnn_5class_cw,471,3,0,0,0.9997403025627136,0.6666666865348816,0.9917869567871094,87.11068725585938
nsl_kdd_v2,dnn_5class_cw,472,0,0,1,0.9999098777770996,0.4285714328289032,0.9971498250961304,75.32078552246094
nsl_kdd_v2,dnn_5class_cw,473,0,0,1,0.9999098777770996,0.4285714328289032,0.9971498250961304,75.32078552246094
nsl_kdd_v2,dnn_5class_cw,474,0,0,1,0.9999098777770996,0.3333333432674408,0.9971498250961304,69.26810455322266
nsl_kdd_v2,dnn_5class_cw,475,2,2,1,0.9999655485153198,0.6666666865348816,0.9998116493225098,87.3515625
nsl_kdd_v2,dnn_5class_cw,476,0,0,1,0.9997413754463196,0.3333333432674408,0.9918208718299866,69.14060974121094
nsl_kdd_v2,dnn_5class_cw,477,1,0,0,0.99974125623703,0.4285714328289032,0.9918171167373657,75.18204498291016
nsl_kdd_v2,dnn_5class_cw,478,2,2,1,0.9999655485153198,0.3333333432674408,0.9998116493225098,69.33097839355469
nsl_kdd_v2,dnn_5class_cw,479,3,0,0,0.9997413158416748,0.4285714328289032,0.9918190240859985,75.18209838867188
nsl_kdd_v2,dnn_5class_cw,480,4,4,1,0.6017972230911255,0.6666666865348816,0.0,0.737541139125824
nsl_kdd_v2,dnn_5class_cw,481,3,3,1,0.7406054139137268,0.5384615659713745,0.6982304453849792,65.30004119873047
nsl_kdd_v2,dnn_5class_cw,482,1,1,1,0.9977885484695435,0.5384615659713745,0.0,0.8129510283470154
nsl_kdd_v2,dnn_5class_cw,483,0,0,1,0.9997414946556091,0.4285714328289032,0.9918246269226074,75.18224334716797
nsl_kdd_v2,dnn_5class_cw,484,2,2,1,0.9999655485153198,0.5384615659713745,0.9998116493225098,81.34908294677734
nsl_kdd_v2,dnn_5class_cw,485,2,2,1,0.9999655485153198,0.6666666865348816,0.9998116493225098,87.3515625
nsl_kdd_v2,dnn_5class_cw,486,3,0,0,0.9997413754463196,0.5384615659713745,0.9918208718299866,81.12571716308594
nsl_kdd_v2,dnn_5class_cw,487,0,0,1,0.9997414946556091,0.6666666865348816,0.9918246269226074,87.11183166503906
nsl_kdd_v2,dnn_5class_cw,488,0,2,0,0.9887303709983826,0.4285714328289032,0.9383777379989624,73.53480529785156
nsl_kdd_v2,dnn_5class_cw,489,1,1,1,0.9999098777770996,0.3333333432674408,0.0,0.6933403015136719
nsl_kdd_v2,dnn_5class_cw,490,3,3,1,0.7406059503555298,0.8181818127632141,0.6982311010360718,75.07212829589844
nsl_kdd_v2,dnn_5class_cw,491,2,2,1,0.9999655485153198,0.6666666865348816,0.9998116493225098,87.3515625
nsl_kdd_v2,dnn_5class_cw,492,1,1,1,0.9999098777770996,0.4285714328289032,0.0,0.7539246678352356
nsl_kdd_v2,dnn_5class_cw,493,2,2,1,0.9978649020195007,0.4285714328289032,0.988325297832489,75.04670715332031
nsl_kdd_v2,dnn_5class_cw,494,4,0,0,0.9683570861816406,0.5384615659713745,0.0,0.8048779368400574
nsl_kdd_v2,dnn_5class_cw,495,3,0,0,0.9931291937828064,0.5384615659713745,0.7827075719833374,74.80316925048828
nsl_kdd_v2,dnn_5class_cw,496,0,0,1,0.9999098777770996,0.3333333432674408,0.9971498250961304,69.26810455322266
nsl_kdd_v2,dnn_5class_cw,497,4,0,0,0.5178109407424927,0.6666666865348816,0.0,0.70149827003479
nsl_kdd_v2,dnn_5class_cw,498,3,3,1,0.6135910153388977,0.6666666865348816,0.5504668951034546,60.83772659301758
nsl_kdd_v2,dnn_5class_cw,499,1,1,1,0.9999098777770996,0.5384615659713745,0.0,0.8135266304016113
nsl_kdd_v2,dnn_5class_cw,500,0,0,1,0.9997414946556091,0.4285714328289032,0.9918246269226074,75.18224334716797
nsl_kdd_v2,dnn_5class_cw,501,0,0,1,0.9930610656738281,0.5384615659713745,0.7805529832839966,74.73275756835938
nsl_kdd_v2,dnn_5class_cw,502,0,0,1,0.9997413754463196,0.3333333432674408,0.9918208718299866,69.14060974121094
nsl_kdd_v2,dnn_5class_cw,503,0,0,1,0.9997413754463196,0.4285714328289032,0.9918208718299866,75.18214416503906
nsl_kdd_v2,dnn_5class_cw,504,3,0,0,0.921810507774353,0.5384615659713745,0.0,0.7917693853378296
nsl_kdd_v2,dnn_5class_cw,505,0,0,1,0.9999098777770996,0.4285714328289032,0.9971498250961304,75.32078552246094
nsl_kdd_v2,dnn_5class_cw,506,0,0,1,0.9999098777770996,0.5384615659713745,0.9971498250961304,81.27531433105469
nsl_kdd_v2,dnn_5class_cw,507,2,2,1,0.9999655485153198,0.4285714328289032,0.9998116493225098,75.38914489746094
nsl_kdd_v2,dnn_5class_cw,508,1,1,1,0.9560425877571106,0.5384615659713745,0.0,0.8014515042304993
nsl_kdd_v2,dnn_5class_cw,509,0,0,1,0.9999098777770996,0.4285714328289032,0.9971498250961304,75.32078552246094
nsl_kdd_v2,dnn_5class_cw,510,0,0,1,0.9997413754463196,0.3333333432674408,0.9918208718299866,69.14060974121094
nsl_kdd_v2,dnn_5class_cw,511,1,1,1,0.9999098777770996,0.5384615659713745,0.0,0.8135266304016113
nsl_kdd_v2,dnn_5class_cw,512,3,0,0,0.9997413158416748,0.4285714328289032,0.9918190240859985,75.18209838867188
nsl_kdd_v2,dnn_5class_cw,513,3,0,0,0.5862817764282227,0.4285714328289032,0.0,0.6310200095176697
nsl_kdd_v2,dnn_5class_cw,514,0,0,1,0.9999098777770996,0.3333333432674408,0.9971498250961304,69.26810455322266
nsl_kdd_v2,dnn_5class_cw,515,1,1,1,0.9999098777770996,0.5384615659713745,0.0,0.8135266304016113
nsl_kdd_v2,dnn_5class_cw,516,3,0,0,0.9999098777770996,0.4285714328289032,0.9971498250961304,75.32078552246094
nsl_kdd_v2,dnn_5class_cw,517,2,0,0,0.5031787753105164,0.6666666865348816,0.0,0.6948274374008179
nsl_kdd_v2,dnn_5class_cw,518,1,1,1,0.9999098777770996,0.5384615659713745,0.0,0.8135266304016113
nsl_kdd_v2,dnn_5class_cw,519,2,2,1,0.9999655485153198,0.4285714328289032,0.9998116493225098,75.38914489746094
nsl_kdd_v2,dnn_5class_cw,520,3,0,0,0.9932370781898499,0.6666666865348816,0.7861194610595703,80.44210052490234
nsl_kdd_v2,dnn_5class_cw,521,1,1,1,0.9999098777770996,0.3333333432674408,0.0,0.6933403015136719
nsl_kdd_v2,dnn_5class_cw,522,4,0,0,0.9713934063911438,0.6666666865348816,0.09530329704284668,39.51881408691406
nsl_kdd_v2,dnn_5class_cw,523,3,0,0,0.9841616749763489,0.5384615659713745,0.49910566210746765,64.19056701660156
nsl_kdd_v2,dnn_5class_cw,524,3,0,0,0.9999098777770996,0.6666666865348816,0.9971498250961304,87.27235412597656
nsl_kdd_v2,dnn_5class_cw,525,2,2,1,0.9999655485153198,0.4285714328289032,0.9998116493225098,75.38914489746094
nsl_kdd_v2,dnn_5class_cw,526,2,2,1,0.6384797692298889,0.8181818127632141,0.0,0.8053764700889587
nsl_kdd_v2,dnn_5class_cw,527,1,1,1,0.9999098777770996,0.5384615659713745,0.0,0.8135266304016113
nsl_kdd_v2,dnn_5class_cw,528,2,2,1,0.9999655485153198,0.6666666865348816,0.9998116493225098,87.3515625
nsl_kdd_v2,dnn_5class_cw,529,4,0,0,0.9997411370277405,0.5384615659713745,0.9918133616447449,81.12550354003906
nsl_kdd_v2,dnn_5class_cw,530,2,0,0,0.7005296349525452,0.6666666865348816,0.0,0.7758510708808899
nsl_kdd_v2,dnn_5class_cw,531,2,0,0,0.9997413754463196,0.6666666865348816,0.9918208718299866,87.11170959472656
nsl_kdd_v2,dnn_5class_cw,532,1,1,1,0.9999098777770996,0.4285714328289032,0.0,0.7539246678352356
nsl_kdd_v2,dnn_5class_cw,533,2,2,1,0.9999655485153198,0.5384615659713745,0.9998116493225098,81.34908294677734
nsl_kdd_v2,dnn_5class_cw,534,3,0,0,0.9999098777770996,0.3333333432674408,0.9971498250961304,69.26810455322266
nsl_kdd_v2,dnn_5class_cw,535,0,0,1,0.9997413754463196,0.5384615659713745,0.9918208718299866,81.12571716308594
nsl_kdd_v2,dnn_5class_cw,536,2,2,1,0.9886560440063477,0.6666666865348816,0.9379713535308838,85.18854522705078
nsl_kdd_v2,dnn_5class_cw,537,3,0,0,0.9683868885040283,0.4285714328289032,0.00022078347683418542,4.508300304412842
nsl_kdd_v2,dnn_5class_cw,538,1,1,1,0.9999098777770996,0.4285714328289032,0.0,0.7539246678352356
nsl_kdd_v2,dnn_5class_cw,539,0,0,1,0.9999098777770996,0.5384615659713745,0.9971498250961304,81.27531433105469
nsl_kdd_v2,dnn_5class_cw,540,4,4,1,0.7330951690673828,0.5384615659713745,0.0,0.7335644960403442
nsl_kdd_v2,dnn_5class_cw,541,2,2,1,0.9886560440063477,0.5384615659713745,0.9379713535308838,79.3346939086914
nsl_kdd_v2,dnn_5class_cw,542,0,0,1,0.9999098777770996,0.5384615659713745,0.9971498250961304,81.27531433105469
nsl_kdd_v2,dnn_5class_cw,543,1,1,1,0.9999098777770996,0.5384615659713745,0.0,0.8135266304016113
nsl_kdd_v2,dnn_5class_cw,544,1,1,1,0.9999098777770996,0.4285714328289032,0.0,0.7539246678352356
nsl_kdd_v2,dnn_5class_cw,545,1,1,1,0.9999098777770996,0.5384615659713745,0.0,0.8135266304016113
nsl_kdd_v2,dnn_5class_cw,546,1,0,0,0.9681287407875061,0.8181818127632141,0.0,0.9252538681030273
nsl_kdd_v2,dnn_5class_cw,547,3,0,0,0.9997407793998718,0.4285714328289032,0.9918020367622375,75.18164825439453
nsl_kdd_v2,dnn_5class_cw,548,3,0,0,0.9999098777770996,0.4285714328289032,0.9971498250961304,75.32078552246094
nsl_kdd_v2,dnn_5class_cw,549,3,0,0,0.9999098777770996,0.5384615659713745,0.9971498250961304,81.27531433105469
nsl_kdd_v2,dnn_5class_cw,550,1,1,1,0.9999098777770996,0.5384615659713745,0.0,0.8135266304016113
nsl_kdd_v2,dnn_5class_cw,551,2,2,1,0.9928231239318848,0.5384615659713745,0.9607568979263306,80.08417510986328
nsl_kdd_v2,dnn_5class_cw,552,0,0,1,0.9999098777770996,0.4285714328289032,0.9971498250961304,75.32078552246094
nsl_kdd_v2,dnn_5class_cw,553,2,2,1,0.8776994943618774,0.6666666865348816,0.3312618136405945,57.87290954589844
nsl_kdd_v2,dnn_5class_cw,554,0,0,1,0.9997857213020325,0.6666666865348816,0.9932233095169067,87.15403747558594
nsl_kdd_v2,dnn_5class_cw,555,2,0,0,0.9997389912605286,0.5384615659713745,0.9917454719543457,81.12359619140625
nsl_kdd_v2,dnn_5class_cw,556,3,0,0,0.9997413754463196,0.5384615659713745,0.9918208718299866,81.12571716308594
nsl_kdd_v2,dnn_5class_cw,557,1,0,0,0.8633906841278076,0.4285714328289032,0.0,0.717921257019043
nsl_kdd_v2,dnn_5class_cw,558,0,0,1,0.9999098777770996,0.6666666865348816,0.9971498250961304,87.27235412597656
nsl_kdd_v2,dnn_5class_cw,559,0,0,1,0.9999098777770996,0.5384615659713745,0.9971498250961304,81.27531433105469
nsl_kdd_v2,dnn_5class_cw,560,0,0,1,0.9997414946556091,0.3333333432674408,0.9918246269226074,69.14070129394531
nsl_kdd_v2,dnn_5class_cw,561,0,0,1,0.9997414946556091,0.25,0.9918246269226074,62.81849670410156
nsl_kdd_v2,dnn_5class_cw,562,3,0,0,0.9238013029098511,0.6666666865348816,0.0,0.850803017616272
nsl_kdd_v2,dnn_5class_cw,563,2,2,1,0.9999655485153198,0.4285714328289032,0.9998116493225098,75.38914489746094
nsl_kdd_v2,dnn_5class_cw,564,3,0,0,0.9999098777770996,0.6666666865348816,0.9971498250961304,87.27235412597656
nsl_kdd_v2,dnn_5class_cw,565,1,1,1,0.9999098777770996,0.4285714328289032,0.0,0.7539246678352356
nsl_kdd_v2,dnn_5class_cw,566,3,0,0,0.9999098777770996,0.3333333432674408,0.9971498250961304,69.26810455322266
nsl_kdd_v2,dnn_5class_cw,567,0,0,1,0.9997414946556091,0.4285714328289032,0.9918246269226074,75.18224334716797
nsl_kdd_v2,dnn_5class_cw,568,0,0,1,0.9997414946556091,0.4285714328289032,0.9918246269226074,75.18224334716797
nsl_kdd_v2,dnn_5class_cw,569,1,1,1,0.9999098777770996,0.4285714328289032,0.0,0.7539246678352356
nsl_kdd_v2,dnn_5class_cw,570,2,2,1,0.6223042607307434,0.8181818127632141,0.0,0.7985169291496277
nsl_kdd_v2,dnn_5class_cw,571,2,1,0,0.9999098777770996,0.8181818127632141,0.0,0.9352695941925049
nsl_kdd_v2,dnn_5class_cw,572,2,2,1,0.9999655485153198,0.5384615659713745,0.9998116493225098,81.34908294677734
nsl_kdd_v2,dnn_5class_cw,573,3,0,0,0.9999098777770996,0.3333333432674408,0.9971498250961304,69.26810455322266
nsl_kdd_v2,dnn_5class_cw,574,4,0,0,0.9921324849128723,0.5384615659713745,0.751186192035675,73.7605209350586
nsl_kdd_v2,dnn_5class_cw,575,1,0,0,0.999740719795227,0.4285714328289032,0.9918001294136047,75.18160247802734
nsl_kdd_v2,dnn_5class_cw,576,0,0,1,0.9997414946556091,0.4285714328289032,0.9918246269226074,75.18224334716797
nsl_kdd_v2,dnn_5class_cw,577,0,0,1,0.9999098777770996,0.5384615659713745,0.9971498250961304,81.27531433105469
nsl_kdd_v2,dnn_5class_cw,578,4,0,0,0.9997373223304749,0.4285714328289032,0.9916927218437195,75.1788101196289
nsl_kdd_v2,dnn_5class_cw,579,4,0,0,0.7072455286979675,0.4285714328289032,0.0,0.671734631061554
nsl_kdd_v2,dnn_5class_cw,580,2,2,1,0.9999655485153198,0.4285714328289032,0.9998116493225098,75.38914489746094
nsl_kdd_v2,dnn_5class_cw,581,0,0,1,0.9997411966323853,0.4285714328289032,0.9918152093887329,75.18199920654297
nsl_kdd_v2,dnn_5class_cw,582,1,0,0,0.9997410178184509,0.5384615659713745,0.9918095469474792,81.12539672851562
nsl_kdd_v2,dnn_5class_cw,583,4,0,0,0.8817399740219116,0.25,0.0,0.6040785908699036
nsl_kdd_v2,dnn_5class_cw,584,1,1,1,0.9999098777770996,0.6666666865348816,0.0,0.8735541105270386
nsl_kdd_v2,dnn_5class_cw,585,2,1,0,0.7039141654968262,0.5384615659713745,0.0,0.723699152469635
nsl_kdd_v2,dnn_5class_cw,586,3,0,0,0.9997408986091614,0.5384615659713745,0.9918057918548584,81.12528991699219
nsl_kdd_v2,dnn_5class_cw,587,0,0,1,0.9997413754463196,0.3333333432674408,0.9918208718299866,69.14060974121094
nsl_kdd_v2,dnn_5class_cw,588,4,0,0,0.9997413754463196,0.4285714328289032,0.9918208718299866,75.18214416503906
nsl_kdd_v2,dnn_5class_cw,589,3,0,0,0.9999098777770996,0.4285714328289032,0.9971498250961304,75.32078552246094
nsl_kdd_v2,dnn_5class_cw,590,2,2,1,0.9999655485153198,0.5384615659713745,0.9998116493225098,81.34908294677734
nsl_kdd_v2,dnn_5class_cw,591,3,3,1,0.9872177243232727,0.5384615659713745,0.9851295948028564,80.60345458984375
nsl_kdd_v2,dnn_5class_cw,592,1,1,1,0.9999098777770996,0.5384615659713745,0.0,0.8135266304016113
nsl_kdd_v2,dnn_5class_cw,593,3,0,0,0.9843361973762512,0.6666666865348816,0.5046250224113464,69.1842041015625
nsl_kdd_v2,dnn_5class_cw,594,2,2,1,0.9978649020195007,0.5384615659713745,0.988325297832489,80.97956848144531
nsl_kdd_v2,dnn_5class_cw,595,2,2,1,0.81711745262146,0.5384615659713745,0.0,0.7605825066566467
nsl_kdd_v2,dnn_5class_cw,596,0,0,1,0.9997413754463196,0.4285714328289032,0.9918208718299866,75.18214416503906
nsl_kdd_v2,dnn_5class_cw,597,4,4,1,0.6056687235832214,0.6666666865348816,0.0,0.7391193509101868
nsl_kdd_v2,dnn_5class_cw,598,3,0,0,0.9998997449874878,0.4285714328289032,0.9968293905258179,75.31246185302734
nsl_kdd_v2,dnn_5class_cw,599,0,0,1,0.9999098777770996,0.3333333432674408,0.9971498250961304,69.26810455322266
nsl_kdd_v2,dnn_5class_cw,600,2,2,1,0.9999655485153198,0.5384615659713745,0.9998116493225098,81.34908294677734
nsl_kdd_v2,dnn_5class_cw,601,2,2,1,0.9999655485153198,0.5384615659713745,0.9998116493225098,81.34908294677734
nsl_kdd_v2,dnn_5class_cw,602,2,2,1,0.9886560440063477,0.5384615659713745,0.9379713535308838,79.3346939086914
nsl_kdd_v2,dnn_5class_cw,603,1,1,1,0.9999098777770996,0.4285714328289032,0.0,0.7539246678352356
nsl_kdd_v2,dnn_5class_cw,604,1,1,1,0.9999098777770996,0.5384615659713745,0.0,0.8135266304016113
nsl_kdd_v2,dnn_5class_cw,605,1,1,1,0.9999098777770996,0.3333333432674408,0.0,0.6933403015136719
nsl_kdd_v2,dnn_5class_cw,606,0,0,1,0.9999098777770996,0.4285714328289032,0.9971498250961304,75.32078552246094
nsl_kdd_v2,dnn_5class_cw,607,2,2,1,0.9978649020195007,0.5384615659713745,0.988325297832489,80.97956848144531
nsl_kdd_v2,dnn_5class_cw,608,1,0,0,0.8633934855461121,0.6666666865348816,0.0,0.8318387269973755
nsl_kdd_v2,dnn_5class_cw,609,0,0,1,0.9924443960189819,0.5384615659713745,0.7610505223274231,74.08975219726562
nsl_kdd_v2,dnn_5class_cw,610,1,1,1,0.9999098777770996,0.25,0.0,0.6299415230751038
nsl_kdd_v2,dnn_5class_cw,611,1,1,1,0.9999098777770996,0.25,0.0,0.6299415230751038
nsl_kdd_v2,dnn_5class_cw,612,2,2,1,0.9999655485153198,0.6666666865348816,0.9998116493225098,87.3515625
nsl_kdd_v2,dnn_5class_cw,613,0,0,1,0.9999098777770996,0.5384615659713745,0.9971498250961304,81.27531433105469
nsl_kdd_v2,dnn_5class_cw,614,2,2,1,0.9272372722625732,0.5384615659713745,0.6021339893341064,66.9904556274414
nsl_kdd_v2,dnn_5class_cw,615,0,0,1,0.9999098777770996,0.4285714328289032,0.9971498250961304,75.32078552246094
nsl_kdd_v2,dnn_5class_cw,616,2,2,1,0.8776994943618774,0.6666666865348816,0.3312618136405945,57.87290954589844
nsl_kdd_v2,dnn_5class_cw,617,1,1,1,0.9999098777770996,0.5384615659713745,0.0,0.8135266304016113
nsl_kdd_v2,dnn_5class_cw,618,0,0,1,0.9997413754463196,0.4285714328289032,0.9918208718299866,75.18214416503906
nsl_kdd_v2,dnn_5class_cw,619,1,1,1,0.9999098777770996,0.5384615659713745,0.0,0.8135266304016113
nsl_kdd_v2,dnn_5class_cw,620,2,1,0,0.9999098777770996,0.5384615659713745,0.0,0.8135266304016113
nsl_kdd_v2,dnn_5class_cw,621,0,2,0,0.9546841979026794,0.5384615659713745,0.7522135376930237,72.8537368774414
nsl_kdd_v2,dnn_5class_cw,622,1,1,1,0.9999098777770996,0.5384615659713745,0.0,0.8135266304016113
nsl_kdd_v2,dnn_5class_cw,623,3,0,0,0.9841618537902832,0.6666666865348816,0.4991113245487213,68.92723846435547
nsl_kdd_v2,dnn_5class_cw,624,4,0,0,0.5881772637367249,0.5384615659713745,0.0,0.6816387176513672
nsl_kdd_v2,dnn_5class_cw,625,2,0,0,0.7794483304023743,0.6666666865348816,0.0,0.8039554357528687
nsl_kdd_v2,dnn_5class_cw,626,3,3,1,0.8332366943359375,0.6666666865348816,0.8059940934181213,76.50144958496094
nsl_kdd_v2,dnn_5class_cw,627,2,2,1,0.9999655485153198,0.5384615659713745,0.9998116493225098,81.34908294677734
nsl_kdd_v2,dnn_5class_cw,628,1,1,1,0.9999098777770996,0.5384615659713745,0.0,0.8135266304016113
nsl_kdd_v2,dnn_5class_cw,629,0,0,1,0.9997414946556091,0.3333333432674408,0.9918246269226074,69.14070129394531
nsl_kdd_v2,dnn_5class_cw,630,1,1,1,0.9999098777770996,0.8181818127632141,0.0,0.9352695941925049
nsl_kdd_v2,dnn_5class_cw,631,3,0,0,0.9999098777770996,0.5384615659713745,0.9971498250961304,81.27531433105469
nsl_kdd_v2,dnn_5class_cw,632,1,1,1,0.9999098777770996,0.4285714328289032,0.0,0.7539246678352356
nsl_kdd_v2,dnn_5class_cw,633,1,0,0,0.999733567237854,0.4285714328289032,0.9915739297866821,75.17570495605469
nsl_kdd_v2,dnn_5class_cw,634,2,1,0,0.9999098777770996,0.8181818127632141,0.0,0.9352695941925049
nsl_kdd_v2,dnn_5class_cw,635,2,2,1,0.9978649020195007,0.6666666865348816,0.988325297832489,86.95478057861328
nsl_kdd_v2,dnn_5class_cw,636,3,0,0,0.9999098777770996,0.5384615659713745,0.9971498250961304,81.27531433105469
nsl_kdd_v2,dnn_5class_cw,637,0,0,1,0.7417272329330444,0.6666666865348816,0.0,0.7907713651657104
nsl_kdd_v2,dnn_5class_cw,638,0,0,1,0.9997414946556091,0.4285714328289032,0.9918246269226074,75.18224334716797
nsl_kdd_v2,dnn_5class_cw,639,1,1,1,0.9560425877571106,0.5384615659713745,0.0,0.8014515042304993
nsl_kdd_v2,dnn_5class_cw,640,3,0,0,0.9997413158416748,0.4285714328289032,0.9918190240859985,75.18209838867188
nsl_kdd_v2,dnn_5class_cw,641,2,2,1,0.9999655485153198,0.6666666865348816,0.9998116493225098,87.3515625
nsl_kdd_v2,dnn_5class_cw,642,1,1,1,0.9673594832420349,0.5384615659713745,0.0,0.8046014308929443
nsl_kdd_v2,dnn_5class_cw,643,1,1,1,0.9999098777770996,0.5384615659713745,0.0,0.8135266304016113
nsl_kdd_v2,dnn_5class_cw,644,1,1,1,0.9999098777770996,0.5384615659713745,0.0,0.8135266304016113
nsl_kdd_v2,dnn_5class_cw,645,2,2,1,0.9675014019012451,0.6666666865348816,0.8222979307174683,80.94620513916016
nsl_kdd_v2,dnn_5class_cw,646,0,0,1,0.9999098777770996,0.25,0.9971498250961304,62.93425750732422
nsl_kdd_v2,dnn_5class_cw,647,0,0,1,0.9999098777770996,0.4285714328289032,0.9971498250961304,75.32078552246094
nsl_kdd_v2,dnn_5class_cw,648,0,0,1,0.9997413754463196,0.4285714328289032,0.9918208718299866,75.18214416503906
nsl_kdd_v2,dnn_5class_cw,649,1,1,1,0.9999098777770996,0.5384615659713745,0.0,0.8135266304016113
nsl_kdd_v2,dnn_5class_cw,650,3,0,0,0.984163224697113,0.5384615659713745,0.4991546869277954,64.19270324707031
nsl_kdd_v2,dnn_5class_cw,651,1,1,1,0.9999098777770996,0.6666666865348816,0.0,0.8735541105270386
nsl_kdd_v2,dnn_5class_cw,652,0,0,1,0.9997413754463196,0.5384615659713745,0.9918208718299866,81.12571716308594
nsl_kdd_v2,dnn_5class_cw,653,1,1,1,0.9999098777770996,0.4285714328289032,0.0,0.7539246678352356
nsl_kdd_v2,dnn_5class_cw,654,3,0,0,0.9999098777770996,0.4285714328289032,0.9971498250961304,75.32078552246094
nsl_kdd_v2,dnn_5class_cw,655,1,1,1,0.9999098777770996,0.3333333432674408,0.0,0.6933403015136719
nsl_kdd_v2,dnn_5class_cw,656,2,1,0,0.8812945485115051,0.5384615659713745,0.0,0.7799950838088989
nsl_kdd_v2,dnn_5class_cw,657,3,3,1,0.7184202671051025,0.5384615659713745,0.6724211573600769,63.83490753173828
nsl_kdd_v2,dnn_5class_cw,658,3,0,0,0.9931654334068298,0.5384615659713745,0.7838537096977234,74.84056854248047
nsl_kdd_v2,dnn_5class_cw,659,4,4,1,0.8182466626167297,0.6666666865348816,0.0,0.8170793652534485
nsl_kdd_v2,dnn_5class_cw,660,3,0,0,0.9998908042907715,0.5384615659713745,0.9965466260910034,81.25840759277344
nsl_kdd_v2,dnn_5class_cw,661,3,0,0,0.9932374358177185,0.6666666865348816,0.7861307859420776,80.44249725341797
nsl_kdd_v2,dnn_5class_cw,662,3,0,0,0.9635186195373535,0.6666666865348816,0.0,0.8628253936767578
nsl_kdd_v2,dnn_5class_cw,663,2,2,1,0.9273884296417236,0.5384615659713745,0.6029605269432068,67.02473449707031
nsl_kdd_v2,dnn_5class_cw,664,4,0,0,0.7824383974075317,0.25,0.0,0.5804925560951233
nsl_kdd_v2,dnn_5class_cw,665,0,0,1,0.9999098777770996,0.4285714328289032,0.9971498250961304,75.32078552246094
nsl_kdd_v2,dnn_5class_cw,666,1,1,1,0.9999098777770996,0.3333333432674408,0.0,0.6933403015136719
nsl_kdd_v2,dnn_5class_cw,667,0,0,1,0.9997413754463196,0.4285714328289032,0.9918208718299866,75.18214416503906
nsl_kdd_v2,dnn_5class_cw,668,0,0,1,0.9997413754463196,0.5384615659713745,0.9918208718299866,81.12571716308594
nsl_kdd_v2,dnn_5class_cw,669,0,0,1,0.9997414946556091,0.5384615659713745,0.9918246269226074,81.12581634521484
nsl_kdd_v2,dnn_5class_cw,670,2,2,1,0.9999655485153198,0.5384615659713745,0.9998116493225098,81.34908294677734
nsl_kdd_v2,dnn_5class_cw,671,3,4,0,0.5172620415687561,0.4285714328289032,0.0,0.6052171587944031
nsl_kdd_v2,dnn_5class_cw,672,0,0,1,0.9997414946556091,0.4285714328289032,0.9918246269226074,75.18224334716797
nsl_kdd_v2,dnn_5class_cw,673,3,0,0,0.9997411370277405,0.6666666865348816,0.9918133616447449,87.11148834228516
nsl_kdd_v2,dnn_5class_cw,674,2,2,1,0.9546841979026794,0.4285714328289032,0.7522135376930237,67.51620483398438
nsl_kdd_v2,dnn_5class_cw,675,0,0,1,0.9999098777770996,0.5384615659713745,0.9971498250961304,81.27531433105469
nsl_kdd_v2,dnn_5class_cw,676,0,0,1,0.9997413754463196,0.6666666865348816,0.9918208718299866,87.11170959472656
nsl_kdd_v2,dnn_5class_cw,677,3,0,0,0.9999098777770996,0.5384615659713745,0.9971498250961304,81.27531433105469
nsl_kdd_v2,dnn_5class_cw,678,2,2,1,0.7056040167808533,0.4285714328289032,0.0,0.6712145805358887
nsl_kdd_v2,dnn_5class_cw,679,0,0,1,0.9997413754463196,0.4285714328289032,0.9918208718299866,75.18214416503906
nsl_kdd_v2,dnn_5class_cw,680,0,0,1,0.9997413754463196,0.5384615659713745,0.9918208718299866,81.12571716308594
nsl_kdd_v2,dnn_5class_cw,681,2,2,1,0.9978649020195007,0.5384615659713745,0.988325297832489,80.97956848144531
nsl_kdd_v2,dnn_5class_cw,682,1,1,1,0.9999098777770996,0.6666666865348816,0.0,0.8735541105270386
nsl_kdd_v2,dnn_5class_cw,683,2,0,0,0.9997413754463196,0.5384615659713745,0.9918208718299866,81.12571716308594
nsl_kdd_v2,dnn_5class_cw,684,1,1,1,0.9999098777770996,0.4285714328289032,0.0,0.7539246678352356
nsl_kdd_v2,dnn_5class_cw,685,3,0,0,0.9841632843017578,0.5384615659713745,0.49915656447410583,64.19278717041016
nsl_kdd_v2,dnn_5class_cw,686,3,0,0,0.9999098777770996,0.4285714328289032,0.9971498250961304,75.32078552246094
nsl_kdd_v2,dnn_5class_cw,687,0,0,1,0.9999098777770996,0.4285714328289032,0.9971498250961304,75.32078552246094
nsl_kdd_v2,dnn_5class_cw,688,4,0,0,0.9841279983520508,0.5384615659713745,0.49804064631462097,64.14414978027344
nsl_kdd_v2,dnn_5class_cw,689,0,0,1,0.9999098777770996,0.5384615659713745,0.9971498250961304,81.27531433105469
nsl_kdd_v2,dnn_5class_cw,690,2,2,1,0.9999655485153198,0.6666666865348816,0.9998116493225098,87.3515625
nsl_kdd_v2,dnn_5class_cw,691,2,0,0,0.7794480919837952,0.6666666865348816,0.0,0.8039553761482239
nsl_kdd_v2,dnn_5class_cw,692,0,0,1,0.9999098777770996,0.4285714328289032,0.9971498250961304,75.32078552246094
nsl_kdd_v2,dnn_5class_cw,693,1,0,0,0.999740719795227,0.5384615659713745,0.9918001294136047,81.12513732910156
nsl_kdd_v2,dnn_5class_cw,694,1,1,1,0.9999098777770996,0.5384615659713745,0.0,0.8135266304016113
nsl_kdd_v2,dnn_5class_cw,695,3,0,0,0.9997411966323853,0.5384615659713745,0.9918152093887329,81.12555694580078
nsl_kdd_v2,dnn_5class_cw,696,0,0,1,0.503179132938385,0.5384615659713745,0.0,0.6470815539360046
nsl_kdd_v2,dnn_5class_cw,697,1,1,1,0.8812946677207947,0.5384615659713745,0.0,0.7799951434135437
nsl_kdd_v2,dnn_5class_cw,698,2,0,0,0.9924440383911133,0.6666666865348816,0.7610392570495605,79.55618286132812
nsl_kdd_v2,dnn_5class_cw,699,0,0,1,0.9997411966323853,0.3333333432674408,0.9918152093887329,69.14047241210938
nsl_kdd_v2,dnn_5class_cw,700,4,3,0,0.740605890750885,0.6666666865348816,0.698231041431427,70.11834716796875
nsl_kdd_v2,dnn_5class_cw,701,0,0,1,0.9997414946556091,0.4285714328289032,0.9918246269226074,75.18224334716797
nsl_kdd_v2,dnn_5class_cw,702,1,1,1,0.9999098777770996,0.5384615659713745,0.0,0.8135266304016113
nsl_kdd_v2,dnn_5class_cw,703,2,2,1,0.7056040167808533,0.6666666865348816,0.0,0.7777198553085327
nsl_kdd_v2,dnn_5class_cw,704,1,1,1,0.9999098777770996,0.5384615659713745,0.0,0.8135266304016113
nsl_kdd_v2,dnn_5class_cw,705,0,0,1,0.9997413754463196,0.4285714328289032,0.9918208718299866,75.18214416503906
nsl_kdd_v2,dnn_5class_cw,706,2,2,1,0.8171175122261047,0.6666666865348816,0.0,0.8167033791542053
nsl_kdd_v2,dnn_5class_cw,707,0,0,1,0.9997413754463196,0.4285714328289032,0.9918208718299866,75.18214416503906
nsl_kdd_v2,dnn_5class_cw,708,3,0,0,0.9999098777770996,0.4285714328289032,0.9971498250961304,75.32078552246094
nsl_kdd_v2,dnn_5class_cw,709,2,2,1,0.9999655485153198,0.6666666865348816,0.9998116493225098,87.3515625
nsl_kdd_v2,dnn_5class_cw,710,2,2,1,0.9999655485153198,0.6666666865348816,0.9998116493225098,87.3515625
nsl_kdd_v2,dnn_5class_cw,711,0,0,1,0.9997413754463196,0.5384615659713745,0.9918208718299866,81.12571716308594
nsl_kdd_v2,dnn_5class_cw,712,3,0,0,0.9999098777770996,0.3333333432674408,0.9971498250961304,69.26810455322266
nsl_kdd_v2,dnn_5class_cw,713,2,2,1,0.9999655485153198,0.6666666865348816,0.9998116493225098,87.3515625
nsl_kdd_v2,dnn_5class_cw,714,2,2,1,0.9886560440063477,0.5384615659713745,0.9379713535308838,79.3346939086914
nsl_kdd_v2,dnn_5class_cw,715,2,2,1,0.9999655485153198,0.5384615659713745,0.9998116493225098,81.34908294677734
nsl_kdd_v2,dnn_5class_cw,716,3,0,0,0.9999098181724548,0.3333333432674408,0.9971479773521423,69.26806640625
nsl_kdd_v2,dnn_5class_cw,717,0,0,1,0.9997413754463196,0.4285714328289032,0.9918208718299866,75.18214416503906
nsl_kdd_v2,dnn_5class_cw,718,3,0,0,0.9997406005859375,0.4285714328289032,0.9917963743209839,75.18151092529297
nsl_kdd_v2,dnn_5class_cw,719,2,2,1,0.9999655485153198,0.6666666865348816,0.9998116493225098,87.3515625
nsl_kdd_v2,dnn_5class_cw,720,2,1,0,0.9999098777770996,0.5384615659713745,0.0,0.8135266304016113
nsl_kdd_v2,dnn_5class_cw,721,0,0,1,0.9929855465888977,0.6666666865348816,0.7781646847724915,80.16307830810547
nsl_kdd_v2,dnn_5class_cw,722,0,0,1,0.9997414946556091,0.3333333432674408,0.9918246269226074,69.14070129394531
nsl_kdd_v2,dnn_5class_cw,723,0,0,1,0.9999098777770996,0.5384615659713745,0.9971498250961304,81.27531433105469
nsl_kdd_v2,dnn_5class_cw,724,0,0,1,0.9999098777770996,0.5384615659713745,0.9971498250961304,81.27531433105469
nsl_kdd_v2,dnn_5class_cw,725,0,0,1,0.9997413754463196,0.4285714328289032,0.9918208718299866,75.18214416503906
nsl_kdd_v2,dnn_5class_cw,726,3,0,0,0.9999098181724548,0.4285714328289032,0.9971479773521423,75.32073211669922
nsl_kdd_v2,dnn_5class_cw,727,2,2,1,0.9675014019012451,0.4285714328289032,0.8222979307174683,69.8609848022461
nsl_kdd_v2,dnn_5class_cw,728,1,1,1,0.9999098777770996,0.3333333432674408,0.0,0.6933403015136719
nsl_kdd_v2,dnn_5class_cw,729,1,1,1,0.9295361042022705,0.6666666865348816,0.0,0.8525599837303162
nsl_kdd_v2,dnn_5class_cw,730,2,0,0,0.7071436643600464,0.6666666865348816,0.0,0.7782851457595825
nsl_kdd_v2,dnn_5class_cw,731,3,0,0,0.9999098777770996,0.4285714328289032,0.9971498250961304,75.32078552246094
nsl_kdd_v2,dnn_5class_cw,732,1,1,1,0.9999098777770996,0.4285714328289032,0.0,0.7539246678352356
nsl_kdd_v2,dnn_5class_cw,733,0,0,1,0.7417272329330444,0.5384615659713745,0.0,0.7364324331283569
nsl_kdd_v2,dnn_5class_cw,734,1,1,1,0.9999098777770996,0.6666666865348816,0.0,0.8735541105270386
nsl_kdd_v2,dnn_5class_cw,735,1,1,1,0.5968208312988281,0.3333333432674408,0.0,0.5837687253952026
nsl_kdd_v2,dnn_5class_cw,736,1,0,0,0.999739944934845,0.3333333432674408,0.991775631904602,69.1395263671875
nsl_kdd_v2,dnn_5class_cw,737,1,1,1,0.9885692000389099,0.6666666865348816,0.0,0.8702390193939209
nsl_kdd_v2,dnn_5class_cw,738,3,0,0,0.9999098777770996,0.4285714328289032,0.9971498250961304,75.32078552246094
nsl_kdd_v2,dnn_5class_cw,739,0,0,1,0.7331169843673706,0.6666666865348816,0.0,0.7876995801925659
nsl_kdd_v2,dnn_5class_cw,740,3,0,0,0.9271487593650818,0.6666666865348816,0.0,0.851829469203949
nsl_kdd_v2,dnn_5class_cw,741,0,0,1,0.9997413754463196,0.4285714328289032,0.9918208718299866,75.18214416503906
nsl_kdd_v2,dnn_5class_cw,742,2,2,1,0.9999655485153198,0.5384615659713745,0.9998116493225098,81.34908294677734
nsl_kdd_v2,dnn_5class_cw,743,2,2,1,0.9999655485153198,0.5384615659713745,0.9998116493225098,81.34908294677734
nsl_kdd_v2,dnn_5class_cw,744,3,0,0,0.9999098777770996,0.4285714328289032,0.9971498250961304,75.32078552246094
nsl_kdd_v2,dnn_5class_cw,745,2,2,1,0.9999655485153198,0.5384615659713745,0.9998116493225098,81.34908294677734
nsl_kdd_v2,dnn_5class_cw,746,1,1,1,0.8812945485115051,0.5384615659713745,0.0,0.7799950838088989
nsl_kdd_v2,dnn_5class_cw,747,0,0,1,0.9999098777770996,0.3333333432674408,0.9971498250961304,69.26810455322266
nsl_kdd_v2,dnn_5class_cw,748,2,1,0,0.9999098777770996,0.6666666865348816,0.0,0.8735541105270386
nsl_kdd_v2,dnn_5class_cw,749,2,2,1,0.9978649020195007,0.5384615659713745,0.988325297832489,80.97956848144531
nsl_kdd_v2,dnn_5class_cw,750,0,0,1,0.9997413754463196,0.5384615659713745,0.9918208718299866,81.12571716308594
nsl_kdd_v2,dnn_5class_cw,751,2,2,1,0.9928231239318848,0.5384615659713745,0.9607568979263306,80.08417510986328
nsl_kdd_v2,dnn_5class_cw,752,0,0,1,0.9997406005859375,0.3333333432674408,0.9917963743209839,69.14002227783203
nsl_kdd_v2,dnn_5class_cw,753,2,1,0,0.7039127945899963,0.5384615659713745,0.0,0.7236986756324768
nsl_kdd_v2,dnn_5class_cw,754,3,0,0,0.9930647611618042,0.4285714328289032,0.7806698679924011,69.26110076904297
nsl_kdd_v2,dnn_5class_cw,755,1,1,1,0.9673594832420349,0.5384615659713745,0.0,0.8046014308929443
nsl_kdd_v2,dnn_5class_cw,756,0,1,0,0.9999098777770996,0.4285714328289032,0.0,0.7539246678352356
nsl_kdd_v2,dnn_5class_cw,757,1,0,0,0.8633928298950195,0.5384615659713745,0.0,0.774677574634552
nsl_kdd_v2,dnn_5class_cw,758,0,0,1,0.9999098777770996,0.4285714328289032,0.9971498250961304,75.32078552246094
nsl_kdd_v2,dnn_5class_cw,759,1,1,1,0.9999098777770996,0.5384615659713745,0.0,0.8135266304016113
nsl_kdd_v2,dnn_5class_cw,760,3,0,0,0.9999098181724548,0.5384615659713745,0.9971479773521423,81.27526092529297
nsl_kdd_v2,dnn_5class_cw,761,0,0,1,0.9997414946556091,0.4285714328289032,0.9918246269226074,75.18224334716797
nsl_kdd_v2,dnn_5class_cw,762,0,0,1,0.9999098777770996,0.5384615659713745,0.9971498250961304,81.27531433105469
nsl_kdd_v2,dnn_5class_cw,763,3,0,0,0.9997413754463196,0.4285714328289032,0.9918208718299866,75.18214416503906
nsl_kdd_v2,dnn_5class_cw,764,0,0,1,0.9997413754463196,0.5384615659713745,0.9918208718299866,81.12571716308594
nsl_kdd_v2,dnn_5class_cw,765,3,3,1,0.6135943531990051,0.5384615659713745,0.550470769405365,56.65741729736328
nsl_kdd_v2,dnn_5class_cw,766,2,0,0,0.729005753993988,0.5384615659713745,0.0,0.7321979403495789
nsl_kdd_v2,dnn_5class_cw,767,0,0,1,0.9999098777770996,0.5384615659713745,0.9971498250961304,81.27531433105469
nsl_kdd_v2,dnn_5class_cw,768,0,0,1,0.9999098777770996,0.4285714328289032,0.9971498250961304,75.32078552246094
nsl_kdd_v2,dnn_5class_cw,769,2,2,1,0.9886560440063477,0.5384615659713745,0.9379713535308838,79.3346939086914
nsl_kdd_v2,dnn_5class_cw,770,1,1,1,0.9999098777770996,0.3333333432674408,0.0,0.6933403015136719
nsl_kdd_v2,dnn_5class_cw,771,0,2,0,0.9546841979026794,0.6666666865348816,0.7522135376930237,78.2293701171875
nsl_kdd_v2,dnn_5class_cw,772,1,1,1,0.9999098777770996,0.4285714328289032,0.0,0.7539246678352356
nsl_kdd_v2,dnn_5class_cw,773,1,1,1,0.9999098777770996,0.5384615659713745,0.0,0.8135266304016113
nsl_kdd_v2,dnn_5class_cw,774,3,0,0,0.9176726341247559,0.5384615659713745,0.0,0.7905829548835754
nsl_kdd_v2,dnn_5class_cw,775,3,0,0,0.9931305646896362,0.5384615659713745,0.7827509641647339,74.8045883178711
nsl_kdd_v2,dnn_5class_cw,776,3,0,0,0.9997406005859375,0.4285714328289032,0.9917963743209839,75.18151092529297
nsl_kdd_v2,dnn_5class_cw,777,4,4,1,0.5534098744392395,0.4285714328289032,0.0,0.6189990043640137
nsl_kdd_v2,dnn_5class_cw,778,1,0,0,0.9997407793998718,0.4285714328289032,0.9918020367622375,75.18164825439453
nsl_kdd_v2,dnn_5class_cw,779,0,0,1,0.9999098777770996,0.4285714328289032,0.9971498250961304,75.32078552246094
nsl_kdd_v2,dnn_5class_cw,780,0,0,1,0.9997414946556091,0.4285714328289032,0.9918246269226074,75.18224334716797
nsl_kdd_v2,dnn_5class_cw,781,0,0,1,0.9997413754463196,0.4285714328289032,0.9918208718299866,75.18214416503906
nsl_kdd_v2,dnn_5class_cw,782,0,0,1,0.9997414946556091,0.6666666865348816,0.9918246269226074,87.11183166503906
nsl_kdd_v2,dnn_5class_cw,783,1,1,1,0.9999098777770996,0.4285714328289032,0.0,0.7539246678352356
nsl_kdd_v2,dnn_5class_cw,784,1,1,1,0.8022254109382629,0.6666666865348816,0.0,0.8117114305496216
nsl_kdd_v2,dnn_5class_cw,785,0,0,1,0.9997414946556091,0.4285714328289032,0.9918246269226074,75.18224334716797
nsl_kdd_v2,dnn_5class_cw,786,3,0,0,0.9997400641441345,0.5384615659713745,0.9917793869972229,81.12454986572266
nsl_kdd_v2,dnn_5class_cw,787,1,0,0,0.9997404217720032,0.5384615659713745,0.9917907118797302,81.12486267089844
nsl_kdd_v2,dnn_5class_cw,788,1,1,1,0.9999098777770996,0.5384615659713745,0.0,0.8135266304016113
nsl_kdd_v2,dnn_5class_cw,789,4,0,0,0.9836058616638184,0.4285714328289032,0.48152783513069153,58.76994323730469
nsl_kdd_v2,dnn_5class_cw,790,0,0,1,0.9999098777770996,0.4285714328289032,0.9971498250961304,75.32078552246094
nsl_kdd_v2,dnn_5class_cw,791,0,0,1,0.9997414946556091,0.4285714328289032,0.9918246269226074,75.18224334716797
nsl_kdd_v2,dnn_5class_cw,792,1,1,1,0.9999098777770996,0.4285714328289032,0.0,0.7539246678352356
nsl_kdd_v2,dnn_5class_cw,793,2,1,0,0.9999098777770996,0.6666666865348816,0.0,0.8735541105270386
nsl_kdd_v2,dnn_5class_cw,794,1,1,1,0.9885692000389099,0.5384615659713745,0.0,0.8104393482208252
nsl_kdd_v2,dnn_5class_cw,795,2,0,0,0.9997410774230957,0.5384615659713745,0.9918114542961121,81.12545013427734
nsl_kdd_v2,dnn_5class_cw,796,2,0,0,0.7005288600921631,0.6666666865348816,0.0,0.775850772857666
nsl_kdd_v2,dnn_5class_cw,797,1,1,1,0.9999098777770996,0.4285714328289032,0.0,0.7539246678352356
nsl_kdd_v2,dnn_5class_cw,798,1,1,1,0.9977885484695435,0.5384615659713745,0.0,0.8129510283470154
nsl_kdd_v2,dnn_5class_cw,799,3,0,0,0.9997402429580688,0.5384615659713745,0.9917850494384766,81.12470245361328
nsl_kdd_v2,dnn_5class_cw,800,2,1,0,0.9999098777770996,0.6666666865348816,0.0,0.8735541105270386
nsl_kdd_v2,dnn_5class_cw,801,2,2,1,0.9978649020195007,0.5384615659713745,0.988325297832489,80.97956848144531
nsl_kdd_v2,dnn_5class_cw,802,0,0,1,0.9997413754463196,0.3333333432674408,0.9918208718299866,69.14060974121094
nsl_kdd_v2,dnn_5class_cw,803,0,0,1,0.9999098777770996,0.4285714328289032,0.9971498250961304,75.32078552246094
nsl_kdd_v2,dnn_5class_cw,804,1,1,1,0.9999098777770996,0.25,0.0,0.6299415230751038
nsl_kdd_v2,dnn_5class_cw,805,3,0,0,0.9997413158416748,0.4285714328289032,0.9918190240859985,75.18209838867188
nsl_kdd_v2,dnn_5class_cw,806,3,0,0,0.9930652379989624,0.6666666865348816,0.7806849479675293,80.25167846679688
nsl_kdd_v2,dnn_5class_cw,807,2,0,0,0.8588213324546814,0.5384615659713745,0.0,0.7733079195022583
nsl_kdd_v2,dnn_5class_cw,808,3,0,0,0.9931290745735168,0.3333333432674408,0.7827038168907166,63.752017974853516
nsl_kdd_v2,dnn_5class_cw,809,4,4,1,0.8183754682540894,0.4285714328289032,0.0,0.7052209973335266
nsl_kdd_v2,dnn_5class_cw,810,0,0,1,0.9997413754463196,0.1764705926179886,0.9918208718299866,55.93252182006836
nsl_kdd_v2,dnn_5class_cw,811,4,0,0,0.9997411370277405,0.25,0.9918133616447449,62.81825256347656
nsl_kdd_v2,dnn_5class_cw,812,2,2,1,0.6949030756950378,0.5384615659713745,0.0,0.7205977439880371
nsl_kdd_v2,dnn_5class_cw,813,0,0,1,0.9997413754463196,0.5384615659713745,0.9918208718299866,81.12571716308594
nsl_kdd_v2,dnn_5class_cw,814,1,1,1,0.9999098777770996,0.3333333432674408,0.0,0.6933403015136719
nsl_kdd_v2,dnn_5class_cw,815,1,1,1,0.9999098777770996,0.6666666865348816,0.0,0.8735541105270386
nsl_kdd_v2,dnn_5class_cw,816,1,1,1,0.9999098777770996,0.4285714328289032,0.0,0.7539246678352356
nsl_kdd_v2,dnn_5class_cw,817,2,2,1,0.9999655485153198,0.6666666865348816,0.9998116493225098,87.3515625
nsl_kdd_v2,dnn_5class_cw,818,1,1,1,0.9999098777770996,0.4285714328289032,0.0,0.7539246678352356
nsl_kdd_v2,dnn_5class_cw,819,0,0,1,0.9999098777770996,0.5384615659713745,0.9971498250961304,81.27531433105469
nsl_kdd_v2,dnn_5class_cw,820,3,0,0,0.9997391104698181,0.5384615659713745,0.9917492270469666,81.12369537353516
nsl_kdd_v2,dnn_5class_cw,821,4,0,0,0.9997403621673584,0.5384615659713745,0.9917888045310974,81.12480926513672
nsl_kdd_v2,dnn_5class_cw,822,1,1,1,0.9999098777770996,0.4285714328289032,0.0,0.7539246678352356
nsl_kdd_v2,dnn_5class_cw,823,3,0,0,0.9999098777770996,0.5384615659713745,0.9971498250961304,81.27531433105469
nsl_kdd_v2,dnn_5class_cw,824,1,1,1,0.9999098777770996,0.4285714328289032,0.0,0.7539246678352356
nsl_kdd_v2,dnn_5class_cw,825,1,1,1,0.9999098777770996,0.5384615659713745,0.0,0.8135266304016113
nsl_kdd_v2,dnn_5class_cw,826,0,0,1,0.9999098777770996,0.4285714328289032,0.9971498250961304,75.32078552246094
nsl_kdd_v2,dnn_5class_cw,827,1,1,1,0.9999098777770996,0.4285714328289032,0.0,0.7539246678352356
nsl_kdd_v2,dnn_5class_cw,828,2,2,1,0.9978649020195007,0.4285714328289032,0.988325297832489,75.04670715332031
nsl_kdd_v2,dnn_5class_cw,829,2,2,1,0.9999655485153198,0.5384615659713745,0.9998116493225098,81.34908294677734
nsl_kdd_v2,dnn_5class_cw,830,3,0,0,0.9999098777770996,0.4285714328289032,0.9971498250961304,75.32078552246094
nsl_kdd_v2,dnn_5class_cw,831,3,3,1,0.6135937571525574,0.5384615659713745,0.5504700541496277,56.65737533569336
nsl_kdd_v2,dnn_5class_cw,832,1,1,1,0.9999098777770996,0.5384615659713745,0.0,0.8135266304016113
nsl_kdd_v2,dnn_5class_cw,833,2,2,1,0.660271167755127,0.8181818127632141,0.0,0.814436674118042
nsl_kdd_v2,dnn_5class_cw,834,1,1,1,0.9999098777770996,0.5384615659713745,0.0,0.8135266304016113
nsl_kdd_v2,dnn_5class_cw,835,2,2,1,0.9999655485153198,0.6666666865348816,0.9998116493225098,87.3515625
nsl_kdd_v2,dnn_5class_cw,836,1,1,1,0.9999098777770996,0.5384615659713745,0.0,0.8135266304016113
nsl_kdd_v2,dnn_5class_cw,837,4,0,0,0.841011106967926,0.6666666865348816,0.0,0.8245875239372253
nsl_kdd_v2,dnn_5class_cw,838,3,0,0,0.9997413754463196,0.4285714328289032,0.9918208718299866,75.18214416503906
nsl_kdd_v2,dnn_5class_cw,839,3,0,0,0.9999098777770996,0.5384615659713745,0.9971498250961304,81.27531433105469
nsl_kdd_v2,dnn_5class_cw,840,0,0,1,0.9999098777770996,0.4285714328289032,0.9971498250961304,75.32078552246094
nsl_kdd_v2,dnn_5class_cw,841,0,0,1,0.9997413754463196,0.4285714328289032,0.9918208718299866,75.18214416503906
nsl_kdd_v2,dnn_5class_cw,842,3,0,0,0.5820967555046082,0.5384615659713745,0.0,0.6792816519737244
nsl_kdd_v2,dnn_5class_cw,843,0,2,0,0.6223044395446777,0.4285714328289032,0.0,0.6436878442764282
nsl_kdd_v2,dnn_5class_cw,844,1,1,1,0.9999098777770996,0.4285714328289032,0.0,0.7539246678352356
nsl_kdd_v2,dnn_5class_cw,845,3,0,0,0.9997410774230957,0.5384615659713745,0.9918114542961121,81.12545013427734
nsl_kdd_v2,dnn_5class_cw,846,0,0,1,0.9997413158416748,0.5384615659713745,0.9918190240859985,81.12566375732422
nsl_kdd_v2,dnn_5class_cw,847,1,1,1,0.9999098777770996,0.6666666865348816,0.0,0.8735541105270386
nsl_kdd_v2,dnn_5class_cw,848,1,1,1,0.9999098777770996,0.6666666865348816,0.0,0.8735541105270386
nsl_kdd_v2,dnn_5class_cw,849,4,0,0,0.9084233641624451,0.25,0.0,0.6101117730140686
nsl_kdd_v2,dnn_5class_cw,850,2,0,0,0.6059476733207703,0.6666666865348816,0.0,0.7392327785491943
nsl_kdd_v2,dnn_5class_cw,851,1,0,0,0.9997373819351196,0.5384615659713745,0.9916945695877075,81.1221694946289
nsl_kdd_v2,dnn_5class_cw,852,0,0,1,0.9997413158416748,0.5384615659713745,0.9918190240859985,81.12566375732422
nsl_kdd_v2,dnn_5class_cw,853,1,1,1,0.9999098777770996,0.4285714328289032,0.0,0.7539246678352356
nsl_kdd_v2,dnn_5class_cw,854,2,0,0,0.7794480919837952,0.6666666865348816,0.0,0.8039553761482239
nsl_kdd_v2,dnn_5class_cw,855,3,0,0,0.9932374954223633,0.6666666865348816,0.7861326932907104,80.44256591796875
nsl_kdd_v2,dnn_5class_cw,856,1,1,1,0.9999098777770996,0.4285714328289032,0.0,0.7539246678352356
nsl_kdd_v2,dnn_5class_cw,857,0,0,1,0.9997413754463196,0.5384615659713745,0.9918208718299866,81.12571716308594
nsl_kdd_v2,dnn_5class_cw,858,3,0,0,0.9997403025627136,0.5384615659713745,0.9917869567871094,81.12476348876953
nsl_kdd_v2,dnn_5class_cw,859,3,0,0,0.5237916707992554,0.4285714328289032,0.0,0.6077530980110168
nsl_kdd_v2,dnn_5class_cw,860,3,0,0,0.5247532725334167,0.5384615659713745,0.0,0.6562004685401917
nsl_kdd_v2,dnn_5class_cw,861,1,0,0,0.9924448728561401,0.5384615659713745,0.7610656023025513,74.09024810791016
nsl_kdd_v2,dnn_5class_cw,862,1,0,0,0.9997413158416748,0.5384615659713745,0.9918190240859985,81.12566375732422
nsl_kdd_v2,dnn_5class_cw,863,1,0,0,0.9997401833534241,0.3333333432674408,0.9917832016944885,69.13970947265625
nsl_kdd_v2,dnn_5class_cw,864,2,2,1,0.9886560440063477,0.6666666865348816,0.9379713535308838,85.18854522705078
nsl_kdd_v2,dnn_5class_cw,865,4,0,0,0.9997411370277405,0.4285714328289032,0.9918133616447449,75.18194580078125
nsl_kdd_v2,dnn_5class_cw,866,3,0,0,0.5715665221214294,0.5384615659713745,0.0,0.6751606464385986
nsl_kdd_v2,dnn_5class_cw,867,3,0,0,0.9997414946556091,0.5384615659713745,0.9918246269226074,81.12581634521484
nsl_kdd_v2,dnn_5class_cw,868,3,0,0,0.5799008011817932,0.6666666865348816,0.0,0.7284852862358093
nsl_kdd_v2,dnn_5class_cw,869,4,0,0,0.9997411966323853,0.3333333432674408,0.9918152093887329,69.14047241210938
nsl_kdd_v2,dnn_5class_cw,870,2,2,1,0.9999655485153198,0.6666666865348816,0.9998116493225098,87.3515625
nsl_kdd_v2,dnn_5class_cw,871,3,0,0,0.9999098777770996,0.5384615659713745,0.9971498250961304,81.27531433105469
nsl_kdd_v2,dnn_5class_cw,872,2,2,1,0.9999655485153198,0.5384615659713745,0.9998116493225098,81.34908294677734
nsl_kdd_v2,dnn_5class_cw,873,2,2,1,0.9999655485153198,0.6666666865348816,0.9998116493225098,87.3515625
nsl_kdd_v2,dnn_5class_cw,874,1,1,1,0.9999098777770996,0.5384615659713745,0.0,0.8135266304016113
nsl_kdd_v2,dnn_5class_cw,875,1,1,1,0.9999098777770996,0.4285714328289032,0.0,0.7539246678352356
nsl_kdd_v2,dnn_5class_cw,876,0,0,1,0.9999098777770996,0.6666666865348816,0.9971498250961304,87.27235412597656
nsl_kdd_v2,dnn_5class_cw,877,0,0,1,0.9999098777770996,0.5384615659713745,0.9971498250961304,81.27531433105469
nsl_kdd_v2,dnn_5class_cw,878,3,0,0,0.9997413754463196,0.6666666865348816,0.9918208718299866,87.11170959472656
nsl_kdd_v2,dnn_5class_cw,879,2,2,1,0.8776994943618774,0.4285714328289032,0.3312618136405945,49.94746780395508
nsl_kdd_v2,dnn_5class_cw,880,1,1,1,0.9999098777770996,0.25,0.0,0.6299415230751038
nsl_kdd_v2,dnn_5class_cw,881,4,0,0,0.9997409582138062,0.5384615659713745,0.9918076992034912,81.1253433227539
nsl_kdd_v2,dnn_5class_cw,882,0,0,1,0.9997414946556091,0.6666666865348816,0.9918246269226074,87.11183166503906
nsl_kdd_v2,dnn_5class_cw,883,2,2,1,0.9999655485153198,0.5384615659713745,0.9998116493225098,81.34908294677734
nsl_kdd_v2,dnn_5class_cw,884,3,0,0,0.525260865688324,0.5384615659713745,0.0,0.6564120054244995
nsl_kdd_v2,dnn_5class_cw,885,0,0,1,0.9997414946556091,0.4285714328289032,0.9918246269226074,75.18224334716797
nsl_kdd_v2,dnn_5class_cw,886,1,1,1,0.9885692000389099,0.5384615659713745,0.0,0.8104393482208252
nsl_kdd_v2,dnn_5class_cw,887,3,0,0,0.9999098777770996,0.5384615659713745,0.9971498250961304,81.27531433105469
nsl_kdd_v2,dnn_5class_cw,888,2,2,1,0.9886560440063477,0.6666666865348816,0.9379713535308838,85.18854522705078
nsl_kdd_v2,dnn_5class_cw,889,0,0,1,0.9999098777770996,0.5384615659713745,0.9971498250961304,81.27531433105469
nsl_kdd_v2,dnn_5class_cw,890,2,2,1,0.9978649020195007,0.5384615659713745,0.988325297832489,80.97956848144531
nsl_kdd_v2,dnn_5class_cw,891,0,0,1,0.9201236963272095,0.4285714328289032,0.0,0.7333136200904846
nsl_kdd_v2,dnn_5class_cw,892,1,1,1,0.9999098777770996,0.6666666865348816,0.0,0.8735541105270386
nsl_kdd_v2,dnn_5class_cw,893,3,0,0,0.5875725746154785,0.5384615659713745,0.0,0.6814050674438477
nsl_kdd_v2,dnn_5class_cw,894,4,4,1,0.6111999154090881,0.5384615659713745,0.0,0.6904187798500061
nsl_kdd_v2,dnn_5class_cw,895,0,0,1,0.9999098777770996,0.5384615659713745,0.9971498250961304,81.27531433105469
nsl_kdd_v2,dnn_5class_cw,896,0,0,1,0.9999098777770996,0.4285714328289032,0.9971498250961304,75.32078552246094
nsl_kdd_v2,dnn_5class_cw,897,1,1,1,0.9999098777770996,0.3333333432674408,0.0,0.6933403015136719
nsl_kdd_v2,dnn_5class_cw,898,3,0,0,0.9546558260917664,0.6666666865348816,0.0,0.8601716756820679
nsl_kdd_v2,dnn_5class_cw,899,0,0,1,0.9997413754463196,0.3333333432674408,0.9918208718299866,69.14060974121094
nsl_kdd_v2,dnn_5class_cw,900,1,1,1,0.9999098777770996,0.5384615659713745,0.0,0.8135266304016113
nsl_kdd_v2,dnn_5class_cw,901,1,0,0,0.9681286811828613,0.4285714328289032,0.0,0.7458509206771851
nsl_kdd_v2,dnn_5class_cw,902,2,2,1,0.9999655485153198,0.4285714328289032,0.9998116493225098,75.38914489746094
nsl_kdd_v2,dnn_5class_cw,903,0,0,1,0.9999098777770996,0.3333333432674408,0.9971498250961304,69.26810455322266
nsl_kdd_v2,dnn_5class_cw,904,1,1,1,0.9999098777770996,0.4285714328289032,0.0,0.7539246678352356
nsl_kdd_v2,dnn_5class_cw,905,2,0,0,0.9722151756286621,0.5384615659713745,0.1212921291589737,39.89482498168945
nsl_kdd_v2,dnn_5class_cw,906,1,1,1,0.9999098777770996,0.4285714328289032,0.0,0.7539246678352356
nsl_kdd_v2,dnn_5class_cw,907,1,1,1,0.9977885484695435,0.25,0.0,0.6294957399368286
nsl_kdd_v2,dnn_5class_cw,908,2,0,0,0.9997304677963257,0.6666666865348816,0.9914759397506714,87.1012954711914
nsl_kdd_v2,dnn_5class_cw,909,2,2,1,0.9886560440063477,0.5384615659713745,0.9379713535308838,79.3346939086914
nsl_kdd_v2,dnn_5class_cw,910,2,2,1,0.9978649020195007,0.5384615659713745,0.988325297832489,80.97956848144531
nsl_kdd_v2,dnn_5class_cw,911,4,0,0,0.9368562698364258,0.6666666865348816,0.0,0.8547921776771545
nsl_kdd_v2,dnn_5class_cw,912,1,1,1,0.8022254109382629,0.5384615659713745,0.0,0.7559335827827454
nsl_kdd_v2,dnn_5class_cw,913,1,1,1,0.62153160572052,0.4285714328289032,0.0,0.6434212327003479
nsl_kdd_v2,dnn_5class_cw,914,0,0,1,0.9999098777770996,0.5384615659713745,0.9971498250961304,81.27531433105469
nsl_kdd_v2,dnn_5class_cw,915,2,2,1,0.9999655485153198,0.4285714328289032,0.9998116493225098,75.38914489746094
nsl_kdd_v2,dnn_5class_cw,916,4,0,0,0.9279580116271973,0.6666666865348816,0.0,0.8520772457122803
nsl_kdd_v2,dnn_5class_cw,917,0,0,1,0.5065041780471802,0.6666666865348816,0.0,0.6963547468185425
nsl_kdd_v2,dnn_5class_cw,918,0,0,1,0.9999098777770996,0.4285714328289032,0.9971498250961304,75.32078552246094
nsl_kdd_v2,dnn_5class_cw,919,1,1,1,0.9999098777770996,0.6666666865348816,0.0,0.8735541105270386
nsl_kdd_v2,dnn_5class_cw,920,3,0,0,0.9793620109558105,0.5384615659713745,0.34731408953666687,56.79020690917969
nsl_kdd_v2,dnn_5class_cw,921,1,1,1,0.9977885484695435,0.3333333432674408,0.0,0.6928496956825256
nsl_kdd_v2,dnn_5class_cw,922,1,1,1,0.5463228821754456,0.5384615659713745,0.0,0.6650709509849548
nsl_kdd_v2,dnn_5class_cw,923,3,0,0,0.9812520146369934,0.6666666865348816,0.4070863127708435,64.33667755126953
nsl_kdd_v2,dnn_5class_cw,924,3,0,0,0.983327329158783,0.5384615659713745,0.47271910309791565,63.02100372314453
nsl_kdd_v2,dnn_5class_cw,925,1,0,0,0.9635055065155029,0.5384615659713745,0.0,0.8035315275192261
nsl_kdd_v2,dnn_5class_cw,926,3,0,0,0.5831895470619202,0.4285714328289032,0.0,0.6299086809158325
nsl_kdd_v2,dnn_5class_cw,927,3,0,0,0.5178057551383972,0.5384615659713745,0.0,0.6532917022705078
nsl_kdd_v2,dnn_5class_cw,928,1,1,1,0.9999098777770996,0.5384615659713745,0.0,0.8135266304016113
nsl_kdd_v2,dnn_5class_cw,929,3,0,0,0.9999098777770996,0.4285714328289032,0.9971498250961304,75.32078552246094
nsl_kdd_v2,dnn_5class_cw,930,1,1,1,0.9999098777770996,0.5384615659713745,0.0,0.8135266304016113
nsl_kdd_v2,dnn_5class_cw,931,0,0,1,0.9997413158416748,0.5384615659713745,0.9918190240859985,81.12566375732422
nsl_kdd_v2,dnn_5class_cw,932,2,0,0,0.503179132938385,0.4285714328289032,0.0,0.5996739864349365
nsl_kdd_v2,dnn_5class_cw,933,1,0,0,0.9635018110275269,0.5384615659713745,0.0,0.8035305142402649
nsl_kdd_v2,dnn_5class_cw,934,0,0,1,0.9997414946556091,0.5384615659713745,0.9918246269226074,81.12581634521484
nsl_kdd_v2,dnn_5class_cw,935,2,2,1,0.9978649020195007,0.4285714328289032,0.988325297832489,75.04670715332031
nsl_kdd_v2,dnn_5class_cw,936,4,0,0,0.9764373898506165,0.8181818127632141,0.2548215985298157,58.82701110839844
nsl_kdd_v2,dnn_5class_cw,937,4,0,0,0.5208346843719482,0.3333333432674408,0.0,0.5578612089157104
nsl_kdd_v2,dnn_5class_cw,938,3,0,0,0.5853716135025024,0.5384615659713745,0.0,0.6805531978607178
nsl_kdd_v2,dnn_5class_cw,939,0,0,1,0.9997413754463196,0.3333333432674408,0.9918208718299866,69.14060974121094
nsl_kdd_v2,dnn_5class_cw,940,1,1,1,0.9999098777770996,0.5384615659713745,0.0,0.8135266304016113
nsl_kdd_v2,dnn_5class_cw,941,2,2,1,0.642092764377594,0.8181818127632141,0.0,0.8068927526473999
nsl_kdd_v2,dnn_5class_cw,942,3,2,0,0.7056040167808533,0.4285714328289032,0.0,0.6712145805358887
nsl_kdd_v2,dnn_5class_cw,943,0,0,1,0.9999098777770996,0.5384615659713745,0.9971498250961304,81.27531433105469
nsl_kdd_v2,dnn_5class_cw,944,1,1,1,0.9977885484695435,0.4285714328289032,0.0,0.7533911466598511
nsl_kdd_v2,dnn_5class_cw,945,3,0,0,0.9841631054878235,0.4285714328289032,0.4991509020328522,59.48955535888672
nsl_kdd_v2,dnn_5class_cw,946,3,0,0,0.9997413754463196,0.5384615659713745,0.9918208718299866,81.12571716308594
nsl_kdd_v2,dnn_5class_cw,947,1,1,1,0.9999098777770996,0.4285714328289032,0.0,0.7539246678352356
nsl_kdd_v2,dnn_5class_cw,948,0,0,1,0.9997414946556091,0.3333333432674408,0.9918246269226074,69.14070129394531
nsl_kdd_v2,dnn_5class_cw,949,0,0,1,0.9997413754463196,0.5384615659713745,0.9918208718299866,81.12571716308594
nsl_kdd_v2,dnn_5class_cw,950,3,0,0,0.99974125623703,0.6666666865348816,0.9918171167373657,87.1115951538086
nsl_kdd_v2,dnn_5class_cw,951,1,1,1,0.9999098777770996,0.5384615659713745,0.0,0.8135266304016113
nsl_kdd_v2,dnn_5class_cw,952,2,2,1,0.9546841979026794,0.5384615659713745,0.7522135376930237,72.8537368774414
nsl_kdd_v2,dnn_5class_cw,953,0,0,1,0.9999098777770996,0.3333333432674408,0.9971498250961304,69.26810455322266
nsl_kdd_v2,dnn_5class_cw,954,1,2,0,0.8171175122261047,0.5384615659713745,0.0,0.7605825066566467
nsl_kdd_v2,dnn_5class_cw,955,3,0,0,0.9220244884490967,0.8181818127632141,0.0,0.9103268384933472
nsl_kdd_v2,dnn_5class_cw,956,1,1,1,0.9999098777770996,0.6666666865348816,0.0,0.8735541105270386
nsl_kdd_v2,dnn_5class_cw,957,1,0,0,0.9997407793998718,0.5384615659713745,0.9918020367622375,81.12519073486328
nsl_kdd_v2,dnn_5class_cw,958,3,0,0,0.9997413754463196,0.4285714328289032,0.9918208718299866,75.18214416503906
nsl_kdd_v2,dnn_5class_cw,959,1,1,1,0.9999098777770996,0.5384615659713745,0.0,0.8135266304016113
nsl_kdd_v2,dnn_5class_cw,960,0,2,0,0.9999655485153198,0.8181818127632141,0.9998116493225098,93.52284240722656
nsl_kdd_v2,dnn_5class_cw,961,2,2,1,0.9999655485153198,0.5384615659713745,0.9998116493225098,81.34908294677734
nsl_kdd_v2,dnn_5class_cw,962,1,1,1,0.9999098777770996,0.4285714328289032,0.0,0.7539246678352356
nsl_kdd_v2,dnn_5class_cw,963,1,1,1,0.9999098777770996,0.6666666865348816,0.0,0.8735541105270386
nsl_kdd_v2,dnn_5class_cw,964,0,0,1,0.9997414946556091,0.3333333432674408,0.9918246269226074,69.14070129394531
nsl_kdd_v2,dnn_5class_cw,965,1,1,1,0.9999098777770996,0.4285714328289032,0.0,0.7539246678352356
nsl_kdd_v2,dnn_5class_cw,966,3,0,0,0.9997413754463196,0.3333333432674408,0.9918208718299866,69.14060974121094
nsl_kdd_v2,dnn_5class_cw,967,1,1,1,0.9999098777770996,0.5384615659713745,0.0,0.8135266304016113
nsl_kdd_v2,dnn_5class_cw,968,3,0,0,0.9832624197006226,0.6666666865348816,0.4706663191318512,67.571533203125
nsl_kdd_v2,dnn_5class_cw,969,4,0,0,0.975637674331665,0.6666666865348816,0.2295302301645279,53.049224853515625
nsl_kdd_v2,dnn_5class_cw,970,3,0,0,0.9997409582138062,0.3333333432674408,0.9918076992034912,69.14029693603516
nsl_kdd_v2,dnn_5class_cw,971,3,3,1,0.7406061291694641,0.6666666865348816,0.6982312798500061,70.11837005615234
nsl_kdd_v2,dnn_5class_cw,972,3,0,0,0.9931654930114746,0.5384615659713745,0.7838555574417114,74.84063720703125
nsl_kdd_v2,dnn_5class_cw,973,0,0,1,0.9999098777770996,0.5384615659713745,0.9971498250961304,81.27531433105469
nsl_kdd_v2,dnn_5class_cw,974,0,0,1,0.7794498801231384,0.5384615659713745,0.0,0.7487110495567322
nsl_kdd_v2,dnn_5class_cw,975,2,2,1,0.9999655485153198,0.5384615659713745,0.9998116493225098,81.34908294677734
nsl_kdd_v2,dnn_5class_cw,976,2,2,1,0.9978649020195007,0.4285714328289032,0.988325297832489,75.04670715332031
nsl_kdd_v2,dnn_5class_cw,977,4,4,1,0.7251757383346558,0.3333333432674408,0.0,0.622931957244873
nsl_kdd_v2,dnn_5class_cw,978,2,2,1,0.9999655485153198,0.5384615659713745,0.9998116493225098,81.34908294677734
nsl_kdd_v2,dnn_5class_cw,979,3,0,0,0.9999098777770996,0.3333333432674408,0.9971498250961304,69.26810455322266
nsl_kdd_v2,dnn_5class_cw,980,0,0,1,0.9999098777770996,0.3333333432674408,0.9971498250961304,69.26810455322266
nsl_kdd_v2,dnn_5class_cw,981,0,0,1,0.9999098777770996,0.5384615659713745,0.9971498250961304,81.27531433105469
nsl_kdd_v2,dnn_5class_cw,982,2,0,0,0.7290056347846985,0.5384615659713745,0.0,0.7321978807449341
nsl_kdd_v2,dnn_5class_cw,983,2,2,1,0.9273884296417236,0.5384615659713745,0.6029605269432068,67.02473449707031
nsl_kdd_v2,dnn_5class_cw,984,0,0,1,0.9997414946556091,0.5384615659713745,0.9918246269226074,81.12581634521484
nsl_kdd_v2,dnn_5class_cw,985,1,1,1,0.9999098777770996,0.6666666865348816,0.0,0.8735541105270386
nsl_kdd_v2,dnn_5class_cw,986,2,2,1,0.9886560440063477,0.8181818127632141,0.9379713535308838,91.2070083618164
nsl_kdd_v2,dnn_5class_cw,987,3,0,0,0.9999098777770996,0.3333333432674408,0.9971498250961304,69.26810455322266
nsl_kdd_v2,dnn_5class_cw,988,3,0,0,0.9997413754463196,0.5384615659713745,0.9918208718299866,81.12571716308594
nsl_kdd_v2,dnn_5class_cw,989,1,1,1,0.9999098777770996,0.6666666865348816,0.0,0.8735541105270386
nsl_kdd_v2,dnn_5class_cw,990,3,0,0,0.9997401237487793,0.3333333432674408,0.9917812943458557,69.13965606689453
nsl_kdd_v2,dnn_5class_cw,991,2,2,1,0.9546841979026794,0.6666666865348816,0.7522135376930237,78.2293701171875
nsl_kdd_v2,dnn_5class_cw,992,3,0,0,0.9929533004760742,0.4285714328289032,0.7771449089050293,69.15411376953125
nsl_kdd_v2,dnn_5class_cw,993,0,0,1,0.9999098777770996,0.25,0.9971498250961304,62.93425750732422
nsl_kdd_v2,dnn_5class_cw,994,0,0,1,0.9997413754463196,0.4285714328289032,0.9918208718299866,75.18214416503906
nsl_kdd_v2,dnn_5class_cw,995,1,1,1,0.9977885484695435,0.3333333432674408,0.0,0.6928496956825256
nsl_kdd_v2,dnn_5class_cw,996,1,1,1,0.9999098777770996,0.4285714328289032,0.0,0.7539246678352356
nsl_kdd_v2,dnn_5class_cw,997,2,2,1,0.9675014019012451,0.5384615659713745,0.8222979307174683,75.38388061523438
nsl_kdd_v2,dnn_5class_cw,998,4,0,0,0.9400264024734497,0.4285714328289032,0.0,0.7385632395744324
nsl_kdd_v2,dnn_5class_cw,999,0,0,1,0.9997413754463196,0.5384615659713745,0.9918208718299866,81.12571716308594
nsl_kdd_v2,rf_5class_smote,0,0,0,1,0.9999852776527405,0.5384615659713745,0.0,0.8135471343994141
nsl_kdd_v2,rf_5class_smote,1,4,0,0,0.9861823320388794,0.4285714328289032,0.0,0.7504585981369019
nsl_kdd_v2,rf_5class_smote,2,3,0,0,0.9999852776527405,0.4285714328289032,0.0,0.7539436221122742
nsl_kdd_v2,rf_5class_smote,3,3,0,0,0.999981701374054,0.5384615659713745,0.0,0.8135461211204529
nsl_kdd_v2,rf_5class_smote,4,0,0,1,0.9999852776527405,0.5384615659713745,0.0,0.8135471343994141
nsl_kdd_v2,rf_5class_smote,5,2,2,1,0.8360503315925598,0.5384615659713745,0.0,0.7664120197296143
nsl_kdd_v2,rf_5class_smote,6,4,0,0,0.9822870492935181,0.5384615659713745,0.0,0.8087189793586731
nsl_kdd_v2,rf_5class_smote,7,3,0,0,0.9999803900718689,0.4285714328289032,0.0,0.7539424300193787
nsl_kdd_v2,rf_5class_smote,8,1,1,1,0.8717824816703796,0.4285714328289032,0.0,0.7202396988868713
nsl_kdd_v2,rf_5class_smote,9,0,0,1,0.9999852776527405,0.5384615659713745,0.0,0.8135471343994141
nsl_kdd_v2,rf_5class_smote,10,2,2,1,0.9999852776527405,0.4285714328289032,0.0,0.7539436221122742
nsl_kdd_v2,rf_5class_smote,11,2,2,1,0.9999852776527405,0.6666666865348816,0.0,0.8735759854316711
nsl_kdd_v2,rf_5class_smote,12,0,0,1,0.9999852776527405,0.5384615659713745,0.0,0.8135471343994141
nsl_kdd_v2,rf_5class_smote,13,1,0,0,0.9999852180480957,0.6666666865348816,0.0,0.8735759854316711
nsl_kdd_v2,rf_5class_smote,14,3,0,0,0.9999774694442749,0.6666666865348816,0.0,0.8735737800598145
nsl_kdd_v2,rf_5class_smote,15,0,2,0,0.9999852776527405,0.5384615659713745,0.0,0.8135471343994141
nsl_kdd_v2,rf_5class_smote,16,0,0,1,0.9999852776527405,0.5384615659713745,0.0,0.8135471343994141
nsl_kdd_v2,rf_5class_smote,17,3,0,0,0.9999774694442749,0.6666666865348816,0.0,0.8735737800598145
nsl_kdd_v2,rf_5class_smote,18,0,0,1,0.9999852776527405,0.5384615659713745,0.0,0.8135471343994141
nsl_kdd_v2,rf_5class_smote,19,0,0,1,0.9999852776527405,0.4285714328289032,0.0,0.7539436221122742
nsl_kdd_v2,rf_5class_smote,20,0,0,1,0.9999852776527405,0.3333333432674408,0.0,0.6933577656745911
nsl_kdd_v2,rf_5class_smote,21,3,0,0,0.9998782873153687,0.4285714328289032,0.0,0.7539167404174805
nsl_kdd_v2,rf_5class_smote,22,0,0,1,0.9999852776527405,0.5384615659713745,0.0,0.8135471343994141
nsl_kdd_v2,rf_5class_smote,23,1,1,1,0.5833277702331543,0.5384615659713745,0.0,0.679760217666626
nsl_kdd_v2,rf_5class_smote,24,0,0,1,0.9785735607147217,0.5384615659713745,0.0,0.8076986074447632
nsl_kdd_v2,rf_5class_smote,25,2,2,1,0.9999852776527405,0.5384615659713745,0.0,0.8135471343994141
nsl_kdd_v2,rf_5class_smote,26,0,0,1,0.9815781116485596,0.5384615659713745,0.0,0.8085244297981262
nsl_kdd_v2,rf_5class_smote,27,4,4,1,0.8684968948364258,0.4285714328289032,0.0,0.7193337082862854
nsl_kdd_v2,rf_5class_smote,28,3,0,0,0.9999852180480957,0.5384615659713745,0.0,0.8135470747947693
nsl_kdd_v2,rf_5class_smote,29,1,1,1,0.9999852776527405,0.4285714328289032,0.0,0.7539436221122742
nsl_kdd_v2,rf_5class_smote,30,1,1,1,0.5833283066749573,0.4285714328289032,0.0,0.6299586296081543
nsl_kdd_v2,rf_5class_smote,31,4,0,0,0.9775145053863525,0.6666666865348816,0.0,0.8669829964637756
nsl_kdd_v2,rf_5class_smote,32,2,2,1,0.8483762741088867,0.4285714328289032,0.0,0.7137352824211121
nsl_kdd_v2,rf_5class_smote,33,2,1,0,0.5454501509666443,0.5384615659713745,0.0,0.6647166013717651
nsl_kdd_v2,rf_5class_smote,34,1,1,1,0.9999852776527405,0.5384615659713745,0.0,0.8135471343994141
nsl_kdd_v2,rf_5class_smote,35,3,0,0,0.9999852776527405,0.6666666865348816,0.0,0.8735759854316711
nsl_kdd_v2,rf_5class_smote,36,1,1,1,0.9999852776527405,0.4285714328289032,0.0,0.7539436221122742
nsl_kdd_v2,rf_5class_smote,37,1,1,1,0.9999852776527405,0.4285714328289032,0.0,0.7539436221122742
nsl_kdd_v2,rf_5class_smote,38,1,1,1,0.9999852776527405,0.6666666865348816,0.0,0.8735759854316711
nsl_kdd_v2,rf_5class_smote,39,2,2,1,0.9999852776527405,0.4285714328289032,0.0,0.7539436221122742
nsl_kdd_v2,rf_5class_smote,40,0,0,1,0.9999852776527405,0.4285714328289032,0.0,0.7539436221122742
nsl_kdd_v2,rf_5class_smote,41,3,0,0,0.9999818205833435,0.5384615659713745,0.0,0.8135462403297424
nsl_kdd_v2,rf_5class_smote,42,1,1,1,0.9999852776527405,0.4285714328289032,0.0,0.7539436221122742
nsl_kdd_v2,rf_5class_smote,43,2,2,1,0.9999818205833435,0.3333333432674408,0.0,0.693356990814209
nsl_kdd_v2,rf_5class_smote,44,2,0,0,0.7499834299087524,0.4285714328289032,0.0,0.6850016117095947
nsl_kdd_v2,rf_5class_smote,45,3,0,0,0.9815781116485596,0.6666666865348816,0.0,0.8681827187538147
nsl_kdd_v2,rf_5class_smote,46,1,1,1,0.9999852776527405,0.4285714328289032,0.0,0.7539436221122742
nsl_kdd_v2,rf_5class_smote,47,1,1,1,0.9999852776527405,0.4285714328289032,0.0,0.7539436221122742
nsl_kdd_v2,rf_5class_smote,48,0,0,1,0.9999852776527405,0.5384615659713745,0.0,0.8135471343994141
nsl_kdd_v2,rf_5class_smote,49,3,0,0,0.6626415848731995,0.5384615659713745,0.0,0.7092691659927368
nsl_kdd_v2,rf_5class_smote,50,2,2,1,0.9999852776527405,0.6666666865348816,0.0,0.8735759854316711
nsl_kdd_v2,rf_5class_smote,51,2,0,0,0.810795783996582,0.5384615659713745,0.0,0.7586159706115723
nsl_kdd_v2,rf_5class_smote,52,3,0,0,0.9999852180480957,0.4285714328289032,0.0,0.7539436221122742
nsl_kdd_v2,rf_5class_smote,53,1,1,1,0.9999852776527405,0.5384615659713745,0.0,0.8135471343994141
nsl_kdd_v2,rf_5class_smote,54,2,2,1,0.9999852776527405,0.4285714328289032,0.0,0.7539436221122742
nsl_kdd_v2,rf_5class_smote,55,3,0,0,0.9999774694442749,0.4285714328289032,0.0,0.7539416551589966
nsl_kdd_v2,rf_5class_smote,56,1,1,1,0.9999852776527405,0.3333333432674408,0.0,0.6933577656745911
nsl_kdd_v2,rf_5class_smote,57,0,0,1,0.9999852776527405,0.5384615659713745,0.0,0.8135471343994141
nsl_kdd_v2,rf_5class_smote,58,2,2,1,0.9999818205833435,0.5384615659713745,0.0,0.8135462403297424
nsl_kdd_v2,rf_5class_smote,59,3,0,0,0.6626405715942383,0.4285714328289032,0.0,0.657305121421814
nsl_kdd_v2,rf_5class_smote,60,0,0,1,0.9999852776527405,0.5384615659713745,0.0,0.8135471343994141
nsl_kdd_v2,rf_5class_smote,61,3,0,0,0.6626316905021667,0.5384615659713745,0.0,0.7092655897140503
nsl_kdd_v2,rf_5class_smote,62,0,0,1,0.9999852776527405,0.4285714328289032,0.0,0.7539436221122742
nsl_kdd_v2,rf_5class_smote,63,0,0,1,0.9999852776527405,0.5384615659713745,0.0,0.8135471343994141
nsl_kdd_v2,rf_5class_smote,64,2,0,0,0.9845045804977417,0.6666666865348816,0.0,0.8690446615219116
nsl_kdd_v2,rf_5class_smote,65,0,0,1,0.9999852776527405,0.5384615659713745,0.0,0.8135471343994141
nsl_kdd_v2,rf_5class_smote,66,0,0,1,0.9999852776527405,0.4285714328289032,0.0,0.7539436221122742
nsl_kdd_v2,rf_5class_smote,67,1,1,1,0.9999852776527405,0.5384615659713745,0.0,0.8135471343994141
nsl_kdd_v2,rf_5class_smote,68,0,0,1,0.9999852776527405,0.5384615659713745,0.0,0.8135471343994141
nsl_kdd_v2,rf_5class_smote,69,0,0,1,0.9999852776527405,0.5384615659713745,0.0,0.8135471343994141
nsl_kdd_v2,rf_5class_smote,70,0,0,1,0.9999852776527405,0.5384615659713745,0.0,0.8135471343994141
nsl_kdd_v2,rf_5class_smote,71,2,2,1,0.9999852776527405,0.5384615659713745,0.0,0.8135471343994141
nsl_kdd_v2,rf_5class_smote,72,0,0,1,0.9999852776527405,0.5384615659713745,0.0,0.8135471343994141
nsl_kdd_v2,rf_5class_smote,73,1,1,1,0.9999852776527405,0.4285714328289032,0.0,0.7539436221122742
nsl_kdd_v2,rf_5class_smote,74,3,0,0,0.6626405715942383,0.3333333432674408,0.0,0.6044849753379822
nsl_kdd_v2,rf_5class_smote,75,4,0,0,0.9955927729606628,0.5384615659713745,0.0,0.8123542070388794
nsl_kdd_v2,rf_5class_smote,76,3,0,0,0.9845045804977417,0.4285714328289032,0.0,0.7500327825546265
nsl_kdd_v2,rf_5class_smote,77,2,0,0,0.8333210945129395,0.5384615659713745,0.0,0.7655771374702454
nsl_kdd_v2,rf_5class_smote,78,0,0,1,0.9999852776527405,0.4285714328289032,0.0,0.7539436221122742
nsl_kdd_v2,rf_5class_smote,79,0,0,1,0.9999852776527405,0.5384615659713745,0.0,0.8135471343994141
nsl_kdd_v2,rf_5class_smote,80,1,1,1,0.9999852776527405,0.4285714328289032,0.0,0.7539436221122742
nsl_kdd_v2,rf_5class_smote,81,2,2,1,0.9999852776527405,0.5384615659713745,0.0,0.8135471343994141
nsl_kdd_v2,rf_5class_smote,82,1,1,1,0.9999852776527405,0.3333333432674408,0.0,0.6933577656745911
nsl_kdd_v2,rf_5class_smote,83,4,0,0,0.9908601641654968,0.5384615659713745,0.0,0.8110649585723877
nsl_kdd_v2,rf_5class_smote,84,0,2,0,0.9999852776527405,0.5384615659713745,0.0,0.8135471343994141
nsl_kdd_v2,rf_5class_smote,85,1,1,1,0.9999852776527405,0.4285714328289032,0.0,0.7539436221122742
nsl_kdd_v2,rf_5class_smote,86,0,0,1,0.9999852776527405,0.4285714328289032,0.0,0.7539436221122742
nsl_kdd_v2,rf_5class_smote,87,1,0,0,0.8107972741127014,0.3333333432674408,0.0,0.6465423107147217
nsl_kdd_v2,rf_5class_smote,88,0,0,1,0.9999852776527405,0.4285714328289032,0.0,0.7539436221122742
nsl_kdd_v2,rf_5class_smote,89,1,1,1,0.9999852776527405,0.4285714328289032,0.0,0.7539436221122742
nsl_kdd_v2,rf_5class_smote,90,0,2,0,0.9999852776527405,0.5384615659713745,0.0,0.8135471343994141
nsl_kdd_v2,rf_5class_smote,91,1,1,1,0.9999852776527405,0.4285714328289032,0.0,0.7539436221122742
nsl_kdd_v2,rf_5class_smote,92,0,0,1,0.9999852776527405,0.5384615659713745,0.0,0.8135471343994141
nsl_kdd_v2,rf_5class_smote,93,1,1,1,0.9999852776527405,0.4285714328289032,0.0,0.7539436221122742
nsl_kdd_v2,rf_5class_smote,94,4,3,0,0.707660436630249,0.4285714328289032,0.5894396305084229,56.33294677734375
nsl_kdd_v2,rf_5class_smote,95,4,0,0,0.9989272356033325,0.4285714328289032,0.0,0.7536776065826416
nsl_kdd_v2,rf_5class_smote,96,1,1,1,0.9999852776527405,0.4285714328289032,0.0,0.7539436221122742
nsl_kdd_v2,rf_5class_smote,97,0,0,1,0.9999852776527405,0.4285714328289032,0.0,0.7539436221122742
nsl_kdd_v2,rf_5class_smote,98,0,0,1,0.9999852776527405,0.5384615659713745,0.0,0.8135471343994141
nsl_kdd_v2,rf_5class_smote,99,1,1,1,0.9999852776527405,0.3333333432674408,0.0,0.6933577656745911
nsl_kdd_v2,rf_5class_smote,100,3,0,0,0.9999353289604187,0.5384615659713745,0.0,0.8135335445404053
nsl_kdd_v2,rf_5class_smote,101,2,0,0,0.9845045804977417,0.5384615659713745,0.0,0.8093271255493164
nsl_kdd_v2,rf_5class_smote,102,2,0,0,0.9815762042999268,0.5384615659713745,0.0,0.8085238933563232
nsl_kdd_v2,rf_5class_smote,103,3,0,0,0.9999575614929199,0.4285714328289032,0.0,0.7539367079734802
nsl_kdd_v2,rf_5class_smote,104,0,0,1,0.9999852776527405,0.5384615659713745,0.0,0.8135471343994141
nsl_kdd_v2,rf_5class_smote,105,3,0,0,0.9845045804977417,0.5384615659713745,0.0,0.8093271255493164
nsl_kdd_v2,rf_5class_smote,106,1,1,1,0.9999852776527405,0.4285714328289032,0.0,0.7539436221122742
nsl_kdd_v2,rf_5class_smote,107,2,2,1,0.5312250852584839,0.6666666865348816,0.0,0.7075042724609375
nsl_kdd_v2,rf_5class_smote,108,2,2,1,0.8360503315925598,0.5384615659713745,0.0,0.7664120197296143
nsl_kdd_v2,rf_5class_smote,109,4,0,0,0.9999852776527405,0.5384615659713745,0.0,0.8135471343994141
nsl_kdd_v2,rf_5class_smote,110,4,3,0,0.7110324501991272,0.5384615659713745,0.5941753387451172,61.04539489746094
nsl_kdd_v2,rf_5class_smote,111,0,0,1,0.9999852776527405,0.5384615659713745,0.0,0.8135471343994141
nsl_kdd_v2,rf_5class_smote,112,3,0,0,0.9999852180480957,0.6666666865348816,0.0,0.8735759854316711
nsl_kdd_v2,rf_5class_smote,113,0,0,1,0.9999823570251465,0.6666666865348816,0.0,0.8735752701759338
nsl_kdd_v2,rf_5class_smote,114,2,0,0,0.8107972741127014,0.5384615659713745,0.0,0.7586164474487305
nsl_kdd_v2,rf_5class_smote,115,0,0,1,0.9815762042999268,0.6666666865348816,0.0,0.8681821823120117
nsl_kdd_v2,rf_5class_smote,116,2,2,1,0.5312223434448242,0.5384615659713745,0.0,0.6588860154151917
nsl_kdd_v2,rf_5class_smote,117,3,0,0,0.999981701374054,0.4285714328289032,0.0,0.7539427280426025
nsl_kdd_v2,rf_5class_smote,118,3,0,0,0.9999774694442749,0.5384615659713745,0.0,0.8135449886322021
nsl_kdd_v2,rf_5class_smote,119,2,2,1,0.9999836683273315,0.6666666865348816,0.0,0.8735755681991577
nsl_kdd_v2,rf_5class_smote,120,1,1,1,0.9999852776527405,0.5384615659713745,0.0,0.8135471343994141
nsl_kdd_v2,rf_5class_smote,121,3,0,0,0.9999852776527405,0.5384615659713745,0.0,0.8135471343994141
nsl_kdd_v2,rf_5class_smote,122,3,0,0,0.9845045804977417,0.5384615659713745,0.0,0.8093271255493164
nsl_kdd_v2,rf_5class_smote,123,1,1,1,0.9999852776527405,0.5384615659713745,0.0,0.8135471343994141
nsl_kdd_v2,rf_5class_smote,124,2,0,0,0.7499834299087524,0.6666666865348816,0.0,0.7936946153640747
nsl_kdd_v2,rf_5class_smote,125,1,1,1,0.857132077217102,0.4285714328289032,0.0,0.716182291507721
nsl_kdd_v2,rf_5class_smote,126,1,1,1,0.5613988637924194,0.6666666865348816,0.0,0.7206538319587708
nsl_kdd_v2,rf_5class_smote,127,0,0,1,0.9999852776527405,0.5384615659713745,0.0,0.8135471343994141
nsl_kdd_v2,rf_5class_smote,128,0,0,1,0.9999852776527405,0.4285714328289032,0.0,0.7539436221122742
nsl_kdd_v2,rf_5class_smote,129,1,1,1,0.5833283066749573,0.6666666865348816,0.0,0.7299176454544067
nsl_kdd_v2,rf_5class_smote,130,0,0,1,0.9999852776527405,0.5384615659713745,0.0,0.8135471343994141
nsl_kdd_v2,rf_5class_smote,131,1,1,1,0.9999852776527405,0.5384615659713745,0.0,0.8135471343994141
nsl_kdd_v2,rf_5class_smote,132,1,1,1,0.9999852776527405,0.5384615659713745,0.0,0.8135471343994141
nsl_kdd_v2,rf_5class_smote,133,1,1,1,0.9999852776527405,0.4285714328289032,0.0,0.7539436221122742
nsl_kdd_v2,rf_5class_smote,134,2,2,1,0.9999852776527405,0.5384615659713745,0.0,0.8135471343994141
nsl_kdd_v2,rf_5class_smote,135,0,0,1,0.9999852776527405,0.5384615659713745,0.0,0.8135471343994141
nsl_kdd_v2,rf_5class_smote,136,4,3,0,0.7114453315734863,0.3333333432674408,0.5947551727294922,52.0538444519043
nsl_kdd_v2,rf_5class_smote,137,4,3,0,0.7106583118438721,0.25,0.5936498045921326,47.24730682373047
nsl_kdd_v2,rf_5class_smote,138,3,0,0,0.9998497366905212,0.5384615659713745,0.0,0.8135103583335876
nsl_kdd_v2,rf_5class_smote,139,3,0,0,0.9999774694442749,0.5384615659713745,0.0,0.8135449886322021
nsl_kdd_v2,rf_5class_smote,140,2,2,1,0.9999852776527405,0.5384615659713745,0.0,0.8135471343994141
nsl_kdd_v2,rf_5class_smote,141,2,2,1,0.9999836683273315,0.6666666865348816,0.0,0.8735755681991577
nsl_kdd_v2,rf_5class_smote,142,3,0,0,0.9845045804977417,0.6666666865348816,0.0,0.8690446615219116
nsl_kdd_v2,rf_5class_smote,143,1,1,1,0.9999852776527405,0.5384615659713745,0.0,0.8135471343994141
nsl_kdd_v2,rf_5class_smote,144,2,2,1,0.5312250852584839,0.6666666865348816,0.0,0.7075042724609375
nsl_kdd_v2,rf_5class_smote,145,2,2,1,0.9999852776527405,0.4285714328289032,0.0,0.7539436221122742
nsl_kdd_v2,rf_5class_smote,146,0,0,1,0.9999852776527405,0.5384615659713745,0.0,0.8135471343994141
nsl_kdd_v2,rf_5class_smote,147,1,1,1,0.9999852776527405,0.4285714328289032,0.0,0.7539436221122742
nsl_kdd_v2,rf_5class_smote,148,0,0,1,0.9999852776527405,0.5384615659713745,0.0,0.8135471343994141
nsl_kdd_v2,rf_5class_smote,149,2,2,1,0.9999852776527405,0.5384615659713745,0.0,0.8135471343994141
nsl_kdd_v2,rf_5class_smote,150,3,0,0,0.9999353289604187,0.4285714328289032,0.0,0.7539311051368713
nsl_kdd_v2,rf_5class_smote,151,2,2,1,0.836051881313324,0.6666666865348816,0.0,0.8229635953903198
nsl_kdd_v2,rf_5class_smote,152,2,0,0,0.7499834299087524,0.5384615659713745,0.0,0.7391548156738281
nsl_kdd_v2,rf_5class_smote,153,0,0,1,0.9999852776527405,0.5384615659713745,0.0,0.8135471343994141
nsl_kdd_v2,rf_5class_smote,154,0,0,1,0.9999852776527405,0.3333333432674408,0.0,0.6933577656745911
nsl_kdd_v2,rf_5class_smote,155,1,0,0,0.9999852776527405,0.5384615659713745,0.0,0.8135471343994141
nsl_kdd_v2,rf_5class_smote,156,2,2,1,0.9999818205833435,0.3333333432674408,0.0,0.693356990814209
nsl_kdd_v2,rf_5class_smote,157,0,0,1,0.9999852776527405,0.5384615659713745,0.0,0.8135471343994141
nsl_kdd_v2,rf_5class_smote,158,1,0,0,0.9845045804977417,0.5384615659713745,0.0,0.8093271255493164
nsl_kdd_v2,rf_5class_smote,159,4,3,0,0.6108558177947998,0.4285714328289032,0.45348766446113586,49.14836883544922
nsl_kdd_v2,rf_5class_smote,160,1,1,1,0.9999852776527405,0.4285714328289032,0.0,0.7539436221122742
nsl_kdd_v2,rf_5class_smote,161,2,2,1,0.9999798536300659,0.5384615659713745,0.0,0.8135456442832947
nsl_kdd_v2,rf_5class_smote,162,0,0,1,0.9999852776527405,0.4285714328289032,0.0,0.7539436221122742
nsl_kdd_v2,rf_5class_smote,163,1,1,1,0.9999852776527405,0.4285714328289032,0.0,0.7539436221122742
nsl_kdd_v2,rf_5class_smote,164,2,2,1,0.9999852776527405,0.4285714328289032,0.0,0.7539436221122742
nsl_kdd_v2,rf_5class_smote,165,1,1,1,0.9999852776527405,0.5384615659713745,0.0,0.8135471343994141
nsl_kdd_v2,rf_5class_smote,166,2,2,1,0.836051881313324,0.5384615659713745,0.0,0.7664124965667725
nsl_kdd_v2,rf_5class_smote,167,3,0,0,0.9845011830329895,0.5384615659713745,0.0,0.8093262314796448
nsl_kdd_v2,rf_5class_smote,168,0,0,1,0.9999852776527405,0.5384615659713745,0.0,0.8135471343994141
nsl_kdd_v2,rf_5class_smote,169,0,0,1,0.9999852776527405,0.4285714328289032,0.0,0.7539436221122742
nsl_kdd_v2,rf_5class_smote,170,1,1,1,0.9999852776527405,0.6666666865348816,0.0,0.8735759854316711
nsl_kdd_v2,rf_5class_smote,171,2,2,1,0.9999852776527405,0.5384615659713745,0.0,0.8135471343994141
nsl_kdd_v2,rf_5class_smote,172,2,1,0,0.9999852776527405,0.5384615659713745,0.0,0.8135471343994141
nsl_kdd_v2,rf_5class_smote,173,0,0,1,0.9999852776527405,0.5384615659713745,0.0,0.8135471343994141
nsl_kdd_v2,rf_5class_smote,174,1,1,1,0.9999852776527405,0.4285714328289032,0.0,0.7539436221122742
nsl_kdd_v2,rf_5class_smote,175,2,1,0,0.8717836737632751,0.6666666865348816,0.0,0.8345245122909546
nsl_kdd_v2,rf_5class_smote,176,1,1,1,0.9999852776527405,0.4285714328289032,0.0,0.7539436221122742
nsl_kdd_v2,rf_5class_smote,177,3,0,0,0.9999774694442749,0.6666666865348816,0.0,0.8735737800598145
nsl_kdd_v2,rf_5class_smote,178,0,0,1,0.9999852776527405,0.4285714328289032,0.0,0.7539436221122742
nsl_kdd_v2,rf_5class_smote,179,4,0,0,0.9289273619651794,0.3333333432674408,0.0,0.676529586315155
nsl_kdd_v2,rf_5class_smote,180,0,0,1,0.9999852776527405,0.5384615659713745,0.0,0.8135471343994141
nsl_kdd_v2,rf_5class_smote,181,3,0,0,0.6961939930915833,0.5384615659713745,0.0,0.7210437059402466
nsl_kdd_v2,rf_5class_smote,182,1,1,1,0.9999852776527405,0.4285714328289032,0.0,0.7539436221122742
nsl_kdd_v2,rf_5class_smote,183,1,1,1,0.9999852776527405,0.6666666865348816,0.0,0.8735759854316711
nsl_kdd_v2,rf_5class_smote,184,4,0,0,0.9999852776527405,0.5384615659713745,0.0,0.8135471343994141
nsl_kdd_v2,rf_5class_smote,185,1,1,1,0.9999852776527405,0.4285714328289032,0.0,0.7539436221122742
nsl_kdd_v2,rf_5class_smote,186,0,0,1,0.9999476075172424,0.4285714328289032,0.0,0.7539341449737549
nsl_kdd_v2,rf_5class_smote,187,0,0,1,0.9999852776527405,0.5384615659713745,0.0,0.8135471343994141
nsl_kdd_v2,rf_5class_smote,188,3,0,0,0.9999852180480957,0.5384615659713745,0.0,0.8135470747947693
nsl_kdd_v2,rf_5class_smote,189,1,1,1,0.9999852776527405,0.4285714328289032,0.0,0.7539436221122742
nsl_kdd_v2,rf_5class_smote,190,0,0,1,0.9999852776527405,0.5384615659713745,0.0,0.8135471343994141
nsl_kdd_v2,rf_5class_smote,191,4,0,0,0.9491652846336365,0.3333333432674408,0.0,0.6814073324203491
nsl_kdd_v2,rf_5class_smote,192,1,1,1,0.9999852776527405,0.3333333432674408,0.0,0.6933577656745911
nsl_kdd_v2,rf_5class_smote,193,3,0,0,0.9999796748161316,0.6666666865348816,0.0,0.873574435710907
nsl_kdd_v2,rf_5class_smote,194,3,0,0,0.999983549118042,0.5384615659713745,0.0,0.8135466575622559
nsl_kdd_v2,rf_5class_smote,195,0,0,1,0.9999852776527405,0.5384615659713745,0.0,0.8135471343994141
nsl_kdd_v2,rf_5class_smote,196,2,0,0,0.9815781116485596,0.5384615659713745,0.0,0.8085244297981262
nsl_kdd_v2,rf_5class_smote,197,4,0,0,0.9999796748161316,0.6666666865348816,0.0,0.873574435710907
nsl_kdd_v2,rf_5class_smote,198,3,0,0,0.9999852776527405,0.6666666865348816,0.0,0.8735759854316711
nsl_kdd_v2,rf_5class_smote,199,4,0,0,0.9998306632041931,0.5384615659713745,0.0,0.8135051727294922
nsl_kdd_v2,rf_5class_smote,200,1,1,1,0.9999852776527405,0.4285714328289032,0.0,0.7539436221122742
nsl_kdd_v2,rf_5class_smote,201,1,1,1,0.9999852776527405,0.5384615659713745,0.0,0.8135471343994141
nsl_kdd_v2,rf_5class_smote,202,2,0,0,0.7499834299087524,0.6666666865348816,0.0,0.7936946153640747
nsl_kdd_v2,rf_5class_smote,203,4,0,0,0.9999852180480957,0.5384615659713745,0.0,0.8135470747947693
nsl_kdd_v2,rf_5class_smote,204,0,0,1,0.9999852776527405,0.5384615659713745,0.0,0.8135471343994141
nsl_kdd_v2,rf_5class_smote,205,4,0,0,0.9999305605888367,0.6666666865348816,0.0,0.8735600709915161
nsl_kdd_v2,rf_5class_smote,206,2,0,0,0.9815781116485596,0.4285714328289032,0.0,0.7492889165878296
nsl_kdd_v2,rf_5class_smote,207,0,0,1,0.9999852776527405,0.4285714328289032,0.0,0.7539436221122742
nsl_kdd_v2,rf_5class_smote,208,2,0,0,0.7499834299087524,0.5384615659713745,0.0,0.7391548156738281
nsl_kdd_v2,rf_5class_smote,209,2,2,1,0.9999852776527405,0.5384615659713745,0.0,0.8135471343994141
nsl_kdd_v2,rf_5class_smote,210,3,0,0,0.9845011830329895,0.6666666865348816,0.0,0.8690437078475952
nsl_kdd_v2,rf_5class_smote,211,1,0,0,0.9999852776527405,0.5384615659713745,0.0,0.8135471343994141
nsl_kdd_v2,rf_5class_smote,212,1,1,1,0.9999852776527405,0.5384615659713745,0.0,0.8135471343994141
nsl_kdd_v2,rf_5class_smote,213,2,0,0,0.8333210945129395,0.4285714328289032,0.0,0.7094881534576416
nsl_kdd_v2,rf_5class_smote,214,0,0,1,0.9999852776527405,0.4285714328289032,0.0,0.7539436221122742
nsl_kdd_v2,rf_5class_smote,215,3,0,0,0.9999836683273315,0.4285714328289032,0.0,0.7539432048797607
nsl_kdd_v2,rf_5class_smote,216,3,0,0,0.9845011830329895,0.4285714328289032,0.0,0.7500319480895996
nsl_kdd_v2,rf_5class_smote,217,3,0,0,0.9999852776527405,0.5384615659713745,0.0,0.8135471343994141
nsl_kdd_v2,rf_5class_smote,218,3,0,0,0.9999575614929199,0.6666666865348816,0.0,0.8735679984092712
nsl_kdd_v2,rf_5class_smote,219,1,1,1,0.9999852776527405,0.3333333432674408,0.0,0.6933577656745911
nsl_kdd_v2,rf_5class_smote,220,2,0,0,0.8333210945129395,0.4285714328289032,0.0,0.7094881534576416
nsl_kdd_v2,rf_5class_smote,221,1,1,1,0.9999852776527405,0.4285714328289032,0.0,0.7539436221122742
nsl_kdd_v2,rf_5class_smote,222,1,1,1,0.5833283066749573,0.3333333432674408,0.0,0.5793359875679016
nsl_kdd_v2,rf_5class_smote,223,1,1,1,0.9999852776527405,0.6666666865348816,0.0,0.8735759854316711
nsl_kdd_v2,rf_5class_smote,224,1,1,1,0.5780590772628784,0.4285714328289032,0.0,0.6280561089515686
nsl_kdd_v2,rf_5class_smote,225,2,1,0,0.9999852776527405,0.8181818127632141,0.0,0.9352931976318359
nsl_kdd_v2,rf_5class_smote,226,2,2,1,0.9999798536300659,0.3333333432674408,0.0,0.6933565139770508
nsl_kdd_v2,rf_5class_smote,227,1,1,1,0.9999852776527405,0.1764705926179886,0.0,0.5609040856361389
nsl_kdd_v2,rf_5class_smote,228,3,0,0,0.9845045804977417,0.3333333432674408,0.0,0.689761221408844
nsl_kdd_v2,rf_5class_smote,229,0,0,1,0.8107941150665283,0.5384615659713745,0.0,0.7586154937744141
nsl_kdd_v2,rf_5class_smote,230,2,2,1,0.9999852776527405,0.5384615659713745,0.0,0.8135471343994141
nsl_kdd_v2,rf_5class_smote,231,1,1,1,0.9999852776527405,0.4285714328289032,0.0,0.7539436221122742
nsl_kdd_v2,rf_5class_smote,232,2,2,1,0.9999852776527405,0.5384615659713745,0.0,0.8135471343994141
nsl_kdd_v2,rf_5class_smote,233,3,0,0,0.9845045804977417,0.1764705926179886,0.0,0.557994544506073
nsl_kdd_v2,rf_5class_smote,234,0,0,1,0.9999852776527405,0.5384615659713745,0.0,0.8135471343994141
nsl_kdd_v2,rf_5class_smote,235,3,0,0,0.9999575614929199,0.5384615659713745,0.0,0.8135396242141724
nsl_kdd_v2,rf_5class_smote,236,1,1,1,0.9999852776527405,0.5384615659713745,0.0,0.8135471343994141
nsl_kdd_v2,rf_5class_smote,237,0,0,1,0.9999852776527405,0.5384615659713745,0.0,0.8135471343994141
nsl_kdd_v2,rf_5class_smote,238,2,2,1,0.9999852776527405,0.5384615659713745,0.0,0.8135471343994141
nsl_kdd_v2,rf_5class_smote,239,3,0,0,0.9815595746040344,0.4285714328289032,0.0,0.7492841482162476
nsl_kdd_v2,rf_5class_smote,240,1,1,1,0.9999852776527405,0.4285714328289032,0.0,0.7539436221122742
nsl_kdd_v2,rf_5class_smote,241,1,1,1,0.9999852776527405,0.4285714328289032,0.0,0.7539436221122742
nsl_kdd_v2,rf_5class_smote,242,4,0,0,0.9882718920707703,0.4285714328289032,0.0,0.750988245010376
nsl_kdd_v2,rf_5class_smote,243,3,0,0,0.9999798536300659,0.3333333432674408,0.0,0.6933565139770508
nsl_kdd_v2,rf_5class_smote,244,1,1,1,0.9999852776527405,0.4285714328289032,0.0,0.7539436221122742
nsl_kdd_v2,rf_5class_smote,245,0,0,1,0.9999852776527405,0.5384615659713745,0.0,0.8135471343994141
nsl_kdd_v2,rf_5class_smote,246,1,0,0,0.9845045804977417,0.6666666865348816,0.0,0.8690446615219116
nsl_kdd_v2,rf_5class_smote,247,1,1,1,0.9999852776527405,0.3333333432674408,0.0,0.6933577656745911
nsl_kdd_v2,rf_5class_smote,248,3,0,0,0.9999852776527405,0.6666666865348816,0.0,0.8735759854316711
nsl_kdd_v2,rf_5class_smote,249,3,0,0,0.9845011830329895,0.6666666865348816,0.0,0.8690437078475952
nsl_kdd_v2,rf_5class_smote,250,3,0,0,0.9999528527259827,0.5384615659713745,0.0,0.8135383129119873
nsl_kdd_v2,rf_5class_smote,251,0,0,1,0.9999852776527405,0.5384615659713745,0.0,0.8135471343994141
nsl_kdd_v2,rf_5class_smote,252,3,0,0,0.9999852180480957,0.5384615659713745,0.0,0.8135470747947693
nsl_kdd_v2,rf_5class_smote,253,1,0,0,0.5807545185089111,0.4285714328289032,0.0,0.629030704498291
nsl_kdd_v2,rf_5class_smote,254,3,0,0,0.9999823570251465,0.5384615659713745,0.0,0.8135462999343872
nsl_kdd_v2,rf_5class_smote,255,1,0,0,0.9845045804977417,0.5384615659713745,0.0,0.8093271255493164
nsl_kdd_v2,rf_5class_smote,256,2,2,1,0.9999852776527405,0.4285714328289032,0.0,0.7539436221122742
nsl_kdd_v2,rf_5class_smote,257,1,0,0,0.9815762042999268,0.6666666865348816,0.0,0.8681821823120117
nsl_kdd_v2,rf_5class_smote,258,2,2,1,0.9999852776527405,0.6666666865348816,0.0,0.8735759854316711
nsl_kdd_v2,rf_5class_smote,259,0,0,1,0.9999852776527405,0.5384615659713745,0.0,0.8135471343994141
nsl_kdd_v2,rf_5class_smote,260,1,1,1,0.9999852776527405,0.3333333432674408,0.0,0.6933577656745911
nsl_kdd_v2,rf_5class_smote,261,4,0,0,0.9972392916679382,0.5384615659713745,0.0,0.8128018379211426
nsl_kdd_v2,rf_5class_smote,262,3,0,0,0.9999575614929199,0.5384615659713745,0.0,0.8135396242141724
nsl_kdd_v2,rf_5class_smote,263,0,4,0,0.8183388710021973,0.4285714328289032,0.0,0.7052104473114014
nsl_kdd_v2,rf_5class_smote,264,4,0,0,0.999983549118042,0.6666666865348816,0.0,0.8735755681991577
nsl_kdd_v2,rf_5class_smote,265,3,0,0,0.9999852180480957,0.5384615659713745,0.0,0.8135470747947693
nsl_kdd_v2,rf_5class_smote,266,3,0,0,0.9999852776527405,0.5384615659713745,0.0,0.8135471343994141
nsl_kdd_v2,rf_5class_smote,267,0,0,1,0.9999852776527405,0.5384615659713745,0.0,0.8135471343994141
nsl_kdd_v2,rf_5class_smote,268,1,1,1,0.9999852776527405,0.4285714328289032,0.0,0.7539436221122742
nsl_kdd_v2,rf_5class_smote,269,1,1,1,0.9999852776527405,0.25,0.0,0.6299573183059692
nsl_kdd_v2,rf_5class_smote,270,0,0,1,0.9999749660491943,0.4285714328289032,0.0,0.7539410591125488
nsl_kdd_v2,rf_5class_smote,271,2,0,0,0.8333210945129395,0.3333333432674408,0.0,0.6524746417999268
nsl_kdd_v2,rf_5class_smote,272,1,1,1,0.9999852776527405,0.4285714328289032,0.0,0.7539436221122742
nsl_kdd_v2,rf_5class_smote,273,0,0,1,0.9815781116485596,0.5384615659713745,0.0,0.8085244297981262
nsl_kdd_v2,rf_5class_smote,274,3,0,0,0.6626405715942383,0.6666666865348816,0.0,0.7616033554077148
nsl_kdd_v2,rf_5class_smote,275,0,0,1,0.9999852776527405,0.5384615659713745,0.0,0.8135471343994141
nsl_kdd_v2,rf_5class_smote,276,3,0,0,0.9999528527259827,0.5384615659713745,0.0,0.8135383129119873
nsl_kdd_v2,rf_5class_smote,277,0,0,1,0.999983549118042,0.4285714328289032,0.0,0.7539432048797607
nsl_kdd_v2,rf_5class_smote,278,3,3,1,0.9990986585617065,0.3333333432674408,0.9987341165542603,69.2860336303711
nsl_kdd_v2,rf_5class_smote,279,1,0,0,0.9999852776527405,0.5384615659713745,0.0,0.8135471343994141
nsl_kdd_v2,rf_5class_smote,280,1,1,1,0.9999852776527405,0.3333333432674408,0.0,0.6933577656745911
nsl_kdd_v2,rf_5class_smote,281,0,0,1,0.9999852776527405,0.4285714328289032,0.0,0.7539436221122742
nsl_kdd_v2,rf_5class_smote,282,3,0,0,0.9999852776527405,0.5384615659713745,0.0,0.8135471343994141
nsl_kdd_v2,rf_5class_smote,283,3,0,0,0.6961939930915833,0.5384615659713745,0.0,0.7210437059402466
nsl_kdd_v2,rf_5class_smote,284,0,0,1,0.9999852776527405,0.25,0.0,0.6299573183059692
nsl_kdd_v2,rf_5class_smote,285,2,2,1,0.9999798536300659,0.4285714328289032,0.0,0.7539422512054443
nsl_kdd_v2,rf_5class_smote,286,1,1,1,0.9999852776527405,0.6666666865348816,0.0,0.8735759854316711
nsl_kdd_v2,rf_5class_smote,287,2,1,0,0.9999852776527405,1.0,0.0,0.9999949336051941
nsl_kdd_v2,rf_5class_smote,288,0,0,1,0.9999852776527405,0.5384615659713745,0.0,0.8135471343994141
nsl_kdd_v2,rf_5class_smote,289,2,1,0,0.9999852776527405,0.8181818127632141,0.0,0.9352931976318359
nsl_kdd_v2,rf_5class_smote,290,3,0,0,0.9999852180480957,0.6666666865348816,0.0,0.8735759854316711
nsl_kdd_v2,rf_5class_smote,291,3,0,0,0.9999749660491943,0.5384615659713745,0.0,0.8135443329811096
nsl_kdd_v2,rf_5class_smote,292,3,0,0,0.9999852776527405,0.5384615659713745,0.0,0.8135471343994141
nsl_kdd_v2,rf_5class_smote,293,3,0,0,0.9999692440032959,0.5384615659713745,0.0,0.8135427832603455
nsl_kdd_v2,rf_5class_smote,294,3,0,0,0.9999852180480957,0.5384615659713745,0.0,0.8135470747947693
nsl_kdd_v2,rf_5class_smote,295,1,1,1,0.857132077217102,0.5384615659713745,0.0,0.7728005647659302
nsl_kdd_v2,rf_5class_smote,296,1,1,1,0.9999852776527405,0.5384615659713745,0.0,0.8135471343994141
nsl_kdd_v2,rf_5class_smote,297,0,0,1,0.9999852776527405,0.5384615659713745,0.0,0.8135471343994141
nsl_kdd_v2,rf_5class_smote,298,0,0,1,0.9999852776527405,0.5384615659713745,0.0,0.8135471343994141
nsl_kdd_v2,rf_5class_smote,299,3,0,0,0.999981701374054,0.5384615659713745,0.0,0.8135461211204529
nsl_kdd_v2,rf_5class_smote,300,1,1,1,0.9999852776527405,0.4285714328289032,0.0,0.7539436221122742
nsl_kdd_v2,rf_5class_smote,301,0,0,1,0.9999852776527405,0.5384615659713745,0.0,0.8135471343994141
nsl_kdd_v2,rf_5class_smote,302,2,2,1,0.9999852776527405,0.5384615659713745,0.0,0.8135471343994141
nsl_kdd_v2,rf_5class_smote,303,1,1,1,0.9999852776527405,0.4285714328289032,0.0,0.7539436221122742
nsl_kdd_v2,rf_5class_smote,304,1,1,1,0.9999852776527405,0.6666666865348816,0.0,0.8735759854316711
nsl_kdd_v2,rf_5class_smote,305,1,1,1,0.9999852776527405,0.4285714328289032,0.0,0.7539436221122742
nsl_kdd_v2,rf_5class_smote,306,2,2,1,0.9999836683273315,0.6666666865348816,0.0,0.8735755681991577
nsl_kdd_v2,rf_5class_smote,307,3,0,0,0.5789352059364319,0.4285714328289032,0.0,0.6283732056617737
nsl_kdd_v2,rf_5class_smote,308,2,2,1,0.9999852776527405,0.6666666865348816,0.0,0.8735759854316711
nsl_kdd_v2,rf_5class_smote,309,4,0,0,0.998416543006897,0.3333333432674408,0.0,0.692995011806488
nsl_kdd_v2,rf_5class_smote,310,0,0,1,0.9999852776527405,0.4285714328289032,0.0,0.7539436221122742
nsl_kdd_v2,rf_5class_smote,311,0,0,1,0.9999852776527405,0.3333333432674408,0.0,0.6933577656745911
nsl_kdd_v2,rf_5class_smote,312,2,2,1,0.9999852776527405,0.5384615659713745,0.0,0.8135471343994141
nsl_kdd_v2,rf_5class_smote,313,2,2,1,0.9999852776527405,0.5384615659713745,0.0,0.8135471343994141
nsl_kdd_v2,rf_5class_smote,314,1,1,1,0.9999852776527405,0.25,0.0,0.6299573183059692
nsl_kdd_v2,rf_5class_smote,315,1,1,1,0.9999852776527405,0.4285714328289032,0.0,0.7539436221122742
nsl_kdd_v2,rf_5class_smote,316,0,0,1,0.9999852776527405,0.5384615659713745,0.0,0.8135471343994141
nsl_kdd_v2,rf_5class_smote,317,3,0,0,0.9999823570251465,0.4285714328289032,0.0,0.7539428472518921
nsl_kdd_v2,rf_5class_smote,318,0,0,1,0.9999852776527405,0.5384615659713745,0.0,0.8135471343994141
nsl_kdd_v2,rf_5class_smote,319,3,0,0,0.6626415848731995,0.5384615659713745,0.0,0.7092691659927368
nsl_kdd_v2,rf_5class_smote,320,3,0,0,0.9845011830329895,0.5384615659713745,0.0,0.8093262314796448
nsl_kdd_v2,rf_5class_smote,321,1,1,1,0.5833277702331543,0.4285714328289032,0.0,0.6299583911895752
nsl_kdd_v2,rf_5class_smote,322,3,0,0,0.9999749660491943,0.5384615659713745,0.0,0.8135443329811096
nsl_kdd_v2,rf_5class_smote,323,1,1,1,0.857132077217102,0.6666666865348816,0.0,0.8298229575157166
nsl_kdd_v2,rf_5class_smote,324,1,1,1,0.9999852776527405,0.4285714328289032,0.0,0.7539436221122742
nsl_kdd_v2,rf_5class_smote,325,3,0,0,0.9999656081199646,0.4285714328289032,0.0,0.7539386749267578
nsl_kdd_v2,rf_5class_smote,326,0,0,1,0.9999852776527405,0.5384615659713745,0.0,0.8135471343994141
nsl_kdd_v2,rf_5class_smote,327,1,1,1,0.5714237689971924,0.5384615659713745,0.0,0.6751044392585754
nsl_kdd_v2,rf_5class_smote,328,2,0,0,0.8107972741127014,0.5384615659713745,0.0,0.7586164474487305
nsl_kdd_v2,rf_5class_smote,329,3,0,0,0.9999575614929199,0.4285714328289032,0.0,0.7539367079734802
nsl_kdd_v2,rf_5class_smote,330,2,2,1,0.9999852776527405,0.4285714328289032,0.0,0.7539436221122742
nsl_kdd_v2,rf_5class_smote,331,3,0,0,0.999983549118042,0.25,0.0,0.6299569606781006
nsl_kdd_v2,rf_5class_smote,332,3,0,0,0.9999852180480957,0.6666666865348816,0.0,0.8735759854316711
nsl_kdd_v2,rf_5class_smote,333,2,2,1,0.9999852776527405,0.5384615659713745,0.0,0.8135471343994141
nsl_kdd_v2,rf_5class_smote,334,0,0,1,0.9999852776527405,0.6666666865348816,0.0,0.8735759854316711
nsl_kdd_v2,rf_5class_smote,335,2,2,1,0.9999852776527405,0.4285714328289032,0.0,0.7539436221122742
nsl_kdd_v2,rf_5class_smote,336,3,0,0,0.9999476075172424,0.5384615659713745,0.0,0.8135368824005127
nsl_kdd_v2,rf_5class_smote,337,0,0,1,0.9999852776527405,0.6666666865348816,0.0,0.8735759854316711
nsl_kdd_v2,rf_5class_smote,338,2,2,1,0.9999852776527405,0.6666666865348816,0.0,0.8735759854316711
nsl_kdd_v2,rf_5class_smote,339,0,0,1,0.9999852776527405,0.5384615659713745,0.0,0.8135471343994141
nsl_kdd_v2,rf_5class_smote,340,1,1,1,0.9999852776527405,0.4285714328289032,0.0,0.7539436221122742
nsl_kdd_v2,rf_5class_smote,341,0,0,1,0.9999852776527405,0.5384615659713745,0.0,0.8135471343994141
nsl_kdd_v2,rf_5class_smote,342,3,0,0,0.9999528527259827,0.4285714328289032,0.0,0.7539354562759399
nsl_kdd_v2,rf_5class_smote,343,1,1,1,0.9999852776527405,0.5384615659713745,0.0,0.8135471343994141
nsl_kdd_v2,rf_5class_smote,344,3,0,0,0.9999656081199646,0.4285714328289032,0.0,0.7539386749267578
nsl_kdd_v2,rf_5class_smote,345,0,0,1,0.9999852776527405,0.5384615659713745,0.0,0.8135471343994141
nsl_kdd_v2,rf_5class_smote,346,0,0,1,0.9999852776527405,0.4285714328289032,0.0,0.7539436221122742
nsl_kdd_v2,rf_5class_smote,347,2,2,1,0.9999852776527405,0.6666666865348816,0.0,0.8735759854316711
nsl_kdd_v2,rf_5class_smote,348,0,0,1,0.9999852776527405,0.4285714328289032,0.0,0.7539436221122742
nsl_kdd_v2,rf_5class_smote,349,2,0,0,0.7499816417694092,0.6666666865348816,0.0,0.7936939597129822
nsl_kdd_v2,rf_5class_smote,350,2,2,1,0.9999852776527405,0.4285714328289032,0.0,0.7539436221122742
nsl_kdd_v2,rf_5class_smote,351,0,0,1,0.9999852776527405,0.5384615659713745,0.0,0.8135471343994141
nsl_kdd_v2,rf_5class_smote,352,0,0,1,0.9999852776527405,0.4285714328289032,0.0,0.7539436221122742
nsl_kdd_v2,rf_5class_smote,353,1,1,1,0.9999852776527405,0.4285714328289032,0.0,0.7539436221122742
nsl_kdd_v2,rf_5class_smote,354,3,0,0,0.9845045804977417,0.6666666865348816,0.0,0.8690446615219116
nsl_kdd_v2,rf_5class_smote,355,1,0,0,0.9845045804977417,0.5384615659713745,0.0,0.8093271255493164
nsl_kdd_v2,rf_5class_smote,356,1,1,1,0.9999852776527405,0.5384615659713745,0.0,0.8135471343994141
nsl_kdd_v2,rf_5class_smote,357,1,0,0,0.9785735607147217,0.4285714328289032,0.0,0.7485235929489136
nsl_kdd_v2,rf_5class_smote,358,0,0,1,0.9999852776527405,0.4285714328289032,0.0,0.7539436221122742
nsl_kdd_v2,rf_5class_smote,359,4,0,0,0.5611587762832642,0.4285714328289032,0.0,0.6218747496604919
nsl_kdd_v2,rf_5class_smote,360,2,0,0,0.8107972741127014,0.4285714328289032,0.0,0.703037440776825
nsl_kdd_v2,rf_5class_smote,361,2,0,0,0.7499834299087524,0.5384615659713745,0.0,0.7391548156738281
nsl_kdd_v2,rf_5class_smote,362,0,0,1,0.9999852776527405,0.5384615659713745,0.0,0.8135471343994141
nsl_kdd_v2,rf_5class_smote,363,2,2,1,0.9999852776527405,0.4285714328289032,0.0,0.7539436221122742
nsl_kdd_v2,rf_5class_smote,364,0,1,0,0.9999852776527405,0.6666666865348816,0.0,0.8735759854316711
nsl_kdd_v2,rf_5class_smote,365,1,1,1,0.9999852776527405,0.4285714328289032,0.0,0.7539436221122742
nsl_kdd_v2,rf_5class_smote,366,0,1,0,0.9845995306968689,0.6666666865348816,0.0,0.8690726161003113
nsl_kdd_v2,rf_5class_smote,367,3,0,0,0.9999774694442749,0.5384615659713745,0.0,0.8135449886322021
nsl_kdd_v2,rf_5class_smote,368,3,0,0,0.8333210945129395,0.5384615659713745,0.0,0.7655771374702454
nsl_kdd_v2,rf_5class_smote,369,0,0,1,0.9999852776527405,0.4285714328289032,0.0,0.7539436221122742
nsl_kdd_v2,rf_5class_smote,370,3,0,0,0.8004044890403748,0.5384615659713745,0.0,0.7553612589836121
nsl_kdd_v2,rf_5class_smote,371,0,0,1,0.9999852776527405,0.5384615659713745,0.0,0.8135471343994141
nsl_kdd_v2,rf_5class_smote,372,1,1,1,0.9999852776527405,0.6666666865348816,0.0,0.8735759854316711
nsl_kdd_v2,rf_5class_smote,373,2,0,0,0.749979555606842,0.6666666865348816,0.0,0.7936931848526001
nsl_kdd_v2,rf_5class_smote,374,1,0,0,0.9845045804977417,0.5384615659713745,0.0,0.8093271255493164
nsl_kdd_v2,rf_5class_smote,375,3,0,0,0.9845045804977417,0.4285714328289032,0.0,0.7500327825546265
nsl_kdd_v2,rf_5class_smote,376,0,0,1,0.9999852776527405,0.5384615659713745,0.0,0.8135471343994141
nsl_kdd_v2,rf_5class_smote,377,2,2,1,0.9999852776527405,0.4285714328289032,0.0,0.7539436221122742
nsl_kdd_v2,rf_5class_smote,378,2,2,1,0.9999852776527405,0.5384615659713745,0.0,0.8135471343994141
nsl_kdd_v2,rf_5class_smote,379,3,0,0,0.9999852180480957,0.6666666865348816,0.0,0.8735759854316711
nsl_kdd_v2,rf_5class_smote,380,2,2,1,0.9999852776527405,0.6666666865348816,0.0,0.8735759854316711
nsl_kdd_v2,rf_5class_smote,381,1,1,1,0.9999852776527405,0.4285714328289032,0.0,0.7539436221122742
nsl_kdd_v2,rf_5class_smote,382,0,0,1,0.9999852776527405,0.4285714328289032,0.0,0.7539436221122742
nsl_kdd_v2,rf_5class_smote,383,4,0,0,0.9875347018241882,0.4285714328289032,0.0,0.7508015036582947
nsl_kdd_v2,rf_5class_smote,384,3,0,0,0.999983549118042,0.6666666865348816,0.0,0.8735755681991577
nsl_kdd_v2,rf_5class_smote,385,2,2,1,0.9999852776527405,0.5384615659713745,0.0,0.8135471343994141
nsl_kdd_v2,rf_5class_smote,386,3,0,0,0.9999721646308899,0.6666666865348816,0.0,0.8735722899436951
nsl_kdd_v2,rf_5class_smote,387,2,2,1,0.9999852776527405,0.4285714328289032,0.0,0.7539436221122742
nsl_kdd_v2,rf_5class_smote,388,2,2,1,0.9999818205833435,0.3333333432674408,0.0,0.693356990814209
nsl_kdd_v2,rf_5class_smote,389,2,2,1,0.9999852776527405,0.5384615659713745,0.0,0.8135471343994141
nsl_kdd_v2,rf_5class_smote,390,4,4,1,1.0,0.4285714328289032,1.0,75.39474487304688
nsl_kdd_v2,rf_5class_smote,391,1,1,1,0.9999852776527405,0.5384615659713745,0.0,0.8135471343994141
nsl_kdd_v2,rf_5class_smote,392,0,0,1,0.9999852776527405,0.5384615659713745,0.0,0.8135471343994141
nsl_kdd_v2,rf_5class_smote,393,1,1,1,0.9999852776527405,0.4285714328289032,0.0,0.7539436221122742
nsl_kdd_v2,rf_5class_smote,394,2,2,1,0.9999852776527405,0.6666666865348816,0.0,0.8735759854316711
nsl_kdd_v2,rf_5class_smote,395,2,0,0,0.7499816417694092,0.4285714328289032,0.0,0.685001015663147
nsl_kdd_v2,rf_5class_smote,396,3,0,0,0.9999796748161316,0.5384615659713745,0.0,0.8135455846786499
nsl_kdd_v2,rf_5class_smote,397,0,0,1,0.9999852776527405,0.5384615659713745,0.0,0.8135471343994141
nsl_kdd_v2,rf_5class_smote,398,1,1,1,0.9999852776527405,0.4285714328289032,0.0,0.7539436221122742
nsl_kdd_v2,rf_5class_smote,399,2,1,0,0.9999852776527405,0.6666666865348816,0.0,0.8735759854316711
nsl_kdd_v2,rf_5class_smote,400,3,0,0,0.9845045804977417,0.6666666865348816,0.0,0.8690446615219116
nsl_kdd_v2,rf_5class_smote,401,4,0,0,0.9976496696472168,0.6666666865348816,0.0,0.8728954195976257
nsl_kdd_v2,rf_5class_smote,402,0,0,1,0.9999852776527405,0.5384615659713745,0.0,0.8135471343994141
nsl_kdd_v2,rf_5class_smote,403,4,0,0,0.9996067881584167,0.5384615659713745,0.0,0.8134444355964661
nsl_kdd_v2,rf_5class_smote,404,1,1,1,0.9999852776527405,0.3333333432674408,0.0,0.6933577656745911
nsl_kdd_v2,rf_5class_smote,405,4,0,0,0.9999852776527405,0.5384615659713745,0.0,0.8135471343994141
nsl_kdd_v2,rf_5class_smote,406,0,0,1,0.9999852776527405,0.5384615659713745,0.0,0.8135471343994141
nsl_kdd_v2,rf_5class_smote,407,2,2,1,0.9999852776527405,0.5384615659713745,0.0,0.8135471343994141
nsl_kdd_v2,rf_5class_smote,408,1,1,1,0.9999852776527405,0.5384615659713745,0.0,0.8135471343994141
nsl_kdd_v2,rf_5class_smote,409,1,1,1,0.9999852776527405,0.4285714328289032,0.0,0.7539436221122742
nsl_kdd_v2,rf_5class_smote,410,2,2,1,0.9999818205833435,0.4285714328289032,0.0,0.7539427876472473
nsl_kdd_v2,rf_5class_smote,411,0,0,1,0.9999852776527405,0.5384615659713745,0.0,0.8135471343994141
nsl_kdd_v2,rf_5class_smote,412,1,1,1,0.9999852776527405,0.3333333432674408,0.0,0.6933577656745911
nsl_kdd_v2,rf_5class_smote,413,0,0,1,0.9999852776527405,0.5384615659713745,0.0,0.8135471343994141
nsl_kdd_v2,rf_5class_smote,414,2,2,1,0.8360486626625061,0.4285714328289032,0.0,0.7102614045143127
nsl_kdd_v2,rf_5class_smote,415,3,0,0,0.7499816417694092,0.5384615659713745,0.0,0.7391542196273804
nsl_kdd_v2,rf_5class_smote,416,0,0,1,0.9999852776527405,0.5384615659713745,0.0,0.8135471343994141
nsl_kdd_v2,rf_5class_smote,417,0,0,1,0.9999852776527405,0.4285714328289032,0.0,0.7539436221122742
nsl_kdd_v2,rf_5class_smote,418,3,0,0,0.9999749660491943,0.5384615659713745,0.0,0.8135443329811096
nsl_kdd_v2,rf_5class_smote,419,3,0,0,0.9999281167984009,0.5384615659713745,0.0,0.8135315775871277
nsl_kdd_v2,rf_5class_smote,420,1,1,1,0.9999852776527405,0.4285714328289032,0.0,0.7539436221122742
nsl_kdd_v2,rf_5class_smote,421,4,0,0,0.9939711689949036,0.4285714328289032,0.0,0.7524291276931763
nsl_kdd_v2,rf_5class_smote,422,2,0,0,0.7499834299087524,0.4285714328289032,0.0,0.6850016117095947
nsl_kdd_v2,rf_5class_smote,423,2,0,0,0.9845045804977417,0.6666666865348816,0.0,0.8690446615219116
nsl_kdd_v2,rf_5class_smote,424,3,0,0,0.9999796748161316,0.5384615659713745,0.0,0.8135455846786499
nsl_kdd_v2,rf_5class_smote,425,0,0,1,0.9999852776527405,0.5384615659713745,0.0,0.8135471343994141
nsl_kdd_v2,rf_5class_smote,426,2,0,0,0.9845045804977417,0.4285714328289032,0.0,0.7500327825546265
nsl_kdd_v2,rf_5class_smote,427,3,0,0,0.9999796748161316,0.6666666865348816,0.0,0.873574435710907
nsl_kdd_v2,rf_5class_smote,428,0,0,1,0.9999852776527405,0.4285714328289032,0.0,0.7539436221122742
nsl_kdd_v2,rf_5class_smote,429,0,0,1,0.9999852776527405,0.5384615659713745,0.0,0.8135471343994141
nsl_kdd_v2,rf_5class_smote,430,3,0,0,0.999983549118042,0.4285714328289032,0.0,0.7539432048797607
nsl_kdd_v2,rf_5class_smote,431,0,0,1,0.9999852776527405,0.4285714328289032,0.0,0.7539436221122742
nsl_kdd_v2,rf_5class_smote,432,1,0,0,0.9815781116485596,0.5384615659713745,0.0,0.8085244297981262
nsl_kdd_v2,rf_5class_smote,433,1,0,0,0.9815762042999268,0.5384615659713745,0.0,0.8085238933563232
nsl_kdd_v2,rf_5class_smote,434,3,0,0,0.9999852776527405,0.5384615659713745,0.0,0.8135471343994141
nsl_kdd_v2,rf_5class_smote,435,4,0,0,0.6626067161560059,0.5384615659713745,0.0,0.7092567086219788
nsl_kdd_v2,rf_5class_smote,436,3,0,0,0.9999796748161316,0.5384615659713745,0.0,0.8135455846786499
nsl_kdd_v2,rf_5class_smote,437,2,2,1,0.5312250852584839,0.5384615659713745,0.0,0.6588871479034424
nsl_kdd_v2,rf_5class_smote,438,3,0,0,0.9999852180480957,0.5384615659713745,0.0,0.8135470747947693
nsl_kdd_v2,rf_5class_smote,439,3,0,0,0.9999852776527405,0.6666666865348816,0.0,0.8735759854316711
nsl_kdd_v2,rf_5class_smote,440,1,1,1,0.9999852776527405,0.3333333432674408,0.0,0.6933577656745911
nsl_kdd_v2,rf_5class_smote,441,0,0,1,0.9999852776527405,0.5384615659713745,0.0,0.8135471343994141
nsl_kdd_v2,rf_5class_smote,442,0,0,1,0.9999852776527405,0.4285714328289032,0.0,0.7539436221122742
nsl_kdd_v2,rf_5class_smote,443,0,0,1,0.9999852776527405,0.5384615659713745,0.0,0.8135471343994141
nsl_kdd_v2,rf_5class_smote,444,1,1,1,0.9999852776527405,0.5384615659713745,0.0,0.8135471343994141
nsl_kdd_v2,rf_5class_smote,445,0,0,1,0.9999852776527405,0.5384615659713745,0.0,0.8135471343994141
nsl_kdd_v2,rf_5class_smote,446,1,1,1,0.5833283066749573,0.6666666865348816,0.0,0.7299176454544067
nsl_kdd_v2,rf_5class_smote,447,1,1,1,0.9999852776527405,0.4285714328289032,0.0,0.7539436221122742
nsl_kdd_v2,rf_5class_smote,448,2,2,1,0.9999818205833435,0.3333333432674408,0.0,0.693356990814209
nsl_kdd_v2,rf_5class_smote,449,2,2,1,0.9999852776527405,0.6666666865348816,0.0,0.8735759854316711
nsl_kdd_v2,rf_5class_smote,450,0,0,1,0.9999852776527405,0.4285714328289032,0.0,0.7539436221122742
nsl_kdd_v2,rf_5class_smote,451,0,0,1,0.9999852776527405,0.5384615659713745,0.0,0.8135471343994141
nsl_kdd_v2,rf_5class_smote,452,0,0,1,0.9999852776527405,0.5384615659713745,0.0,0.8135471343994141
nsl_kdd_v2,rf_5class_smote,453,3,0,0,0.9999852776527405,0.5384615659713745,0.0,0.8135471343994141
nsl_kdd_v2,rf_5class_smote,454,3,0,0,0.9999723434448242,0.4285714328289032,0.0,0.7539403438568115
nsl_kdd_v2,rf_5class_smote,455,0,0,1,0.9999852776527405,0.5384615659713745,0.0,0.8135471343994141
nsl_kdd_v2,rf_5class_smote,456,0,0,1,0.9999852776527405,0.4285714328289032,0.0,0.7539436221122742
nsl_kdd_v2,rf_5class_smote,457,3,0,0,0.9999749660491943,0.5384615659713745,0.0,0.8135443329811096
nsl_kdd_v2,rf_5class_smote,458,1,0,0,0.9815762042999268,0.6666666865348816,0.0,0.8681821823120117
nsl_kdd_v2,rf_5class_smote,459,0,0,1,0.9999852776527405,0.4285714328289032,0.0,0.7539436221122742
nsl_kdd_v2,rf_5class_smote,460,0,0,1,0.9999852776527405,0.5384615659713745,0.0,0.8135471343994141
nsl_kdd_v2,rf_5class_smote,461,2,0,0,0.9845045804977417,0.4285714328289032,0.0,0.7500327825546265
nsl_kdd_v2,rf_5class_smote,462,2,2,1,0.9999852776527405,0.5384615659713745,0.0,0.8135471343994141
nsl_kdd_v2,rf_5class_smote,463,0,0,1,0.9999852776527405,0.5384615659713745,0.0,0.8135471343994141
nsl_kdd_v2,rf_5class_smote,464,2,2,1,0.9999852776527405,0.6666666865348816,0.0,0.8735759854316711
nsl_kdd_v2,rf_5class_smote,465,0,0,1,0.9999852776527405,0.6666666865348816,0.0,0.8735759854316711
nsl_kdd_v2,rf_5class_smote,466,0,0,1,0.9999852776527405,0.5384615659713745,0.0,0.8135471343994141
nsl_kdd_v2,rf_5class_smote,467,1,0,0,0.5555495023727417,0.5384615659713745,0.0,0.6687940955162048
nsl_kdd_v2,rf_5class_smote,468,3,0,0,0.9999836683273315,0.6666666865348816,0.0,0.8735755681991577
nsl_kdd_v2,rf_5class_smote,469,0,0,1,0.9999852776527405,0.5384615659713745,0.0,0.8135471343994141
nsl_kdd_v2,rf_5class_smote,470,0,0,1,0.9999852776527405,0.5384615659713745,0.0,0.8135471343994141
nsl_kdd_v2,rf_5class_smote,471,3,0,0,0.9999796748161316,0.6666666865348816,0.0,0.873574435710907
nsl_kdd_v2,rf_5class_smote,472,0,0,1,0.9999852776527405,0.4285714328289032,0.0,0.7539436221122742
nsl_kdd_v2,rf_5class_smote,473,0,0,1,0.9999852776527405,0.3333333432674408,0.0,0.6933577656745911
nsl_kdd_v2,rf_5class_smote,474,0,0,1,0.9999852776527405,0.5384615659713745,0.0,0.8135471343994141
nsl_kdd_v2,rf_5class_smote,475,2,2,1,0.9999852776527405,0.4285714328289032,0.0,0.7539436221122742
nsl_kdd_v2,rf_5class_smote,476,0,0,1,0.9999852776527405,0.5384615659713745,0.0,0.8135471343994141
nsl_kdd_v2,rf_5class_smote,477,1,0,0,0.9845045804977417,0.6666666865348816,0.0,0.8690446615219116
nsl_kdd_v2,rf_5class_smote,478,2,2,1,0.9999852776527405,0.6666666865348816,0.0,0.8735759854316711
nsl_kdd_v2,rf_5class_smote,479,3,0,0,0.9999852180480957,0.4285714328289032,0.0,0.7539436221122742
nsl_kdd_v2,rf_5class_smote,480,4,0,0,0.9983915686607361,0.5384615659713745,0.0,0.8131147623062134
nsl_kdd_v2,rf_5class_smote,481,3,0,0,0.981566309928894,0.4285714328289032,0.0,0.749285876750946
nsl_kdd_v2,rf_5class_smote,482,1,1,1,0.9999852776527405,0.5384615659713745,0.0,0.8135471343994141
nsl_kdd_v2,rf_5class_smote,483,0,0,1,0.9999852776527405,0.5384615659713745,0.0,0.8135471343994141
nsl_kdd_v2,rf_5class_smote,484,2,2,1,0.9999852776527405,0.5384615659713745,0.0,0.8135471343994141
nsl_kdd_v2,rf_5class_smote,485,2,2,1,0.9999852776527405,0.6666666865348816,0.0,0.8735759854316711
nsl_kdd_v2,rf_5class_smote,486,3,0,0,0.9999852180480957,0.6666666865348816,0.0,0.8735759854316711
nsl_kdd_v2,rf_5class_smote,487,0,0,1,0.9999852776527405,0.5384615659713745,0.0,0.8135471343994141
nsl_kdd_v2,rf_5class_smote,488,0,2,0,0.9999852776527405,0.4285714328289032,0.0,0.7539436221122742
nsl_kdd_v2,rf_5class_smote,489,1,1,1,0.9999852776527405,0.25,0.0,0.6299573183059692
nsl_kdd_v2,rf_5class_smote,490,3,0,0,0.9999758005142212,0.3333333432674408,0.0,0.6933556199073792
nsl_kdd_v2,rf_5class_smote,491,2,2,1,0.9999852776527405,0.6666666865348816,0.0,0.8735759854316711
nsl_kdd_v2,rf_5class_smote,492,1,1,1,0.9999852776527405,0.3333333432674408,0.0,0.6933577656745911
nsl_kdd_v2,rf_5class_smote,493,2,2,1,0.9999798536300659,0.4285714328289032,0.0,0.7539422512054443
nsl_kdd_v2,rf_5class_smote,494,4,0,0,0.9674307107925415,0.4285714328289032,0.0,0.7456716895103455
nsl_kdd_v2,rf_5class_smote,495,3,0,0,0.9999836683273315,0.5384615659713745,0.0,0.8135466575622559
nsl_kdd_v2,rf_5class_smote,496,0,0,1,0.9999852776527405,0.4285714328289032,0.0,0.7539436221122742
nsl_kdd_v2,rf_5class_smote,497,4,0,0,0.9999228715896606,0.6666666865348816,0.0,0.8735578656196594
nsl_kdd_v2,rf_5class_smote,498,3,0,0,0.9999803900718689,0.4285714328289032,0.0,0.7539424300193787
nsl_kdd_v2,rf_5class_smote,499,1,1,1,0.9999852776527405,0.4285714328289032,0.0,0.7539436221122742
nsl_kdd_v2,rf_5class_smote,500,0,0,1,0.9999852776527405,0.5384615659713745,0.0,0.8135471343994141
nsl_kdd_v2,rf_5class_smote,501,0,0,1,0.9999852776527405,0.4285714328289032,0.0,0.7539436221122742
nsl_kdd_v2,rf_5class_smote,502,0,0,1,0.9999852776527405,0.4285714328289032,0.0,0.7539436221122742
nsl_kdd_v2,rf_5class_smote,503,0,0,1,0.9999852776527405,0.6666666865348816,0.0,0.8735759854316711
nsl_kdd_v2,rf_5class_smote,504,3,0,0,0.9845045804977417,0.5384615659713745,0.0,0.8093271255493164
nsl_kdd_v2,rf_5class_smote,505,0,0,1,0.9999852776527405,0.3333333432674408,0.0,0.6933577656745911
nsl_kdd_v2,rf_5class_smote,506,0,0,1,0.9999852776527405,0.5384615659713745,0.0,0.8135471343994141
nsl_kdd_v2,rf_5class_smote,507,2,2,1,0.9999852776527405,0.5384615659713745,0.0,0.8135471343994141
nsl_kdd_v2,rf_5class_smote,508,1,1,1,0.5833283066749573,0.4285714328289032,0.0,0.6299586296081543
nsl_kdd_v2,rf_5class_smote,509,0,0,1,0.9999852776527405,0.4285714328289032,0.0,0.7539436221122742
nsl_kdd_v2,rf_5class_smote,510,0,0,1,0.9999852776527405,0.4285714328289032,0.0,0.7539436221122742
nsl_kdd_v2,rf_5class_smote,511,1,1,1,0.9999852776527405,0.4285714328289032,0.0,0.7539436221122742
nsl_kdd_v2,rf_5class_smote,512,3,0,0,0.9844992160797119,0.4285714328289032,0.0,0.7500314116477966
nsl_kdd_v2,rf_5class_smote,513,3,0,0,0.999961793422699,0.4285714328289032,0.0,0.7539377808570862
nsl_kdd_v2,rf_5class_smote,514,0,0,1,0.9999852776527405,0.5384615659713745,0.0,0.8135471343994141
nsl_kdd_v2,rf_5class_smote,515,1,1,1,0.9999852776527405,0.5384615659713745,0.0,0.8135471343994141
nsl_kdd_v2,rf_5class_smote,516,3,0,0,0.9999852776527405,0.6666666865348816,0.0,0.8735759854316711
nsl_kdd_v2,rf_5class_smote,517,2,0,0,0.49999263882637024,0.5384615659713745,0.0,0.6457127332687378
nsl_kdd_v2,rf_5class_smote,518,1,1,1,0.9999852776527405,0.4285714328289032,0.0,0.7539436221122742
nsl_kdd_v2,rf_5class_smote,519,2,2,1,0.9999852776527405,0.5384615659713745,0.0,0.8135471343994141
nsl_kdd_v2,rf_5class_smote,520,3,0,0,0.9999796748161316,0.4285714328289032,0.0,0.7539422512054443
nsl_kdd_v2,rf_5class_smote,521,1,1,1,0.9999852776527405,0.4285714328289032,0.0,0.7539436221122742
nsl_kdd_v2,rf_5class_smote,522,4,4,1,1.0,0.4285714328289032,1.0,75.39474487304688
nsl_kdd_v2,rf_5class_smote,523,3,0,0,0.9412988424301147,0.5384615659713745,0.0,0.7973101735115051
nsl_kdd_v2,rf_5class_smote,524,3,0,0,0.9999852180480957,0.5384615659713745,0.0,0.8135470747947693
nsl_kdd_v2,rf_5class_smote,525,2,2,1,0.9999852776527405,0.5384615659713745,0.0,0.8135471343994141
nsl_kdd_v2,rf_5class_smote,526,2,0,0,0.7499834299087524,0.5384615659713745,0.0,0.7391548156738281
nsl_kdd_v2,rf_5class_smote,527,1,1,1,0.9999852776527405,0.6666666865348816,0.0,0.8735759854316711
nsl_kdd_v2,rf_5class_smote,528,2,2,1,0.9999852776527405,0.6666666865348816,0.0,0.8735759854316711
nsl_kdd_v2,rf_5class_smote,529,4,0,0,0.9999852776527405,0.5384615659713745,0.0,0.8135471343994141
nsl_kdd_v2,rf_5class_smote,530,2,0,0,0.7499834299087524,0.5384615659713745,0.0,0.7391548156738281
nsl_kdd_v2,rf_5class_smote,531,2,2,1,0.9999818205833435,0.3333333432674408,0.0,0.693356990814209
nsl_kdd_v2,rf_5class_smote,532,1,1,1,0.6666601300239563,0.5384615659713745,0.0,0.7107000350952148
nsl_kdd_v2,rf_5class_smote,533,2,2,1,0.9999852776527405,0.6666666865348816,0.0,0.8735759854316711
nsl_kdd_v2,rf_5class_smote,534,3,0,0,0.9999774694442749,0.5384615659713745,0.0,0.8135449886322021
nsl_kdd_v2,rf_5class_smote,535,0,0,1,0.9999852776527405,0.5384615659713745,0.0,0.8135471343994141
nsl_kdd_v2,rf_5class_smote,536,2,0,0,0.7499834299087524,0.5384615659713745,0.0,0.7391548156738281
nsl_kdd_v2,rf_5class_smote,537,3,0,0,0.6626415848731995,0.5384615659713745,0.0,0.7092691659927368
nsl_kdd_v2,rf_5class_smote,538,1,1,1,0.9999852776527405,0.5384615659713745,0.0,0.8135471343994141
nsl_kdd_v2,rf_5class_smote,539,0,0,1,0.9999852776527405,0.5384615659713745,0.0,0.8135471343994141
nsl_kdd_v2,rf_5class_smote,540,4,0,0,0.9986761808395386,0.5384615659713745,0.0,0.8131919503211975
nsl_kdd_v2,rf_5class_smote,541,2,2,1,0.9999852776527405,0.4285714328289032,0.0,0.7539436221122742
nsl_kdd_v2,rf_5class_smote,542,0,0,1,0.9999852776527405,0.4285714328289032,0.0,0.7539436221122742
nsl_kdd_v2,rf_5class_smote,543,1,1,1,0.9999852776527405,0.4285714328289032,0.0,0.7539436221122742
nsl_kdd_v2,rf_5class_smote,544,1,1,1,0.9999852776527405,0.4285714328289032,0.0,0.7539436221122742
nsl_kdd_v2,rf_5class_smote,545,1,1,1,0.9999852776527405,0.5384615659713745,0.0,0.8135471343994141
nsl_kdd_v2,rf_5class_smote,546,1,0,0,0.9815781116485596,0.4285714328289032,0.0,0.7492889165878296
nsl_kdd_v2,rf_5class_smote,547,3,0,0,0.9999852776527405,0.4285714328289032,0.0,0.7539436221122742
nsl_kdd_v2,rf_5class_smote,548,3,0,0,0.9999774694442749,0.5384615659713745,0.0,0.8135449886322021
nsl_kdd_v2,rf_5class_smote,549,3,0,0,0.999981701374054,0.4285714328289032,0.0,0.7539427280426025
nsl_kdd_v2,rf_5class_smote,550,1,1,1,0.9999852776527405,0.3333333432674408,0.0,0.6933577656745911
nsl_kdd_v2,rf_5class_smote,551,2,2,1,0.5312250852584839,0.5384615659713745,0.0,0.6588871479034424
nsl_kdd_v2,rf_5class_smote,552,0,0,1,0.9999852776527405,0.5384615659713745,0.0,0.8135471343994141
nsl_kdd_v2,rf_5class_smote,553,2,2,1,0.5312250852584839,0.6666666865348816,0.0,0.7075042724609375
nsl_kdd_v2,rf_5class_smote,554,0,0,1,0.9999852776527405,0.5384615659713745,0.0,0.8135471343994141
nsl_kdd_v2,rf_5class_smote,555,2,0,0,0.8107972741127014,0.3333333432674408,0.0,0.6465423107147217
nsl_kdd_v2,rf_5class_smote,556,3,0,0,0.999981701374054,0.8181818127632141,0.0,0.9352920651435852
nsl_kdd_v2,rf_5class_smote,557,1,0,0,0.8107972741127014,0.4285714328289032,0.0,0.703037440776825
nsl_kdd_v2,rf_5class_smote,558,0,0,1,0.9999852776527405,0.5384615659713745,0.0,0.8135471343994141
nsl_kdd_v2,rf_5class_smote,559,0,0,1,0.9999852776527405,0.3333333432674408,0.0,0.6933577656745911
nsl_kdd_v2,rf_5class_smote,560,0,0,1,0.9999852776527405,0.5384615659713745,0.0,0.8135471343994141
nsl_kdd_v2,rf_5class_smote,561,0,0,1,0.9999852776527405,0.5384615659713745,0.0,0.8135471343994141
nsl_kdd_v2,rf_5class_smote,562,3,0,0,0.9845045804977417,0.4285714328289032,0.0,0.7500327825546265
nsl_kdd_v2,rf_5class_smote,563,2,2,1,0.9999852776527405,0.5384615659713745,0.0,0.8135471343994141
nsl_kdd_v2,rf_5class_smote,564,3,0,0,0.9845045804977417,0.6666666865348816,0.0,0.8690446615219116
nsl_kdd_v2,rf_5class_smote,565,1,1,1,0.9999852776527405,0.5384615659713745,0.0,0.8135471343994141
nsl_kdd_v2,rf_5class_smote,566,3,0,0,0.9999818205833435,0.6666666865348816,0.0,0.8735750913619995
nsl_kdd_v2,rf_5class_smote,567,0,0,1,0.9999852776527405,0.5384615659713745,0.0,0.8135471343994141
nsl_kdd_v2,rf_5class_smote,568,0,0,1,0.9999852776527405,0.5384615659713745,0.0,0.8135471343994141
nsl_kdd_v2,rf_5class_smote,569,1,1,1,0.9999852776527405,0.4285714328289032,0.0,0.7539436221122742
nsl_kdd_v2,rf_5class_smote,570,2,2,1,0.5312250852584839,0.4285714328289032,0.0,0.6106145977973938
nsl_kdd_v2,rf_5class_smote,571,2,1,0,0.9999852776527405,0.8181818127632141,0.0,0.9352931976318359
nsl_kdd_v2,rf_5class_smote,572,2,2,1,0.9999852776527405,0.6666666865348816,0.0,0.8735759854316711
nsl_kdd_v2,rf_5class_smote,573,3,0,0,0.9999852776527405,0.5384615659713745,0.0,0.8135471343994141
nsl_kdd_v2,rf_5class_smote,574,4,0,0,0.6626185774803162,0.6666666865348816,0.0,0.7615949511528015
nsl_kdd_v2,rf_5class_smote,575,1,0,0,0.999983549118042,0.4285714328289032,0.0,0.7539432048797607
nsl_kdd_v2,rf_5class_smote,576,0,0,1,0.9999852776527405,0.5384615659713745,0.0,0.8135471343994141
nsl_kdd_v2,rf_5class_smote,577,0,0,1,0.9999852776527405,0.5384615659713745,0.0,0.8135471343994141
nsl_kdd_v2,rf_5class_smote,578,4,4,1,1.0,0.4285714328289032,1.0,75.39474487304688
nsl_kdd_v2,rf_5class_smote,579,4,0,0,0.5207675099372864,0.4285714328289032,0.0,0.6065812706947327
nsl_kdd_v2,rf_5class_smote,580,2,2,1,0.9999852776527405,0.6666666865348816,0.0,0.8735759854316711
nsl_kdd_v2,rf_5class_smote,581,0,0,1,0.9999852776527405,0.3333333432674408,0.0,0.6933577656745911
nsl_kdd_v2,rf_5class_smote,582,1,0,0,0.5807545185089111,0.5384615659713745,0.0,0.6787591576576233
nsl_kdd_v2,rf_5class_smote,583,4,0,0,0.9988082647323608,0.5384615659713745,0.0,0.8132277727127075
nsl_kdd_v2,rf_5class_smote,584,1,1,1,0.9999852776527405,0.3333333432674408,0.0,0.6933577656745911
nsl_kdd_v2,rf_5class_smote,585,2,0,0,0.8333210945129395,0.6666666865348816,0.0,0.8220665454864502
nsl_kdd_v2,rf_5class_smote,586,3,0,0,0.9999852776527405,0.5384615659713745,0.0,0.8135471343994141
nsl_kdd_v2,rf_5class_smote,587,0,0,1,0.9999852776527405,0.5384615659713745,0.0,0.8135471343994141
nsl_kdd_v2,rf_5class_smote,588,4,0,0,0.9999852776527405,0.3333333432674408,0.0,0.6933577656745911
nsl_kdd_v2,rf_5class_smote,589,3,0,0,0.9999721646308899,0.5384615659713745,0.0,0.8135436177253723
nsl_kdd_v2,rf_5class_smote,590,2,2,1,0.9999852776527405,0.6666666865348816,0.0,0.8735759854316711
nsl_kdd_v2,rf_5class_smote,591,3,0,0,0.9999701380729675,0.4285714328289032,0.0,0.7539398670196533
nsl_kdd_v2,rf_5class_smote,592,1,1,1,0.857132077217102,0.5384615659713745,0.0,0.7728005647659302
nsl_kdd_v2,rf_5class_smote,593,3,0,0,0.999981701374054,0.6666666865348816,0.0,0.87357497215271
nsl_kdd_v2,rf_5class_smote,594,2,2,1,0.9999852776527405,0.5384615659713745,0.0,0.8135471343994141
nsl_kdd_v2,rf_5class_smote,595,2,0,0,0.8107972741127014,0.4285714328289032,0.0,0.703037440776825
nsl_kdd_v2,rf_5class_smote,596,0,0,1,0.9999852776527405,0.4285714328289032,0.0,0.7539436221122742
nsl_kdd_v2,rf_5class_smote,597,4,0,0,0.9996629357337952,0.6666666865348816,0.0,0.8734822273254395
nsl_kdd_v2,rf_5class_smote,598,3,0,0,0.9999852776527405,0.5384615659713745,0.0,0.8135471343994141
nsl_kdd_v2,rf_5class_smote,599,0,0,1,0.9999852776527405,0.5384615659713745,0.0,0.8135471343994141
nsl_kdd_v2,rf_5class_smote,600,2,2,1,0.9999852776527405,0.5384615659713745,0.0,0.8135471343994141
nsl_kdd_v2,rf_5class_smote,601,2,2,1,0.9999852776527405,0.6666666865348816,0.0,0.8735759854316711
nsl_kdd_v2,rf_5class_smote,602,2,2,1,0.9999852776527405,0.5384615659713745,0.0,0.8135471343994141
nsl_kdd_v2,rf_5class_smote,603,1,1,1,0.9999852776527405,0.5384615659713745,0.0,0.8135471343994141
nsl_kdd_v2,rf_5class_smote,604,1,1,1,0.9999852776527405,0.5384615659713745,0.0,0.8135471343994141
nsl_kdd_v2,rf_5class_smote,605,1,1,1,0.9999852776527405,0.4285714328289032,0.0,0.7539436221122742
nsl_kdd_v2,rf_5class_smote,606,0,0,1,0.9999852776527405,0.5384615659713745,0.0,0.8135471343994141
nsl_kdd_v2,rf_5class_smote,607,2,2,1,0.9999852776527405,0.5384615659713745,0.0,0.8135471343994141
nsl_kdd_v2,rf_5class_smote,608,1,0,0,0.8107972741127014,0.5384615659713745,0.0,0.7586164474487305
nsl_kdd_v2,rf_5class_smote,609,0,0,1,0.8107941150665283,0.5384615659713745,0.0,0.7586154937744141
nsl_kdd_v2,rf_5class_smote,610,1,1,1,0.9999852776527405,0.4285714328289032,0.0,0.7539436221122742
nsl_kdd_v2,rf_5class_smote,611,1,1,1,0.9999852776527405,0.4285714328289032,0.0,0.7539436221122742
nsl_kdd_v2,rf_5class_smote,612,2,2,1,0.9999852776527405,0.6666666865348816,0.0,0.8735759854316711
nsl_kdd_v2,rf_5class_smote,613,0,0,1,0.9999852776527405,0.5384615659713745,0.0,0.8135471343994141
nsl_kdd_v2,rf_5class_smote,614,2,2,1,0.849987268447876,0.6666666865348816,0.0,0.8275107741355896
nsl_kdd_v2,rf_5class_smote,615,0,0,1,0.9999852776527405,0.4285714328289032,0.0,0.7539436221122742
nsl_kdd_v2,rf_5class_smote,616,2,1,0,0.5151398181915283,0.5384615659713745,0.0,0.6521685719490051
nsl_kdd_v2,rf_5class_smote,617,1,1,1,0.9999852776527405,0.6666666865348816,0.0,0.8735759854316711
nsl_kdd_v2,rf_5class_smote,618,0,0,1,0.9999852776527405,0.5384615659713745,0.0,0.8135471343994141
nsl_kdd_v2,rf_5class_smote,619,1,1,1,0.9999852776527405,0.4285714328289032,0.0,0.7539436221122742
nsl_kdd_v2,rf_5class_smote,620,2,0,0,0.9845045804977417,0.4285714328289032,0.0,0.7500327825546265
nsl_kdd_v2,rf_5class_smote,621,0,2,0,0.9999852776527405,0.5384615659713745,0.0,0.8135471343994141
nsl_kdd_v2,rf_5class_smote,622,1,1,1,0.9999852776527405,0.4285714328289032,0.0,0.7539436221122742
nsl_kdd_v2,rf_5class_smote,623,3,0,0,0.9999758005142212,0.4285714328289032,0.0,0.7539412379264832
nsl_kdd_v2,rf_5class_smote,624,4,0,0,0.9812105298042297,0.6666666865348816,0.0,0.8680742979049683
nsl_kdd_v2,rf_5class_smote,625,2,2,1,0.7727077603340149,0.5384615659713745,0.0,0.7465460300445557
nsl_kdd_v2,rf_5class_smote,626,3,0,0,0.578933835029602,0.3333333432674408,0.0,0.5778775811195374
nsl_kdd_v2,rf_5class_smote,627,2,2,1,0.9999852776527405,0.4285714328289032,0.0,0.7539436221122742
nsl_kdd_v2,rf_5class_smote,628,1,1,1,0.9999852776527405,0.4285714328289032,0.0,0.7539436221122742
nsl_kdd_v2,rf_5class_smote,629,0,0,1,0.9999852776527405,0.4285714328289032,0.0,0.7539436221122742
nsl_kdd_v2,rf_5class_smote,630,1,1,1,0.9999852776527405,0.6666666865348816,0.0,0.8735759854316711
nsl_kdd_v2,rf_5class_smote,631,3,0,0,0.9999774694442749,0.6666666865348816,0.0,0.8735737800598145
nsl_kdd_v2,rf_5class_smote,632,1,1,1,0.9999852776527405,0.4285714328289032,0.0,0.7539436221122742
nsl_kdd_v2,rf_5class_smote,633,1,0,0,0.5807545185089111,0.3333333432674408,0.0,0.5784827470779419
nsl_kdd_v2,rf_5class_smote,634,2,1,0,0.9999852776527405,0.6666666865348816,0.0,0.8735759854316711
nsl_kdd_v2,rf_5class_smote,635,2,2,1,0.9999852776527405,0.5384615659713745,0.0,0.8135471343994141
nsl_kdd_v2,rf_5class_smote,636,3,0,0,0.9845045804977417,0.6666666865348816,0.0,0.8690446615219116
nsl_kdd_v2,rf_5class_smote,637,0,0,1,0.9815762042999268,0.8181818127632141,0.0,0.9295181632041931
nsl_kdd_v2,rf_5class_smote,638,0,0,1,0.9999852776527405,0.5384615659713745,0.0,0.8135471343994141
nsl_kdd_v2,rf_5class_smote,639,1,1,1,0.5637531876564026,0.4285714328289032,0.0,0.6228316426277161
nsl_kdd_v2,rf_5class_smote,640,3,0,0,0.9999796748161316,0.5384615659713745,0.0,0.8135455846786499
nsl_kdd_v2,rf_5class_smote,641,2,2,1,0.9999852776527405,0.4285714328289032,0.0,0.7539436221122742
nsl_kdd_v2,rf_5class_smote,642,1,1,1,0.5833277702331543,0.5384615659713745,0.0,0.679760217666626
nsl_kdd_v2,rf_5class_smote,643,1,1,1,0.9999852776527405,0.6666666865348816,0.0,0.8735759854316711
nsl_kdd_v2,rf_5class_smote,644,1,1,1,0.9999852776527405,0.4285714328289032,0.0,0.7539436221122742
nsl_kdd_v2,rf_5class_smote,645,2,2,1,0.9999798536300659,0.5384615659713745,0.0,0.8135456442832947
nsl_kdd_v2,rf_5class_smote,646,0,0,1,0.9999852776527405,0.5384615659713745,0.0,0.8135471343994141
nsl_kdd_v2,rf_5class_smote,647,0,0,1,0.9999818205833435,0.3333333432674408,0.0,0.693356990814209
nsl_kdd_v2,rf_5class_smote,648,0,0,1,0.9999852776527405,0.5384615659713745,0.0,0.8135471343994141
nsl_kdd_v2,rf_5class_smote,649,1,1,1,0.9999852776527405,0.3333333432674408,0.0,0.6933577656745911
nsl_kdd_v2,rf_5class_smote,650,3,0,0,0.9413046836853027,0.5384615659713745,0.0,0.7973118424415588
nsl_kdd_v2,rf_5class_smote,651,1,1,1,0.9999852776527405,0.5384615659713745,0.0,0.8135471343994141
nsl_kdd_v2,rf_5class_smote,652,0,0,1,0.9999852776527405,0.5384615659713745,0.0,0.8135471343994141
nsl_kdd_v2,rf_5class_smote,653,1,1,1,0.857132077217102,0.3333333432674408,0.0,0.658630907535553
nsl_kdd_v2,rf_5class_smote,654,3,0,0,0.9999836683273315,0.5384615659713745,0.0,0.8135466575622559
nsl_kdd_v2,rf_5class_smote,655,1,1,1,0.9999852776527405,0.4285714328289032,0.0,0.7539436221122742
nsl_kdd_v2,rf_5class_smote,656,2,0,0,0.9845045804977417,0.5384615659713745,0.0,0.8093271255493164
nsl_kdd_v2,rf_5class_smote,657,3,0,0,0.5789363980293274,0.4285714328289032,0.0,0.6283736228942871
nsl_kdd_v2,rf_5class_smote,658,3,0,0,0.9999852776527405,0.6666666865348816,0.0,0.8735759854316711
nsl_kdd_v2,rf_5class_smote,659,4,0,0,0.9992604851722717,0.3333333432674408,0.0,0.6931902170181274
nsl_kdd_v2,rf_5class_smote,660,3,0,0,0.9999852776527405,0.6666666865348816,0.0,0.8735759854316711
nsl_kdd_v2,rf_5class_smote,661,3,0,0,0.9999852776527405,0.4285714328289032,0.0,0.7539436221122742
nsl_kdd_v2,rf_5class_smote,662,3,0,0,0.9999852180480957,0.4285714328289032,0.0,0.7539436221122742
nsl_kdd_v2,rf_5class_smote,663,2,2,1,0.9999798536300659,0.4285714328289032,0.0,0.7539422512054443
nsl_kdd_v2,rf_5class_smote,664,4,0,0,0.9999690651893616,0.5384615659713745,0.0,0.8135426640510559
nsl_kdd_v2,rf_5class_smote,665,0,0,1,0.9999852776527405,0.4285714328289032,0.0,0.7539436221122742
nsl_kdd_v2,rf_5class_smote,666,1,1,1,0.5680425763130188,0.5384615659713745,0.0,0.6737701892852783
nsl_kdd_v2,rf_5class_smote,667,0,0,1,0.9999852776527405,0.4285714328289032,0.0,0.7539436221122742
nsl_kdd_v2,rf_5class_smote,668,0,0,1,0.9999852776527405,0.5384615659713745,0.0,0.8135471343994141
nsl_kdd_v2,rf_5class_smote,669,0,0,1,0.9999852776527405,0.6666666865348816,0.0,0.8735759854316711
nsl_kdd_v2,rf_5class_smote,670,2,2,1,0.9999852776527405,0.3333333432674408,0.0,0.6933577656745911
nsl_kdd_v2,rf_5class_smote,671,3,0,0,0.9996859431266785,0.4285714328289032,0.0,0.7538684010505676
nsl_kdd_v2,rf_5class_smote,672,0,0,1,0.9999852776527405,0.5384615659713745,0.0,0.8135471343994141
nsl_kdd_v2,rf_5class_smote,673,3,0,0,0.9999852776527405,0.4285714328289032,0.0,0.7539436221122742
nsl_kdd_v2,rf_5class_smote,674,2,0,0,0.7499834299087524,0.5384615659713745,0.0,0.7391548156738281
nsl_kdd_v2,rf_5class_smote,675,0,0,1,0.9999852776527405,0.4285714328289032,0.0,0.7539436221122742
nsl_kdd_v2,rf_5class_smote,676,0,0,1,0.9999852776527405,0.4285714328289032,0.0,0.7539436221122742
nsl_kdd_v2,rf_5class_smote,677,3,0,0,0.9999852180480957,0.4285714328289032,0.0,0.7539436221122742
nsl_kdd_v2,rf_5class_smote,678,2,0,0,0.7499834299087524,0.6666666865348816,0.0,0.7936946153640747
nsl_kdd_v2,rf_5class_smote,679,0,0,1,0.9999852776527405,0.5384615659713745,0.0,0.8135471343994141
nsl_kdd_v2,rf_5class_smote,680,0,0,1,0.9999852776527405,0.5384615659713745,0.0,0.8135471343994141
nsl_kdd_v2,rf_5class_smote,681,2,2,1,0.9999852776527405,0.5384615659713745,0.0,0.8135471343994141
nsl_kdd_v2,rf_5class_smote,682,1,1,1,0.9999852776527405,0.4285714328289032,0.0,0.7539436221122742
nsl_kdd_v2,rf_5class_smote,683,2,2,1,0.9999798536300659,0.4285714328289032,0.0,0.7539422512054443
nsl_kdd_v2,rf_5class_smote,684,1,1,1,0.9999852776527405,0.4285714328289032,0.0,0.7539436221122742
nsl_kdd_v2,rf_5class_smote,685,3,0,0,0.9999823570251465,0.5384615659713745,0.0,0.8135462999343872
nsl_kdd_v2,rf_5class_smote,686,3,0,0,0.9999774694442749,0.6666666865348816,0.0,0.8735737800598145
nsl_kdd_v2,rf_5class_smote,687,0,0,1,0.9999852776527405,0.4285714328289032,0.0,0.7539436221122742
nsl_kdd_v2,rf_5class_smote,688,4,0,0,0.9908601641654968,0.3333333432674408,0.0,0.6912423372268677
nsl_kdd_v2,rf_5class_smote,689,0,0,1,0.9999852776527405,0.4285714328289032,0.0,0.7539436221122742
nsl_kdd_v2,rf_5class_smote,690,2,2,1,0.9999852776527405,0.5384615659713745,0.0,0.8135471343994141
nsl_kdd_v2,rf_5class_smote,691,2,2,1,0.8360503315925598,0.5384615659713745,0.0,0.7664120197296143
nsl_kdd_v2,rf_5class_smote,692,0,0,1,0.9999852776527405,0.5384615659713745,0.0,0.8135471343994141
nsl_kdd_v2,rf_5class_smote,693,1,0,0,0.9815762042999268,0.5384615659713745,0.0,0.8085238933563232
nsl_kdd_v2,rf_5class_smote,694,1,1,1,0.5714237689971924,0.25,0.0,0.5227563977241516
nsl_kdd_v2,rf_5class_smote,695,3,0,0,0.9999575614929199,0.4285714328289032,0.0,0.7539367079734802
nsl_kdd_v2,rf_5class_smote,696,0,0,1,0.9815781116485596,0.8181818127632141,0.0,0.9295188188552856
nsl_kdd_v2,rf_5class_smote,697,1,1,1,0.5833283066749573,0.4285714328289032,0.0,0.6299586296081543
nsl_kdd_v2,rf_5class_smote,698,2,0,0,0.8107972741127014,0.4285714328289032,0.0,0.703037440776825
nsl_kdd_v2,rf_5class_smote,699,0,0,1,0.9999852776527405,0.4285714328289032,0.0,0.7539436221122742
nsl_kdd_v2,rf_5class_smote,700,4,3,0,0.7106583118438721,0.25,0.5936498045921326,47.24730682373047
nsl_kdd_v2,rf_5class_smote,701,0,0,1,0.9999852776527405,0.4285714328289032,0.0,0.7539436221122742
nsl_kdd_v2,rf_5class_smote,702,1,1,1,0.9999852776527405,0.4285714328289032,0.0,0.7539436221122742
nsl_kdd_v2,rf_5class_smote,703,2,0,0,0.7499834299087524,0.4285714328289032,0.0,0.6850016117095947
nsl_kdd_v2,rf_5class_smote,704,1,1,1,0.857132077217102,0.4285714328289032,0.0,0.716182291507721
nsl_kdd_v2,rf_5class_smote,705,0,0,1,0.9999852776527405,0.5384615659713745,0.0,0.8135471343994141
nsl_kdd_v2,rf_5class_smote,706,2,0,0,0.8107972741127014,0.6666666865348816,0.0,0.8145923018455505
nsl_kdd_v2,rf_5class_smote,707,0,0,1,0.9999852776527405,0.5384615659713745,0.0,0.8135471343994141
nsl_kdd_v2,rf_5class_smote,708,3,0,0,0.9845045804977417,0.6666666865348816,0.0,0.8690446615219116
nsl_kdd_v2,rf_5class_smote,709,2,2,1,0.9999852776527405,0.5384615659713745,0.0,0.8135471343994141
nsl_kdd_v2,rf_5class_smote,710,2,2,1,0.9999852776527405,0.5384615659713745,0.0,0.8135471343994141
nsl_kdd_v2,rf_5class_smote,711,0,0,1,0.9999852776527405,0.3333333432674408,0.0,0.6933577656745911
nsl_kdd_v2,rf_5class_smote,712,3,0,0,0.9844992160797119,0.5384615659713745,0.0,0.809325635433197
nsl_kdd_v2,rf_5class_smote,713,2,2,1,0.9999852776527405,0.5384615659713745,0.0,0.8135471343994141
nsl_kdd_v2,rf_5class_smote,714,2,2,1,0.9999852776527405,0.3333333432674408,0.0,0.6933577656745911
nsl_kdd_v2,rf_5class_smote,715,2,2,1,0.9999852776527405,0.5384615659713745,0.0,0.8135471343994141
nsl_kdd_v2,rf_5class_smote,716,3,0,0,0.999983549118042,0.6666666865348816,0.0,0.8735755681991577
nsl_kdd_v2,rf_5class_smote,717,0,0,1,0.9999852776527405,0.4285714328289032,0.0,0.7539436221122742
nsl_kdd_v2,rf_5class_smote,718,3,0,0,0.9999774694442749,0.5384615659713745,0.0,0.8135449886322021
nsl_kdd_v2,rf_5class_smote,719,2,2,1,0.9999852776527405,0.6666666865348816,0.0,0.8735759854316711
nsl_kdd_v2,rf_5class_smote,720,2,1,0,0.8717836737632751,0.6666666865348816,0.0,0.8345245122909546
nsl_kdd_v2,rf_5class_smote,721,0,0,1,0.9999852180480957,0.5384615659713745,0.0,0.8135470747947693
nsl_kdd_v2,rf_5class_smote,722,0,0,1,0.9999852776527405,0.4285714328289032,0.0,0.7539436221122742
nsl_kdd_v2,rf_5class_smote,723,0,0,1,0.9999852776527405,0.5384615659713745,0.0,0.8135471343994141
nsl_kdd_v2,rf_5class_smote,724,0,0,1,0.9999852776527405,0.5384615659713745,0.0,0.8135471343994141
nsl_kdd_v2,rf_5class_smote,725,0,0,1,0.9999852776527405,0.5384615659713745,0.0,0.8135471343994141
nsl_kdd_v2,rf_5class_smote,726,3,0,0,0.9999796748161316,0.6666666865348816,0.0,0.873574435710907
nsl_kdd_v2,rf_5class_smote,727,2,2,1,0.9999798536300659,0.4285714328289032,0.0,0.7539422512054443
nsl_kdd_v2,rf_5class_smote,728,1,1,1,0.9999852776527405,0.5384615659713745,0.0,0.8135471343994141
nsl_kdd_v2,rf_5class_smote,729,1,1,1,0.8717836737632751,0.5384615659713745,0.0,0.7771790623664856
nsl_kdd_v2,rf_5class_smote,730,2,2,1,0.8360486626625061,0.4285714328289032,0.0,0.7102614045143127
nsl_kdd_v2,rf_5class_smote,731,3,0,0,0.9999852776527405,0.6666666865348816,0.0,0.8735759854316711
nsl_kdd_v2,rf_5class_smote,732,1,1,1,0.9999852776527405,0.4285714328289032,0.0,0.7539436221122742
nsl_kdd_v2,rf_5class_smote,733,0,0,1,0.9815762042999268,0.8181818127632141,0.0,0.9295181632041931
nsl_kdd_v2,rf_5class_smote,734,1,1,1,0.9999852776527405,0.3333333432674408,0.0,0.6933577656745911
nsl_kdd_v2,rf_5class_smote,735,1,1,1,0.9999852776527405,0.4285714328289032,0.0,0.7539436221122742
nsl_kdd_v2,rf_5class_smote,736,1,0,0,0.9999852180480957,0.6666666865348816,0.0,0.8735759854316711
nsl_kdd_v2,rf_5class_smote,737,1,1,1,0.5833277702331543,0.6666666865348816,0.0,0.7299174666404724
nsl_kdd_v2,rf_5class_smote,738,3,0,0,0.9999852180480957,0.4285714328289032,0.0,0.7539436221122742
nsl_kdd_v2,rf_5class_smote,739,0,0,1,0.9815781116485596,0.8181818127632141,0.0,0.9295188188552856
nsl_kdd_v2,rf_5class_smote,740,3,0,0,0.9844946265220642,0.4285714328289032,0.0,0.7500302791595459
nsl_kdd_v2,rf_5class_smote,741,0,0,1,0.9999852776527405,0.5384615659713745,0.0,0.8135471343994141
nsl_kdd_v2,rf_5class_smote,742,2,2,1,0.8499858379364014,0.6666666865348816,0.0,0.8275103569030762
nsl_kdd_v2,rf_5class_smote,743,2,2,1,0.9999852776527405,0.5384615659713745,0.0,0.8135471343994141
nsl_kdd_v2,rf_5class_smote,744,3,0,0,0.9999796748161316,0.4285714328289032,0.0,0.7539422512054443
nsl_kdd_v2,rf_5class_smote,745,2,2,1,0.9999852776527405,0.5384615659713745,0.0,0.8135471343994141
nsl_kdd_v2,rf_5class_smote,746,1,1,1,0.5833283066749573,0.4285714328289032,0.0,0.6299586296081543
nsl_kdd_v2,rf_5class_smote,747,0,0,1,0.9999852776527405,0.5384615659713745,0.0,0.8135471343994141
nsl_kdd_v2,rf_5class_smote,748,2,1,0,0.9999852776527405,0.8181818127632141,0.0,0.9352931976318359
nsl_kdd_v2,rf_5class_smote,749,2,2,1,0.9999852776527405,0.4285714328289032,0.0,0.7539436221122742
nsl_kdd_v2,rf_5class_smote,750,0,0,1,0.9999852776527405,0.5384615659713745,0.0,0.8135471343994141
nsl_kdd_v2,rf_5class_smote,751,2,2,1,0.9999852776527405,0.6666666865348816,0.0,0.8735759854316711
nsl_kdd_v2,rf_5class_smote,752,0,0,1,0.9999852776527405,0.4285714328289032,0.0,0.7539436221122742
nsl_kdd_v2,rf_5class_smote,753,2,0,0,0.9815781116485596,0.3333333432674408,0.0,0.6890770792961121
nsl_kdd_v2,rf_5class_smote,754,3,0,0,0.9999749660491943,0.6666666865348816,0.0,0.8735730051994324
nsl_kdd_v2,rf_5class_smote,755,1,1,1,0.6666601300239563,0.4285714328289032,0.0,0.6586315035820007
nsl_kdd_v2,rf_5class_smote,756,0,1,0,0.9999852776527405,0.5384615659713745,0.0,0.8135471343994141
nsl_kdd_v2,rf_5class_smote,757,1,0,0,0.8107972741127014,0.6666666865348816,0.0,0.8145923018455505
nsl_kdd_v2,rf_5class_smote,758,0,0,1,0.9999852776527405,0.5384615659713745,0.0,0.8135471343994141
nsl_kdd_v2,rf_5class_smote,759,1,1,1,0.9999852776527405,0.4285714328289032,0.0,0.7539436221122742
nsl_kdd_v2,rf_5class_smote,760,3,0,0,0.9999774694442749,0.4285714328289032,0.0,0.7539416551589966
nsl_kdd_v2,rf_5class_smote,761,0,0,1,0.9999852776527405,0.5384615659713745,0.0,0.8135471343994141
nsl_kdd_v2,rf_5class_smote,762,0,0,1,0.9999852776527405,0.5384615659713745,0.0,0.8135471343994141
nsl_kdd_v2,rf_5class_smote,763,3,0,0,0.999981701374054,0.6666666865348816,0.0,0.87357497215271
nsl_kdd_v2,rf_5class_smote,764,0,0,1,0.9999852776527405,0.4285714328289032,0.0,0.7539436221122742
nsl_kdd_v2,rf_5class_smote,765,3,0,0,0.9815555810928345,0.3333333432674408,0.0,0.6890718340873718
nsl_kdd_v2,rf_5class_smote,766,2,2,1,0.849987268447876,0.4285714328289032,0.0,0.7141867876052856
nsl_kdd_v2,rf_5class_smote,767,0,0,1,0.9999852776527405,0.6666666865348816,0.0,0.8735759854316711
nsl_kdd_v2,rf_5class_smote,768,0,0,1,0.9999852776527405,0.4285714328289032,0.0,0.7539436221122742
nsl_kdd_v2,rf_5class_smote,769,2,2,1,0.9999852776527405,0.5384615659713745,0.0,0.8135471343994141
nsl_kdd_v2,rf_5class_smote,770,1,1,1,0.9999852776527405,0.5384615659713745,0.0,0.8135471343994141
nsl_kdd_v2,rf_5class_smote,771,0,2,0,0.9999852776527405,0.5384615659713745,0.0,0.8135471343994141
nsl_kdd_v2,rf_5class_smote,772,1,1,1,0.9999852776527405,0.4285714328289032,0.0,0.7539436221122742
nsl_kdd_v2,rf_5class_smote,773,1,1,1,0.9999852776527405,0.4285714328289032,0.0,0.7539436221122742
nsl_kdd_v2,rf_5class_smote,774,3,0,0,0.9845011830329895,0.5384615659713745,0.0,0.8093262314796448
nsl_kdd_v2,rf_5class_smote,775,3,0,0,0.9999749660491943,0.8181818127632141,0.0,0.9352899193763733
nsl_kdd_v2,rf_5class_smote,776,3,0,0,0.9844970703125,0.4285714328289032,0.0,0.7500308752059937
nsl_kdd_v2,rf_5class_smote,777,4,0,0,0.8391944766044617,0.4285714328289032,0.0,0.711151123046875
nsl_kdd_v2,rf_5class_smote,778,1,0,0,0.999983549118042,0.5384615659713745,0.0,0.8135466575622559
nsl_kdd_v2,rf_5class_smote,779,0,0,1,0.9999852776527405,0.5384615659713745,0.0,0.8135471343994141
nsl_kdd_v2,rf_5class_smote,780,0,0,1,0.9999852776527405,0.4285714328289032,0.0,0.7539436221122742
nsl_kdd_v2,rf_5class_smote,781,0,0,1,0.9999852776527405,0.4285714328289032,0.0,0.7539436221122742
nsl_kdd_v2,rf_5class_smote,782,0,0,1,0.9999852776527405,0.4285714328289032,0.0,0.7539436221122742
nsl_kdd_v2,rf_5class_smote,783,1,1,1,0.9999852776527405,0.4285714328289032,0.0,0.7539436221122742
nsl_kdd_v2,rf_5class_smote,784,1,1,1,0.5833283066749573,0.6666666865348816,0.0,0.7299176454544067
nsl_kdd_v2,rf_5class_smote,785,0,0,1,0.9999852776527405,0.4285714328289032,0.0,0.7539436221122742
nsl_kdd_v2,rf_5class_smote,786,3,0,0,0.9999796748161316,0.5384615659713745,0.0,0.8135455846786499
nsl_kdd_v2,rf_5class_smote,787,1,0,0,0.9815762042999268,0.6666666865348816,0.0,0.8681821823120117
nsl_kdd_v2,rf_5class_smote,788,1,1,1,0.9999852776527405,0.4285714328289032,0.0,0.7539436221122742
nsl_kdd_v2,rf_5class_smote,789,4,0,0,0.9999620318412781,0.3333333432674408,0.0,0.6933524012565613
nsl_kdd_v2,rf_5class_smote,790,0,0,1,0.9999852776527405,0.5384615659713745,0.0,0.8135471343994141
nsl_kdd_v2,rf_5class_smote,791,0,0,1,0.9999852776527405,0.4285714328289032,0.0,0.7539436221122742
nsl_kdd_v2,rf_5class_smote,792,1,1,1,0.9999852776527405,0.3333333432674408,0.0,0.6933577656745911
nsl_kdd_v2,rf_5class_smote,793,2,1,0,0.9999852776527405,0.8181818127632141,0.0,0.9352931976318359
nsl_kdd_v2,rf_5class_smote,794,1,1,1,0.5833277702331543,0.5384615659713745,0.0,0.679760217666626
nsl_kdd_v2,rf_5class_smote,795,2,2,1,0.8360467553138733,0.6666666865348816,0.0,0.8229618668556213
nsl_kdd_v2,rf_5class_smote,796,2,0,0,0.7499834299087524,0.6666666865348816,0.0,0.7936946153640747
nsl_kdd_v2,rf_5class_smote,797,1,1,1,0.9999852776527405,0.5384615659713745,0.0,0.8135471343994141
nsl_kdd_v2,rf_5class_smote,798,1,1,1,0.9999852776527405,0.6666666865348816,0.0,0.8735759854316711
nsl_kdd_v2,rf_5class_smote,799,3,0,0,0.9999796748161316,0.6666666865348816,0.0,0.873574435710907
nsl_kdd_v2,rf_5class_smote,800,2,1,0,0.9999852776527405,0.8181818127632141,0.0,0.9352931976318359
nsl_kdd_v2,rf_5class_smote,801,2,2,1,0.9999852776527405,0.5384615659713745,0.0,0.8135471343994141
nsl_kdd_v2,rf_5class_smote,802,0,0,1,0.9999852776527405,0.4285714328289032,0.0,0.7539436221122742
nsl_kdd_v2,rf_5class_smote,803,0,0,1,0.9999852776527405,0.4285714328289032,0.0,0.7539436221122742
nsl_kdd_v2,rf_5class_smote,804,1,1,1,0.9999852776527405,0.4285714328289032,0.0,0.7539436221122742
nsl_kdd_v2,rf_5class_smote,805,3,0,0,0.9845011830329895,0.5384615659713745,0.0,0.8093262314796448
nsl_kdd_v2,rf_5class_smote,806,3,0,0,0.9845029711723328,0.4285714328289032,0.0,0.750032365322113
nsl_kdd_v2,rf_5class_smote,807,2,0,0,0.9815781116485596,0.4285714328289032,0.0,0.7492889165878296
nsl_kdd_v2,rf_5class_smote,808,3,0,0,0.9999836683273315,0.5384615659713745,0.0,0.8135466575622559
nsl_kdd_v2,rf_5class_smote,809,4,0,0,0.9998387694358826,0.5384615659713745,0.0,0.8135073781013489
nsl_kdd_v2,rf_5class_smote,810,0,0,1,0.9999852776527405,0.4285714328289032,0.0,0.7539436221122742
nsl_kdd_v2,rf_5class_smote,811,4,0,0,0.9999852776527405,0.5384615659713745,0.0,0.8135471343994141
nsl_kdd_v2,rf_5class_smote,812,2,0,0,0.7499834299087524,0.4285714328289032,0.0,0.6850016117095947
nsl_kdd_v2,rf_5class_smote,813,0,0,1,0.9999852776527405,0.4285714328289032,0.0,0.7539436221122742
nsl_kdd_v2,rf_5class_smote,814,1,1,1,0.9999852776527405,0.4285714328289032,0.0,0.7539436221122742
nsl_kdd_v2,rf_5class_smote,815,1,1,1,0.9999852776527405,0.4285714328289032,0.0,0.7539436221122742
nsl_kdd_v2,rf_5class_smote,816,1,1,1,0.9999852776527405,0.4285714328289032,0.0,0.7539436221122742
nsl_kdd_v2,rf_5class_smote,817,2,2,1,0.9999852776527405,0.6666666865348816,0.0,0.8735759854316711
nsl_kdd_v2,rf_5class_smote,818,1,1,1,0.9999852776527405,0.4285714328289032,0.0,0.7539436221122742
nsl_kdd_v2,rf_5class_smote,819,0,0,1,0.9999852776527405,0.5384615659713745,0.0,0.8135471343994141
nsl_kdd_v2,rf_5class_smote,820,3,0,0,0.9845045804977417,0.5384615659713745,0.0,0.8093271255493164
nsl_kdd_v2,rf_5class_smote,821,4,0,0,0.9999852776527405,0.5384615659713745,0.0,0.8135471343994141
nsl_kdd_v2,rf_5class_smote,822,1,1,1,0.9999852776527405,0.4285714328289032,0.0,0.7539436221122742
nsl_kdd_v2,rf_5class_smote,823,3,0,0,0.9999852776527405,0.5384615659713745,0.0,0.8135471343994141
nsl_kdd_v2,rf_5class_smote,824,1,1,1,0.9999852776527405,0.4285714328289032,0.0,0.7539436221122742
nsl_kdd_v2,rf_5class_smote,825,1,1,1,0.9999852776527405,0.5384615659713745,0.0,0.8135471343994141
nsl_kdd_v2,rf_5class_smote,826,0,0,1,0.9999852776527405,0.3333333432674408,0.0,0.6933577656745911
nsl_kdd_v2,rf_5class_smote,827,1,1,1,0.9999852776527405,0.4285714328289032,0.0,0.7539436221122742
nsl_kdd_v2,rf_5class_smote,828,2,2,1,0.9999852776527405,0.5384615659713745,0.0,0.8135471343994141
nsl_kdd_v2,rf_5class_smote,829,2,2,1,0.9999852776527405,0.6666666865348816,0.0,0.8735759854316711
nsl_kdd_v2,rf_5class_smote,830,3,0,0,0.9845045804977417,0.5384615659713745,0.0,0.8093271255493164
nsl_kdd_v2,rf_5class_smote,831,3,3,1,0.7120165824890137,0.4285714328289032,0.5955573916435242,56.642921447753906
nsl_kdd_v2,rf_5class_smote,832,1,1,1,0.9999852776527405,0.5384615659713745,0.0,0.8135471343994141
nsl_kdd_v2,rf_5class_smote,833,2,0,0,0.8107972741127014,0.5384615659713745,0.0,0.7586164474487305
nsl_kdd_v2,rf_5class_smote,834,1,1,1,0.9999852776527405,0.4285714328289032,0.0,0.7539436221122742
nsl_kdd_v2,rf_5class_smote,835,2,2,1,0.9999852776527405,0.4285714328289032,0.0,0.7539436221122742
nsl_kdd_v2,rf_5class_smote,836,1,1,1,0.9999852776527405,0.4285714328289032,0.0,0.7539436221122742
nsl_kdd_v2,rf_5class_smote,837,4,0,0,0.9988735318183899,0.6666666865348816,0.0,0.8732522130012512
nsl_kdd_v2,rf_5class_smote,838,3,0,0,0.999981701374054,0.6666666865348816,0.0,0.87357497215271
nsl_kdd_v2,rf_5class_smote,839,3,0,0,0.9999798536300659,0.3333333432674408,0.0,0.6933565139770508
nsl_kdd_v2,rf_5class_smote,840,0,0,1,0.9999852776527405,0.4285714328289032,0.0,0.7539436221122742
nsl_kdd_v2,rf_5class_smote,841,0,0,1,0.9999852776527405,0.5384615659713745,0.0,0.8135471343994141
nsl_kdd_v2,rf_5class_smote,842,3,0,0,0.999961793422699,0.5384615659713745,0.0,0.8135406970977783
nsl_kdd_v2,rf_5class_smote,843,0,0,1,0.9815781116485596,0.5384615659713745,0.0,0.8085244297981262
nsl_kdd_v2,rf_5class_smote,844,1,1,1,0.9999852776527405,0.4285714328289032,0.0,0.7539436221122742
nsl_kdd_v2,rf_5class_smote,845,3,0,0,0.999983549118042,0.25,0.0,0.6299569606781006
nsl_kdd_v2,rf_5class_smote,846,0,0,1,0.9999852776527405,0.5384615659713745,0.0,0.8135471343994141
nsl_kdd_v2,rf_5class_smote,847,1,1,1,0.9999852776527405,0.3333333432674408,0.0,0.6933577656745911
nsl_kdd_v2,rf_5class_smote,848,1,1,1,0.9999852776527405,0.5384615659713745,0.0,0.8135471343994141
nsl_kdd_v2,rf_5class_smote,849,4,0,0,0.9945684671401978,0.4285714328289032,0.0,0.7525798678398132
nsl_kdd_v2,rf_5class_smote,850,2,0,0,0.8107972741127014,0.4285714328289032,0.0,0.703037440776825
nsl_kdd_v2,rf_5class_smote,851,1,0,0,0.9815717935562134,0.5384615659713745,0.0,0.808522641658783
nsl_kdd_v2,rf_5class_smote,852,0,0,1,0.9999852776527405,0.4285714328289032,0.0,0.7539436221122742
nsl_kdd_v2,rf_5class_smote,853,1,1,1,0.857132077217102,0.3333333432674408,0.0,0.658630907535553
nsl_kdd_v2,rf_5class_smote,854,2,2,1,0.5312192440032959,0.4285714328289032,0.0,0.6106123924255371
nsl_kdd_v2,rf_5class_smote,855,3,0,0,0.9999852776527405,0.5384615659713745,0.0,0.8135471343994141
nsl_kdd_v2,rf_5class_smote,856,1,1,1,0.9999852776527405,0.4285714328289032,0.0,0.7539436221122742
nsl_kdd_v2,rf_5class_smote,857,0,0,1,0.9999852776527405,0.4285714328289032,0.0,0.7539436221122742
nsl_kdd_v2,rf_5class_smote,858,3,0,0,0.9999796748161316,0.6666666865348816,0.0,0.873574435710907
nsl_kdd_v2,rf_5class_smote,859,3,0,0,0.9999353289604187,0.3333333432674408,0.0,0.6933462619781494
nsl_kdd_v2,rf_5class_smote,860,3,0,0,0.9999353289604187,0.5384615659713745,0.0,0.8135335445404053
nsl_kdd_v2,rf_5class_smote,861,1,0,0,0.9845045804977417,0.5384615659713745,0.0,0.8093271255493164
nsl_kdd_v2,rf_5class_smote,862,1,0,0,0.9845045804977417,0.5384615659713745,0.0,0.8093271255493164
nsl_kdd_v2,rf_5class_smote,863,1,0,0,0.8333197236061096,0.6666666865348816,0.0,0.8220661282539368
nsl_kdd_v2,rf_5class_smote,864,2,2,1,0.9999852776527405,0.3333333432674408,0.0,0.6933577656745911
nsl_kdd_v2,rf_5class_smote,865,4,0,0,0.9999852180480957,0.4285714328289032,0.0,0.7539436221122742
nsl_kdd_v2,rf_5class_smote,866,3,0,0,0.999961793422699,0.6666666865348816,0.0,0.8735691905021667
nsl_kdd_v2,rf_5class_smote,867,3,0,0,0.9845045804977417,0.5384615659713745,0.0,0.8093271255493164
nsl_kdd_v2,rf_5class_smote,868,3,0,0,0.7499816417694092,0.4285714328289032,0.0,0.685001015663147
nsl_kdd_v2,rf_5class_smote,869,4,0,0,0.9999852776527405,0.5384615659713745,0.0,0.8135471343994141
nsl_kdd_v2,rf_5class_smote,870,2,2,1,0.9999852776527405,0.5384615659713745,0.0,0.8135471343994141
nsl_kdd_v2,rf_5class_smote,871,3,0,0,0.9999852776527405,0.6666666865348816,0.0,0.8735759854316711
nsl_kdd_v2,rf_5class_smote,872,2,2,1,0.9999852776527405,0.6666666865348816,0.0,0.8735759854316711
nsl_kdd_v2,rf_5class_smote,873,2,2,1,0.9999852776527405,0.6666666865348816,0.0,0.8735759854316711
nsl_kdd_v2,rf_5class_smote,874,1,1,1,0.9999852776527405,0.4285714328289032,0.0,0.7539436221122742
nsl_kdd_v2,rf_5class_smote,875,1,1,1,0.9999852776527405,0.25,0.0,0.6299573183059692
nsl_kdd_v2,rf_5class_smote,876,0,0,1,0.9999852776527405,0.5384615659713745,0.0,0.8135471343994141
nsl_kdd_v2,rf_5class_smote,877,0,0,1,0.9999852776527405,0.5384615659713745,0.0,0.8135471343994141
nsl_kdd_v2,rf_5class_smote,878,3,0,0,0.9999852776527405,0.5384615659713745,0.0,0.8135471343994141
nsl_kdd_v2,rf_5class_smote,879,2,0,0,0.8107972741127014,0.4285714328289032,0.0,0.703037440776825
nsl_kdd_v2,rf_5class_smote,880,1,1,1,0.9999852776527405,0.5384615659713745,0.0,0.8135471343994141
nsl_kdd_v2,rf_5class_smote,881,4,0,0,0.9844233393669128,0.6666666865348816,0.0,0.8690207004547119
nsl_kdd_v2,rf_5class_smote,882,0,0,1,0.9999852776527405,0.4285714328289032,0.0,0.7539436221122742
nsl_kdd_v2,rf_5class_smote,883,2,2,1,0.9999852776527405,0.5384615659713745,0.0,0.8135471343994141
nsl_kdd_v2,rf_5class_smote,884,3,0,0,0.9999353289604187,0.5384615659713745,0.0,0.8135335445404053
nsl_kdd_v2,rf_5class_smote,885,0,0,1,0.9999852776527405,0.4285714328289032,0.0,0.7539436221122742
nsl_kdd_v2,rf_5class_smote,886,1,0,0,0.9999803900718689,0.4285714328289032,0.0,0.7539424300193787
nsl_kdd_v2,rf_5class_smote,887,3,0,0,0.9845045804977417,0.6666666865348816,0.0,0.8690446615219116
nsl_kdd_v2,rf_5class_smote,888,2,2,1,0.9999852776527405,0.6666666865348816,0.0,0.8735759854316711
nsl_kdd_v2,rf_5class_smote,889,0,0,1,0.9999852776527405,0.5384615659713745,0.0,0.8135471343994141
nsl_kdd_v2,rf_5class_smote,890,2,2,1,0.9999852776527405,0.5384615659713745,0.0,0.8135471343994141
nsl_kdd_v2,rf_5class_smote,891,0,0,1,0.9999749660491943,0.4285714328289032,0.0,0.7539410591125488
nsl_kdd_v2,rf_5class_smote,892,1,1,1,0.9999852776527405,0.25,0.0,0.6299573183059692
nsl_kdd_v2,rf_5class_smote,893,3,0,0,0.9999749660491943,0.5384615659713745,0.0,0.8135443329811096
nsl_kdd_v2,rf_5class_smote,894,4,0,0,0.991761326789856,0.5384615659713745,0.0,0.8113107681274414
nsl_kdd_v2,rf_5class_smote,895,0,0,1,0.9999852776527405,0.4285714328289032,0.0,0.7539436221122742
nsl_kdd_v2,rf_5class_smote,896,0,0,1,0.9999852776527405,0.5384615659713745,0.0,0.8135471343994141
nsl_kdd_v2,rf_5class_smote,897,1,1,1,0.9999852776527405,0.25,0.0,0.6299573183059692
nsl_kdd_v2,rf_5class_smote,898,3,0,0,0.8333210945129395,0.4285714328289032,0.0,0.7094881534576416
nsl_kdd_v2,rf_5class_smote,899,0,0,1,0.9999852776527405,0.5384615659713745,0.0,0.8135471343994141
nsl_kdd_v2,rf_5class_smote,900,1,1,1,0.9999852776527405,0.4285714328289032,0.0,0.7539436221122742
nsl_kdd_v2,rf_5class_smote,901,1,0,0,0.9785735607147217,0.5384615659713745,0.0,0.8076986074447632
nsl_kdd_v2,rf_5class_smote,902,2,2,1,0.9999852776527405,0.6666666865348816,0.0,0.8735759854316711
nsl_kdd_v2,rf_5class_smote,903,0,0,1,0.9999852776527405,0.5384615659713745,0.0,0.8135471343994141
nsl_kdd_v2,rf_5class_smote,904,1,1,1,0.9999852776527405,0.4285714328289032,0.0,0.7539436221122742
nsl_kdd_v2,rf_5class_smote,905,2,0,0,0.8227705359458923,0.5384615659713745,0.0,0.7623324394226074
nsl_kdd_v2,rf_5class_smote,906,1,1,1,0.9999852776527405,0.5384615659713745,0.0,0.8135471343994141
nsl_kdd_v2,rf_5class_smote,907,1,1,1,0.9999852776527405,0.5384615659713745,0.0,0.8135471343994141
nsl_kdd_v2,rf_5class_smote,908,2,0,0,0.8107972741127014,0.3333333432674408,0.0,0.6465423107147217
nsl_kdd_v2,rf_5class_smote,909,2,2,1,0.9999818205833435,0.5384615659713745,0.0,0.8135462403297424
nsl_kdd_v2,rf_5class_smote,910,2,2,1,0.9999852776527405,0.6666666865348816,0.0,0.8735759854316711
nsl_kdd_v2,rf_5class_smote,911,4,0,0,0.5788573026657104,0.3333333432674408,0.0,0.5778520703315735
nsl_kdd_v2,rf_5class_smote,912,1,1,1,0.666659414768219,0.4285714328289032,0.0,0.6586312651634216
nsl_kdd_v2,rf_5class_smote,913,1,1,1,0.9999852776527405,0.6666666865348816,0.0,0.8735759854316711
nsl_kdd_v2,rf_5class_smote,914,0,0,1,0.9999852776527405,0.5384615659713745,0.0,0.8135471343994141
nsl_kdd_v2,rf_5class_smote,915,2,2,1,0.9999852776527405,0.6666666865348816,0.0,0.8735759854316711
nsl_kdd_v2,rf_5class_smote,916,4,0,0,0.8003966808319092,0.6666666865348816,0.0,0.8110941648483276
nsl_kdd_v2,rf_5class_smote,917,0,0,1,0.9815781116485596,0.5384615659713745,0.0,0.8085244297981262
nsl_kdd_v2,rf_5class_smote,918,0,0,1,0.9999852776527405,0.5384615659713745,0.0,0.8135471343994141
nsl_kdd_v2,rf_5class_smote,919,1,1,1,0.9999852776527405,0.5384615659713745,0.0,0.8135471343994141
nsl_kdd_v2,rf_5class_smote,920,3,0,0,0.9844855666160583,0.4285714328289032,0.0,0.7500279545783997
nsl_kdd_v2,rf_5class_smote,921,1,1,1,0.8571295142173767,0.5384615659713745,0.0,0.7727997899055481
nsl_kdd_v2,rf_5class_smote,922,1,1,1,0.5833283066749573,0.5384615659713745,0.0,0.6797603964805603
nsl_kdd_v2,rf_5class_smote,923,3,0,0,0.9999721646308899,0.5384615659713745,0.0,0.8135436177253723
nsl_kdd_v2,rf_5class_smote,924,3,0,0,0.5789363980293274,0.4285714328289032,0.0,0.6283736228942871
nsl_kdd_v2,rf_5class_smote,925,1,0,0,0.8107972741127014,0.5384615659713745,0.0,0.7586164474487305
nsl_kdd_v2,rf_5class_smote,926,3,0,0,0.9999575614929199,0.5384615659713745,0.0,0.8135396242141724
nsl_kdd_v2,rf_5class_smote,927,3,0,0,0.6626405715942383,0.4285714328289032,0.0,0.657305121421814
nsl_kdd_v2,rf_5class_smote,928,1,1,1,0.9999852776527405,0.5384615659713745,0.0,0.8135471343994141
nsl_kdd_v2,rf_5class_smote,929,3,0,0,0.9999796748161316,0.6666666865348816,0.0,0.873574435710907
nsl_kdd_v2,rf_5class_smote,930,1,1,1,0.9999852776527405,0.4285714328289032,0.0,0.7539436221122742
nsl_kdd_v2,rf_5class_smote,931,0,0,1,0.8107941150665283,0.4285714328289032,0.0,0.7030364871025085
nsl_kdd_v2,rf_5class_smote,932,2,2,1,0.9999852776527405,0.3333333432674408,0.0,0.6933577656745911
nsl_kdd_v2,rf_5class_smote,933,1,0,0,0.8107972741127014,0.5384615659713745,0.0,0.7586164474487305
nsl_kdd_v2,rf_5class_smote,934,0,0,1,0.9999852776527405,0.4285714328289032,0.0,0.7539436221122742
nsl_kdd_v2,rf_5class_smote,935,2,2,1,0.9999852776527405,0.5384615659713745,0.0,0.8135471343994141
nsl_kdd_v2,rf_5class_smote,936,4,0,0,0.9814817905426025,0.6666666865348816,0.0,0.8681542873382568
nsl_kdd_v2,rf_5class_smote,937,4,0,0,0.9908601641654968,0.6666666865348816,0.0,0.8709107637405396
nsl_kdd_v2,rf_5class_smote,938,3,0,0,0.9999721646308899,0.5384615659713745,0.0,0.8135436177253723
nsl_kdd_v2,rf_5class_smote,939,0,0,1,0.9999852776527405,0.5384615659713745,0.0,0.8135471343994141
nsl_kdd_v2,rf_5class_smote,940,1,1,1,0.9999852776527405,0.4285714328289032,0.0,0.7539436221122742
nsl_kdd_v2,rf_5class_smote,941,2,2,1,0.5999929308891296,0.6666666865348816,0.0,0.7368032932281494
nsl_kdd_v2,rf_5class_smote,942,3,0,0,0.9815762042999268,0.6666666865348816,0.0,0.8681821823120117
nsl_kdd_v2,rf_5class_smote,943,0,0,1,0.9999852776527405,0.5384615659713745,0.0,0.8135471343994141
nsl_kdd_v2,rf_5class_smote,944,1,1,1,0.9999852776527405,0.3333333432674408,0.0,0.6933577656745911
nsl_kdd_v2,rf_5class_smote,945,3,0,0,0.6961939930915833,0.5384615659713745,0.0,0.7210437059402466
nsl_kdd_v2,rf_5class_smote,946,3,0,0,0.9845011830329895,0.6666666865348816,0.0,0.8690437078475952
nsl_kdd_v2,rf_5class_smote,947,1,1,1,0.9999852776527405,0.6666666865348816,0.0,0.8735759854316711
nsl_kdd_v2,rf_5class_smote,948,0,0,1,0.9999852776527405,0.4285714328289032,0.0,0.7539436221122742
nsl_kdd_v2,rf_5class_smote,949,0,0,1,0.9999852776527405,0.4285714328289032,0.0,0.7539436221122742
nsl_kdd_v2,rf_5class_smote,950,3,0,0,0.9815630912780762,0.5384615659713745,0.0,0.8085202574729919
nsl_kdd_v2,rf_5class_smote,951,1,1,1,0.9999852776527405,0.5384615659713745,0.0,0.8135471343994141
nsl_kdd_v2,rf_5class_smote,952,2,2,1,0.9999818205833435,0.4285714328289032,0.0,0.7539427876472473
nsl_kdd_v2,rf_5class_smote,953,0,0,1,0.9999852776527405,0.5384615659713745,0.0,0.8135471343994141
nsl_kdd_v2,rf_5class_smote,954,1,2,0,0.9999852776527405,0.4285714328289032,0.0,0.7539436221122742
nsl_kdd_v2,rf_5class_smote,955,3,0,0,0.7845926880836487,0.5384615659713745,0.0,0.7503541111946106
nsl_kdd_v2,rf_5class_smote,956,1,1,1,0.9999852776527405,0.5384615659713745,0.0,0.8135471343994141
nsl_kdd_v2,rf_5class_smote,957,1,0,0,0.6717881560325623,0.4285714328289032,0.0,0.6603159308433533
nsl_kdd_v2,rf_5class_smote,958,3,0,0,0.9845011830329895,0.4285714328289032,0.0,0.7500319480895996
nsl_kdd_v2,rf_5class_smote,959,1,1,1,0.9999852776527405,0.5384615659713745,0.0,0.8135471343994141
nsl_kdd_v2,rf_5class_smote,960,0,2,0,0.9999852776527405,0.4285714328289032,0.0,0.7539436221122742
nsl_kdd_v2,rf_5class_smote,961,2,2,1,0.9999852776527405,0.5384615659713745,0.0,0.8135471343994141
nsl_kdd_v2,rf_5class_smote,962,1,1,1,0.9999852776527405,0.4285714328289032,0.0,0.7539436221122742
nsl_kdd_v2,rf_5class_smote,963,1,1,1,0.9999852776527405,0.5384615659713745,0.0,0.8135471343994141
nsl_kdd_v2,rf_5class_smote,964,0,0,1,0.9999852776527405,0.4285714328289032,0.0,0.7539436221122742
nsl_kdd_v2,rf_5class_smote,965,1,1,1,0.9999852776527405,0.4285714328289032,0.0,0.7539436221122742
nsl_kdd_v2,rf_5class_smote,966,3,0,0,0.9999852776527405,0.5384615659713745,0.0,0.8135471343994141
nsl_kdd_v2,rf_5class_smote,967,1,1,1,0.9999852776527405,0.5384615659713745,0.0,0.8135471343994141
nsl_kdd_v2,rf_5class_smote,968,3,0,0,0.5789363980293274,0.3333333432674408,0.0,0.5778784155845642
nsl_kdd_v2,rf_5class_smote,969,4,3,0,0.9999020099639893,0.3333333432674408,0.9998624324798584,69.33068084716797
nsl_kdd_v2,rf_5class_smote,970,3,0,0,0.9999656081199646,0.5384615659713745,0.0,0.8135417699813843
nsl_kdd_v2,rf_5class_smote,971,3,0,0,0.6626405715942383,0.4285714328289032,0.0,0.657305121421814
nsl_kdd_v2,rf_5class_smote,972,3,0,0,0.9999852776527405,0.5384615659713745,0.0,0.8135471343994141
nsl_kdd_v2,rf_5class_smote,973,0,0,1,0.9999852776527405,0.3333333432674408,0.0,0.6933577656745911
nsl_kdd_v2,rf_5class_smote,974,0,0,1,0.9815762042999268,0.5384615659713745,0.0,0.8085238933563232
nsl_kdd_v2,rf_5class_smote,975,2,2,1,0.9999852776527405,0.6666666865348816,0.0,0.8735759854316711
nsl_kdd_v2,rf_5class_smote,976,2,2,1,0.9999852776527405,0.5384615659713745,0.0,0.8135471343994141
nsl_kdd_v2,rf_5class_smote,977,4,0,0,0.7765065431594849,0.4285714328289032,0.0,0.6929832100868225
nsl_kdd_v2,rf_5class_smote,978,2,2,1,0.9999852776527405,0.5384615659713745,0.0,0.8135471343994141
nsl_kdd_v2,rf_5class_smote,979,3,0,0,0.999983549118042,0.5384615659713745,0.0,0.8135466575622559
nsl_kdd_v2,rf_5class_smote,980,0,0,1,0.9999852776527405,0.5384615659713745,0.0,0.8135471343994141
nsl_kdd_v2,rf_5class_smote,981,0,0,1,0.9999852776527405,0.3333333432674408,0.0,0.6933577656745911
nsl_kdd_v2,rf_5class_smote,982,2,0,0,0.7499816417694092,0.5384615659713745,0.0,0.7391542196273804
nsl_kdd_v2,rf_5class_smote,983,2,2,1,0.9999836683273315,0.6666666865348816,0.0,0.8735755681991577
nsl_kdd_v2,rf_5class_smote,984,0,0,1,0.9999852776527405,0.5384615659713745,0.0,0.8135471343994141
nsl_kdd_v2,rf_5class_smote,985,1,1,1,0.9999852776527405,0.4285714328289032,0.0,0.7539436221122742
nsl_kdd_v2,rf_5class_smote,986,2,2,1,0.9999852776527405,0.5384615659713745,0.0,0.8135471343994141
nsl_kdd_v2,rf_5class_smote,987,3,0,0,0.9999774694442749,0.6666666865348816,0.0,0.8735737800598145
nsl_kdd_v2,rf_5class_smote,988,3,0,0,0.999981701374054,0.6666666865348816,0.0,0.87357497215271
nsl_kdd_v2,rf_5class_smote,989,1,1,1,0.9999852776527405,0.6666666865348816,0.0,0.8735759854316711
nsl_kdd_v2,rf_5class_smote,990,3,0,0,0.999983549118042,0.5384615659713745,0.0,0.8135466575622559
nsl_kdd_v2,rf_5class_smote,991,2,0,0,0.9785735607147217,0.5384615659713745,0.0,0.8076986074447632
nsl_kdd_v2,rf_5class_smote,992,3,0,0,0.9999796748161316,0.5384615659713745,0.0,0.8135455846786499
nsl_kdd_v2,rf_5class_smote,993,0,0,1,0.9999852776527405,0.5384615659713745,0.0,0.8135471343994141
nsl_kdd_v2,rf_5class_smote,994,0,0,1,0.9999852776527405,0.4285714328289032,0.0,0.7539436221122742
nsl_kdd_v2,rf_5class_smote,995,1,1,1,0.857132077217102,0.5384615659713745,0.0,0.7728005647659302
nsl_kdd_v2,rf_5class_smote,996,1,1,1,0.9999852776527405,0.5384615659713745,0.0,0.8135471343994141
nsl_kdd_v2,rf_5class_smote,997,2,2,1,0.9999798536300659,0.5384615659713745,0.0,0.8135456442832947
nsl_kdd_v2,rf_5class_smote,998,4,0,0,0.9998904466629028,0.4285714328289032,0.0,0.7539198398590088
nsl_kdd_v2,rf_5class_smote,999,0,0,1,0.9999852776527405,0.5384615659713745,0.0,0.8135471343994141
nsl_kdd_v2,xgb_5class_smote,0,0,0,1,0.9999973773956299,0.5384615659713745,0.0,0.8135504126548767
nsl_kdd_v2,xgb_5class_smote,1,4,0,0,0.9999906420707703,0.3333333432674408,0.0,0.6933590173721313
nsl_kdd_v2,xgb_5class_smote,2,3,0,0,0.9999973773956299,0.4285714328289032,0.0,0.7539466619491577
nsl_kdd_v2,xgb_5class_smote,3,3,0,0,0.9999973773956299,0.5384615659713745,0.0,0.8135504126548767
nsl_kdd_v2,xgb_5class_smote,4,0,0,1,0.9999973773956299,0.5384615659713745,0.0,0.8135504126548767
nsl_kdd_v2,xgb_5class_smote,5,2,0,0,0.5798652172088623,0.8181818127632141,0.0,0.7799358367919922
nsl_kdd_v2,xgb_5class_smote,6,4,4,1,0.5925210118293762,0.5384615659713745,0.0,0.6833125948905945
nsl_kdd_v2,xgb_5class_smote,7,3,0,0,0.9999973177909851,0.6666666865348816,0.0,0.8735795617103577
nsl_kdd_v2,xgb_5class_smote,8,1,1,1,0.9999973773956299,0.3333333432674408,0.0,0.6933605670928955
nsl_kdd_v2,xgb_5class_smote,9,0,0,1,0.9999973773956299,0.5384615659713745,0.0,0.8135504126548767
nsl_kdd_v2,xgb_5class_smote,10,2,2,1,0.9999973773956299,0.5384615659713745,0.0,0.8135504126548767
nsl_kdd_v2,xgb_5class_smote,11,2,2,1,0.9999973773956299,0.8181818127632141,0.0,0.935296893119812
nsl_kdd_v2,xgb_5class_smote,12,0,0,1,0.9999973773956299,0.5384615659713745,0.0,0.8135504126548767
nsl_kdd_v2,xgb_5class_smote,13,1,0,0,0.9999973773956299,0.5384615659713745,0.0,0.8135504126548767
nsl_kdd_v2,xgb_5class_smote,14,3,0,0,0.9999973773956299,0.8181818127632141,0.0,0.935296893119812
nsl_kdd_v2,xgb_5class_smote,15,0,2,0,0.9999973773956299,0.6666666865348816,0.0,0.8735795617103577
nsl_kdd_v2,xgb_5class_smote,16,0,0,1,0.9999973773956299,0.6666666865348816,0.0,0.8735795617103577
nsl_kdd_v2,xgb_5class_smote,17,3,0,0,0.9999973773956299,0.4285714328289032,0.0,0.7539466619491577
nsl_kdd_v2,xgb_5class_smote,18,0,0,1,0.9999973773956299,0.5384615659713745,0.0,0.8135504126548767
nsl_kdd_v2,xgb_5class_smote,19,0,0,1,0.9999973773956299,0.5384615659713745,0.0,0.8135504126548767
nsl_kdd_v2,xgb_5class_smote,20,0,0,1,0.9999973773956299,0.5384615659713745,0.0,0.8135504126548767
nsl_kdd_v2,xgb_5class_smote,21,3,0,0,0.9999973773956299,0.4285714328289032,0.0,0.7539466619491577
nsl_kdd_v2,xgb_5class_smote,22,0,0,1,0.9999973773956299,0.8181818127632141,0.0,0.935296893119812
nsl_kdd_v2,xgb_5class_smote,23,1,1,1,0.5881823897361755,0.6666666865348816,0.0,0.7319366931915283
nsl_kdd_v2,xgb_5class_smote,24,0,0,1,0.7125087976455688,0.6666666865348816,0.0,0.7802484631538391
nsl_kdd_v2,xgb_5class_smote,25,2,2,1,0.9999973773956299,0.8181818127632141,0.0,0.935296893119812
nsl_kdd_v2,xgb_5class_smote,26,0,0,1,0.9999973773956299,0.5384615659713745,0.0,0.8135504126548767
nsl_kdd_v2,xgb_5class_smote,27,4,4,1,1.0,0.5384615659713745,1.0,81.3551254272461
nsl_kdd_v2,xgb_5class_smote,28,3,0,0,0.9999973773956299,0.4285714328289032,0.0,0.7539466619491577
nsl_kdd_v2,xgb_5class_smote,29,1,1,1,0.9999973773956299,0.5384615659713745,0.0,0.8135504126548767
nsl_kdd_v2,xgb_5class_smote,30,1,1,1,0.5900501012802124,0.5384615659713745,0.0,0.6823614239692688
nsl_kdd_v2,xgb_5class_smote,31,4,0,0,0.5750133395195007,0.5384615659713745,0.0,0.6765151023864746
nsl_kdd_v2,xgb_5class_smote,32,2,2,1,0.9999973773956299,0.5384615659713745,0.0,0.8135504126548767
nsl_kdd_v2,xgb_5class_smote,33,2,2,1,0.9999973773956299,0.5384615659713745,0.0,0.8135504126548767
nsl_kdd_v2,xgb_5class_smote,34,1,1,1,0.9999973773956299,0.6666666865348816,0.0,0.8735795617103577
nsl_kdd_v2,xgb_5class_smote,35,3,0,0,0.9999973773956299,0.5384615659713745,0.0,0.8135504126548767
nsl_kdd_v2,xgb_5class_smote,36,1,1,1,0.9999973773956299,0.4285714328289032,0.0,0.7539466619491577
nsl_kdd_v2,xgb_5class_smote,37,1,1,1,0.9999973773956299,0.4285714328289032,0.0,0.7539466619491577
nsl_kdd_v2,xgb_5class_smote,38,1,1,1,0.9999973773956299,0.5384615659713745,0.0,0.8135504126548767
nsl_kdd_v2,xgb_5class_smote,39,2,2,1,0.9999973773956299,0.6666666865348816,0.0,0.8735795617103577
nsl_kdd_v2,xgb_5class_smote,40,0,0,1,0.9999973773956299,0.5384615659713745,0.0,0.8135504126548767
nsl_kdd_v2,xgb_5class_smote,41,3,0,0,0.9999973773956299,0.4285714328289032,0.0,0.7539466619491577
nsl_kdd_v2,xgb_5class_smote,42,1,1,1,0.9999973773956299,0.5384615659713745,0.0,0.8135504126548767
nsl_kdd_v2,xgb_5class_smote,43,2,2,1,0.9999973773956299,0.5384615659713745,0.0,0.8135504126548767
nsl_kdd_v2,xgb_5class_smote,44,2,0,0,0.6685999035835266,0.6666666865348816,0.0,0.763879656791687
nsl_kdd_v2,xgb_5class_smote,45,3,0,0,0.9999973773956299,0.4285714328289032,0.0,0.7539466619491577
nsl_kdd_v2,xgb_5class_smote,46,1,1,1,0.9999973773956299,0.5384615659713745,0.0,0.8135504126548767
nsl_kdd_v2,xgb_5class_smote,47,1,1,1,0.9999973773956299,0.5384615659713745,0.0,0.8135504126548767
nsl_kdd_v2,xgb_5class_smote,48,0,0,1,0.9999973773956299,0.6666666865348816,0.0,0.8735795617103577
nsl_kdd_v2,xgb_5class_smote,49,3,0,0,0.624998152256012,0.4285714328289032,0.0,0.6446152925491333
nsl_kdd_v2,xgb_5class_smote,50,2,2,1,0.9999973773956299,0.6666666865348816,0.0,0.8735795617103577
nsl_kdd_v2,xgb_5class_smote,51,2,0,0,0.6540271639823914,0.4285714328289032,0.0,0.654444694519043
nsl_kdd_v2,xgb_5class_smote,52,3,0,0,0.9999973773956299,0.5384615659713745,0.0,0.8135504126548767
nsl_kdd_v2,xgb_5class_smote,53,1,1,1,0.9999973773956299,0.5384615659713745,0.0,0.8135504126548767
nsl_kdd_v2,xgb_5class_smote,54,2,2,1,0.9999973773956299,0.5384615659713745,0.0,0.8135504126548767
nsl_kdd_v2,xgb_5class_smote,55,3,0,0,0.9999973773956299,0.5384615659713745,0.0,0.8135504126548767
nsl_kdd_v2,xgb_5class_smote,56,1,1,1,0.9999973773956299,0.5384615659713745,0.0,0.8135504126548767
nsl_kdd_v2,xgb_5class_smote,57,0,0,1,0.9999973773956299,0.5384615659713745,0.0,0.8135504126548767
nsl_kdd_v2,xgb_5class_smote,58,2,2,1,0.9999973773956299,0.5384615659713745,0.0,0.8135504126548767
nsl_kdd_v2,xgb_5class_smote,59,3,3,1,0.9999973773956299,0.6666666865348816,0.9998977184295654,87.35499572753906
nsl_kdd_v2,xgb_5class_smote,60,0,0,1,0.9999973773956299,0.5384615659713745,0.0,0.8135504126548767
nsl_kdd_v2,xgb_5class_smote,61,3,0,0,0.6274494528770447,0.6666666865348816,0.0,0.7478750944137573
nsl_kdd_v2,xgb_5class_smote,62,0,0,1,0.9999973773956299,0.6666666865348816,0.0,0.8735795617103577
nsl_kdd_v2,xgb_5class_smote,63,0,0,1,0.9999973773956299,0.4285714328289032,0.0,0.7539466619491577
nsl_kdd_v2,xgb_5class_smote,64,2,0,0,0.9999973773956299,0.5384615659713745,0.0,0.8135504126548767
nsl_kdd_v2,xgb_5class_smote,65,0,0,1,0.9999973773956299,0.3333333432674408,0.0,0.6933605670928955
nsl_kdd_v2,xgb_5class_smote,66,0,0,1,0.9999973773956299,0.5384615659713745,0.0,0.8135504126548767
nsl_kdd_v2,xgb_5class_smote,67,1,1,1,0.9999973773956299,0.5384615659713745,0.0,0.8135504126548767
nsl_kdd_v2,xgb_5class_smote,68,0,0,1,0.9999973773956299,0.5384615659713745,0.0,0.8135504126548767
nsl_kdd_v2,xgb_5class_smote,69,0,0,1,0.9999973773956299,0.5384615659713745,0.0,0.8135504126548767
nsl_kdd_v2,xgb_5class_smote,70,0,0,1,0.9999973773956299,0.4285714328289032,0.0,0.7539466619491577
nsl_kdd_v2,xgb_5class_smote,71,2,2,1,0.9999973773956299,0.6666666865348816,0.0,0.8735795617103577
nsl_kdd_v2,xgb_5class_smote,72,0,0,1,0.9999973773956299,0.6666666865348816,0.0,0.8735795617103577
nsl_kdd_v2,xgb_5class_smote,73,1,1,1,0.9999973773956299,0.4285714328289032,0.0,0.7539466619491577
nsl_kdd_v2,xgb_5class_smote,74,3,3,1,0.9999973773956299,0.5384615659713745,0.9998977184295654,81.3522720336914
nsl_kdd_v2,xgb_5class_smote,75,4,0,0,0.8288352489471436,0.4285714328289032,0.0,0.7082127332687378
nsl_kdd_v2,xgb_5class_smote,76,3,0,0,0.9999973773956299,0.5384615659713745,0.0,0.8135504126548767
nsl_kdd_v2,xgb_5class_smote,77,2,0,0,0.9999973773956299,0.4285714328289032,0.0,0.7539466619491577
nsl_kdd_v2,xgb_5class_smote,78,0,0,1,0.9999973773956299,0.4285714328289032,0.0,0.7539466619491577
nsl_kdd_v2,xgb_5class_smote,79,0,0,1,0.9999973773956299,0.6666666865348816,0.0,0.8735795617103577
nsl_kdd_v2,xgb_5class_smote,80,1,1,1,0.9999973773956299,0.6666666865348816,0.0,0.8735795617103577
nsl_kdd_v2,xgb_5class_smote,81,2,2,1,0.9999973773956299,0.6666666865348816,0.0,0.8735795617103577
nsl_kdd_v2,xgb_5class_smote,82,1,1,1,0.9999973773956299,0.3333333432674408,0.0,0.6933605670928955
nsl_kdd_v2,xgb_5class_smote,83,4,0,0,0.999981164932251,0.4285714328289032,0.0,0.753942608833313
nsl_kdd_v2,xgb_5class_smote,84,0,2,0,0.9999973773956299,0.6666666865348816,0.0,0.8735795617103577
nsl_kdd_v2,xgb_5class_smote,85,1,1,1,0.9999973773956299,0.5384615659713745,0.0,0.8135504126548767
nsl_kdd_v2,xgb_5class_smote,86,0,0,1,0.9999973773956299,0.5384615659713745,0.0,0.8135504126548767
nsl_kdd_v2,xgb_5class_smote,87,1,2,0,0.5825753808021545,0.5384615659713745,0.0,0.6794677972793579
nsl_kdd_v2,xgb_5class_smote,88,0,0,1,0.9999973773956299,0.5384615659713745,0.0,0.8135504126548767
nsl_kdd_v2,xgb_5class_smote,89,1,1,1,0.9999973773956299,0.5384615659713745,0.0,0.8135504126548767
nsl_kdd_v2,xgb_5class_smote,90,0,2,0,0.9999973773956299,0.4285714328289032,0.0,0.7539466619491577
nsl_kdd_v2,xgb_5class_smote,91,1,1,1,0.9999973773956299,0.5384615659713745,0.0,0.8135504126548767
nsl_kdd_v2,xgb_5class_smote,92,0,0,1,0.9999973773956299,0.5384615659713745,0.0,0.8135504126548767
nsl_kdd_v2,xgb_5class_smote,93,1,1,1,0.9999973773956299,0.5384615659713745,0.0,0.8135504126548767
nsl_kdd_v2,xgb_5class_smote,94,4,4,1,0.9399539828300476,0.4285714328289032,0.0,0.7385442852973938
nsl_kdd_v2,xgb_5class_smote,95,4,0,0,0.9999901056289673,0.4285714328289032,0.0,0.7539448142051697
nsl_kdd_v2,xgb_5class_smote,96,1,1,1,0.9999973773956299,0.6666666865348816,0.0,0.8735795617103577
nsl_kdd_v2,xgb_5class_smote,97,0,0,1,0.9999973773956299,0.6666666865348816,0.0,0.8735795617103577
nsl_kdd_v2,xgb_5class_smote,98,0,0,1,0.9999973773956299,0.4285714328289032,0.0,0.7539466619491577
nsl_kdd_v2,xgb_5class_smote,99,1,1,1,0.9999973773956299,0.5384615659713745,0.0,0.8135504126548767
nsl_kdd_v2,xgb_5class_smote,100,3,0,0,0.9999973773956299,0.4285714328289032,0.0,0.7539466619491577
nsl_kdd_v2,xgb_5class_smote,101,2,0,0,0.9999973177909851,0.4285714328289032,0.0,0.7539466619491577
nsl_kdd_v2,xgb_5class_smote,102,2,0,0,0.9999973773956299,0.6666666865348816,0.0,0.8735795617103577
nsl_kdd_v2,xgb_5class_smote,103,3,0,0,0.9999973773956299,0.6666666865348816,0.0,0.8735795617103577
nsl_kdd_v2,xgb_5class_smote,104,0,0,1,0.9999973773956299,0.5384615659713745,0.0,0.8135504126548767
nsl_kdd_v2,xgb_5class_smote,105,3,0,0,0.9999973773956299,0.5384615659713745,0.0,0.8135504126548767
nsl_kdd_v2,xgb_5class_smote,106,1,1,1,0.9999973773956299,0.6666666865348816,0.0,0.8735795617103577
nsl_kdd_v2,xgb_5class_smote,107,2,0,0,0.5957433581352234,0.6666666865348816,0.0,0.7350596785545349
nsl_kdd_v2,xgb_5class_smote,108,2,2,1,0.5744669437408447,0.5384615659713745,0.0,0.6763007640838623
nsl_kdd_v2,xgb_5class_smote,109,4,0,0,0.9999973773956299,0.5384615659713745,0.0,0.8135504126548767
nsl_kdd_v2,xgb_5class_smote,110,4,4,1,0.9411689043045044,0.3333333432674408,0.0,0.6794883608818054
nsl_kdd_v2,xgb_5class_smote,111,0,0,1,0.9999973773956299,0.5384615659713745,0.0,0.8135504126548767
nsl_kdd_v2,xgb_5class_smote,112,3,0,0,0.9999973773956299,0.5384615659713745,0.0,0.8135504126548767
nsl_kdd_v2,xgb_5class_smote,113,0,0,1,0.9999973773956299,0.4285714328289032,0.0,0.7539466619491577
nsl_kdd_v2,xgb_5class_smote,114,2,0,0,0.808535635471344,0.5384615659713745,0.0,0.757910430431366
nsl_kdd_v2,xgb_5class_smote,115,0,0,1,0.9999973773956299,0.6666666865348816,0.0,0.8735795617103577
nsl_kdd_v2,xgb_5class_smote,116,2,0,0,0.581304132938385,0.8181818127632141,0.0,0.780580461025238
nsl_kdd_v2,xgb_5class_smote,117,3,0,0,0.8508457541465759,0.5384615659713745,0.0,0.7709066271781921
nsl_kdd_v2,xgb_5class_smote,118,3,0,0,0.9218076467514038,0.8181818127632141,0.0,0.910255491733551
nsl_kdd_v2,xgb_5class_smote,119,2,2,1,0.9999973773956299,0.5384615659713745,0.0,0.8135504126548767
nsl_kdd_v2,xgb_5class_smote,120,1,1,1,0.9999973773956299,0.5384615659713745,0.0,0.8135504126548767
nsl_kdd_v2,xgb_5class_smote,121,3,0,0,0.9999973773956299,0.5384615659713745,0.0,0.8135504126548767
nsl_kdd_v2,xgb_5class_smote,122,3,0,0,0.9999973773956299,0.4285714328289032,0.0,0.7539466619491577
nsl_kdd_v2,xgb_5class_smote,123,1,1,1,0.9999973773956299,0.5384615659713745,0.0,0.8135504126548767
nsl_kdd_v2,xgb_5class_smote,124,2,2,1,0.5744669437408447,0.6666666865348816,0.0,0.726202666759491
nsl_kdd_v2,xgb_5class_smote,125,1,2,0,0.5860617756843567,0.5384615659713745,0.0,0.6808205246925354
nsl_kdd_v2,xgb_5class_smote,126,1,1,1,0.9999973773956299,0.4285714328289032,0.0,0.7539466619491577
nsl_kdd_v2,xgb_5class_smote,127,0,0,1,0.9999973773956299,0.6666666865348816,0.0,0.8735795617103577
nsl_kdd_v2,xgb_5class_smote,128,0,0,1,0.9999973773956299,0.6666666865348816,0.0,0.8735795617103577
nsl_kdd_v2,xgb_5class_smote,129,1,1,1,0.9999973773956299,0.6666666865348816,0.0,0.8735795617103577
nsl_kdd_v2,xgb_5class_smote,130,0,0,1,0.9999973773956299,0.4285714328289032,0.0,0.7539466619491577
nsl_kdd_v2,xgb_5class_smote,131,1,1,1,0.9999973773956299,0.5384615659713745,0.0,0.8135504126548767
nsl_kdd_v2,xgb_5class_smote,132,1,1,1,0.9999973773956299,0.5384615659713745,0.0,0.8135504126548767
nsl_kdd_v2,xgb_5class_smote,133,1,1,1,0.9999973773956299,0.5384615659713745,0.0,0.8135504126548767
nsl_kdd_v2,xgb_5class_smote,134,2,2,1,0.9999973773956299,0.6666666865348816,0.0,0.8735795617103577
nsl_kdd_v2,xgb_5class_smote,135,0,0,1,0.9999973773956299,0.5384615659713745,0.0,0.8135504126548767
nsl_kdd_v2,xgb_5class_smote,136,4,0,0,0.632022500038147,0.4285714328289032,0.0,0.6470212340354919
nsl_kdd_v2,xgb_5class_smote,137,4,4,1,0.8636349439620972,0.5384615659713745,0.0,0.7747499942779541
nsl_kdd_v2,xgb_5class_smote,138,3,0,0,0.9999973773956299,0.5384615659713745,0.0,0.8135504126548767
nsl_kdd_v2,xgb_5class_smote,139,3,0,0,0.9999973773956299,0.3333333432674408,0.0,0.6933605670928955
nsl_kdd_v2,xgb_5class_smote,140,2,2,1,0.9999973773956299,0.6666666865348816,0.0,0.8735795617103577
nsl_kdd_v2,xgb_5class_smote,141,2,2,1,0.9999973773956299,0.5384615659713745,0.0,0.8135504126548767
nsl_kdd_v2,xgb_5class_smote,142,3,0,0,0.9999973773956299,0.5384615659713745,0.0,0.8135504126548767
nsl_kdd_v2,xgb_5class_smote,143,1,1,1,0.9999973773956299,0.5384615659713745,0.0,0.8135504126548767
nsl_kdd_v2,xgb_5class_smote,144,2,2,1,0.5744669437408447,0.8181818127632141,0.0,0.777508020401001
nsl_kdd_v2,xgb_5class_smote,145,2,2,1,0.9999973773956299,0.5384615659713745,0.0,0.8135504126548767
nsl_kdd_v2,xgb_5class_smote,146,0,0,1,0.9999973773956299,0.5384615659713745,0.0,0.8135504126548767
nsl_kdd_v2,xgb_5class_smote,147,1,1,1,0.9999973773956299,0.5384615659713745,0.0,0.8135504126548767
nsl_kdd_v2,xgb_5class_smote,148,0,0,1,0.9999973773956299,0.6666666865348816,0.0,0.8735795617103577
nsl_kdd_v2,xgb_5class_smote,149,2,2,1,0.9999973773956299,0.6666666865348816,0.0,0.8735795617103577
nsl_kdd_v2,xgb_5class_smote,150,3,0,0,0.9999973773956299,0.4285714328289032,0.0,0.7539466619491577
nsl_kdd_v2,xgb_5class_smote,151,2,2,1,0.6027891039848328,0.5384615659713745,0.0,0.6872372031211853
nsl_kdd_v2,xgb_5class_smote,152,2,0,0,0.5815061926841736,0.6666666865348816,0.0,0.7291568517684937
nsl_kdd_v2,xgb_5class_smote,153,0,0,1,0.9999973773956299,0.5384615659713745,0.0,0.8135504126548767
nsl_kdd_v2,xgb_5class_smote,154,0,0,1,0.9999973773956299,0.5384615659713745,0.0,0.8135504126548767
nsl_kdd_v2,xgb_5class_smote,155,1,0,0,0.9999973773956299,0.3333333432674408,0.0,0.6933605670928955
nsl_kdd_v2,xgb_5class_smote,156,2,2,1,0.9999973773956299,0.5384615659713745,0.0,0.8135504126548767
nsl_kdd_v2,xgb_5class_smote,157,0,0,1,0.9999973773956299,0.5384615659713745,0.0,0.8135504126548767
nsl_kdd_v2,xgb_5class_smote,158,1,0,0,0.6885229349136353,0.4285714328289032,0.0,0.6657540202140808
nsl_kdd_v2,xgb_5class_smote,159,4,4,1,0.9341632127761841,0.3333333432674408,0.0,0.6777982115745544
nsl_kdd_v2,xgb_5class_smote,160,1,1,1,0.9999973773956299,0.5384615659713745,0.0,0.8135504126548767
nsl_kdd_v2,xgb_5class_smote,161,2,2,1,0.9999973773956299,0.5384615659713745,0.0,0.8135504126548767
nsl_kdd_v2,xgb_5class_smote,162,0,0,1,0.9999973773956299,0.5384615659713745,0.0,0.8135504126548767
nsl_kdd_v2,xgb_5class_smote,163,1,1,1,0.9999973773956299,0.4285714328289032,0.0,0.7539466619491577
nsl_kdd_v2,xgb_5class_smote,164,2,2,1,0.9999973773956299,0.6666666865348816,0.0,0.8735795617103577
nsl_kdd_v2,xgb_5class_smote,165,1,1,1,0.9999973773956299,0.5384615659713745,0.0,0.8135504126548767
nsl_kdd_v2,xgb_5class_smote,166,2,2,1,0.5744669437408447,0.3333333432674408,0.0,0.5763874650001526
nsl_kdd_v2,xgb_5class_smote,167,3,0,0,0.9999973773956299,0.4285714328289032,0.0,0.7539466619491577
nsl_kdd_v2,xgb_5class_smote,168,0,0,1,0.9999973773956299,0.6666666865348816,0.0,0.8735795617103577
nsl_kdd_v2,xgb_5class_smote,169,0,0,1,0.9999973773956299,0.5384615659713745,0.0,0.8135504126548767
nsl_kdd_v2,xgb_5class_smote,170,1,1,1,0.9999973773956299,0.4285714328289032,0.0,0.7539466619491577
nsl_kdd_v2,xgb_5class_smote,171,2,2,1,0.9999973773956299,0.6666666865348816,0.0,0.8735795617103577
nsl_kdd_v2,xgb_5class_smote,172,2,1,0,0.9999973773956299,0.5384615659713745,0.0,0.8135504126548767
nsl_kdd_v2,xgb_5class_smote,173,0,0,1,0.9999973773956299,0.6666666865348816,0.0,0.8735795617103577
nsl_kdd_v2,xgb_5class_smote,174,1,1,1,0.9999973773956299,0.6666666865348816,0.0,0.8735795617103577
nsl_kdd_v2,xgb_5class_smote,175,2,1,0,0.9999973773956299,0.5384615659713745,0.0,0.8135504126548767
nsl_kdd_v2,xgb_5class_smote,176,1,1,1,0.9999973773956299,0.6666666865348816,0.0,0.8735795617103577
nsl_kdd_v2,xgb_5class_smote,177,3,0,0,0.9999973773956299,0.5384615659713745,0.0,0.8135504126548767
nsl_kdd_v2,xgb_5class_smote,178,0,0,1,0.9999973773956299,0.4285714328289032,0.0,0.7539466619491577
nsl_kdd_v2,xgb_5class_smote,179,4,4,1,0.5671265721321106,0.4285714328289032,0.0,0.624071478843689
nsl_kdd_v2,xgb_5class_smote,180,0,0,1,0.9999973773956299,0.5384615659713745,0.0,0.8135504126548767
nsl_kdd_v2,xgb_5class_smote,181,3,3,1,0.9999973773956299,0.8181818127632141,0.9998977184295654,93.5265121459961
nsl_kdd_v2,xgb_5class_smote,182,1,1,1,0.9999973773956299,0.5384615659713745,0.0,0.8135504126548767
nsl_kdd_v2,xgb_5class_smote,183,1,1,1,0.9999973773956299,0.4285714328289032,0.0,0.7539466619491577
nsl_kdd_v2,xgb_5class_smote,184,4,0,0,0.9999973773956299,0.6666666865348816,0.0,0.8735795617103577
nsl_kdd_v2,xgb_5class_smote,185,1,1,1,0.9999973773956299,0.5384615659713745,0.0,0.8135504126548767
nsl_kdd_v2,xgb_5class_smote,186,0,0,1,0.9999973773956299,0.3333333432674408,0.0,0.6933605670928955
nsl_kdd_v2,xgb_5class_smote,187,0,0,1,0.9999973773956299,0.5384615659713745,0.0,0.8135504126548767
nsl_kdd_v2,xgb_5class_smote,188,3,0,0,0.8508456349372864,0.6666666865348816,0.0,0.827789306640625
nsl_kdd_v2,xgb_5class_smote,189,1,1,1,0.9999973773956299,0.6666666865348816,0.0,0.8735795617103577
nsl_kdd_v2,xgb_5class_smote,190,0,0,1,0.9999973773956299,0.4285714328289032,0.0,0.7539466619491577
nsl_kdd_v2,xgb_5class_smote,191,4,4,1,1.0,0.4285714328289032,1.0,75.39474487304688
nsl_kdd_v2,xgb_5class_smote,192,1,1,1,0.9999973773956299,0.5384615659713745,0.0,0.8135504126548767
nsl_kdd_v2,xgb_5class_smote,193,3,0,0,0.9999973773956299,0.5384615659713745,0.0,0.8135504126548767
nsl_kdd_v2,xgb_5class_smote,194,3,0,0,0.9999973773956299,0.5384615659713745,0.0,0.8135504126548767
nsl_kdd_v2,xgb_5class_smote,195,0,0,1,0.9999973773956299,0.6666666865348816,0.0,0.8735795617103577
nsl_kdd_v2,xgb_5class_smote,196,2,0,0,0.9355485439300537,0.4285714328289032,0.0,0.7373886704444885
nsl_kdd_v2,xgb_5class_smote,197,4,0,0,0.9999973773956299,0.5384615659713745,0.0,0.8135504126548767
nsl_kdd_v2,xgb_5class_smote,198,3,0,0,0.9999973773956299,0.4285714328289032,0.0,0.7539466619491577
nsl_kdd_v2,xgb_5class_smote,199,4,0,0,0.8019570708274841,0.6666666865348816,0.0,0.8116208910942078
nsl_kdd_v2,xgb_5class_smote,200,1,1,1,0.9999973773956299,0.5384615659713745,0.0,0.8135504126548767
nsl_kdd_v2,xgb_5class_smote,201,1,1,1,0.9999973773956299,0.6666666865348816,0.0,0.8735795617103577
nsl_kdd_v2,xgb_5class_smote,202,2,2,1,0.5744669437408447,0.5384615659713745,0.0,0.6763007640838623
nsl_kdd_v2,xgb_5class_smote,203,4,0,0,0.9393321871757507,0.5384615659713745,0.0,0.7967545390129089
nsl_kdd_v2,xgb_5class_smote,204,0,0,1,0.9999973773956299,0.6666666865348816,0.0,0.8735795617103577
nsl_kdd_v2,xgb_5class_smote,205,4,0,0,0.9253169894218445,0.5384615659713745,0.0,0.7927720546722412
nsl_kdd_v2,xgb_5class_smote,206,2,0,0,0.9999973773956299,0.5384615659713745,0.0,0.8135504126548767
nsl_kdd_v2,xgb_5class_smote,207,0,0,1,0.9999973773956299,0.4285714328289032,0.0,0.7539466619491577
nsl_kdd_v2,xgb_5class_smote,208,2,0,0,0.6885229349136353,0.5384615659713745,0.0,0.718385636806488
nsl_kdd_v2,xgb_5class_smote,209,2,2,1,0.9999973773956299,0.6666666865348816,0.0,0.8735795617103577
nsl_kdd_v2,xgb_5class_smote,210,3,0,0,0.9999973773956299,0.4285714328289032,0.0,0.7539466619491577
nsl_kdd_v2,xgb_5class_smote,211,1,0,0,0.9999973773956299,0.5384615659713745,0.0,0.8135504126548767
nsl_kdd_v2,xgb_5class_smote,212,1,1,1,0.9999973773956299,0.5384615659713745,0.0,0.8135504126548767
nsl_kdd_v2,xgb_5class_smote,213,2,0,0,0.9999973773956299,0.3333333432674408,0.0,0.6933605670928955
nsl_kdd_v2,xgb_5class_smote,214,0,0,1,0.9999973773956299,0.6666666865348816,0.0,0.8735795617103577
nsl_kdd_v2,xgb_5class_smote,215,3,0,0,0.9999973773956299,0.4285714328289032,0.0,0.7539466619491577
nsl_kdd_v2,xgb_5class_smote,216,3,0,0,0.9999973773956299,0.4285714328289032,0.0,0.7539466619491577
nsl_kdd_v2,xgb_5class_smote,217,3,0,0,0.9999973773956299,0.4285714328289032,0.0,0.7539466619491577
nsl_kdd_v2,xgb_5class_smote,218,3,0,0,0.9999973773956299,0.6666666865348816,0.0,0.8735795617103577
nsl_kdd_v2,xgb_5class_smote,219,1,1,1,0.9999973773956299,0.4285714328289032,0.0,0.7539466619491577
nsl_kdd_v2,xgb_5class_smote,220,2,2,1,0.6018164157867432,0.8181818127632141,0.0,0.7896559238433838
nsl_kdd_v2,xgb_5class_smote,221,1,1,1,0.9999973773956299,0.6666666865348816,0.0,0.8735795617103577
nsl_kdd_v2,xgb_5class_smote,222,1,0,0,0.9229921698570251,0.8181818127632141,0.0,0.9106452465057373
nsl_kdd_v2,xgb_5class_smote,223,1,1,1,0.9999973773956299,0.5384615659713745,0.0,0.8135504126548767
nsl_kdd_v2,xgb_5class_smote,224,1,1,1,0.5898483395576477,0.5384615659713745,0.0,0.6822836399078369
nsl_kdd_v2,xgb_5class_smote,225,2,1,0,0.9999973773956299,0.4285714328289032,0.0,0.7539466619491577
nsl_kdd_v2,xgb_5class_smote,226,2,2,1,0.9999973773956299,0.5384615659713745,0.0,0.8135504126548767
nsl_kdd_v2,xgb_5class_smote,227,1,1,1,0.9999973773956299,0.5384615659713745,0.0,0.8135504126548767
nsl_kdd_v2,xgb_5class_smote,228,3,0,0,0.9355485439300537,0.5384615659713745,0.0,0.7956833839416504
nsl_kdd_v2,xgb_5class_smote,229,0,0,1,0.9999973773956299,0.5384615659713745,0.0,0.8135504126548767
nsl_kdd_v2,xgb_5class_smote,230,2,2,1,0.9999973773956299,0.6666666865348816,0.0,0.8735795617103577
nsl_kdd_v2,xgb_5class_smote,231,1,1,1,0.9999973773956299,0.6666666865348816,0.0,0.8735795617103577
nsl_kdd_v2,xgb_5class_smote,232,2,2,1,0.9999973773956299,0.6666666865348816,0.0,0.8735795617103577
nsl_kdd_v2,xgb_5class_smote,233,3,0,0,0.9355485439300537,0.5384615659713745,0.0,0.7956833839416504
nsl_kdd_v2,xgb_5class_smote,234,0,0,1,0.9999973773956299,0.6666666865348816,0.0,0.8735795617103577
nsl_kdd_v2,xgb_5class_smote,235,3,0,0,0.9999973773956299,0.5384615659713745,0.0,0.8135504126548767
nsl_kdd_v2,xgb_5class_smote,236,1,1,1,0.9999973773956299,0.6666666865348816,0.0,0.8735795617103577
nsl_kdd_v2,xgb_5class_smote,237,0,0,1,0.9999973773956299,0.6666666865348816,0.0,0.8735795617103577
nsl_kdd_v2,xgb_5class_smote,238,2,2,1,0.9999973773956299,0.5384615659713745,0.0,0.8135504126548767
nsl_kdd_v2,xgb_5class_smote,239,3,0,0,0.9999973773956299,0.5384615659713745,0.0,0.8135504126548767
nsl_kdd_v2,xgb_5class_smote,240,1,1,1,0.9999973773956299,0.4285714328289032,0.0,0.7539466619491577
nsl_kdd_v2,xgb_5class_smote,241,1,1,1,0.9999973773956299,0.6666666865348816,0.0,0.8735795617103577
nsl_kdd_v2,xgb_5class_smote,242,4,4,1,0.47272515296936035,0.4285714328289032,0.0,0.5873233079910278
nsl_kdd_v2,xgb_5class_smote,243,3,0,0,0.9999973773956299,0.5384615659713745,0.0,0.8135504126548767
nsl_kdd_v2,xgb_5class_smote,244,1,1,1,0.9999973773956299,0.6666666865348816,0.0,0.8735795617103577
nsl_kdd_v2,xgb_5class_smote,245,0,0,1,0.9999973773956299,0.6666666865348816,0.0,0.8735795617103577
nsl_kdd_v2,xgb_5class_smote,246,1,0,0,0.9999973773956299,0.6666666865348816,0.0,0.8735795617103577
nsl_kdd_v2,xgb_5class_smote,247,1,1,1,0.9999973773956299,0.25,0.0,0.6299598813056946
nsl_kdd_v2,xgb_5class_smote,248,3,0,0,0.9999973773956299,0.4285714328289032,0.0,0.7539466619491577
nsl_kdd_v2,xgb_5class_smote,249,3,0,0,0.9999973773956299,0.4285714328289032,0.0,0.7539466619491577
nsl_kdd_v2,xgb_5class_smote,250,3,0,0,0.9999973773956299,0.6666666865348816,0.0,0.8735795617103577
nsl_kdd_v2,xgb_5class_smote,251,0,0,1,0.9999973773956299,0.6666666865348816,0.0,0.8735795617103577
nsl_kdd_v2,xgb_5class_smote,252,3,0,0,0.9999973773956299,0.5384615659713745,0.0,0.8135504126548767
nsl_kdd_v2,xgb_5class_smote,253,1,0,0,0.5060270428657532,0.5384615659713745,0.0,0.648300051689148
nsl_kdd_v2,xgb_5class_smote,254,3,0,0,0.5101911425590515,0.5384615659713745,0.0,0.6500734686851501
nsl_kdd_v2,xgb_5class_smote,255,1,0,0,0.9355485439300537,0.5384615659713745,0.0,0.7956833839416504
nsl_kdd_v2,xgb_5class_smote,256,2,2,1,0.9999973773956299,0.5384615659713745,0.0,0.8135504126548767
nsl_kdd_v2,xgb_5class_smote,257,1,0,0,0.5846760869026184,0.8181818127632141,0.0,0.7820869088172913
nsl_kdd_v2,xgb_5class_smote,258,2,2,1,0.9999973773956299,0.6666666865348816,0.0,0.8735795617103577
nsl_kdd_v2,xgb_5class_smote,259,0,0,1,0.9999973773956299,0.4285714328289032,0.0,0.7539466619491577
nsl_kdd_v2,xgb_5class_smote,260,1,1,1,0.9999973773956299,0.4285714328289032,0.0,0.7539466619491577
nsl_kdd_v2,xgb_5class_smote,261,4,0,0,0.9999972581863403,0.4285714328289032,0.0,0.7539466619491577
nsl_kdd_v2,xgb_5class_smote,262,3,0,0,0.9999973773956299,0.5384615659713745,0.0,0.8135504126548767
nsl_kdd_v2,xgb_5class_smote,263,0,4,0,0.6348071694374084,0.5384615659713745,0.0,0.6991957426071167
nsl_kdd_v2,xgb_5class_smote,264,4,0,0,0.9999973773956299,0.4285714328289032,0.0,0.7539466619491577
nsl_kdd_v2,xgb_5class_smote,265,3,0,0,0.9999973773956299,0.5384615659713745,0.0,0.8135504126548767
nsl_kdd_v2,xgb_5class_smote,266,3,0,0,0.9999973773956299,0.6666666865348816,0.0,0.8735795617103577
nsl_kdd_v2,xgb_5class_smote,267,0,0,1,0.9999973773956299,0.6666666865348816,0.0,0.8735795617103577
nsl_kdd_v2,xgb_5class_smote,268,1,1,1,0.9999973773956299,0.4285714328289032,0.0,0.7539466619491577
nsl_kdd_v2,xgb_5class_smote,269,1,1,1,0.9999973773956299,0.5384615659713745,0.0,0.8135504126548767
nsl_kdd_v2,xgb_5class_smote,270,0,0,1,0.9999973773956299,0.5384615659713745,0.0,0.8135504126548767
nsl_kdd_v2,xgb_5class_smote,271,2,0,0,0.9999973773956299,0.5384615659713745,0.0,0.8135504126548767
nsl_kdd_v2,xgb_5class_smote,272,1,1,1,0.9999973773956299,0.5384615659713745,0.0,0.8135504126548767
nsl_kdd_v2,xgb_5class_smote,273,0,0,1,0.9999973773956299,0.5384615659713745,0.0,0.8135504126548767
nsl_kdd_v2,xgb_5class_smote,274,3,3,1,0.9999973773956299,0.5384615659713745,0.9998977184295654,81.3522720336914
nsl_kdd_v2,xgb_5class_smote,275,0,0,1,0.9999973773956299,0.5384615659713745,0.0,0.8135504126548767
nsl_kdd_v2,xgb_5class_smote,276,3,0,0,0.9999973773956299,0.5384615659713745,0.0,0.8135504126548767
nsl_kdd_v2,xgb_5class_smote,277,0,0,1,0.9999973773956299,0.4285714328289032,0.0,0.7539466619491577
nsl_kdd_v2,xgb_5class_smote,278,3,3,1,0.9999000430107117,0.5384615659713745,0.9961022734642029,81.24658203125
nsl_kdd_v2,xgb_5class_smote,279,1,0,0,0.9355485439300537,0.5384615659713745,0.0,0.7956833839416504
nsl_kdd_v2,xgb_5class_smote,280,1,1,1,0.9999973773956299,0.5384615659713745,0.0,0.8135504126548767
nsl_kdd_v2,xgb_5class_smote,281,0,0,1,0.9999973773956299,0.5384615659713745,0.0,0.8135504126548767
nsl_kdd_v2,xgb_5class_smote,282,3,0,0,0.9999973773956299,0.5384615659713745,0.0,0.8135504126548767
nsl_kdd_v2,xgb_5class_smote,283,3,3,1,0.9999973773956299,0.8181818127632141,0.9998977184295654,93.5265121459961
nsl_kdd_v2,xgb_5class_smote,284,0,0,1,0.9999973773956299,0.5384615659713745,0.0,0.8135504126548767
nsl_kdd_v2,xgb_5class_smote,285,2,2,1,0.9999973773956299,0.5384615659713745,0.0,0.8135504126548767
nsl_kdd_v2,xgb_5class_smote,286,1,1,1,0.9999973773956299,0.4285714328289032,0.0,0.7539466619491577
nsl_kdd_v2,xgb_5class_smote,287,2,1,0,0.9999973773956299,0.5384615659713745,0.0,0.8135504126548767
nsl_kdd_v2,xgb_5class_smote,288,0,0,1,0.9999973773956299,0.4285714328289032,0.0,0.7539466619491577
nsl_kdd_v2,xgb_5class_smote,289,2,1,0,0.9999973773956299,0.5384615659713745,0.0,0.8135504126548767
nsl_kdd_v2,xgb_5class_smote,290,3,0,0,0.9999973773956299,0.5384615659713745,0.0,0.8135504126548767
nsl_kdd_v2,xgb_5class_smote,291,3,0,0,0.9999973773956299,0.5384615659713745,0.0,0.8135504126548767
nsl_kdd_v2,xgb_5class_smote,292,3,0,0,0.9999973773956299,0.5384615659713745,0.0,0.8135504126548767
nsl_kdd_v2,xgb_5class_smote,293,3,0,0,0.9999973177909851,0.25,0.0,0.6299598813056946
nsl_kdd_v2,xgb_5class_smote,294,3,0,0,0.9999973773956299,0.5384615659713745,0.0,0.8135504126548767
nsl_kdd_v2,xgb_5class_smote,295,1,2,0,0.5951275825500488,0.6666666865348816,0.0,0.7348063588142395
nsl_kdd_v2,xgb_5class_smote,296,1,1,1,0.9999973773956299,0.5384615659713745,0.0,0.8135504126548767
nsl_kdd_v2,xgb_5class_smote,297,0,0,1,0.9999973773956299,0.5384615659713745,0.0,0.8135504126548767
nsl_kdd_v2,xgb_5class_smote,298,0,0,1,0.9999973773956299,0.3333333432674408,0.0,0.6933605670928955
nsl_kdd_v2,xgb_5class_smote,299,3,0,0,0.9999973773956299,0.5384615659713745,0.0,0.8135504126548767
nsl_kdd_v2,xgb_5class_smote,300,1,1,1,0.9999973773956299,0.5384615659713745,0.0,0.8135504126548767
nsl_kdd_v2,xgb_5class_smote,301,0,0,1,0.9999973773956299,0.5384615659713745,0.0,0.8135504126548767
nsl_kdd_v2,xgb_5class_smote,302,2,2,1,0.9999973773956299,0.4285714328289032,0.0,0.7539466619491577
nsl_kdd_v2,xgb_5class_smote,303,1,1,1,0.9999973773956299,0.4285714328289032,0.0,0.7539466619491577
nsl_kdd_v2,xgb_5class_smote,304,1,1,1,0.9999973773956299,0.4285714328289032,0.0,0.7539466619491577
nsl_kdd_v2,xgb_5class_smote,305,1,1,1,0.9999973773956299,0.4285714328289032,0.0,0.7539466619491577
nsl_kdd_v2,xgb_5class_smote,306,2,2,1,0.9999973773956299,0.5384615659713745,0.0,0.8135504126548767
nsl_kdd_v2,xgb_5class_smote,307,3,3,1,0.9999973773956299,0.5384615659713745,0.9998977184295654,81.3522720336914
nsl_kdd_v2,xgb_5class_smote,308,2,2,1,0.9999973773956299,0.5384615659713745,0.0,0.8135504126548767
nsl_kdd_v2,xgb_5class_smote,309,4,0,0,0.9999836087226868,0.25,0.0,0.6299569606781006
nsl_kdd_v2,xgb_5class_smote,310,0,0,1,0.9999973773956299,0.5384615659713745,0.0,0.8135504126548767
nsl_kdd_v2,xgb_5class_smote,311,0,0,1,0.9999973773956299,0.4285714328289032,0.0,0.7539466619491577
nsl_kdd_v2,xgb_5class_smote,312,2,2,1,0.9999973773956299,0.6666666865348816,0.0,0.8735795617103577
nsl_kdd_v2,xgb_5class_smote,313,2,2,1,0.9999973773956299,0.5384615659713745,0.0,0.8135504126548767
nsl_kdd_v2,xgb_5class_smote,314,1,1,1,0.9999973773956299,0.6666666865348816,0.0,0.8735795617103577
nsl_kdd_v2,xgb_5class_smote,315,1,1,1,0.9999973773956299,0.5384615659713745,0.0,0.8135504126548767
nsl_kdd_v2,xgb_5class_smote,316,0,0,1,0.9999973773956299,0.6666666865348816,0.0,0.8735795617103577
nsl_kdd_v2,xgb_5class_smote,317,3,0,0,0.9218076467514038,0.5384615659713745,0.0,0.7917686104774475
nsl_kdd_v2,xgb_5class_smote,318,0,0,1,0.9999973773956299,0.5384615659713745,0.0,0.8135504126548767
nsl_kdd_v2,xgb_5class_smote,319,3,0,0,0.6342673897743225,0.6666666865348816,0.0,0.7505742311477661
nsl_kdd_v2,xgb_5class_smote,320,3,0,0,0.9999973773956299,0.5384615659713745,0.0,0.8135504126548767
nsl_kdd_v2,xgb_5class_smote,321,1,1,1,0.5881823897361755,0.6666666865348816,0.0,0.7319366931915283
nsl_kdd_v2,xgb_5class_smote,322,3,0,0,0.9999973773956299,0.6666666865348816,0.0,0.8735795617103577
nsl_kdd_v2,xgb_5class_smote,323,1,1,1,0.9999973773956299,0.5384615659713745,0.0,0.8135504126548767
nsl_kdd_v2,xgb_5class_smote,324,1,1,1,0.9999973773956299,0.4285714328289032,0.0,0.7539466619491577
nsl_kdd_v2,xgb_5class_smote,325,3,0,0,0.9999973773956299,0.6666666865348816,0.0,0.8735795617103577
nsl_kdd_v2,xgb_5class_smote,326,0,0,1,0.9999973773956299,0.5384615659713745,0.0,0.8135504126548767
nsl_kdd_v2,xgb_5class_smote,327,1,2,0,0.6487833261489868,0.5384615659713745,0.0,0.7042897939682007
nsl_kdd_v2,xgb_5class_smote,328,2,0,0,0.9999973773956299,0.4285714328289032,0.0,0.7539466619491577
nsl_kdd_v2,xgb_5class_smote,329,3,0,0,0.9999973773956299,0.5384615659713745,0.0,0.8135504126548767
nsl_kdd_v2,xgb_5class_smote,330,2,2,1,0.9999973773956299,0.5384615659713745,0.0,0.8135504126548767
nsl_kdd_v2,xgb_5class_smote,331,3,0,0,0.9999973773956299,0.3333333432674408,0.0,0.6933605670928955
nsl_kdd_v2,xgb_5class_smote,332,3,0,0,0.9999973773956299,0.5384615659713745,0.0,0.8135504126548767
nsl_kdd_v2,xgb_5class_smote,333,2,2,1,0.9999973773956299,0.5384615659713745,0.0,0.8135504126548767
nsl_kdd_v2,xgb_5class_smote,334,0,0,1,0.9999973773956299,0.5384615659713745,0.0,0.8135504126548767
nsl_kdd_v2,xgb_5class_smote,335,2,2,1,0.9999973773956299,0.5384615659713745,0.0,0.8135504126548767
nsl_kdd_v2,xgb_5class_smote,336,3,0,0,0.9999973773956299,0.5384615659713745,0.0,0.8135504126548767
nsl_kdd_v2,xgb_5class_smote,337,0,0,1,0.9999973773956299,0.5384615659713745,0.0,0.8135504126548767
nsl_kdd_v2,xgb_5class_smote,338,2,2,1,0.9999973773956299,0.8181818127632141,0.0,0.935296893119812
nsl_kdd_v2,xgb_5class_smote,339,0,0,1,0.9999973773956299,0.6666666865348816,0.0,0.8735795617103577
nsl_kdd_v2,xgb_5class_smote,340,1,1,1,0.9999973773956299,0.4285714328289032,0.0,0.7539466619491577
nsl_kdd_v2,xgb_5class_smote,341,0,0,1,0.9999973773956299,0.6666666865348816,0.0,0.8735795617103577
nsl_kdd_v2,xgb_5class_smote,342,3,0,0,0.9999973177909851,0.6666666865348816,0.0,0.8735795617103577
nsl_kdd_v2,xgb_5class_smote,343,1,1,1,0.9999973773956299,0.6666666865348816,0.0,0.8735795617103577
nsl_kdd_v2,xgb_5class_smote,344,3,0,0,0.9999973773956299,0.5384615659713745,0.0,0.8135504126548767
nsl_kdd_v2,xgb_5class_smote,345,0,0,1,0.9999973773956299,0.5384615659713745,0.0,0.8135504126548767
nsl_kdd_v2,xgb_5class_smote,346,0,0,1,0.9999973773956299,0.5384615659713745,0.0,0.8135504126548767
nsl_kdd_v2,xgb_5class_smote,347,2,2,1,0.9999973773956299,0.6666666865348816,0.0,0.8735795617103577
nsl_kdd_v2,xgb_5class_smote,348,0,0,1,0.9999973773956299,0.6666666865348816,0.0,0.8735795617103577
nsl_kdd_v2,xgb_5class_smote,349,2,0,0,0.5868074893951416,0.6666666865348816,0.0,0.7313659191131592
nsl_kdd_v2,xgb_5class_smote,350,2,2,1,0.9999973773956299,0.3333333432674408,0.0,0.6933605670928955
nsl_kdd_v2,xgb_5class_smote,351,0,0,1,0.9999973773956299,0.6666666865348816,0.0,0.8735795617103577
nsl_kdd_v2,xgb_5class_smote,352,0,0,1,0.9999973773956299,0.5384615659713745,0.0,0.8135504126548767
nsl_kdd_v2,xgb_5class_smote,353,1,1,1,0.9999973773956299,0.6666666865348816,0.0,0.8735795617103577
nsl_kdd_v2,xgb_5class_smote,354,3,0,0,0.9999973773956299,0.5384615659713745,0.0,0.8135504126548767
nsl_kdd_v2,xgb_5class_smote,355,1,0,0,0.6885229349136353,0.4285714328289032,0.0,0.6657540202140808
nsl_kdd_v2,xgb_5class_smote,356,1,1,1,0.9999973773956299,0.6666666865348816,0.0,0.8735795617103577
nsl_kdd_v2,xgb_5class_smote,357,1,0,0,0.9999973773956299,0.5384615659713745,0.0,0.8135504126548767
nsl_kdd_v2,xgb_5class_smote,358,0,0,1,0.9999973773956299,0.6666666865348816,0.0,0.8735795617103577
nsl_kdd_v2,xgb_5class_smote,359,4,4,1,0.9403743147850037,0.4285714328289032,0.0,0.7386543154716492
nsl_kdd_v2,xgb_5class_smote,360,2,0,0,0.6885229349136353,0.5384615659713745,0.0,0.718385636806488
nsl_kdd_v2,xgb_5class_smote,361,2,2,1,0.5744669437408447,0.8181818127632141,0.0,0.777508020401001
nsl_kdd_v2,xgb_5class_smote,362,0,0,1,0.9999973773956299,0.5384615659713745,0.0,0.8135504126548767
nsl_kdd_v2,xgb_5class_smote,363,2,2,1,0.9999973773956299,0.8181818127632141,0.0,0.935296893119812
nsl_kdd_v2,xgb_5class_smote,364,0,1,0,0.9999973773956299,0.5384615659713745,0.0,0.8135504126548767
nsl_kdd_v2,xgb_5class_smote,365,1,1,1,0.9999973773956299,0.4285714328289032,0.0,0.7539466619491577
nsl_kdd_v2,xgb_5class_smote,366,0,1,0,0.9999973773956299,0.5384615659713745,0.0,0.8135504126548767
nsl_kdd_v2,xgb_5class_smote,367,3,0,0,0.9999973773956299,0.5384615659713745,0.0,0.8135504126548767
nsl_kdd_v2,xgb_5class_smote,368,3,0,0,0.9355485439300537,0.4285714328289032,0.0,0.7373886704444885
nsl_kdd_v2,xgb_5class_smote,369,0,0,1,0.9999973773956299,0.5384615659713745,0.0,0.8135504126548767
nsl_kdd_v2,xgb_5class_smote,370,3,3,1,0.8830727934837341,0.6666666865348816,0.0,0.8381112217903137
nsl_kdd_v2,xgb_5class_smote,371,0,0,1,0.9999973773956299,0.6666666865348816,0.0,0.8735795617103577
nsl_kdd_v2,xgb_5class_smote,372,1,1,1,0.9999973773956299,0.4285714328289032,0.0,0.7539466619491577
nsl_kdd_v2,xgb_5class_smote,373,2,0,0,0.5957433581352234,0.6666666865348816,0.0,0.7350596785545349
nsl_kdd_v2,xgb_5class_smote,374,1,0,0,0.8129094839096069,0.5384615659713745,0.0,0.7592746615409851
nsl_kdd_v2,xgb_5class_smote,375,3,0,0,0.9999973773956299,0.3333333432674408,0.0,0.6933605670928955
nsl_kdd_v2,xgb_5class_smote,376,0,0,1,0.9999973773956299,0.4285714328289032,0.0,0.7539466619491577
nsl_kdd_v2,xgb_5class_smote,377,2,2,1,0.9999973773956299,0.5384615659713745,0.0,0.8135504126548767
nsl_kdd_v2,xgb_5class_smote,378,2,2,1,0.9999973773956299,0.6666666865348816,0.0,0.8735795617103577
nsl_kdd_v2,xgb_5class_smote,379,3,0,0,0.921807587146759,0.3333333432674408,0.0,0.6747967004776001
nsl_kdd_v2,xgb_5class_smote,380,2,2,1,0.9999973773956299,0.5384615659713745,0.0,0.8135504126548767
nsl_kdd_v2,xgb_5class_smote,381,1,1,1,0.9999973773956299,0.5384615659713745,0.0,0.8135504126548767
nsl_kdd_v2,xgb_5class_smote,382,0,0,1,0.9999973773956299,0.5384615659713745,0.0,0.8135504126548767
nsl_kdd_v2,xgb_5class_smote,383,4,4,1,0.6316438317298889,0.4285714328289032,0.0,0.6468919515609741
nsl_kdd_v2,xgb_5class_smote,384,3,0,0,0.9999973773956299,0.5384615659713745,0.0,0.8135504126548767
nsl_kdd_v2,xgb_5class_smote,385,2,2,1,0.9999973773956299,0.8181818127632141,0.0,0.935296893119812
nsl_kdd_v2,xgb_5class_smote,386,3,0,0,0.9999973177909851,0.6666666865348816,0.0,0.8735795617103577
nsl_kdd_v2,xgb_5class_smote,387,2,2,1,0.9999973773956299,0.4285714328289032,0.0,0.7539466619491577
nsl_kdd_v2,xgb_5class_smote,388,2,2,1,0.9999973773956299,0.5384615659713745,0.0,0.8135504126548767
nsl_kdd_v2,xgb_5class_smote,389,2,2,1,0.9999973773956299,0.6666666865348816,0.0,0.8735795617103577
nsl_kdd_v2,xgb_5class_smote,390,4,4,1,1.0,0.4285714328289032,1.0,75.39474487304688
nsl_kdd_v2,xgb_5class_smote,391,1,1,1,0.9999973773956299,0.5384615659713745,0.0,0.8135504126548767
nsl_kdd_v2,xgb_5class_smote,392,0,0,1,0.9999973773956299,0.6666666865348816,0.0,0.8735795617103577
nsl_kdd_v2,xgb_5class_smote,393,1,1,1,0.9999973773956299,0.6666666865348816,0.0,0.8735795617103577
nsl_kdd_v2,xgb_5class_smote,394,2,2,1,0.9999973773956299,0.6666666865348816,0.0,0.8735795617103577
nsl_kdd_v2,xgb_5class_smote,395,2,0,0,0.6885229349136353,0.6666666865348816,0.0,0.7713929414749146
nsl_kdd_v2,xgb_5class_smote,396,3,0,0,0.9142824411392212,0.5384615659713745,0.0,0.7896081805229187
nsl_kdd_v2,xgb_5class_smote,397,0,0,1,0.9999973773956299,0.6666666865348816,0.0,0.8735795617103577
nsl_kdd_v2,xgb_5class_smote,398,1,1,1,0.9999973773956299,0.5384615659713745,0.0,0.8135504126548767
nsl_kdd_v2,xgb_5class_smote,399,2,1,0,0.9999973773956299,0.5384615659713745,0.0,0.8135504126548767
nsl_kdd_v2,xgb_5class_smote,400,3,0,0,0.9999973773956299,0.5384615659713745,0.0,0.8135504126548767
nsl_kdd_v2,xgb_5class_smote,401,4,0,0,0.9355482459068298,0.4285714328289032,0.0,0.737388551235199
nsl_kdd_v2,xgb_5class_smote,402,0,0,1,0.9999973773956299,0.5384615659713745,0.0,0.8135504126548767
nsl_kdd_v2,xgb_5class_smote,403,4,0,0,0.9393318891525269,0.4285714328289032,0.0,0.7383813261985779
nsl_kdd_v2,xgb_5class_smote,404,1,1,1,0.9999973773956299,0.6666666865348816,0.0,0.8735795617103577
nsl_kdd_v2,xgb_5class_smote,405,4,0,0,0.9999973773956299,0.3333333432674408,0.0,0.6933605670928955
nsl_kdd_v2,xgb_5class_smote,406,0,0,1,0.9999973773956299,0.5384615659713745,0.0,0.8135504126548767
nsl_kdd_v2,xgb_5class_smote,407,2,2,1,0.9999973773956299,0.4285714328289032,0.0,0.7539466619491577
nsl_kdd_v2,xgb_5class_smote,408,1,1,1,0.9999973773956299,0.5384615659713745,0.0,0.8135504126548767
nsl_kdd_v2,xgb_5class_smote,409,1,1,1,0.9999973773956299,0.5384615659713745,0.0,0.8135504126548767
nsl_kdd_v2,xgb_5class_smote,410,2,2,1,0.9999973773956299,0.5384615659713745,0.0,0.8135504126548767
nsl_kdd_v2,xgb_5class_smote,411,0,0,1,0.9999973773956299,0.4285714328289032,0.0,0.7539466619491577
nsl_kdd_v2,xgb_5class_smote,412,1,1,1,0.9999973773956299,0.5384615659713745,0.0,0.8135504126548767
nsl_kdd_v2,xgb_5class_smote,413,0,0,1,0.9999973773956299,0.6666666865348816,0.0,0.8735795617103577
nsl_kdd_v2,xgb_5class_smote,414,2,0,0,0.5839661359786987,0.5384615659713745,0.0,0.680008053779602
nsl_kdd_v2,xgb_5class_smote,415,3,0,0,0.5714272260665894,0.4285714328289032,0.0,0.6256449818611145
nsl_kdd_v2,xgb_5class_smote,416,0,0,1,0.9999973773956299,0.5384615659713745,0.0,0.8135504126548767
nsl_kdd_v2,xgb_5class_smote,417,0,0,1,0.9999973773956299,0.3333333432674408,0.0,0.6933605670928955
nsl_kdd_v2,xgb_5class_smote,418,3,0,0,0.9999973177909851,0.8181818127632141,0.0,0.935296893119812
nsl_kdd_v2,xgb_5class_smote,419,3,0,0,0.9999973773956299,0.3333333432674408,0.0,0.6933605670928955
nsl_kdd_v2,xgb_5class_smote,420,1,1,1,0.9999973773956299,0.5384615659713745,0.0,0.8135504126548767
nsl_kdd_v2,xgb_5class_smote,421,4,0,0,0.9998692274093628,0.1764705926179886,0.0,0.5608823895454407
nsl_kdd_v2,xgb_5class_smote,422,2,0,0,0.5144609808921814,0.5384615659713745,0.0,0.651881992816925
nsl_kdd_v2,xgb_5class_smote,423,2,0,0,0.9999973773956299,0.6666666865348816,0.0,0.8735795617103577
nsl_kdd_v2,xgb_5class_smote,424,3,0,0,0.8508457541465759,0.5384615659713745,0.0,0.7709066271781921
nsl_kdd_v2,xgb_5class_smote,425,0,0,1,0.9999973773956299,0.4285714328289032,0.0,0.7539466619491577
nsl_kdd_v2,xgb_5class_smote,426,2,0,0,0.9355485439300537,0.5384615659713745,0.0,0.7956833839416504
nsl_kdd_v2,xgb_5class_smote,427,3,0,0,0.9999973773956299,0.4285714328289032,0.0,0.7539466619491577
nsl_kdd_v2,xgb_5class_smote,428,0,0,1,0.9999973773956299,0.6666666865348816,0.0,0.8735795617103577
nsl_kdd_v2,xgb_5class_smote,429,0,0,1,0.9999973773956299,0.6666666865348816,0.0,0.8735795617103577
nsl_kdd_v2,xgb_5class_smote,430,3,0,0,0.9999973773956299,0.5384615659713745,0.0,0.8135504126548767
nsl_kdd_v2,xgb_5class_smote,431,0,0,1,0.9999973773956299,0.5384615659713745,0.0,0.8135504126548767
nsl_kdd_v2,xgb_5class_smote,432,1,0,0,0.9999973773956299,0.6666666865348816,0.0,0.8735795617103577
nsl_kdd_v2,xgb_5class_smote,433,1,0,0,0.5839466452598572,0.6666666865348816,0.0,0.7301754951477051
nsl_kdd_v2,xgb_5class_smote,434,3,0,0,0.9999973773956299,0.4285714328289032,0.0,0.7539466619491577
nsl_kdd_v2,xgb_5class_smote,435,4,0,0,0.9218010306358337,0.5384615659713745,0.0,0.7917667031288147
nsl_kdd_v2,xgb_5class_smote,436,3,0,0,0.9999973773956299,0.5384615659713745,0.0,0.8135504126548767
nsl_kdd_v2,xgb_5class_smote,437,2,2,1,0.9999973773956299,0.6666666865348816,0.0,0.8735795617103577
nsl_kdd_v2,xgb_5class_smote,438,3,0,0,0.9999973773956299,0.6666666865348816,0.0,0.8735795617103577
nsl_kdd_v2,xgb_5class_smote,439,3,0,0,0.9999973773956299,0.4285714328289032,0.0,0.7539466619491577
nsl_kdd_v2,xgb_5class_smote,440,1,1,1,0.9999973773956299,0.6666666865348816,0.0,0.8735795617103577
nsl_kdd_v2,xgb_5class_smote,441,0,0,1,0.9999973773956299,0.6666666865348816,0.0,0.8735795617103577
nsl_kdd_v2,xgb_5class_smote,442,0,0,1,0.9999973773956299,0.5384615659713745,0.0,0.8135504126548767
nsl_kdd_v2,xgb_5class_smote,443,0,0,1,0.9999973773956299,0.5384615659713745,0.0,0.8135504126548767
nsl_kdd_v2,xgb_5class_smote,444,1,1,1,0.9999973773956299,0.5384615659713745,0.0,0.8135504126548767
nsl_kdd_v2,xgb_5class_smote,445,0,0,1,0.9999973773956299,0.6666666865348816,0.0,0.8735795617103577
nsl_kdd_v2,xgb_5class_smote,446,1,1,1,0.9999973773956299,0.6666666865348816,0.0,0.8735795617103577
nsl_kdd_v2,xgb_5class_smote,447,1,1,1,0.9999973773956299,0.5384615659713745,0.0,0.8135504126548767
nsl_kdd_v2,xgb_5class_smote,448,2,2,1,0.9999973773956299,0.4285714328289032,0.0,0.7539466619491577
nsl_kdd_v2,xgb_5class_smote,449,2,2,1,0.9999973773956299,0.8181818127632141,0.0,0.935296893119812
nsl_kdd_v2,xgb_5class_smote,450,0,0,1,0.9999973773956299,0.5384615659713745,0.0,0.8135504126548767
nsl_kdd_v2,xgb_5class_smote,451,0,0,1,0.9999973773956299,0.5384615659713745,0.0,0.8135504126548767
nsl_kdd_v2,xgb_5class_smote,452,0,0,1,0.9999973773956299,0.6666666865348816,0.0,0.8735795617103577
nsl_kdd_v2,xgb_5class_smote,453,3,0,0,0.9999973773956299,0.5384615659713745,0.0,0.8135504126548767
nsl_kdd_v2,xgb_5class_smote,454,3,0,0,0.9999973773956299,0.3333333432674408,0.0,0.6933605670928955
nsl_kdd_v2,xgb_5class_smote,455,0,0,1,0.9999973773956299,0.5384615659713745,0.0,0.8135504126548767
nsl_kdd_v2,xgb_5class_smote,456,0,0,1,0.9999973773956299,0.6666666865348816,0.0,0.8735795617103577
nsl_kdd_v2,xgb_5class_smote,457,3,0,0,0.9393321871757507,0.8181818127632141,0.0,0.9159876108169556
nsl_kdd_v2,xgb_5class_smote,458,1,0,0,0.5793358087539673,0.8181818127632141,0.0,0.7796984910964966
nsl_kdd_v2,xgb_5class_smote,459,0,0,1,0.9999973773956299,0.5384615659713745,0.0,0.8135504126548767
nsl_kdd_v2,xgb_5class_smote,460,0,0,1,0.9999973773956299,0.5384615659713745,0.0,0.8135504126548767
nsl_kdd_v2,xgb_5class_smote,461,2,0,0,0.976098895072937,0.4285714328289032,0.0,0.7478921413421631
nsl_kdd_v2,xgb_5class_smote,462,2,2,1,0.9999973773956299,0.6666666865348816,0.0,0.8735795617103577
nsl_kdd_v2,xgb_5class_smote,463,0,0,1,0.9999973773956299,0.6666666865348816,0.0,0.8735795617103577
nsl_kdd_v2,xgb_5class_smote,464,2,2,1,0.9999973773956299,0.6666666865348816,0.0,0.8735795617103577
nsl_kdd_v2,xgb_5class_smote,465,0,0,1,0.9999973773956299,0.6666666865348816,0.0,0.8735795617103577
nsl_kdd_v2,xgb_5class_smote,466,0,0,1,0.9999973773956299,0.4285714328289032,0.0,0.7539466619491577
nsl_kdd_v2,xgb_5class_smote,467,1,0,0,0.9482633471488953,0.8181818127632141,0.0,0.9188815951347351
nsl_kdd_v2,xgb_5class_smote,468,3,0,0,0.9999973773956299,0.5384615659713745,0.0,0.8135504126548767
nsl_kdd_v2,xgb_5class_smote,469,0,0,1,0.9999973773956299,0.6666666865348816,0.0,0.8735795617103577
nsl_kdd_v2,xgb_5class_smote,470,0,0,1,0.9999973773956299,0.4285714328289032,0.0,0.7539466619491577
nsl_kdd_v2,xgb_5class_smote,471,3,0,0,0.8508457541465759,0.8181818127632141,0.0,0.886271595954895
nsl_kdd_v2,xgb_5class_smote,472,0,0,1,0.9999973773956299,0.6666666865348816,0.0,0.8735795617103577
nsl_kdd_v2,xgb_5class_smote,473,0,0,1,0.9999973773956299,0.5384615659713745,0.0,0.8135504126548767
nsl_kdd_v2,xgb_5class_smote,474,0,0,1,0.9999973773956299,0.5384615659713745,0.0,0.8135504126548767
nsl_kdd_v2,xgb_5class_smote,475,2,2,1,0.9999973773956299,0.8181818127632141,0.0,0.935296893119812
nsl_kdd_v2,xgb_5class_smote,476,0,0,1,0.9999973773956299,0.5384615659713745,0.0,0.8135504126548767
nsl_kdd_v2,xgb_5class_smote,477,1,0,0,0.8852989673614502,0.5384615659713745,0.0,0.7811747193336487
nsl_kdd_v2,xgb_5class_smote,478,2,2,1,0.9999973773956299,0.6666666865348816,0.0,0.8735795617103577
nsl_kdd_v2,xgb_5class_smote,479,3,0,0,0.9999973773956299,0.4285714328289032,0.0,0.7539466619491577
nsl_kdd_v2,xgb_5class_smote,480,4,0,0,0.9307910799980164,0.3333333432674408,0.0,0.6769816875457764
nsl_kdd_v2,xgb_5class_smote,481,3,0,0,0.8508457541465759,0.6666666865348816,0.0,0.827789306640625
nsl_kdd_v2,xgb_5class_smote,482,1,1,1,0.9999973773956299,0.6666666865348816,0.0,0.8735795617103577
nsl_kdd_v2,xgb_5class_smote,483,0,0,1,0.9999973773956299,0.5384615659713745,0.0,0.8135504126548767
nsl_kdd_v2,xgb_5class_smote,484,2,2,1,0.9999973773956299,0.8181818127632141,0.0,0.935296893119812
nsl_kdd_v2,xgb_5class_smote,485,2,2,1,0.9999973773956299,0.8181818127632141,0.0,0.935296893119812
nsl_kdd_v2,xgb_5class_smote,486,3,0,0,0.9999973773956299,0.4285714328289032,0.0,0.7539466619491577
nsl_kdd_v2,xgb_5class_smote,487,0,0,1,0.9999973773956299,0.5384615659713745,0.0,0.8135504126548767
nsl_kdd_v2,xgb_5class_smote,488,0,2,0,0.9999973773956299,0.5384615659713745,0.0,0.8135504126548767
nsl_kdd_v2,xgb_5class_smote,489,1,1,1,0.9999973773956299,0.4285714328289032,0.0,0.7539466619491577
nsl_kdd_v2,xgb_5class_smote,490,3,0,0,0.8508457541465759,0.6666666865348816,0.0,0.827789306640625
nsl_kdd_v2,xgb_5class_smote,491,2,2,1,0.9999973773956299,0.5384615659713745,0.0,0.8135504126548767
nsl_kdd_v2,xgb_5class_smote,492,1,1,1,0.9999973773956299,0.5384615659713745,0.0,0.8135504126548767
nsl_kdd_v2,xgb_5class_smote,493,2,2,1,0.9999973773956299,0.5384615659713745,0.0,0.8135504126548767
nsl_kdd_v2,xgb_5class_smote,494,4,4,1,0.5927508473396301,0.3333333432674408,0.0,0.5824387073516846
nsl_kdd_v2,xgb_5class_smote,495,3,0,0,0.9999973773956299,0.5384615659713745,0.0,0.8135504126548767
nsl_kdd_v2,xgb_5class_smote,496,0,0,1,0.9999973773956299,0.5384615659713745,0.0,0.8135504126548767
nsl_kdd_v2,xgb_5class_smote,497,4,0,0,0.9999966025352478,0.4285714328289032,0.0,0.7539464831352234
nsl_kdd_v2,xgb_5class_smote,498,3,0,0,0.9999973773956299,0.5384615659713745,0.0,0.8135504126548767
nsl_kdd_v2,xgb_5class_smote,499,1,1,1,0.9999973773956299,0.6666666865348816,0.0,0.8735795617103577
nsl_kdd_v2,xgb_5class_smote,500,0,0,1,0.9999973773956299,0.5384615659713745,0.0,0.8135504126548767
nsl_kdd_v2,xgb_5class_smote,501,0,0,1,0.9999973773956299,0.4285714328289032,0.0,0.7539466619491577
nsl_kdd_v2,xgb_5class_smote,502,0,0,1,0.9999973773956299,0.6666666865348816,0.0,0.8735795617103577
nsl_kdd_v2,xgb_5class_smote,503,0,0,1,0.9999973773956299,0.5384615659713745,0.0,0.8135504126548767
nsl_kdd_v2,xgb_5class_smote,504,3,0,0,0.9999973773956299,0.5384615659713745,0.0,0.8135504126548767
nsl_kdd_v2,xgb_5class_smote,505,0,0,1,0.9999973773956299,0.4285714328289032,0.0,0.7539466619491577
nsl_kdd_v2,xgb_5class_smote,506,0,0,1,0.9999973773956299,0.6666666865348816,0.0,0.8735795617103577
nsl_kdd_v2,xgb_5class_smote,507,2,2,1,0.9999973773956299,0.6666666865348816,0.0,0.8735795617103577
nsl_kdd_v2,xgb_5class_smote,508,1,1,1,0.543915331363678,0.6666666865348816,0.0,0.7130936980247498
nsl_kdd_v2,xgb_5class_smote,509,0,0,1,0.9999973773956299,0.5384615659713745,0.0,0.8135504126548767
nsl_kdd_v2,xgb_5class_smote,510,0,0,1,0.9999973773956299,0.5384615659713745,0.0,0.8135504126548767
nsl_kdd_v2,xgb_5class_smote,511,1,1,1,0.9999973773956299,0.6666666865348816,0.0,0.8735795617103577
nsl_kdd_v2,xgb_5class_smote,512,3,0,0,0.9999973773956299,0.4285714328289032,0.0,0.7539466619491577
nsl_kdd_v2,xgb_5class_smote,513,3,0,0,0.9999973773956299,0.5384615659713745,0.0,0.8135504126548767
nsl_kdd_v2,xgb_5class_smote,514,0,0,1,0.9999973773956299,0.6666666865348816,0.0,0.8735795617103577
nsl_kdd_v2,xgb_5class_smote,515,1,1,1,0.9999973773956299,0.6666666865348816,0.0,0.8735795617103577
nsl_kdd_v2,xgb_5class_smote,516,3,0,0,0.9999973773956299,0.5384615659713745,0.0,0.8135504126548767
nsl_kdd_v2,xgb_5class_smote,517,2,0,0,0.6885229349136353,0.8181818127632141,0.0,0.8258908987045288
nsl_kdd_v2,xgb_5class_smote,518,1,1,1,0.9999973773956299,0.5384615659713745,0.0,0.8135504126548767
nsl_kdd_v2,xgb_5class_smote,519,2,2,1,0.9999973773956299,0.6666666865348816,0.0,0.8735795617103577
nsl_kdd_v2,xgb_5class_smote,520,3,0,0,0.9999973773956299,0.5384615659713745,0.0,0.8135504126548767
nsl_kdd_v2,xgb_5class_smote,521,1,1,1,0.9999973773956299,0.5384615659713745,0.0,0.8135504126548767
nsl_kdd_v2,xgb_5class_smote,522,4,4,1,1.0,0.4285714328289032,1.0,75.39474487304688
nsl_kdd_v2,xgb_5class_smote,523,3,0,0,0.9182632565498352,0.5384615659713745,0.0,0.7907524704933167
nsl_kdd_v2,xgb_5class_smote,524,3,0,0,0.9999973773956299,0.5384615659713745,0.0,0.8135504126548767
nsl_kdd_v2,xgb_5class_smote,525,2,2,1,0.9999973773956299,0.6666666865348816,0.0,0.8735795617103577
nsl_kdd_v2,xgb_5class_smote,526,2,0,0,0.6885229349136353,0.4285714328289032,0.0,0.6657540202140808
nsl_kdd_v2,xgb_5class_smote,527,1,1,1,0.9999973773956299,0.5384615659713745,0.0,0.8135504126548767
nsl_kdd_v2,xgb_5class_smote,528,2,2,1,0.9999973773956299,0.6666666865348816,0.0,0.8735795617103577
nsl_kdd_v2,xgb_5class_smote,529,4,0,0,0.9999973773956299,0.4285714328289032,0.0,0.7539466619491577
nsl_kdd_v2,xgb_5class_smote,530,2,2,1,0.5744669437408447,0.5384615659713745,0.0,0.6763007640838623
nsl_kdd_v2,xgb_5class_smote,531,2,2,1,0.9999973773956299,0.4285714328289032,0.0,0.7539466619491577
nsl_kdd_v2,xgb_5class_smote,532,1,1,1,0.9999973773956299,0.6666666865348816,0.0,0.8735795617103577
nsl_kdd_v2,xgb_5class_smote,533,2,2,1,0.9999973773956299,0.6666666865348816,0.0,0.8735795617103577
nsl_kdd_v2,xgb_5class_smote,534,3,0,0,0.9999973773956299,0.6666666865348816,0.0,0.8735795617103577
nsl_kdd_v2,xgb_5class_smote,535,0,0,1,0.9999973773956299,0.6666666865348816,0.0,0.8735795617103577
nsl_kdd_v2,xgb_5class_smote,536,2,2,1,0.5744669437408447,0.4285714328289032,0.0,0.6267523765563965
nsl_kdd_v2,xgb_5class_smote,537,3,0,0,0.624998152256012,0.5384615659713745,0.0,0.6955757141113281
nsl_kdd_v2,xgb_5class_smote,538,1,1,1,0.9999973773956299,0.5384615659713745,0.0,0.8135504126548767
nsl_kdd_v2,xgb_5class_smote,539,0,0,1,0.9999973773956299,0.6666666865348816,0.0,0.8735795617103577
nsl_kdd_v2,xgb_5class_smote,540,4,0,0,0.9999963045120239,0.4285714328289032,0.0,0.7539464235305786
nsl_kdd_v2,xgb_5class_smote,541,2,2,1,0.9999973773956299,0.5384615659713745,0.0,0.8135504126548767
nsl_kdd_v2,xgb_5class_smote,542,0,0,1,0.9999973773956299,0.4285714328289032,0.0,0.7539466619491577
nsl_kdd_v2,xgb_5class_smote,543,1,1,1,0.9999973773956299,0.5384615659713745,0.0,0.8135504126548767
nsl_kdd_v2,xgb_5class_smote,544,1,1,1,0.9999973773956299,0.4285714328289032,0.0,0.7539466619491577
nsl_kdd_v2,xgb_5class_smote,545,1,1,1,0.9999973773956299,0.6666666865348816,0.0,0.8735795617103577
nsl_kdd_v2,xgb_5class_smote,546,1,0,0,0.9999973773956299,0.5384615659713745,0.0,0.8135504126548767
nsl_kdd_v2,xgb_5class_smote,547,3,0,0,0.9999973773956299,0.4285714328289032,0.0,0.7539466619491577
nsl_kdd_v2,xgb_5class_smote,548,3,0,0,0.9999973773956299,0.6666666865348816,0.0,0.8735795617103577
nsl_kdd_v2,xgb_5class_smote,549,3,0,0,0.9999973773956299,0.5384615659713745,0.0,0.8135504126548767
nsl_kdd_v2,xgb_5class_smote,550,1,1,1,0.9999973773956299,0.5384615659713745,0.0,0.8135504126548767
nsl_kdd_v2,xgb_5class_smote,551,2,2,1,0.9999973773956299,0.5384615659713745,0.0,0.8135504126548767
nsl_kdd_v2,xgb_5class_smote,552,0,0,1,0.9999973773956299,0.5384615659713745,0.0,0.8135504126548767
nsl_kdd_v2,xgb_5class_smote,553,2,2,1,0.9999973773956299,0.8181818127632141,0.0,0.935296893119812
nsl_kdd_v2,xgb_5class_smote,554,0,0,1,0.9999973773956299,0.4285714328289032,0.0,0.7539466619491577
nsl_kdd_v2,xgb_5class_smote,555,2,0,0,0.9999973773956299,0.4285714328289032,0.0,0.7539466619491577
nsl_kdd_v2,xgb_5class_smote,556,3,0,0,0.9999973773956299,0.5384615659713745,0.0,0.8135504126548767
nsl_kdd_v2,xgb_5class_smote,557,1,0,0,0.5714272856712341,0.6666666865348816,0.0,0.7249196171760559
nsl_kdd_v2,xgb_5class_smote,558,0,0,1,0.9999973773956299,0.4285714328289032,0.0,0.7539466619491577
nsl_kdd_v2,xgb_5class_smote,559,0,0,1,0.9999973773956299,0.5384615659713745,0.0,0.8135504126548767
nsl_kdd_v2,xgb_5class_smote,560,0,0,1,0.9999973773956299,0.5384615659713745,0.0,0.8135504126548767
nsl_kdd_v2,xgb_5class_smote,561,0,0,1,0.9999973773956299,0.5384615659713745,0.0,0.8135504126548767
nsl_kdd_v2,xgb_5class_smote,562,3,0,0,0.9999973773956299,0.5384615659713745,0.0,0.8135504126548767
nsl_kdd_v2,xgb_5class_smote,563,2,2,1,0.9999973773956299,0.8181818127632141,0.0,0.935296893119812
nsl_kdd_v2,xgb_5class_smote,564,3,0,0,0.9999973773956299,0.5384615659713745,0.0,0.8135504126548767
nsl_kdd_v2,xgb_5class_smote,565,1,1,1,0.9999973773956299,0.5384615659713745,0.0,0.8135504126548767
nsl_kdd_v2,xgb_5class_smote,566,3,0,0,0.9999973773956299,0.5384615659713745,0.0,0.8135504126548767
nsl_kdd_v2,xgb_5class_smote,567,0,0,1,0.9999973773956299,0.6666666865348816,0.0,0.8735795617103577
nsl_kdd_v2,xgb_5class_smote,568,0,0,1,0.9999973773956299,0.6666666865348816,0.0,0.8735795617103577
nsl_kdd_v2,xgb_5class_smote,569,1,1,1,0.9999973773956299,0.6666666865348816,0.0,0.8735795617103577
nsl_kdd_v2,xgb_5class_smote,570,2,0,0,0.5957433581352234,0.6666666865348816,0.0,0.7350596785545349
nsl_kdd_v2,xgb_5class_smote,571,2,1,0,0.9999973773956299,0.5384615659713745,0.0,0.8135504126548767
nsl_kdd_v2,xgb_5class_smote,572,2,2,1,0.9999973773956299,0.6666666865348816,0.0,0.8735795617103577
nsl_kdd_v2,xgb_5class_smote,573,3,0,0,0.9999973773956299,0.4285714328289032,0.0,0.7539466619491577
nsl_kdd_v2,xgb_5class_smote,574,4,0,0,0.9999959468841553,0.3333333432674408,0.0,0.6933602690696716
nsl_kdd_v2,xgb_5class_smote,575,1,0,0,0.9999973773956299,0.5384615659713745,0.0,0.8135504126548767
nsl_kdd_v2,xgb_5class_smote,576,0,0,1,0.9999973773956299,0.5384615659713745,0.0,0.8135504126548767
nsl_kdd_v2,xgb_5class_smote,577,0,0,1,0.9999973773956299,0.6666666865348816,0.0,0.8735795617103577
nsl_kdd_v2,xgb_5class_smote,578,4,4,1,1.0,0.5384615659713745,1.0,81.3551254272461
nsl_kdd_v2,xgb_5class_smote,579,4,4,1,1.0,0.4285714328289032,1.0,75.39474487304688
nsl_kdd_v2,xgb_5class_smote,580,2,2,1,0.9999973773956299,0.8181818127632141,0.0,0.935296893119812
nsl_kdd_v2,xgb_5class_smote,581,0,0,1,0.9999973773956299,0.4285714328289032,0.0,0.7539466619491577
nsl_kdd_v2,xgb_5class_smote,582,1,0,0,0.860074520111084,0.8181818127632141,0.0,0.8894643783569336
nsl_kdd_v2,xgb_5class_smote,583,4,0,0,0.9999971985816956,0.4285714328289032,0.0,0.7539466619491577
nsl_kdd_v2,xgb_5class_smote,584,1,1,1,0.9999973773956299,0.6666666865348816,0.0,0.8735795617103577
nsl_kdd_v2,xgb_5class_smote,585,2,0,0,0.9355485439300537,0.6666666865348816,0.0,0.8543941974639893
nsl_kdd_v2,xgb_5class_smote,586,3,0,0,0.9999973773956299,0.5384615659713745,0.0,0.8135504126548767
nsl_kdd_v2,xgb_5class_smote,587,0,0,1,0.9999973773956299,0.6666666865348816,0.0,0.8735795617103577
nsl_kdd_v2,xgb_5class_smote,588,4,0,0,0.9999973773956299,0.4285714328289032,0.0,0.7539466619491577
nsl_kdd_v2,xgb_5class_smote,589,3,0,0,0.9999973773956299,0.5384615659713745,0.0,0.8135504126548767
nsl_kdd_v2,xgb_5class_smote,590,2,2,1,0.9999973773956299,0.8181818127632141,0.0,0.935296893119812
nsl_kdd_v2,xgb_5class_smote,591,3,0,0,0.9393321871757507,0.4285714328289032,0.0,0.7383813858032227
nsl_kdd_v2,xgb_5class_smote,592,1,1,1,0.9999973773956299,0.6666666865348816,0.0,0.8735795617103577
nsl_kdd_v2,xgb_5class_smote,593,3,0,0,0.9999973773956299,0.5384615659713745,0.0,0.8135504126548767
nsl_kdd_v2,xgb_5class_smote,594,2,2,1,0.9999973773956299,0.8181818127632141,0.0,0.935296893119812
nsl_kdd_v2,xgb_5class_smote,595,2,2,1,0.9999973773956299,0.5384615659713745,0.0,0.8135504126548767
nsl_kdd_v2,xgb_5class_smote,596,0,0,1,0.9999973773956299,0.5384615659713745,0.0,0.8135504126548767
nsl_kdd_v2,xgb_5class_smote,597,4,0,0,0.9999970197677612,0.6666666865348816,0.0,0.8735794425010681
nsl_kdd_v2,xgb_5class_smote,598,3,0,0,0.9999973773956299,0.5384615659713745,0.0,0.8135504126548767
nsl_kdd_v2,xgb_5class_smote,599,0,0,1,0.9999973773956299,0.5384615659713745,0.0,0.8135504126548767
nsl_kdd_v2,xgb_5class_smote,600,2,2,1,0.9999973773956299,0.5384615659713745,0.0,0.8135504126548767
nsl_kdd_v2,xgb_5class_smote,601,2,2,1,0.9999973773956299,0.6666666865348816,0.0,0.8735795617103577
nsl_kdd_v2,xgb_5class_smote,602,2,2,1,0.9999973773956299,0.5384615659713745,0.0,0.8135504126548767
nsl_kdd_v2,xgb_5class_smote,603,1,1,1,0.9999973773956299,0.6666666865348816,0.0,0.8735795617103577
nsl_kdd_v2,xgb_5class_smote,604,1,1,1,0.9999973773956299,0.5384615659713745,0.0,0.8135504126548767
nsl_kdd_v2,xgb_5class_smote,605,1,1,1,0.9999973773956299,0.5384615659713745,0.0,0.8135504126548767
nsl_kdd_v2,xgb_5class_smote,606,0,0,1,0.9999973773956299,0.4285714328289032,0.0,0.7539466619491577
nsl_kdd_v2,xgb_5class_smote,607,2,2,1,0.9999973773956299,0.8181818127632141,0.0,0.935296893119812
nsl_kdd_v2,xgb_5class_smote,608,1,0,0,0.5573084950447083,0.6666666865348816,0.0,0.7188993096351624
nsl_kdd_v2,xgb_5class_smote,609,0,0,1,0.6885229349136353,0.5384615659713745,0.0,0.718385636806488
nsl_kdd_v2,xgb_5class_smote,610,1,1,1,0.9999973773956299,0.4285714328289032,0.0,0.7539466619491577
nsl_kdd_v2,xgb_5class_smote,611,1,1,1,0.9999973773956299,0.4285714328289032,0.0,0.7539466619491577
nsl_kdd_v2,xgb_5class_smote,612,2,2,1,0.9999973773956299,0.6666666865348816,0.0,0.8735795617103577
nsl_kdd_v2,xgb_5class_smote,613,0,0,1,0.9999973773956299,0.6666666865348816,0.0,0.8735795617103577
nsl_kdd_v2,xgb_5class_smote,614,2,2,1,0.6110864281654358,0.4285714328289032,0.0,0.6397965550422668
nsl_kdd_v2,xgb_5class_smote,615,0,0,1,0.9999973773956299,0.5384615659713745,0.0,0.8135504126548767
nsl_kdd_v2,xgb_5class_smote,616,2,2,1,0.5744669437408447,0.6666666865348816,0.0,0.726202666759491
nsl_kdd_v2,xgb_5class_smote,617,1,1,1,0.9999973773956299,0.5384615659713745,0.0,0.8135504126548767
nsl_kdd_v2,xgb_5class_smote,618,0,0,1,0.9999973773956299,0.5384615659713745,0.0,0.8135504126548767
nsl_kdd_v2,xgb_5class_smote,619,1,1,1,0.9999973773956299,0.5384615659713745,0.0,0.8135504126548767
nsl_kdd_v2,xgb_5class_smote,620,2,0,0,0.9999973177909851,0.3333333432674408,0.0,0.6933605670928955
nsl_kdd_v2,xgb_5class_smote,621,0,2,0,0.9999973773956299,0.5384615659713745,0.0,0.8135504126548767
nsl_kdd_v2,xgb_5class_smote,622,1,1,1,0.9999973773956299,0.5384615659713745,0.0,0.8135504126548767
nsl_kdd_v2,xgb_5class_smote,623,3,0,0,0.9195322394371033,0.8181818127632141,0.0,0.9095059037208557
nsl_kdd_v2,xgb_5class_smote,624,4,0,0,0.998032808303833,0.4285714328289032,0.0,0.7534526586532593
nsl_kdd_v2,xgb_5class_smote,625,2,0,0,0.5781418085098267,0.8181818127632141,0.0,0.7791624665260315
nsl_kdd_v2,xgb_5class_smote,626,3,3,1,0.9999973773956299,0.5384615659713745,0.9998977184295654,81.3522720336914
nsl_kdd_v2,xgb_5class_smote,627,2,2,1,0.9999973773956299,0.4285714328289032,0.0,0.7539466619491577
nsl_kdd_v2,xgb_5class_smote,628,1,1,1,0.9999973773956299,0.5384615659713745,0.0,0.8135504126548767
nsl_kdd_v2,xgb_5class_smote,629,0,0,1,0.9999973773956299,0.6666666865348816,0.0,0.8735795617103577
nsl_kdd_v2,xgb_5class_smote,630,1,1,1,0.9999973773956299,0.5384615659713745,0.0,0.8135504126548767
nsl_kdd_v2,xgb_5class_smote,631,3,0,0,0.9999973773956299,0.6666666865348816,0.0,0.8735795617103577
nsl_kdd_v2,xgb_5class_smote,632,1,1,1,0.9999973773956299,0.5384615659713745,0.0,0.8135504126548767
nsl_kdd_v2,xgb_5class_smote,633,1,1,1,0.5543642640113831,0.8181818127632141,0.0,0.7683308720588684
nsl_kdd_v2,xgb_5class_smote,634,2,1,0,0.9999973773956299,0.5384615659713745,0.0,0.8135504126548767
nsl_kdd_v2,xgb_5class_smote,635,2,2,1,0.9999973773956299,0.6666666865348816,0.0,0.8735795617103577
nsl_kdd_v2,xgb_5class_smote,636,3,0,0,0.9999973773956299,0.6666666865348816,0.0,0.8735795617103577
nsl_kdd_v2,xgb_5class_smote,637,0,0,1,0.9999973773956299,0.6666666865348816,0.0,0.8735795617103577
nsl_kdd_v2,xgb_5class_smote,638,0,0,1,0.9999973773956299,0.6666666865348816,0.0,0.8735795617103577
nsl_kdd_v2,xgb_5class_smote,639,1,0,0,0.9827855825424194,0.6666666865348816,0.0,0.8685385584831238
nsl_kdd_v2,xgb_5class_smote,640,3,0,0,0.9999973773956299,0.4285714328289032,0.0,0.7539466619491577
nsl_kdd_v2,xgb_5class_smote,641,2,2,1,0.9999973773956299,0.5384615659713745,0.0,0.8135504126548767
nsl_kdd_v2,xgb_5class_smote,642,1,1,1,0.596958577632904,0.6666666865348816,0.0,0.7355591058731079
nsl_kdd_v2,xgb_5class_smote,643,1,1,1,0.9999973773956299,0.5384615659713745,0.0,0.8135504126548767
nsl_kdd_v2,xgb_5class_smote,644,1,1,1,0.9999973773956299,0.5384615659713745,0.0,0.8135504126548767
nsl_kdd_v2,xgb_5class_smote,645,2,2,1,0.9999973773956299,0.6666666865348816,0.0,0.8735795617103577
nsl_kdd_v2,xgb_5class_smote,646,0,0,1,0.9999973773956299,0.5384615659713745,0.0,0.8135504126548767
nsl_kdd_v2,xgb_5class_smote,647,0,0,1,0.9999973773956299,0.4285714328289032,0.0,0.7539466619491577
nsl_kdd_v2,xgb_5class_smote,648,0,0,1,0.9999973773956299,0.6666666865348816,0.0,0.8735795617103577
nsl_kdd_v2,xgb_5class_smote,649,1,1,1,0.9999973773956299,0.5384615659713745,0.0,0.8135504126548767
nsl_kdd_v2,xgb_5class_smote,650,3,0,0,0.624998152256012,0.8181818127632141,0.0,0.7996675372123718
nsl_kdd_v2,xgb_5class_smote,651,1,1,1,0.9999973773956299,0.5384615659713745,0.0,0.8135504126548767
nsl_kdd_v2,xgb_5class_smote,652,0,0,1,0.9999973773956299,0.6666666865348816,0.0,0.8735795617103577
nsl_kdd_v2,xgb_5class_smote,653,1,1,1,0.9999973773956299,0.5384615659713745,0.0,0.8135504126548767
nsl_kdd_v2,xgb_5class_smote,654,3,0,0,0.9999973773956299,0.5384615659713745,0.0,0.8135504126548767
nsl_kdd_v2,xgb_5class_smote,655,1,1,1,0.9999973773956299,0.5384615659713745,0.0,0.8135504126548767
nsl_kdd_v2,xgb_5class_smote,656,2,0,0,0.9355485439300537,0.4285714328289032,0.0,0.7373886704444885
nsl_kdd_v2,xgb_5class_smote,657,3,3,1,0.9999973773956299,0.4285714328289032,0.9998977184295654,75.3921127319336
nsl_kdd_v2,xgb_5class_smote,658,3,0,0,0.9999973773956299,0.4285714328289032,0.0,0.7539466619491577
nsl_kdd_v2,xgb_5class_smote,659,4,0,0,0.9999955296516418,0.5384615659713745,0.0,0.8135499358177185
nsl_kdd_v2,xgb_5class_smote,660,3,0,0,0.9999973773956299,0.5384615659713745,0.0,0.8135504126548767
nsl_kdd_v2,xgb_5class_smote,661,3,0,0,0.9999973773956299,0.4285714328289032,0.0,0.7539466619491577
nsl_kdd_v2,xgb_5class_smote,662,3,0,0,0.9999973773956299,0.5384615659713745,0.0,0.8135504126548767
nsl_kdd_v2,xgb_5class_smote,663,2,2,1,0.9999973773956299,0.5384615659713745,0.0,0.8135504126548767
nsl_kdd_v2,xgb_5class_smote,664,4,0,0,0.9999973773956299,0.5384615659713745,0.0,0.8135504126548767
nsl_kdd_v2,xgb_5class_smote,665,0,0,1,0.9999973773956299,0.5384615659713745,0.0,0.8135504126548767
nsl_kdd_v2,xgb_5class_smote,666,1,1,1,0.9999973773956299,0.4285714328289032,0.0,0.7539466619491577
nsl_kdd_v2,xgb_5class_smote,667,0,0,1,0.9999973773956299,0.6666666865348816,0.0,0.8735795617103577
nsl_kdd_v2,xgb_5class_smote,668,0,0,1,0.9999973773956299,0.5384615659713745,0.0,0.8135504126548767
nsl_kdd_v2,xgb_5class_smote,669,0,0,1,0.9999973773956299,0.5384615659713745,0.0,0.8135504126548767
nsl_kdd_v2,xgb_5class_smote,670,2,2,1,0.9999973773956299,0.8181818127632141,0.0,0.935296893119812
nsl_kdd_v2,xgb_5class_smote,671,3,0,0,0.9999973773956299,0.5384615659713745,0.0,0.8135504126548767
nsl_kdd_v2,xgb_5class_smote,672,0,0,1,0.9999973773956299,0.5384615659713745,0.0,0.8135504126548767
nsl_kdd_v2,xgb_5class_smote,673,3,0,0,0.9999973773956299,0.4285714328289032,0.0,0.7539466619491577
nsl_kdd_v2,xgb_5class_smote,674,2,0,0,0.5198001861572266,0.6666666865348816,0.0,0.7023954391479492
nsl_kdd_v2,xgb_5class_smote,675,0,0,1,0.9999973773956299,0.4285714328289032,0.0,0.7539466619491577
nsl_kdd_v2,xgb_5class_smote,676,0,0,1,0.9999973773956299,0.5384615659713745,0.0,0.8135504126548767
nsl_kdd_v2,xgb_5class_smote,677,3,0,0,0.9999973773956299,0.5384615659713745,0.0,0.8135504126548767
nsl_kdd_v2,xgb_5class_smote,678,2,2,1,0.6169506311416626,0.6666666865348816,0.0,0.7436803579330444
nsl_kdd_v2,xgb_5class_smote,679,0,0,1,0.9999973773956299,0.6666666865348816,0.0,0.8735795617103577
nsl_kdd_v2,xgb_5class_smote,680,0,0,1,0.9999973773956299,0.5384615659713745,0.0,0.8135504126548767
nsl_kdd_v2,xgb_5class_smote,681,2,2,1,0.9999973773956299,0.8181818127632141,0.0,0.935296893119812
nsl_kdd_v2,xgb_5class_smote,682,1,1,1,0.9999973773956299,0.5384615659713745,0.0,0.8135504126548767
nsl_kdd_v2,xgb_5class_smote,683,2,2,1,0.9999973773956299,0.5384615659713745,0.0,0.8135504126548767
nsl_kdd_v2,xgb_5class_smote,684,1,1,1,0.9999973773956299,0.5384615659713745,0.0,0.8135504126548767
nsl_kdd_v2,xgb_5class_smote,685,3,0,0,0.5101370811462402,0.6666666865348816,0.0,0.6980156302452087
nsl_kdd_v2,xgb_5class_smote,686,3,0,0,0.9999973773956299,0.5384615659713745,0.0,0.8135504126548767
nsl_kdd_v2,xgb_5class_smote,687,0,0,1,0.9999973773956299,0.5384615659713745,0.0,0.8135504126548767
nsl_kdd_v2,xgb_5class_smote,688,4,0,0,0.9999957084655762,0.6666666865348816,0.0,0.8735790848731995
nsl_kdd_v2,xgb_5class_smote,689,0,0,1,0.9999973773956299,0.6666666865348816,0.0,0.8735795617103577
nsl_kdd_v2,xgb_5class_smote,690,2,2,1,0.9999973773956299,0.6666666865348816,0.0,0.8735795617103577
nsl_kdd_v2,xgb_5class_smote,691,2,2,1,0.52989262342453,0.6666666865348816,0.0,0.7069122195243835
nsl_kdd_v2,xgb_5class_smote,692,0,0,1,0.9999973773956299,0.4285714328289032,0.0,0.7539466619491577
nsl_kdd_v2,xgb_5class_smote,693,1,0,0,0.6885229349136353,0.5384615659713745,0.0,0.718385636806488
nsl_kdd_v2,xgb_5class_smote,694,1,1,1,0.7924831509590149,0.4285714328289032,0.0,0.6977037191390991
nsl_kdd_v2,xgb_5class_smote,695,3,0,0,0.9218069911003113,0.4285714328289032,0.0,0.7337605357170105
nsl_kdd_v2,xgb_5class_smote,696,0,0,1,0.9999973773956299,0.5384615659713745,0.0,0.8135504126548767
nsl_kdd_v2,xgb_5class_smote,697,1,1,1,0.9999973773956299,0.6666666865348816,0.0,0.8735795617103577
nsl_kdd_v2,xgb_5class_smote,698,2,0,0,0.6885229349136353,0.8181818127632141,0.0,0.8258908987045288
nsl_kdd_v2,xgb_5class_smote,699,0,0,1,0.9999973773956299,0.6666666865348816,0.0,0.8735795617103577
nsl_kdd_v2,xgb_5class_smote,700,4,0,0,0.5473613142967224,0.4285714328289032,0.0,0.6167356371879578
nsl_kdd_v2,xgb_5class_smote,701,0,0,1,0.9999973773956299,0.6666666865348816,0.0,0.8735795617103577
nsl_kdd_v2,xgb_5class_smote,702,1,1,1,0.9999973773956299,0.4285714328289032,0.0,0.7539466619491577
nsl_kdd_v2,xgb_5class_smote,703,2,0,0,0.5714272856712341,0.5384615659713745,0.0,0.6751057505607605
nsl_kdd_v2,xgb_5class_smote,704,1,1,1,0.9374976754188538,0.5384615659713745,0.0,0.7962355613708496
nsl_kdd_v2,xgb_5class_smote,705,0,0,1,0.9999973773956299,0.6666666865348816,0.0,0.8735795617103577
nsl_kdd_v2,xgb_5class_smote,706,2,2,1,0.5744669437408447,0.6666666865348816,0.0,0.726202666759491
nsl_kdd_v2,xgb_5class_smote,707,0,0,1,0.9999973773956299,0.6666666865348816,0.0,0.8735795617103577
nsl_kdd_v2,xgb_5class_smote,708,3,0,0,0.9999973773956299,0.5384615659713745,0.0,0.8135504126548767
nsl_kdd_v2,xgb_5class_smote,709,2,2,1,0.9999973773956299,0.8181818127632141,0.0,0.935296893119812
nsl_kdd_v2,xgb_5class_smote,710,2,2,1,0.9999973773956299,0.8181818127632141,0.0,0.935296893119812
nsl_kdd_v2,xgb_5class_smote,711,0,0,1,0.9999973773956299,0.5384615659713745,0.0,0.8135504126548767
nsl_kdd_v2,xgb_5class_smote,712,3,0,0,0.9999973773956299,0.4285714328289032,0.0,0.7539466619491577
nsl_kdd_v2,xgb_5class_smote,713,2,2,1,0.9999973773956299,0.6666666865348816,0.0,0.8735795617103577
nsl_kdd_v2,xgb_5class_smote,714,2,2,1,0.9999973773956299,0.5384615659713745,0.0,0.8135504126548767
nsl_kdd_v2,xgb_5class_smote,715,2,2,1,0.9999973773956299,0.4285714328289032,0.0,0.7539466619491577
nsl_kdd_v2,xgb_5class_smote,716,3,0,0,0.9999973773956299,0.4285714328289032,0.0,0.7539466619491577
nsl_kdd_v2,xgb_5class_smote,717,0,0,1,0.9999973773956299,0.5384615659713745,0.0,0.8135504126548767
nsl_kdd_v2,xgb_5class_smote,718,3,0,0,0.882242739200592,0.6666666865348816,0.0,0.8378486037254333
nsl_kdd_v2,xgb_5class_smote,719,2,2,1,0.9999973773956299,0.8181818127632141,0.0,0.935296893119812
nsl_kdd_v2,xgb_5class_smote,720,2,1,0,0.9999973773956299,0.4285714328289032,0.0,0.7539466619491577
nsl_kdd_v2,xgb_5class_smote,721,0,0,1,0.9999973773956299,0.4285714328289032,0.0,0.7539466619491577
nsl_kdd_v2,xgb_5class_smote,722,0,0,1,0.9999973773956299,0.5384615659713745,0.0,0.8135504126548767
nsl_kdd_v2,xgb_5class_smote,723,0,0,1,0.9999973773956299,0.6666666865348816,0.0,0.8735795617103577
nsl_kdd_v2,xgb_5class_smote,724,0,0,1,0.9999973773956299,0.5384615659713745,0.0,0.8135504126548767
nsl_kdd_v2,xgb_5class_smote,725,0,0,1,0.9999973773956299,0.6666666865348816,0.0,0.8735795617103577
nsl_kdd_v2,xgb_5class_smote,726,3,0,0,0.9999973773956299,0.5384615659713745,0.0,0.8135504126548767
nsl_kdd_v2,xgb_5class_smote,727,2,2,1,0.9999973773956299,0.5384615659713745,0.0,0.8135504126548767
nsl_kdd_v2,xgb_5class_smote,728,1,1,1,0.9999973773956299,0.5384615659713745,0.0,0.8135504126548767
nsl_kdd_v2,xgb_5class_smote,729,1,1,1,0.9999973773956299,0.4285714328289032,0.0,0.7539466619491577
nsl_kdd_v2,xgb_5class_smote,730,2,2,1,0.9999973773956299,0.6666666865348816,0.0,0.8735795617103577
nsl_kdd_v2,xgb_5class_smote,731,3,0,0,0.9999973773956299,0.5384615659713745,0.0,0.8135504126548767
nsl_kdd_v2,xgb_5class_smote,732,1,1,1,0.9999973773956299,0.5384615659713745,0.0,0.8135504126548767
nsl_kdd_v2,xgb_5class_smote,733,0,0,1,0.9999973773956299,0.6666666865348816,0.0,0.8735795617103577
nsl_kdd_v2,xgb_5class_smote,734,1,1,1,0.9999973773956299,0.5384615659713745,0.0,0.8135504126548767
nsl_kdd_v2,xgb_5class_smote,735,1,1,1,0.9999973773956299,0.5384615659713745,0.0,0.8135504126548767
nsl_kdd_v2,xgb_5class_smote,736,1,0,0,0.9999973773956299,0.5384615659713745,0.0,0.8135504126548767
nsl_kdd_v2,xgb_5class_smote,737,1,1,1,0.5798889994621277,0.8181818127632141,0.0,0.7799465656280518
nsl_kdd_v2,xgb_5class_smote,738,3,0,0,0.9999973773956299,0.5384615659713745,0.0,0.8135504126548767
nsl_kdd_v2,xgb_5class_smote,739,0,0,1,0.9999973773956299,0.5384615659713745,0.0,0.8135504126548767
nsl_kdd_v2,xgb_5class_smote,740,3,0,0,0.9999973773956299,0.4285714328289032,0.0,0.7539466619491577
nsl_kdd_v2,xgb_5class_smote,741,0,0,1,0.9999973773956299,0.6666666865348816,0.0,0.8735795617103577
nsl_kdd_v2,xgb_5class_smote,742,2,2,1,0.9999973773956299,0.6666666865348816,0.0,0.8735795617103577
nsl_kdd_v2,xgb_5class_smote,743,2,2,1,0.9999973773956299,0.5384615659713745,0.0,0.8135504126548767
nsl_kdd_v2,xgb_5class_smote,744,3,0,0,0.9999973773956299,0.4285714328289032,0.0,0.7539466619491577
nsl_kdd_v2,xgb_5class_smote,745,2,2,1,0.9999973773956299,0.8181818127632141,0.0,0.935296893119812
nsl_kdd_v2,xgb_5class_smote,746,1,1,1,0.9999973773956299,0.5384615659713745,0.0,0.8135504126548767
nsl_kdd_v2,xgb_5class_smote,747,0,0,1,0.9999973773956299,0.5384615659713745,0.0,0.8135504126548767
nsl_kdd_v2,xgb_5class_smote,748,2,1,0,0.9999973773956299,0.5384615659713745,0.0,0.8135504126548767
nsl_kdd_v2,xgb_5class_smote,749,2,2,1,0.9999973773956299,0.4285714328289032,0.0,0.7539466619491577
nsl_kdd_v2,xgb_5class_smote,750,0,0,1,0.9999973773956299,0.5384615659713745,0.0,0.8135504126548767
nsl_kdd_v2,xgb_5class_smote,751,2,2,1,0.9999973773956299,0.6666666865348816,0.0,0.8735795617103577
nsl_kdd_v2,xgb_5class_smote,752,0,0,1,0.9999973773956299,0.5384615659713745,0.0,0.8135504126548767
nsl_kdd_v2,xgb_5class_smote,753,2,0,0,0.9999973177909851,0.5384615659713745,0.0,0.8135504126548767
nsl_kdd_v2,xgb_5class_smote,754,3,0,0,0.9999973177909851,0.8181818127632141,0.0,0.935296893119812
nsl_kdd_v2,xgb_5class_smote,755,1,1,1,0.9999971985816956,0.8181818127632141,0.0,0.935296893119812
nsl_kdd_v2,xgb_5class_smote,756,0,1,0,0.9999973773956299,0.4285714328289032,0.0,0.7539466619491577
nsl_kdd_v2,xgb_5class_smote,757,1,0,0,0.5714272856712341,0.6666666865348816,0.0,0.7249196171760559
nsl_kdd_v2,xgb_5class_smote,758,0,0,1,0.9999973773956299,0.5384615659713745,0.0,0.8135504126548767
nsl_kdd_v2,xgb_5class_smote,759,1,1,1,0.9999973773956299,0.5384615659713745,0.0,0.8135504126548767
nsl_kdd_v2,xgb_5class_smote,760,3,0,0,0.9999973773956299,0.5384615659713745,0.0,0.8135504126548767
nsl_kdd_v2,xgb_5class_smote,761,0,0,1,0.9999973773956299,0.5384615659713745,0.0,0.8135504126548767
nsl_kdd_v2,xgb_5class_smote,762,0,0,1,0.9999973773956299,0.5384615659713745,0.0,0.8135504126548767
nsl_kdd_v2,xgb_5class_smote,763,3,0,0,0.9999973773956299,0.6666666865348816,0.0,0.8735795617103577
nsl_kdd_v2,xgb_5class_smote,764,0,0,1,0.9999973773956299,0.5384615659713745,0.0,0.8135504126548767
nsl_kdd_v2,xgb_5class_smote,765,3,0,0,0.8508455157279968,0.5384615659713745,0.0,0.7709065675735474
nsl_kdd_v2,xgb_5class_smote,766,2,2,1,0.9999973773956299,0.3333333432674408,0.0,0.6933605670928955
nsl_kdd_v2,xgb_5class_smote,767,0,0,1,0.9999973773956299,0.6666666865348816,0.0,0.8735795617103577
nsl_kdd_v2,xgb_5class_smote,768,0,0,1,0.9999973773956299,0.6666666865348816,0.0,0.8735795617103577
nsl_kdd_v2,xgb_5class_smote,769,2,2,1,0.9999973773956299,0.6666666865348816,0.0,0.8735795617103577
nsl_kdd_v2,xgb_5class_smote,770,1,1,1,0.9999973773956299,0.5384615659713745,0.0,0.8135504126548767
nsl_kdd_v2,xgb_5class_smote,771,0,2,0,0.9999973773956299,0.6666666865348816,0.0,0.8735795617103577
nsl_kdd_v2,xgb_5class_smote,772,1,1,1,0.9999973773956299,0.5384615659713745,0.0,0.8135504126548767
nsl_kdd_v2,xgb_5class_smote,773,1,1,1,0.9999973773956299,0.5384615659713745,0.0,0.8135504126548767
nsl_kdd_v2,xgb_5class_smote,774,3,0,0,0.9999973773956299,0.5384615659713745,0.0,0.8135504126548767
nsl_kdd_v2,xgb_5class_smote,775,3,0,0,0.9999973177909851,0.8181818127632141,0.0,0.935296893119812
nsl_kdd_v2,xgb_5class_smote,776,3,0,0,0.9999972581863403,0.3333333432674408,0.0,0.6933605074882507
nsl_kdd_v2,xgb_5class_smote,777,4,4,1,1.0,0.5384615659713745,1.0,81.3551254272461
nsl_kdd_v2,xgb_5class_smote,778,1,0,0,0.9999973773956299,0.5384615659713745,0.0,0.8135504126548767
nsl_kdd_v2,xgb_5class_smote,779,0,0,1,0.9999973773956299,0.6666666865348816,0.0,0.8735795617103577
nsl_kdd_v2,xgb_5class_smote,780,0,0,1,0.9999973773956299,0.6666666865348816,0.0,0.8735795617103577
nsl_kdd_v2,xgb_5class_smote,781,0,0,1,0.9999973773956299,0.5384615659713745,0.0,0.8135504126548767
nsl_kdd_v2,xgb_5class_smote,782,0,0,1,0.9999973773956299,0.5384615659713745,0.0,0.8135504126548767
nsl_kdd_v2,xgb_5class_smote,783,1,1,1,0.9999973773956299,0.5384615659713745,0.0,0.8135504126548767
nsl_kdd_v2,xgb_5class_smote,784,1,1,1,0.9999973773956299,0.6666666865348816,0.0,0.8735795617103577
nsl_kdd_v2,xgb_5class_smote,785,0,0,1,0.9999973773956299,0.5384615659713745,0.0,0.8135504126548767
nsl_kdd_v2,xgb_5class_smote,786,3,0,0,0.8508457541465759,0.6666666865348816,0.0,0.827789306640625
nsl_kdd_v2,xgb_5class_smote,787,1,0,0,0.5815160274505615,0.6666666865348816,0.0,0.7291609644889832
nsl_kdd_v2,xgb_5class_smote,788,1,1,1,0.9999973773956299,0.4285714328289032,0.0,0.7539466619491577
nsl_kdd_v2,xgb_5class_smote,789,4,0,0,0.9999972581863403,0.4285714328289032,0.0,0.7539466619491577
nsl_kdd_v2,xgb_5class_smote,790,0,0,1,0.9999973773956299,0.5384615659713745,0.0,0.8135504126548767
nsl_kdd_v2,xgb_5class_smote,791,0,0,1,0.9999973773956299,0.5384615659713745,0.0,0.8135504126548767
nsl_kdd_v2,xgb_5class_smote,792,1,1,1,0.9999973773956299,0.5384615659713745,0.0,0.8135504126548767
nsl_kdd_v2,xgb_5class_smote,793,2,1,0,0.9999973773956299,0.5384615659713745,0.0,0.8135504126548767
nsl_kdd_v2,xgb_5class_smote,794,1,1,1,0.5785784125328064,0.6666666865348816,0.0,0.7279310822486877
nsl_kdd_v2,xgb_5class_smote,795,2,2,1,0.5744669437408447,0.5384615659713745,0.0,0.6763007640838623
nsl_kdd_v2,xgb_5class_smote,796,2,2,1,0.5744669437408447,0.5384615659713745,0.0,0.6763007640838623
nsl_kdd_v2,xgb_5class_smote,797,1,1,1,0.9999973773956299,0.5384615659713745,0.0,0.8135504126548767
nsl_kdd_v2,xgb_5class_smote,798,1,1,1,0.9999973773956299,0.5384615659713745,0.0,0.8135504126548767
nsl_kdd_v2,xgb_5class_smote,799,3,0,0,0.8508457541465759,0.8181818127632141,0.0,0.886271595954895
nsl_kdd_v2,xgb_5class_smote,800,2,1,0,0.9999973773956299,0.5384615659713745,0.0,0.8135504126548767
nsl_kdd_v2,xgb_5class_smote,801,2,2,1,0.9999973773956299,0.3333333432674408,0.0,0.6933605670928955
nsl_kdd_v2,xgb_5class_smote,802,0,0,1,0.9999973773956299,0.5384615659713745,0.0,0.8135504126548767
nsl_kdd_v2,xgb_5class_smote,803,0,0,1,0.9999973773956299,0.5384615659713745,0.0,0.8135504126548767
nsl_kdd_v2,xgb_5class_smote,804,1,1,1,0.9999973773956299,0.5384615659713745,0.0,0.8135504126548767
nsl_kdd_v2,xgb_5class_smote,805,3,0,0,0.9999973773956299,0.4285714328289032,0.0,0.7539466619491577
nsl_kdd_v2,xgb_5class_smote,806,3,0,0,0.9999973773956299,0.5384615659713745,0.0,0.8135504126548767
nsl_kdd_v2,xgb_5class_smote,807,2,0,0,0.9355485439300537,0.6666666865348816,0.0,0.8543941974639893
nsl_kdd_v2,xgb_5class_smote,808,3,0,0,0.9999973773956299,0.4285714328289032,0.0,0.7539466619491577
nsl_kdd_v2,xgb_5class_smote,809,4,0,0,0.9999972581863403,0.5384615659713745,0.0,0.8135504126548767
nsl_kdd_v2,xgb_5class_smote,810,0,0,1,0.9999973773956299,0.6666666865348816,0.0,0.8735795617103577
nsl_kdd_v2,xgb_5class_smote,811,4,0,0,0.9999973773956299,0.5384615659713745,0.0,0.8135504126548767
nsl_kdd_v2,xgb_5class_smote,812,2,0,0,0.5957433581352234,0.6666666865348816,0.0,0.7350596785545349
nsl_kdd_v2,xgb_5class_smote,813,0,0,1,0.9999973773956299,0.5384615659713745,0.0,0.8135504126548767
nsl_kdd_v2,xgb_5class_smote,814,1,1,1,0.9999973773956299,0.5384615659713745,0.0,0.8135504126548767
nsl_kdd_v2,xgb_5class_smote,815,1,1,1,0.9999973773956299,0.5384615659713745,0.0,0.8135504126548767
nsl_kdd_v2,xgb_5class_smote,816,1,1,1,0.9999973773956299,0.5384615659713745,0.0,0.8135504126548767
nsl_kdd_v2,xgb_5class_smote,817,2,2,1,0.9999973773956299,0.8181818127632141,0.0,0.935296893119812
nsl_kdd_v2,xgb_5class_smote,818,1,1,1,0.9999973773956299,0.5384615659713745,0.0,0.8135504126548767
nsl_kdd_v2,xgb_5class_smote,819,0,0,1,0.9999973773956299,0.5384615659713745,0.0,0.8135504126548767
nsl_kdd_v2,xgb_5class_smote,820,3,0,0,0.9999973773956299,0.4285714328289032,0.0,0.7539466619491577
nsl_kdd_v2,xgb_5class_smote,821,4,0,0,0.9999973773956299,0.5384615659713745,0.0,0.8135504126548767
nsl_kdd_v2,xgb_5class_smote,822,1,1,1,0.9999973773956299,0.4285714328289032,0.0,0.7539466619491577
nsl_kdd_v2,xgb_5class_smote,823,3,0,0,0.9999973773956299,0.4285714328289032,0.0,0.7539466619491577
nsl_kdd_v2,xgb_5class_smote,824,1,1,1,0.9999973773956299,0.4285714328289032,0.0,0.7539466619491577
nsl_kdd_v2,xgb_5class_smote,825,1,1,1,0.9999973773956299,0.5384615659713745,0.0,0.8135504126548767
nsl_kdd_v2,xgb_5class_smote,826,0,0,1,0.9999973773956299,0.5384615659713745,0.0,0.8135504126548767
nsl_kdd_v2,xgb_5class_smote,827,1,1,1,0.9999973773956299,0.5384615659713745,0.0,0.8135504126548767
nsl_kdd_v2,xgb_5class_smote,828,2,2,1,0.9999973773956299,0.5384615659713745,0.0,0.8135504126548767
nsl_kdd_v2,xgb_5class_smote,829,2,2,1,0.9999973773956299,0.8181818127632141,0.0,0.935296893119812
nsl_kdd_v2,xgb_5class_smote,830,3,0,0,0.9999973773956299,0.5384615659713745,0.0,0.8135504126548767
nsl_kdd_v2,xgb_5class_smote,831,3,3,1,0.9999973773956299,0.3333333432674408,0.9998977184295654,69.33370208740234
nsl_kdd_v2,xgb_5class_smote,832,1,1,1,0.9999973773956299,0.5384615659713745,0.0,0.8135504126548767
nsl_kdd_v2,xgb_5class_smote,833,2,0,0,0.5714272856712341,0.8181818127632141,0.0,0.7761343121528625
nsl_kdd_v2,xgb_5class_smote,834,1,1,1,0.9999973773956299,0.5384615659713745,0.0,0.8135504126548767
nsl_kdd_v2,xgb_5class_smote,835,2,2,1,0.9999973773956299,0.5384615659713745,0.0,0.8135504126548767
nsl_kdd_v2,xgb_5class_smote,836,1,1,1,0.9999973773956299,0.5384615659713745,0.0,0.8135504126548767
nsl_kdd_v2,xgb_5class_smote,837,4,0,0,0.9998142123222351,0.3333333432674408,0.0,0.693318247795105
nsl_kdd_v2,xgb_5class_smote,838,3,0,0,0.9999973773956299,0.5384615659713745,0.0,0.8135504126548767
nsl_kdd_v2,xgb_5class_smote,839,3,0,0,0.9999973773956299,0.5384615659713745,0.0,0.8135504126548767
nsl_kdd_v2,xgb_5class_smote,840,0,0,1,0.9999973773956299,0.5384615659713745,0.0,0.8135504126548767
nsl_kdd_v2,xgb_5class_smote,841,0,0,1,0.9999973773956299,0.6666666865348816,0.0,0.8735795617103577
nsl_kdd_v2,xgb_5class_smote,842,3,0,0,0.9999973773956299,0.6666666865348816,0.0,0.8735795617103577
nsl_kdd_v2,xgb_5class_smote,843,0,0,1,0.9999973773956299,0.6666666865348816,0.0,0.8735795617103577
nsl_kdd_v2,xgb_5class_smote,844,1,1,1,0.9999973773956299,0.5384615659713745,0.0,0.8135504126548767
nsl_kdd_v2,xgb_5class_smote,845,3,0,0,0.9999973773956299,0.4285714328289032,0.0,0.7539466619491577
nsl_kdd_v2,xgb_5class_smote,846,0,0,1,0.9999973773956299,0.4285714328289032,0.0,0.7539466619491577
nsl_kdd_v2,xgb_5class_smote,847,1,1,1,0.9999973773956299,0.4285714328289032,0.0,0.7539466619491577
nsl_kdd_v2,xgb_5class_smote,848,1,1,1,0.9999973773956299,0.5384615659713745,0.0,0.8135504126548767
nsl_kdd_v2,xgb_5class_smote,849,4,0,0,0.9999967813491821,0.4285714328289032,0.0,0.7539464831352234
nsl_kdd_v2,xgb_5class_smote,850,2,0,0,0.8399510979652405,0.6666666865348816,0.0,0.8242409825325012
nsl_kdd_v2,xgb_5class_smote,851,1,0,0,0.9999973773956299,0.5384615659713745,0.0,0.8135504126548767
nsl_kdd_v2,xgb_5class_smote,852,0,0,1,0.9999973773956299,0.6666666865348816,0.0,0.8735795617103577
nsl_kdd_v2,xgb_5class_smote,853,1,1,1,0.9999973773956299,0.6666666865348816,0.0,0.8735795617103577
nsl_kdd_v2,xgb_5class_smote,854,2,0,0,0.5957433581352234,0.5384615659713745,0.0,0.6845490336418152
nsl_kdd_v2,xgb_5class_smote,855,3,0,0,0.9999973773956299,0.5384615659713745,0.0,0.8135504126548767
nsl_kdd_v2,xgb_5class_smote,856,1,1,1,0.9999973773956299,0.5384615659713745,0.0,0.8135504126548767
nsl_kdd_v2,xgb_5class_smote,857,0,0,1,0.9999973773956299,0.6666666865348816,0.0,0.8735795617103577
nsl_kdd_v2,xgb_5class_smote,858,3,0,0,0.8508457541465759,0.4285714328289032,0.0,0.7144271731376648
nsl_kdd_v2,xgb_5class_smote,859,3,0,0,0.9999973773956299,0.4285714328289032,0.0,0.7539466619491577
nsl_kdd_v2,xgb_5class_smote,860,3,0,0,0.9999973773956299,0.5384615659713745,0.0,0.8135504126548767
nsl_kdd_v2,xgb_5class_smote,861,1,0,0,0.6885229349136353,0.6666666865348816,0.0,0.7713929414749146
nsl_kdd_v2,xgb_5class_smote,862,1,0,0,0.9199957251548767,0.5384615659713745,0.0,0.7912495136260986
nsl_kdd_v2,xgb_5class_smote,863,1,0,0,0.5714272856712341,0.6666666865348816,0.0,0.7249196171760559
nsl_kdd_v2,xgb_5class_smote,864,2,2,1,0.9999973773956299,0.4285714328289032,0.0,0.7539466619491577
nsl_kdd_v2,xgb_5class_smote,865,4,0,0,0.9999973773956299,0.4285714328289032,0.0,0.7539466619491577
nsl_kdd_v2,xgb_5class_smote,866,3,0,0,0.9999973773956299,0.5384615659713745,0.0,0.8135504126548767
nsl_kdd_v2,xgb_5class_smote,867,3,0,0,0.9999973773956299,0.6666666865348816,0.0,0.8735795617103577
nsl_kdd_v2,xgb_5class_smote,868,3,0,0,0.9355485439300537,0.5384615659713745,0.0,0.7956833839416504
nsl_kdd_v2,xgb_5class_smote,869,4,0,0,0.9999973773956299,0.4285714328289032,0.0,0.7539466619491577
nsl_kdd_v2,xgb_5class_smote,870,2,2,1,0.9999973773956299,0.6666666865348816,0.0,0.8735795617103577
nsl_kdd_v2,xgb_5class_smote,871,3,0,0,0.9999973773956299,0.5384615659713745,0.0,0.8135504126548767
nsl_kdd_v2,xgb_5class_smote,872,2,2,1,0.9999973773956299,0.8181818127632141,0.0,0.935296893119812
nsl_kdd_v2,xgb_5class_smote,873,2,2,1,0.9999973773956299,0.8181818127632141,0.0,0.935296893119812
nsl_kdd_v2,xgb_5class_smote,874,1,1,1,0.9999973773956299,0.6666666865348816,0.0,0.8735795617103577
nsl_kdd_v2,xgb_5class_smote,875,1,1,1,0.9999973773956299,0.5384615659713745,0.0,0.8135504126548767
nsl_kdd_v2,xgb_5class_smote,876,0,0,1,0.9999973773956299,0.5384615659713745,0.0,0.8135504126548767
nsl_kdd_v2,xgb_5class_smote,877,0,0,1,0.9999973773956299,0.5384615659713745,0.0,0.8135504126548767
nsl_kdd_v2,xgb_5class_smote,878,3,0,0,0.9999973773956299,0.5384615659713745,0.0,0.8135504126548767
nsl_kdd_v2,xgb_5class_smote,879,2,0,0,0.5957433581352234,0.5384615659713745,0.0,0.6845490336418152
nsl_kdd_v2,xgb_5class_smote,880,1,1,1,0.9999973773956299,0.4285714328289032,0.0,0.7539466619491577
nsl_kdd_v2,xgb_5class_smote,881,4,0,0,0.688522219657898,0.8181818127632141,0.0,0.8258906006813049
nsl_kdd_v2,xgb_5class_smote,882,0,0,1,0.9999973773956299,0.5384615659713745,0.0,0.8135504126548767
nsl_kdd_v2,xgb_5class_smote,883,2,2,1,0.9999973773956299,0.5384615659713745,0.0,0.8135504126548767
nsl_kdd_v2,xgb_5class_smote,884,3,0,0,0.9999973773956299,0.5384615659713745,0.0,0.8135504126548767
nsl_kdd_v2,xgb_5class_smote,885,0,0,1,0.9999973773956299,0.6666666865348816,0.0,0.8735795617103577
nsl_kdd_v2,xgb_5class_smote,886,1,0,0,0.9999973177909851,0.6666666865348816,0.0,0.8735795617103577
nsl_kdd_v2,xgb_5class_smote,887,3,0,0,0.9999973773956299,0.5384615659713745,0.0,0.8135504126548767
nsl_kdd_v2,xgb_5class_smote,888,2,2,1,0.9999973773956299,0.6666666865348816,0.0,0.8735795617103577
nsl_kdd_v2,xgb_5class_smote,889,0,0,1,0.9999973773956299,0.4285714328289032,0.0,0.7539466619491577
nsl_kdd_v2,xgb_5class_smote,890,2,2,1,0.9999973773956299,0.6666666865348816,0.0,0.8735795617103577
nsl_kdd_v2,xgb_5class_smote,891,0,0,1,0.9999973773956299,0.5384615659713745,0.0,0.8135504126548767
nsl_kdd_v2,xgb_5class_smote,892,1,1,1,0.9999973773956299,0.5384615659713745,0.0,0.8135504126548767
nsl_kdd_v2,xgb_5class_smote,893,3,0,0,0.9999973177909851,0.6666666865348816,0.0,0.8735795617103577
nsl_kdd_v2,xgb_5class_smote,894,4,0,0,0.9987986087799072,0.5384615659713745,0.0,0.8132252097129822
nsl_kdd_v2,xgb_5class_smote,895,0,0,1,0.9999973773956299,0.5384615659713745,0.0,0.8135504126548767
nsl_kdd_v2,xgb_5class_smote,896,0,0,1,0.9999973773956299,0.4285714328289032,0.0,0.7539466619491577
nsl_kdd_v2,xgb_5class_smote,897,1,1,1,0.9999973773956299,0.4285714328289032,0.0,0.7539466619491577
nsl_kdd_v2,xgb_5class_smote,898,3,0,0,0.9999973773956299,0.5384615659713745,0.0,0.8135504126548767
nsl_kdd_v2,xgb_5class_smote,899,0,0,1,0.9999973773956299,0.5384615659713745,0.0,0.8135504126548767
nsl_kdd_v2,xgb_5class_smote,900,1,1,1,0.9999973773956299,0.5384615659713745,0.0,0.8135504126548767
nsl_kdd_v2,xgb_5class_smote,901,1,0,0,0.9999973773956299,0.6666666865348816,0.0,0.8735795617103577
nsl_kdd_v2,xgb_5class_smote,902,2,2,1,0.9999973773956299,0.8181818127632141,0.0,0.935296893119812
nsl_kdd_v2,xgb_5class_smote,903,0,0,1,0.9999973773956299,0.4285714328289032,0.0,0.7539466619491577
nsl_kdd_v2,xgb_5class_smote,904,1,1,1,0.9999973773956299,0.5384615659713745,0.0,0.8135504126548767
nsl_kdd_v2,xgb_5class_smote,905,2,0,0,0.9999973773956299,0.4285714328289032,0.0,0.7539466619491577
nsl_kdd_v2,xgb_5class_smote,906,1,1,1,0.9999973773956299,0.6666666865348816,0.0,0.8735795617103577
nsl_kdd_v2,xgb_5class_smote,907,1,1,1,0.9999973773956299,0.6666666865348816,0.0,0.8735795617103577
nsl_kdd_v2,xgb_5class_smote,908,2,0,0,0.9355485439300537,0.5384615659713745,0.0,0.7956833839416504
nsl_kdd_v2,xgb_5class_smote,909,2,2,1,0.9999973773956299,0.5384615659713745,0.0,0.8135504126548767
nsl_kdd_v2,xgb_5class_smote,910,2,2,1,0.9999973773956299,0.5384615659713745,0.0,0.8135504126548767
nsl_kdd_v2,xgb_5class_smote,911,4,0,0,0.6547515392303467,0.4285714328289032,0.0,0.6546862125396729
nsl_kdd_v2,xgb_5class_smote,912,1,1,1,0.9999971389770508,0.6666666865348816,0.0,0.8735795617103577
nsl_kdd_v2,xgb_5class_smote,913,1,1,1,0.9999973773956299,0.5384615659713745,0.0,0.8135504126548767
nsl_kdd_v2,xgb_5class_smote,914,0,0,1,0.9999973773956299,0.6666666865348816,0.0,0.8735795617103577
nsl_kdd_v2,xgb_5class_smote,915,2,2,1,0.9999973773956299,0.8181818127632141,0.0,0.935296893119812
nsl_kdd_v2,xgb_5class_smote,916,4,0,0,0.9218075275421143,0.5384615659713745,0.0,0.7917685508728027
nsl_kdd_v2,xgb_5class_smote,917,0,0,1,0.9999973773956299,0.6666666865348816,0.0,0.8735795617103577
nsl_kdd_v2,xgb_5class_smote,918,0,0,1,0.9999973773956299,0.4285714328289032,0.0,0.7539466619491577
nsl_kdd_v2,xgb_5class_smote,919,1,1,1,0.9999973773956299,0.4285714328289032,0.0,0.7539466619491577
nsl_kdd_v2,xgb_5class_smote,920,3,0,0,0.9999973773956299,0.6666666865348816,0.0,0.8735795617103577
nsl_kdd_v2,xgb_5class_smote,921,1,1,1,0.9374976754188538,0.5384615659713745,0.0,0.7962355613708496
nsl_kdd_v2,xgb_5class_smote,922,1,1,1,0.9999973773956299,0.6666666865348816,0.0,0.8735795617103577
nsl_kdd_v2,xgb_5class_smote,923,3,0,0,0.9999973177909851,0.25,0.0,0.6299598813056946
nsl_kdd_v2,xgb_5class_smote,924,3,3,1,0.9999973773956299,0.5384615659713745,0.9998977184295654,81.3522720336914
nsl_kdd_v2,xgb_5class_smote,925,1,2,0,0.5744669437408447,0.8181818127632141,0.0,0.777508020401001
nsl_kdd_v2,xgb_5class_smote,926,3,0,0,0.9999973773956299,0.6666666865348816,0.0,0.8735795617103577
nsl_kdd_v2,xgb_5class_smote,927,3,3,1,0.9999973773956299,0.5384615659713745,0.9998977184295654,81.3522720336914
nsl_kdd_v2,xgb_5class_smote,928,1,1,1,0.9999973773956299,0.5384615659713745,0.0,0.8135504126548767
nsl_kdd_v2,xgb_5class_smote,929,3,0,0,0.9999973773956299,0.5384615659713745,0.0,0.8135504126548767
nsl_kdd_v2,xgb_5class_smote,930,1,1,1,0.9999973773956299,0.5384615659713745,0.0,0.8135504126548767
nsl_kdd_v2,xgb_5class_smote,931,0,0,1,0.7836952209472656,0.5384615659713745,0.0,0.7500678896903992
nsl_kdd_v2,xgb_5class_smote,932,2,2,1,0.9999973773956299,0.4285714328289032,0.0,0.7539466619491577
nsl_kdd_v2,xgb_5class_smote,933,1,2,0,0.5744669437408447,0.6666666865348816,0.0,0.726202666759491
nsl_kdd_v2,xgb_5class_smote,934,0,0,1,0.9999973773956299,0.5384615659713745,0.0,0.8135504126548767
nsl_kdd_v2,xgb_5class_smote,935,2,2,1,0.9999973773956299,0.4285714328289032,0.0,0.7539466619491577
nsl_kdd_v2,xgb_5class_smote,936,4,0,0,0.6039291024208069,0.5384615659713745,0.0,0.687670111656189
nsl_kdd_v2,xgb_5class_smote,937,4,0,0,0.9632830023765564,0.3333333432674408,0.0,0.6847690939903259
nsl_kdd_v2,xgb_5class_smote,938,3,0,0,0.9999973773956299,0.5384615659713745,0.0,0.8135504126548767
nsl_kdd_v2,xgb_5class_smote,939,0,0,1,0.9999973773956299,0.6666666865348816,0.0,0.8735795617103577
nsl_kdd_v2,xgb_5class_smote,940,1,1,1,0.9999973773956299,0.5384615659713745,0.0,0.8135504126548767
nsl_kdd_v2,xgb_5class_smote,941,2,0,0,0.5939677953720093,0.5384615659713745,0.0,0.6838682889938354
nsl_kdd_v2,xgb_5class_smote,942,3,0,0,0.9999973773956299,0.5384615659713745,0.0,0.8135504126548767
nsl_kdd_v2,xgb_5class_smote,943,0,0,1,0.9999973773956299,0.5384615659713745,0.0,0.8135504126548767
nsl_kdd_v2,xgb_5class_smote,944,1,1,1,0.9999973773956299,0.5384615659713745,0.0,0.8135504126548767
nsl_kdd_v2,xgb_5class_smote,945,3,0,0,0.9142824411392212,0.6666666865348816,0.0,0.8478707671165466
nsl_kdd_v2,xgb_5class_smote,946,3,0,0,0.9999973773956299,0.5384615659713745,0.0,0.8135504126548767
nsl_kdd_v2,xgb_5class_smote,947,1,1,1,0.9999973773956299,0.5384615659713745,0.0,0.8135504126548767
nsl_kdd_v2,xgb_5class_smote,948,0,0,1,0.9999973773956299,0.5384615659713745,0.0,0.8135504126548767
nsl_kdd_v2,xgb_5class_smote,949,0,0,1,0.9999973773956299,0.6666666865348816,0.0,0.8735795617103577
nsl_kdd_v2,xgb_5class_smote,950,3,0,0,0.9999973773956299,0.4285714328289032,0.0,0.7539466619491577
nsl_kdd_v2,xgb_5class_smote,951,1,1,1,0.9999973773956299,0.3333333432674408,0.0,0.6933605670928955
nsl_kdd_v2,xgb_5class_smote,952,2,2,1,0.9999973773956299,0.5384615659713745,0.0,0.8135504126548767
nsl_kdd_v2,xgb_5class_smote,953,0,0,1,0.9999973773956299,0.5384615659713745,0.0,0.8135504126548767
nsl_kdd_v2,xgb_5class_smote,954,1,2,0,0.9999973773956299,0.6666666865348816,0.0,0.8735795617103577
nsl_kdd_v2,xgb_5class_smote,955,3,0,0,0.9170199632644653,0.3333333432674408,0.0,0.6736264228820801
nsl_kdd_v2,xgb_5class_smote,956,1,1,1,0.9999973773956299,0.4285714328289032,0.0,0.7539466619491577
nsl_kdd_v2,xgb_5class_smote,957,1,0,0,0.6214815974235535,0.6666666865348816,0.0,0.7454964518547058
nsl_kdd_v2,xgb_5class_smote,958,3,0,0,0.9999973773956299,0.5384615659713745,0.0,0.8135504126548767
nsl_kdd_v2,xgb_5class_smote,959,1,1,1,0.9999973773956299,0.5384615659713745,0.0,0.8135504126548767
nsl_kdd_v2,xgb_5class_smote,960,0,2,0,0.9999973773956299,0.5384615659713745,0.0,0.8135504126548767
nsl_kdd_v2,xgb_5class_smote,961,2,2,1,0.9999973773956299,0.6666666865348816,0.0,0.8735795617103577
nsl_kdd_v2,xgb_5class_smote,962,1,1,1,0.9999973773956299,0.5384615659713745,0.0,0.8135504126548767
nsl_kdd_v2,xgb_5class_smote,963,1,1,1,0.9999973773956299,0.6666666865348816,0.0,0.8735795617103577
nsl_kdd_v2,xgb_5class_smote,964,0,0,1,0.9999973773956299,0.5384615659713745,0.0,0.8135504126548767
nsl_kdd_v2,xgb_5class_smote,965,1,1,1,0.9999973773956299,0.5384615659713745,0.0,0.8135504126548767
nsl_kdd_v2,xgb_5class_smote,966,3,0,0,0.9999973773956299,0.4285714328289032,0.0,0.7539466619491577
nsl_kdd_v2,xgb_5class_smote,967,1,1,1,0.9999973773956299,0.5384615659713745,0.0,0.8135504126548767
nsl_kdd_v2,xgb_5class_smote,968,3,3,1,0.9999972581863403,0.5384615659713745,0.999893069267273,81.35214233398438
nsl_kdd_v2,xgb_5class_smote,969,4,3,0,0.9999972581863403,0.25,0.999893069267273,62.99374771118164
nsl_kdd_v2,xgb_5class_smote,970,3,0,0,0.9393321871757507,0.5384615659713745,0.0,0.7967545390129089
nsl_kdd_v2,xgb_5class_smote,971,3,3,1,0.9999973773956299,0.5384615659713745,0.9998977184295654,81.3522720336914
nsl_kdd_v2,xgb_5class_smote,972,3,0,0,0.9999973773956299,0.3333333432674408,0.0,0.6933605670928955
nsl_kdd_v2,xgb_5class_smote,973,0,0,1,0.9999973773956299,0.5384615659713745,0.0,0.8135504126548767
nsl_kdd_v2,xgb_5class_smote,974,0,0,1,0.9999973773956299,0.6666666865348816,0.0,0.8735795617103577
nsl_kdd_v2,xgb_5class_smote,975,2,2,1,0.9999973773956299,0.8181818127632141,0.0,0.935296893119812
nsl_kdd_v2,xgb_5class_smote,976,2,2,1,0.9999973773956299,0.4285714328289032,0.0,0.7539466619491577
nsl_kdd_v2,xgb_5class_smote,977,4,4,1,1.0,0.4285714328289032,1.0,75.39474487304688
nsl_kdd_v2,xgb_5class_smote,978,2,2,1,0.9999973773956299,0.6666666865348816,0.0,0.8735795617103577
nsl_kdd_v2,xgb_5class_smote,979,3,0,0,0.9999973773956299,0.5384615659713745,0.0,0.8135504126548767
nsl_kdd_v2,xgb_5class_smote,980,0,0,1,0.9999973773956299,0.6666666865348816,0.0,0.8735795617103577
nsl_kdd_v2,xgb_5class_smote,981,0,0,1,0.9999973773956299,0.4285714328289032,0.0,0.7539466619491577
nsl_kdd_v2,xgb_5class_smote,982,2,0,0,0.712104320526123,0.6666666865348816,0.0,0.7801008224487305
nsl_kdd_v2,xgb_5class_smote,983,2,2,1,0.9999973773956299,0.6666666865348816,0.0,0.8735795617103577
nsl_kdd_v2,xgb_5class_smote,984,0,0,1,0.9999973773956299,0.5384615659713745,0.0,0.8135504126548767
nsl_kdd_v2,xgb_5class_smote,985,1,1,1,0.9999973773956299,0.5384615659713745,0.0,0.8135504126548767
nsl_kdd_v2,xgb_5class_smote,986,2,2,1,0.9999973773956299,0.6666666865348816,0.0,0.8735795617103577
nsl_kdd_v2,xgb_5class_smote,987,3,0,0,0.9999973773956299,0.4285714328289032,0.0,0.7539466619491577
nsl_kdd_v2,xgb_5class_smote,988,3,0,0,0.9999973773956299,0.5384615659713745,0.0,0.8135504126548767
nsl_kdd_v2,xgb_5class_smote,989,1,1,1,0.9999973773956299,0.6666666865348816,0.0,0.8735795617103577
nsl_kdd_v2,xgb_5class_smote,990,3,0,0,0.9393321871757507,0.6666666865348816,0.0,0.8555445075035095
nsl_kdd_v2,xgb_5class_smote,991,2,0,0,0.6885229349136353,0.6666666865348816,0.0,0.7713929414749146
nsl_kdd_v2,xgb_5class_smote,992,3,0,0,0.9218076467514038,0.8181818127632141,0.0,0.910255491733551
nsl_kdd_v2,xgb_5class_smote,993,0,0,1,0.9999973773956299,0.6666666865348816,0.0,0.8735795617103577
nsl_kdd_v2,xgb_5class_smote,994,0,0,1,0.9999973773956299,0.5384615659713745,0.0,0.8135504126548767
nsl_kdd_v2,xgb_5class_smote,995,1,1,1,0.9999973773956299,0.6666666865348816,0.0,0.8735795617103577
nsl_kdd_v2,xgb_5class_smote,996,1,1,1,0.9999973773956299,0.5384615659713745,0.0,0.8135504126548767
nsl_kdd_v2,xgb_5class_smote,997,2,2,1,0.9999973773956299,0.4285714328289032,0.0,0.7539466619491577
nsl_kdd_v2,xgb_5class_smote,998,4,0,0,0.9999973773956299,0.5384615659713745,0.0,0.8135504126548767
nsl_kdd_v2,xgb_5class_smote,999,0,0,1,0.9999973773956299,0.5384615659713745,0.0,0.8135504126548767
nsl_kdd_v2,dnn_5class_smote,0,0,0,1,0.9998958110809326,0.5384615659713745,0.003988604061305523,12.901595115661621
nsl_kdd_v2,dnn_5class_smote,1,4,0,0,0.6579622626304626,0.4285714328289032,0.0,0.6557546257972717
nsl_kdd_v2,dnn_5class_smote,2,3,0,0,0.9998958110809326,0.4285714328289032,0.003988604061305523,11.956377029418945
nsl_kdd_v2,dnn_5class_smote,3,3,0,0,0.9998958110809326,0.3333333432674408,0.003988604061305523,10.995579719543457
nsl_kdd_v2,dnn_5class_smote,4,0,0,1,0.9998958110809326,0.5384615659713745,0.003988604061305523,12.901595115661621
nsl_kdd_v2,dnn_5class_smote,5,2,0,0,0.984865128993988,0.4285714328289032,0.0,0.7501243352890015
nsl_kdd_v2,dnn_5class_smote,6,4,0,0,0.9846766591072083,0.5384615659713745,0.0,0.8093742728233337
nsl_kdd_v2,dnn_5class_smote,7,3,0,0,0.9998958110809326,0.5384615659713745,0.003988604061305523,12.901595115661621
nsl_kdd_v2,dnn_5class_smote,8,1,1,1,0.9998959302902222,0.4285714328289032,0.0,0.7539211511611938
nsl_kdd_v2,dnn_5class_smote,9,0,0,1,0.9998958110809326,0.5384615659713745,0.003988604061305523,12.901595115661621
nsl_kdd_v2,dnn_5class_smote,10,2,2,1,0.9916531443595886,0.3333333432674408,0.00025700885453261435,4.396045684814453
nsl_kdd_v2,dnn_5class_smote,11,2,2,1,0.9999511241912842,0.5384615659713745,0.994145929813385,81.19473266601562
nsl_kdd_v2,dnn_5class_smote,12,0,0,1,0.9998958110809326,0.3333333432674408,0.003988604061305523,10.995579719543457
nsl_kdd_v2,dnn_5class_smote,13,1,0,0,0.9998955726623535,0.3333333432674408,0.0017094017239287496,8.290088653564453
nsl_kdd_v2,dnn_5class_smote,14,3,0,0,0.9998958110809326,0.4285714328289032,0.003988604061305523,11.956377029418945
nsl_kdd_v2,dnn_5class_smote,15,0,2,0,0.9999511241912842,0.4285714328289032,0.994145929813385,75.24610900878906
nsl_kdd_v2,dnn_5class_smote,16,0,0,1,0.9998958110809326,0.6666666865348816,0.003988604061305523,13.853561401367188
nsl_kdd_v2,dnn_5class_smote,17,3,0,0,0.9998958110809326,0.4285714328289032,0.003988604061305523,11.956377029418945
nsl_kdd_v2,dnn_5class_smote,18,0,0,1,0.9998958110809326,0.6666666865348816,0.003988604061305523,13.853561401367188
nsl_kdd_v2,dnn_5class_smote,19,0,0,1,0.9998958110809326,0.5384615659713745,0.003988604061305523,12.901595115661621
nsl_kdd_v2,dnn_5class_smote,20,0,0,1,0.9998958110809326,0.25,0.003988604061305523,9.99014663696289
nsl_kdd_v2,dnn_5class_smote,21,3,4,0,0.8453957438468933,0.6666666865348816,0.0,0.8260180950164795
nsl_kdd_v2,dnn_5class_smote,22,0,0,1,0.9998958110809326,0.4285714328289032,0.003988604061305523,11.956377029418945
nsl_kdd_v2,dnn_5class_smote,23,1,1,1,0.9915988445281982,0.6666666865348816,0.0,0.8711271286010742
nsl_kdd_v2,dnn_5class_smote,24,0,0,1,0.6093655824661255,0.8181818127632141,0.0,0.792944073677063
nsl_kdd_v2,dnn_5class_smote,25,2,2,1,0.9999511241912842,0.5384615659713745,0.994145929813385,81.19473266601562
nsl_kdd_v2,dnn_5class_smote,26,0,0,1,0.6093656420707703,0.8181818127632141,0.0,0.792944073677063
nsl_kdd_v2,dnn_5class_smote,27,4,4,1,0.8464952707290649,0.5384615659713745,0.0,0.7695904970169067
nsl_kdd_v2,dnn_5class_smote,28,3,0,0,0.9998958110809326,0.3333333432674408,0.003988604061305523,10.995579719543457
nsl_kdd_v2,dnn_5class_smote,29,1,1,1,0.9998959302902222,0.5384615659713745,0.0,0.8135228157043457
nsl_kdd_v2,dnn_5class_smote,30,1,1,1,0.9915988445281982,0.3333333432674408,0.0,0.6914140582084656
nsl_kdd_v2,dnn_5class_smote,31,4,0,0,0.889766275882721,0.6666666865348816,0.0,0.8402235507965088
nsl_kdd_v2,dnn_5class_smote,32,2,0,0,0.5302205085754395,0.6666666865348816,0.0,0.7070579528808594
nsl_kdd_v2,dnn_5class_smote,33,2,2,1,0.9999511241912842,0.6666666865348816,0.994145929813385,87.18582153320312
nsl_kdd_v2,dnn_5class_smote,34,1,1,1,0.9998959302902222,0.6666666865348816,0.0,0.8735500574111938
nsl_kdd_v2,dnn_5class_smote,35,3,0,0,0.9998958110809326,0.4285714328289032,0.003988604061305523,11.956377029418945
nsl_kdd_v2,dnn_5class_smote,36,1,1,1,0.9998959302902222,0.4285714328289032,0.0,0.7539211511611938
nsl_kdd_v2,dnn_5class_smote,37,1,1,1,0.9998959302902222,0.3333333432674408,0.0,0.693337082862854
nsl_kdd_v2,dnn_5class_smote,38,1,1,1,0.9090048670768738,0.6666666865348816,0.0,0.8462362289428711
nsl_kdd_v2,dnn_5class_smote,39,2,2,1,0.9999511241912842,0.6666666865348816,0.994145929813385,87.18582153320312
nsl_kdd_v2,dnn_5class_smote,40,0,0,1,0.9998956918716431,0.6666666865348816,0.0028490028344094753,12.383747100830078
nsl_kdd_v2,dnn_5class_smote,41,3,0,0,0.9998958110809326,0.1764705926179886,0.003988604061305523,8.895068168640137
nsl_kdd_v2,dnn_5class_smote,42,1,1,1,0.9998959302902222,0.5384615659713745,0.0,0.8135228157043457
nsl_kdd_v2,dnn_5class_smote,43,2,0,0,0.9998958110809326,0.5384615659713745,0.003988604061305523,12.901595115661621
nsl_kdd_v2,dnn_5class_smote,44,2,0,0,0.7043617367744446,0.6666666865348816,0.0,0.7772631645202637
nsl_kdd_v2,dnn_5class_smote,45,3,0,0,0.9998958110809326,0.25,0.003988604061305523,9.99014663696289
nsl_kdd_v2,dnn_5class_smote,46,1,1,1,0.9998959302902222,0.4285714328289032,0.0,0.7539211511611938
nsl_kdd_v2,dnn_5class_smote,47,1,1,1,0.9998959302902222,0.5384615659713745,0.0,0.8135228157043457
nsl_kdd_v2,dnn_5class_smote,48,0,0,1,0.9998958110809326,0.4285714328289032,0.003988604061305523,11.956377029418945
nsl_kdd_v2,dnn_5class_smote,49,3,3,1,0.6817617416381836,0.5384615659713745,0.6590328216552734,62.311012268066406
nsl_kdd_v2,dnn_5class_smote,50,2,2,1,0.9999511241912842,0.5384615659713745,0.994145929813385,81.19473266601562
nsl_kdd_v2,dnn_5class_smote,51,2,3,0,0.9090048670768738,0.5384615659713745,0.9025058746337891,76.159423828125
nsl_kdd_v2,dnn_5class_smote,52,3,0,0,0.9998958110809326,0.3333333432674408,0.003988604061305523,10.995579719543457
nsl_kdd_v2,dnn_5class_smote,53,1,1,1,0.9998959302902222,0.6666666865348816,0.0,0.8735500574111938
nsl_kdd_v2,dnn_5class_smote,54,2,2,1,0.9999511241912842,0.5384615659713745,0.994145929813385,81.19473266601562
nsl_kdd_v2,dnn_5class_smote,55,3,0,0,0.9998958110809326,0.3333333432674408,0.003988604061305523,10.995579719543457
nsl_kdd_v2,dnn_5class_smote,56,1,1,1,0.9998959302902222,0.5384615659713745,0.0,0.8135228157043457
nsl_kdd_v2,dnn_5class_smote,57,0,0,1,0.9998958110809326,0.5384615659713745,0.003988604061305523,12.901595115661621
nsl_kdd_v2,dnn_5class_smote,58,2,0,0,0.5184941291809082,0.3333333432674408,0.0,0.5570243000984192
nsl_kdd_v2,dnn_5class_smote,59,3,0,0,0.9538972973823547,0.3333333432674408,0.0,0.6825377941131592
nsl_kdd_v2,dnn_5class_smote,60,0,0,1,0.9998958110809326,0.3333333432674408,0.003988604061305523,10.995579719543457
nsl_kdd_v2,dnn_5class_smote,61,3,3,1,0.9332426190376282,0.4285714328289032,0.9284747242927551,71.87799072265625
nsl_kdd_v2,dnn_5class_smote,62,0,0,1,0.9998958110809326,0.5384615659713745,0.003988604061305523,12.901595115661621
nsl_kdd_v2,dnn_5class_smote,63,0,0,1,0.9998958110809326,0.3333333432674408,0.003988604061305523,10.995579719543457
nsl_kdd_v2,dnn_5class_smote,64,2,1,0,0.9915988445281982,0.6666666865348816,0.0,0.8711271286010742
nsl_kdd_v2,dnn_5class_smote,65,0,0,1,0.9998958110809326,0.5384615659713745,0.003988604061305523,12.901595115661621
nsl_kdd_v2,dnn_5class_smote,66,0,0,1,0.9998958110809326,0.5384615659713745,0.003988604061305523,12.901595115661621
nsl_kdd_v2,dnn_5class_smote,67,1,1,1,0.5943496227264404,0.6666666865348816,0.0,0.7344859838485718
nsl_kdd_v2,dnn_5class_smote,68,0,0,1,0.9998958110809326,0.4285714328289032,0.003988604061305523,11.956377029418945
nsl_kdd_v2,dnn_5class_smote,69,0,0,1,0.9998958110809326,0.5384615659713745,0.003988604061305523,12.901595115661621
nsl_kdd_v2,dnn_5class_smote,70,0,0,1,0.9998958110809326,0.6666666865348816,0.003988604061305523,13.853561401367188
nsl_kdd_v2,dnn_5class_smote,71,2,2,1,0.9999511241912842,0.6666666865348816,0.994145929813385,87.18582153320312
nsl_kdd_v2,dnn_5class_smote,72,0,0,1,0.9998958110809326,0.6666666865348816,0.003988604061305523,13.853561401367188
nsl_kdd_v2,dnn_5class_smote,73,1,1,1,0.9998959302902222,0.4285714328289032,0.0,0.7539211511611938
nsl_kdd_v2,dnn_5class_smote,74,3,0,0,0.9770640730857849,0.5384615659713745,0.0,0.8072830438613892
nsl_kdd_v2,dnn_5class_smote,75,4,4,1,0.9763779044151306,0.3333333432674408,0.0,0.6878580451011658
nsl_kdd_v2,dnn_5class_smote,76,3,0,0,0.9998958110809326,0.5384615659713745,0.003988604061305523,12.901595115661621
nsl_kdd_v2,dnn_5class_smote,77,2,0,0,0.9935826659202576,0.5384615659713745,0.0,0.8118070363998413
nsl_kdd_v2,dnn_5class_smote,78,0,0,1,0.9998958110809326,0.4285714328289032,0.003988604061305523,11.956377029418945
nsl_kdd_v2,dnn_5class_smote,79,0,0,1,0.9998958110809326,0.6666666865348816,0.003988604061305523,13.853561401367188
nsl_kdd_v2,dnn_5class_smote,80,1,1,1,0.9998959302902222,0.5384615659713745,0.0,0.8135228157043457
nsl_kdd_v2,dnn_5class_smote,81,2,2,1,0.9999511241912842,0.4285714328289032,0.994145929813385,75.24610900878906
nsl_kdd_v2,dnn_5class_smote,82,1,1,1,0.9998959302902222,0.6666666865348816,0.0,0.8735500574111938
nsl_kdd_v2,dnn_5class_smote,83,4,4,1,0.9763039350509644,0.4285714328289032,0.0,0.7479444742202759
nsl_kdd_v2,dnn_5class_smote,84,0,2,0,0.9274901747703552,0.6666666865348816,0.0,0.851934015750885
nsl_kdd_v2,dnn_5class_smote,85,1,1,1,0.9998959302902222,0.4285714328289032,0.0,0.7539211511611938
nsl_kdd_v2,dnn_5class_smote,86,0,0,1,0.9998958110809326,0.5384615659713745,0.003988604061305523,12.901595115661621
nsl_kdd_v2,dnn_5class_smote,87,1,0,0,0.7858598828315735,0.6666666865348816,0.0,0.8061537742614746
nsl_kdd_v2,dnn_5class_smote,88,0,0,1,0.9998958110809326,0.6666666865348816,0.003988604061305523,13.853561401367188
nsl_kdd_v2,dnn_5class_smote,89,1,1,1,0.9998959302902222,0.4285714328289032,0.0,0.7539211511611938
nsl_kdd_v2,dnn_5class_smote,90,0,2,0,0.9999511241912842,0.3333333432674408,0.994145929813385,69.1994400024414
nsl_kdd_v2,dnn_5class_smote,91,1,1,1,0.9998959302902222,0.3333333432674408,0.0,0.693337082862854
nsl_kdd_v2,dnn_5class_smote,92,0,0,1,0.9998958110809326,0.6666666865348816,0.003988604061305523,13.853561401367188
nsl_kdd_v2,dnn_5class_smote,93,1,1,1,0.9998959302902222,0.5384615659713745,0.0,0.8135228157043457
nsl_kdd_v2,dnn_5class_smote,94,4,4,1,0.9763595461845398,0.5384615659713745,0.0,0.8070889711380005
nsl_kdd_v2,dnn_5class_smote,95,4,0,0,0.9998952150344849,0.4285714328289032,0.0,0.7539209723472595
nsl_kdd_v2,dnn_5class_smote,96,1,1,1,0.9998959302902222,0.5384615659713745,0.0,0.8135228157043457
nsl_kdd_v2,dnn_5class_smote,97,0,0,1,0.9998958110809326,0.5384615659713745,0.003988604061305523,12.901595115661621
nsl_kdd_v2,dnn_5class_smote,98,0,0,1,0.9998958110809326,0.6666666865348816,0.003988604061305523,13.853561401367188
nsl_kdd_v2,dnn_5class_smote,99,1,1,1,0.9998959302902222,0.5384615659713745,0.0,0.8135228157043457
nsl_kdd_v2,dnn_5class_smote,100,3,0,0,0.8569304347038269,0.6666666865348816,0.0,0.8297578692436218
nsl_kdd_v2,dnn_5class_smote,101,2,1,0,0.9410842657089233,0.4285714328289032,0.0,0.7388401627540588
nsl_kdd_v2,dnn_5class_smote,102,2,0,0,0.9935826659202576,0.8181818127632141,0.0,0.9332926869392395
nsl_kdd_v2,dnn_5class_smote,103,3,0,0,0.9998958110809326,0.6666666865348816,0.003988604061305523,13.853561401367188
nsl_kdd_v2,dnn_5class_smote,104,0,0,1,0.9998958110809326,0.4285714328289032,0.003988604061305523,11.956377029418945
nsl_kdd_v2,dnn_5class_smote,105,3,0,0,0.9998955726623535,0.4285714328289032,0.0017094017239287496,9.01447868347168
nsl_kdd_v2,dnn_5class_smote,106,1,1,1,0.9998959302902222,0.6666666865348816,0.0,0.8735500574111938
nsl_kdd_v2,dnn_5class_smote,107,2,0,0,0.6413841247558594,0.5384615659713745,0.0,0.7016021013259888
nsl_kdd_v2,dnn_5class_smote,108,2,0,0,0.9910673499107361,0.5384615659713745,0.0,0.81112140417099
nsl_kdd_v2,dnn_5class_smote,109,4,0,0,0.9998955726623535,0.5384615659713745,0.0017094017239287496,9.72712516784668
nsl_kdd_v2,dnn_5class_smote,110,4,0,0,0.9998958110809326,0.4285714328289032,0.003988604061305523,11.956377029418945
nsl_kdd_v2,dnn_5class_smote,111,0,0,1,0.9998958110809326,0.5384615659713745,0.003988604061305523,12.901595115661621
nsl_kdd_v2,dnn_5class_smote,112,3,0,0,0.9998958110809326,0.3333333432674408,0.003988604061305523,10.995579719543457
nsl_kdd_v2,dnn_5class_smote,113,0,0,1,0.9998958110809326,0.25,0.003988604061305523,9.99014663696289
nsl_kdd_v2,dnn_5class_smote,114,2,0,0,0.9998958110809326,0.3333333432674408,0.003988604061305523,10.995579719543457
nsl_kdd_v2,dnn_5class_smote,115,0,0,1,0.9998955726623535,0.5384615659713745,0.0017094017239287496,9.72712516784668
nsl_kdd_v2,dnn_5class_smote,116,2,0,0,0.9935826659202576,0.5384615659713745,0.0,0.8118070363998413
nsl_kdd_v2,dnn_5class_smote,117,3,0,0,0.9998953938484192,0.5384615659713745,0.0,0.8135227560997009
nsl_kdd_v2,dnn_5class_smote,118,3,0,0,0.9998958110809326,0.5384615659713745,0.003988604061305523,12.901595115661621
nsl_kdd_v2,dnn_5class_smote,119,2,0,0,0.5391061902046204,0.3333333432674408,0.0,0.56430983543396
nsl_kdd_v2,dnn_5class_smote,120,1,1,1,0.9998959302902222,0.3333333432674408,0.0,0.693337082862854
nsl_kdd_v2,dnn_5class_smote,121,3,0,0,0.9998958110809326,0.5384615659713745,0.003988604061305523,12.901595115661621
nsl_kdd_v2,dnn_5class_smote,122,3,0,0,0.9998955726623535,0.6666666865348816,0.0017094017239287496,10.444856643676758
nsl_kdd_v2,dnn_5class_smote,123,1,1,1,0.9998959302902222,0.4285714328289032,0.0,0.7539211511611938
nsl_kdd_v2,dnn_5class_smote,124,2,1,0,0.663408100605011,0.5384615659713745,0.0,0.7095425128936768
nsl_kdd_v2,dnn_5class_smote,125,1,1,1,0.9998959302902222,0.6666666865348816,0.0,0.8735500574111938
nsl_kdd_v2,dnn_5class_smote,126,1,1,1,0.9998959302902222,0.6666666865348816,0.0,0.8735500574111938
nsl_kdd_v2,dnn_5class_smote,127,0,0,1,0.9998958110809326,0.4285714328289032,0.003988604061305523,11.956377029418945
nsl_kdd_v2,dnn_5class_smote,128,0,0,1,0.9998958110809326,0.4285714328289032,0.003988604061305523,11.956377029418945
nsl_kdd_v2,dnn_5class_smote,129,1,1,1,0.9915988445281982,0.5384615659713745,0.0,0.8112664222717285
nsl_kdd_v2,dnn_5class_smote,130,0,0,1,0.9998958110809326,0.5384615659713745,0.003988604061305523,12.901595115661621
nsl_kdd_v2,dnn_5class_smote,131,1,1,1,0.9955678582191467,0.3333333432674408,0.0,0.692335307598114
nsl_kdd_v2,dnn_5class_smote,132,1,1,1,0.9998959302902222,0.5384615659713745,0.0,0.8135228157043457
nsl_kdd_v2,dnn_5class_smote,133,1,1,1,0.9998959302902222,0.5384615659713745,0.0,0.8135228157043457
nsl_kdd_v2,dnn_5class_smote,134,2,2,1,0.9999511241912842,0.4285714328289032,0.994145929813385,75.24610900878906
nsl_kdd_v2,dnn_5class_smote,135,0,0,1,0.9998958110809326,0.5384615659713745,0.003988604061305523,12.901595115661621
nsl_kdd_v2,dnn_5class_smote,136,4,0,0,0.7290638089179993,0.4285714328289032,0.0,0.6785723567008972
nsl_kdd_v2,dnn_5class_smote,137,4,0,0,0.7290638089179993,0.5384615659713745,0.0,0.7322173714637756
nsl_kdd_v2,dnn_5class_smote,138,3,4,0,0.8456222414970398,0.6666666865348816,0.0,0.8260917663574219
nsl_kdd_v2,dnn_5class_smote,139,3,0,0,0.9998958110809326,0.3333333432674408,0.003988604061305523,10.995579719543457
nsl_kdd_v2,dnn_5class_smote,140,2,2,1,0.9999511241912842,0.3333333432674408,0.994145929813385,69.1994400024414
nsl_kdd_v2,dnn_5class_smote,141,2,2,1,0.991523802280426,0.5384615659713745,0.0,0.8112459182739258
nsl_kdd_v2,dnn_5class_smote,142,3,0,0,0.9998958110809326,0.4285714328289032,0.003988604061305523,11.956377029418945
nsl_kdd_v2,dnn_5class_smote,143,1,1,1,0.9998959302902222,0.5384615659713745,0.0,0.8135228157043457
nsl_kdd_v2,dnn_5class_smote,144,2,0,0,0.5435255765914917,0.6666666865348816,0.0,0.7129234075546265
nsl_kdd_v2,dnn_5class_smote,145,2,0,0,0.9998955726623535,0.4285714328289032,0.0017094017239287496,9.01447868347168
nsl_kdd_v2,dnn_5class_smote,146,0,0,1,0.9998958110809326,0.5384615659713745,0.003988604061305523,12.901595115661621
nsl_kdd_v2,dnn_5class_smote,147,1,1,1,0.9998959302902222,0.4285714328289032,0.0,0.7539211511611938
nsl_kdd_v2,dnn_5class_smote,148,0,0,1,0.9998958110809326,0.5384615659713745,0.003988604061305523,12.901595115661621
nsl_kdd_v2,dnn_5class_smote,149,2,2,1,0.9999511241912842,0.5384615659713745,0.994145929813385,81.19473266601562
nsl_kdd_v2,dnn_5class_smote,150,3,4,0,0.8265374302864075,0.5384615659713745,0.0,0.763494074344635
nsl_kdd_v2,dnn_5class_smote,151,2,2,1,0.9299424290657043,0.6666666865348816,0.0,0.8526841998100281
nsl_kdd_v2,dnn_5class_smote,152,2,2,1,0.9955800771713257,0.5384615659713745,0.4706045985221863,63.18718719482422
nsl_kdd_v2,dnn_5class_smote,153,0,0,1,0.9998958110809326,0.4285714328289032,0.003988604061305523,11.956377029418945
nsl_kdd_v2,dnn_5class_smote,154,0,0,1,0.9407715201377869,0.6666666865348816,0.0,0.8559812903404236
nsl_kdd_v2,dnn_5class_smote,155,1,0,0,0.9998958110809326,0.3333333432674408,0.003988604061305523,10.995579719543457
nsl_kdd_v2,dnn_5class_smote,156,2,0,0,0.9998958110809326,0.4285714328289032,0.003988604061305523,11.956377029418945
nsl_kdd_v2,dnn_5class_smote,157,0,0,1,0.9998958110809326,0.5384615659713745,0.003988604061305523,12.901595115661621
nsl_kdd_v2,dnn_5class_smote,158,1,0,0,0.9998955726623535,0.8181818127632141,0.0017094017239287496,11.18277359008789
nsl_kdd_v2,dnn_5class_smote,159,4,4,1,0.9998418688774109,0.5384615659713745,0.9643217325210571,80.3716049194336
nsl_kdd_v2,dnn_5class_smote,160,1,1,1,0.9998959302902222,0.8181818127632141,0.0,0.9352652430534363
nsl_kdd_v2,dnn_5class_smote,161,2,2,1,0.9999511241912842,0.6666666865348816,0.994145929813385,87.18582153320312
nsl_kdd_v2,dnn_5class_smote,162,0,0,1,0.9998958110809326,0.5384615659713745,0.003988604061305523,12.901595115661621
nsl_kdd_v2,dnn_5class_smote,163,1,1,1,0.9998959302902222,0.4285714328289032,0.0,0.7539211511611938
nsl_kdd_v2,dnn_5class_smote,164,2,2,1,0.9999511241912842,0.4285714328289032,0.994145929813385,75.24610900878906
nsl_kdd_v2,dnn_5class_smote,165,1,1,1,0.9998959302902222,0.4285714328289032,0.0,0.7539211511611938
nsl_kdd_v2,dnn_5class_smote,166,2,0,0,0.8414998650550842,0.5384615659713745,0.0,0.7680736780166626
nsl_kdd_v2,dnn_5class_smote,167,3,0,0,0.9998958110809326,0.5384615659713745,0.003988604061305523,12.901595115661621
nsl_kdd_v2,dnn_5class_smote,168,0,0,1,0.9998958110809326,0.5384615659713745,0.003988604061305523,12.901595115661621
nsl_kdd_v2,dnn_5class_smote,169,0,0,1,0.9998958110809326,0.6666666865348816,0.003988604061305523,13.853561401367188
nsl_kdd_v2,dnn_5class_smote,170,1,1,1,0.9998959302902222,0.4285714328289032,0.0,0.7539211511611938
nsl_kdd_v2,dnn_5class_smote,171,2,2,1,0.9999511241912842,0.5384615659713745,0.994145929813385,81.19473266601562
nsl_kdd_v2,dnn_5class_smote,172,2,1,0,0.9998959302902222,0.5384615659713745,0.0,0.8135228157043457
nsl_kdd_v2,dnn_5class_smote,173,0,0,1,0.9998958110809326,0.6666666865348816,0.003988604061305523,13.853561401367188
nsl_kdd_v2,dnn_5class_smote,174,1,1,1,0.9998959302902222,0.6666666865348816,0.0,0.8735500574111938
nsl_kdd_v2,dnn_5class_smote,175,2,1,0,0.9998959302902222,0.5384615659713745,0.0,0.8135228157043457
nsl_kdd_v2,dnn_5class_smote,176,1,1,1,0.9998959302902222,0.5384615659713745,0.0,0.8135228157043457
nsl_kdd_v2,dnn_5class_smote,177,3,0,0,0.9998958110809326,0.3333333432674408,0.003988604061305523,10.995579719543457
nsl_kdd_v2,dnn_5class_smote,178,0,0,1,0.9998958110809326,0.3333333432674408,0.003988604061305523,10.995579719543457
nsl_kdd_v2,dnn_5class_smote,179,4,4,1,0.9762825965881348,0.5384615659713745,0.0,0.80706787109375
nsl_kdd_v2,dnn_5class_smote,180,0,0,1,0.9998958110809326,0.6666666865348816,0.003988604061305523,13.853561401367188
nsl_kdd_v2,dnn_5class_smote,181,3,0,0,0.9998953938484192,0.4285714328289032,0.0,0.7539210319519043
nsl_kdd_v2,dnn_5class_smote,182,1,1,1,0.9998959302902222,0.6666666865348816,0.0,0.8735500574111938
nsl_kdd_v2,dnn_5class_smote,183,1,1,1,0.9998959302902222,0.4285714328289032,0.0,0.7539211511611938
nsl_kdd_v2,dnn_5class_smote,184,4,0,0,0.9998955726623535,0.6666666865348816,0.0017094017239287496,10.444856643676758
nsl_kdd_v2,dnn_5class_smote,185,1,1,1,0.9998959302902222,0.6666666865348816,0.0,0.8735500574111938
nsl_kdd_v2,dnn_5class_smote,186,0,0,1,0.9998955726623535,0.4285714328289032,0.0017094017239287496,9.01447868347168
nsl_kdd_v2,dnn_5class_smote,187,0,0,1,0.9998958110809326,0.5384615659713745,0.003988604061305523,12.901595115661621
nsl_kdd_v2,dnn_5class_smote,188,3,0,0,0.9770640730857849,0.5384615659713745,0.0,0.8072830438613892
nsl_kdd_v2,dnn_5class_smote,189,1,1,1,0.9998959302902222,0.5384615659713745,0.0,0.8135228157043457
nsl_kdd_v2,dnn_5class_smote,190,0,0,1,0.9998958110809326,0.6666666865348816,0.003988604061305523,13.853561401367188
nsl_kdd_v2,dnn_5class_smote,191,4,0,0,0.9407550096511841,0.6666666865348816,0.0,0.8559762239456177
nsl_kdd_v2,dnn_5class_smote,192,1,1,1,0.9998959302902222,0.4285714328289032,0.0,0.7539211511611938
nsl_kdd_v2,dnn_5class_smote,193,3,0,0,0.9998958110809326,0.4285714328289032,0.003988604061305523,11.956377029418945
nsl_kdd_v2,dnn_5class_smote,194,3,0,0,0.9998958110809326,0.25,0.003988604061305523,9.99014663696289
nsl_kdd_v2,dnn_5class_smote,195,0,0,1,0.9998958110809326,0.5384615659713745,0.003988604061305523,12.901595115661621
nsl_kdd_v2,dnn_5class_smote,196,2,1,0,0.9915988445281982,0.6666666865348816,0.0,0.8711271286010742
nsl_kdd_v2,dnn_5class_smote,197,4,0,0,0.9998955726623535,0.6666666865348816,0.0017094017239287496,10.444856643676758
nsl_kdd_v2,dnn_5class_smote,198,3,0,0,0.9998958110809326,0.4285714328289032,0.003988604061305523,11.956377029418945
nsl_kdd_v2,dnn_5class_smote,199,4,3,0,0.9410842657089233,0.6666666865348816,0.9368764162063599,83.76704406738281
nsl_kdd_v2,dnn_5class_smote,200,1,1,1,0.9998959302902222,0.4285714328289032,0.0,0.7539211511611938
nsl_kdd_v2,dnn_5class_smote,201,1,1,1,0.9998959302902222,0.4285714328289032,0.0,0.7539211511611938
nsl_kdd_v2,dnn_5class_smote,202,2,1,0,0.5137827396392822,0.5384615659713745,0.0,0.651595413684845
nsl_kdd_v2,dnn_5class_smote,203,4,0,0,0.9998955726623535,0.6666666865348816,0.0017094017239287496,10.444856643676758
nsl_kdd_v2,dnn_5class_smote,204,0,0,1,0.9998958110809326,0.5384615659713745,0.003988604061305523,12.901595115661621
nsl_kdd_v2,dnn_5class_smote,205,4,4,1,0.8462584614753723,0.4285714328289032,0.0,0.7131409049034119
nsl_kdd_v2,dnn_5class_smote,206,2,1,0,0.9915988445281982,0.5384615659713745,0.0,0.8112664222717285
nsl_kdd_v2,dnn_5class_smote,207,0,0,1,0.9998958110809326,0.5384615659713745,0.003988604061305523,12.901595115661621
nsl_kdd_v2,dnn_5class_smote,208,2,0,0,0.7195566296577454,0.6666666865348816,0.0,0.7828126549720764
nsl_kdd_v2,dnn_5class_smote,209,2,2,1,0.9999511241912842,0.5384615659713745,0.994145929813385,81.19473266601562
nsl_kdd_v2,dnn_5class_smote,210,3,0,0,0.9998958110809326,0.8181818127632141,0.003988604061305523,14.832298278808594
nsl_kdd_v2,dnn_5class_smote,211,1,0,0,0.9998958110809326,0.3333333432674408,0.003988604061305523,10.995579719543457
nsl_kdd_v2,dnn_5class_smote,212,1,1,1,0.9998959302902222,0.4285714328289032,0.0,0.7539211511611938
nsl_kdd_v2,dnn_5class_smote,213,2,0,0,0.9935826659202576,0.5384615659713745,0.0,0.8118070363998413
nsl_kdd_v2,dnn_5class_smote,214,0,0,1,0.9998958110809326,0.6666666865348816,0.003988604061305523,13.853561401367188
nsl_kdd_v2,dnn_5class_smote,215,3,0,0,0.9998958110809326,0.5384615659713745,0.003988604061305523,12.901595115661621
nsl_kdd_v2,dnn_5class_smote,216,3,0,0,0.9998958110809326,0.4285714328289032,0.003988604061305523,11.956377029418945
nsl_kdd_v2,dnn_5class_smote,217,3,0,0,0.9998958110809326,0.3333333432674408,0.003988604061305523,10.995579719543457
nsl_kdd_v2,dnn_5class_smote,218,3,0,0,0.9998958110809326,0.4285714328289032,0.003988604061305523,11.956377029418945
nsl_kdd_v2,dnn_5class_smote,219,1,1,1,0.9998959302902222,0.4285714328289032,0.0,0.7539211511611938
nsl_kdd_v2,dnn_5class_smote,220,2,1,0,0.9410842657089233,0.6666666865348816,0.0,0.8560760617256165
nsl_kdd_v2,dnn_5class_smote,221,1,1,1,0.9998959302902222,0.6666666865348816,0.0,0.8735500574111938
nsl_kdd_v2,dnn_5class_smote,222,1,1,1,0.9915988445281982,0.5384615659713745,0.0,0.8112664222717285
nsl_kdd_v2,dnn_5class_smote,223,1,1,1,0.9955678582191467,0.4285714328289032,0.0,0.7528318166732788
nsl_kdd_v2,dnn_5class_smote,224,1,1,1,0.5624615550041199,0.4285714328289032,0.0,0.6223556399345398
nsl_kdd_v2,dnn_5class_smote,225,2,1,0,0.9998959302902222,0.4285714328289032,0.0,0.7539211511611938
nsl_kdd_v2,dnn_5class_smote,226,2,0,0,0.9998955726623535,0.6666666865348816,0.0017094017239287496,10.444856643676758
nsl_kdd_v2,dnn_5class_smote,227,1,1,1,0.9998959302902222,0.5384615659713745,0.0,0.8135228157043457
nsl_kdd_v2,dnn_5class_smote,228,3,0,0,0.5153530836105347,0.6666666865348816,0.0,0.7003865838050842
nsl_kdd_v2,dnn_5class_smote,229,0,0,1,0.9998958110809326,0.5384615659713745,0.003988604061305523,12.901595115661621
nsl_kdd_v2,dnn_5class_smote,230,2,2,1,0.9956225752830505,0.6666666865348816,0.47569480538368225,68.09427642822266
nsl_kdd_v2,dnn_5class_smote,231,1,1,1,0.9915988445281982,0.5384615659713745,0.0,0.8112664222717285
nsl_kdd_v2,dnn_5class_smote,232,2,2,1,0.9999511241912842,0.4285714328289032,0.994145929813385,75.24610900878906
nsl_kdd_v2,dnn_5class_smote,233,3,0,0,0.984677791595459,0.4285714328289032,0.0,0.7500767707824707
nsl_kdd_v2,dnn_5class_smote,234,0,0,1,0.9998958110809326,0.4285714328289032,0.003988604061305523,11.956377029418945
nsl_kdd_v2,dnn_5class_smote,235,3,0,0,0.9998958110809326,0.4285714328289032,0.003988604061305523,11.956377029418945
nsl_kdd_v2,dnn_5class_smote,236,1,1,1,0.9410842657089233,0.6666666865348816,0.0,0.8560760617256165
nsl_kdd_v2,dnn_5class_smote,237,0,0,1,0.9998958110809326,0.5384615659713745,0.003988604061305523,12.901595115661621
nsl_kdd_v2,dnn_5class_smote,238,2,2,1,0.991523802280426,0.4285714328289032,0.0,0.7518110871315002
nsl_kdd_v2,dnn_5class_smote,239,3,0,0,0.8287405967712402,0.4285714328289032,0.0,0.7081857919692993
nsl_kdd_v2,dnn_5class_smote,240,1,1,1,0.9998959302902222,0.6666666865348816,0.0,0.8735500574111938
nsl_kdd_v2,dnn_5class_smote,241,1,1,1,0.9998959302902222,0.6666666865348816,0.0,0.8735500574111938
nsl_kdd_v2,dnn_5class_smote,242,4,4,1,0.9998418092727661,0.6666666865348816,0.9643082618713379,86.30155944824219
nsl_kdd_v2,dnn_5class_smote,243,3,2,0,0.6956262588500977,0.4285714328289032,0.0,0.6680356860160828
nsl_kdd_v2,dnn_5class_smote,244,1,1,1,0.9998959302902222,0.8181818127632141,0.0,0.9352652430534363
nsl_kdd_v2,dnn_5class_smote,245,0,0,1,0.9998958110809326,0.3333333432674408,0.003988604061305523,10.995579719543457
nsl_kdd_v2,dnn_5class_smote,246,1,0,0,0.9780152440071106,0.6666666865348816,0.0,0.8671310544013977
nsl_kdd_v2,dnn_5class_smote,247,1,1,1,0.9998959302902222,0.4285714328289032,0.0,0.7539211511611938
nsl_kdd_v2,dnn_5class_smote,248,3,0,0,0.9998958110809326,0.1764705926179886,0.003988604061305523,8.895068168640137
nsl_kdd_v2,dnn_5class_smote,249,3,0,0,0.9998958110809326,0.3333333432674408,0.003988604061305523,10.995579719543457
nsl_kdd_v2,dnn_5class_smote,250,3,0,0,0.9998958110809326,0.6666666865348816,0.003988604061305523,13.853561401367188
nsl_kdd_v2,dnn_5class_smote,251,0,0,1,0.9998958110809326,0.5384615659713745,0.003988604061305523,12.901595115661621
nsl_kdd_v2,dnn_5class_smote,252,3,0,0,0.9998958110809326,0.4285714328289032,0.003988604061305523,11.956377029418945
nsl_kdd_v2,dnn_5class_smote,253,1,0,0,0.9641223549842834,0.25,0.0,0.6223346590995789
nsl_kdd_v2,dnn_5class_smote,254,3,0,0,0.9998958110809326,0.6666666865348816,0.003988604061305523,13.853561401367188
nsl_kdd_v2,dnn_5class_smote,255,1,0,0,0.9998955726623535,0.5384615659713745,0.0017094017239287496,9.72712516784668
nsl_kdd_v2,dnn_5class_smote,256,2,2,1,0.9999511241912842,0.4285714328289032,0.994145929813385,75.24610900878906
nsl_kdd_v2,dnn_5class_smote,257,1,0,0,0.9998955726623535,0.5384615659713745,0.0017094017239287496,9.72712516784668
nsl_kdd_v2,dnn_5class_smote,258,2,2,1,0.9999511241912842,0.4285714328289032,0.994145929813385,75.24610900878906
nsl_kdd_v2,dnn_5class_smote,259,0,0,1,0.9998958110809326,0.8181818127632141,0.003988604061305523,14.832298278808594
nsl_kdd_v2,dnn_5class_smote,260,1,1,1,0.9998959302902222,0.8181818127632141,0.0,0.9352652430534363
nsl_kdd_v2,dnn_5class_smote,261,4,0,0,0.9847358465194702,0.5384615659713745,0.0,0.8093904852867126
nsl_kdd_v2,dnn_5class_smote,262,3,0,0,0.9998958110809326,0.5384615659713745,0.003988604061305523,12.901595115661621
nsl_kdd_v2,dnn_5class_smote,263,0,0,1,0.7959254384040833,0.5384615659713745,0.0,0.7539495825767517
nsl_kdd_v2,dnn_5class_smote,264,4,0,0,0.9998953938484192,0.8181818127632141,0.0,0.9352651238441467
nsl_kdd_v2,dnn_5class_smote,265,3,0,0,0.9998958110809326,0.6666666865348816,0.003988604061305523,13.853561401367188
nsl_kdd_v2,dnn_5class_smote,266,3,0,0,0.9998958110809326,0.4285714328289032,0.003988604061305523,11.956377029418945
nsl_kdd_v2,dnn_5class_smote,267,0,0,1,0.9998958110809326,0.5384615659713745,0.003988604061305523,12.901595115661621
nsl_kdd_v2,dnn_5class_smote,268,1,1,1,0.9998959302902222,0.5384615659713745,0.0,0.8135228157043457
nsl_kdd_v2,dnn_5class_smote,269,1,1,1,0.9998959302902222,0.25,0.0,0.6299386024475098
nsl_kdd_v2,dnn_5class_smote,270,0,0,1,0.9998958110809326,0.4285714328289032,0.003988604061305523,11.956377029418945
nsl_kdd_v2,dnn_5class_smote,271,2,0,0,0.9998955726623535,0.4285714328289032,0.0017094017239287496,9.01447868347168
nsl_kdd_v2,dnn_5class_smote,272,1,1,1,0.9998959302902222,0.3333333432674408,0.0,0.693337082862854
nsl_kdd_v2,dnn_5class_smote,273,0,0,1,0.9998955726623535,0.3333333432674408,0.0017094017239287496,8.290088653564453
nsl_kdd_v2,dnn_5class_smote,274,3,0,0,0.9763790965080261,0.4285714328289032,0.0,0.7479636669158936
nsl_kdd_v2,dnn_5class_smote,275,0,0,1,0.9998958110809326,0.6666666865348816,0.003988604061305523,13.853561401367188
nsl_kdd_v2,dnn_5class_smote,276,3,0,0,0.9998955726623535,0.6666666865348816,0.0017094017239287496,10.444856643676758
nsl_kdd_v2,dnn_5class_smote,277,0,0,1,0.9998955726623535,0.5384615659713745,0.0017094017239287496,9.72712516784668
nsl_kdd_v2,dnn_5class_smote,278,3,0,0,0.9526423811912537,0.5384615659713745,0.0,0.8005002737045288
nsl_kdd_v2,dnn_5class_smote,279,1,0,0,0.9998958110809326,0.4285714328289032,0.003988604061305523,11.956377029418945
nsl_kdd_v2,dnn_5class_smote,280,1,1,1,0.9998959302902222,0.4285714328289032,0.0,0.7539211511611938
nsl_kdd_v2,dnn_5class_smote,281,0,0,1,0.9998958110809326,0.25,0.003988604061305523,9.99014663696289
nsl_kdd_v2,dnn_5class_smote,282,3,0,0,0.9998958110809326,0.4285714328289032,0.003988604061305523,11.956377029418945
nsl_kdd_v2,dnn_5class_smote,283,3,0,0,0.9998953938484192,0.5384615659713745,0.0,0.8135227560997009
nsl_kdd_v2,dnn_5class_smote,284,0,0,1,0.9998958110809326,0.3333333432674408,0.003988604061305523,10.995579719543457
nsl_kdd_v2,dnn_5class_smote,285,2,0,0,0.9998958110809326,0.5384615659713745,0.003988604061305523,12.901595115661621
nsl_kdd_v2,dnn_5class_smote,286,1,1,1,0.8299970626831055,0.4285714328289032,0.0,0.7085435390472412
nsl_kdd_v2,dnn_5class_smote,287,2,1,0,0.9998959302902222,0.6666666865348816,0.0,0.8735500574111938
nsl_kdd_v2,dnn_5class_smote,288,0,0,1,0.9998958110809326,0.4285714328289032,0.003988604061305523,11.956377029418945
nsl_kdd_v2,dnn_5class_smote,289,2,1,0,0.9998959302902222,0.5384615659713745,0.0,0.8135228157043457
nsl_kdd_v2,dnn_5class_smote,290,3,0,0,0.9998958110809326,0.4285714328289032,0.003988604061305523,11.956377029418945
nsl_kdd_v2,dnn_5class_smote,291,3,0,0,0.9998958110809326,0.3333333432674408,0.003988604061305523,10.995579719543457
nsl_kdd_v2,dnn_5class_smote,292,3,0,0,0.9998958110809326,0.4285714328289032,0.003988604061305523,11.956377029418945
nsl_kdd_v2,dnn_5class_smote,293,3,0,0,0.9998955726623535,0.3333333432674408,0.0017094017239287496,8.290088653564453
nsl_kdd_v2,dnn_5class_smote,294,3,0,0,0.9998958110809326,0.5384615659713745,0.003988604061305523,12.901595115661621
nsl_kdd_v2,dnn_5class_smote,295,1,1,1,0.9955678582191467,0.6666666865348816,0.0,0.8722878098487854
nsl_kdd_v2,dnn_5class_smote,296,1,1,1,0.663408100605011,0.5384615659713745,0.0,0.7095425128936768
nsl_kdd_v2,dnn_5class_smote,297,0,0,1,0.9998958110809326,0.5384615659713745,0.003988604061305523,12.901595115661621
nsl_kdd_v2,dnn_5class_smote,298,0,0,1,0.9998958110809326,0.5384615659713745,0.003988604061305523,12.901595115661621
nsl_kdd_v2,dnn_5class_smote,299,3,0,0,0.9998958110809326,0.6666666865348816,0.003988604061305523,13.853561401367188
nsl_kdd_v2,dnn_5class_smote,300,1,1,1,0.9998959302902222,0.6666666865348816,0.0,0.8735500574111938
nsl_kdd_v2,dnn_5class_smote,301,0,0,1,0.9998958110809326,0.6666666865348816,0.003988604061305523,13.853561401367188
nsl_kdd_v2,dnn_5class_smote,302,2,2,1,0.9999511241912842,0.5384615659713745,0.994145929813385,81.19473266601562
nsl_kdd_v2,dnn_5class_smote,303,1,1,1,0.9998959302902222,0.6666666865348816,0.0,0.8735500574111938
nsl_kdd_v2,dnn_5class_smote,304,1,1,1,0.9955678582191467,0.5384615659713745,0.0,0.812347412109375
nsl_kdd_v2,dnn_5class_smote,305,1,1,1,0.9998959302902222,0.4285714328289032,0.0,0.7539211511611938
nsl_kdd_v2,dnn_5class_smote,306,2,2,1,0.9013650417327881,0.6666666865348816,0.0,0.8438588380813599
nsl_kdd_v2,dnn_5class_smote,307,3,3,1,0.5195127725601196,0.25,0.4851958453655243,39.79401397705078
nsl_kdd_v2,dnn_5class_smote,308,2,2,1,0.9956225752830505,0.6666666865348816,0.47569480538368225,68.09427642822266
nsl_kdd_v2,dnn_5class_smote,309,4,0,0,0.96448814868927,0.6666666865348816,0.0,0.8631146550178528
nsl_kdd_v2,dnn_5class_smote,310,0,0,1,0.9998958110809326,0.5384615659713745,0.003988604061305523,12.901595115661621
nsl_kdd_v2,dnn_5class_smote,311,0,0,1,0.9998958110809326,0.6666666865348816,0.003988604061305523,13.853561401367188
nsl_kdd_v2,dnn_5class_smote,312,2,2,1,0.9999511241912842,0.4285714328289032,0.994145929813385,75.24610900878906
nsl_kdd_v2,dnn_5class_smote,313,2,2,1,0.9999511241912842,0.5384615659713745,0.994145929813385,81.19473266601562
nsl_kdd_v2,dnn_5class_smote,314,1,1,1,0.9998959302902222,0.4285714328289032,0.0,0.7539211511611938
nsl_kdd_v2,dnn_5class_smote,315,1,1,1,0.9998959302902222,0.6666666865348816,0.0,0.8735500574111938
nsl_kdd_v2,dnn_5class_smote,316,0,0,1,0.9998958110809326,0.3333333432674408,0.003988604061305523,10.995579719543457
nsl_kdd_v2,dnn_5class_smote,317,3,0,0,0.9998958110809326,0.4285714328289032,0.003988604061305523,11.956377029418945
nsl_kdd_v2,dnn_5class_smote,318,0,0,1,0.9998958110809326,0.5384615659713745,0.003988604061305523,12.901595115661621
nsl_kdd_v2,dnn_5class_smote,319,3,3,1,0.9410842657089233,0.5384615659713745,0.9368764162063599,78.01087951660156
nsl_kdd_v2,dnn_5class_smote,320,3,0,0,0.9998958110809326,0.25,0.003988604061305523,9.99014663696289
nsl_kdd_v2,dnn_5class_smote,321,1,1,1,0.9915988445281982,0.4285714328289032,0.0,0.7518300414085388
nsl_kdd_v2,dnn_5class_smote,322,3,0,0,0.9998958110809326,0.5384615659713745,0.003988604061305523,12.901595115661621
nsl_kdd_v2,dnn_5class_smote,323,1,1,1,0.9998959302902222,0.6666666865348816,0.0,0.8735500574111938
nsl_kdd_v2,dnn_5class_smote,324,1,1,1,0.9998959302902222,0.5384615659713745,0.0,0.8135228157043457
nsl_kdd_v2,dnn_5class_smote,325,3,0,0,0.9998958110809326,0.8181818127632141,0.003988604061305523,14.832298278808594
nsl_kdd_v2,dnn_5class_smote,326,0,0,1,0.9998958110809326,0.8181818127632141,0.003988604061305523,14.832298278808594
nsl_kdd_v2,dnn_5class_smote,327,1,2,0,0.8789225220680237,0.5384615659713745,0.0,0.7792946696281433
nsl_kdd_v2,dnn_5class_smote,328,2,0,0,0.9998955726623535,0.5384615659713745,0.0017094017239287496,9.72712516784668
nsl_kdd_v2,dnn_5class_smote,329,3,0,0,0.9998958110809326,0.6666666865348816,0.003988604061305523,13.853561401367188
nsl_kdd_v2,dnn_5class_smote,330,2,2,1,0.9916531443595886,0.3333333432674408,0.00025700885453261435,4.396045684814453
nsl_kdd_v2,dnn_5class_smote,331,3,0,0,0.9998958110809326,0.1111111119389534,0.003988604061305523,7.623908519744873
nsl_kdd_v2,dnn_5class_smote,332,3,0,0,0.9998958110809326,0.3333333432674408,0.003988604061305523,10.995579719543457
nsl_kdd_v2,dnn_5class_smote,333,2,2,1,0.991523802280426,0.4285714328289032,0.0,0.7518110871315002
nsl_kdd_v2,dnn_5class_smote,334,0,0,1,0.9998958110809326,0.5384615659713745,0.003988604061305523,12.901595115661621
nsl_kdd_v2,dnn_5class_smote,335,2,2,1,0.991523802280426,0.4285714328289032,0.0,0.7518110871315002
nsl_kdd_v2,dnn_5class_smote,336,3,0,0,0.7028985023498535,0.5384615659713745,0.0,0.7233509421348572
nsl_kdd_v2,dnn_5class_smote,337,0,0,1,0.9998958110809326,0.6666666865348816,0.003988604061305523,13.853561401367188
nsl_kdd_v2,dnn_5class_smote,338,2,2,1,0.9999511241912842,0.5384615659713745,0.994145929813385,81.19473266601562
nsl_kdd_v2,dnn_5class_smote,339,0,0,1,0.9998958110809326,0.6666666865348816,0.003988604061305523,13.853561401367188
nsl_kdd_v2,dnn_5class_smote,340,1,1,1,0.9998959302902222,0.6666666865348816,0.0,0.8735500574111938
nsl_kdd_v2,dnn_5class_smote,341,0,0,1,0.9998958110809326,0.6666666865348816,0.003988604061305523,13.853561401367188
nsl_kdd_v2,dnn_5class_smote,342,3,0,0,0.9998955726623535,0.5384615659713745,0.0017094017239287496,9.72712516784668
nsl_kdd_v2,dnn_5class_smote,343,1,1,1,0.9410842657089233,0.4285714328289032,0.0,0.7388401627540588
nsl_kdd_v2,dnn_5class_smote,344,3,0,0,0.9998958110809326,0.5384615659713745,0.003988604061305523,12.901595115661621
nsl_kdd_v2,dnn_5class_smote,345,0,0,1,0.9998958110809326,0.5384615659713745,0.003988604061305523,12.901595115661621
nsl_kdd_v2,dnn_5class_smote,346,0,0,1,0.9998958110809326,0.4285714328289032,0.003988604061305523,11.956377029418945
nsl_kdd_v2,dnn_5class_smote,347,2,2,1,0.9999511241912842,0.5384615659713745,0.994145929813385,81.19473266601562
nsl_kdd_v2,dnn_5class_smote,348,0,0,1,0.9998958110809326,0.5384615659713745,0.003988604061305523,12.901595115661621
nsl_kdd_v2,dnn_5class_smote,349,2,0,0,0.984865128993988,0.6666666865348816,0.0,0.8691507577896118
nsl_kdd_v2,dnn_5class_smote,350,2,2,1,0.9956225752830505,0.5384615659713745,0.47569480538368225,63.41509246826172
nsl_kdd_v2,dnn_5class_smote,351,0,0,1,0.9998958110809326,0.4285714328289032,0.003988604061305523,11.956377029418945
nsl_kdd_v2,dnn_5class_smote,352,0,0,1,0.9998958110809326,0.6666666865348816,0.003988604061305523,13.853561401367188
nsl_kdd_v2,dnn_5class_smote,353,1,1,1,0.9998959302902222,0.6666666865348816,0.0,0.8735500574111938
nsl_kdd_v2,dnn_5class_smote,354,3,0,0,0.9998958110809326,0.4285714328289032,0.003988604061305523,11.956377029418945
nsl_kdd_v2,dnn_5class_smote,355,1,0,0,0.9998955726623535,0.6666666865348816,0.0017094017239287496,10.444856643676758
nsl_kdd_v2,dnn_5class_smote,356,1,1,1,0.9998959302902222,0.5384615659713745,0.0,0.8135228157043457
nsl_kdd_v2,dnn_5class_smote,357,1,0,0,0.9998953938484192,0.6666666865348816,0.0,0.8735499382019043
nsl_kdd_v2,dnn_5class_smote,358,0,0,1,0.9998958110809326,0.6666666865348816,0.003988604061305523,13.853561401367188
nsl_kdd_v2,dnn_5class_smote,359,4,4,1,0.9998418092727661,0.5384615659713745,0.9643082618713379,80.37123107910156
nsl_kdd_v2,dnn_5class_smote,360,2,2,1,0.9013650417327881,0.6666666865348816,0.0,0.8438588380813599
nsl_kdd_v2,dnn_5class_smote,361,2,1,0,0.5907149910926819,0.5384615659713745,0.0,0.6826176047325134
nsl_kdd_v2,dnn_5class_smote,362,0,0,1,0.9998958110809326,0.5384615659713745,0.003988604061305523,12.901595115661621
nsl_kdd_v2,dnn_5class_smote,363,2,2,1,0.9999511241912842,0.5384615659713745,0.994145929813385,81.19473266601562
nsl_kdd_v2,dnn_5class_smote,364,0,0,1,0.9099310040473938,0.4285714328289032,0.0,0.7305957674980164
nsl_kdd_v2,dnn_5class_smote,365,1,1,1,0.9998959302902222,0.5384615659713745,0.0,0.8135228157043457
nsl_kdd_v2,dnn_5class_smote,366,0,1,0,0.9998959302902222,0.3333333432674408,0.0,0.693337082862854
nsl_kdd_v2,dnn_5class_smote,367,3,0,0,0.9998955726623535,0.6666666865348816,0.0017094017239287496,10.444856643676758
nsl_kdd_v2,dnn_5class_smote,368,3,0,0,0.9998955726623535,0.5384615659713745,0.0017094017239287496,9.72712516784668
nsl_kdd_v2,dnn_5class_smote,369,0,0,1,0.9998958110809326,0.6666666865348816,0.003988604061305523,13.853561401367188
nsl_kdd_v2,dnn_5class_smote,370,3,0,0,0.9998955726623535,0.4285714328289032,0.0017094017239287496,9.01447868347168
nsl_kdd_v2,dnn_5class_smote,371,0,0,1,0.9998958110809326,0.6666666865348816,0.003988604061305523,13.853561401367188
nsl_kdd_v2,dnn_5class_smote,372,1,1,1,0.9955678582191467,0.4285714328289032,0.0,0.7528318166732788
nsl_kdd_v2,dnn_5class_smote,373,2,0,0,0.984865128993988,0.6666666865348816,0.0,0.8691507577896118
nsl_kdd_v2,dnn_5class_smote,374,1,0,0,0.9998955726623535,0.4285714328289032,0.0017094017239287496,9.01447868347168
nsl_kdd_v2,dnn_5class_smote,375,3,0,0,0.9998958110809326,0.3333333432674408,0.003988604061305523,10.995579719543457
nsl_kdd_v2,dnn_5class_smote,376,0,0,1,0.9998958110809326,0.5384615659713745,0.003988604061305523,12.901595115661621
nsl_kdd_v2,dnn_5class_smote,377,2,2,1,0.9999511241912842,0.5384615659713745,0.994145929813385,81.19473266601562
nsl_kdd_v2,dnn_5class_smote,378,2,2,1,0.9999511241912842,0.8181818127632141,0.994145929813385,93.34539794921875
nsl_kdd_v2,dnn_5class_smote,379,3,0,0,0.9998958110809326,0.4285714328289032,0.003988604061305523,11.956377029418945
nsl_kdd_v2,dnn_5class_smote,380,2,2,1,0.9999511241912842,0.5384615659713745,0.994145929813385,81.19473266601562
nsl_kdd_v2,dnn_5class_smote,381,1,1,1,0.9998959302902222,0.5384615659713745,0.0,0.8135228157043457
nsl_kdd_v2,dnn_5class_smote,382,0,0,1,0.9998958110809326,0.6666666865348816,0.003988604061305523,13.853561401367188
nsl_kdd_v2,dnn_5class_smote,383,4,4,1,0.9762458801269531,0.4285714328289032,0.0,0.7479296326637268
nsl_kdd_v2,dnn_5class_smote,384,3,0,0,0.9998958110809326,0.4285714328289032,0.003988604061305523,11.956377029418945
nsl_kdd_v2,dnn_5class_smote,385,2,2,1,0.9999511241912842,0.5384615659713745,0.994145929813385,81.19473266601562
nsl_kdd_v2,dnn_5class_smote,386,3,0,0,0.9998958110809326,0.4285714328289032,0.003988604061305523,11.956377029418945
nsl_kdd_v2,dnn_5class_smote,387,2,2,1,0.6776918768882751,0.5384615659713745,0.0,0.7145987749099731
nsl_kdd_v2,dnn_5class_smote,388,2,2,1,0.9999511241912842,0.4285714328289032,0.994145929813385,75.24610900878906
nsl_kdd_v2,dnn_5class_smote,389,2,2,1,0.9999511241912842,0.8181818127632141,0.994145929813385,93.34539794921875
nsl_kdd_v2,dnn_5class_smote,390,4,4,1,0.9761144518852234,0.5384615659713745,0.0,0.80702143907547
nsl_kdd_v2,dnn_5class_smote,391,1,1,1,0.9998959302902222,0.5384615659713745,0.0,0.8135228157043457
nsl_kdd_v2,dnn_5class_smote,392,0,0,1,0.9998958110809326,0.5384615659713745,0.003988604061305523,12.901595115661621
nsl_kdd_v2,dnn_5class_smote,393,1,1,1,0.9998959302902222,0.4285714328289032,0.0,0.7539211511611938
nsl_kdd_v2,dnn_5class_smote,394,2,2,1,0.9999511241912842,0.3333333432674408,0.994145929813385,69.1994400024414
nsl_kdd_v2,dnn_5class_smote,395,2,0,0,0.9998953938484192,0.4285714328289032,0.0,0.7539210319519043
nsl_kdd_v2,dnn_5class_smote,396,3,0,0,0.9998958110809326,0.5384615659713745,0.003988604061305523,12.901595115661621
nsl_kdd_v2,dnn_5class_smote,397,0,0,1,0.9998958110809326,0.5384615659713745,0.003988604061305523,12.901595115661621
nsl_kdd_v2,dnn_5class_smote,398,1,1,1,0.9998959302902222,0.5384615659713745,0.0,0.8135228157043457
nsl_kdd_v2,dnn_5class_smote,399,2,1,0,0.9998959302902222,0.5384615659713745,0.0,0.8135228157043457
nsl_kdd_v2,dnn_5class_smote,400,3,0,0,0.9998958110809326,0.25,0.003988604061305523,9.99014663696289
nsl_kdd_v2,dnn_5class_smote,401,4,0,0,0.6719839572906494,0.8181818127632141,0.0,0.8192242980003357
nsl_kdd_v2,dnn_5class_smote,402,0,0,1,0.9998958110809326,0.4285714328289032,0.003988604061305523,11.956377029418945
nsl_kdd_v2,dnn_5class_smote,403,4,4,1,0.9760368466377258,0.5384615659713745,0.0,0.8070000410079956
nsl_kdd_v2,dnn_5class_smote,404,1,1,1,0.9998959302902222,0.4285714328289032,0.0,0.7539211511611938
nsl_kdd_v2,dnn_5class_smote,405,4,0,0,0.9998955726623535,0.5384615659713745,0.0017094017239287496,9.72712516784668
nsl_kdd_v2,dnn_5class_smote,406,0,0,1,0.9998958110809326,0.6666666865348816,0.003988604061305523,13.853561401367188
nsl_kdd_v2,dnn_5class_smote,407,2,2,1,0.991523802280426,0.5384615659713745,0.0,0.8112459182739258
nsl_kdd_v2,dnn_5class_smote,408,1,1,1,0.9998959302902222,0.4285714328289032,0.0,0.7539211511611938
nsl_kdd_v2,dnn_5class_smote,409,1,1,1,0.9998959302902222,0.3333333432674408,0.0,0.693337082862854
nsl_kdd_v2,dnn_5class_smote,410,2,0,0,0.9998958110809326,0.3333333432674408,0.003988604061305523,10.995579719543457
nsl_kdd_v2,dnn_5class_smote,411,0,0,1,0.9998958110809326,0.6666666865348816,0.003988604061305523,13.853561401367188
nsl_kdd_v2,dnn_5class_smote,412,1,1,1,0.9998959302902222,0.5384615659713745,0.0,0.8135228157043457
nsl_kdd_v2,dnn_5class_smote,413,0,0,1,0.9998958110809326,0.5384615659713745,0.003988604061305523,12.901595115661621
nsl_kdd_v2,dnn_5class_smote,414,2,2,1,0.9999511241912842,0.6666666865348816,0.994145929813385,87.18582153320312
nsl_kdd_v2,dnn_5class_smote,415,3,0,0,0.7391478419303894,0.5384615659713745,0.0,0.7355778217315674
nsl_kdd_v2,dnn_5class_smote,416,0,0,1,0.9998958110809326,0.5384615659713745,0.003988604061305523,12.901595115661621
nsl_kdd_v2,dnn_5class_smote,417,0,0,1,0.9998958110809326,0.6666666865348816,0.003988604061305523,13.853561401367188
nsl_kdd_v2,dnn_5class_smote,418,3,0,0,0.9998958110809326,0.4285714328289032,0.003988604061305523,11.956377029418945
nsl_kdd_v2,dnn_5class_smote,419,3,0,0,0.9367563128471375,0.5384615659713745,0.0,0.7960256338119507
nsl_kdd_v2,dnn_5class_smote,420,1,1,1,0.9998959302902222,0.5384615659713745,0.0,0.8135228157043457
nsl_kdd_v2,dnn_5class_smote,421,4,0,0,0.9751448035240173,0.5384615659713745,0.0,0.8067541718482971
nsl_kdd_v2,dnn_5class_smote,422,2,2,1,0.5109058618545532,0.5384615659713745,0.0,0.6503769755363464
nsl_kdd_v2,dnn_5class_smote,423,2,0,0,0.9998955726623535,0.3333333432674408,0.0017094017239287496,8.290088653564453
nsl_kdd_v2,dnn_5class_smote,424,3,0,0,0.9998958110809326,0.3333333432674408,0.003988604061305523,10.995579719543457
nsl_kdd_v2,dnn_5class_smote,425,0,0,1,0.9998958110809326,0.4285714328289032,0.003988604061305523,11.956377029418945
nsl_kdd_v2,dnn_5class_smote,426,2,1,0,0.9915988445281982,0.4285714328289032,0.0,0.7518300414085388
nsl_kdd_v2,dnn_5class_smote,427,3,0,0,0.9998958110809326,0.4285714328289032,0.003988604061305523,11.956377029418945
nsl_kdd_v2,dnn_5class_smote,428,0,0,1,0.9998958110809326,0.5384615659713745,0.003988604061305523,12.901595115661621
nsl_kdd_v2,dnn_5class_smote,429,0,0,1,0.9998958110809326,0.4285714328289032,0.003988604061305523,11.956377029418945
nsl_kdd_v2,dnn_5class_smote,430,3,0,0,0.9998955726623535,0.5384615659713745,0.0017094017239287496,9.72712516784668
nsl_kdd_v2,dnn_5class_smote,431,0,0,1,0.9998958110809326,0.6666666865348816,0.003988604061305523,13.853561401367188
nsl_kdd_v2,dnn_5class_smote,432,1,0,0,0.9998955726623535,0.5384615659713745,0.0017094017239287496,9.72712516784668
nsl_kdd_v2,dnn_5class_smote,433,1,0,0,0.9998955726623535,0.3333333432674408,0.0017094017239287496,8.290088653564453
nsl_kdd_v2,dnn_5class_smote,434,3,0,0,0.9998958110809326,0.5384615659713745,0.003988604061305523,12.901595115661621
nsl_kdd_v2,dnn_5class_smote,435,4,0,0,0.984674870967865,0.4285714328289032,0.0,0.7500760555267334
nsl_kdd_v2,dnn_5class_smote,436,3,0,0,0.9998958110809326,0.3333333432674408,0.003988604061305523,10.995579719543457
nsl_kdd_v2,dnn_5class_smote,437,2,0,0,0.543525755405426,0.6666666865348816,0.0,0.7129234671592712
nsl_kdd_v2,dnn_5class_smote,438,3,0,0,0.9998958110809326,0.3333333432674408,0.003988604061305523,10.995579719543457
nsl_kdd_v2,dnn_5class_smote,439,3,0,0,0.9998958110809326,0.4285714328289032,0.003988604061305523,11.956377029418945
nsl_kdd_v2,dnn_5class_smote,440,1,1,1,0.9998959302902222,0.5384615659713745,0.0,0.8135228157043457
nsl_kdd_v2,dnn_5class_smote,441,0,0,1,0.9998958110809326,0.6666666865348816,0.003988604061305523,13.853561401367188
nsl_kdd_v2,dnn_5class_smote,442,0,0,1,0.9998958110809326,0.5384615659713745,0.003988604061305523,12.901595115661621
nsl_kdd_v2,dnn_5class_smote,443,0,0,1,0.9998958110809326,0.5384615659713745,0.003988604061305523,12.901595115661621
nsl_kdd_v2,dnn_5class_smote,444,1,1,1,0.9998959302902222,0.5384615659713745,0.0,0.8135228157043457
nsl_kdd_v2,dnn_5class_smote,445,0,0,1,0.9998958110809326,0.3333333432674408,0.003988604061305523,10.995579719543457
nsl_kdd_v2,dnn_5class_smote,446,1,1,1,0.9915988445281982,0.4285714328289032,0.0,0.7518300414085388
nsl_kdd_v2,dnn_5class_smote,447,1,1,1,0.9998959302902222,0.4285714328289032,0.0,0.7539211511611938
nsl_kdd_v2,dnn_5class_smote,448,2,0,0,0.9998958110809326,0.5384615659713745,0.003988604061305523,12.901595115661621
nsl_kdd_v2,dnn_5class_smote,449,2,2,1,0.9999511241912842,0.6666666865348816,0.994145929813385,87.18582153320312
nsl_kdd_v2,dnn_5class_smote,450,0,0,1,0.9998958110809326,0.4285714328289032,0.003988604061305523,11.956377029418945
nsl_kdd_v2,dnn_5class_smote,451,0,0,1,0.9998958110809326,0.6666666865348816,0.003988604061305523,13.853561401367188
nsl_kdd_v2,dnn_5class_smote,452,0,0,1,0.9998958110809326,0.4285714328289032,0.003988604061305523,11.956377029418945
nsl_kdd_v2,dnn_5class_smote,453,3,0,0,0.9998958110809326,0.6666666865348816,0.003988604061305523,13.853561401367188
nsl_kdd_v2,dnn_5class_smote,454,3,0,0,0.9998958110809326,0.4285714328289032,0.003988604061305523,11.956377029418945
nsl_kdd_v2,dnn_5class_smote,455,0,0,1,0.9998958110809326,0.5384615659713745,0.003988604061305523,12.901595115661621
nsl_kdd_v2,dnn_5class_smote,456,0,0,1,0.9998958110809326,0.4285714328289032,0.003988604061305523,11.956377029418945
nsl_kdd_v2,dnn_5class_smote,457,3,0,0,0.9998958110809326,0.4285714328289032,0.003988604061305523,11.956377029418945
nsl_kdd_v2,dnn_5class_smote,458,1,0,0,0.9998955726623535,0.3333333432674408,0.0017094017239287496,8.290088653564453
nsl_kdd_v2,dnn_5class_smote,459,0,0,1,0.9998958110809326,0.5384615659713745,0.003988604061305523,12.901595115661621
nsl_kdd_v2,dnn_5class_smote,460,0,0,1,0.9998958110809326,0.5384615659713745,0.003988604061305523,12.901595115661621
nsl_kdd_v2,dnn_5class_smote,461,2,1,0,0.663408100605011,0.4285714328289032,0.0,0.657558798789978
nsl_kdd_v2,dnn_5class_smote,462,2,2,1,0.9999511241912842,0.6666666865348816,0.994145929813385,87.18582153320312
nsl_kdd_v2,dnn_5class_smote,463,0,0,1,0.9998958110809326,0.5384615659713745,0.003988604061305523,12.901595115661621
nsl_kdd_v2,dnn_5class_smote,464,2,2,1,0.9999511241912842,0.5384615659713745,0.994145929813385,81.19473266601562
nsl_kdd_v2,dnn_5class_smote,465,0,0,1,0.9998958110809326,0.4285714328289032,0.003988604061305523,11.956377029418945
nsl_kdd_v2,dnn_5class_smote,466,0,0,1,0.9998958110809326,0.6666666865348816,0.003988604061305523,13.853561401367188
nsl_kdd_v2,dnn_5class_smote,467,1,1,1,0.9915988445281982,0.4285714328289032,0.0,0.7518300414085388
nsl_kdd_v2,dnn_5class_smote,468,3,0,0,0.9998958110809326,0.5384615659713745,0.003988604061305523,12.901595115661621
nsl_kdd_v2,dnn_5class_smote,469,0,0,1,0.9998958110809326,0.5384615659713745,0.003988604061305523,12.901595115661621
nsl_kdd_v2,dnn_5class_smote,470,0,0,1,0.9998958110809326,0.5384615659713745,0.003988604061305523,12.901595115661621
nsl_kdd_v2,dnn_5class_smote,471,3,0,0,0.9998958110809326,0.6666666865348816,0.003988604061305523,13.853561401367188
nsl_kdd_v2,dnn_5class_smote,472,0,0,1,0.9998958110809326,0.5384615659713745,0.003988604061305523,12.901595115661621
nsl_kdd_v2,dnn_5class_smote,473,0,0,1,0.9998958110809326,0.4285714328289032,0.003988604061305523,11.956377029418945
nsl_kdd_v2,dnn_5class_smote,474,0,0,1,0.9998958110809326,0.5384615659713745,0.003988604061305523,12.901595115661621
nsl_kdd_v2,dnn_5class_smote,475,2,2,1,0.9999511241912842,0.6666666865348816,0.994145929813385,87.18582153320312
nsl_kdd_v2,dnn_5class_smote,476,0,0,1,0.9998958110809326,0.6666666865348816,0.003988604061305523,13.853561401367188
nsl_kdd_v2,dnn_5class_smote,477,1,0,0,0.9998953938484192,0.6666666865348816,0.0,0.8735499382019043
nsl_kdd_v2,dnn_5class_smote,478,2,2,1,0.9999511241912842,0.6666666865348816,0.994145929813385,87.18582153320312
nsl_kdd_v2,dnn_5class_smote,479,3,0,0,0.9998958110809326,0.5384615659713745,0.003988604061305523,12.901595115661621
nsl_kdd_v2,dnn_5class_smote,480,4,4,1,0.618666410446167,0.4285714328289032,0.0,0.6424310803413391
nsl_kdd_v2,dnn_5class_smote,481,3,3,1,0.6278290152549744,0.4285714328289032,0.6012481451034546,54.4886589050293
nsl_kdd_v2,dnn_5class_smote,482,1,1,1,0.9915988445281982,0.4285714328289032,0.0,0.7518300414085388
nsl_kdd_v2,dnn_5class_smote,483,0,0,1,0.9998958110809326,0.6666666865348816,0.003988604061305523,13.853561401367188
nsl_kdd_v2,dnn_5class_smote,484,2,2,1,0.9999511241912842,0.5384615659713745,0.994145929813385,81.19473266601562
nsl_kdd_v2,dnn_5class_smote,485,2,2,1,0.9999511241912842,0.5384615659713745,0.994145929813385,81.19473266601562
nsl_kdd_v2,dnn_5class_smote,486,3,0,0,0.9998958110809326,0.5384615659713745,0.003988604061305523,12.901595115661621
nsl_kdd_v2,dnn_5class_smote,487,0,0,1,0.9998958110809326,0.5384615659713745,0.003988604061305523,12.901595115661621
nsl_kdd_v2,dnn_5class_smote,488,0,2,0,0.9999511241912842,0.3333333432674408,0.994145929813385,69.1994400024414
nsl_kdd_v2,dnn_5class_smote,489,1,1,1,0.9998959302902222,0.5384615659713745,0.0,0.8135228157043457
nsl_kdd_v2,dnn_5class_smote,490,3,0,0,0.7290638089179993,0.5384615659713745,0.0,0.7322173714637756
nsl_kdd_v2,dnn_5class_smote,491,2,2,1,0.9999511241912842,0.4285714328289032,0.994145929813385,75.24610900878906
nsl_kdd_v2,dnn_5class_smote,492,1,1,1,0.9998959302902222,0.5384615659713745,0.0,0.8135228157043457
nsl_kdd_v2,dnn_5class_smote,493,2,2,1,0.9999511241912842,0.6666666865348816,0.994145929813385,87.18582153320312
nsl_kdd_v2,dnn_5class_smote,494,4,0,0,0.5624615550041199,0.6666666865348816,0.0,0.7211082577705383
nsl_kdd_v2,dnn_5class_smote,495,3,0,0,0.9998958110809326,0.5384615659713745,0.003988604061305523,12.901595115661621
nsl_kdd_v2,dnn_5class_smote,496,0,0,1,0.9998958110809326,0.25,0.003988604061305523,9.99014663696289
nsl_kdd_v2,dnn_5class_smote,497,4,0,0,0.9709588289260864,0.6666666865348816,0.0,0.8650405406951904
nsl_kdd_v2,dnn_5class_smote,498,3,0,0,0.9998958110809326,0.4285714328289032,0.003988604061305523,11.956377029418945
nsl_kdd_v2,dnn_5class_smote,499,1,1,1,0.9998959302902222,0.8181818127632141,0.0,0.9352652430534363
nsl_kdd_v2,dnn_5class_smote,500,0,0,1,0.9998958110809326,0.6666666865348816,0.003988604061305523,13.853561401367188
nsl_kdd_v2,dnn_5class_smote,501,0,0,1,0.9998958110809326,0.4285714328289032,0.003988604061305523,11.956377029418945
nsl_kdd_v2,dnn_5class_smote,502,0,0,1,0.9998958110809326,0.8181818127632141,0.003988604061305523,14.832298278808594
nsl_kdd_v2,dnn_5class_smote,503,0,0,1,0.9998958110809326,0.6666666865348816,0.003988604061305523,13.853561401367188
nsl_kdd_v2,dnn_5class_smote,504,3,0,0,0.991067111492157,0.4285714328289032,0.0,0.7516956329345703
nsl_kdd_v2,dnn_5class_smote,505,0,0,1,0.9998958110809326,0.5384615659713745,0.003988604061305523,12.901595115661621
nsl_kdd_v2,dnn_5class_smote,506,0,0,1,0.9998958110809326,0.5384615659713745,0.003988604061305523,12.901595115661621
nsl_kdd_v2,dnn_5class_smote,507,2,2,1,0.9999511241912842,0.5384615659713745,0.994145929813385,81.19473266601562
nsl_kdd_v2,dnn_5class_smote,508,1,1,1,0.9915988445281982,0.4285714328289032,0.0,0.7518300414085388
nsl_kdd_v2,dnn_5class_smote,509,0,0,1,0.9998958110809326,0.4285714328289032,0.003988604061305523,11.956377029418945
nsl_kdd_v2,dnn_5class_smote,510,0,0,1,0.9998958110809326,0.5384615659713745,0.003988604061305523,12.901595115661621
nsl_kdd_v2,dnn_5class_smote,511,1,1,1,0.9998959302902222,0.6666666865348816,0.0,0.8735500574111938
nsl_kdd_v2,dnn_5class_smote,512,3,0,0,0.9998958110809326,0.6666666865348816,0.003988604061305523,13.853561401367188
nsl_kdd_v2,dnn_5class_smote,513,3,0,0,0.9998958110809326,0.8181818127632141,0.003988604061305523,14.832298278808594
nsl_kdd_v2,dnn_5class_smote,514,0,0,1,0.9998958110809326,0.25,0.003988604061305523,9.99014663696289
nsl_kdd_v2,dnn_5class_smote,515,1,1,1,0.9998959302902222,0.3333333432674408,0.0,0.693337082862854
nsl_kdd_v2,dnn_5class_smote,516,3,0,0,0.9998958110809326,0.4285714328289032,0.003988604061305523,11.956377029418945
nsl_kdd_v2,dnn_5class_smote,517,2,0,0,0.7359446883201599,0.6666666865348816,0.0,0.7887110114097595
nsl_kdd_v2,dnn_5class_smote,518,1,1,1,0.9998959302902222,0.6666666865348816,0.0,0.8735500574111938
nsl_kdd_v2,dnn_5class_smote,519,2,2,1,0.9999511241912842,0.4285714328289032,0.994145929813385,75.24610900878906
nsl_kdd_v2,dnn_5class_smote,520,3,0,0,0.9998958110809326,0.5384615659713745,0.003988604061305523,12.901595115661621
nsl_kdd_v2,dnn_5class_smote,521,1,1,1,0.9998959302902222,0.4285714328289032,0.0,0.7539211511611938
nsl_kdd_v2,dnn_5class_smote,522,4,0,0,0.9846711754798889,0.6666666865348816,0.0,0.869093656539917
nsl_kdd_v2,dnn_5class_smote,523,3,0,0,0.7450934052467346,0.5384615659713745,0.0,0.7375447750091553
nsl_kdd_v2,dnn_5class_smote,524,3,0,0,0.9998958110809326,0.3333333432674408,0.003988604061305523,10.995579719543457
nsl_kdd_v2,dnn_5class_smote,525,2,2,1,0.9999511241912842,0.4285714328289032,0.994145929813385,75.24610900878906
nsl_kdd_v2,dnn_5class_smote,526,2,0,0,0.6744526624679565,0.4285714328289032,0.0,0.6611878275871277
nsl_kdd_v2,dnn_5class_smote,527,1,1,1,0.9998959302902222,0.5384615659713745,0.0,0.8135228157043457
nsl_kdd_v2,dnn_5class_smote,528,2,2,1,0.9999511241912842,0.5384615659713745,0.994145929813385,81.19473266601562
nsl_kdd_v2,dnn_5class_smote,529,4,0,0,0.9998958110809326,0.25,0.003988604061305523,9.99014663696289
nsl_kdd_v2,dnn_5class_smote,530,2,2,1,0.991523802280426,0.5384615659713745,0.0,0.8112459182739258
nsl_kdd_v2,dnn_5class_smote,531,2,0,0,0.9998958110809326,0.25,0.003988604061305523,9.99014663696289
nsl_kdd_v2,dnn_5class_smote,532,1,1,1,0.9998959302902222,0.4285714328289032,0.0,0.7539211511611938
nsl_kdd_v2,dnn_5class_smote,533,2,2,1,0.9999511241912842,0.5384615659713745,0.994145929813385,81.19473266601562
nsl_kdd_v2,dnn_5class_smote,534,3,0,0,0.9998958110809326,0.25,0.003988604061305523,9.99014663696289
nsl_kdd_v2,dnn_5class_smote,535,0,0,1,0.9998958110809326,0.5384615659713745,0.003988604061305523,12.901595115661621
nsl_kdd_v2,dnn_5class_smote,536,2,2,1,0.9956225752830505,0.5384615659713745,0.47569480538368225,63.41509246826172
nsl_kdd_v2,dnn_5class_smote,537,3,3,1,0.6817617416381836,0.6666666865348816,0.6590328216552734,66.90872955322266
nsl_kdd_v2,dnn_5class_smote,538,1,1,1,0.9955678582191467,0.5384615659713745,0.0,0.812347412109375
nsl_kdd_v2,dnn_5class_smote,539,0,0,1,0.9998958110809326,0.6666666865348816,0.003988604061305523,13.853561401367188
nsl_kdd_v2,dnn_5class_smote,540,4,0,0,0.6791291236877441,0.4285714328289032,0.0,0.6627124547958374
nsl_kdd_v2,dnn_5class_smote,541,2,2,1,0.991523802280426,0.5384615659713745,0.0,0.8112459182739258
nsl_kdd_v2,dnn_5class_smote,542,0,0,1,0.9998958110809326,0.4285714328289032,0.003988604061305523,11.956377029418945
nsl_kdd_v2,dnn_5class_smote,543,1,1,1,0.9998959302902222,0.4285714328289032,0.0,0.7539211511611938
nsl_kdd_v2,dnn_5class_smote,544,1,1,1,0.9998959302902222,0.5384615659713745,0.0,0.8135228157043457
nsl_kdd_v2,dnn_5class_smote,545,1,1,1,0.9998959302902222,0.4285714328289032,0.0,0.7539211511611938
nsl_kdd_v2,dnn_5class_smote,546,1,0,0,0.9770640730857849,0.5384615659713745,0.0,0.8072830438613892
nsl_kdd_v2,dnn_5class_smote,547,3,0,0,0.9998958110809326,0.4285714328289032,0.003988604061305523,11.956377029418945
nsl_kdd_v2,dnn_5class_smote,548,3,0,0,0.9998958110809326,0.4285714328289032,0.003988604061305523,11.956377029418945
nsl_kdd_v2,dnn_5class_smote,549,3,0,0,0.9998958110809326,0.3333333432674408,0.003988604061305523,10.995579719543457
nsl_kdd_v2,dnn_5class_smote,550,1,1,1,0.9998959302902222,0.3333333432674408,0.0,0.693337082862854
nsl_kdd_v2,dnn_5class_smote,551,2,2,1,0.9999511241912842,0.6666666865348816,0.994145929813385,87.18582153320312
nsl_kdd_v2,dnn_5class_smote,552,0,0,1,0.9998958110809326,0.5384615659713745,0.003988604061305523,12.901595115661621
nsl_kdd_v2,dnn_5class_smote,553,2,0,0,0.5143541693687439,0.6666666865348816,0.0,0.6999337673187256
nsl_kdd_v2,dnn_5class_smote,554,0,0,1,0.9998958110809326,0.6666666865348816,0.003988604061305523,13.853561401367188
nsl_kdd_v2,dnn_5class_smote,555,2,0,0,0.9998955726623535,0.4285714328289032,0.0017094017239287496,9.01447868347168
nsl_kdd_v2,dnn_5class_smote,556,3,0,0,0.9998958110809326,0.5384615659713745,0.003988604061305523,12.901595115661621
nsl_kdd_v2,dnn_5class_smote,557,1,3,0,0.9915988445281982,0.4285714328289032,0.9909988045692444,74.95675659179688
nsl_kdd_v2,dnn_5class_smote,558,0,0,1,0.9998958110809326,0.5384615659713745,0.003988604061305523,12.901595115661621
nsl_kdd_v2,dnn_5class_smote,559,0,0,1,0.9998958110809326,0.6666666865348816,0.003988604061305523,13.853561401367188
nsl_kdd_v2,dnn_5class_smote,560,0,0,1,0.9998958110809326,0.4285714328289032,0.003988604061305523,11.956377029418945
nsl_kdd_v2,dnn_5class_smote,561,0,0,1,0.9998958110809326,0.6666666865348816,0.003988604061305523,13.853561401367188
nsl_kdd_v2,dnn_5class_smote,562,3,0,0,0.9848645329475403,0.3333333432674408,0.0,0.6898452639579773
nsl_kdd_v2,dnn_5class_smote,563,2,2,1,0.9999511241912842,0.5384615659713745,0.994145929813385,81.19473266601562
nsl_kdd_v2,dnn_5class_smote,564,3,0,0,0.9998958110809326,0.5384615659713745,0.003988604061305523,12.901595115661621
nsl_kdd_v2,dnn_5class_smote,565,1,1,1,0.9998959302902222,0.25,0.0,0.6299386024475098
nsl_kdd_v2,dnn_5class_smote,566,3,0,0,0.9998958110809326,0.1764705926179886,0.003988604061305523,8.895068168640137
nsl_kdd_v2,dnn_5class_smote,567,0,0,1,0.9998958110809326,0.6666666865348816,0.003988604061305523,13.853561401367188
nsl_kdd_v2,dnn_5class_smote,568,0,0,1,0.9998958110809326,0.25,0.003988604061305523,9.99014663696289
nsl_kdd_v2,dnn_5class_smote,569,1,1,1,0.9998959302902222,0.5384615659713745,0.0,0.8135228157043457
nsl_kdd_v2,dnn_5class_smote,570,2,2,1,0.5303440093994141,0.6666666865348816,0.0,0.7071128487586975
nsl_kdd_v2,dnn_5class_smote,571,2,1,0,0.9998959302902222,0.4285714328289032,0.0,0.7539211511611938
nsl_kdd_v2,dnn_5class_smote,572,2,2,1,0.9999511241912842,0.5384615659713745,0.994145929813385,81.19473266601562
nsl_kdd_v2,dnn_5class_smote,573,3,0,0,0.9998958110809326,0.25,0.003988604061305523,9.99014663696289
nsl_kdd_v2,dnn_5class_smote,574,4,0,0,0.9935823082923889,0.6666666865348816,0.0,0.8717076182365417
nsl_kdd_v2,dnn_5class_smote,575,1,0,0,0.9998958110809326,0.5384615659713745,0.003988604061305523,12.901595115661621
nsl_kdd_v2,dnn_5class_smote,576,0,0,1,0.9998958110809326,0.3333333432674408,0.003988604061305523,10.995579719543457
nsl_kdd_v2,dnn_5class_smote,577,0,0,1,0.9998958110809326,0.5384615659713745,0.003988604061305523,12.901595115661621
nsl_kdd_v2,dnn_5class_smote,578,4,0,0,0.5535030961036682,0.5384615659713745,0.0,0.6679719090461731
nsl_kdd_v2,dnn_5class_smote,579,4,4,1,0.9761843681335449,0.4285714328289032,0.0,0.7479138970375061
nsl_kdd_v2,dnn_5class_smote,580,2,2,1,0.9999511241912842,0.5384615659713745,0.994145929813385,81.19473266601562
nsl_kdd_v2,dnn_5class_smote,581,0,0,1,0.9998958110809326,0.5384615659713745,0.003988604061305523,12.901595115661621
nsl_kdd_v2,dnn_5class_smote,582,1,0,0,0.970307469367981,0.5384615659713745,0.0,0.8054178953170776
nsl_kdd_v2,dnn_5class_smote,583,4,0,0,0.9823378920555115,0.5384615659713745,0.0,0.8087329864501953
nsl_kdd_v2,dnn_5class_smote,584,1,1,1,0.9998959302902222,0.8181818127632141,0.0,0.9352652430534363
nsl_kdd_v2,dnn_5class_smote,585,2,0,0,0.9998958110809326,0.3333333432674408,0.003988604061305523,10.995579719543457
nsl_kdd_v2,dnn_5class_smote,586,3,0,0,0.9998958110809326,0.5384615659713745,0.003988604061305523,12.901595115661621
nsl_kdd_v2,dnn_5class_smote,587,0,0,1,0.9998958110809326,0.5384615659713745,0.003988604061305523,12.901595115661621
nsl_kdd_v2,dnn_5class_smote,588,4,0,0,0.9998958110809326,0.25,0.003988604061305523,9.99014663696289
nsl_kdd_v2,dnn_5class_smote,589,3,0,0,0.9998958110809326,0.5384615659713745,0.003988604061305523,12.901595115661621
nsl_kdd_v2,dnn_5class_smote,590,2,2,1,0.9999511241912842,0.3333333432674408,0.994145929813385,69.1994400024414
nsl_kdd_v2,dnn_5class_smote,591,3,3,1,0.9955677390098572,0.4285714328289032,0.9952511787414551,75.16382598876953
nsl_kdd_v2,dnn_5class_smote,592,1,1,1,0.9998959302902222,0.1764705926179886,0.0,0.560887336730957
nsl_kdd_v2,dnn_5class_smote,593,3,0,0,0.9998958110809326,0.4285714328289032,0.003988604061305523,11.956377029418945
nsl_kdd_v2,dnn_5class_smote,594,2,2,1,0.9999511241912842,0.5384615659713745,0.994145929813385,81.19473266601562
nsl_kdd_v2,dnn_5class_smote,595,2,2,1,0.9956225752830505,0.6666666865348816,0.47569480538368225,68.09427642822266
nsl_kdd_v2,dnn_5class_smote,596,0,0,1,0.9998958110809326,0.4285714328289032,0.003988604061305523,11.956377029418945
nsl_kdd_v2,dnn_5class_smote,597,4,0,0,0.5777488350868225,0.6666666865348816,0.0,0.7275829911231995
nsl_kdd_v2,dnn_5class_smote,598,3,0,0,0.9998958110809326,0.4285714328289032,0.003988604061305523,11.956377029418945
nsl_kdd_v2,dnn_5class_smote,599,0,0,1,0.9998958110809326,0.4285714328289032,0.003988604061305523,11.956377029418945
nsl_kdd_v2,dnn_5class_smote,600,2,2,1,0.9999511241912842,0.6666666865348816,0.994145929813385,87.18582153320312
nsl_kdd_v2,dnn_5class_smote,601,2,2,1,0.9999511241912842,0.4285714328289032,0.994145929813385,75.24610900878906
nsl_kdd_v2,dnn_5class_smote,602,2,2,1,0.991523802280426,0.5384615659713745,0.0,0.8112459182739258
nsl_kdd_v2,dnn_5class_smote,603,1,1,1,0.9998959302902222,0.5384615659713745,0.0,0.8135228157043457
nsl_kdd_v2,dnn_5class_smote,604,1,1,1,0.9998959302902222,0.6666666865348816,0.0,0.8735500574111938
nsl_kdd_v2,dnn_5class_smote,605,1,1,1,0.9998959302902222,0.8181818127632141,0.0,0.9352652430534363
nsl_kdd_v2,dnn_5class_smote,606,0,0,1,0.9998958110809326,0.6666666865348816,0.003988604061305523,13.853561401367188
nsl_kdd_v2,dnn_5class_smote,607,2,2,1,0.9999511241912842,0.6666666865348816,0.994145929813385,87.18582153320312
nsl_kdd_v2,dnn_5class_smote,608,1,3,0,0.9915988445281982,0.4285714328289032,0.9909988045692444,74.95675659179688
nsl_kdd_v2,dnn_5class_smote,609,0,0,1,0.9998955726623535,0.5384615659713745,0.0017094017239287496,9.72712516784668
nsl_kdd_v2,dnn_5class_smote,610,1,1,1,0.9998959302902222,0.5384615659713745,0.0,0.8135228157043457
nsl_kdd_v2,dnn_5class_smote,611,1,1,1,0.9998959302902222,0.5384615659713745,0.0,0.8135228157043457
nsl_kdd_v2,dnn_5class_smote,612,2,2,1,0.9999511241912842,0.5384615659713745,0.994145929813385,81.19473266601562
nsl_kdd_v2,dnn_5class_smote,613,0,0,1,0.9998958110809326,0.4285714328289032,0.003988604061305523,11.956377029418945
nsl_kdd_v2,dnn_5class_smote,614,2,0,0,0.5302201509475708,0.8181818127632141,0.0,0.7570105791091919
nsl_kdd_v2,dnn_5class_smote,615,0,0,1,0.9998958110809326,0.5384615659713745,0.003988604061305523,12.901595115661621
nsl_kdd_v2,dnn_5class_smote,616,2,1,0,0.5723240375518799,0.5384615659713745,0.0,0.6754587292671204
nsl_kdd_v2,dnn_5class_smote,617,1,1,1,0.9998959302902222,0.5384615659713745,0.0,0.8135228157043457
nsl_kdd_v2,dnn_5class_smote,618,0,0,1,0.9998958110809326,0.6666666865348816,0.003988604061305523,13.853561401367188
nsl_kdd_v2,dnn_5class_smote,619,1,1,1,0.9998959302902222,0.4285714328289032,0.0,0.7539211511611938
nsl_kdd_v2,dnn_5class_smote,620,2,1,0,0.9915988445281982,0.5384615659713745,0.0,0.8112664222717285
nsl_kdd_v2,dnn_5class_smote,621,0,2,0,0.991523802280426,0.8181818127632141,0.0,0.9326476454734802
nsl_kdd_v2,dnn_5class_smote,622,1,1,1,0.9998959302902222,0.5384615659713745,0.0,0.8135228157043457
nsl_kdd_v2,dnn_5class_smote,623,3,0,0,0.7290638089179993,0.4285714328289032,0.0,0.6785723567008972
nsl_kdd_v2,dnn_5class_smote,624,4,4,1,0.9762348532676697,0.4285714328289032,0.0,0.7479268312454224
nsl_kdd_v2,dnn_5class_smote,625,2,0,0,0.984865128993988,0.5384615659713745,0.0,0.8094258308410645
nsl_kdd_v2,dnn_5class_smote,626,3,3,1,0.9915988445281982,0.5384615659713745,0.9909988045692444,80.88250732421875
nsl_kdd_v2,dnn_5class_smote,627,2,2,1,0.9999511241912842,0.5384615659713745,0.994145929813385,81.19473266601562
nsl_kdd_v2,dnn_5class_smote,628,1,1,1,0.9998959302902222,0.5384615659713745,0.0,0.8135228157043457
nsl_kdd_v2,dnn_5class_smote,629,0,0,1,0.9998958110809326,0.5384615659713745,0.003988604061305523,12.901595115661621
nsl_kdd_v2,dnn_5class_smote,630,1,1,1,0.6584839224815369,0.6666666865348816,0.0,0.7600075602531433
nsl_kdd_v2,dnn_5class_smote,631,3,0,0,0.9998958110809326,0.4285714328289032,0.003988604061305523,11.956377029418945
nsl_kdd_v2,dnn_5class_smote,632,1,1,1,0.9998959302902222,0.4285714328289032,0.0,0.7539211511611938
nsl_kdd_v2,dnn_5class_smote,633,1,0,0,0.5651790499687195,0.25,0.0,0.5208451151847839
nsl_kdd_v2,dnn_5class_smote,634,2,1,0,0.9998959302902222,0.5384615659713745,0.0,0.8135228157043457
nsl_kdd_v2,dnn_5class_smote,635,2,2,1,0.9999511241912842,0.4285714328289032,0.994145929813385,75.24610900878906
nsl_kdd_v2,dnn_5class_smote,636,3,0,0,0.9998958110809326,0.4285714328289032,0.003988604061305523,11.956377029418945
nsl_kdd_v2,dnn_5class_smote,637,0,0,1,0.9998955726623535,0.3333333432674408,0.0017094017239287496,8.290088653564453
nsl_kdd_v2,dnn_5class_smote,638,0,0,1,0.9998958110809326,0.6666666865348816,0.003988604061305523,13.853561401367188
nsl_kdd_v2,dnn_5class_smote,639,1,1,1,0.9915988445281982,0.4285714328289032,0.0,0.7518300414085388
nsl_kdd_v2,dnn_5class_smote,640,3,0,0,0.9998958110809326,0.4285714328289032,0.003988604061305523,11.956377029418945
nsl_kdd_v2,dnn_5class_smote,641,2,2,1,0.9999511241912842,0.4285714328289032,0.994145929813385,75.24610900878906
nsl_kdd_v2,dnn_5class_smote,642,1,1,1,0.9915988445281982,0.5384615659713745,0.0,0.8112664222717285
nsl_kdd_v2,dnn_5class_smote,643,1,1,1,0.9998959302902222,0.4285714328289032,0.0,0.7539211511611938
nsl_kdd_v2,dnn_5class_smote,644,1,1,1,0.9998959302902222,0.5384615659713745,0.0,0.8135228157043457
nsl_kdd_v2,dnn_5class_smote,645,2,2,1,0.991523802280426,0.8181818127632141,0.0,0.9326476454734802
nsl_kdd_v2,dnn_5class_smote,646,0,0,1,0.9998958110809326,0.5384615659713745,0.003988604061305523,12.901595115661621
nsl_kdd_v2,dnn_5class_smote,647,0,0,1,0.9998958110809326,0.6666666865348816,0.003988604061305523,13.853561401367188
nsl_kdd_v2,dnn_5class_smote,648,0,0,1,0.9998958110809326,0.6666666865348816,0.003988604061305523,13.853561401367188
nsl_kdd_v2,dnn_5class_smote,649,1,1,1,0.9998959302902222,0.4285714328289032,0.0,0.7539211511611938
nsl_kdd_v2,dnn_5class_smote,650,3,0,0,0.9998958110809326,0.4285714328289032,0.003988604061305523,11.956377029418945
nsl_kdd_v2,dnn_5class_smote,651,1,1,1,0.663408100605011,0.8181818127632141,0.0,0.8157243728637695
nsl_kdd_v2,dnn_5class_smote,652,0,0,1,0.9998958110809326,0.8181818127632141,0.003988604061305523,14.832298278808594
nsl_kdd_v2,dnn_5class_smote,653,1,1,1,0.9998959302902222,0.5384615659713745,0.0,0.8135228157043457
nsl_kdd_v2,dnn_5class_smote,654,3,0,0,0.9998958110809326,0.5384615659713745,0.003988604061305523,12.901595115661621
nsl_kdd_v2,dnn_5class_smote,655,1,1,1,0.9998959302902222,0.4285714328289032,0.0,0.7539211511611938
nsl_kdd_v2,dnn_5class_smote,656,2,0,0,0.9935826659202576,0.6666666865348816,0.0,0.8717076778411865
nsl_kdd_v2,dnn_5class_smote,657,3,3,1,0.6634080410003662,0.3333333432674408,0.6393682956695557,52.09589767456055
nsl_kdd_v2,dnn_5class_smote,658,3,0,0,0.9998958110809326,0.3333333432674408,0.003988604061305523,10.995579719543457
nsl_kdd_v2,dnn_5class_smote,659,4,4,1,0.8463641405105591,0.5384615659713745,0.0,0.7695507407188416
nsl_kdd_v2,dnn_5class_smote,660,3,0,0,0.9998958110809326,0.25,0.003988604061305523,9.99014663696289
nsl_kdd_v2,dnn_5class_smote,661,3,0,0,0.9998958110809326,0.4285714328289032,0.003988604061305523,11.956377029418945
nsl_kdd_v2,dnn_5class_smote,662,3,0,0,0.9998955726623535,0.3333333432674408,0.0017094017239287496,8.290088653564453
nsl_kdd_v2,dnn_5class_smote,663,2,2,1,0.8338350057601929,0.6666666865348816,0.0,0.8222355246543884
nsl_kdd_v2,dnn_5class_smote,664,4,0,0,0.9998958110809326,0.3333333432674408,0.003988604061305523,10.995579719543457
nsl_kdd_v2,dnn_5class_smote,665,0,0,1,0.9998958110809326,0.3333333432674408,0.003988604061305523,10.995579719543457
nsl_kdd_v2,dnn_5class_smote,666,1,1,1,0.9998959302902222,0.4285714328289032,0.0,0.7539211511611938
nsl_kdd_v2,dnn_5class_smote,667,0,0,1,0.9998955726623535,0.5384615659713745,0.0017094017239287496,9.72712516784668
nsl_kdd_v2,dnn_5class_smote,668,0,0,1,0.9998958110809326,0.8181818127632141,0.003988604061305523,14.832298278808594
nsl_kdd_v2,dnn_5class_smote,669,0,0,1,0.9998958110809326,0.3333333432674408,0.003988604061305523,10.995579719543457
nsl_kdd_v2,dnn_5class_smote,670,2,2,1,0.9999511241912842,0.5384615659713745,0.994145929813385,81.19473266601562
nsl_kdd_v2,dnn_5class_smote,671,3,4,0,0.8459488153457642,0.5384615659713745,0.0,0.7694247961044312
nsl_kdd_v2,dnn_5class_smote,672,0,0,1,0.9998958110809326,0.3333333432674408,0.003988604061305523,10.995579719543457
nsl_kdd_v2,dnn_5class_smote,673,3,0,0,0.9998958110809326,0.4285714328289032,0.003988604061305523,11.956377029418945
nsl_kdd_v2,dnn_5class_smote,674,2,2,1,0.5679672956466675,0.6666666865348816,0.0,0.7234535217285156
nsl_kdd_v2,dnn_5class_smote,675,0,0,1,0.9998958110809326,0.5384615659713745,0.003988604061305523,12.901595115661621
nsl_kdd_v2,dnn_5class_smote,676,0,0,1,0.9998958110809326,0.6666666865348816,0.003988604061305523,13.853561401367188
nsl_kdd_v2,dnn_5class_smote,677,3,0,0,0.9998958110809326,0.4285714328289032,0.003988604061305523,11.956377029418945
nsl_kdd_v2,dnn_5class_smote,678,2,0,0,0.543525755405426,0.6666666865348816,0.0,0.7129234671592712
nsl_kdd_v2,dnn_5class_smote,679,0,0,1,0.9998958110809326,0.6666666865348816,0.003988604061305523,13.853561401367188
nsl_kdd_v2,dnn_5class_smote,680,0,0,1,0.9998958110809326,0.5384615659713745,0.003988604061305523,12.901595115661621
nsl_kdd_v2,dnn_5class_smote,681,2,2,1,0.9999511241912842,0.6666666865348816,0.994145929813385,87.18582153320312
nsl_kdd_v2,dnn_5class_smote,682,1,1,1,0.9998959302902222,0.4285714328289032,0.0,0.7539211511611938
nsl_kdd_v2,dnn_5class_smote,683,2,0,0,0.9998958110809326,0.6666666865348816,0.003988604061305523,13.853561401367188
nsl_kdd_v2,dnn_5class_smote,684,1,1,1,0.9998959302902222,0.5384615659713745,0.0,0.8135228157043457
nsl_kdd_v2,dnn_5class_smote,685,3,0,0,0.9998958110809326,0.5384615659713745,0.003988604061305523,12.901595115661621
nsl_kdd_v2,dnn_5class_smote,686,3,0,0,0.9998958110809326,0.4285714328289032,0.003988604061305523,11.956377029418945
nsl_kdd_v2,dnn_5class_smote,687,0,0,1,0.9998958110809326,0.4285714328289032,0.003988604061305523,11.956377029418945
nsl_kdd_v2,dnn_5class_smote,688,4,0,0,0.9641223549842834,0.5384615659713745,0.0,0.8037029504776001
nsl_kdd_v2,dnn_5class_smote,689,0,0,1,0.9998958110809326,0.4285714328289032,0.003988604061305523,11.956377029418945
nsl_kdd_v2,dnn_5class_smote,690,2,2,1,0.9999511241912842,0.8181818127632141,0.994145929813385,93.34539794921875
nsl_kdd_v2,dnn_5class_smote,691,2,0,0,0.984865128993988,0.5384615659713745,0.0,0.8094258308410645
nsl_kdd_v2,dnn_5class_smote,692,0,0,1,0.9998958110809326,0.4285714328289032,0.003988604061305523,11.956377029418945
nsl_kdd_v2,dnn_5class_smote,693,1,0,0,0.9998955726623535,0.3333333432674408,0.0017094017239287496,8.290088653564453
nsl_kdd_v2,dnn_5class_smote,694,1,1,1,0.9998959302902222,0.4285714328289032,0.0,0.7539211511611938
nsl_kdd_v2,dnn_5class_smote,695,3,0,0,0.9998958110809326,0.3333333432674408,0.003988604061305523,10.995579719543457
nsl_kdd_v2,dnn_5class_smote,696,0,0,1,0.9910673499107361,0.3333333432674408,0.0,0.6912904977798462
nsl_kdd_v2,dnn_5class_smote,697,1,1,1,0.9915988445281982,0.4285714328289032,0.0,0.7518300414085388
nsl_kdd_v2,dnn_5class_smote,698,2,0,0,0.9998955726623535,0.5384615659713745,0.0017094017239287496,9.72712516784668
nsl_kdd_v2,dnn_5class_smote,699,0,0,1,0.9998958110809326,0.4285714328289032,0.003988604061305523,11.956377029418945
nsl_kdd_v2,dnn_5class_smote,700,4,0,0,0.7290638089179993,0.3333333432674408,0.0,0.6240432858467102
nsl_kdd_v2,dnn_5class_smote,701,0,0,1,0.9998958110809326,0.5384615659713745,0.003988604061305523,12.901595115661621
nsl_kdd_v2,dnn_5class_smote,702,1,1,1,0.9998959302902222,0.5384615659713745,0.0,0.8135228157043457
nsl_kdd_v2,dnn_5class_smote,703,2,0,0,0.6062743067741394,0.6666666865348816,0.0,0.7393655776977539
nsl_kdd_v2,dnn_5class_smote,704,1,1,1,0.9998959302902222,0.4285714328289032,0.0,0.7539211511611938
nsl_kdd_v2,dnn_5class_smote,705,0,0,1,0.9998958110809326,0.8181818127632141,0.003988604061305523,14.832298278808594
nsl_kdd_v2,dnn_5class_smote,706,2,2,1,0.6571175456047058,0.3333333432674408,0.0,0.6028008460998535
nsl_kdd_v2,dnn_5class_smote,707,0,0,1,0.9998958110809326,0.5384615659713745,0.003988604061305523,12.901595115661621
nsl_kdd_v2,dnn_5class_smote,708,3,0,0,0.9998958110809326,0.5384615659713745,0.003988604061305523,12.901595115661621
nsl_kdd_v2,dnn_5class_smote,709,2,2,1,0.9999511241912842,0.6666666865348816,0.994145929813385,87.18582153320312
nsl_kdd_v2,dnn_5class_smote,710,2,2,1,0.9999511241912842,0.5384615659713745,0.994145929813385,81.19473266601562
nsl_kdd_v2,dnn_5class_smote,711,0,0,1,0.9998958110809326,0.5384615659713745,0.003988604061305523,12.901595115661621
nsl_kdd_v2,dnn_5class_smote,712,3,0,0,0.9998958110809326,0.5384615659713745,0.003988604061305523,12.901595115661621
nsl_kdd_v2,dnn_5class_smote,713,2,2,1,0.9999511241912842,0.5384615659713745,0.994145929813385,81.19473266601562
nsl_kdd_v2,dnn_5class_smote,714,2,2,1,0.991523802280426,0.4285714328289032,0.0,0.7518110871315002
nsl_kdd_v2,dnn_5class_smote,715,2,2,1,0.9999511241912842,0.5384615659713745,0.994145929813385,81.19473266601562
nsl_kdd_v2,dnn_5class_smote,716,3,0,0,0.9998958110809326,0.25,0.003988604061305523,9.99014663696289
nsl_kdd_v2,dnn_5class_smote,717,0,0,1,0.9998958110809326,0.6666666865348816,0.003988604061305523,13.853561401367188
nsl_kdd_v2,dnn_5class_smote,718,3,0,0,0.9998958110809326,0.5384615659713745,0.003988604061305523,12.901595115661621
nsl_kdd_v2,dnn_5class_smote,719,2,2,1,0.9999511241912842,0.4285714328289032,0.994145929813385,75.24610900878906
nsl_kdd_v2,dnn_5class_smote,720,2,1,0,0.9955678582191467,0.5384615659713745,0.0,0.812347412109375
nsl_kdd_v2,dnn_5class_smote,721,0,0,1,0.9998958110809326,0.5384615659713745,0.003988604061305523,12.901595115661621
nsl_kdd_v2,dnn_5class_smote,722,0,0,1,0.9998958110809326,0.6666666865348816,0.003988604061305523,13.853561401367188
nsl_kdd_v2,dnn_5class_smote,723,0,0,1,0.9998958110809326,0.5384615659713745,0.003988604061305523,12.901595115661621
nsl_kdd_v2,dnn_5class_smote,724,0,0,1,0.9998958110809326,0.6666666865348816,0.003988604061305523,13.853561401367188
nsl_kdd_v2,dnn_5class_smote,725,0,0,1,0.9998958110809326,0.6666666865348816,0.003988604061305523,13.853561401367188
nsl_kdd_v2,dnn_5class_smote,726,3,0,0,0.9998958110809326,0.5384615659713745,0.003988604061305523,12.901595115661621
nsl_kdd_v2,dnn_5class_smote,727,2,2,1,0.9916531443595886,0.6666666865348816,0.00025700885453261435,5.538670539855957
nsl_kdd_v2,dnn_5class_smote,728,1,1,1,0.9998959302902222,0.5384615659713745,0.0,0.8135228157043457
nsl_kdd_v2,dnn_5class_smote,729,1,1,1,0.9090048670768738,0.3333333432674408,0.0,0.6716580986976624
nsl_kdd_v2,dnn_5class_smote,730,2,0,0,0.9846787452697754,0.8181818127632141,0.0,0.9304965138435364
nsl_kdd_v2,dnn_5class_smote,731,3,0,0,0.9998958110809326,0.6666666865348816,0.003988604061305523,13.853561401367188
nsl_kdd_v2,dnn_5class_smote,732,1,1,1,0.9998959302902222,0.5384615659713745,0.0,0.8135228157043457
nsl_kdd_v2,dnn_5class_smote,733,0,0,1,0.9998958110809326,0.3333333432674408,0.003988604061305523,10.995579719543457
nsl_kdd_v2,dnn_5class_smote,734,1,1,1,0.9998959302902222,0.4285714328289032,0.0,0.7539211511611938
nsl_kdd_v2,dnn_5class_smote,735,1,1,1,0.663408100605011,0.4285714328289032,0.0,0.657558798789978
nsl_kdd_v2,dnn_5class_smote,736,1,0,0,0.9998955726623535,0.5384615659713745,0.0017094017239287496,9.72712516784668
nsl_kdd_v2,dnn_5class_smote,737,1,1,1,0.9915988445281982,0.5384615659713745,0.0,0.8112664222717285
nsl_kdd_v2,dnn_5class_smote,738,3,0,0,0.9998958110809326,0.3333333432674408,0.003988604061305523,10.995579719543457
nsl_kdd_v2,dnn_5class_smote,739,0,0,1,0.9998955726623535,0.5384615659713745,0.0017094017239287496,9.72712516784668
nsl_kdd_v2,dnn_5class_smote,740,3,0,0,0.9998955726623535,0.5384615659713745,0.0017094017239287496,9.72712516784668
nsl_kdd_v2,dnn_5class_smote,741,0,0,1,0.9998958110809326,0.5384615659713745,0.003988604061305523,12.901595115661621
nsl_kdd_v2,dnn_5class_smote,742,2,2,1,0.9999511241912842,0.3333333432674408,0.994145929813385,69.1994400024414
nsl_kdd_v2,dnn_5class_smote,743,2,2,1,0.9999511241912842,0.8181818127632141,0.994145929813385,93.34539794921875
nsl_kdd_v2,dnn_5class_smote,744,3,0,0,0.9998958110809326,0.3333333432674408,0.003988604061305523,10.995579719543457
nsl_kdd_v2,dnn_5class_smote,745,2,2,1,0.9999511241912842,0.5384615659713745,0.994145929813385,81.19473266601562
nsl_kdd_v2,dnn_5class_smote,746,1,1,1,0.9915988445281982,0.5384615659713745,0.0,0.8112664222717285
nsl_kdd_v2,dnn_5class_smote,747,0,0,1,0.9998958110809326,0.5384615659713745,0.003988604061305523,12.901595115661621
nsl_kdd_v2,dnn_5class_smote,748,2,1,0,0.9998959302902222,0.5384615659713745,0.0,0.8135228157043457
nsl_kdd_v2,dnn_5class_smote,749,2,2,1,0.9999511241912842,0.3333333432674408,0.994145929813385,69.1994400024414
nsl_kdd_v2,dnn_5class_smote,750,0,0,1,0.9998958110809326,0.4285714328289032,0.003988604061305523,11.956377029418945
nsl_kdd_v2,dnn_5class_smote,751,2,2,1,0.9999511241912842,0.3333333432674408,0.994145929813385,69.1994400024414
nsl_kdd_v2,dnn_5class_smote,752,0,0,1,0.9998955726623535,0.5384615659713745,0.0017094017239287496,9.72712516784668
nsl_kdd_v2,dnn_5class_smote,753,2,0,0,0.9671269655227661,0.6666666865348816,0.0,0.8639010787010193
nsl_kdd_v2,dnn_5class_smote,754,3,0,0,0.9998958110809326,0.5384615659713745,0.003988604061305523,12.901595115661621
nsl_kdd_v2,dnn_5class_smote,755,1,1,1,0.9915988445281982,0.5384615659713745,0.0,0.8112664222717285
nsl_kdd_v2,dnn_5class_smote,756,0,1,0,0.9955678582191467,0.3333333432674408,0.0,0.692335307598114
nsl_kdd_v2,dnn_5class_smote,757,1,3,0,0.9915988445281982,0.4285714328289032,0.9909988045692444,74.95675659179688
nsl_kdd_v2,dnn_5class_smote,758,0,0,1,0.9998958110809326,0.4285714328289032,0.003988604061305523,11.956377029418945
nsl_kdd_v2,dnn_5class_smote,759,1,1,1,0.9998959302902222,0.3333333432674408,0.0,0.693337082862854
nsl_kdd_v2,dnn_5class_smote,760,3,0,0,0.9998958110809326,0.4285714328289032,0.003988604061305523,11.956377029418945
nsl_kdd_v2,dnn_5class_smote,761,0,0,1,0.9998958110809326,0.5384615659713745,0.003988604061305523,12.901595115661621
nsl_kdd_v2,dnn_5class_smote,762,0,0,1,0.9998958110809326,0.4285714328289032,0.003988604061305523,11.956377029418945
nsl_kdd_v2,dnn_5class_smote,763,3,0,0,0.9998958110809326,0.3333333432674408,0.003988604061305523,10.995579719543457
nsl_kdd_v2,dnn_5class_smote,764,0,0,1,0.9998958110809326,0.5384615659713745,0.003988604061305523,12.901595115661621
nsl_kdd_v2,dnn_5class_smote,765,3,0,0,0.5054544806480408,0.25,0.0,0.5018115043640137
nsl_kdd_v2,dnn_5class_smote,766,2,0,0,0.5184941291809082,0.4285714328289032,0.0,0.6056972742080688
nsl_kdd_v2,dnn_5class_smote,767,0,0,1,0.9998958110809326,0.6666666865348816,0.003988604061305523,13.853561401367188
nsl_kdd_v2,dnn_5class_smote,768,0,0,1,0.9998958110809326,0.5384615659713745,0.003988604061305523,12.901595115661621
nsl_kdd_v2,dnn_5class_smote,769,2,2,1,0.9916050434112549,0.5384615659713745,0.0,0.8112680912017822
nsl_kdd_v2,dnn_5class_smote,770,1,1,1,0.9998959302902222,0.4285714328289032,0.0,0.7539211511611938
nsl_kdd_v2,dnn_5class_smote,771,0,2,0,0.9956225752830505,0.5384615659713745,0.47569480538368225,63.41509246826172
nsl_kdd_v2,dnn_5class_smote,772,1,1,1,0.9998959302902222,0.3333333432674408,0.0,0.693337082862854
nsl_kdd_v2,dnn_5class_smote,773,1,1,1,0.9998959302902222,0.6666666865348816,0.0,0.8735500574111938
nsl_kdd_v2,dnn_5class_smote,774,3,0,0,0.9848646521568298,0.4285714328289032,0.0,0.7501242160797119
nsl_kdd_v2,dnn_5class_smote,775,3,0,0,0.9998958110809326,0.4285714328289032,0.003988604061305523,11.956377029418945
nsl_kdd_v2,dnn_5class_smote,776,3,0,0,0.9998955726623535,0.4285714328289032,0.0017094017239287496,9.01447868347168
nsl_kdd_v2,dnn_5class_smote,777,4,4,1,0.9764178991317749,0.5384615659713745,0.0,0.8071051239967346
nsl_kdd_v2,dnn_5class_smote,778,1,0,0,0.9998958110809326,0.6666666865348816,0.003988604061305523,13.853561401367188
nsl_kdd_v2,dnn_5class_smote,779,0,0,1,0.9998958110809326,0.5384615659713745,0.003988604061305523,12.901595115661621
nsl_kdd_v2,dnn_5class_smote,780,0,0,1,0.9998958110809326,0.8181818127632141,0.003988604061305523,14.832298278808594
nsl_kdd_v2,dnn_5class_smote,781,0,0,1,0.9998958110809326,0.6666666865348816,0.003988604061305523,13.853561401367188
nsl_kdd_v2,dnn_5class_smote,782,0,0,1,0.9998958110809326,0.4285714328289032,0.003988604061305523,11.956377029418945
nsl_kdd_v2,dnn_5class_smote,783,1,1,1,0.9998959302902222,0.5384615659713745,0.0,0.8135228157043457
nsl_kdd_v2,dnn_5class_smote,784,1,1,1,0.9915988445281982,0.5384615659713745,0.0,0.8112664222717285
nsl_kdd_v2,dnn_5class_smote,785,0,0,1,0.9998958110809326,0.4285714328289032,0.003988604061305523,11.956377029418945
nsl_kdd_v2,dnn_5class_smote,786,3,0,0,0.9998958110809326,0.4285714328289032,0.003988604061305523,11.956377029418945
nsl_kdd_v2,dnn_5class_smote,787,1,0,0,0.9998955726623535,0.3333333432674408,0.0017094017239287496,8.290088653564453
nsl_kdd_v2,dnn_5class_smote,788,1,1,1,0.9998959302902222,0.6666666865348816,0.0,0.8735500574111938
nsl_kdd_v2,dnn_5class_smote,789,4,0,0,0.9998958110809326,0.5384615659713745,0.003988604061305523,12.901595115661621
nsl_kdd_v2,dnn_5class_smote,790,0,0,1,0.9998958110809326,0.4285714328289032,0.003988604061305523,11.956377029418945
nsl_kdd_v2,dnn_5class_smote,791,0,0,1,0.9998958110809326,0.5384615659713745,0.003988604061305523,12.901595115661621
nsl_kdd_v2,dnn_5class_smote,792,1,1,1,0.9998959302902222,0.5384615659713745,0.0,0.8135228157043457
nsl_kdd_v2,dnn_5class_smote,793,2,1,0,0.9998959302902222,0.5384615659713745,0.0,0.8135228157043457
nsl_kdd_v2,dnn_5class_smote,794,1,1,1,0.9915988445281982,0.25,0.0,0.628191351890564
nsl_kdd_v2,dnn_5class_smote,795,2,0,0,0.9998953938484192,0.5384615659713745,0.0,0.8135227560997009
nsl_kdd_v2,dnn_5class_smote,796,2,0,0,0.6062741279602051,0.8181818127632141,0.0,0.7916008234024048
nsl_kdd_v2,dnn_5class_smote,797,1,1,1,0.9998959302902222,0.4285714328289032,0.0,0.7539211511611938
nsl_kdd_v2,dnn_5class_smote,798,1,1,1,0.9915988445281982,0.6666666865348816,0.0,0.8711271286010742
nsl_kdd_v2,dnn_5class_smote,799,3,0,0,0.9998958110809326,0.6666666865348816,0.003988604061305523,13.853561401367188
nsl_kdd_v2,dnn_5class_smote,800,2,1,0,0.9998959302902222,0.4285714328289032,0.0,0.7539211511611938
nsl_kdd_v2,dnn_5class_smote,801,2,2,1,0.9999511241912842,0.5384615659713745,0.994145929813385,81.19473266601562
nsl_kdd_v2,dnn_5class_smote,802,0,0,1,0.9998958110809326,0.3333333432674408,0.003988604061305523,10.995579719543457
nsl_kdd_v2,dnn_5class_smote,803,0,0,1,0.9998958110809326,0.6666666865348816,0.003988604061305523,13.853561401367188
nsl_kdd_v2,dnn_5class_smote,804,1,1,1,0.9998959302902222,0.6666666865348816,0.0,0.8735500574111938
nsl_kdd_v2,dnn_5class_smote,805,3,0,0,0.9998958110809326,0.5384615659713745,0.003988604061305523,12.901595115661621
nsl_kdd_v2,dnn_5class_smote,806,3,0,0,0.9998955726623535,0.4285714328289032,0.0017094017239287496,9.01447868347168
nsl_kdd_v2,dnn_5class_smote,807,2,1,0,0.5907149910926819,0.4285714328289032,0.0,0.632606565952301
nsl_kdd_v2,dnn_5class_smote,808,3,0,0,0.9998958110809326,0.6666666865348816,0.003988604061305523,13.853561401367188
nsl_kdd_v2,dnn_5class_smote,809,4,0,0,0.9998955726623535,0.4285714328289032,0.0017094017239287496,9.01447868347168
nsl_kdd_v2,dnn_5class_smote,810,0,0,1,0.9998958110809326,0.6666666865348816,0.003988604061305523,13.853561401367188
nsl_kdd_v2,dnn_5class_smote,811,4,0,0,0.9998958110809326,0.5384615659713745,0.003988604061305523,12.901595115661621
nsl_kdd_v2,dnn_5class_smote,812,2,2,1,0.935967743396759,0.6666666865348816,0.0,0.8545218110084534
nsl_kdd_v2,dnn_5class_smote,813,0,0,1,0.9998958110809326,0.6666666865348816,0.003988604061305523,13.853561401367188
nsl_kdd_v2,dnn_5class_smote,814,1,1,1,0.9998959302902222,0.4285714328289032,0.0,0.7539211511611938
nsl_kdd_v2,dnn_5class_smote,815,1,1,1,0.9998959302902222,0.6666666865348816,0.0,0.8735500574111938
nsl_kdd_v2,dnn_5class_smote,816,1,1,1,0.9998959302902222,0.3333333432674408,0.0,0.693337082862854
nsl_kdd_v2,dnn_5class_smote,817,2,2,1,0.9999511241912842,0.5384615659713745,0.994145929813385,81.19473266601562
nsl_kdd_v2,dnn_5class_smote,818,1,1,1,0.9998959302902222,0.6666666865348816,0.0,0.8735500574111938
nsl_kdd_v2,dnn_5class_smote,819,0,0,1,0.9998958110809326,0.4285714328289032,0.003988604061305523,11.956377029418945
nsl_kdd_v2,dnn_5class_smote,820,3,0,0,0.9998953938484192,0.6666666865348816,0.0,0.8735499382019043
nsl_kdd_v2,dnn_5class_smote,821,4,0,0,0.9998955726623535,0.6666666865348816,0.0017094017239287496,10.444856643676758
nsl_kdd_v2,dnn_5class_smote,822,1,1,1,0.9998959302902222,0.5384615659713745,0.0,0.8135228157043457
nsl_kdd_v2,dnn_5class_smote,823,3,0,0,0.9998958110809326,0.5384615659713745,0.003988604061305523,12.901595115661621
nsl_kdd_v2,dnn_5class_smote,824,1,1,1,0.9998959302902222,0.5384615659713745,0.0,0.8135228157043457
nsl_kdd_v2,dnn_5class_smote,825,1,1,1,0.9998959302902222,0.25,0.0,0.6299386024475098
nsl_kdd_v2,dnn_5class_smote,826,0,0,1,0.9998958110809326,0.3333333432674408,0.003988604061305523,10.995579719543457
nsl_kdd_v2,dnn_5class_smote,827,1,1,1,0.9998959302902222,0.5384615659713745,0.0,0.8135228157043457
nsl_kdd_v2,dnn_5class_smote,828,2,2,1,0.9999511241912842,0.6666666865348816,0.994145929813385,87.18582153320312
nsl_kdd_v2,dnn_5class_smote,829,2,2,1,0.9999511241912842,0.5384615659713745,0.994145929813385,81.19473266601562
nsl_kdd_v2,dnn_5class_smote,830,3,0,0,0.9998958110809326,0.25,0.003988604061305523,9.99014663696289
nsl_kdd_v2,dnn_5class_smote,831,3,3,1,0.6817617416381836,0.3333333432674408,0.6590328216552734,53.105499267578125
nsl_kdd_v2,dnn_5class_smote,832,1,1,1,0.9998959302902222,0.5384615659713745,0.0,0.8135228157043457
nsl_kdd_v2,dnn_5class_smote,833,2,0,0,0.7862380743026733,0.6666666865348816,0.0,0.8062831163406372
nsl_kdd_v2,dnn_5class_smote,834,1,1,1,0.9998959302902222,0.6666666865348816,0.0,0.8735500574111938
nsl_kdd_v2,dnn_5class_smote,835,2,2,1,0.9999511241912842,0.8181818127632141,0.994145929813385,93.34539794921875
nsl_kdd_v2,dnn_5class_smote,836,1,1,1,0.9998959302902222,0.25,0.0,0.6299386024475098
nsl_kdd_v2,dnn_5class_smote,837,4,4,1,0.8430184125900269,0.4285714328289032,0.0,0.7122296094894409
nsl_kdd_v2,dnn_5class_smote,838,3,0,0,0.9998958110809326,0.3333333432674408,0.003988604061305523,10.995579719543457
nsl_kdd_v2,dnn_5class_smote,839,3,0,0,0.9998958110809326,0.4285714328289032,0.003988604061305523,11.956377029418945
nsl_kdd_v2,dnn_5class_smote,840,0,0,1,0.9998958110809326,0.4285714328289032,0.003988604061305523,11.956377029418945
nsl_kdd_v2,dnn_5class_smote,841,0,0,1,0.9998958110809326,0.5384615659713745,0.003988604061305523,12.901595115661621
nsl_kdd_v2,dnn_5class_smote,842,3,0,0,0.9998958110809326,0.5384615659713745,0.003988604061305523,12.901595115661621
nsl_kdd_v2,dnn_5class_smote,843,0,0,1,0.5467414855957031,0.6666666865348816,0.0,0.7143266201019287
nsl_kdd_v2,dnn_5class_smote,844,1,1,1,0.9998959302902222,0.5384615659713745,0.0,0.8135228157043457
nsl_kdd_v2,dnn_5class_smote,845,3,0,0,0.9998958110809326,0.4285714328289032,0.003988604061305523,11.956377029418945
nsl_kdd_v2,dnn_5class_smote,846,0,0,1,0.9998958110809326,0.4285714328289032,0.003988604061305523,11.956377029418945
nsl_kdd_v2,dnn_5class_smote,847,1,1,1,0.9998959302902222,0.4285714328289032,0.0,0.7539211511611938
nsl_kdd_v2,dnn_5class_smote,848,1,1,1,0.9998959302902222,0.4285714328289032,0.0,0.7539211511611938
nsl_kdd_v2,dnn_5class_smote,849,4,0,0,0.9909239411354065,0.4285714328289032,0.0,0.7516594529151917
nsl_kdd_v2,dnn_5class_smote,850,2,0,0,0.9998958110809326,0.25,0.003988604061305523,9.99014663696289
nsl_kdd_v2,dnn_5class_smote,851,1,0,0,0.9846756458282471,0.5384615659713745,0.0,0.8093739748001099
nsl_kdd_v2,dnn_5class_smote,852,0,0,1,0.9998958110809326,0.5384615659713745,0.003988604061305523,12.901595115661621
nsl_kdd_v2,dnn_5class_smote,853,1,1,1,0.9998959302902222,0.4285714328289032,0.0,0.7539211511611938
nsl_kdd_v2,dnn_5class_smote,854,2,0,0,0.984865128993988,0.6666666865348816,0.0,0.8691507577896118
nsl_kdd_v2,dnn_5class_smote,855,3,0,0,0.9998958110809326,0.3333333432674408,0.003988604061305523,10.995579719543457
nsl_kdd_v2,dnn_5class_smote,856,1,1,1,0.9998959302902222,0.5384615659713745,0.0,0.8135228157043457
nsl_kdd_v2,dnn_5class_smote,857,0,0,1,0.9998958110809326,0.6666666865348816,0.003988604061305523,13.853561401367188
nsl_kdd_v2,dnn_5class_smote,858,3,0,0,0.9998958110809326,0.6666666865348816,0.003988604061305523,13.853561401367188
nsl_kdd_v2,dnn_5class_smote,859,3,0,0,0.9933010339736938,0.5384615659713745,0.0,0.8117303252220154
nsl_kdd_v2,dnn_5class_smote,860,3,0,0,0.9934372305870056,0.6666666865348816,0.0,0.8716651201248169
nsl_kdd_v2,dnn_5class_smote,861,1,0,0,0.9998953938484192,0.5384615659713745,0.0,0.8135227560997009
nsl_kdd_v2,dnn_5class_smote,862,1,0,0,0.9998955726623535,0.5384615659713745,0.0017094017239287496,9.72712516784668
nsl_kdd_v2,dnn_5class_smote,863,1,0,0,0.9998953938484192,0.3333333432674408,0.0,0.6933370232582092
nsl_kdd_v2,dnn_5class_smote,864,2,2,1,0.9916531443595886,0.5384615659713745,0.00025700885453261435,5.1580729484558105
nsl_kdd_v2,dnn_5class_smote,865,4,0,0,0.9998955726623535,0.4285714328289032,0.0017094017239287496,9.01447868347168
nsl_kdd_v2,dnn_5class_smote,866,3,0,0,0.9998958110809326,0.5384615659713745,0.003988604061305523,12.901595115661621
nsl_kdd_v2,dnn_5class_smote,867,3,0,0,0.9998958110809326,0.3333333432674408,0.003988604061305523,10.995579719543457
nsl_kdd_v2,dnn_5class_smote,868,3,0,0,0.5467414855957031,0.6666666865348816,0.0,0.7143266201019287
nsl_kdd_v2,dnn_5class_smote,869,4,0,0,0.9998958110809326,0.25,0.003988604061305523,9.99014663696289
nsl_kdd_v2,dnn_5class_smote,870,2,2,1,0.9999511241912842,0.5384615659713745,0.994145929813385,81.19473266601562
nsl_kdd_v2,dnn_5class_smote,871,3,0,0,0.9998958110809326,0.3333333432674408,0.003988604061305523,10.995579719543457
nsl_kdd_v2,dnn_5class_smote,872,2,2,1,0.9999511241912842,0.4285714328289032,0.994145929813385,75.24610900878906
nsl_kdd_v2,dnn_5class_smote,873,2,2,1,0.9999511241912842,0.5384615659713745,0.994145929813385,81.19473266601562
nsl_kdd_v2,dnn_5class_smote,874,1,1,1,0.9998959302902222,0.5384615659713745,0.0,0.8135228157043457
nsl_kdd_v2,dnn_5class_smote,875,1,1,1,0.9998959302902222,0.4285714328289032,0.0,0.7539211511611938
nsl_kdd_v2,dnn_5class_smote,876,0,0,1,0.9998958110809326,0.5384615659713745,0.003988604061305523,12.901595115661621
nsl_kdd_v2,dnn_5class_smote,877,0,0,1,0.9998958110809326,0.5384615659713745,0.003988604061305523,12.901595115661621
nsl_kdd_v2,dnn_5class_smote,878,3,0,0,0.9998958110809326,0.4285714328289032,0.003988604061305523,11.956377029418945
nsl_kdd_v2,dnn_5class_smote,879,2,2,1,0.9841272830963135,0.4285714328289032,0.0,0.7499369978904724
nsl_kdd_v2,dnn_5class_smote,880,1,1,1,0.9998959302902222,0.5384615659713745,0.0,0.8135228157043457
nsl_kdd_v2,dnn_5class_smote,881,4,0,0,0.8420562744140625,0.6666666865348816,0.0,0.8249289393424988
nsl_kdd_v2,dnn_5class_smote,882,0,0,1,0.9998958110809326,0.6666666865348816,0.003988604061305523,13.853561401367188
nsl_kdd_v2,dnn_5class_smote,883,2,2,1,0.9999511241912842,0.8181818127632141,0.994145929813385,93.34539794921875
nsl_kdd_v2,dnn_5class_smote,884,3,0,0,0.9934659004211426,0.6666666865348816,0.0,0.8716735243797302
nsl_kdd_v2,dnn_5class_smote,885,0,0,1,0.9998958110809326,0.4285714328289032,0.003988604061305523,11.956377029418945
nsl_kdd_v2,dnn_5class_smote,886,1,1,1,0.9915988445281982,0.3333333432674408,0.0,0.6914140582084656
nsl_kdd_v2,dnn_5class_smote,887,3,0,0,0.9998958110809326,0.5384615659713745,0.003988604061305523,12.901595115661621
nsl_kdd_v2,dnn_5class_smote,888,2,2,1,0.9916531443595886,0.6666666865348816,0.00025700885453261435,5.538670539855957
nsl_kdd_v2,dnn_5class_smote,889,0,0,1,0.9998958110809326,0.6666666865348816,0.003988604061305523,13.853561401367188
nsl_kdd_v2,dnn_5class_smote,890,2,2,1,0.9999511241912842,0.5384615659713745,0.994145929813385,81.19473266601562
nsl_kdd_v2,dnn_5class_smote,891,0,0,1,0.9846713542938232,0.6666666865348816,0.0,0.8690937161445618
nsl_kdd_v2,dnn_5class_smote,892,1,1,1,0.9998959302902222,0.4285714328289032,0.0,0.7539211511611938
nsl_kdd_v2,dnn_5class_smote,893,3,0,0,0.9998958110809326,0.6666666865348816,0.003988604061305523,13.853561401367188
nsl_kdd_v2,dnn_5class_smote,894,4,0,0,0.6624835133552551,0.5384615659713745,0.0,0.7092127799987793
nsl_kdd_v2,dnn_5class_smote,895,0,0,1,0.9998958110809326,0.4285714328289032,0.003988604061305523,11.956377029418945
nsl_kdd_v2,dnn_5class_smote,896,0,0,1,0.9998958110809326,0.6666666865348816,0.003988604061305523,13.853561401367188
nsl_kdd_v2,dnn_5class_smote,897,1,1,1,0.9998959302902222,0.4285714328289032,0.0,0.7539211511611938
nsl_kdd_v2,dnn_5class_smote,898,3,0,0,0.9998955726623535,0.5384615659713745,0.0017094017239287496,9.72712516784668
nsl_kdd_v2,dnn_5class_smote,899,0,0,1,0.9998958110809326,0.6666666865348816,0.003988604061305523,13.853561401367188
nsl_kdd_v2,dnn_5class_smote,900,1,1,1,0.663408100605011,0.6666666865348816,0.0,0.7618973255157471
nsl_kdd_v2,dnn_5class_smote,901,1,0,0,0.9998953938484192,0.5384615659713745,0.0,0.8135227560997009
nsl_kdd_v2,dnn_5class_smote,902,2,2,1,0.9999511241912842,0.3333333432674408,0.994145929813385,69.1994400024414
nsl_kdd_v2,dnn_5class_smote,903,0,0,1,0.9998958110809326,0.3333333432674408,0.003988604061305523,10.995579719543457
nsl_kdd_v2,dnn_5class_smote,904,1,1,1,0.9998959302902222,0.4285714328289032,0.0,0.7539211511611938
nsl_kdd_v2,dnn_5class_smote,905,2,0,0,0.9935804605484009,0.6666666865348816,0.0,0.871707022190094
nsl_kdd_v2,dnn_5class_smote,906,1,1,1,0.9998959302902222,0.5384615659713745,0.0,0.8135228157043457
nsl_kdd_v2,dnn_5class_smote,907,1,1,1,0.9915988445281982,0.5384615659713745,0.0,0.8112664222717285
nsl_kdd_v2,dnn_5class_smote,908,2,0,0,0.9935826659202576,0.3333333432674408,0.0,0.6918748617172241
nsl_kdd_v2,dnn_5class_smote,909,2,2,1,0.9999511241912842,0.6666666865348816,0.994145929813385,87.18582153320312
nsl_kdd_v2,dnn_5class_smote,910,2,2,1,0.9999511241912842,0.25,0.994145929813385,62.87186050415039
nsl_kdd_v2,dnn_5class_smote,911,4,3,0,0.9915988445281982,0.6666666865348816,0.9909988045692444,86.8505630493164
nsl_kdd_v2,dnn_5class_smote,912,1,1,1,0.9915988445281982,0.4285714328289032,0.0,0.7518300414085388
nsl_kdd_v2,dnn_5class_smote,913,1,0,0,0.5134804844856262,0.5384615659713745,0.0,0.6514675617218018
nsl_kdd_v2,dnn_5class_smote,914,0,0,1,0.9998958110809326,0.6666666865348816,0.003988604061305523,13.853561401367188
nsl_kdd_v2,dnn_5class_smote,915,2,2,1,0.9999511241912842,0.4285714328289032,0.994145929813385,75.24610900878906
nsl_kdd_v2,dnn_5class_smote,916,4,0,0,0.9998955726623535,0.6666666865348816,0.0017094017239287496,10.444856643676758
nsl_kdd_v2,dnn_5class_smote,917,0,0,1,0.9909566044807434,0.6666666865348816,0.0,0.8709389567375183
nsl_kdd_v2,dnn_5class_smote,918,0,0,1,0.9998958110809326,0.5384615659713745,0.003988604061305523,12.901595115661621
nsl_kdd_v2,dnn_5class_smote,919,1,1,1,0.9998959302902222,0.5384615659713745,0.0,0.8135228157043457
nsl_kdd_v2,dnn_5class_smote,920,3,0,0,0.9935780763626099,0.5384615659713745,0.0,0.8118058443069458
nsl_kdd_v2,dnn_5class_smote,921,1,1,1,0.9410842657089233,0.6666666865348816,0.0,0.8560760617256165
nsl_kdd_v2,dnn_5class_smote,922,1,1,1,0.9915988445281982,0.4285714328289032,0.0,0.7518300414085388
nsl_kdd_v2,dnn_5class_smote,923,3,0,0,0.9998958110809326,0.6666666865348816,0.003988604061305523,13.853561401367188
nsl_kdd_v2,dnn_5class_smote,924,3,3,1,0.6888988018035889,0.4285714328289032,0.6666796207427979,58.16993713378906
nsl_kdd_v2,dnn_5class_smote,925,1,3,0,0.9332426190376282,0.5384615659713745,0.9284747242927551,77.56035614013672
nsl_kdd_v2,dnn_5class_smote,926,3,0,0,0.9998958110809326,0.5384615659713745,0.003988604061305523,12.901595115661621
nsl_kdd_v2,dnn_5class_smote,927,3,0,0,0.9763790965080261,0.5384615659713745,0.0,0.807094395160675
nsl_kdd_v2,dnn_5class_smote,928,1,1,1,0.9998959302902222,0.6666666865348816,0.0,0.8735500574111938
nsl_kdd_v2,dnn_5class_smote,929,3,0,0,0.9998958110809326,0.4285714328289032,0.003988604061305523,11.956377029418945
nsl_kdd_v2,dnn_5class_smote,930,1,1,1,0.9998959302902222,0.5384615659713745,0.0,0.8135228157043457
nsl_kdd_v2,dnn_5class_smote,931,0,0,1,0.9998953938484192,0.5384615659713745,0.0,0.8135227560997009
nsl_kdd_v2,dnn_5class_smote,932,2,2,1,0.9956225752830505,0.5384615659713745,0.47569480538368225,63.41509246826172
nsl_kdd_v2,dnn_5class_smote,933,1,3,0,0.6966642737388611,0.5384615659713745,0.6749997138977051,63.26457977294922
nsl_kdd_v2,dnn_5class_smote,934,0,0,1,0.9998958110809326,0.6666666865348816,0.003988604061305523,13.853561401367188
nsl_kdd_v2,dnn_5class_smote,935,2,2,1,0.9999511241912842,0.6666666865348816,0.994145929813385,87.18582153320312
nsl_kdd_v2,dnn_5class_smote,936,4,0,0,0.9848641753196716,0.8181818127632141,0.0,0.9305548667907715
nsl_kdd_v2,dnn_5class_smote,937,4,0,0,0.9961295127868652,0.4285714328289032,0.0,0.7529733777046204
nsl_kdd_v2,dnn_5class_smote,938,3,0,0,0.9998958110809326,0.5384615659713745,0.003988604061305523,12.901595115661621
nsl_kdd_v2,dnn_5class_smote,939,0,0,1,0.9998958110809326,0.5384615659713745,0.003988604061305523,12.901595115661621
nsl_kdd_v2,dnn_5class_smote,940,1,1,1,0.9998959302902222,0.4285714328289032,0.0,0.7539211511611938
nsl_kdd_v2,dnn_5class_smote,941,2,0,0,0.5115165114402771,0.6666666865348816,0.0,0.69864422082901
nsl_kdd_v2,dnn_5class_smote,942,3,2,0,0.9013650417327881,0.8181818127632141,0.0,0.9034762978553772
nsl_kdd_v2,dnn_5class_smote,943,0,0,1,0.9998958110809326,0.25,0.003988604061305523,9.99014663696289
nsl_kdd_v2,dnn_5class_smote,944,1,1,1,0.9915988445281982,0.5384615659713745,0.0,0.8112664222717285
nsl_kdd_v2,dnn_5class_smote,945,3,0,0,0.9480764865875244,0.4285714328289032,0.0,0.7406654953956604
nsl_kdd_v2,dnn_5class_smote,946,3,0,0,0.9998958110809326,0.5384615659713745,0.003988604061305523,12.901595115661621
nsl_kdd_v2,dnn_5class_smote,947,1,1,1,0.9998959302902222,0.5384615659713745,0.0,0.8135228157043457
nsl_kdd_v2,dnn_5class_smote,948,0,0,1,0.9998958110809326,0.25,0.003988604061305523,9.99014663696289
nsl_kdd_v2,dnn_5class_smote,949,0,0,1,0.9998958110809326,0.6666666865348816,0.003988604061305523,13.853561401367188
nsl_kdd_v2,dnn_5class_smote,950,3,0,0,0.9998958110809326,0.4285714328289032,0.003988604061305523,11.956377029418945
nsl_kdd_v2,dnn_5class_smote,951,1,1,1,0.9998959302902222,0.4285714328289032,0.0,0.7539211511611938
nsl_kdd_v2,dnn_5class_smote,952,2,2,1,0.935967743396759,0.6666666865348816,0.0,0.8545218110084534
nsl_kdd_v2,dnn_5class_smote,953,0,0,1,0.9998958110809326,0.3333333432674408,0.003988604061305523,10.995579719543457
nsl_kdd_v2,dnn_5class_smote,954,1,2,0,0.935967743396759,0.5384615659713745,0.0,0.7958021759986877
nsl_kdd_v2,dnn_5class_smote,955,3,0,0,0.9846774935722351,0.4285714328289032,0.0,0.7500767111778259
nsl_kdd_v2,dnn_5class_smote,956,1,1,1,0.9998959302902222,0.6666666865348816,0.0,0.8735500574111938
nsl_kdd_v2,dnn_5class_smote,957,1,0,0,0.9661557674407959,0.4285714328289032,0.0,0.7453439235687256
nsl_kdd_v2,dnn_5class_smote,958,3,0,0,0.9998958110809326,0.3333333432674408,0.003988604061305523,10.995579719543457
nsl_kdd_v2,dnn_5class_smote,959,1,1,1,0.9998959302902222,0.6666666865348816,0.0,0.8735500574111938
nsl_kdd_v2,dnn_5class_smote,960,0,2,0,0.9999511241912842,0.6666666865348816,0.994145929813385,87.18582153320312
nsl_kdd_v2,dnn_5class_smote,961,2,2,1,0.9999511241912842,0.5384615659713745,0.994145929813385,81.19473266601562
nsl_kdd_v2,dnn_5class_smote,962,1,1,1,0.9998959302902222,0.6666666865348816,0.0,0.8735500574111938
nsl_kdd_v2,dnn_5class_smote,963,1,1,1,0.9998959302902222,0.3333333432674408,0.0,0.693337082862854
nsl_kdd_v2,dnn_5class_smote,964,0,0,1,0.9998958110809326,0.5384615659713745,0.003988604061305523,12.901595115661621
nsl_kdd_v2,dnn_5class_smote,965,1,1,1,0.9998959302902222,0.6666666865348816,0.0,0.8735500574111938
nsl_kdd_v2,dnn_5class_smote,966,3,0,0,0.9998958110809326,0.6666666865348816,0.003988604061305523,13.853561401367188
nsl_kdd_v2,dnn_5class_smote,967,1,1,1,0.9998959302902222,0.4285714328289032,0.0,0.7539211511611938
nsl_kdd_v2,dnn_5class_smote,968,3,3,1,0.8286332488059998,0.5384615659713745,0.816394031047821,71.41765594482422
nsl_kdd_v2,dnn_5class_smote,969,4,3,0,0.6919828653335571,0.4285714328289032,0.6699839234352112,58.35270309448242
nsl_kdd_v2,dnn_5class_smote,970,3,0,0,0.9998958110809326,0.4285714328289032,0.003988604061305523,11.956377029418945
nsl_kdd_v2,dnn_5class_smote,971,3,3,1,0.5931101441383362,0.4285714328289032,0.5640496015548706,52.33898162841797
nsl_kdd_v2,dnn_5class_smote,972,3,0,0,0.9998958110809326,0.25,0.003988604061305523,9.99014663696289
nsl_kdd_v2,dnn_5class_smote,973,0,0,1,0.9998958110809326,0.6666666865348816,0.003988604061305523,13.853561401367188
nsl_kdd_v2,dnn_5class_smote,974,0,0,1,0.9998958110809326,0.5384615659713745,0.003988604061305523,12.901595115661621
nsl_kdd_v2,dnn_5class_smote,975,2,2,1,0.9999511241912842,0.4285714328289032,0.994145929813385,75.24610900878906
nsl_kdd_v2,dnn_5class_smote,976,2,2,1,0.9999511241912842,0.4285714328289032,0.994145929813385,75.24610900878906
nsl_kdd_v2,dnn_5class_smote,977,4,4,1,0.9875439405441284,0.4285714328289032,0.0,0.7508038282394409
nsl_kdd_v2,dnn_5class_smote,978,2,2,1,0.9999511241912842,0.5384615659713745,0.994145929813385,81.19473266601562
nsl_kdd_v2,dnn_5class_smote,979,3,0,0,0.9998958110809326,0.5384615659713745,0.003988604061305523,12.901595115661621
nsl_kdd_v2,dnn_5class_smote,980,0,0,1,0.9998958110809326,0.5384615659713745,0.003988604061305523,12.901595115661621
nsl_kdd_v2,dnn_5class_smote,981,0,0,1,0.9998958110809326,0.4285714328289032,0.003988604061305523,11.956377029418945
nsl_kdd_v2,dnn_5class_smote,982,2,0,0,0.7311792373657227,0.8181818127632141,0.0,0.8426058888435364
nsl_kdd_v2,dnn_5class_smote,983,2,2,1,0.6776918768882751,0.5384615659713745,0.0,0.7145987749099731
nsl_kdd_v2,dnn_5class_smote,984,0,0,1,0.9998958110809326,0.5384615659713745,0.003988604061305523,12.901595115661621
nsl_kdd_v2,dnn_5class_smote,985,1,1,1,0.9998959302902222,0.6666666865348816,0.0,0.8735500574111938
nsl_kdd_v2,dnn_5class_smote,986,2,2,1,0.991523802280426,0.5384615659713745,0.0,0.8112459182739258
nsl_kdd_v2,dnn_5class_smote,987,3,0,0,0.9998958110809326,0.4285714328289032,0.003988604061305523,11.956377029418945
nsl_kdd_v2,dnn_5class_smote,988,3,0,0,0.9998958110809326,0.4285714328289032,0.003988604061305523,11.956377029418945
nsl_kdd_v2,dnn_5class_smote,989,1,1,1,0.9998959302902222,0.4285714328289032,0.0,0.7539211511611938
nsl_kdd_v2,dnn_5class_smote,990,3,0,0,0.9998958110809326,0.3333333432674408,0.003988604061305523,10.995579719543457
nsl_kdd_v2,dnn_5class_smote,991,2,2,1,0.991523802280426,0.8181818127632141,0.0,0.9326476454734802
nsl_kdd_v2,dnn_5class_smote,992,3,0,0,0.9998958110809326,0.4285714328289032,0.003988604061305523,11.956377029418945
nsl_kdd_v2,dnn_5class_smote,993,0,0,1,0.9998958110809326,0.25,0.003988604061305523,9.99014663696289
nsl_kdd_v2,dnn_5class_smote,994,0,0,1,0.9998958110809326,0.5384615659713745,0.003988604061305523,12.901595115661621
nsl_kdd_v2,dnn_5class_smote,995,1,1,1,0.9998959302902222,0.5384615659713745,0.0,0.8135228157043457
nsl_kdd_v2,dnn_5class_smote,996,1,1,1,0.9998959302902222,0.3333333432674408,0.0,0.693337082862854
nsl_kdd_v2,dnn_5class_smote,997,2,2,1,0.9956225752830505,0.4285714328289032,0.47569480538368225,58.769065856933594
nsl_kdd_v2,dnn_5class_smote,998,4,0,0,0.9998949766159058,0.4285714328289032,0.0,0.7539209723472595
nsl_kdd_v2,dnn_5class_smote,999,0,0,1,0.9998958110809326,0.5384615659713745,0.003988604061305523,12.901595115661621
