{
  "timestamp": "2026-05-29T16:21:20.583954",
  "n_models": 9,
  "n_eval_samples": 100,
  "n_background": 50,
  "global_spearman_stats": {
    "mean": 0.8698125652918218,
    "min": 0.6877414534530952,
    "max": 0.9532445775639968,
    "median": 0.8814014600381774
  },
  "global_top5_overlap_stats": {
    "mean": 3.4444444444444446,
    "min": 2,
    "max": 5,
    "count_5of5": 1,
    "count_4_or_better": 5
  },
  "per_class_spearman_stats": {
    "mean": 0.8214055351510263,
    "min": 0.6901455966721347,
    "median": 0.8228750223903193,
    "count_above_0.9": 6,
    "count_above_0.8": 30,
    "total": 45
  }
}