{
  "rf": {
    "accuracy": 0.7222100762765389,
    "f1_macro": 0.4949232178872789,
    "mcc": 0.6528650999861578,
    "per_class_f1": {
      "Normal": 0.8166630028577709,
      "Analysis": 0.05227655986509275,
      "Backdoor": 0.08441193021947102,
      "DoS": 0.293318071254829,
      "Exploits": 0.6936959208899877,
      "Fuzzers": 0.38124070533248355,
      "Generic": 0.9826555346081336,
      "Reconnaissance": 0.854289071680376,
      "Shellcode": 0.3341596430342092,
      "Worms": 0.45652173913043476
    },
    "time": 264.7
  },
  "xgb": {
    "accuracy": 0.7405504542583685,
    "f1_macro": 0.5252441448176325,
    "mcc": 0.6716288028008567,
    "per_class_f1": {
      "Normal": 0.8262870067700506,
      "Analysis": 0.05683453237410072,
      "Backdoor": 0.11610395919358757,
      "DoS": 0.4056776556776557,
      "Exploits": 0.6998354467137741,
      "Fuzzers": 0.37859299854602396,
      "Generic": 0.9846690830984025,
      "Reconnaissance": 0.8651315789473685,
      "Shellcode": 0.35567282321899735,
      "Worms": 0.5636363636363636
    },
    "time": 50.7
  }
}