{
  "rf_binary_cw": {
    "task": "binary",
    "strategies": {
      "1": "isotonic"
    },
    "brier_pre": {
      "1": 0.09505922177457056
    },
    "brier_post": {
      "1": 0.10611116842494432
    },
    "ece_pre": {
      "1": 0.10181430206233132
    },
    "ece_post": {
      "1": 0.11782112036564674
    }
  },
  "xgb_binary_cw": {
    "task": "binary",
    "strategies": {
      "1": "isotonic"
    },
    "brier_pre": {
      "1": 0.09668998395697943
    },
    "brier_post": {
      "1": 0.10874845153112314
    },
    "ece_pre": {
      "1": 0.10636646194740908
    },
    "ece_post": {
      "1": 0.12250788339658059
    }
  },
  "dnn_binary_cw": {
    "task": "binary",
    "strategies": {
      "1": "isotonic"
    },
    "brier_pre": {
      "1": 0.09840335819541636
    },
    "brier_post": {
      "1": 0.1160202332287106
    },
    "ece_pre": {
      "1": 0.10587192803657969
    },
    "ece_post": {
      "1": 0.13019570382039625
    }
  },
  "rf_5class_smote": {
    "task": "5class",
    "strategies": {
      "0": "isotonic",
      "1": "isotonic",
      "2": "isotonic",
      "3": "isotonic",
      "4": "isotonic"
    },
    "brier_pre": {
      "0": 0.111498087382928,
      "1": 0.050193516593624386,
      "2": 0.03481017927224194,
      "3": 0.1516650652462903,
      "4": 0.013011257943333125
    },
    "brier_post": {
      "0": 0.10983318225836922,
      "1": 0.04603411837330846,
      "2": 0.028059602247358074,
      "3": 0.159217913908142,
      "4": 0.005915510842286467
    },
    "ece_pre": {
      "0": 0.12723529638404849,
      "1": 0.03682439665214432,
      "2": 0.04400447955746155,
      "3": 0.10295228280454816,
      "4": 0.028460226859802287
    },
    "ece_post": {
      "0": 0.12020453127747845,
      "1": 0.003960848579591745,
      "2": 0.018817327252640115,
      "3": 0.11051733052045895,
      "4": 0.006658502382479208
    }
  },
  "xgb_5class_smote": {
    "task": "5class",
    "strategies": {
      "0": "isotonic",
      "1": "isotonic",
      "2": "isotonic",
      "3": "isotonic",
      "4": "isotonic"
    },
    "brier_pre": {
      "0": 0.10682262197625964,
      "1": 0.052109590810418785,
      "2": 0.03517240345611281,
      "3": 0.15350081574170307,
      "4": 0.008630842557754054
    },
    "brier_post": {
      "0": 0.10698499217313778,
      "1": 0.04531136367948022,
      "2": 0.028395327314004445,
      "3": 0.15848363318262013,
      "4": 0.005221707454766066
    },
    "ece_pre": {
      "0": 0.12399261600462853,
      "1": 0.028169983257796315,
      "2": 0.03657416510034321,
      "3": 0.11211097240952836,
      "4": 0.012058730625588017
    },
    "ece_post": {
      "0": 0.1214150714652958,
      "1": 0.006746759488955003,
      "2": 0.02198531001947247,
      "3": 0.11981745387050098,
      "4": 0.005489240286919369
    }
  },
  "dnn_5class_smote": {
    "task": "5class",
    "strategies": {
      "0": "isotonic",
      "1": "isotonic",
      "2": "isotonic",
      "3": "isotonic",
      "4": "isotonic"
    },
    "brier_pre": {
      "0": 0.1261723060136344,
      "1": 0.06261760909052994,
      "2": 0.04827453370913668,
      "3": 0.16735951616730838,
      "4": 0.029901695163209903
    },
    "brier_post": {
      "0": 0.11639170618323949,
      "1": 0.047282106105459416,
      "2": 0.032739034003738815,
      "3": 0.16289868540331218,
      "4": 0.006659628517133411
    },
    "ece_pre": {
      "0": 0.1446941292296245,
      "1": 0.06020097577753704,
      "2": 0.052553966995582846,
      "3": 0.14085045450059247,
      "4": 0.03974381351564612
    },
    "ece_post": {
      "0": 0.13026444062363307,
      "1": 0.0050923198135618825,
      "2": 0.02248061801030725,
      "3": 0.10400662146826654,
      "4": 0.00742595383615588
    }
  },
  "rf_5class_cw": {
    "task": "5class",
    "strategies": {
      "0": "isotonic",
      "1": "isotonic",
      "2": "isotonic",
      "3": "isotonic",
      "4": "isotonic"
    },
    "brier_pre": {
      "0": 0.1107337229930486,
      "1": 0.04880640712978447,
      "2": 0.033061550242769196,
      "3": 0.1471710129786103,
      "4": 0.008495185389601067
    },
    "brier_post": {
      "0": 0.10988198127088172,
      "1": 0.045930920216784535,
      "2": 0.026020967673991993,
      "3": 0.15534849614681434,
      "4": 0.005608112312617192
    },
    "ece_pre": {
      "0": 0.12341578717143153,
      "1": 0.027546451459624963,
      "2": 0.04179883326432183,
      "3": 0.09791189266411447,
      "4": 0.01928787360037544
    },
    "ece_post": {
      "0": 0.1178357986734756,
      "1": 0.0057581832365744936,
      "2": 0.015654340188499434,
      "3": 0.11086637591244494,
      "4": 0.00589650111461157
    }
  },
  "xgb_5class_cw": {
    "task": "5class",
    "strategies": {
      "0": "isotonic",
      "1": "isotonic",
      "2": "isotonic",
      "3": "isotonic",
      "4": "isotonic"
    },
    "brier_pre": {
      "0": 0.11232934334428628,
      "1": 0.05307445949359787,
      "2": 0.038971210388258966,
      "3": 0.159693600070924,
      "4": 0.011201168136388714
    },
    "brier_post": {
      "0": 0.11012093401739473,
      "1": 0.046072243401507056,
      "2": 0.026869169880325477,
      "3": 0.16453413794510813,
      "4": 0.005143286041972296
    },
    "ece_pre": {
      "0": 0.12895311458071437,
      "1": 0.031167395429387828,
      "2": 0.04449226771616217,
      "3": 0.12352780710303185,
      "4": 0.01546208858748536
    },
    "ece_post": {
      "0": 0.1238103791031377,
      "1": 0.011114159860552222,
      "2": 0.018189618306708965,
      "3": 0.12234785911405316,
      "4": 0.005466820675936123
    }
  },
  "dnn_5class_cw": {
    "task": "5class",
    "strategies": {
      "0": "isotonic",
      "1": "isotonic",
      "2": "isotonic",
      "3": "isotonic",
      "4": "isotonic"
    },
    "brier_pre": {
      "0": 0.14460700537465393,
      "1": 0.06111635220624702,
      "2": 0.04936428244073529,
      "3": 0.17259947082067176,
      "4": 0.037904647301788066
    },
    "brier_post": {
      "0": 0.12353718218241896,
      "1": 0.046225101915995666,
      "2": 0.03842443487908751,
      "3": 0.16571867385341713,
      "4": 0.00660538596419607
    },
    "ece_pre": {
      "0": 0.16147634105220077,
      "1": 0.06709337058919261,
      "2": 0.04871488702599191,
      "3": 0.13551506156271795,
      "4": 0.06440033031585651
    },
    "ece_post": {
      "0": 0.13578382861356691,
      "1": 0.002811218732587435,
      "2": 0.02130457787142488,
      "3": 0.10734868242824679,
      "4": 0.007719342824229642
    }
  }
}