Dataset,Model,Accuracy,MCC,ECE_before,ECE_after
CIC-IDS2017,rf_binary_cw,0.9981753193191192,0.9942143980812556,0.0011947100036919,0.0004761602317003
CIC-IDS2017,xgb_binary_cw,0.9989501837178494,0.9966781038347248,0.0007048226748435,0.0003724926484867
CIC-IDS2017,dnn_binary_cw,0.9712550303696853,0.9160150712730243,0.0133831466085742,0.0012746573573134
CIC-IDS2017,rf_5class_smote,0.9982003149448846,0.9945972548074269,0.001127998706189,0.0004898344955732
CIC-IDS2017,xgb_5class_smote,0.9988751968405529,0.9966293219994384,0.0009212593088577,0.0002908905615355
CIC-IDS2017,dnn_5class_smote,0.9642562551553479,0.9042717749249147,0.026223249340136,0.0031640706771947
