Target,Pair,feature_agreement,rank_agreement,sign_agreement,signed_rank_agreement,rank_correlation,pairwise_rank_agreement
binary,rf-xgb,0.6360871352240016,0.16177558569667,0.9979878195969444,0.1617344841759138,0.4704828805938543,0.6768781111567801
binary,rf-dnn,0.4005343197698257,0.0445951500205504,0.949387391619204,0.0427866831072746,-0.2981703595760312,0.3939078412567948
binary,xgb-dnn,0.4473900534319741,0.0577065351417993,0.947605836415946,0.0565556925606239,-0.1685934561396953,0.4395853313239268
5class,rf-xgb,0.7466913275791244,0.168434032059187,1.0,0.168434032059187,0.550563589034611,0.7141617573183561
5class,rf-dnn,0.5048088779284838,0.0675709001233036,1.0,0.0675709001233036,0.0581524243669742,0.5223272594419323
5class,xgb-dnn,0.4797369502671598,0.0657624332100274,1.0,0.0657624332100274,-0.1030950690630098,0.4682924601543597
