{
  "vanilla_rf_nslkdd_binary": {
    "accuracy": 0.7647711142654364,
    "f1_macro": 0.7635057957540872,
    "f1_weighted": 0.7611102078872392,
    "mcc": 0.5993310464170916
  },
  "vanilla_rf_nslkdd_5class": {
    "accuracy": 0.7501774308019872,
    "f1_macro": 0.4819065919976085,
    "f1_weighted": 0.7037245361650503,
    "mcc": 0.6390705934563098
  },
  "vanilla_rf_cicids2017_binary": {
    "accuracy": 0.9980753368160572,
    "f1_macro": 0.9969487044608314,
    "f1_weighted": 0.9980748270276611,
    "mcc": 0.9938977873506148
  },
  "vanilla_rf_cicids2017_5class": {
    "accuracy": 0.9981253280675881,
    "f1_macro": 0.9587562503524538,
    "f1_weighted": 0.9981178254037507,
    "mcc": 0.9943636922809838
  },
  "vanilla_xgb_nslkdd_binary": {
    "accuracy": 0.7878814762242725,
    "f1_macro": 0.7873641265757303,
    "f1_weighted": 0.7859116395228987,
    "mcc": 0.6325670002619415
  },
  "vanilla_xgb_nslkdd_5class": {
    "accuracy": 0.7769694819020582,
    "f1_macro": 0.585253581285944,
    "f1_weighted": 0.7443810248183537,
    "mcc": 0.6768548647045391
  },
  "vanilla_xgb_cicids2017_binary": {
    "accuracy": 0.9989501837178494,
    "f1_macro": 0.998337817078624,
    "f1_weighted": 0.9989505872044956,
    "mcc": 0.9966764342500521
  },
  "vanilla_xgb_cicids2017_5class": {
    "accuracy": 0.9990001749693803,
    "f1_macro": 0.9935484100664057,
    "f1_weighted": 0.9989992063957108,
    "mcc": 0.9969991081640723
  }
}