{
  "rf_binary_cw": {
    "target": "binary",
    "n_classes": 2,
    "before": {
      "ece_15": 0.06243990398759374,
      "adaptive_ece": 0.06113897229484505,
      "mce": 0.28599854047978546,
      "brier": 0.21552558324270352
    },
    "after": {
      "ece_15": 0.006197261284420987,
      "adaptive_ece": 0.007165289649649814,
      "mce": 0.05380933619097361,
      "brier": 0.14493614481714065
    },
    "reduction_pct": {
      "ece_15": 90.07483854290946,
      "adaptive_ece": 88.28032369419799,
      "mce": 81.18545077163536,
      "brier": 32.75223171351869
    }
  },
  "xgb_binary_cw": {
    "target": "binary",
    "n_classes": 2,
    "before": {
      "ece_15": 0.056032251657635174,
      "adaptive_ece": 0.055621896704222074,
      "mce": 0.3198038463084738,
      "brier": 0.19733379781246185
    },
    "after": {
      "ece_15": 0.003039223485986162,
      "adaptive_ece": 0.003666662162267907,
      "mce": 0.02100083415068732,
      "brier": 0.12698212265968323
    },
    "reduction_pct": {
      "ece_15": 94.57593904211411,
      "adaptive_ece": 93.40788002651915,
      "mce": 93.43321401756047,
      "brier": 35.651102817996765
    }
  },
  "dnn_binary_cw": {
    "target": "binary",
    "n_classes": 2,
    "before": {
      "ece_15": 0.06335647113083301,
      "adaptive_ece": 0.06508147830918955,
      "mce": 0.34485808266605933,
      "brier": 0.2162422239780426
    },
    "after": {
      "ece_15": 0.003568396803929297,
      "adaptive_ece": 0.00477431465782906,
      "mce": 0.01874085057596242,
      "brier": 0.14609991014003754
    },
    "reduction_pct": {
      "ece_15": 94.3677469085037,
      "adaptive_ece": 92.66409617318892,
      "mce": 94.5656339468459,
      "brier": 32.436918446199186
    }
  },
  "rf_5class_smote": {
    "target": "multiclass",
    "n_classes": 5,
    "before": {
      "ece_15": 0.09243557109711856,
      "adaptive_ece": 0.09221525601172699,
      "mce": 0.245,
      "brier": 0.37556693912848327
    },
    "after": {
      "ece_15": 0.036575133850468296,
      "adaptive_ece": 0.0330073195496408,
      "mce": 0.1513238483057121,
      "brier": 0.28218377759112984
    },
    "reduction_pct": {
      "ece_15": 60.4317543383378,
      "adaptive_ece": 64.20622684662582,
      "mce": 38.235163956852205,
      "brier": 24.86458519326873
    }
  },
  "xgb_5class_smote": {
    "target": "multiclass",
    "n_classes": 5,
    "before": {
      "ece_15": 0.1069739211657921,
      "adaptive_ece": 0.10709722685786102,
      "mce": 0.2519866133692902,
      "brier": 0.36386141180992126
    },
    "after": {
      "ece_15": 0.04266675240618338,
      "adaptive_ece": 0.03885251485671394,
      "mce": 0.1236004003742247,
      "brier": 0.25342226028442383
    },
    "reduction_pct": {
      "ece_15": 60.11480934679688,
      "adaptive_ece": 63.72220271559521,
      "mce": 50.94961644129624,
      "brier": 30.351982359478697
    }
  },
  "dnn_5class_smote": {
    "target": "multiclass",
    "n_classes": 5,
    "before": {
      "ece_15": 0.12877658903194922,
      "adaptive_ece": 0.1287766033437512,
      "mce": 0.36671938976584295,
      "brier": 0.42225971817970276
    },
    "after": {
      "ece_15": 0.06261807248747239,
      "adaptive_ece": 0.06253700564448687,
      "mce": 0.15741655440704316,
      "brier": 0.27310049533843994
    },
    "reduction_pct": {
      "ece_15": 51.374645843479385,
      "adaptive_ece": 51.437602778236794,
      "mce": 57.074384720274395,
      "brier": 35.324047362193454
    }
  }
}