{
  "rf_binary_cw": {
    "task": "binary",
    "strategies": {
      "1": "isotonic"
    },
    "brier_pre": {
      "1": 0.163276722918113
    },
    "brier_post": {
      "1": 0.16746603276315755
    },
    "ece_pre": {
      "1": 0.19004103502975536
    },
    "ece_post": {
      "1": 0.18680699532212733
    }
  },
  "xgb_binary_cw": {
    "task": "binary",
    "strategies": {
      "1": "isotonic"
    },
    "brier_pre": {
      "1": 0.19879520952347698
    },
    "brier_post": {
      "1": 0.19408220407438606
    },
    "ece_pre": {
      "1": 0.2078207961356828
    },
    "ece_post": {
      "1": 0.20652245636597705
    }
  },
  "dnn_binary_cw": {
    "task": "binary",
    "strategies": {
      "1": "isotonic"
    },
    "brier_pre": {
      "1": 0.17887274579855994
    },
    "brier_post": {
      "1": 0.1805379120636494
    },
    "ece_pre": {
      "1": 0.18033652178013818
    },
    "ece_post": {
      "1": 0.18283523874652466
    }
  },
  "rf_5class_smote": {
    "task": "5class",
    "strategies": {
      "0": "isotonic",
      "1": "isotonic",
      "2": "isotonic",
      "3": "isotonic",
      "4": "platt"
    },
    "brier_pre": {
      "0": 0.1509279368625323,
      "1": 0.0678525976131061,
      "2": 0.0361219887376465,
      "3": 0.10448478943200086,
      "4": 0.0021392161089235327
    },
    "brier_post": {
      "0": 0.19153905495264667,
      "1": 0.060946362020715544,
      "2": 0.041479032480289384,
      "3": 0.11931615515686403,
      "4": 0.002890054529017387
    },
    "ece_pre": {
      "0": 0.18103874968774208,
      "1": 0.06743046213209385,
      "2": 0.022673677799910343,
      "3": 0.108934025434176,
      "4": 0.0028453895280396236
    },
    "ece_post": {
      "0": 0.21071345381131804,
      "1": 0.06340751899573147,
      "2": 0.03948442409758064,
      "3": 0.12201662167847087,
      "4": 0.0029304121571619105
    }
  },
  "xgb_5class_smote": {
    "task": "5class",
    "strategies": {
      "0": "isotonic",
      "1": "isotonic",
      "2": "isotonic",
      "3": "isotonic",
      "4": "platt"
    },
    "brier_pre": {
      "0": 0.18237991224540065,
      "1": 0.06288258658125909,
      "2": 0.04123516512492522,
      "3": 0.10892158271399678,
      "4": 0.00225468820310398
    },
    "brier_post": {
      "0": 0.18404771405700474,
      "1": 0.061991127504753746,
      "2": 0.039686015918812864,
      "3": 0.1136827167454178,
      "4": 0.0025588877140441165
    },
    "ece_pre": {
      "0": 0.19425556740631095,
      "1": 0.06516304162232893,
      "2": 0.03761092236336927,
      "3": 0.11188243796861458,
      "4": 0.002322013482816481
    },
    "ece_post": {
      "0": 0.19821118685356398,
      "1": 0.06305150789067207,
      "2": 0.03397867397940065,
      "3": 0.11590361545570921,
      "4": 0.002606314878745722
    }
  },
  "dnn_5class_smote": {
    "task": "5class",
    "strategies": {
      "0": "isotonic",
      "1": "isotonic",
      "2": "isotonic",
      "3": "isotonic",
      "4": "platt"
    },
    "brier_pre": {
      "0": 0.18302001823106956,
      "1": 0.0637648434547404,
      "2": 0.05010588873034527,
      "3": 0.11833495629500299,
      "4": 0.006624000588560057
    },
    "brier_post": {
      "0": 0.19857873639465584,
      "1": 0.06461494663543636,
      "2": 0.04947385821644612,
      "3": 0.12130641133384734,
      "4": 0.002747650243024861
    },
    "ece_pre": {
      "0": 0.18324475345973734,
      "1": 0.06301297761007221,
      "2": 0.04811536277823379,
      "3": 0.11675330954985154,
      "4": 0.006871012448774574
    },
    "ece_post": {
      "0": 0.20564412655251998,
      "1": 0.061897836180314775,
      "2": 0.04715784408440486,
      "3": 0.12107986538914943,
      "4": 0.0022870461682130442
    }
  },
  "rf_5class_cw": {
    "task": "5class",
    "strategies": {
      "0": "isotonic",
      "1": "isotonic",
      "2": "isotonic",
      "3": "isotonic",
      "4": "platt"
    },
    "brier_pre": {
      "0": 0.1738915051295923,
      "1": 0.06750804389230881,
      "2": 0.040063401434122826,
      "3": 0.1118335749126914,
      "4": 0.0023874336009626464
    },
    "brier_post": {
      "0": 0.19744497253936935,
      "1": 0.06339242102721408,
      "2": 0.04617759501073718,
      "3": 0.12218354488953743,
      "4": 0.00283538843357641
    },
    "ece_pre": {
      "0": 0.20082781636133812,
      "1": 0.06538844696657521,
      "2": 0.026415835225746857,
      "3": 0.116200578075775,
      "4": 0.0011559162054545604
    },
    "ece_post": {
      "0": 0.21255961723966366,
      "1": 0.06735374687309319,
      "2": 0.04312792310952622,
      "3": 0.12402950402891619,
      "4": 0.002893044204224801
    }
  },
  "xgb_5class_cw": {
    "task": "5class",
    "strategies": {
      "0": "isotonic",
      "1": "isotonic",
      "2": "isotonic",
      "3": "isotonic",
      "4": "platt"
    },
    "brier_pre": {
      "0": 0.1855308558245128,
      "1": 0.06157373380532709,
      "2": 0.04063231571301392,
      "3": 0.11150864231557338,
      "4": 0.0024137382975401305
    },
    "brier_post": {
      "0": 0.18615681777684862,
      "1": 0.0606648451296119,
      "2": 0.04073785605864529,
      "3": 0.1104583253730713,
      "4": 0.002597703663594567
    },
    "ece_pre": {
      "0": 0.19457770165704288,
      "1": 0.06196441743055446,
      "2": 0.03817033916788646,
      "3": 0.11466600744952005,
      "4": 0.0022667272849821434
    },
    "ece_post": {
      "0": 0.1961653930249256,
      "1": 0.061147039010908955,
      "2": 0.03889019022686384,
      "3": 0.11400476223402628,
      "4": 0.0026435834433334725
    }
  },
  "dnn_5class_cw": {
    "task": "5class",
    "strategies": {
      "0": "isotonic",
      "1": "isotonic",
      "2": "isotonic",
      "3": "isotonic",
      "4": "platt"
    },
    "brier_pre": {
      "0": 0.15830349422560533,
      "1": 0.06606096015092028,
      "2": 0.05191282570907152,
      "3": 0.10790818175447464,
      "4": 0.017868195369527835
    },
    "brier_post": {
      "0": 0.19393999462734599,
      "1": 0.06746463321304176,
      "2": 0.04363862339561757,
      "3": 0.11969200745441408,
      "4": 0.004254643265458109
    },
    "ece_pre": {
      "0": 0.15593630307533488,
      "1": 0.06419195298538544,
      "2": 0.052113152733073466,
      "3": 0.1118141074523069,
      "4": 0.019375808525459864
    },
    "ece_post": {
      "0": 0.20175792407555926,
      "1": 0.06542429076533361,
      "2": 0.03802456063223745,
      "3": 0.12175643471757425,
      "4": 0.0070798887954811535
    }
  }
}