{
  "baseline": {
    "rf_binary_cw": {
      "ece": 0.1642231006467875,
      "mce": 0.6195509207809067,
      "brier": 0.32753605349850107,
      "nll": 0.7295001612593177,
      "accuracy": 0.7683640880056778,
      "f1_macro": 0.7671467940121948,
      "mean_conf": 0.932587188652465
    },
    "xgb_binary_cw": {
      "ece": 0.18874414240302895,
      "mce": 0.4148133485875231,
      "brier": 0.38446044158561465,
      "nll": 1.2096199953225046,
      "accuracy": 0.7968417317246274,
      "f1_macro": 0.7964664782602826,
      "mean_conf": 0.9843423962593079
    },
    "dnn_binary_cw": {
      "ece": 0.19021429257392036,
      "mce": 0.5911384869794376,
      "brier": 0.37977872295569337,
      "nll": 1.6218691117458917,
      "accuracy": 0.7915188076650106,
      "f1_macro": 0.7914767938229043,
      "mean_conf": 0.9817332029342651
    },
    "rf_5class_smote": {
      "ece": 0.16154338341528948,
      "mce": 0.6626448234590065,
      "brier": 0.3599046670071007,
      "nll": 1.5428109658646882,
      "accuracy": 0.7507984386089425,
      "f1_macro": 0.5184174276305846,
      "mean_conf": 0.911996719114367
    },
    "xgb_5class_smote": {
      "ece": 0.18340447734092208,
      "mce": 0.44231685996055603,
      "brier": 0.38762286870696444,
      "nll": 1.7584550614910845,
      "accuracy": 0.7961320085166785,
      "f1_macro": 0.6288230045060246,
      "mean_conf": 0.9788711667060852
    },
    "dnn_5class_smote": {
      "ece": 0.19862129284376956,
      "mce": 0.5663717985153198,
      "brier": 0.4072445260413559,
      "nll": 2.499579848478078,
      "accuracy": 0.7907203690560681,
      "f1_macro": 0.5851741936596976,
      "mean_conf": 0.988996684551239
    }
  },
  "winners": {
    "rf_binary_cw": {
      "variant": "iso_perclass",
      "ece": 0.0029287540904281905,
      "baseline_ece": 0.1642231006467875,
      "reduction": 0.1612943465563593
    },
    "xgb_binary_cw": {
      "variant": "iso_global",
      "ece": 0.005374738278965996,
      "baseline_ece": 0.18874414240302895,
      "reduction": 0.18336940412406294
    },
    "dnn_binary_cw": {
      "variant": "iso_perclass",
      "ece": 0.006256855389723278,
      "baseline_ece": 0.19021429257392036,
      "reduction": 0.18395743718419708
    },
    "rf_5class_smote": {
      "variant": "iso_global",
      "ece": 0.04341542033733778,
      "baseline_ece": 0.16154338341528948,
      "reduction": 0.1181279630779517
    },
    "xgb_5class_smote": {
      "variant": "iso_global",
      "ece": 0.059097568700823715,
      "baseline_ece": 0.18340447734092208,
      "reduction": 0.12430690864009836
    },
    "dnn_5class_smote": {
      "variant": "iso_perclass",
      "ece": 0.02925550595264305,
      "baseline_ece": 0.19862129284376956,
      "reduction": 0.16936578689112652
    }
  },
  "method": "test-set 50/50 stratified split; iso for trees, temp+iso for DNN"
}