{
  "rf_binary_cw": {
    "task": "binary",
    "method": "dirichlet_odir",
    "success": true,
    "brier_pre": {
      "0": 0.163276722918113,
      "1": 0.163276722918113
    },
    "brier_post": {
      "0": 0.16627859141473159,
      "1": 0.16627859141473159
    },
    "ece_pre": {
      "0": 0.19019185121144455,
      "1": 0.19004103502975536
    },
    "ece_post": {
      "0": 0.19194365421227721,
      "1": 0.19194365421227716
    }
  },
  "xgb_binary_cw": {
    "task": "binary",
    "method": "dirichlet_odir",
    "success": true,
    "brier_pre": {
      "0": 0.19879520962315153,
      "1": 0.19879520952347698
    },
    "brier_post": {
      "0": 0.19292121836137902,
      "1": 0.19292121836137902
    },
    "ece_pre": {
      "0": 0.2078207707456374,
      "1": 0.2078207961356828
    },
    "ece_post": {
      "0": 0.205418812907116,
      "1": 0.20541881290711597
    }
  },
  "dnn_binary_cw": {
    "task": "binary",
    "method": "dirichlet_odir",
    "success": true,
    "brier_pre": {
      "0": 0.17887274594660452,
      "1": 0.17887274579855994
    },
    "brier_post": {
      "0": 0.17723309616297142,
      "1": 0.17723309616297142
    },
    "ece_pre": {
      "0": 0.1803365019228983,
      "1": 0.18033652178013818
    },
    "ece_post": {
      "0": 0.1789155278675326,
      "1": 0.1789155278675326
    }
  },
  "rf_5class_smote": {
    "task": "5class",
    "method": "dirichlet_odir",
    "success": true,
    "brier_pre": {
      "0": 0.1509279368625323,
      "1": 0.0678525976131061,
      "2": 0.0361219887376465,
      "3": 0.10448478943200086,
      "4": 0.0021392161089235327
    },
    "brier_post": {
      "0": 0.17263754859921598,
      "1": 0.07023299321357437,
      "2": 0.03878787400123436,
      "3": 0.11413258830927146,
      "4": 0.0028732557095378316
    },
    "ece_pre": {
      "0": 0.18103874968774208,
      "1": 0.06743046213209385,
      "2": 0.022673677799910343,
      "3": 0.108934025434176,
      "4": 0.0028453895280396236
    },
    "ece_post": {
      "0": 0.20090377307497614,
      "1": 0.07230666280167697,
      "2": 0.0256636285505017,
      "3": 0.11811597276166882,
      "4": 0.004951267505133026
    }
  },
  "xgb_5class_smote": {
    "task": "5class",
    "method": "dirichlet_odir",
    "success": true,
    "brier_pre": {
      "0": 0.18237991224540065,
      "1": 0.06288258658125909,
      "2": 0.04123516512492522,
      "3": 0.10892158271399678,
      "4": 0.00225468820310398
    },
    "brier_post": {
      "0": 0.18326267617004807,
      "1": 0.06371875919510417,
      "2": 0.04074699829339799,
      "3": 0.11232513401374424,
      "4": 0.0025927436261465138
    },
    "ece_pre": {
      "0": 0.19425556740631095,
      "1": 0.06516304162232893,
      "2": 0.03761092236336927,
      "3": 0.11188243796861458,
      "4": 0.002322013482816481
    },
    "ece_post": {
      "0": 0.1979053390196418,
      "1": 0.06596914094813201,
      "2": 0.0367946378430309,
      "3": 0.11568770689860823,
      "4": 0.000900852108661699
    }
  },
  "dnn_5class_smote": {
    "task": "5class",
    "method": "dirichlet_odir",
    "success": true,
    "brier_pre": {
      "0": 0.18302001823106956,
      "1": 0.0637648434547404,
      "2": 0.05010588873034527,
      "3": 0.11833495629500299,
      "4": 0.006624000588560057
    },
    "brier_post": {
      "0": 0.1915127997653605,
      "1": 0.06359951545727967,
      "2": 0.04923615000863653,
      "3": 0.12400014100446304,
      "4": 0.002973773781636715
    },
    "ece_pre": {
      "0": 0.18324475345973734,
      "1": 0.06301297761007221,
      "2": 0.04811536277823379,
      "3": 0.11675330954985154,
      "4": 0.006871012448774574
    },
    "ece_post": {
      "0": 0.19370873443944725,
      "1": 0.061574260134154526,
      "2": 0.04605089733542519,
      "3": 0.12357101603835721,
      "4": 0.0016631009464057938
    }
  },
  "rf_5class_cw": {
    "task": "5class",
    "method": "dirichlet_odir",
    "success": true,
    "brier_pre": {
      "0": 0.1738915051295923,
      "1": 0.06750804389230881,
      "2": 0.040063401434122826,
      "3": 0.1118335749126914,
      "4": 0.0023874336009626464
    },
    "brier_post": {
      "0": 0.18375916881128382,
      "1": 0.07401584135066548,
      "2": 0.041881276351913584,
      "3": 0.11592000642371045,
      "4": 0.0031834529642159686
    },
    "ece_pre": {
      "0": 0.20082781636133812,
      "1": 0.06538844696657521,
      "2": 0.026415835225746857,
      "3": 0.116200578075775,
      "4": 0.0011559162054545604
    },
    "ece_post": {
      "0": 0.21007758209601457,
      "1": 0.07453865295117802,
      "2": 0.03364944103955802,
      "3": 0.12031027763340049,
      "4": 0.003332677097021905
    }
  },
  "xgb_5class_cw": {
    "task": "5class",
    "method": "dirichlet_odir",
    "success": true,
    "brier_pre": {
      "0": 0.1855308558245128,
      "1": 0.06157373380532709,
      "2": 0.04063231571301392,
      "3": 0.11150864231557338,
      "4": 0.0024137382975401305
    },
    "brier_post": {
      "0": 0.19005604227045736,
      "1": 0.06232588254717676,
      "2": 0.041115471816549086,
      "3": 0.11650975235132,
      "4": 0.0027297674257691926
    },
    "ece_pre": {
      "0": 0.19457770165704288,
      "1": 0.06196441743055446,
      "2": 0.03817033916788646,
      "3": 0.11466600744952005,
      "4": 0.0022667272849821434
    },
    "ece_post": {
      "0": 0.2011634277404467,
      "1": 0.06372373455863056,
      "2": 0.03903863989210703,
      "3": 0.11850703864630198,
      "4": 0.001227263997151304
    }
  },
  "dnn_5class_cw": {
    "task": "5class",
    "method": "dirichlet_odir",
    "success": true,
    "brier_pre": {
      "0": 0.15830349422560533,
      "1": 0.06606096015092028,
      "2": 0.05191282570907152,
      "3": 0.10790818175447464,
      "4": 0.017868195369527835
    },
    "brier_post": {
      "0": 0.18962236860583878,
      "1": 0.06794683483008702,
      "2": 0.04610103809236742,
      "3": 0.11100340848050107,
      "4": 0.0029339314549674403
    },
    "ece_pre": {
      "0": 0.15593630307533488,
      "1": 0.06419195298538544,
      "2": 0.052113152733073466,
      "3": 0.1118141074523069,
      "4": 0.019375808525459864
    },
    "ece_post": {
      "0": 0.18750358305087614,
      "1": 0.06572283717640542,
      "2": 0.04294562572035521,
      "3": 0.11132432079812479,
      "4": 0.000512024532884264
    }
  }
}