{
  "rf_binary_cw": {
    "task": "binary",
    "strategies": {
      "1": "isotonic"
    },
    "brier_pre": {
      "1": 0.0014102532492766095
    },
    "brier_post": {
      "1": 0.00131415267796889
    },
    "ece_pre": {
      "1": 0.001589336045796148
    },
    "ece_post": {
      "1": 0.0004731171449311643
    }
  },
  "xgb_binary_cw": {
    "task": "binary",
    "strategies": {
      "1": "isotonic"
    },
    "brier_pre": {
      "1": 0.0009032996095202988
    },
    "brier_post": {
      "1": 0.0008996094608229763
    },
    "ece_pre": {
      "1": 0.000721624433439048
    },
    "ece_post": {
      "1": 0.00012050570668225766
    }
  },
  "dnn_binary_cw": {
    "task": "binary",
    "strategies": {
      "1": "isotonic"
    },
    "brier_pre": {
      "1": 0.02080684510995936
    },
    "brier_post": {
      "1": 0.01594086765266489
    },
    "ece_pre": {
      "1": 0.019849567820746396
    },
    "ece_post": {
      "1": 0.0017119690746021804
    }
  },
  "rf_5class_smote": {
    "task": "5class",
    "strategies": {
      "0": "isotonic",
      "1": "isotonic",
      "2": "isotonic",
      "3": "isotonic",
      "4": "platt"
    },
    "brier_pre": {
      "0": 0.001553894102017329,
      "1": 0.0007759387286768663,
      "2": 0.00037981422125214396,
      "3": 0.0003997888301876453,
      "4": 3.498025174353224e-05
    },
    "brier_post": {
      "0": 0.0013849711919385376,
      "1": 0.000624820668668938,
      "2": 0.0003440050586906663,
      "3": 0.000380794676757853,
      "4": 4.9940209650792006e-05
    },
    "ece_pre": {
      "0": 0.0029406929345688806,
      "1": 0.0015173456532153254,
      "2": 0.0005345148618711499,
      "3": 0.001198822824974631,
      "4": 7.660841871038134e-05
    },
    "ece_post": {
      "0": 0.0004411670319929412,
      "1": 0.0003077115121695238,
      "2": 0.0001393050172500161,
      "3": 0.0002385638783174617,
      "4": 5.0896264060227035e-05
    }
  },
  "xgb_5class_smote": {
    "task": "5class",
    "strategies": {
      "0": "isotonic",
      "1": "isotonic",
      "2": "isotonic",
      "3": "isotonic",
      "4": "platt"
    },
    "brier_pre": {
      "0": 0.0010768288966824453,
      "1": 0.000503692632235936,
      "2": 0.0002972384213730944,
      "3": 0.0003001587007002392,
      "4": 2.5543025453976013e-05
    },
    "brier_post": {
      "0": 0.0010113089458221225,
      "1": 0.00043462446409229285,
      "2": 0.00030184346509547953,
      "3": 0.0002710730867191529,
      "4": 2.5007517373338432e-05
    },
    "ece_pre": {
      "0": 0.0010411966835953256,
      "1": 0.0004984369194510578,
      "2": 0.0002450146015498449,
      "3": 0.0003144694768183763,
      "4": 2.6048195530686828e-05
    },
    "ece_post": {
      "0": 0.0001597185435853351,
      "1": 0.00025334307433585784,
      "2": 0.00019336432518267334,
      "3": 0.00014875549208025684,
      "4": 2.370096751150006e-05
    }
  },
  "dnn_5class_smote": {
    "task": "5class",
    "strategies": {
      "0": "isotonic",
      "1": "isotonic",
      "2": "isotonic",
      "3": "isotonic",
      "4": "platt"
    },
    "brier_pre": {
      "0": 0.028544296022042986,
      "1": 0.010807441546959074,
      "2": 0.010448620493633577,
      "3": 0.005755217126649862,
      "4": 0.000661686415462515
    },
    "brier_post": {
      "0": 0.013824875897348717,
      "1": 0.005561390276346032,
      "2": 0.006895980557473903,
      "3": 0.00046646964463179717,
      "4": 0.00017489417782169163
    },
    "ece_pre": {
      "0": 0.03259636109020822,
      "1": 0.011932639210601916,
      "2": 0.010112859014930774,
      "3": 0.008127883327158454,
      "4": 0.00243656781089413
    },
    "ece_post": {
      "0": 0.0017572943934376323,
      "1": 0.0005899362820621603,
      "2": 0.0014184285902652583,
      "3": 0.0002509150122239893,
      "4": 2.617816407213155e-05
    }
  },
  "rf_5class_cw": {
    "task": "5class",
    "strategies": {
      "0": "isotonic",
      "1": "isotonic",
      "2": "isotonic",
      "3": "isotonic",
      "4": "platt"
    },
    "brier_pre": {
      "0": 0.0014818265624007123,
      "1": 0.0007914631796308555,
      "2": 0.00040042058698807524,
      "3": 0.0002998816101948079,
      "4": 4.303371909915765e-05
    },
    "brier_post": {
      "0": 0.0014141000633534865,
      "1": 0.0007070298491169988,
      "2": 0.0003494558142091012,
      "3": 0.0003311773631707285,
      "4": 0.00017486307770333604
    },
    "ece_pre": {
      "0": 0.001612381630505076,
      "1": 0.0013425959853833643,
      "2": 0.0004541566859945598,
      "3": 0.00039910475950805655,
      "4": 8.473517134501464e-05
    },
    "ece_post": {
      "0": 0.0006857907888068838,
      "1": 0.00029746047456959905,
      "2": 0.00022727098284773087,
      "3": 0.0002193485649999648,
      "4": 1.6804264211776193e-05
    }
  },
  "xgb_5class_cw": {
    "task": "5class",
    "strategies": {
      "0": "isotonic",
      "1": "isotonic",
      "2": "isotonic",
      "3": "isotonic",
      "4": "platt"
    },
    "brier_pre": {
      "0": 0.0008869166400822701,
      "1": 0.0003634669263638132,
      "2": 0.00029927546580517947,
      "3": 0.0002567999700252821,
      "4": 1.6563547737120993e-05
    },
    "brier_post": {
      "0": 0.0008409151370664668,
      "1": 0.00034906296568863965,
      "2": 0.0003050833580093177,
      "3": 0.0002244725610314616,
      "4": 1.512219023716975e-05
    },
    "ece_pre": {
      "0": 0.0007920576276214143,
      "1": 0.0003349377614769995,
      "2": 0.00026575373973128434,
      "3": 0.0002717678597430471,
      "4": 3.515528715149671e-05
    },
    "ece_post": {
      "0": 0.00025996768262196915,
      "1": 0.0002738926632782757,
      "2": 0.00017614177576579063,
      "3": 0.0002627309258623487,
      "4": 1.7386245750974105e-05
    }
  },
  "dnn_5class_cw": {
    "task": "5class",
    "strategies": {
      "0": "isotonic",
      "1": "isotonic",
      "2": "isotonic",
      "3": "isotonic",
      "4": "platt"
    },
    "brier_pre": {
      "0": 0.1533380485753154,
      "1": 0.03192204074504285,
      "2": 0.013622606543273807,
      "3": 0.05773975352539322,
      "4": 0.006284997214241733
    },
    "brier_post": {
      "0": 0.04726098525417742,
      "1": 0.0216652642102989,
      "2": 0.009213912630178313,
      "3": 0.0038532043323627123,
      "4": 0.00017491621509843725
    },
    "ece_pre": {
      "0": 0.2663991494891981,
      "1": 0.058448669194413855,
      "2": 0.030730685103565195,
      "3": 0.12067333985156653,
      "4": 0.056546458101471936
    },
    "ece_post": {
      "0": 0.0017217072792630153,
      "1": 0.001660960330441045,
      "2": 0.0005287749233203443,
      "3": 0.00042263676646322524,
      "4": 2.564773221014235e-05
    }
  }
}