{
  "rf_binary_cw": {
    "task": "binary",
    "method": "dirichlet_odir",
    "success": true,
    "brier_pre": {
      "0": 0.09505922177457057,
      "1": 0.09505922177457056
    },
    "brier_post": {
      "0": 0.10344611485486199,
      "1": 0.103446114854862
    },
    "ece_pre": {
      "0": 0.10181430206233137,
      "1": 0.10181430206233132
    },
    "ece_post": {
      "0": 0.11709860709949964,
      "1": 0.1170986070994996
    }
  },
  "xgb_binary_cw": {
    "task": "binary",
    "method": "dirichlet_odir",
    "success": true,
    "brier_pre": {
      "0": 0.0966899839088684,
      "1": 0.09668998395697943
    },
    "brier_post": {
      "0": 0.10607709032426031,
      "1": 0.10607709032426031
    },
    "ece_pre": {
      "0": 0.10636648541356512,
      "1": 0.10636646194740908
    },
    "ece_post": {
      "0": 0.12079179598332099,
      "1": 0.12079179598332095
    }
  },
  "dnn_binary_cw": {
    "task": "binary",
    "method": "dirichlet_odir",
    "success": true,
    "brier_pre": {
      "0": 0.0984033582257946,
      "1": 0.09840335819541636
    },
    "brier_post": {
      "0": 0.11302493363017814,
      "1": 0.11302493363017815
    },
    "ece_pre": {
      "0": 0.10587193682193742,
      "1": 0.10587192803657969
    },
    "ece_post": {
      "0": 0.12896039868358855,
      "1": 0.1289603986835886
    }
  },
  "rf_5class_smote": {
    "task": "5class",
    "method": "dirichlet_odir",
    "success": true,
    "brier_pre": {
      "0": 0.111498087382928,
      "1": 0.050193516593624386,
      "2": 0.03481017927224194,
      "3": 0.1516650652462903,
      "4": 0.013011257943333125
    },
    "brier_post": {
      "0": 0.10413364831620438,
      "1": 0.04583178904801237,
      "2": 0.026736917976504928,
      "3": 0.14430738110747723,
      "4": 0.005332111466368056
    },
    "ece_pre": {
      "0": 0.12723529638404849,
      "1": 0.03682439665214432,
      "2": 0.04400447955746155,
      "3": 0.10295228280454816,
      "4": 0.028460226859802287
    },
    "ece_post": {
      "0": 0.11488243691477161,
      "1": 0.01148702391982306,
      "2": 0.022098557702762218,
      "3": 0.0961233797204489,
      "4": 0.007866296872607592
    }
  },
  "xgb_5class_smote": {
    "task": "5class",
    "method": "dirichlet_odir",
    "success": true,
    "brier_pre": {
      "0": 0.10682262197625964,
      "1": 0.052109590810418785,
      "2": 0.03517240345611281,
      "3": 0.15350081574170307,
      "4": 0.008630842557754054
    },
    "brier_post": {
      "0": 0.10456804625720093,
      "1": 0.04585325060352007,
      "2": 0.027271701594970086,
      "3": 0.1418914737266693,
      "4": 0.004564223924259688
    },
    "ece_pre": {
      "0": 0.12399261600462853,
      "1": 0.028169983257796315,
      "2": 0.03657416510034321,
      "3": 0.11211097240952836,
      "4": 0.012058730625588017
    },
    "ece_post": {
      "0": 0.11901569499961623,
      "1": 0.011241419767485942,
      "2": 0.020472861762816093,
      "3": 0.1039972482428734,
      "4": 0.005209510716189236
    }
  },
  "dnn_5class_smote": {
    "task": "5class",
    "method": "dirichlet_odir",
    "success": true,
    "brier_pre": {
      "0": 0.1261723060136344,
      "1": 0.06261760909052994,
      "2": 0.04827453370913668,
      "3": 0.16735951616730838,
      "4": 0.029901695163209903
    },
    "brier_post": {
      "0": 0.10942879440903328,
      "1": 0.04688997022173649,
      "2": 0.03213779514385897,
      "3": 0.14247844716177,
      "4": 0.0063731805472061745
    },
    "ece_pre": {
      "0": 0.1446941292296245,
      "1": 0.06020097577753704,
      "2": 0.052553966995582846,
      "3": 0.14085045450059247,
      "4": 0.03974381351564612
    },
    "ece_post": {
      "0": 0.12625737831191436,
      "1": 0.005431584735888222,
      "2": 0.023636295694197198,
      "3": 0.09353506736615924,
      "4": 0.010371175372820087
    }
  },
  "rf_5class_cw": {
    "task": "5class",
    "method": "dirichlet_odir",
    "success": true,
    "brier_pre": {
      "0": 0.1107337229930486,
      "1": 0.04880640712978447,
      "2": 0.033061550242769196,
      "3": 0.1471710129786103,
      "4": 0.008495185389601067
    },
    "brier_post": {
      "0": 0.10406589934606675,
      "1": 0.04622692397926993,
      "2": 0.025390699549910013,
      "3": 0.1439078608061729,
      "4": 0.0049474655563507925
    },
    "ece_pre": {
      "0": 0.12341578717143153,
      "1": 0.027546451459624963,
      "2": 0.04179883326432183,
      "3": 0.09791189266411447,
      "4": 0.01928787360037544
    },
    "ece_post": {
      "0": 0.11297692554559569,
      "1": 0.010067589650420983,
      "2": 0.017654155751165225,
      "3": 0.10581279044985462,
      "4": 0.006624219338186506
    }
  },
  "xgb_5class_cw": {
    "task": "5class",
    "method": "dirichlet_odir",
    "success": true,
    "brier_pre": {
      "0": 0.11232934334428628,
      "1": 0.05307445949359787,
      "2": 0.038971210388258966,
      "3": 0.159693600070924,
      "4": 0.011201168136388714
    },
    "brier_post": {
      "0": 0.10640074635299096,
      "1": 0.04648396223779689,
      "2": 0.025679411636026325,
      "3": 0.146378988036051,
      "4": 0.004689687647465367
    },
    "ece_pre": {
      "0": 0.12895311458071437,
      "1": 0.031167395429387828,
      "2": 0.04449226771616217,
      "3": 0.12352780710303185,
      "4": 0.01546208858748536
    },
    "ece_post": {
      "0": 0.11977267468372237,
      "1": 0.012288639300237266,
      "2": 0.016934597606252766,
      "3": 0.10833955571968021,
      "4": 0.0058210321765568085
    }
  },
  "dnn_5class_cw": {
    "task": "5class",
    "method": "dirichlet_odir",
    "success": true,
    "brier_pre": {
      "0": 0.14460700537465393,
      "1": 0.06111635220624702,
      "2": 0.04936428244073529,
      "3": 0.17259947082067176,
      "4": 0.037904647301788066
    },
    "brier_post": {
      "0": 0.11837549775668672,
      "1": 0.04643929687416541,
      "2": 0.033420176757069556,
      "3": 0.14777949594269876,
      "4": 0.006602176786789271
    },
    "ece_pre": {
      "0": 0.16147634105220077,
      "1": 0.06709337058919261,
      "2": 0.04871488702599191,
      "3": 0.13551506156271795,
      "4": 0.06440033031585651
    },
    "ece_post": {
      "0": 0.13326446060702318,
      "1": 0.004882622770965359,
      "2": 0.021404564920024086,
      "3": 0.10030536925452654,
      "4": 0.01151029749487119
    }
  }
}