{
  "rf_binary_cw": {
    "task": "binary",
    "method": "dirichlet_odir",
    "success": true,
    "brier_pre": {
      "0": 0.0014102532492766093,
      "1": 0.0014102532492766095
    },
    "brier_post": {
      "0": 0.0014610988703311193,
      "1": 0.0014610988703311193
    },
    "ece_pre": {
      "0": 0.0015802605707081236,
      "1": 0.001589336045796148
    },
    "ece_post": {
      "0": 0.0020853530688979757,
      "1": 0.002085353068897946
    }
  },
  "xgb_binary_cw": {
    "task": "binary",
    "method": "dirichlet_odir",
    "success": true,
    "brier_pre": {
      "0": 0.0009032996167294822,
      "1": 0.0009032996095202988
    },
    "brier_post": {
      "0": 0.0008825812585197438,
      "1": 0.0008825812585197438
    },
    "ece_pre": {
      "0": 0.0007216259367671829,
      "1": 0.000721624433439048
    },
    "ece_post": {
      "0": 0.0006802437588107277,
      "1": 0.0006802437588106291
    }
  },
  "dnn_binary_cw": {
    "task": "binary",
    "method": "dirichlet_odir",
    "success": true,
    "brier_pre": {
      "0": 0.020806845143231334,
      "1": 0.02080684510995936
    },
    "brier_post": {
      "0": 0.01721998896169502,
      "1": 0.01721998896169502
    },
    "ece_pre": {
      "0": 0.019849558038623552,
      "1": 0.019849567820746396
    },
    "ece_post": {
      "0": 0.007049520814381965,
      "1": 0.007049520814382025
    }
  },
  "rf_5class_smote": {
    "task": "5class",
    "method": "dirichlet_odir",
    "success": true,
    "brier_pre": {
      "0": 0.001553894102017329,
      "1": 0.0007759387286768663,
      "2": 0.00037981422125214396,
      "3": 0.0003997888301876453,
      "4": 3.498025174353224e-05
    },
    "brier_post": {
      "0": 0.001707805783785551,
      "1": 0.0007303259788972794,
      "2": 0.0004678391559661385,
      "3": 0.0003937843930560603,
      "4": 0.0001294033586958837
    },
    "ece_pre": {
      "0": 0.0029406929345688806,
      "1": 0.0015173456532153254,
      "2": 0.0005345148618711499,
      "3": 0.001198822824974631,
      "4": 7.660841871038134e-05
    },
    "ece_post": {
      "0": 0.0019109606158280346,
      "1": 0.001193943388651915,
      "2": 0.000740807652057269,
      "3": 0.0005607959785299826,
      "4": 0.00032444401446790215
    }
  },
  "xgb_5class_smote": {
    "task": "5class",
    "method": "dirichlet_odir",
    "success": true,
    "brier_pre": {
      "0": 0.0010768288966824453,
      "1": 0.000503692632235936,
      "2": 0.0002972384213730944,
      "3": 0.0003001587007002392,
      "4": 2.5543025453976013e-05
    },
    "brier_post": {
      "0": 0.001002213286554241,
      "1": 0.00043821683228060496,
      "2": 0.00032364484259538723,
      "3": 0.00025330629045407173,
      "4": 8.662568345842168e-05
    },
    "ece_pre": {
      "0": 0.0010411966835953256,
      "1": 0.0004984369194510578,
      "2": 0.0002450146015498449,
      "3": 0.0003144694768183763,
      "4": 2.6048195530686828e-05
    },
    "ece_post": {
      "0": 0.00037538298389121563,
      "1": 0.0002412180148644582,
      "2": 0.0003951190241129384,
      "3": 0.0001570237807920238,
      "4": 0.00022449189213006248
    }
  },
  "dnn_5class_smote": {
    "task": "5class",
    "method": "dirichlet_odir",
    "success": true,
    "brier_pre": {
      "0": 0.028544296022042986,
      "1": 0.010807441546959074,
      "2": 0.010448620493633577,
      "3": 0.005755217126649862,
      "4": 0.000661686415462515
    },
    "brier_post": {
      "0": 0.015063410835111809,
      "1": 0.006727655562586619,
      "2": 0.007525999695877096,
      "3": 0.0006694969601981261,
      "4": 0.0001831507834726322
    },
    "ece_pre": {
      "0": 0.03259636109020822,
      "1": 0.011932639210601916,
      "2": 0.010112859014930774,
      "3": 0.008127883327158454,
      "4": 0.00243656781089413
    },
    "ece_post": {
      "0": 0.008871602526573931,
      "1": 0.005046402972299992,
      "2": 0.0035957956671337594,
      "3": 0.0010903646866076216,
      "4": 0.00028376876304590733
    }
  },
  "rf_5class_cw": {
    "task": "5class",
    "method": "dirichlet_odir",
    "success": true,
    "brier_pre": {
      "0": 0.0014818265624007123,
      "1": 0.0007914631796308555,
      "2": 0.00040042058698807524,
      "3": 0.0002998816101948079,
      "4": 4.303371909915765e-05
    },
    "brier_post": {
      "0": 0.001618125220559909,
      "1": 0.0007693855336029802,
      "2": 0.00042682537694090094,
      "3": 0.00033035897801083535,
      "4": 0.0001569007983151518
    },
    "ece_pre": {
      "0": 0.001612381630505076,
      "1": 0.0013425959853833643,
      "2": 0.0004541566859945598,
      "3": 0.00039910475950805655,
      "4": 8.473517134501464e-05
    },
    "ece_post": {
      "0": 0.0022224124871497897,
      "1": 0.0012759574991378039,
      "2": 0.0006105928658535631,
      "3": 0.000609888836314472,
      "4": 0.00020307963338232535
    }
  },
  "xgb_5class_cw": {
    "task": "5class",
    "method": "dirichlet_odir",
    "success": true,
    "brier_pre": {
      "0": 0.0008869166400822701,
      "1": 0.0003634669263638132,
      "2": 0.00029927546580517947,
      "3": 0.0002567999700252821,
      "4": 1.6563547737120993e-05
    },
    "brier_post": {
      "0": 0.0008451918162005736,
      "1": 0.00034504914479700256,
      "2": 0.0003117054645990669,
      "3": 0.00019540560459540025,
      "4": 0.00010163920169632673
    },
    "ece_pre": {
      "0": 0.0007920576276214143,
      "1": 0.0003349377614769995,
      "2": 0.00026575373973128434,
      "3": 0.0002717678597430471,
      "4": 3.515528715149671e-05
    },
    "ece_post": {
      "0": 0.0003987948930596647,
      "1": 0.00018829829862737561,
      "2": 0.00037243676782853044,
      "3": 0.00012219849639963002,
      "4": 0.0002479169300700223
    }
  },
  "dnn_5class_cw": {
    "task": "5class",
    "method": "dirichlet_odir",
    "success": true,
    "brier_pre": {
      "0": 0.1533380485753154,
      "1": 0.03192204074504285,
      "2": 0.013622606543273807,
      "3": 0.05773975352539322,
      "4": 0.006284997214241733
    },
    "brier_post": {
      "0": 0.03830310869483981,
      "1": 0.023701145397528992,
      "2": 0.009696144307875625,
      "3": 0.004821297252517763,
      "4": 0.00017752557500292921
    },
    "ece_pre": {
      "0": 0.2663991494891981,
      "1": 0.058448669194413855,
      "2": 0.030730685103565195,
      "3": 0.12067333985156653,
      "4": 0.056546458101471936
    },
    "ece_post": {
      "0": 0.010056662019282993,
      "1": 0.008537216585814146,
      "2": 0.0037432985337436087,
      "3": 0.004562499986373409,
      "4": 0.0006822993722268543
    }
  }
}